record_id,source,narrative,primary_lsr,secondary_lsr,all_lsrs,label_count,lsr_label_provenance
OILPS_OSHA_01060,OSHA,"An employee was rigging some 2-inch manifold piping near a well head when some of the piping tipped and struck the employee's lower left leg, causing a compound fracture.",Energy Isolation,Safe Mechanical Lifting,Energy Isolation; Safe Mechanical Lifting,2,PROJECT_ANNOTATED_AI_ASSISTED
OILPS_OSHA_02353,OSHA,"An employee was hoisting a propane tank when the chain rigging caught the employee's hand, resulting in an index finger amputation.",Safe Mechanical Lifting,,Safe Mechanical Lifting,1,PROJECT_ANNOTATED_AI_ASSISTED
OILPS_IOGP_SPI_0069,IOGP_SPI,"Frozen 2” line valve broke releasing 134 bbl oil and 6 bbl water; partial recovery completed.
50
Safety performance indicators – Process safety events – 2025 data
===PAGE_51===",None,,None,0,SOURCE_GROUNDED
OILPS_IOGP_SPI_0066,IOGP_SPI,Malfunctioning dump valve caused skim tank carryover spilling 30.43 bbl oil; area to be remediated.,None,,None,0,SOURCE_GROUNDED
OILPS_OSHA_01826,OSHA,"An employee was offloading hydrochloric acid (15% concentration) when the employee was sprayed in the face, suffering acid burns to the face and eyes.",Toxic Gas / Hazardous Substance,,Toxic Gas / Hazardous Substance,1,PROJECT_ANNOTATED_AI_ASSISTED
OILPS_OSHA_00982,OSHA,"While loading water from a pipeline into a trailer, an employee was struck by a pipeline pig that ejected out of the pipeline. The employee suffered a broken ankle and leg.",Line of Fire,,Line of Fire,1,PROJECT_ANNOTATED_AI_ASSISTED
OILPS_OSHA_03590,OSHA,"On November 29, 2023, a digger derrick truck pulled an existing utility pole vertically out of the ground. After maneuvering the pole around an obstruction, the base of the pole was lowered. The operator of the digger derrick then released the pole tongs on top of the pole to begin lowering the pole to the ground using the winch line. As the pole approached the position where the chain would be readjusted to a center balance position, the pole kicked out at the base, striking an employee's right leg. The employee was hospitalized with fractures to their tibia and fibula.",Safe Mechanical Lifting,Working at Height,Safe Mechanical Lifting; Working at Height; Driving,3,PROJECT_ANNOTATED_AI_ASSISTED
OILPS_OSHA_02443,OSHA,"An employee fell from a rolling ladder while operating a valve, landing on a concrete surface about 4 feet below. The employee suffered a broken left femur and a dislocated right elbow and was hospitalized, undergoing surgery.",Working at Height,,Working at Height,1,PROJECT_ANNOTATED_AI_ASSISTED
OILPS_OSHA_03014,OSHA,"An employee was pressure washing pipes when the fitting on the spray wand broke and the hot water contacted the employee, resulting in burns to his stomach and thighs.",Energy Isolation,,Energy Isolation,1,PROJECT_ANNOTATED_AI_ASSISTED
OILPS_IOGP_SPI_0015,IOGP_SPI,"During subsea flushing activities on flowline, an estimated volume ranging between 1.58 - 16.15m³ of liquid 
hydrocarbon was discharged to the marine environment. This resulted in an intermittent surface sheen on the 
ocean with an area of ~2x2km.",None,,None,0,SOURCE_GROUNDED
OILPS_OSHA_03671,OSHA,An employee was lowering elevators while trying to couple a joint of tubing coming from a well. The employee's right hand was caught in a pinch point resulting in amputation of the ring fingertip.,Line of Fire,,Line of Fire,1,PROJECT_ANNOTATED_AI_ASSISTED
OILPS_IOGP_SPI_0182,IOGP_SPI,"A significant release of flammable gas occurred in a subsea production system when the small-diameter pipe 
responsible for chemical injection instrumentation failed completely. The incident went initially unnoticed by 
automatic safety systems. The escape of gas was eventually discovered during scheduled activities using remotely 
operated equipment for another purpose. The event resulted in a discharge of a large volume of gas into the sea; no 
injuries or direct material impact were reported.",None,,None,0,SOURCE_GROUNDED
OILPS_OSHA_00399,OSHA,"An employee was making welding repairs to one of the pad eyes on a 30 inch Blow Out Preventer (BOP). The task required the employee to place the BOP on a table positioner. While welding the 14,000 lbs. piece, it fell from the table crushing the employee's left foot.",Working at Height,Hot Work,Working at Height; Hot Work,2,PROJECT_ANNOTATED_AI_ASSISTED
OILPS_IOGP_HPE_0085,IOGP_HPE,"While performing orifice change on a choke valve, the choke bean was ejected toward the operator´s position.",None,,None,0,SOURCE_GROUNDED
OILPS_OSHA_01666,OSHA,An employee was working in an area with an open-ended line when hot steam/water splashed on his back.,None,,None,0,PROJECT_ANNOTATED_AI_ASSISTED
OILPS_OSHA_01177,OSHA,An employee suffered an electric shock and/or burns on the hands and fingers while installing distribution lines.,None,,None,0,PROJECT_ANNOTATED_AI_ASSISTED
OILPS_OSHA_02635,OSHA,"An employee was working at a treatment facility construction site. A flatbed had transported a single platform about 1 mile to the site. The platform was strapped onto the flatbed and had wood blocks to keep it from moving. During the transport, one of the pieces of wood vibrated out of position. When the employee released the ratcheted straps, the tubular steel frame platform toppled over and off the flatbed. The platform struck and broke his left leg. He was hospitalized and had surgery.",Safe Mechanical Lifting,,Safe Mechanical Lifting,1,PROJECT_ANNOTATED_AI_ASSISTED
OILPS_OSHA_02519,OSHA,An employee assisting in hydro-excavation operations sustained injuries to the left foot from a pressure washer being operated by another employee. The injured employee sustained lacerations on the left foot a few inches above the ankle and between the little toe and the fourth toe.,Energy Isolation,,Energy Isolation,1,PROJECT_ANNOTATED_AI_ASSISTED
OILPS_IOGP_FATAL_0010,IOGP_FATAL,Fatal fire following premature restart during PSV maintenance.,None,,None,0,SOURCE_GROUNDED
OILPS_OSHA_00499,OSHA,"An employee was using a pry bar to guide the base of a jib crane over the bolts in the floor. The base was suspended by straps attached to a forklift. The base slipped in the straps and pinned the employee's right hand between the pry bar and the floor, breaking his right index finger and requiring hospitalization.",Energy Isolation,Safe Mechanical Lifting,Energy Isolation; Safe Mechanical Lifting,2,PROJECT_ANNOTATED_AI_ASSISTED
OILPS_OSHA_02123,OSHA,An employee had been operating a pumping unit at a salt water disposal facility when a fire/explosion occurred. The employee sustained third degree burns to 60 percent of his body.,Hot Work,,Hot Work,1,PROJECT_ANNOTATED_AI_ASSISTED
OILPS_OSHA_01941,OSHA,"A foreman and his crew were about to take a section of a crane hook and move it into position. The foreman stopped work, noticing something wrong, and the pipe shifted and struck his hands while they were on the handrail. He suffered amputation injuries to his left ring and little fingers.",Safe Mechanical Lifting,,Safe Mechanical Lifting,1,PROJECT_ANNOTATED_AI_ASSISTED
OILPS_OSHA_02050,OSHA,An employee was about to flip a breaker when he suffered a burn to his right hand.,Energy Isolation,,Energy Isolation,1,PROJECT_ANNOTATED_AI_ASSISTED
OILPS_OSHA_03501,OSHA,An employee was loading a railcar when a flash fire occurred. The employee sustained first- and second-degree burns to the left side of the body.,Hot Work,,Hot Work,1,PROJECT_ANNOTATED_AI_ASSISTED
OILPS_OSHA_04155,OSHA,An employee was performing winching operations on a flatbed when their left hand was pinched between a winch hook and a nylon bridle resulting in the amputation of his left index finger.,Safe Mechanical Lifting,,Safe Mechanical Lifting,1,PROJECT_ANNOTATED_AI_ASSISTED
OILPS_IOGP_SPI_0057,IOGP_SPI,"Based on witness statements and post incident evidence. On 5/9/2025, at approximately 12:30 hours, a gas leak 
occurred on the gas filter separator located at the Compressor Station. A vapor cloud formed until it contacted an 
unknown ignition source. The vapor cloud “exploded” and caused a fire which damaged the adjacent glycol reboiler 
along with other equipment.",None,,None,0,SOURCE_GROUNDED
OILPS_OSHA_03398,OSHA,"An employee was standing on the rig, spooling the line, when the tubing line got caught around both ankles. The unit engaged and he sustained a left ankle fracture and right ankle sprain.",None,,None,0,PROJECT_ANNOTATED_AI_ASSISTED
OILPS_IOGP_SPI_0004,IOGP_SPI,"On February 28, 2025, around 9:00am field Operators, upon arrival at the field, spotted a gas leak bubbling a 
few meters from the well jackets. No oil sheen noticed, only gas bubbles. Later we found out to be related to a 
temporary abandoned well.",None,,None,0,SOURCE_GROUNDED
OILPS_IOGP_HPE_0031,IOGP_HPE,"During platform crane lifting operations to land a container on the main deck North landing, the IP sustained 
a crush/impact injury to shoulder/ribs. The crane and container were made safe and the individual treated by 
platform advanced first aider followed by coastguard medevac for further assessment.",None,,None,0,SOURCE_GROUNDED
OILPS_OSHA_02648,OSHA,An employee was operating a forklift at a well site and was hospitalized for heat stress.,Safe Mechanical Lifting,,Safe Mechanical Lifting,1,PROJECT_ANNOTATED_AI_ASSISTED
OILPS_OSHA_00049,OSHA,"An employee was on the stabbing board to hang the tong line. He unhooked the derrick climber from his harness and when he let go of it he was hit in the mouth, lost his footing, and fell even though his lanyard was attached. His face hit the standpipe of the derrick and the 3 foot fall injured his back.",Line of Fire,Working at Height,Line of Fire; Working at Height,2,PROJECT_ANNOTATED_AI_ASSISTED
OILPS_OSHA_00436,OSHA,On 11/22/2015 at 11:50 a.m. an employee was isolating the gas line to identify the point of a suspected ice plug. He walked over to the meter when the hammer union on a two inch gas line disconnected and the pipe struck his leg injuring the tibia and fibula.,None,,None,0,PROJECT_ANNOTATED_AI_ASSISTED
OILPS_IOGP_HPE_0058,IOGP_HPE,"An 800-ton crawler crane and a 280-ton crawler crane had concluded lifting operations and were idle. A civil crew 
requested the 800-ton crane operator to reposition the hook so they could avoid working under it. While slewing, the 
boom tip section of the 800-ton crawler crane contacted the wire rope of the stationary 280-ton crawler crane. The 
crane was operating within a barricaded area. No visible damage was found on both crawler cranes, and there were 
no injuries",None,,None,0,SOURCE_GROUNDED
OILPS_OSHA_01097,OSHA,"While rigging down after working for 12 hours, an employee began feeling weak and displaying signs of heat exhaustion. The employee was hospitalized.",Safe Mechanical Lifting,,Safe Mechanical Lifting,1,PROJECT_ANNOTATED_AI_ASSISTED
OILPS_OSHA_03150,OSHA,"On the morning of July 21, 2022, two employees were at a stacked rig, removing 4-inch high-pressure piping. They began to break the nuts loose on the saddle clamp bolts under the valve tree. As they were breaking loose the last nut, the piping suddenly rotated in the saddle clamp and the transducer valve tree (about 4 feet tall, weighing 250 pounds) pivoted 90 degrees toward the ground and landed on one of the employees. The hammer union ears at the top of the valve tree struck him in the middle of the shoulder and back, causing contusions.",Energy Isolation,,Energy Isolation,1,PROJECT_ANNOTATED_AI_ASSISTED
OILPS_OSHA_02138,OSHA,Two employees were welding pipe when the 9x9 steel welding hut blew over due to a microburst. One employee was hospitalized for a fractured leg and hip.,Hot Work,,Hot Work,1,PROJECT_ANNOTATED_AI_ASSISTED
OILPS_OSHA_02688,OSHA,"A hoist was being used to move a 700 lbs. object. While holding a chain to help direct the object, an employee tripped and was struck by the object. The employee suffered a head/scalp injury, an injury to the left hand, and a left pinky finger injury. The employee required surgery for all injuries.",Line of Fire,Safe Mechanical Lifting,Line of Fire; Safe Mechanical Lifting,2,PROJECT_ANNOTATED_AI_ASSISTED
OILPS_IOGP_SPI_0159,IOGP_SPI,"The worker, holding the position of Plant Specialist Operator, was splashed with hot liquid (amine). He was 
transported via regular flight to the hospital for evaluation by a specialist. His health condition is stable, and one day 
of medical leave was issued.",None,,None,0,SOURCE_GROUNDED
OILPS_OSHA_02622,OSHA,An employee was taking pressure readings on a hull when his right foot fell into the hull opening where grating had been removed. The employee was hospitalized with broken ribs and torn tissue in his knee.,Energy Isolation,,Energy Isolation,1,PROJECT_ANNOTATED_AI_ASSISTED
OILPS_OSHA_00824,OSHA,An employee was tripping out rods on a servicing rig when his hand was caught above the rod transfer case near the swivel. His right arm was then caught and fractured on the rod transfer.,None,,None,0,PROJECT_ANNOTATED_AI_ASSISTED
OILPS_OSHA_03082,OSHA,An employee was moving a welding machine when it tipped over and crushed the fingers on his right hand. Part of a finger was medically amputated.,Hot Work,,Hot Work,1,PROJECT_ANNOTATED_AI_ASSISTED
OILPS_IOGP_SPI_0202,IOGP_SPI,"A flash fire occurred during the demolition of internal components in the first-stage knockout drum (module C2) at 
the facility.
136
Safety performance indicators – Process safety events – 2025 data
===PAGE_137===",None,,None,0,SOURCE_GROUNDED
OILPS_IOGP_SPI_0121,IOGP_SPI,"Pipeline Lease Automatic Custody Transfer (LACT) unit leak from nipple under flow meter spilled 33 bbl. on pad; 30 
bbl. recovered.",None,,None,0,SOURCE_GROUNDED
OILPS_OSHA_02763,OSHA,"An employee was dumping a mini dumpster, mounted on a forklift, into a large trash container. When the mini dumpster tipped, the employee's finger was caught between it and the forklift's forks. The employee's fingertip was amputated.",Safe Mechanical Lifting,,Safe Mechanical Lifting,1,PROJECT_ANNOTATED_AI_ASSISTED
OILPS_IOGP_SPI_0074,IOGP_SPI,Comms failure at tank battery caused 110 bbl PO release from water tank thief hatch; all product recovered.,None,,None,0,SOURCE_GROUNDED
OILPS_IOGP_SPI_0081,IOGP_SPI,Corrosion pinhole caused spill of 68.13 bbl oil and 158.97 bbl water; remediation to follow.,None,,None,0,SOURCE_GROUNDED
OILPS_OSHA_01659,OSHA,"An employee was operating a blender. Noticing that a booster pump was running, he began walking toward it to turn it off. The booster pump deadheaded, causing pressure and steam to build up in the line, and as the employee approached an 8-inch suction hose broke loose from the pump and struck him in the lower left leg. He suffered a compound fracture to the left leg and second-degree steam burns to the torso.",Energy Isolation,,Energy Isolation,1,PROJECT_ANNOTATED_AI_ASSISTED
OILPS_IOGP_SPI_0155,IOGP_SPI,"A fire incident occurred at the Central Tank Battery (CTB), with preliminary assessments indicating that the origin 
point was Lease Automatic Custody Transfer (LACT) unit Pump B. The ignition source remains undetermined at 
this time. The fire resulted in extensive damage to The LACT system, adjacent storage tanks, and MCC building. The 
estimated product involved with the incident is approximately 182 barrels of crude oil.",None,,None,0,SOURCE_GROUNDED
OILPS_IOGP_SPI_0027,IOGP_SPI,"Gas Lift Line had a major leak due to external corrosion - MGI Header also had a minor leak as a result of being 
impacted from the leak of the Gas Lift Line.",None,,None,0,SOURCE_GROUNDED
OILPS_OSHA_00018,OSHA,"Employee slipped on ice and broke femur while working on well site in the vicinity of the Anderson 1-4-H location near Williston, North Dakota.",None,,None,0,PROJECT_ANNOTATED_AI_ASSISTED
OILPS_IOGP_HPE_0082,IOGP_HPE,"A dropped object incident occurred while lowering an overdrive with the casing joint held stationary in the elevator. 
The mud saver (component of overdrive) contacted top of the liner joint in the rotary, causing failure at the 
connection to the mandrel. The mud saver (~40 kg) fell ~14 meters to the rig floor.
Two personnel were in the red zone at the time (required for the task).",None,,None,0,SOURCE_GROUNDED
OILPS_OSHA_02965,OSHA,An employee was replacing a drill rig's transfer case. The case shifted and amputated the tip of the employee's right index finger.,None,,None,0,PROJECT_ANNOTATED_AI_ASSISTED
OILPS_IOGP_SPI_0082,IOGP_SPI,Failed gasket on 8” flange caused 145 bbl oil spill; majority recovered; no water impacted.,None,,None,0,SOURCE_GROUNDED
OILPS_OSHA_04052,OSHA,"An employee was using a motorized saw to cut the top off a test barrel. His left glove got caught and pulled into the saw, resulting in amputation of the index fingertip. The employee was hospitalized.",None,,None,0,PROJECT_ANNOTATED_AI_ASSISTED
OILPS_OSHA_02744,OSHA,"On February 17, 2021, an employee was completing rounds through a natural gas planet when he slipped and fell on an ice spot. He was hospitalized, having suffered a broken left hip.",None,,None,0,PROJECT_ANNOTATED_AI_ASSISTED
OILPS_IOGP_HPE_0019,IOGP_HPE,"A crew member stepped out of a cherry picker while connecting a hydraulic hose to the Annular BOP, lost balance, 
and fell onto the cellar-pit grating. Subsequent hospital evaluation confirmed a left zygomatic bone fracture.",None,,None,0,SOURCE_GROUNDED
OILPS_IOGP_HPE_0020,IOGP_HPE,"2-7/8"" tubing was released from the lifting cap and hit the back of the right shoulder.",None,,None,0,SOURCE_GROUNDED
OILPS_OSHA_00868,OSHA,"An employee was waiting inside of his vehicle for the pipe to pull through and heard the equipment make an erratic sound. The employee stepped out of his vehicle to check on the pulling equipment. As he approached the cable pulling equipment, the cable released from its guide/pulley and whipped back and forth striking the employee and breaking an arm.",Driving,,Driving,1,PROJECT_ANNOTATED_AI_ASSISTED
OILPS_OSHA_04162,OSHA,An employee was preparing an oven for charging and cracked the seal of the jump lid to release pressure. Flames unexpectedly released from the oven and burned the employee's right ring and little fingers. The employee sustained second-degree burns.,Energy Isolation,,Energy Isolation,1,PROJECT_ANNOTATED_AI_ASSISTED
OILPS_OSHA_03091,OSHA,"An employee was lifting a 100-pound exhaust manifold off an engine using a service truck crane. While he was maneuvering the manifold toward the bed of his truck, it struck his left index finger and caught it against a pressure relief valve. He suffered a laceration and fracture to the finger and was hospitalized.",Energy Isolation,Safe Mechanical Lifting,Energy Isolation; Safe Mechanical Lifting; Driving,3,PROJECT_ANNOTATED_AI_ASSISTED
OILPS_OSHA_02967,OSHA,An employee tripped and twisted his ankle while stepping down from a machine. He suffered a displaced fracture to the right fibula and a sprained ligament in the right ankle.,None,,None,0,PROJECT_ANNOTATED_AI_ASSISTED
OILPS_OSHA_03038,OSHA,"An employee was walking toward a pump on which he was installing a new suction manifold. He tripped over the old manifold, lying on the ground, and fell. He suffered a compound fracture to the left forearm and was hospitalized.",Energy Isolation,,Energy Isolation,1,PROJECT_ANNOTATED_AI_ASSISTED
OILPS_OSHA_01559,OSHA,"An employee finished rigging and was walking in an area where a crew was loading an exchanger bundle on a trailer when the load shifted, pinning the employee between the active load and an adjacent stationary load. The employee suffered a fractured left femur and pelvis.",Safe Mechanical Lifting,,Safe Mechanical Lifting,1,PROJECT_ANNOTATED_AI_ASSISTED
OILPS_OSHA_00994,OSHA,"While climbing a ladder to an acid gas/ammonia gas drum platform, an employee missed the second rung from the top of the ladder and fell approximately 7 feet. The employee suffered a fractured hip and lacerated elbow.",Working at Height,Toxic Gas / Hazardous Substance,Working at Height; Toxic Gas / Hazardous Substance,2,PROJECT_ANNOTATED_AI_ASSISTED
OILPS_IOGP_HPE_0080,IOGP_HPE,"Following heavy rainfall, landslide occurred in the area behind the ten wagon-type cabins (accommodation, canteen, 
washing, changing, and rest facilities) located at the oil well site. A ground instability and multiple surface cracks 
were identified in the surrounding area.
Personnel were immediately informed of the hazardous ground conditions and instructed to remain vigilant and 
exercise caution.
As a preventive control measure, the wagon-type units were relocated to a safer area to eliminate the risk of impact 
from further ground movement.",None,,None,0,SOURCE_GROUNDED
OILPS_OSHA_03968,OSHA,An employee was working on the motor of a reclaimer that recycles drilling fluid when they received an electrical shock and burns.,None,,None,0,PROJECT_ANNOTATED_AI_ASSISTED
OILPS_IOGP_FATAL_0191,IOGP_FATAL,Worker died due to (allegedly) being hit by a surface test line while carrying out well surveillance work.,None,,None,0,SOURCE_GROUNDED
OILPS_OSHA_01181,OSHA,"An employee was attempting to replace a gasket in a valve on a separator trailer when he fell and struck a tire rim that was on the ground, breaking ribs and suffering spleen damage.",Confined Space,,Confined Space,1,PROJECT_ANNOTATED_AI_ASSISTED
OILPS_OSHA_03624,OSHA,"An employee was moving a piece of an I-beam for welding when it rolled off the cribbing. The employee went to catch it when it fell and crushed the employee's finger, resulting in a partial amputation.",Hot Work,,Hot Work,1,PROJECT_ANNOTATED_AI_ASSISTED
OILPS_OSHA_00502,OSHA,"An employee was helping an aerial access driver load multiple mobile light plants that were off-rent onto an aerial access trailer. The employee was bent down in a squat position, attempting to adjust the tongue of a mobile light tower, when the aerial access driver put his back against the rear light plant and shoved it forward. The employee's index finger was caught between the transport trailer deck and tongue of the mobile light tower, amputating the left index fingertip.",Driving,,Driving,1,PROJECT_ANNOTATED_AI_ASSISTED
OILPS_OSHA_03148,OSHA,"An employee was stepping from a ladder to an elevated work platform, when they slipped and fell 22 feet to the ground. The employee sustained a fractured right leg that required hospitalization.",Working at Height,,Working at Height,1,PROJECT_ANNOTATED_AI_ASSISTED
OILPS_OSHA_03413,OSHA,"On May 4, 2023, an employee was cutting a catwalk platform with a torch. When the pressure released, the platform fell back toward the employee and knocked him off his feet. The platform then landed on his leg, resulting in a fracture.",Energy Isolation,Hot Work,Energy Isolation; Hot Work,2,PROJECT_ANNOTATED_AI_ASSISTED
OILPS_OSHA_00556,OSHA,An employee was repairing a flow pipe when he tripped and fell backward with the flow pipe on his body. He fractured his left ankle.,None,,None,0,PROJECT_ANNOTATED_AI_ASSISTED
OILPS_OSHA_02102,OSHA,"An employee was tightening the packing bolts on a beam pumping unit in the oil field by using an air impact wrench when the head of the unit, while in a down stroke, came in contact with the impact wrench forcing it downward and mashing the tool against the left index finger. The employee sustained a partial amputation of the left index fingertip.",None,,None,0,PROJECT_ANNOTATED_AI_ASSISTED
OILPS_IOGP_SPI_0043,IOGP_SPI,"An uncontrolled release to surface occurred at a thermal well pad, and incident management resources were 
activated to support response and stabilization. The investigation is ongoing.",None,,None,0,SOURCE_GROUNDED
OILPS_OSHA_01500,OSHA,An employee slipped and fell on ice in the parking lot. He injured his knee and required surgery.,None,,None,0,PROJECT_ANNOTATED_AI_ASSISTED
OILPS_OSHA_03723,OSHA,"An employee was performing abrasive blasting on two six-inch pipes. While rolling the pipe in the kneeling position, the blast nozzle engaged. They sustained an abrasion of the right inner thigh from the abrasive blasting media contacting them at 95 PSI.",Energy Isolation,,Energy Isolation,1,PROJECT_ANNOTATED_AI_ASSISTED
OILPS_OSHA_02286,OSHA,"Employees were moving a pipeline inspection tool barrel. The injured employee was pulling on the rigging in order to allow a forklift to move the barrel through an open door. As the barrel was coming through the door, the rigging slipped off the fork and the barrel landed on the employee's foot. The employee's two left toes adjacent to his big toe were amputated.",Safe Mechanical Lifting,,Safe Mechanical Lifting,1,PROJECT_ANNOTATED_AI_ASSISTED
OILPS_OSHA_01229,OSHA,"An employee fell while installing safety clamps. During the fall, the employee's left pinky finger was caught and partially amputated between a safety clamp and a pipe.",None,,None,0,PROJECT_ANNOTATED_AI_ASSISTED
OILPS_OSHA_00637,OSHA,"On or about 7/6/16, at 17:45 hours, an employee had been working outside at several oilfield locations in high heat conditions when he began feeling ill and collapsed. He was hospitalized for heat exhaustion.",None,,None,0,PROJECT_ANNOTATED_AI_ASSISTED
OILPS_OSHA_02385,OSHA,"An employee was exiting a truck when he lost his footing while descending the cab stairs. He fell to the ground and injured his left elbow, requiring hospitalization.",Driving,,Driving,1,PROJECT_ANNOTATED_AI_ASSISTED
OILPS_OSHA_03152,OSHA,An employee was working on the rig floor when they began to experience dizziness and cramping in their legs and arms due to dehydration and heat stress. The employee was hospitalized.,None,,None,0,PROJECT_ANNOTATED_AI_ASSISTED
OILPS_OSHA_03753,OSHA,"An employee was installing a safety cable on a flowline during a drilling operation. A forklift operator manipulated the boom to allow some slack in the strap to set the flowline box in the flowline trough. The employee had his hands on the strap to manipulate the box and set it down in the flowline trough. His left foot was forward while attempting to gain leverage when the flowline box shifted and struck his left foot and ankle area, resulting in a laceration to the top of his foot requiring hospitalization.",Energy Isolation,Safe Mechanical Lifting,Energy Isolation; Safe Mechanical Lifting,2,PROJECT_ANNOTATED_AI_ASSISTED
OILPS_OSHA_00919,OSHA,An employee was transferring product from a top tote tank to the bottom tote tank when the leg of the top tote tank shifted causing the top tote tank to pinch the employee's right thumb between the top tote tank and the bottom tote tank spark arrestor. The employee suffered a partial amputation to his right thumb.,Hot Work,,Hot Work,1,PROJECT_ANNOTATED_AI_ASSISTED
OILPS_OSHA_01741,OSHA,"An employee was standing on the ground observing pole line construction when he began showing signs of heat exhaustion, requiring hospitalization.",None,,None,0,PROJECT_ANNOTATED_AI_ASSISTED
OILPS_OSHA_01267,OSHA,"Two employees were moving 40-foot long pipes (30 inches in diameter and weighing over 1,000 lbs.) on an elevated pipe rack into the pipe coating facility. While moving the last pipe, one employee's right hand was caught between a stationary pipe and the moving pipe, partially amputating his right ring fingertip and avulsing his right long fingernail with a nailbed laceration. He was hospitalized overnight.",None,,None,0,PROJECT_ANNOTATED_AI_ASSISTED
OILPS_OSHA_01341,OSHA,"An employee was using an air hose to blow air through a waterline to a well when the hose came loose from the strap that secured it to the water pump. The end of the hose struck the employee's left shoulder area, fracturing his collarbone.",None,,None,0,PROJECT_ANNOTATED_AI_ASSISTED
OILPS_OSHA_03850,OSHA,An employee was shocked while checking a breaker with a meter. The employee sustained a burn to their left middle finger.,Energy Isolation,,Energy Isolation,1,PROJECT_ANNOTATED_AI_ASSISTED
OILPS_OSHA_01036,OSHA,"On June 5, 2017, an employee was rebuilding a bench cylinder when pressure began building in the cylinder and released. The cylinder then struck the employee in the abdomen and pushed the employee into a locker. The employee suffered internal bleeding and crushing injuries, requiring hospitalization.",Energy Isolation,,Energy Isolation,1,PROJECT_ANNOTATED_AI_ASSISTED
OILPS_OSHA_00058,OSHA,"An employee welding a cable guide pipe to a tank containing road tar suffered burns to his right side legs, arm, neck, and face when the contents of the tank caught on fire.",Hot Work,,Hot Work,1,PROJECT_ANNOTATED_AI_ASSISTED
OILPS_IOGP_HPE_0065,IOGP_HPE,"The rig crew were in the process of nipple down the bell nipple mandrel. While positioning the multi purpose crane 
for installing the bell nipple lifting slings the man basket (354kg), which was holding 2 persons, dislodged from the 
main structure of the crane and fell approx.16.5m to the top deck of the platform. Neither of the 2 persons fell as 
they were suspended by their harness and inertia reels. Both personnel were recovered in 2 minutes. One of the 2 
personnel received first aid treatment for slight swelling.",None,,None,0,SOURCE_GROUNDED
OILPS_OSHA_03950,OSHA,"Employees were welding and sandblasting a heat treater. A flash fire occurred inside the tank, and an employee suffered burns to the face and a wrist.",Hot Work,,Hot Work,1,PROJECT_ANNOTATED_AI_ASSISTED
OILPS_OSHA_01782,OSHA,"While an employee was using a manual post driver, his left middle finger was trapped between the driver and a post. The fingertip was crushed; he was hospitalized, and the tip was medically amputated.",Driving,,Driving,1,PROJECT_ANNOTATED_AI_ASSISTED
OILPS_IOGP_SPI_0079,IOGP_SPI,Plant operator found 6” valve leaking causing 9.5 kcf natural gas release; area barricaded.,None,,None,0,SOURCE_GROUNDED
OILPS_OSHA_00661,OSHA,An employee was working in an oilfield cleaning a sand hopper. He got caught in a hydraulic gate fracturing both femurs.,Line of Fire,,Line of Fire,1,PROJECT_ANNOTATED_AI_ASSISTED
OILPS_IOGP_SPI_0173,IOGP_SPI,"During normal operations, a failure occurred in the vent header drainage system, causing liquid carryover to the 
flare. No material damage or personal injuries were reported; only soil contamination was recorded in the area 
adjacent to the flare.",None,,None,0,SOURCE_GROUNDED
OILPS_OSHA_03943,OSHA,An employee was removing a clamp from the electrical submersible pump string of a laydown machine when their left index finger was caught between the clamp and the machine. The employee sustained a partial amputation between the first knuckle and the fingernail.,None,,None,0,PROJECT_ANNOTATED_AI_ASSISTED
OILPS_OSHA_03126,OSHA,"An employee was tasked with offloading a marine vessel. He was resetting the loading arm back into place when his left hand was caught between the load arm head and a fixed dock component, amputating his index and middle fingertips.",None,,None,0,PROJECT_ANNOTATED_AI_ASSISTED
OILPS_OSHA_00388,OSHA,"The employee was welding from a spider lift. While moving the spider lift from one location to another, the employee got his hand caught between the handrail and a steel plate resulting in the loss of the left ring fingertip (bone exposed).",Hot Work,,Hot Work,1,PROJECT_ANNOTATED_AI_ASSISTED
OILPS_OSHA_02314,OSHA,A truck driver along with another employee had just finished draining a tanker. They were unhooking the hose from the tanker when hot liquid asphalt struck the driver's arm causing severe burns. The driver was hospitalized.,Driving,,Driving,1,PROJECT_ANNOTATED_AI_ASSISTED
OILPS_OSHA_00583,OSHA,"Two employees were setting a steel beam that was attached to the choker of a crane. The crane operator picked up the beam and started cabling up. As the beam started rising, it became caught on part of the structure. The crane continued to pull up. The beam broke loose from the structure that it was caught on and swung free, striking the two employees. One of the employees was hospitalized with fractured ribs, pulmonary contusions, and a collapsed lung.",Safe Mechanical Lifting,,Safe Mechanical Lifting,1,PROJECT_ANNOTATED_AI_ASSISTED
OILPS_OSHA_01518,OSHA,"An employee was standing on planking located on the top buck of a two-end frame, tubular-welded frame scaffold when one of the scaffold planks broke, causing the employee to fall 10 feet to the ground below. The employee suffered a fractured hip and two fractured ribs.",Safe Mechanical Lifting,Working at Height,Safe Mechanical Lifting; Working at Height,2,PROJECT_ANNOTATED_AI_ASSISTED
OILPS_IOGP_SPI_0006,IOGP_SPI,"During normal operations, an oil level regulation valve suddenly closed.
This event led to instabilities in both the production and produced water networks.
These instabilities led to a deterioration in the quality of the treated produced water, part of which is continuously 
discharged into the sea.
An oil sheen was observed at sea, with an estimated volume of approximately 2m³ of oil.",None,,None,0,SOURCE_GROUNDED
OILPS_OSHA_00578,OSHA,An employee was on the forks of a forklift installing anti-pigeon spikes on the ceiling when his finger was crushed between the forklift and a beam.,Safe Mechanical Lifting,,Safe Mechanical Lifting,1,PROJECT_ANNOTATED_AI_ASSISTED
OILPS_OSHA_01960,OSHA,"Employees were attempting to lift and move a cellar cover in order to install a work platform in the cellar for a welder. The cover came into contact with the blowout preventer spool, causing it to fall back. An employee's right middle finger was caught between the cellar cover and the tin horn, causing an amputation to the first knuckle.",Energy Isolation,,Energy Isolation,1,PROJECT_ANNOTATED_AI_ASSISTED
OILPS_IOGP_HPE_0086,IOGP_HPE,"Contractor personnel were working on the installation of a 12-inch spool at ground level, while it was being held 
in a lifting operation. For causes yet to be determined, an actuated valve (SDV) located near the installation area - 
resting vertically on the ground and not involved in the lifting operation - lost its vertical stability and fell, resulting 
in a person being crushed between the valve and the skid structure.",None,,None,0,SOURCE_GROUNDED
OILPS_OSHA_02170,OSHA,"An employee was restarting a vapor combustion unit when a burner lit, causing a flash fire. The employee suffered second degree burns.",Hot Work,,Hot Work,1,PROJECT_ANNOTATED_AI_ASSISTED
OILPS_IOGP_SPI_0091,IOGP_SPI,2” valve left open released 2.29M lbs gas; operator closed valve; no waters affected.,None,,None,0,SOURCE_GROUNDED
OILPS_OSHA_00346,OSHA,"An employee was disassembling a one-tier tubular scaffold. The employee removed the cross bracing first. When a coworker removed the planks, the scaffold members came down and struck the employee, causing back and pelvis bruises.",Safe Mechanical Lifting,Working at Height,Safe Mechanical Lifting; Working at Height,2,PROJECT_ANNOTATED_AI_ASSISTED
OILPS_OSHA_03594,OSHA,"An employee was preparing a pump for maintenance. When the employee removed a cover, chemicals were released into the air. The employee was exposed to hydrogen sulfide and methyl mercaptan and was hospitalized.",Confined Space,Toxic Gas / Hazardous Substance,Confined Space; Toxic Gas / Hazardous Substance,2,PROJECT_ANNOTATED_AI_ASSISTED
OILPS_OSHA_00418,OSHA,"An employee was working on a crew, installing and pressure-testing PVC lines for a sewage line. The PVC pipe struck the employee's face, causing severe damage.",Energy Isolation,,Energy Isolation,1,PROJECT_ANNOTATED_AI_ASSISTED
OILPS_IOGP_SPI_0078,IOGP_SPI,"Glycol pump failure released 483 kcf gas over 3.75 hours; site shut down and isolated.
Safety performance indicators – Process safety events – 2025 data
55

===PAGE_56===",None,,None,0,SOURCE_GROUNDED
OILPS_OSHA_02145,OSHA,"An employee was working on the controller drive for the down hole equipment when he received an electrical shock, resulting in burns to the right thumb and left forearm and face.",None,,None,0,PROJECT_ANNOTATED_AI_ASSISTED
OILPS_OSHA_01557,OSHA,"An employee had unstrapped some downhole tools that were brought to a wellsite. While another employee was going to get a forklift, the load shifted and smashed his finger between the load and the rub rail, resulting in a finger amputation.",Safe Mechanical Lifting,,Safe Mechanical Lifting,1,PROJECT_ANNOTATED_AI_ASSISTED
OILPS_OSHA_02896,OSHA,An employee was replacing the valve on a frac pump. Fingers on his left hand were caught in the pump's moving pistons and injured; the middle finger required surgery.,Line of Fire,,Line of Fire,1,PROJECT_ANNOTATED_AI_ASSISTED
OILPS_OSHA_02939,OSHA,"On November 16, 2021, a truck driver was removing straps from a load of utility poles on a flatbed trailer. When he removed the last strap, the top pole on the load rolled off and struck the left side of his body, crushing his left wrist and the lower part of his left leg. He was hospitalized, and the leg was medically amputated below the knee. He also suffered a brain injury and two fingers were medically amputated.",Driving,,Driving,1,PROJECT_ANNOTATED_AI_ASSISTED
OILPS_IOGP_HPE_0045,IOGP_HPE,"During maintenance activities, an electrical arc occurred in Switch Rack 6 LV, resulting in electrical burns to two 
electrical technicians. The injured personnel received immediate evacuation to the clinic for initial medical attention 
before being transferred to the Hospital for further treatment.",None,,None,0,SOURCE_GROUNDED
OILPS_OSHA_03638,OSHA,"An employee was attempting a lift with a crane and caught their left index finger between two shells (36-inch diameter cylinder vessels), resulting in amputation.",Safe Mechanical Lifting,,Safe Mechanical Lifting,1,PROJECT_ANNOTATED_AI_ASSISTED
OILPS_IOGP_FATAL_0019,IOGP_FATAL,"A steam release from an auxiliary steam line 14” occurred resulted in three (3) smoke detectors at the air intake 
activated that subsequently triggered the General Alarm. The Emergency Response Team was immediately 
mobilised to the scene. At the time of release members of the Engine Room immediately responded when radio 
calls were not answered.
Deceased Person (Maintenance Operator) was found unconscious near the Marine Gas Oil (MGO) tank and distilled 
water pump. The DP was brought to FPSO Hospital and was confirmed with ISOS Doctor as deceased.
Incident investigation is underway with the scheduled completion date in April 2026.",None,,None,0,SOURCE_GROUNDED
OILPS_IOGP_HPE_0006,IOGP_HPE,"At about 02:21hrs, while rig crew was picking 4” drill pipe, a single drill pipe was picked from Catwalk to the rig 
floor with Air winch tugger. The IP removed thread protector from the single pipe while another floorman attempted 
to guide the pipe into the mouse hole. The pipe missed the mouse hole, hit the rig floor and also hit the IP on his 
right ear and shoulder. IP was move to Clinic.",None,,None,0,SOURCE_GROUNDED
OILPS_IOGP_SPI_0153,IOGP_SPI,Two heaters caught fire and sustained damage.,None,,None,0,SOURCE_GROUNDED
OILPS_IOGP_SPI_0053,IOGP_SPI,"While completing a frac, fluid released from a valve and the cellar area.",None,,None,0,SOURCE_GROUNDED
OILPS_OSHA_01218,OSHA,"An employee was in a boat, inspecting a pipeline, when the boat hit something in the water and ejected the employee from the seat. The employee hit the boat floor and suffered a forehead laceration and fractured left wrist.",None,,None,0,PROJECT_ANNOTATED_AI_ASSISTED
OILPS_OSHA_03652,OSHA,An employee was working to set a drive pin on an S-hook so a forklift could pick up a part and bring it to the paint department. The employee's left middle finger was pinched between the pin and the S-hook resulting in a partial amputation.,Safe Mechanical Lifting,,Safe Mechanical Lifting,1,PROJECT_ANNOTATED_AI_ASSISTED
OILPS_IOGP_SPI_0037,IOGP_SPI,"During a scheduled GLSDV function test, the Well head maintenance team confirmed normal operating 
conditions before detecting a hissing sound at the riser line while leaving the platform. The leak was 
immediately reported, and a manual Emergency Shutdown (ESD) was initiated from the boat landing, 
followed by safe crew evacuation. A subsequent inspection with SCBA confirmed all wells and riser SDVs had 
tripped, and additional isolations were applied.",None,,None,0,SOURCE_GROUNDED
OILPS_OSHA_00506,OSHA,An employee received an injury to the right middle finger that required surgery and hospitalization. The employee's finger was caught between a pump plunger and the catwalk when the pump plunger fell to the catwalk.,None,,None,0,PROJECT_ANNOTATED_AI_ASSISTED
OILPS_OSHA_02304,OSHA,"An employee was operating a hand grinder. When the employee stood up to respond to another employee, the cord/plug of the hand grinder struck him in the neck. The employee was hospitalized and received stitches in the neck area.",None,,None,0,PROJECT_ANNOTATED_AI_ASSISTED
OILPS_OSHA_02436,OSHA,An employee was walking toward equipment when the employee tripped on a 2-inch pipe on the ground. The employee hit their nose and upper lip and suffered a dislocated shoulder.,None,,None,0,PROJECT_ANNOTATED_AI_ASSISTED
OILPS_IOGP_HPE_0076,IOGP_HPE,"While releasing the tubing hanger, after a BOP test, unknown pressure had built up below the tubing hanger 
assembly causing it to lift up out of the BOP stack and fall to the ground.",None,,None,0,SOURCE_GROUNDED
OILPS_OSHA_03120,OSHA,"An employee was cleaning a derrick with a power washer. The employee slipped on a wet surface while untangling the power washer hose. As he reached out to catch himself, part of the derrick caught his right little finger and removed the flesh, exposing the bone.",Working at Height,,Working at Height,1,PROJECT_ANNOTATED_AI_ASSISTED
OILPS_OSHA_02163,OSHA,"An employee was at the side of a truck (a pulling unit) removing tools. As the pole on the unit was extended, the elevator came unclasped off the hook, fell, and struck the employee on the side of his head. He suffered a skull fracture.",Driving,,Driving,1,PROJECT_ANNOTATED_AI_ASSISTED
OILPS_OSHA_00176,OSHA,"An employee was attaching drill pipe to elevators using his hands. His fingers got stuck between the elevator and the drill pipe, which broke two fingers (pointer and middle finger of the right hand).",None,,None,0,PROJECT_ANNOTATED_AI_ASSISTED
OILPS_OSHA_02709,OSHA,An employee was climbing a ladder with guard rails to access the rig floor. The ladder twisted to one side causing the employee to fall to the ground. The employee sustained displaced vertebrae in the neck and bruising and soreness.,Working at Height,,Working at Height,1,PROJECT_ANNOTATED_AI_ASSISTED
OILPS_IOGP_SPI_0120,IOGP_SPI,Oxidizer/acid job miscommunication led to overpressure event ejecting wellhead; procedural gaps documented.,None,,None,0,SOURCE_GROUNDED
OILPS_OSHA_02806,OSHA,"A crew had put their tools down after pressure-washing the outsides of two oil tanks. As they walked away, one of the tanks exploded. One of the employees suffered second- and third-degree burns on the back, from the waist up.",Energy Isolation,,Energy Isolation,1,PROJECT_ANNOTATED_AI_ASSISTED
OILPS_OSHA_00076,OSHA,"An employee of SM Fencing & Energy Services, Inc. lost his eye sight after receiving a head injury. The employee slipped on the ice at the project site while carrying a railroad tie. After the employee fell to the ground, the railroad tie fell on his head.",None,,None,0,PROJECT_ANNOTATED_AI_ASSISTED
OILPS_OSHA_04189,OSHA,"An employee was refilling a bottle with a cleaning solution when bleach entered the bottle and it exploded. The employee inhaled the fumes and experienced difficulty breathing and burns to her throat, resulting in hospitalization.",None,,None,0,PROJECT_ANNOTATED_AI_ASSISTED
OILPS_OSHA_01278,OSHA,"Two employees were removing ball valves. When the employees began to install the gaskets, a flash fire occurred. One employee suffered burns to the face.",Hot Work,,Hot Work,1,PROJECT_ANNOTATED_AI_ASSISTED
OILPS_OSHA_03358,OSHA,"Employees were pulling up piping on a workover rig. The anchor on the piping got caught on the slip, then the slip got caught on the work floor, pulling it up while the employee was standing on it. When the work floor broke away from the slip, the flooring fell back down to the ground. This caused the employee to fall and sustain a right leg fracture that required hospitalization.",None,,None,0,PROJECT_ANNOTATED_AI_ASSISTED
OILPS_IOGP_HPE_0072,IOGP_HPE,"Crew was killing the well with Axis Reverse Unit when the Axis Pump Hand appears to have engaged valves in 
the incorrect order allowing pressure to exit well bore through a disconnected 2” hose at the rig floor. Pressure 
estimated to be 600 psi. Loose end of hose whipped and struck one individual on the top of their hard hat.
NORTH AMERICA ONSHORE
68
Safety performance indicators – 2025 data: High potential event reports
===PAGE_69===",None,,None,0,SOURCE_GROUNDED
OILPS_OSHA_02916,OSHA,"An employee was welding a tank battery in the field when the welding torch ignited flammable gasses, causing an explosion that resulted in second and third degree burns to both hands and their face.",Hot Work,,Hot Work,1,PROJECT_ANNOTATED_AI_ASSISTED
OILPS_OSHA_03253,OSHA,"A crew was on a drilling floor making a drill pipe connection. One employee was using a 5-foot bar with the pipe tongs, to apply pressure, to make the pipe fitting tight. The bar slipped and struck the employee in the chest, resulting in rib fractures to the right side.",Energy Isolation,,Energy Isolation,1,PROJECT_ANNOTATED_AI_ASSISTED
OILPS_OSHA_02927,OSHA,An oil derrick hand fell off the oil derrick platform and struck the derrick during the fall resulting in a fractured back.,Working at Height,,Working at Height,1,PROJECT_ANNOTATED_AI_ASSISTED
OILPS_OSHA_03828,OSHA,"An employee was setting time to the gear. The employee was manually rotating the upper gear when his left ring and little fingers were crushed between the upper and lower gears, resulting in distal amputations.",None,,None,0,PROJECT_ANNOTATED_AI_ASSISTED
OILPS_IOGP_SPI_0149,IOGP_SPI,Cylinder valve cover on a compressor was ejected off allowing a release of gas through the open cylinder.,None,,None,0,SOURCE_GROUNDED
OILPS_IOGP_HPE_0087,IOGP_HPE,"Crew shuttle collision during a braking manoeuvre, the shuttle initially collided with the vehicle in front, then 
crossed into the oncoming lane and was struck on the right side by a semi-trailer truck traveling in the opposite 
direction.",None,,None,0,SOURCE_GROUNDED
OILPS_OSHA_01834,OSHA,"An employee was trying to re-light the pilot light on a combustor. It failed to ignite, then ignited when the door to the box was opened. A flash fire burned the employee's hands and face.",Hot Work,,Hot Work,1,PROJECT_ANNOTATED_AI_ASSISTED
OILPS_OSHA_02441,OSHA,An employee was picking up a bushing when it amputated the tip of his middle finger.,None,,None,0,PROJECT_ANNOTATED_AI_ASSISTED
OILPS_OSHA_03583,OSHA,"An employee was loading glycerol byproduct into a trailer. A plunger valve slipped out of his hand, lacerating his right ring finger and amputating the fingertip.",None,,None,0,PROJECT_ANNOTATED_AI_ASSISTED
OILPS_OSHA_00585,OSHA,"An employee was grinding on a structural handrail for a work platform with a grating floor. The employee lost control of the grinder, which lacerated and fractured his left index finger. His left index fingertip was surgically amputated.",Hot Work,,Hot Work,1,PROJECT_ANNOTATED_AI_ASSISTED
OILPS_OSHA_01749,OSHA,"An employee was on the catwalk of a mixing plant at a completed well site. He was burned by a fire, centered on a forklift and a flowback tank that was releasing natural gas. He suffered second- and third-degree burns to his right hand and arm to the shoulder, his left hand, and his back on the right side. He also suffered second-degree burns to the right side of his face (excluding the eyes) and first-degree burns to his forehead. Personal protective equipment and flame-retardant pants were being worn, but not a flame-retardant shirt.",Safe Mechanical Lifting,,Safe Mechanical Lifting,1,PROJECT_ANNOTATED_AI_ASSISTED
OILPS_IOGP_HPE_0068,IOGP_HPE,"IP was working alone and attempted to disconnect a 2"" airline which was pressurized. An assumption was made 
that line was de-pressurized without being verified - line was still connected to an air compressor. Upon release, 
hose kicked back striking IPs hand and helmet.",None,,None,0,SOURCE_GROUNDED
OILPS_OSHA_02325,OSHA,An employee was helping re-spool the winch line on a tubing tester truck when the line caught his right hand. Four fingers were amputated.,Safe Mechanical Lifting,Driving,Safe Mechanical Lifting; Driving,2,PROJECT_ANNOTATED_AI_ASSISTED
OILPS_OSHA_04040,OSHA,"An employee was removing a gasket from the top of the open hatch of a heater treater to make weir adjustments on the low pressure vessel when metal-on-metal contact caused a spark that ignited residual gasses. The employee sustained burns to their face, neck and hands.",Energy Isolation,Hot Work,Energy Isolation; Hot Work,2,PROJECT_ANNOTATED_AI_ASSISTED
OILPS_IOGP_HPE_0040,IOGP_HPE,"Two personnel experienced symptoms of severe oxygen deficiency during inspection work, but managed to self-
evacuate safely. Subsequent measurements confirmed low oxygen levels inside the enclosure, linked to nitrogen 
ingress from the turbine seal system combined with a lack of ventilation.",None,,None,0,SOURCE_GROUNDED
OILPS_OSHA_00193,OSHA,"An employee suffered an amputation injury when a valve slipped and pinched the employee's finger between the valve and the frame of the truck at or near Micahlucas 2-5H in Dunn County, North Dakota.",Driving,,Driving,1,PROJECT_ANNOTATED_AI_ASSISTED
OILPS_IOGP_HPE_0046,IOGP_HPE,"A contractor working in the Telecoms room at Central Control Building was found removing a light fixture from the 
ceiling without ensuring the power was fully isolated. The light was part of an energized circuit, switched off only at 
the local lighting switch. With the light removed, the exposed flex had bare copper ends, live and hanging from the 
ceiling. The worker, on metal steps, was at risk of electrocution if someone had entered and switched on the lights",None,,None,0,SOURCE_GROUNDED
OILPS_OSHA_02487,OSHA,"Employees at an oil rig were breaking down its blowout preventers. After removing the preventers from the wellhead, they put a wooden board on the ground to set the preventer on and keep it from getting muddy. When one employee unhooked his tagline from a preventer, the preventer shifted and the locking stem on its top struck the top of the employee's left boot. He suffered a laceration to the foot and two broken toes.",Energy Isolation,Safe Mechanical Lifting,Energy Isolation; Safe Mechanical Lifting,2,PROJECT_ANNOTATED_AI_ASSISTED
OILPS_OSHA_01050,OSHA,"An employee was welding on a mud pump when an explosion occurred. A pipe cap blew off and hit his stomach, injuring his spleen.",Hot Work,,Hot Work,1,PROJECT_ANNOTATED_AI_ASSISTED
OILPS_IOGP_HPE_0054,IOGP_HPE,"A gate door (two sections) of the Blasting Shop toppled over due to strong winds (approximately 16m/s). Each door 
section measures 7.5m x 4m and weighs approx. 425kg. They landed on the ground and came to rest on a pipe 
stand, resulting in damage to the cladding and frame. The incident occurred next to a pedestrian walkway, but no 
personnel were in the vicinity at the time. No personal Injury was reported",None,,None,0,SOURCE_GROUNDED
OILPS_IOGP_HPE_0027,IOGP_HPE,"On 8 October 2025 on an offshore rig, a lifting operation was underway to land an 11.8 m, 2.67 ton bottom hole 
assembly (BHA) into a storage basket on the riser deck. During the final positioning, the BHA made a sudden 
uncontrolled movement. The forward end either contacted the basket edge, rotating the load toward the injured 
person, or the crane made an unintended movement. The injured person was positioned in a narrow space between 
riser guide posts with no escape route available. He had earlier climbed onto adjacent baskets and manually guided 
the load several times to open covers in the inner basket. The BHA struck him in the chest and compressed him 
against another basket. Emergency response was immediate, and medical evacuation was carried out via search 
and rescue (SAR) helicopter. The investigation identified multiple human, organisational, technical, and task-related 
contributors including lack of hands-free lifting, trainee crane operator without supervision, congested deck layout, 
communication challenges, inadequate planning, and procedural non-compliance.",None,,None,0,SOURCE_GROUNDED
OILPS_OSHA_02671,OSHA,"While working in the Rigger Shop, an employee was using channel lock pliers to disconnect two pieces of pipe that were bolted together. The pipe was raised by a crane. When the top bolt was removed, a portion of the pipe was pulled upward, and the other portion fell to floor. The employee's finger was pinched between lower handle of pliers and the portion of pipe supported by the crane. The employee suffered an amputation to his left ring finger.",Safe Mechanical Lifting,,Safe Mechanical Lifting,1,PROJECT_ANNOTATED_AI_ASSISTED
OILPS_OSHA_03216,OSHA,"An employee was offloading asphalt from a truck to a tank. As the system was pressurized, hot asphalt struck the employee in the face and chest. The employee suffered burns to the face and chest, as well as a broken sternum and ribs. The employee was hospitalized.",Driving,,Driving,1,PROJECT_ANNOTATED_AI_ASSISTED
OILPS_OSHA_03552,OSHA,"At a remote location, the injured employee was running a pig through the pipeline when the pig became stuck. As the employee was venting gas to the atmosphere to free the pig, a spark ignited the gas vapors, causing the employee to sustain second-degree burns to their face and left elbow.",Hot Work,,Hot Work,1,PROJECT_ANNOTATED_AI_ASSISTED
OILPS_IOGP_SPI_0084,IOGP_SPI,Power outage restart caused piping separation and fire at compressor station; no injuries.,None,,None,0,SOURCE_GROUNDED
OILPS_OSHA_01955,OSHA,"An employee was redressing a compact setting tool and had it in a vise. He put the mandrel in the sleeve and attempted to screw the mandrel onto the tool. When he let go of the mandrel with his right hand, it fell. As he attempted to catch the mandrel and sleeve, he stumbled and the mandrel struck/pinched his finger on the floor, resulting in a left middle fingertip amputation.",None,,None,0,PROJECT_ANNOTATED_AI_ASSISTED
OILPS_IOGP_HPE_0081,IOGP_HPE,"Contractor personnel were performing a scheduled calibration of a flow meter in accordance with the preventive 
maintenance plan.
During the calibration process, the technician initiated pressure stabilization by draining fluid through the 
designated drainage line. To enhance the drainage process, the technician also opted to use an additional line and 
proceeded to remove the plug at the end of that line.
Upon removal of the plug, an uncontrolled release of oil containing H2S occurred. Work was stopped immediately. 
Workers H2S detectors activated, donned respirators and evacuated the area.",None,,None,0,SOURCE_GROUNDED
OILPS_OSHA_01828,OSHA,"An employee was operating an iron roughneck while moving drill pipes when a pipe struck his fingers against the iron roughneck's control box, resulting in a partial amputation of the left ring fingertip. The employee's hand was outside the equipment at the time of the incident.",None,,None,0,PROJECT_ANNOTATED_AI_ASSISTED
OILPS_OSHA_00108,OSHA,A contractor hired to replace an old pipeline damaged it with a backhoe and created a leak. There was a trench about 3 feet deep and 18 inches wide. The injured employee was on scene to evaluate the leak. He moved from one side of the trench to the other. The soil on the opposite side gave way and exposed a tree root; he hit his chin on that root. The employee broke two bones in his left leg about 2 inches from his ankle.,None,,None,0,PROJECT_ANNOTATED_AI_ASSISTED
OILPS_IOGP_HPE_0092,IOGP_HPE,"During production tubing running operations on the drilling rig, four metallic components fell from height while 
using the catline system.
• Objects dropped from approximately 40 m height
• 2 × 1.8 kg (≈ 706 J each)
• 2 × 10.4 kg (≈ 4,076 J each)
The falling energy was sufficient to cause a fatality.
No injuries occurred, but this qualifies as a High Potential Event (HIPO) due to the severe dropped-object energy.",None,,None,0,SOURCE_GROUNDED
OILPS_IOGP_SPI_0096,IOGP_SPI,"Failure of 1/2 inch nipple on PSV line released 26,279 lbs CO2 inside compressor building; safety systems worked 
and unit shut down.",None,,None,0,SOURCE_GROUNDED
OILPS_OSHA_02972,OSHA,An employee was removing nuts from a pump unit. The employee slipped and their right index fingertip was crushed between the pump and a rachet. The fingertip was amputated.,None,,None,0,PROJECT_ANNOTATED_AI_ASSISTED
OILPS_OSHA_00088,OSHA,"On or before February 19, 2015, an employee slipped and fell on ice while carrying a 2-inch x 30-foot-long piece of pipe, resulting in a tibia/fibula fracture to the right leg.",None,,None,0,PROJECT_ANNOTATED_AI_ASSISTED
OILPS_OSHA_01398,OSHA,"An employee was driving a street sweeper down a well pad access road when he applied the brakes, slid into a ditch, hit a mound, went airborne, and rolled two times. He suffered fractured ribs, a collapsed lung, and a fractured pelvis.",None,,None,0,PROJECT_ANNOTATED_AI_ASSISTED
OILPS_OSHA_00690,OSHA,An employee was performing well test operations and experienced heat exhaustion. The employee was hospitalized.,None,,None,0,PROJECT_ANNOTATED_AI_ASSISTED
OILPS_OSHA_02824,OSHA,An employee was filling forklift cylinders with propane gas when the nozzle connected to the cylinder released and the employee was burned by the propane gas.,Safe Mechanical Lifting,,Safe Mechanical Lifting,1,PROJECT_ANNOTATED_AI_ASSISTED
OILPS_IOGP_FATAL_0062,IOGP_FATAL,"A contract crew was in the process of cleaning a sales oil line for new pad tie-in work as part of a pipeline 
infrastructure project when a crewmember was injured during work with a sales oil pig receiver resulting in a 
fatality.",None,,None,0,SOURCE_GROUNDED
OILPS_OSHA_02962,OSHA,"Employee 1 was operating a dozer's winch from inside the cabin. While attempting to unhook from a D-ring, he had to loosen the tension of the cable. Upon doing so, employee 2 walked over to the winch and grabbed the cable with her left hand. When employee 1 moved the controls to spool out the winch, employee 2's left hand was pulled into the cables. Employee 2 sustained a broken left ring finger and a partial amputation to her left little finger.",Safe Mechanical Lifting,,Safe Mechanical Lifting,1,PROJECT_ANNOTATED_AI_ASSISTED
OILPS_IOGP_SPI_0008,IOGP_SPI,"At approximately 0523 hrs. on November 8, 2025, an unusual sound was observed at the facility. Upon investigation, 
operations identified a fire on the upper section of the Auto-Thermal Reformer Unit 1 (ATR1). The Emergency 
Response Team (ERT) was immediately deployed to the location. In accordance with the plant’s safety and control 
systems, ATR Units 1 and 2 as well as ASU Units 1 and 2 underwent automatic shutdowns due to inter-unit 
protective logic. The fire was fully extinguished by approximately 0630 hrs. There was no injury to personnel.",None,,None,0,SOURCE_GROUNDED
OILPS_OSHA_01753,OSHA,"An employee was aligning/guiding a workover rig onto a well-head using a spacing cable when his left ring finger was caught between the spacing cable and the rod blowout preventer, resulting in a fingertip amputation.",Energy Isolation,,Energy Isolation,1,PROJECT_ANNOTATED_AI_ASSISTED
OILPS_IOGP_SPI_0143,IOGP_SPI,The circulation pump seal failed resulting in a spill.,None,,None,0,SOURCE_GROUNDED
OILPS_OSHA_00474,OSHA,"An employee was offloading iron from a trailer when the employee's right index finger got caught between a 4-inch iron, which fell from above, and the edge of the trailer.",Working at Height,,Working at Height,1,PROJECT_ANNOTATED_AI_ASSISTED
OILPS_IOGP_HPE_0016,IOGP_HPE,"During pallet racking activities in the warehouse, a forklift was in the process of lifting a pallet to the third shelf. The 
load backrest of the forklift inadvertently contacted another pallet directly above (load approximately 240kg) stored 
on the fourth shelf which dislodged and fell approximately 5.6m to grade. No personnel were injured. There was one 
nearby person 7 meters away.",None,,None,0,SOURCE_GROUNDED
OILPS_IOGP_SPI_0024,IOGP_SPI,"During permanent plugging, the 13 3/8’’ casing was cut with open BOP at 510 m after all barriers had towards 
all flowing units had been established below cutting depth. A significant volume of trapped gas was released and 
entered the rig floor and shaker area triggering gas alarms and ESD sequences. Diverter and annular were then 
closed and well secured.",None,,None,0,SOURCE_GROUNDED
OILPS_OSHA_02232,OSHA,An employee was using a sandblasting gun on a pipeline. The gun hit his right arm and the sandblast media caused an open wound on the forearm.,None,,None,0,PROJECT_ANNOTATED_AI_ASSISTED
OILPS_IOGP_SPI_0085,IOGP_SPI,Discharge line failure released 108 KCF gas; site blown down and isolated.,None,,None,0,SOURCE_GROUNDED
OILPS_OSHA_03173,OSHA,"An employee was performing backflow operations at a tank battery. After shutting a valve, pressure built in the line causing the line to rupture. The employee was standing near the line when it ruptured and their right arm and the right side of their torso were struck by hot oil, water, and sand (approximately 147 degrees) resulting in severe burns requiring hospitalization.",Line of Fire,Energy Isolation,Line of Fire; Energy Isolation,2,PROJECT_ANNOTATED_AI_ASSISTED
OILPS_OSHA_03721,OSHA,"An employee was walking down stairs when she tripped and fell, injuring her left leg and ankle.",None,,None,0,PROJECT_ANNOTATED_AI_ASSISTED
OILPS_OSHA_03473,OSHA,"An employee was transferring diesel fuel from a 4,500 gallon fuel transport wagon to a semi-truck. Diesel fuel vapors and static caused an explosion/fire, resulting in burns to the employee's face and upper torso.",Hot Work,Driving,Hot Work; Driving,2,PROJECT_ANNOTATED_AI_ASSISTED
OILPS_IOGP_SPI_0215,IOGP_SPI,"A gas leak was detected from the BV bypass of the liquid filter due to a flange plug snapping out. The leak was 
successfully stopped, the area was declared safe, and all necessary safety protocols were followed. Operations 
resumed as normal. No injuries or damage/loss occurred as a result of this release.
Safety performance indicators – Process safety events – 2025 data
147

===PAGE_148===",None,,None,0,SOURCE_GROUNDED
OILPS_IOGP_HPE_0024,IOGP_HPE,Employee fell into well cellar.,None,,None,0,SOURCE_GROUNDED
OILPS_OSHA_02867,OSHA,"An employee was using a pressure washer to clean the inside of a fertilizer tank containing ammonium polyphosphate solution when the pressurized steam punctured his left big toe, resulting in infection and hospitalization.",Energy Isolation,,Energy Isolation,1,PROJECT_ANNOTATED_AI_ASSISTED
OILPS_OSHA_01645,OSHA,"On June 25, 2018, an employee was using a sling to offload 120-gallon tanks from the back of a truck. He fell from the truck to the ground, sustaining a lumbar compression fracture.",Safe Mechanical Lifting,Working at Height,Safe Mechanical Lifting; Working at Height; Driving,3,PROJECT_ANNOTATED_AI_ASSISTED
OILPS_OSHA_02714,OSHA,"While walking at grade under an asphalt rail car loading rack, an employee tripped on concrete that was protruding from the walkway. The employee fell and sustained five broken ribs.",None,,None,0,PROJECT_ANNOTATED_AI_ASSISTED
OILPS_OSHA_00353,OSHA,An employee fractured his hand while connecting a trailer when his hand got caught in the trailer's hydraulic cylinder.,Line of Fire,,Line of Fire,1,PROJECT_ANNOTATED_AI_ASSISTED
OILPS_IOGP_SPI_0164,IOGP_SPI,"Contractor personnel were performing a scheduled calibration of a flow meter in accordance with the preventive 
maintenance plan.
During the calibration process, the technician-initiated pressure stabilization by draining fluid through the 
designated drainage line. To enhance the drainage process, the technician also opted to use an additional line and 
proceeded to remove the plug at the end of that line.
Upon removal of the plug, an uncontrolled release of oil containing H2S occurred. Work was stopped immediately. 
Contractor workers H2S detectors activated, donned respirators and evacuated the area.",None,,None,0,SOURCE_GROUNDED
OILPS_IOGP_SPI_0140,IOGP_SPI,Valve nipple backed out of threads due to vibration on piping.,None,,None,0,SOURCE_GROUNDED
OILPS_IOGP_SPI_0157,IOGP_SPI,"During a walkthrough on the platform, a worker who was holding the position of Helper C perceived an abnormal 
noise near the fuel gas regulation package, which operates at 74 kg/cm². Upon inspecting the package, he identified 
the presence of gas in a 2” Ø x 600# line located on the mezzanine of the first level.
As he inspected the line more closely, he detected a loss of containment at the threaded connection between the 2” 
Ø x 600# line and the 2” x 600# coupling. He proceeded to tighten the 2” Ø coupling to the 2” Ø pipe, observing that 
the gas emission gradually decreased. Immediately afterward, the threaded coupling detached, leaving his left palm 
exposed to the gas coming out of the pipe.
He immediately informed the Control Room and secured the residual gas system. With support from the first aid 
brigade of the Processing Centre, he was transferred, conscious and walking on his own, from platform to the 
Processing Centre via lateral flight for medical attention.",None,,None,0,SOURCE_GROUNDED
OILPS_IOGP_SPI_0101,IOGP_SPI,"Recycle pump suction valve and check valve failed, releasing 0.31 bbl oil inside building and 17.8 bbl outside; 
contained within facility.",None,,None,0,SOURCE_GROUNDED
OILPS_OSHA_01487,OSHA,"An employee was exiting a rock crusher and getting onto a 6-foot step ladder. He was holding onto the handrail while getting his feet onto the ladder. His feet were on the second rung from the top when the ladder kicked out from underneath him. He held onto the handrail momentarily and then fell 4 to 5 feet to the ground (gravel pad), breaking his left wrist and suffering a small compression fracture in his lower back. He was hospitalized.",Working at Height,,Working at Height,1,PROJECT_ANNOTATED_AI_ASSISTED
OILPS_OSHA_01947,OSHA,"A crew was rigging down when a winch line became hung up on the operations platform. The platform then failed and an employee was caught between the rails and control panel, suffering bodily contusions.",Safe Mechanical Lifting,,Safe Mechanical Lifting,1,PROJECT_ANNOTATED_AI_ASSISTED
OILPS_IOGP_SPI_0056,IOGP_SPI,"During tree-up operations on the well, surface equipment failed, resulting in a loss of containment and an injury to a 
contractor’s employee. The injured person was transported to a medical facility for treatment.",None,,None,0,SOURCE_GROUNDED
OILPS_IOGP_HPE_0097,IOGP_HPE,A forklift traveling in reverse moved toward the spotter during the warehouse exit manoeuvre.,None,,None,0,SOURCE_GROUNDED
OILPS_OSHA_02093,OSHA,"An employee was helping to move a piece of casing off a guide wire from a rig. The casing was on a pipe rack. As the pipe was pushed to move it out of the guide wire, the pipe rolled and caught his right hand, pinching his middle finger and resulting in partial amputation of the fingertip.",None,,None,0,PROJECT_ANNOTATED_AI_ASSISTED
OILPS_OSHA_01432,OSHA,"An employee was using a spray wand connected to a hot water pressure washer to open up a frozen produce water tank. The produce water vented hydrocarbon vapors near the hot water pressure washer causing a fire. Two employees received second and third degree burns to the face, neck and hands.",Energy Isolation,,Energy Isolation,1,PROJECT_ANNOTATED_AI_ASSISTED
OILPS_IOGP_HPE_0098,IOGP_HPE,"During a pull-out operation on the platform, an uncommanded movement of the vessel’s aft reel occurred, exposing 
a worker to a potentially fatal risk.",None,,None,0,SOURCE_GROUNDED
OILPS_OSHA_00014,OSHA,"Employee was working from the derrick monkey board latching and unlatching tubing. As he was unlatching the elevator that has horns and a locking mechanism, the employee's harness got caught on the horns. The horns pulled the harness and pulled him down causing small fractures in his knees that required surgery.",Working at Height,,Working at Height,1,PROJECT_ANNOTATED_AI_ASSISTED
OILPS_IOGP_SPI_0187,IOGP_SPI,"Night shift production supervisor was assisting projects instrumentation persons to put probe of Test separator 
outlet base sediment and water analyser in place as part of the equipment commissioning. During the operation, 
as reported in his statement all steps as per manual was followed. Unfortunately he encountered a few issues, the 
probe was very hard to handling/move. Finally, he decided to come down the stepladder and the same time the 
probe gland and trail dislodged from its original position resulting in crude oil leak on deck and splashed on the 
production supervisor’s body.",None,,None,0,SOURCE_GROUNDED
OILPS_OSHA_03166,OSHA,"An employee was pushing back a stand of drill pipe on a rig floor. He slipped and fell forward, putting his hands out in front of him to brace his fall. The drill pipe moved back slightly and pinched his right index and middle fingers against the rig floor, resulting in the amputation of the two fingertips above the first knuckle.",None,,None,0,PROJECT_ANNOTATED_AI_ASSISTED
OILPS_IOGP_HPE_0062,IOGP_HPE,"On 30/04/2025, a High Potential (HIPO) occurred when a crane’s counterweight of 15 tonnes fell off the trailer due 
to failure in the securing belt. The trailer was moving from the laydown area to the well-pad. No personnel injuries 
were reported.",None,,None,0,SOURCE_GROUNDED
OILPS_OSHA_02619,OSHA,A forklift collision broke an employee's heel and ankle.,Safe Mechanical Lifting,Driving,Safe Mechanical Lifting; Driving,2,PROJECT_ANNOTATED_AI_ASSISTED
OILPS_OSHA_03596,OSHA,"An employee was cleaning a sight glass on a gas separation machine that was located on top of a self contained/self evacuating tank. When the valve that connected the well bore to the gas separation machine was opened, gas/vapor ignited, causing a flash fire that burned the employee's face and hands.",Hot Work,,Hot Work,1,PROJECT_ANNOTATED_AI_ASSISTED
OILPS_IOGP_HPE_0078,IOGP_HPE,"A worker fell approximately 16 feet from an aerial work platform onto a Christmas tree cart. The incident occurred 
while the worker was using a rope tied to the basket to pull an umbilical and create slack for a storm loop. The rope 
failed under tension, releasing stored energy that transferred to the basket. This sudden release caused the basket 
to jolt, ejecting the worker.",None,,None,0,SOURCE_GROUNDED
OILPS_OSHA_03694,OSHA,An employee was sprayed with hot water when a nearby bleeder valve was under pressure that caused the valve to release. This resulted in burns to their legs and lower torso.,Energy Isolation,,Energy Isolation,1,PROJECT_ANNOTATED_AI_ASSISTED
OILPS_OSHA_03791,OSHA,"Two employees were looking for steel tubing in the yard. Employee 1 knelt down to read the size numbers on the tubing. Employee 2 pulled out a piece of tubing and then tripped over a white mesh bag of parts from a delivery. The tubing was dropped on employee 1's right middle finger, amputating the fingertip.",None,,None,0,PROJECT_ANNOTATED_AI_ASSISTED
OILPS_OSHA_02760,OSHA,Two employees were unloading and loading propane cylinders. A leaking propane tank was placed in front of a makeshift structure. Propane gas accumulated within the structure and an explosion occurred. Both employees suffered second and third degree burns that required hospitalization.,Hot Work,,Hot Work,1,PROJECT_ANNOTATED_AI_ASSISTED
OILPS_OSHA_01634,OSHA,"An employee was steadying a road boring machine as it was loaded onto the back of a truck. The employee's right index finger was in a pinch point when the machine was lowered onto the finger, crushing it and requiring a medical amputation.",Line of Fire,Driving,Line of Fire; Driving,2,PROJECT_ANNOTATED_AI_ASSISTED
OILPS_OSHA_00310,OSHA,"An employee was pinning tubing together to skid the rig. The employee's hands were placed between the two pieces, and the left pinky and ring fingers got pinched. Both fingers were surgically amputated.",None,,None,0,PROJECT_ANNOTATED_AI_ASSISTED
OILPS_OSHA_02402,OSHA,An employee was installing a vent chimney for a gas fireplace and fell from the roof to the ground below. The employee was hospitalized with bilateral foot fractures.,Working at Height,,Working at Height,1,PROJECT_ANNOTATED_AI_ASSISTED
OILPS_OSHA_02064,OSHA,"An employee was lowering the boom of the manlift. The manlift basket became entangled with a rope attached to a pulley used to hoist screens and tools to the top of the plant. As the manlift descended it put tension on the rope which broke the gantry frame. A section of the frame struck the employee's head/shoulder area. The employee lost consciousness and sustained multiple fractures to his skull, face, shoulder and ribs. The employee was wearing personal protective equipment at the time.",Safe Mechanical Lifting,,Safe Mechanical Lifting,1,PROJECT_ANNOTATED_AI_ASSISTED
OILPS_IOGP_HPE_0051,IOGP_HPE,"A contractor mechanical field service representative and mechanical team had disconnected the export gas 
compressor gas turbine’s primary and secondary flexible fuel gas hoses. After disconnecting the hoses, the 
contractor field service representative was on the back side of the gas turbine while the mechanical technicians 
were on the front side. While lying beneath the gas turbine to check the water wash drain tube under the gas 
turbine, pressure was released, causing the loose hoses to swing.",None,,None,0,SOURCE_GROUNDED
OILPS_IOGP_SPI_0167,IOGP_SPI,"Oil patches were observed from the helicopter. Later it was confirmed that a leak had occurred from the subsea 20” 
pipeline.",None,,None,0,SOURCE_GROUNDED
OILPS_IOGP_HPE_0025,IOGP_HPE,Cut through live supply line.,None,,None,0,SOURCE_GROUNDED
OILPS_IOGP_SPI_0211,IOGP_SPI,"During Booster compressor (BC) commissioning, the operator observed a smoldering fire in the engine exhaust 
elbow. The operator immediately shut down the BC unit and extinguished the fire using a portable extinguisher.",None,,None,0,SOURCE_GROUNDED
OILPS_OSHA_03751,OSHA,"An employee approached the driver of a semi truck with a belly dumper trailer to notify them that they smelled burning brakes. While the employee was checking the front brakes, the brakes released and the truck rolled backward over their leg. The employee sustained a fractured leg, ankle, and toe.",Driving,,Driving,1,PROJECT_ANNOTATED_AI_ASSISTED
OILPS_IOGP_SPI_0208,IOGP_SPI,"During hot work activities to replace process lines, the flange of a service water line was broken. This resulted in a 
release of water followed by a hydrocarbon/water emulsion. There was no CO/LEL detected and the material was 
removed by flushing with service water. Despite a very minor, intermittent liquid release (droplets) from the open 
line, work activities continued to cut an upstream service water line. About 10-15 minutes later, a fire ignited from 
the open process nozzle.
142
Safety performance indicators – Process safety events – 2025 data
===PAGE_143===",None,,None,0,SOURCE_GROUNDED
OILPS_OSHA_02051,OSHA,An employee was re-dressing a setting tool. The employee's right little finger was caught between the setting sleeve and a mandrel porthole. The tip was amputated.,None,,None,0,PROJECT_ANNOTATED_AI_ASSISTED
OILPS_IOGP_HPE_0002,IOGP_HPE,"At around 4am on 1st of May, the two men on the crane were assigned to a new location. The operation involved 
depositing the counterweights. Following a counter-order from the supervisor, they had to carry out a final lift 
before going on to the new location. The spider chains were replaced on the counterweights. As the chains are 
lifted, one of the hooks gets caught in the guide of the counterweight. When the chains come off, they have a spring 
effect. The banksman can't reasonably control three of them and the fourth spins around him with his back lower. 
The spider chain hit the banksman at the back. The IP received pain killer treatment before transferring to hospital 
by chopper. The IP suffered a permanent impairment injury.",None,,None,0,SOURCE_GROUNDED
OILPS_OSHA_02144,OSHA,An employee was entering a production line to weld a tab on a pipe when the employee's left leg (between the ankle and knee) was caught and injured between a steel pipe and a roller breaker.,Energy Isolation,,Energy Isolation,1,PROJECT_ANNOTATED_AI_ASSISTED
OILPS_IOGP_HPE_0022,IOGP_HPE,Fly jib on mobile crane fell to the floor.,None,,None,0,SOURCE_GROUNDED
OILPS_OSHA_01138,OSHA,"An employee was installing an outrigger on a frac unit. The employee climbed a ladder to install the top pivot pin while a loader was positioning the outrigger. The top pin would not fully slide into place because the bottom pin's eye was not aligned properly. The employee dismounted the ladder and pushed the lower part of the outrigger to align the pins and eyes with the mount. When the employee placed the lower pin into the eyes, the top pin fell through the eyes and struck the employee's right hand, smashing the index and middle fingers.",Working at Height,,Working at Height,1,PROJECT_ANNOTATED_AI_ASSISTED
OILPS_IOGP_HPE_0009,IOGP_HPE,Release of propane from a temp. storage tank.,None,,None,0,SOURCE_GROUNDED
OILPS_IOGP_SPI_0123,IOGP_SPI,"During hot water flush, well started unloading, and the PSV released on the LP separator.",None,,None,0,SOURCE_GROUNDED
OILPS_IOGP_SPI_0092,IOGP_SPI,Vibration-related nipple failure released 23 bbl oil; partial recovery completed.,None,,None,0,SOURCE_GROUNDED
OILPS_OSHA_02650,OSHA,"While moving drums in the back of a delivery truck, an employee fell from the truck to the ground, suffering a concussion and head laceration. The employee was hospitalized.",Working at Height,Driving,Working at Height; Driving,2,PROJECT_ANNOTATED_AI_ASSISTED
OILPS_OSHA_03247,OSHA,"An employee was repairing a pack installation under tension. Upon pushing the pack, the employee sustained a left calf strain and was hospitalized.",None,,None,0,PROJECT_ANNOTATED_AI_ASSISTED
OILPS_OSHA_02262,OSHA,"An employee was pressure washing a roll-off box when the employee contacted the pressurized water, suffering a left foot injury.",Energy Isolation,,Energy Isolation,1,PROJECT_ANNOTATED_AI_ASSISTED
OILPS_OSHA_03368,OSHA,"An employee opened the hatch on an oil tank. The exposure to hydrogen sulfide and other gases caused the employee to become ill, dizzy, and lightheaded; the employee was hospitalized.",Confined Space,Toxic Gas / Hazardous Substance,Confined Space; Toxic Gas / Hazardous Substance,2,PROJECT_ANNOTATED_AI_ASSISTED
OILPS_OSHA_01763,OSHA,"An employee was dismantling a lubricant barrel with a torch when it exploded. The explosive force blew out the bottom of the drum, which flew up and struck the employee's face, smashing the welding helmet he was wearing, sending him backwards, and causing him to hit his head on the concrete floor. He suffered facial lacerations, a skull fracture, and bleeding on the brain.",Hot Work,,Hot Work,1,PROJECT_ANNOTATED_AI_ASSISTED
OILPS_OSHA_00818,OSHA,"An employee was working on the rig floor when a traveling block fell and struck him, fracturing his clavicle and ribs.",None,,None,0,PROJECT_ANNOTATED_AI_ASSISTED
OILPS_IOGP_SPI_0113,IOGP_SPI,"Tank leaked due to internal corrosion, spilling 111 bbl. oil inside unlined berm; 17 bbl. recovered.",None,,None,0,SOURCE_GROUNDED
OILPS_IOGP_SPI_0180,IOGP_SPI,"During routine gas injection operations on an offshore production unit, a sudden drop in pressure and an increase 
in flow were detected in one of the flexible gas injection lines. Upon investigation, it was discovered that the line had 
ruptured at a deep-water connector, leading to an uncontrolled release of flammable gas mixture. The event did 
not result in injuries or environmental impact but caused significant material loss. Following the detection, the gas 
injection was manually stopped to contain the release, and remote inspections confirmed the subsea failure.",None,,None,0,SOURCE_GROUNDED
OILPS_OSHA_03581,OSHA,"An employee was near a hybrid separator when it malfunctioned, resulting in a flash fire that burned the employee's upper body.",Hot Work,Confined Space,Hot Work; Confined Space,2,PROJECT_ANNOTATED_AI_ASSISTED
OILPS_IOGP_HPE_0049,IOGP_HPE,"A forklift operator was pulling a service hose from the backyard to the rig location, the operator raised the boom 
to a higher position. During this operation, the boom came into contact with a deadline data cable positioned 
approximately 5 meters high on overhead line stands. As a result, the cable fell and sustained minor damage. There 
were no injuries or harm to personnel",None,,None,0,SOURCE_GROUNDED
OILPS_IOGP_SPI_0128,IOGP_SPI,"Upon arriving for rounds, operator discovered that the flowline had developed a leak underground and was flowing 
to the surface.",None,,None,0,SOURCE_GROUNDED
OILPS_OSHA_02035,OSHA,"Two employees were in a trailer. A lit cigarette ignited gas that had leaked from a propane tank in the trailer, causing an explosion. Both employees suffered second-and third- degree burns to the hands, arms, and face.",Hot Work,,Hot Work,1,PROJECT_ANNOTATED_AI_ASSISTED
OILPS_IOGP_HPE_0010,IOGP_HPE,"A 9 kg metal plate detached from the conveyor railway and fell approximately 6.5–10 m onto the deck below.
No personnel were struck; however, dropped-object energy indicated fatality potential.
The plate was originally installed as a dropped-object prevention measure. Over time it deteriorated and was 
displaced due to a misaligned and stretched conveyor belt, which pushed the plate out of position.
Operations on the starboard conveyor were stopped, the area below was barricaded, and a rope-access inspection 
of similar installations was initiated.",None,,None,0,SOURCE_GROUNDED
OILPS_OSHA_03360,OSHA,Two employees were working on a perforating gun when it detonated in the shop. One employee suffered burns to the hands and hearing loss. The other employee's left hand was amputated and they sustained burns to the upper torso. Both employees were hospitalized.,None,,None,0,PROJECT_ANNOTATED_AI_ASSISTED
OILPS_OSHA_00467,OSHA,"An employee was hydrostatic pressure-testing a section of pipeline when a pipe coupling separated and struck him in the face, lacerating his upper lip and causing dental trauma.",Energy Isolation,,Energy Isolation,1,PROJECT_ANNOTATED_AI_ASSISTED
OILPS_OSHA_00308,OSHA,An employee was overcome by heat stress while conducting oil-well servicing operations.,None,,None,0,PROJECT_ANNOTATED_AI_ASSISTED
OILPS_OSHA_03687,OSHA,"An employee was removing a pipe from his truck when his middle finger got caught in the D ring on the pipe, resulting in a fingertip amputation up to the first knuckle.",Line of Fire,Driving,Line of Fire; Driving,2,PROJECT_ANNOTATED_AI_ASSISTED
OILPS_IOGP_SPI_0050,IOGP_SPI,"A leak was detected on the 3” Ø liquids line toward the battery limit, which is currently out of operation.
Actions: It was verified that the valves of the liquids circuit were closed; the area around the central rack where the 
line runs was barricaded, and maintenance and inspection personnel were notified for evaluation.",None,,None,0,SOURCE_GROUNDED
OILPS_IOGP_FATAL_0011,IOGP_FATAL,Fatality during Well Surveillance.,None,,None,0,SOURCE_GROUNDED
OILPS_OSHA_00125,OSHA,An employee was transferring product from a tote to a truck when static caused vapors to ignite. The employee was burned on the abdomen and face and has a possible broken ankle.,Driving,,Driving,1,PROJECT_ANNOTATED_AI_ASSISTED
OILPS_OSHA_02645,OSHA,"On September 9, 2020, an employee was attempting to start a vibrating tamper in order to continue compacting backfill material in a completed excavation. The employee pulled the starter cord multiple times. After the pull which started the engine, the pull cord of the vibrating tamper did not recoil correctly. The employee gathered the excess cord in his left hand in order to prevent an additional slip, trip, or fall hazard. When he engaged the throttle of the machine with his right hand, the pull cord retracted, wrapped around the employee s left thumb, and caused a partial amputation of the thumb tip.",None,,None,0,PROJECT_ANNOTATED_AI_ASSISTED
OILPS_OSHA_00575,OSHA,"An employee was welding on the access door to a 21,000 gallon tank containing an asphalt product identified as AC. A flame was observed, by the spotter, moments before a blast. The welder was blown into the air and landed on the platform. The welder sustained burns and was hospitalized.",Hot Work,,Hot Work,1,PROJECT_ANNOTATED_AI_ASSISTED
OILPS_OSHA_03002,OSHA,"An employee was troubleshooting a compressor that had shut down. The employee believed that a 1-inch choke nipple was plugged and drained fluids via the dump line to check the choke nipple. The employee then loosened a union and a flash fire occurred, burning the employee's hands and face.",Energy Isolation,Hot Work,Energy Isolation; Hot Work,2,PROJECT_ANNOTATED_AI_ASSISTED
OILPS_OSHA_03711,OSHA,"On April 29, 2024, at around 8:45 AM, an employee was making a fuel delivery to a 300-gallon fuel tank that was located on top of pea gravel at a customer's site. The gravel started to shift during the delivery and the employee jumped from their step ladder about 24-30 inches to the gravel to avoid the tank and then fell. The employee sustained a laceration to their left eyebrow and three broken ribs on their left side.",Working at Height,Hot Work,Working at Height; Hot Work,2,PROJECT_ANNOTATED_AI_ASSISTED
OILPS_OSHA_00816,OSHA,"An employee was working on the engine of a compressor when a flash fire occurred, burning the employee's hands and face. He was hospitalized.",Hot Work,,Hot Work,1,PROJECT_ANNOTATED_AI_ASSISTED
OILPS_OSHA_01842,OSHA,"An employee was flagging trucks into a job site when a pickup truck drove through the construction zone and struck the employee, who suffered two broken ribs and a bruised elbow.",Driving,,Driving,1,PROJECT_ANNOTATED_AI_ASSISTED
OILPS_OSHA_00678,OSHA,"An employee was performing tank gauging on a produced water tank. After opening the tank's thief hatch, the employee was exposed to hydrogen sulfide, suffering headaches and nausea.",Confined Space,Toxic Gas / Hazardous Substance,Confined Space; Toxic Gas / Hazardous Substance,2,PROJECT_ANNOTATED_AI_ASSISTED
OILPS_OSHA_01014,OSHA,"An employee was removing a threaded grease fitting from a valve. As the fitting came loose, it struck the employee's hand. Air, water, and grease also released with some pressure. The pressure or the fitting lacerated the employee's hand between the thumb and forefinger and abraded the skin between the thumb and wrist. The employee was hospitalized and had surgery.",Energy Isolation,,Energy Isolation,1,PROJECT_ANNOTATED_AI_ASSISTED
OILPS_OSHA_02280,OSHA,"Employees were at site to plug a well and were pulling casing from the well and laying them on a skid. An employee who was standing on a metal bench/stool lost his footing. The case fell off the rack and struck him in the right leg, breaking his tibia and fibula. He was hospitalized and had surgery.",None,,None,0,PROJECT_ANNOTATED_AI_ASSISTED
OILPS_OSHA_01687,OSHA,"An employee was working outside on July 17, 2018, preparing for the next day's job when he started not feeling well. The next day, July 18, 2018, the employee was at a customer location working and started vomiting and was unable to keep any fluids down. The employee was hospitalized for heat exhaustion and renal failure.",None,,None,0,PROJECT_ANNOTATED_AI_ASSISTED
OILPS_IOGP_SPI_0049,IOGP_SPI,"During a drone inspection along the Right of Way of the 16” Ø crude oil pipeline, a loss of containment was detected 
at km 31+812, which was subsequently confirmed by pipeline personnel, in a low-lying flood-prone area. Provisional 
repair work was initiated with the installation of a clamp; however, at 20:00 h it was determined that the clamp 
could not be installed because the assessment indicated a longitudinal weld failure of approximately 60 cm, caused 
by electric resistance welding, located at the 7 o’clock position.",None,,None,0,SOURCE_GROUNDED
OILPS_IOGP_SPI_0002,IOGP_SPI,"On 9th November 2025 at about 1427hrs during a routine draining operation, there was loss of primary containment 
at the saver pit that went into the slot jetty area. Immediate action taken: 
1. Draining stopped. 
2. The outlet sluice gate was immediately closed. 
3. A containment boom deployed at the slot jetty.",None,,None,0,SOURCE_GROUNDED
OILPS_OSHA_03667,OSHA,"An employee was trying to restart an engine on a compressor that went down. The engine flywheel and starter were not aligned. The employee attempted to use a bar to roll over the flywheel when built-up air pressure caused the entire engine to roll over. The bar then slammed into the employee's left arm, resulting in an injury.",Energy Isolation,,Energy Isolation,1,PROJECT_ANNOTATED_AI_ASSISTED
OILPS_OSHA_03788,OSHA,An employee was walking up the steps to shut off a sprayer when he fell from the steps. The employee injured his right heel and fractured his left tibia and was hospitalized.,Working at Height,,Working at Height,1,PROJECT_ANNOTATED_AI_ASSISTED
OILPS_IOGP_SPI_0141,IOGP_SPI,"Water tank ruptured on the top due to overpressure from a mechanical fault on a water control valve on production 
separator.",None,,None,0,SOURCE_GROUNDED
OILPS_OSHA_01949,OSHA,"An employee was walking in packed snow when the employee slipped and fell to the ground, suffering a fractured right femur.",None,,None,0,PROJECT_ANNOTATED_AI_ASSISTED
OILPS_IOGP_SPI_0093,IOGP_SPI,"Vibration failure on lease automatic custody transfer 130 discharge pressure transmitter caused 80 bbl oil spill; 60 
bbl recovered.",None,,None,0,SOURCE_GROUNDED
OILPS_OSHA_03797,OSHA,"An employee was positioning a pipe for welding when his left middle finger got pinched between the pipe and a spacer, resulting in a fingertip amputation.",Hot Work,,Hot Work,1,PROJECT_ANNOTATED_AI_ASSISTED
OILPS_OSHA_01942,OSHA,An employee was walking on the company road to work when he was struck by another employee who was driving a car away from the premises. He suffered a spinal injury and head laceration.,Line of Fire,,Line of Fire,1,PROJECT_ANNOTATED_AI_ASSISTED
OILPS_IOGP_SPI_0219,IOGP_SPI,"A manual emergency shutdown was initiated following a report of a valve flange leakage in a relief line to the flare 
header. Investigation after shutdown concluded that the flange fasteners were under-torqued.",None,,None,0,SOURCE_GROUNDED
OILPS_OSHA_03559,OSHA,"An employee was drawing off an asphalt cement sample when the hot asphalt splashed onto the employee's face, resulting in burns.",None,,None,0,PROJECT_ANNOTATED_AI_ASSISTED
OILPS_OSHA_01003,OSHA,An employee was welding pipes when his left index and middle finger were caught and amputated in a pipe clamp.,Hot Work,,Hot Work,1,PROJECT_ANNOTATED_AI_ASSISTED
OILPS_OSHA_00043,OSHA,"On 1/21/15 at about 16:20 pm a worker was hit by the tongs on his right arm, chest, and leg. He was transported to OU Medical Center where his right hand was amputated. Immediately before the accident the drilling line was stuck. The snub line connected to the tongs snapped causing the tongs to swing around and hit the worker.",Line of Fire,,Line of Fire,1,PROJECT_ANNOTATED_AI_ASSISTED
OILPS_IOGP_SPI_0217,IOGP_SPI,"During preparations to install and test a blowout preventer (BOP) on a re-entry well, a downhole isolation 
arrangement was in place and surface checks indicated no pressure. While the work sequence was progressing 
toward BOP pressure/function testing, the well flowed and released steam and reservoir fluids to surface. 
Personnel evacuated the immediate area and the well was shut in using the BOP blind rams; the release lasted 
approximately four minutes.",None,,None,0,SOURCE_GROUNDED
OILPS_IOGP_HPE_0043,IOGP_HPE,"During the night shift, the crew attempted to release an anchor latch tool from a permanent packer using a straight 
pull of 60 klbs (including 55 klbs string weight) without success. Following contractors’ procedures, the string 
was tensioned with 5 klbs over string weight and rotated manually, but no movement was observed. Based on 
contractors’ instructions, power tongs were partially used due to the absence of a power swivel on site.
During the sixth right-hand turn with a 5 klbs overpull, the 2-7/8"" tubing coupling connected to the safety valve backed 
off and fell approximately 21 ft onto the rig floor, then a further 14 ft to the ground. At the same time, the tubing string 
settled approximately 6 ft into the packer. The combined weight of the coupling and safety valve was 36.5 kg.",None,,None,0,SOURCE_GROUNDED
OILPS_OSHA_02207,OSHA,"An employee was working on trucks when his shop rag ignited from a spark, causing his clothing to catch on fire. He sustained burns on his arms and legs and was hospitalized.",Hot Work,,Hot Work,1,PROJECT_ANNOTATED_AI_ASSISTED
OILPS_IOGP_SPI_0134,IOGP_SPI,"A localized flash fire occurred inside the injection compressor’s 1st stage knockout (KO) drum within a central 
facility. Personnel had entered the drum to clean and demolish internal components in preparation for system 
upgrades. Non-intrinsically safe lighting and tools had been permitted under a hot work permit along with 
appropriate confined space entry permit. Flammable vapors ignited resulting in burns.",None,,None,0,SOURCE_GROUNDED
OILPS_IOGP_HPE_0057,IOGP_HPE,"A telehandler operator was moving a 714kg pipe spool when he observed a trailer blocking his access. The operator 
pulled the telehandler over to the side waiting for the trailer to move away. When the trailer moved, the operator 
started to reverse the telehandler. After reversing approximately 2 metres, the front right tyre of the telehandler 
failed and exploded. The release of pressure ejected the tyre 7 metres away from the telehandler. The primary 
locking rim (weight 19.3kg) and the secondary locking rim (weight 2.3kg) were ejected from the split rim, causing 
the primary locking rim to land 50 metres away and the secondary locking rim to land 70 metres away. No injuries 
were reported. The Flagman and Rigger were positioned behind the telehandler approximately 5 metres away.",None,,None,0,SOURCE_GROUNDED
OILPS_IOGP_HPE_0048,IOGP_HPE,"A Contractor scaffolder was dismantling a scaffold by removing a 3m high scaffold standard at a height of 11.5m, 
without using lanyards and passing the scaffold standard to a colleague below.",None,,None,0,SOURCE_GROUNDED
OILPS_IOGP_SPI_0029,IOGP_SPI,"During a routine condensate tanker loading operation at Loading Bay, an overfill occurred resulting in an 
estimated loss of 1040 kg of condensate. The event resulted from the failure of the High-High level switch, which 
did not initiate the automatic system shutdown as designed. The abnormal condition was identified through 
CCTV monitoring, which revealed the product overflow. Immediate intervention was undertaken by activating the 
emergency shutdown push button, thereby halting loading operations.
Safety performance indicators – Process safety events – 2025 data
25

===PAGE_26===",None,,None,0,SOURCE_GROUNDED
OILPS_OSHA_00727,OSHA,"While climbing off a work platform, an employee lost his grip on the side rail and his leg was caught between the rail and platform. His leg was severed and required hospitalization.",None,,None,0,PROJECT_ANNOTATED_AI_ASSISTED
OILPS_OSHA_03290,OSHA,"Employees were performing a tubing integrity test. As they were blowing down the pressure from the casing, the nipple assembly came off the casing valve flange onto the ground. The nipple threads and casing valve flange threads failed with the pressure, causing the employees to be pushed to the ground. The injured employee sustained a head injury and was hospitalized.",Energy Isolation,,Energy Isolation,1,PROJECT_ANNOTATED_AI_ASSISTED
OILPS_IOGP_SPI_0162,IOGP_SPI,"A fire occurred at the diesel pumping station caused by a product release due to high vibration from the pump’s 
mechanical seal at an operating temperature of 250-260°C.",None,,None,0,SOURCE_GROUNDED
OILPS_IOGP_SPI_0114,IOGP_SPI,Power loss caused inlet valve to fail open and tanks overflowed; manual valve closed until power restored.,None,,None,0,SOURCE_GROUNDED
OILPS_OSHA_00321,OSHA,"An employee was installing light posts when the derrick truck swung the light post and contacted the power line behind them. The trailer holding the post became energized, and the employee received severe electrical burns.",Working at Height,Driving,Working at Height; Driving,2,PROJECT_ANNOTATED_AI_ASSISTED
OILPS_IOGP_SPI_0020,IOGP_SPI,"The puncture is on the pipeline between #6 and #7, approx. 100 m from the #6 collector. The powerfully flowing gas 
completely carried away the soil from the backbone pipeline. Since we were not able to identify which backbone 
pipeline had a puncture at first, we closed all wells at the #6 collecting station at 09:30. VO, TO, OK are running next 
to each other. After identifying the faulty pipeline, we started depressurizing the #7 collecting station. The leaked 
gas could be 10000 Nm3. The restart of the #6 wells is currently in progress. #6 daily production: Br: 685.4 m3/d 
N: 22.5 m3/d, OK: 13,700 Nm3/d, sg: 90,100 Nm3/d. From the #7 collector, the OK gas is distributed towards the 
station, through which it arrives at the gas plant.",None,,None,0,SOURCE_GROUNDED
OILPS_OSHA_03067,OSHA,An employee was assisting with moving a length of pipe. The employee tripped and was run over by an excavator resulting in fractures to the lower body.,None,,None,0,PROJECT_ANNOTATED_AI_ASSISTED
OILPS_IOGP_HPE_0069,IOGP_HPE,"On May 20, 2025, a worker was engaged in repositioning a spec blind from the closed to the open position on the 
flare line, in preparation to de-isolate the unit for commissioning activities. During this activity, the worker was 
exposed to a gas/energy release from the down steam side of the isolated gate valve at the open flange pair. Worker 
required rescue from heights and was provided onsite first aid; worker was transported to a local hospital for 
further medical assessment where it was determined worker sustained bruised ribs and a concussion. Worker was 
released from hospital the same day.",None,,None,0,SOURCE_GROUNDED
OILPS_OSHA_04168,OSHA,"An employee was making rounds to collect readings from petroleum tanks. He followed a pathway that had several ground-level protrusions from decommissioned pipe conduits, electrical grounding, and a support strut. The employee tripped on a conduit stub, lost his balance, and fell, landing on his left hip. He was hospitalized with a broken left hip.",None,,None,0,PROJECT_ANNOTATED_AI_ASSISTED
OILPS_OSHA_00589,OSHA,"While stepping onto an assembly, an employee tripped on the edge and fell forward. The employee's jaw struck an angle iron and broke in three places.",None,,None,0,PROJECT_ANNOTATED_AI_ASSISTED
OILPS_IOGP_SPI_0181,IOGP_SPI,"During a fluid recirculation operation between storage tanks, an unintended release of crude oil occurred into the 
sea. The operation aimed to measure hydrogen sulfide levels present in a slop tank, routing the fluid through an 
analyzer. It was later discovered that oil from the oil phase from the tank, had passed through the discharge system 
due to the failure in a valve, resulting in a significant environmental impact.",None,,None,0,SOURCE_GROUNDED
OILPS_OSHA_03520,OSHA,"Employees were installing an inline pole to increase the ground clearance of a sagging power line. Once the new pole was in place, the employee in the bucket truck attached the energized line to the jib on the new pole. As the employees finished emplacing the new pole, the energized line (7,620 volts) broke loose from the jib on the new pole. Due to the sag in the energized wire, it dropped low enough to contact the boom of the digger derrick truck. Two employees standing next to the truck sustained an electrical shock.",Working at Height,Driving,Working at Height; Driving,2,PROJECT_ANNOTATED_AI_ASSISTED
OILPS_IOGP_HPE_0011,IOGP_HPE,"At approximately 06:30, lifting operations were being conducted to move spools from the main deck to the cellar/
sub-cellar deck.
Because no direct lifting path existed, the crew chose to lift the load through a slickline hatch, which constituted 
a complex lift and was not covered by the approved PTW. The crane operator had no line of sight and was 
communicating by radio only.
During lifting, the hook snagged the hatch plate. The rigger, who was standing on the hatch cover to guide the load, 
attempted to stop the lift. The plate dislodged and the rigger fell approximately 6.5 m to the deck below.
The injured person was medevaced with serious injuries. The event had clear fatality potential.",None,,None,0,SOURCE_GROUNDED
OILPS_OSHA_03366,OSHA,"An employee was participating in work over rig operations. As they were tying ahead, they were caught in the spool and sustained fractures of the tibia, fibula, scapula, and pelvis.",Line of Fire,,Line of Fire,1,PROJECT_ANNOTATED_AI_ASSISTED
OILPS_IOGP_SPI_0058,IOGP_SPI,"Compressor blowdown led to a release of 251,284 Kg (9,289 MSCF) of natural gas into the atmosphere.
The event was classified a tier 1 LOC.
This event was caught by our methane flyover program.",None,,None,0,SOURCE_GROUNDED
OILPS_OSHA_01348,OSHA,An employee stepped into an area where hot condensate was present and sustained a condensate burn to the lower right leg.,None,,None,0,PROJECT_ANNOTATED_AI_ASSISTED
OILPS_OSHA_03569,OSHA,"Two employees were removing residual hot mix asphalt with a torch inside a silo before mixing a new batch of asphalt. The asphalt became hot enough to ignite fumes inside the silo, which resulted in a flash fire. Both employees sustained burns to their hands, arms, and face.",Hot Work,,Hot Work,1,PROJECT_ANNOTATED_AI_ASSISTED
OILPS_OSHA_02381,OSHA,"An employee was attempting to tack weld and repair a tubular steel livestock gate. The gate was in a bind due to a broken component and was positioned in such a way that a gap was present between the broken component and anchoring rail. As the employee placed the left hand on the anchoring rail, it dropped, pinching the soft tissue of the employee's left index finger between the component and anchor. As the employee pulled the hand back, the employee's left index finger was amputated (without bone loss).",Safe Mechanical Lifting,,Safe Mechanical Lifting,1,PROJECT_ANNOTATED_AI_ASSISTED
OILPS_OSHA_03277,OSHA,"On December 12, 2022, an employee was tying over a gas line using an impact gun when the gun caused sparks that resulted in a flash fire. The employee suffered burns to their face and hands.",Hot Work,,Hot Work,1,PROJECT_ANNOTATED_AI_ASSISTED
OILPS_OSHA_00795,OSHA,"An employee was driving downhill to return a UTV (utility terrain vehicle) to a truck when he lost control and capsized, breaking 11 ribs.",Driving,,Driving,1,PROJECT_ANNOTATED_AI_ASSISTED
OILPS_OSHA_00277,OSHA,"An employee got caught between a trailer and truck while directing the truck driver to back up. The employee's leg was crushed, and the employee was hospitalized.",Driving,,Driving,1,PROJECT_ANNOTATED_AI_ASSISTED
OILPS_OSHA_02361,OSHA,"On October 15, 2019, an employee was attempting to secure a barge when his right hand was crushed and lacerated by the winch wheel.",Safe Mechanical Lifting,,Safe Mechanical Lifting,1,PROJECT_ANNOTATED_AI_ASSISTED
OILPS_OSHA_00357,OSHA,"On September 14, 2015, at approximately 10:30am, a worker suffered an amputation of the left pinky finger just above the palm while unloading pipe from a pipe trailer. The employee was standing towards the tractor side of the trailer and a side boom with sling was unloading the pipe. The load was lowered near the tractor in an effort to raise the pipe above the back stanchion on the trailer. As the pipe slowly moved, the load struck a stanchion or DOT fender and the employee's hand was crushed in the load of pipe. No tag line was used.",Safe Mechanical Lifting,,Safe Mechanical Lifting,1,PROJECT_ANNOTATED_AI_ASSISTED
OILPS_OSHA_01734,OSHA,"An employee was setting up five mud tanks and a mud pump. While he was hooking up the fifth mud tank to the fourth mud tank, a gap formed between the hose to the union. He inched the cable over multiple times to close the gap. Then, the driver lifted the mud tank up, which caused the cable line to pull the employee's finger between the truck roller, resulting in an amputation of the end of his left index finger.",Driving,,Driving,1,PROJECT_ANNOTATED_AI_ASSISTED
OILPS_IOGP_SPI_0205,IOGP_SPI,"On 7th July 2025 at 15:03 hrs, a hydrocarbon gas release occurred onboard the FPSO from anti-surge valve (part 
of the gas compression system). Gas detectors were activated and an Emergency Shutdown Level 2 (ESD-2) was 
triggered, resulting in a full production shutdown. The Emergency Response Team confirmed stem leakage on the 
anti-surge valve.
The valve was isolated and inspected. Only remnants of stem packing were found. A temporary in-situ repair 
was attempted using graphite split and braided rings, but the installation sequence was incorrect. The valve was 
therefore not leak-tested and sent onshore for further assessment.",None,,None,0,SOURCE_GROUNDED
OILPS_OSHA_00035,OSHA,Two employees were burned when a bubble tower exploded creating a flash fire during maintenance work on a well site.,Hot Work,,Hot Work,1,PROJECT_ANNOTATED_AI_ASSISTED
OILPS_IOGP_SPI_0086,IOGP_SPI,Internal corrosion on tester oil leg caused 21.5 bbl spill; remediation planned.,None,,None,0,SOURCE_GROUNDED
OILPS_OSHA_01886,OSHA,An employee's hand was on a cable that was being used to lift a pipe from a rig when his finger was amputated.,None,,None,0,PROJECT_ANNOTATED_AI_ASSISTED
OILPS_OSHA_00367,OSHA,An employee was working on a heater when the fuel gas system detonated and caused a flash fire. The employee was burned on the right side of the face and ear.,Hot Work,,Hot Work,1,PROJECT_ANNOTATED_AI_ASSISTED
OILPS_OSHA_02405,OSHA,"Employees were working to remove and change the air swivel on the down the hole hammer (DTH) machine. They were using a 60"" pipe wrench weighing 60lbs. to loosen the drill steel by over-torqueing the pipe wrench and wedging it against the mast while rotating the drill steel in a counter direction. After some attempts, the DTH operator approached to help Employee 2. The drill then rotated and the pipe wrench contacted the right side of Employee 2's face, knocking him to the ground. The wrench then struck the DTH operator on the hard hat. Both employees were taken to the hospital. The DTH operator was released from the hospital after an evaluation. Employee 2 was hospitalized with multiple fractures to his jaw and cheek bone on the right side of the face.",Working at Height,,Working at Height,1,PROJECT_ANNOTATED_AI_ASSISTED
OILPS_OSHA_00908,OSHA,"On February 19, 2017, an employee slid down a containment mat and struck a pressure gauge on the wellhead while attempting to pull slack in a wire line. He suffered a rib injury that required hospitalization.",Energy Isolation,,Energy Isolation,1,PROJECT_ANNOTATED_AI_ASSISTED
OILPS_OSHA_03637,OSHA,"An employee was attempting to clear blockage from a clogged line when a valve closed on his left middle fingertip, resulting in an amputation.",Energy Isolation,,Energy Isolation,1,PROJECT_ANNOTATED_AI_ASSISTED
OILPS_OSHA_03521,OSHA,"Employees were at a closed 3-inch loop pipe to test meters. The system had a leak and the injured employee went to fix it. The injured employee was removing a valve when he was struck in the head with approximately 50 psi of air pressure. He was knocked into a chain link fence, sustained a concussion and had a seizure due to the injury. He was hospitalized.",Energy Isolation,,Energy Isolation,1,PROJECT_ANNOTATED_AI_ASSISTED
OILPS_IOGP_SPI_0023,IOGP_SPI,Loss of Primary Containment – Methanol Release from T-67114,None,,None,0,SOURCE_GROUNDED
OILPS_OSHA_00864,OSHA,An employee was found unresponsive inside of a trailer with a running generator. He was hospitalized for carbon monoxide exposure.,None,,None,0,PROJECT_ANNOTATED_AI_ASSISTED
OILPS_OSHA_02411,OSHA,"While working on a saltwater disposal system, an employee was checking the rotation of a pump and noticed the oil tank was bulging at the bottom. The employee ran to get away from it when a flash fire erupted. The employee sustained second degree burns to the face, lower back, and both hands.",Hot Work,,Hot Work,1,PROJECT_ANNOTATED_AI_ASSISTED
OILPS_OSHA_03239,OSHA,"During the filming of a television scene, an employee tripped on the electrical cord for a Christmas tree. She fell to the floor and suffered a broken left hip.",None,,None,0,PROJECT_ANNOTATED_AI_ASSISTED
OILPS_IOGP_HPE_0034,IOGP_HPE,"Scaffold pole dropped to deck during handling operations. No injuries however dropped object calculator indicates 
fatality as worst case potential outcome.",None,,None,0,SOURCE_GROUNDED
OILPS_OSHA_00102,OSHA,"An employee was draining condensate out of the treater line when a flash fire occurred, causing second degree burns.",Hot Work,,Hot Work,1,PROJECT_ANNOTATED_AI_ASSISTED
OILPS_OSHA_04111,OSHA,"An employee was walking around equipment, tripped over hydraulic lines and fell to the ground. The employee sustained a broken hip.",None,,None,0,PROJECT_ANNOTATED_AI_ASSISTED
OILPS_IOGP_SPI_0161,IOGP_SPI,"During late-afternoon operations, a small-diameter tubing connection failed resulting in a nitrogen release from 
a high-pressure nitrogen line. A nearby worker was startled by the sudden release and injured his shoulder while 
moving away from the area.",None,,None,0,SOURCE_GROUNDED
OILPS_OSHA_01353,OSHA,"An employee was attempting to adjust a glycol wrap on a pipe when it shifted. High-pressure water then exited the pipe and struck the employee, knocking him to the ground and breaking his ulna.",Energy Isolation,,Energy Isolation,1,PROJECT_ANNOTATED_AI_ASSISTED
OILPS_OSHA_01375,OSHA,"An employee was blowing off pressure on a field natural gas compressor when a pipe about 3 feet long pulled out of the threads and hit the employee, causing blunt force trauma to the face, arm, and shoulder.",Energy Isolation,,Energy Isolation,1,PROJECT_ANNOTATED_AI_ASSISTED
OILPS_OSHA_01693,OSHA,"While welding a tab to the end of a pipe, an employee was struck in the head by another pipe that was being moved laterally by another employee. The employee suffered an epidural hematoma.",Hot Work,,Hot Work,1,PROJECT_ANNOTATED_AI_ASSISTED
OILPS_OSHA_02197,OSHA,Two employees were moving a 2-inch iron pipe to their acid pump truck when the injured employee's right ring finger was caught between the pipe and the pipe rack it rested on. He suffered an open fracture to the fingertip.,Toxic Gas / Hazardous Substance,Driving,Toxic Gas / Hazardous Substance; Driving,2,PROJECT_ANNOTATED_AI_ASSISTED
OILPS_OSHA_02600,OSHA,"An employee stepped out of a pickup truck, which began to move. The employee fell and the truck ran over the employee's right leg, causing tibia and fibula fractures that required surgery.",Driving,,Driving,1,PROJECT_ANNOTATED_AI_ASSISTED
OILPS_IOGP_SPI_0039,IOGP_SPI,"On 31st May 2025 at 20:45hr, a loud jetting sound from heard from unmanned offshore platform. Emergency 
shutdown (ESD) was initiated from at 21:05 hr. The operating pressure of the isolated pressure differential 
transmitter (PDT) line decreased from 104 barg to 82 barg within 1 hour following ESD activation. The line with PDT 
was operating at 104 barg and 60°C with 0.8 mol% of H2S. The static inventory of 7550kg depleted and pressure 
dropped from 104 barg to 0 barg over 15 hours.",None,,None,0,SOURCE_GROUNDED
OILPS_OSHA_00158,OSHA,"An employee was adjusting a belt on a power washer. While checking the tension, the pump turned back on. This kicked the wrench away from the employee's hand and pulled his hand into the machine. His right little fingertip was amputated, and his right thumb was lacerated.",None,,None,0,PROJECT_ANNOTATED_AI_ASSISTED
OILPS_OSHA_02559,OSHA,"An employee was lowering a transfer hose between two liquid cargo barges. The winch started to free-spool and the hand crank came out of its seat. The employee was putting the hand crank back in to stop the winch from free-spooling, when the gears on the winch caused a partial amputation of a finger on the right hand and a fracture.",Safe Mechanical Lifting,,Safe Mechanical Lifting,1,PROJECT_ANNOTATED_AI_ASSISTED
OILPS_OSHA_02047,OSHA,"At about 11:20 a.m. on March 14, 2019, a truck driver was working on top of a tractor trailer to check the fuel level. A gust of wind blew the employee off the top of the trailer. The employee suffered broken bones and was hospitalized.",Driving,,Driving,1,PROJECT_ANNOTATED_AI_ASSISTED
OILPS_OSHA_01668,OSHA,"An employee was about to climb a 15-foot chain ladder to exit a horizontal vessel. When he stepped onto the ladder, it became unstable and he fell. He landed on his back on the vessel's floor, suffering multiple broken vertebrae.",Working at Height,,Working at Height,1,PROJECT_ANNOTATED_AI_ASSISTED
OILPS_IOGP_SPI_0098,IOGP_SPI,"Head gasket failure on first stage cylinder released 2,948 lbs CO2; no hazardous atmosphere detected and no 
personnel affected.",None,,None,0,SOURCE_GROUNDED
OILPS_OSHA_04002,OSHA,"While fueling a truck, an employee observed a pool of liquid, then noticed mist coming from a pipe. The employee developed respiratory symptoms resembling those of ammonia exposure.",Driving,,Driving,1,PROJECT_ANNOTATED_AI_ASSISTED
OILPS_IOGP_SPI_0007,IOGP_SPI,"On 04 September 2025, an uncontrolled release of approximately 1,064 kg of hydrocarbon and inert gas mixture 
occurred from the cargo tank vent lines on an FPSO, resulting in Emergency Shutdown activation. The release was 
caused by valves 64HCV0001 and 64HCV0002 opening unexpectedly during a reboot of controller.",None,,None,0,SOURCE_GROUNDED
OILPS_OSHA_01361,OSHA,An employee fell from a flatbed trailer to the ground while securing a load. He landed on his right leg and injured his pelvis.,Working at Height,,Working at Height,1,PROJECT_ANNOTATED_AI_ASSISTED
OILPS_OSHA_02468,OSHA,"Employees were working to remove a blow-out preventer (BOP) by dragging it with a tandem bed truck on the BOP skid from between two rig subs during rig-down operations. An employee was spotting the BOP skid as it was being pulled out by a tandem bed truck so it did not contact the rig sub's cylinders. He was standing on each side of the BOP skid directly beside the gas well cellar that the BOP had been removed from in order to watch the skid pass the cylinders and communicate with the bed truck operator as he pulled the skid away from the spotters. At the time, the well cellar guards had been removed from around the BOP, as is required to disconnect the BOP and lay it over on the skid. The employee stepped back into the cellar opening and fell 4 feet down onto a metal work platform and toe board, resulting in a broken collar bone, broken ribs, and a punctured lung.",Working at Height,Driving,Working at Height; Driving,2,PROJECT_ANNOTATED_AI_ASSISTED
OILPS_OSHA_00430,OSHA,An employee stepped into an uncovered hole and sprained their back.,None,,None,0,PROJECT_ANNOTATED_AI_ASSISTED
OILPS_IOGP_SPI_0097,IOGP_SPI,"Sour water pre-filter O-ring leak triggered H2S alarms; facility isolated, ventilated, and area reclassified from air-
pack available to carry zone.",None,,None,0,SOURCE_GROUNDED
OILPS_OSHA_00455,OSHA,An employee was welding a trailer fender. The tire burst and debris struck the welding mask causing a facial laceration and temporary vision impairment. The injured employee was hospitalized.,Energy Isolation,Hot Work,Energy Isolation; Hot Work,2,PROJECT_ANNOTATED_AI_ASSISTED
OILPS_OSHA_00837,OSHA,"An employee had just finished lifting a shale bin using two loaders (one with a stinger, chain, and lifting equipment) in order to place matting underneath. Once the matting was in place, the employee directed the loader to lower the bin until there was enough slack in the lifting chain to remove it. As the employee grabbed the eye of the lifting chain to unhook it, the operator of the loader bumped the controls with his knee, causing the chain to tighten and pinch the employee's right middle finger between the bin and the chain. The employee's right middle finger was amputated between the middle and upper joint, and the employee was hospitalized.",None,,None,0,PROJECT_ANNOTATED_AI_ASSISTED
OILPS_IOGP_SPI_0126,IOGP_SPI,Cooler pressure safety valve released.,None,,None,0,SOURCE_GROUNDED
OILPS_IOGP_SPI_0018,IOGP_SPI,"A leak of Corrosion Inhibitor (CI) occurred at one of the remote wellhead platforms. The source of the leak was 
identified at the bleed ring plug of the storage tank’s level transmitter, which had become dislodged and came off 
from the fitting. The leak was isolated, and an estimated 4,600 litres of CI was released from the tank.",None,,None,0,SOURCE_GROUNDED
OILPS_IOGP_SPI_0054,IOGP_SPI,"While pulling out of hole, swedge below the lubricator unexpectedly released.",None,,None,0,SOURCE_GROUNDED
OILPS_IOGP_HPE_0039,IOGP_HPE,Collision between northern crane and derrick resulting in falling objects.,None,,None,0,SOURCE_GROUNDED
OILPS_IOGP_SPI_0166,IOGP_SPI,"At 4:10 pm an emergency operator called to report that security, while patrolling the area, reported a gas smell 
along the road, at 100m distance from the Security gate. It was a fuel gas release from a 2” FG line during well 
preparation for MRM.",None,,None,0,SOURCE_GROUNDED
OILPS_IOGP_HPE_0033,IOGP_HPE,"Jack failed, with load moving towards personnel. No injuries however fatality as worst case potential outcome.",None,,None,0,SOURCE_GROUNDED
OILPS_OSHA_03342,OSHA,"While working at a fueling station, an employee was inside an underground sump hole with safety cones blocking off the area. He stood up in preparation to get out of the hole when a truck drove over the hole. The wheel of the vehicle was stuck in the hole and trapped the employee against the inside of the hole, putting pressure on the employee's upper torso.",Energy Isolation,Driving,Energy Isolation; Driving,2,PROJECT_ANNOTATED_AI_ASSISTED
OILPS_IOGP_SPI_0030,IOGP_SPI,"Crude oil leak from a 6” line coming from oil wells and going to a facility. The line was isolated. The total volume 
spilled is 20bbls.",None,,None,0,SOURCE_GROUNDED
OILPS_IOGP_SPI_0177,IOGP_SPI,"During the annulus damping operation, draining the gas from the annulus to the test plant and replacing it with 9.8 
ppg inhibited water-based complementary fluid, methane gas was detected on the deck through two gas sensors – 
one installed internally in the fan house (ventilation room) detected 100% of the LEL (lower explosive limit) of CH4 
and another externally, in an adjacent room, detected 55% of the LEL of CH4, these rooms that suck air to the stern 
port column and pontoon of the unit",None,,None,0,SOURCE_GROUNDED
OILPS_OSHA_01757,OSHA,"An employee was washing an oil and gas drilling rig when he experienced heat stress and cramping due to dehydration, requiring hospitalization.",None,,None,0,PROJECT_ANNOTATED_AI_ASSISTED
OILPS_OSHA_02576,OSHA,"An employee was tasked with welding a pipe. As he was getting a cutting torch from a toolbox on a buggy, he became caught between the side boom of a pipelayer and the buggy. He suffered internal bleeding and damage to his small intestine, requiring hospitalization and surgery.",Hot Work,,Hot Work,1,PROJECT_ANNOTATED_AI_ASSISTED
OILPS_OSHA_00991,OSHA,An employee was struck in the shoulder by a casing pipe during a well completion operation. The employee then suffered a reaction to painkillers.,None,,None,0,PROJECT_ANNOTATED_AI_ASSISTED
OILPS_IOGP_HPE_0003,IOGP_HPE,"On 18 August 2025, a team was installing a 6-inch pipe over a 35-metre section between two lines. This pipe was 
also to be used during WO operations. During the operation, the team separated a 6-inch pipe from a 2-inch pipe, 
both of which had previously been tied together with cords. During the lifting phase, the cords were gradually cut 
to separate the two pipes. When the third cord was cut, the tension accumulated in the 6-inch pipe, which was 
bent at the time, was suddenly released. The pipe rebounded and struck an operator's right leg between the ankle 
and knee, causing an open fracture. The supervisor was immediately informed, the control room was alerted, and 
emergency procedures were quickly implemented.",None,,None,0,SOURCE_GROUNDED
OILPS_OSHA_01380,OSHA,"On January 11, 2018, at approximately 11:00 a.m., an employee was attempting to drive an ATV up a steep incline when it tipped over backwards. He was hospitalized with a fractured lower vertebra and internal bleeding.",None,,None,0,PROJECT_ANNOTATED_AI_ASSISTED
OILPS_IOGP_HPE_0008,IOGP_HPE,"On 3rd June 2025, at about 2:15pm, during a test digging on a 6"" test line right of way, the excavator bucket made 
contact with a buried 11KVA composite electrical cable. The incident resulted in a dent/superficial cut on the cable.",None,,None,0,SOURCE_GROUNDED
OILPS_IOGP_SPI_0176,IOGP_SPI,"Explosion and fire during a propane leak, resulting in burns to an employee who was performing routine activities in 
the laboratory. The source of the flammable gas comes from Process Unit, and is used to perform analyses of 100% 
evaporated LPG residue.",None,,None,0,SOURCE_GROUNDED
OILPS_OSHA_01467,OSHA,"An employee was moving a panel switch to the open position on a 480-volt motor control center breaker when an electrical arc flash occurred, burning the employee's eyes, face, neck, and hands.",Energy Isolation,,Energy Isolation,1,PROJECT_ANNOTATED_AI_ASSISTED
OILPS_OSHA_02384,OSHA,An employee was in the office shutting down for the day. The employee impacted the back of their head on an unknown object and was hospitalized with a head injury.,None,,None,0,PROJECT_ANNOTATED_AI_ASSISTED
OILPS_OSHA_03919,OSHA,An employee was walking back to the office when they tripped on a Christmas tree storage bag and fell to the floor. The employee sustained fractures to their clavicle and humerus.,None,,None,0,PROJECT_ANNOTATED_AI_ASSISTED
OILPS_IOGP_SPI_0201,IOGP_SPI,"Crew was killing the well with Axis Reverse Unit when the Axis Pump Hand appears to have engaged valves in 
the incorrect order allowing pressure to exit well bore through a disconnected 2” hose at the rig floor. Pressure 
estimated to be 600 psi. Loose end of hose whipped and struck one individual on the top of their hard hat.",None,,None,0,SOURCE_GROUNDED
OILPS_OSHA_00773,OSHA,"Employees were installing grating that consisted of 4 sheets (approximately 4 feet by 5 feet), cumulatively weighing approximately 800 pounds. When the employees disconnected the load from the crane, they realized the corner of the grating rested on the edge of an existing guard rail toe plate. The injured employee attempted to lift the grating upwards while his coworker used a spud wrench to shift the grating off the toe plate. The grating shifted and caught the injured employee's left index finger between the grating and structural steel. He suffered an avulsion to his left index finger flesh beneath his fingertip, which was crushed and cut. He required surgery and was hospitalized overnight.",Safe Mechanical Lifting,,Safe Mechanical Lifting,1,PROJECT_ANNOTATED_AI_ASSISTED
OILPS_OSHA_03315,OSHA,"An employee was rotating a lifted bonnet when their finger was pinched between the fork and valve, resulting in a right middle fingertip amputation.",None,,None,0,PROJECT_ANNOTATED_AI_ASSISTED
OILPS_OSHA_02971,OSHA,"An employee was on a landing above a frac tank. The employee put a strap stick into the tank; when it hit the bottom of the tank, the fluids in the tank ignited. The flash fire caused the employee to jump or fall, and he suffered two broken legs as well as burns to the arm.",Hot Work,,Hot Work,1,PROJECT_ANNOTATED_AI_ASSISTED
OILPS_OSHA_01754,OSHA,"An employee slipped and twisted his right ankle while attempting to carry a 50-pound bag of seed, fracturing his fibula and tibia.",None,,None,0,PROJECT_ANNOTATED_AI_ASSISTED
OILPS_OSHA_00998,OSHA,"While using a tag line to move a pipe, an employee lost control of the tag line. The employee's right arm was then caught between the pipe and a drilling rig, breaking it.",None,,None,0,PROJECT_ANNOTATED_AI_ASSISTED
OILPS_OSHA_03848,OSHA,"During fuel delivery to bulk storage tanks from a tanker truck, fuel vapors met with an ignition source, causing the service station attached to the diked tank area to explode and set all seven fuel storage tanks in the diked area on fire. One tank over pressurized from the fire and exploded, propelling the tank into the next property. The two employees on site received severe burns to their face and body from the explosion and were hospitalized.",Hot Work,Driving,Hot Work; Driving,2,PROJECT_ANNOTATED_AI_ASSISTED
OILPS_OSHA_00719,OSHA,"On September 07, 2016, at approximately 2:00 AM, an employee was unloading a fluid trailer during fluid service operations. While he was disconnecting a hose, pressure released and he fell to the ground, sustaining a head injury.",Energy Isolation,,Energy Isolation,1,PROJECT_ANNOTATED_AI_ASSISTED
OILPS_OSHA_01480,OSHA,"An employee was troubleshooting a problem with a chemical pump. During a fracturing operation, the employee disconnected a chemical hose that was under pressure. Chemicals released and entered the employee's right eye, causing a chemical burn.",Energy Isolation,,Energy Isolation,1,PROJECT_ANNOTATED_AI_ASSISTED
OILPS_IOGP_SPI_0077,IOGP_SPI,Release of 16.7 bbl oil found during recycling; fluids remained onsite and recovered.,None,,None,0,SOURCE_GROUNDED
OILPS_OSHA_02269,OSHA,"After work (installing wellheads and valves in the field), an employee suffered severe heat exhaustion and cramping and was hospitalized.",None,,None,0,PROJECT_ANNOTATED_AI_ASSISTED
OILPS_OSHA_00212,OSHA,"An employee suffered a hand injury while performing routine maintenance on a pump jack at or near Pierre Creek Nelson 44-23 HR in McKenzie County, North Dakota.",None,,None,0,PROJECT_ANNOTATED_AI_ASSISTED
OILPS_IOGP_SPI_0165,IOGP_SPI,"A sour gas release occurred at high pressure gas separator. The release occurred while business partners were 
removing a pressure safety valve for inspection and recertification. While cracking a flange, two workers were 
exposed to H2S. As a result, one worker lost consciousness, the other was exposed and became dizzy but remained 
conscious. The exposed workers were not wearing required Self-Contained Breathing Apparatus.",None,,None,0,SOURCE_GROUNDED
OILPS_OSHA_02549,OSHA,"An employee had unloaded a tracked drill rig off of a trailer and started to drill when the employee's pant leg became caught in the drill auger. As a result, the employee suffered a fracture to the left fibula with contusions and a hematoma, requiring hospitalization.",Line of Fire,,Line of Fire,1,PROJECT_ANNOTATED_AI_ASSISTED
OILPS_OSHA_02945,OSHA,"An employee was removing a high-density polyethylene (HDPE) flange from a steel host pipe that had an HDPE liner installed. As the liner seal was broken, a puff of gas that was trapped in the annular space between the liner and steel pipe was released and ignited. The fire caused second degree burns to the employee's wrists and face.",None,,None,0,PROJECT_ANNOTATED_AI_ASSISTED
OILPS_IOGP_FATAL_0005,IOGP_FATAL,"At approximately 03:10 AM, crews were performing flange management on the water 16’’ and 18” lines and 
installation of the blind flange on the 24” overboard line for hydrotest. During the process, crew encountered a clash 
with an abandoned open 18” line and started hot cutting the 18” line to make room to install a blind flange. Fire 
broke out at worksite, resulting in 17 people injured and 1 person missing.",None,,None,0,SOURCE_GROUNDED
OILPS_OSHA_01996,OSHA,At approximately 4:30 p.m. there was an explosion and fire while starting up a unit at a refinery. One employee was burned on the face.,Hot Work,,Hot Work,1,PROJECT_ANNOTATED_AI_ASSISTED
OILPS_OSHA_01606,OSHA,An employee was hospitalized due to heat exhaustion.,None,,None,0,PROJECT_ANNOTATED_AI_ASSISTED
OILPS_IOGP_SPI_0014,IOGP_SPI,Fire due to leak from 14” incoming piping in absorber of CO2 removal unit.,None,,None,0,SOURCE_GROUNDED
OILPS_IOGP_SPI_0169,IOGP_SPI,"Personnel arrive at the gas pipeline in order to uncover two valves. The excavator begins digging until the pipe 
is identified, then proceeds to remove the metal flag. As the material is removed, the valve fails, releasing gas 
pressure.",None,,None,0,SOURCE_GROUNDED
OILPS_OSHA_03134,OSHA,"An employee was rebuilding a setting tool, attempting to seat the lower cylinder onto the cylinder head by tapping the setting tool onto the trailer floor. As the employee pushed down on the setting tool, the mandrel stroked in the setting sleeve and pinched and amputated their right middle finger.",None,,None,0,PROJECT_ANNOTATED_AI_ASSISTED
OILPS_IOGP_HPE_0038,IOGP_HPE,"In connection with a pigging operation on an offshore installation, several pigs weighing 35 - 40 kg were lowered 
from a scaffold using rope, as the pig receiver was placed 5m above the turret deck. When the last pig was being 
lowered, the knot loosened, and the pig fell onto the turret deck and then bounced outside the barrier and down 
onto the tank deck. No one was injured and there was no significant material damage.",None,,None,0,SOURCE_GROUNDED
OILPS_IOGP_SPI_0025,IOGP_SPI,"While performing maintenance to refill the lubrication oil reservoir, the operator disassembled the camlock 
coupling on the filling nozzle. During this process, oil unexpectedly sprayed back from the system.
The tank level dropped rapidly, prompting the operator to activate the emergency stop for the turbine to prevent 
further escalation. Two people were exposed to oil splashes and oil vapors.",None,,None,0,SOURCE_GROUNDED
OILPS_OSHA_03145,OSHA,An employee was checking around a work area. The employee tripped on a ground rod that was sticking up about 2 inches from the ground and suffered a broken left knee.,None,,None,0,PROJECT_ANNOTATED_AI_ASSISTED
OILPS_IOGP_FATAL_0195,IOGP_FATAL,"For the fuel gas pipeline was under preparation for cleaning pigging activity, contractor employees went to the 
location for cleaning pigging activity. During the process, an explosion (without fire) occurred, sand and carbon were 
scattered in the area. This led to the collapse of the valve pit along with its structure, resulting in one contractor 
employee fatality, one contractor employee injury (left leg ankle fracture) and damage to the property. The injured 
employees were shifted to company clinic and then to hospital. One contractor employee was declared dead by the 
hospital and another contractor employee was injured.",None,,None,0,SOURCE_GROUNDED
OILPS_OSHA_01373,OSHA,"An employee was getting ready to climb a ladder to a chemical float trailer. He had put his right hand on the lower section of the ladder when it shifted, causing his right ring finger to be caught between the ladder and the trailer. His fingertip was amputated.",Working at Height,,Working at Height,1,PROJECT_ANNOTATED_AI_ASSISTED
OILPS_OSHA_01306,OSHA,"On 11/16/2017, two employees were attempting to clear a hydrate formation in a gas pipeline at a tank battery when flammable gases and vapors ignited, causing significant burns to both employees.",Hot Work,,Hot Work,1,PROJECT_ANNOTATED_AI_ASSISTED
OILPS_OSHA_03660,OSHA,"An employee was holding a back-pressure regulator. A pipe came apart (under tension from a forklift) and injured the employee's left hand, lacerating and fracturing the index finger.",Energy Isolation,Safe Mechanical Lifting,Energy Isolation; Safe Mechanical Lifting,2,PROJECT_ANNOTATED_AI_ASSISTED
OILPS_OSHA_03485,OSHA,"An employee was pressure washing a gas compression unit when they stepped off a 3-foot high skid and fell to the ground, sustaining an ankle fracture.",Energy Isolation,,Energy Isolation,1,PROJECT_ANNOTATED_AI_ASSISTED
OILPS_OSHA_04127,OSHA,An employee was conducting field work at a customer's drilling rig when he became dehydrated. The employee was hospitalized.,None,,None,0,PROJECT_ANNOTATED_AI_ASSISTED
OILPS_OSHA_03140,OSHA,"An employee was on a table trying to push a block of cardboard paper. The employee fell from the table to the ground about 3 feet below, suffering a broken leg.",Working at Height,,Working at Height,1,PROJECT_ANNOTATED_AI_ASSISTED
OILPS_OSHA_00063,OSHA,A maintenance employee slipped on ice while applying salt to ice on the ground in the fenced-in yard of the facility. He slipped and broke his left fibula and dislocated his left ankle.,None,,None,0,PROJECT_ANNOTATED_AI_ASSISTED
OILPS_IOGP_HPE_0017,IOGP_HPE,"IP1 observed visible bulging of a drain hose and proceeded to disconnect it. Although the associated compressor 
had been isolated, the hose remained connected to the main drainage manifold, which was linked to 24 
compressors.
The hose remained pressurized, and upon disconnection it struck the IP1 on the left hand and lower leg, and 
subsequently impacting IP2’s hand as they attempted to assist. As a result, IP1 and IP2 were injured.",None,,None,0,SOURCE_GROUNDED
OILPS_OSHA_00438,OSHA,"An employee was installing casing joints in a well using tongs when the bite of the tongs malfunctioned and the tongs bucked unexpectedly. The employee's hand got crushed between the tongs and the derrick, causing hand fractures.",Working at Height,,Working at Height,1,PROJECT_ANNOTATED_AI_ASSISTED
OILPS_OSHA_00159,OSHA,An employee's foot got crushed between the floor and boom of a drill rig. He broke his big toe.,None,,None,0,PROJECT_ANNOTATED_AI_ASSISTED
OILPS_OSHA_02736,OSHA,"An employee was attempting to adjust the housing on the tip of a spray gun when the trigger was engaged, causing the ceramic coating to go through the employee's glove into his left index finger, resulting in an injury that required surgery.",None,,None,0,PROJECT_ANNOTATED_AI_ASSISTED
OILPS_IOGP_HPE_0075,IOGP_HPE,"A flash fire occurred during the demolition of internal components in the first-stage knockout drum (module C2) at 
the facility.
NORTH AMERICA ONSHORE
70
Safety performance indicators – 2025 data: High potential event reports
===PAGE_71===",None,,None,0,SOURCE_GROUNDED
OILPS_IOGP_HPE_0067,IOGP_HPE,"Two project contractors were observed working outside the handrail on structural beams approximately 30 meters 
above sea level. They were without the required fall-prevention barriers or authorized permits. Both individuals 
faced an uncontrolled fall-from-height hazard, posing a significant risk where survivability is minimal and multiple 
fatalities could occur.",None,,None,0,SOURCE_GROUNDED
OILPS_OSHA_01430,OSHA,"An employee was emptying a filter pod at the flare stack when a small flame came out of the top of the flare stack, landed in the condensate, and burned him. He suffered second degree burns to the hands, stomach, and calves, requiring hospitalization.",None,,None,0,PROJECT_ANNOTATED_AI_ASSISTED
OILPS_IOGP_SPI_0099,IOGP_SPI,Gasket failure on Test Treater #1 released 17.6 bbl oil inside building and 4.5 bbl outside; all contained and recovered.,None,,None,0,SOURCE_GROUNDED
OILPS_OSHA_00355,OSHA,"An employee was standing on top of an excavation area flagging a trench box in when the ground gave way. The employee fell inside the trench, hitting the left side of his head and back, breaking four ribs, and bruising his head.",None,,None,0,PROJECT_ANNOTATED_AI_ASSISTED
OILPS_OSHA_02585,OSHA,"While tasked with checking inventory in the warehouse, an employee was stung on the left thigh by an insect. The employee was hospitalized.",None,,None,0,PROJECT_ANNOTATED_AI_ASSISTED
OILPS_IOGP_SPI_0171,IOGP_SPI,"Gas leak in manifold (measurement bridge), in the plant during production bypass to different gas transport 
company. Subsequently, the plant shutdown and blowdown were executed, successfully stopping the leak.",None,,None,0,SOURCE_GROUNDED
OILPS_IOGP_SPI_0047,IOGP_SPI,Release occurred from water dump bypass valve.,None,,None,0,SOURCE_GROUNDED
OILPS_OSHA_00852,OSHA,An employee was transferring water at high pressure through a hose. The hose failed and a jet of water knocked the employee through the air approximately 150 feet. When the employee landed on the ground he suffered a shoulder injury.,Energy Isolation,,Energy Isolation,1,PROJECT_ANNOTATED_AI_ASSISTED
OILPS_OSHA_02782,OSHA,"An employee arrived at a location to shut some production wells. While walking through the location, the employee tripped on a 1-inch piece of pipe and fell to the ground on their right side. The employee sustained a fractured hip requiring hospitalization.",None,,None,0,PROJECT_ANNOTATED_AI_ASSISTED
OILPS_OSHA_04028,OSHA,An employee was walking by an equipment battery (tank battery) when a leak occurred around a heater that caused a flash fire. He was wearing flame-resistant clothing and sustained burns to his palms and back.,Hot Work,,Hot Work,1,PROJECT_ANNOTATED_AI_ASSISTED
OILPS_IOGP_SPI_0068,IOGP_SPI,"6” PSV froze open releasing oil, water, and 2,628 KCF gas; spill occurred on private land and will be remediated.",None,,None,0,SOURCE_GROUNDED
OILPS_IOGP_HPE_0047,IOGP_HPE,"Observed that a Contractor Scaffolder working at 12m height on a Piperack without using his fall protection, 
standing on the hanging scaffold platform without using his double lanyards attached to a suitable anchor point and 
there was no handrail in place for fall prevention.",None,,None,0,SOURCE_GROUNDED
OILPS_OSHA_00427,OSHA,"An employee was working in front of the side boom when the employee tripped and fell. The side boom moved forward several feet, and the boom track ran over the employee, fracturing their right leg and foot.",None,,None,0,PROJECT_ANNOTATED_AI_ASSISTED
OILPS_OSHA_01023,OSHA,An employee was welding outside when he experienced leg and arm cramps. He was hospitalized due to heat stress and dehydration.,Hot Work,,Hot Work,1,PROJECT_ANNOTATED_AI_ASSISTED
OILPS_IOGP_SPI_0059,IOGP_SPI,"At approximately 3:15 pm on Thursday, July 3rd it was reported that a vacuum truck operator was skimming oil into 
the oil tank. During this process the oil tank started leaking out of the pinhole at the bottom of the silver 2nd oil tank.
Safety performance indicators – Process safety events – 2025 data
45

===PAGE_46===",None,,None,0,SOURCE_GROUNDED
OILPS_OSHA_03260,OSHA,"An employee was using a high-pressure hose to wash a tank. The valve at the end of the hose broke due to the pressure, causing the hose to then strike the employee in the throat. The employee sustained severe injuries to the pharynx and neck.",Energy Isolation,,Energy Isolation,1,PROJECT_ANNOTATED_AI_ASSISTED
OILPS_OSHA_01950,OSHA,An employee was struck on the lower left leg by two joints of pipe.,None,,None,0,PROJECT_ANNOTATED_AI_ASSISTED
OILPS_OSHA_01328,OSHA,"An employee was removing a fitting from an accumulator. Pressure was still in the safety bottle at the time. When he got down to the final threads, the fitting blew off, striking him in the face and neck. He suffered a facial contusion, orbital fracture, eye hematoma, and eyelid and neck lacerations.",Energy Isolation,,Energy Isolation,1,PROJECT_ANNOTATED_AI_ASSISTED
OILPS_OSHA_04229,OSHA,An employee was testing a breaker that energizes a dryer when the breaker tripped. There was a propane leak from the dryer that went into the conduit and bypassed the conduit sealer that was connected to a Motor Control Center (MCC). The employee contacted the control board and instructed them turned on the dryer when the MCC exploded. The employee sustained an injury and the amputation of his right foot.,Energy Isolation,Bypassing Safety Controls,Energy Isolation; Bypassing Safety Controls,2,PROJECT_ANNOTATED_AI_ASSISTED
OILPS_IOGP_SPI_0067,IOGP_SPI,"Tank thief hatch released 18 bbl oil due to transmitter and pump malfunctions; all oil recovered in containment.
Safety performance indicators – Process safety events – 2025 data
49

===PAGE_50===",None,,None,0,SOURCE_GROUNDED
OILPS_OSHA_00230,OSHA,"On or about 3 June 2015, at approximately 1825 hours, an AR Daniel Construction employee was hospitalized due to an injury acquired at the jobsite. The employee was working in a trench under the railroad tracks located at Grand and 3rd street in Amarillo, Texas, when he was struck in the face by a piece of angle iron that was being used to hoist the pipeline that he was working near. The angle iron was inside the pipe, and a line was tied to the angle iron to hoist the pipe up enough for the employee to remove wood planking from underneath it. The angle iron became dislodged and struck him, causing multiple facial fractures and lacerations.",Line of Fire,Safe Mechanical Lifting,Line of Fire; Safe Mechanical Lifting,2,PROJECT_ANNOTATED_AI_ASSISTED
OILPS_OSHA_02786,OSHA,"An employee was inspecting a pipeline after hydroblasting. The employee was blasted with a sudden burst of high-pressure steam, suffering burns to the shoulders, hands, and knees.",Energy Isolation,,Energy Isolation,1,PROJECT_ANNOTATED_AI_ASSISTED
OILPS_IOGP_SPI_0131,IOGP_SPI,"Lightning strike on tanks, and fire followed.",None,,None,0,SOURCE_GROUNDED
OILPS_OSHA_01664,OSHA,"An employee was driving a side-boom operator across a temporary bridge. The bridge collapsed and the machine rolled slightly and came to rest at about a 45 degree angle. As the employee disconnected his seat belt, he fell from the machine and landed in the creek bed on his back. The fall caused hairline fractures to his scapula and a rib.",Working at Height,,Working at Height,1,PROJECT_ANNOTATED_AI_ASSISTED
OILPS_OSHA_03833,OSHA,"Three employees were removing a cover from an oil well storage tank. Some of the bolts were corroded, so the employees used an electric grinder to remove the bolts. Sparks from the grinding wheel ignited liquid/fumes inside the tank, causing the tank to explode. One employee received severe burns to over 70% of their body.",Hot Work,,Hot Work,1,PROJECT_ANNOTATED_AI_ASSISTED
OILPS_OSHA_01473,OSHA,"An employee was taking samples and reading gauges when the sight glass blew out on a flake caustic line. The blow-out caused lacerations to the employee's arm, face, and chest and chemical burns to his face and right hand.",Toxic Gas / Hazardous Substance,,Toxic Gas / Hazardous Substance,1,PROJECT_ANNOTATED_AI_ASSISTED
OILPS_IOGP_SPI_0129,IOGP_SPI,"Drain valve on air eliminator opened, and spill occurred.",None,,None,0,SOURCE_GROUNDED
OILPS_IOGP_SPI_0009,IOGP_SPI,"23 Sep 2025, 2:58 AM: Pressure drop (~6 psi) was detected during condensate shipping. Operations halted and 
security alerted.
Early Response: 
BY Security Control Room (BYSCR) coordinated with Quick Response Team (QRT), local police, and pipeline officer. 
Foot patrols conducted (6:00–9:45 AM). No abnormality observed; shipping resumed at 11:50 AM after GTCL 
confirmation.
Community Alert & Spill Confirmation (5:15–5:37 PM): 
Community reported condensate smell: shipping stopped. QRT confirmed spill at site.
Escalation: 
5:38 PM: Incident Management Team (IMT) activated; Emergency Response Team (ERT 1) formed at 6:20 PM.
7:04 PM: Significant spill spread to low-lying land and canal waterways. ERT 1 left the necessary preparation, tools/ 
logistics, for incident site at 7:30 pm (2-hour journey).
9:05 PM: Fire breakout reported; ERT 1 diverted to extinguish fire at bridge.
9:10 PM: Fire Service & Civil Defense (FSCD) engaged; fire extinguished by 10:20 PM with joint effort.
Leak Source & Containment:
11:55 PM: Leak source identified (illegal tapping with ball valve); area blocked with heavy soil. 
24 Sep, 12:55 PM: The area was secured, and containment measures were implemented. Eventually, the leak was 
plugged, and 22. bbl condensate was recovered. Approximately 173 bbl condensate spill occurred.
Third party injuries: 
Media reported three community members critically burned during the fire: hospitalized. 
Tragically, three members of a nearby community, despite intensive care, passed away (two on 28 Sep, one on 1 
Oct). The incident resulted in environmental contamination, property damage, and third-party loss of life.",None,,None,0,SOURCE_GROUNDED
OILPS_OSHA_01759,OSHA,"An employee was part of a crew that was attempting to remove a Christmas tree from a well head when a high-pressure release and blowout occurred. The Christmas tree fell on and broke the employee's leg, requiring hospitalization.",Energy Isolation,,Energy Isolation,1,PROJECT_ANNOTATED_AI_ASSISTED
OILPS_OSHA_01171,OSHA,"An employee was using a portable grinder with a wire brush wheel to clean a metallic natural gas pipe in preparation for welding. The flow of natural gas had been stopped with a metallic stopper pin. As the employee was using the grinder, the stopper pin became dislodged from a seated position, resulting in a brief ignition of the natural gas. The employee suffered first and second degree burns to the right side of his face and nose.",Line of Fire,Hot Work,Line of Fire; Hot Work,2,PROJECT_ANNOTATED_AI_ASSISTED
OILPS_OSHA_04104,OSHA,An employee was starting to work on the change of a conveyor belt and experienced symptoms of heat exhaustion due to high temperatures. The employee was hospitalized with heat exhaustion and dehydration.,None,,None,0,PROJECT_ANNOTATED_AI_ASSISTED
OILPS_OSHA_00584,OSHA,"At 9:00 AM, on 5/10/16, an employee and a coworker were preparing to replace a malfunctioning gauge board on an asphalt tank. They transferred contents from the malfunctioning tank to another tank and shut down the malfunctioning tank. Every energy source was off/locked out. Using an impact wrench, the employee began loosening/removing the bolts holding the manway cover on the tank. After he loosened several bolts, some hot liquid asphalt splashed out from behind the cover onto the concrete pad and onto his hands, arms, and legs. He suffered second and third degree burns to both arms, hands, and legs, requiring hospitalization and surgery.",Confined Space,,Confined Space,1,PROJECT_ANNOTATED_AI_ASSISTED
OILPS_OSHA_03483,OSHA,"An employee was painting pipeline risers. After he completed painting, the employee was cleaning the paint sprayer nozzle with mineral spirits (petroleum base solvent used as paint thinner) when his right hand slipped, causing cleaning solvent to inject into the lower front portion of his left middle finger. The employee was hospitalized and had surgery.",None,,None,0,PROJECT_ANNOTATED_AI_ASSISTED
OILPS_OSHA_02721,OSHA,"An employee was operating a drill press when their glove got caught in the drill, resulting in an amputation of the left pinky finger.",Line of Fire,,Line of Fire,1,PROJECT_ANNOTATED_AI_ASSISTED
OILPS_OSHA_02131,OSHA,"An employee was setting up a board over a 3-foot deep excavation so that he could access the control valve to stop a leak. The employee fell into the excavation that was filled with hot water and suffered burns to the feet, leg and knee.",None,,None,0,PROJECT_ANNOTATED_AI_ASSISTED
OILPS_OSHA_02225,OSHA,An employee had finished two coke oven charges and was hospitalized for heat exhaustion after his shift.,None,,None,0,PROJECT_ANNOTATED_AI_ASSISTED
OILPS_OSHA_00630,OSHA,"An employee was helping to remove sand from holding tanks during hydraulic fracturing treatment rigging breakdown. A pipe containing an auger was being used to remove sand from a tank. There was an opening at the end to allow the sand to drop from the pipe, and the employee thought the pipe was stopped up. While inspecting the opening, the employee's left-hand index finger was amputated to the distal joint and the middle finger was severely lacerated by the rotating auger inside the pipe.",Safe Mechanical Lifting,,Safe Mechanical Lifting,1,PROJECT_ANNOTATED_AI_ASSISTED
OILPS_OSHA_02649,OSHA,An employee slipped and fell to the ground while exiting a water truck via the ladder. The employee was hospitalized for a foot/ankle injury.,Working at Height,Driving,Working at Height; Driving,2,PROJECT_ANNOTATED_AI_ASSISTED
OILPS_OSHA_00813,OSHA,An employee was heating an asphalt product with a propane torch to close a lid on a tank when a flash fire occurred. The employee suffered second degree burns to the hand and first degree burns to the face.,Hot Work,,Hot Work,1,PROJECT_ANNOTATED_AI_ASSISTED
OILPS_IOGP_SPI_0186,IOGP_SPI,"During the maintenance activity to remove instrumentation from a gas export pipeline, a manual valve stem 
detached, leading to the release of flammable gas. The gas leak was detected by multiple gas sensors, prompting 
a manual emergency shutdown of the facility, which included depressurization procedures and safe evacuation of 
personnel. No injuries or environmental damage occurred, and the incident was managed according to emergency 
response protocols.",None,,None,0,SOURCE_GROUNDED
OILPS_OSHA_01175,OSHA,"An employee was opening a high-pressure relief valve with a pressure bar. He was pulling down on the bar when it gave way, causing him to fall on the second bar. He tore his left triceps and bicep.",Energy Isolation,,Energy Isolation,1,PROJECT_ANNOTATED_AI_ASSISTED
OILPS_OSHA_03023,OSHA,"A valve stem had been stood up against the blades of a forklift so an employee could take a measurement. It slid down the forklift fork, striking the employee's left hand and partially amputating the index fingertip.",Safe Mechanical Lifting,,Safe Mechanical Lifting,1,PROJECT_ANNOTATED_AI_ASSISTED
OILPS_OSHA_03357,OSHA,"Employee 1 was setting up his survey instrument at the edge of a concrete apron surrounding an 11-foot-deep concrete utility vault with a 9x9 steel access cover/lid. Employee 2, then walked behind employee 1, stepping onto the steel vault access cover/lid. The cover gave way, causing employee 2 and the steel vault cover to fall into the vault approximately 11 feet below. Employee 1 fell 8 feet, striking an existing pipeline valve located within the vault. Employee 2 was hospitalized for fractures to the ribs on the left side. Employee 1 did not require hospitalization.",Working at Height,Confined Space,Working at Height; Confined Space,2,PROJECT_ANNOTATED_AI_ASSISTED
OILPS_OSHA_04079,OSHA,An employee was inventorying hammer mill screens when the screens fell on the employee. The employee sustained a laceration to their leg requiring hospitalization.,None,,None,0,PROJECT_ANNOTATED_AI_ASSISTED
OILPS_OSHA_02348,OSHA,"An employee fell while walking on a sidewalk. The employee's right shoulder hit a welding machine, causing a fracture to the right upper arm.",Hot Work,,Hot Work,1,PROJECT_ANNOTATED_AI_ASSISTED
OILPS_IOGP_SPI_0080,IOGP_SPI,"Flare system ignited fluid after shutdown causing 9 bbl oil and 1 bbl water release; burned off onsite.
56
Safety performance indicators – Process safety events – 2025 data
===PAGE_57===",None,,None,0,SOURCE_GROUNDED
OILPS_OSHA_02161,OSHA,"An employee was resetting a breaker on an electric motor when an electrical arc occurred resulting in burns to the employee's right ear, right hand, thumb, and index finger.",Energy Isolation,,Energy Isolation,1,PROJECT_ANNOTATED_AI_ASSISTED
OILPS_OSHA_02522,OSHA,"An employee was checking for a seam under a suspended pipe. The sling holding the pipe shifted and the pipe lowered onto his right index finger, crushing the tip. The fingertip was amputated past the nail.",Safe Mechanical Lifting,,Safe Mechanical Lifting,1,PROJECT_ANNOTATED_AI_ASSISTED
OILPS_OSHA_02355,OSHA,"An employee was a spotter for a forklift operator. He was walking backwards when he stumbled and fell to the ground. The forklift driver stopped and the load (pit liner material roll) rolled off the forks, striking the employee and breaking his legs.",Safe Mechanical Lifting,Driving,Safe Mechanical Lifting; Driving,2,PROJECT_ANNOTATED_AI_ASSISTED
OILPS_OSHA_00959,OSHA,An employee was working inside the shop when a propane leak caused an explosion. The employee suffered third degree burns.,Hot Work,,Hot Work,1,PROJECT_ANNOTATED_AI_ASSISTED
OILPS_IOGP_SPI_0150,IOGP_SPI,"While bringing a compressor back online, a fire started at the front of the compressor.",None,,None,0,SOURCE_GROUNDED
OILPS_IOGP_HPE_0052,IOGP_HPE,Company pickup truck collided with a concrete barrier at a diversion point.,None,,None,0,SOURCE_GROUNDED
OILPS_OSHA_03553,OSHA,An employee was checking fluid levels on a mast/power pack unit. The employee was on a ladder trying to access a catwalk when they slipped on a wet rung and fell 5 feet to the ground. The employee sustained a fractured hip.,Working at Height,,Working at Height,1,PROJECT_ANNOTATED_AI_ASSISTED
OILPS_IOGP_SPI_0147,IOGP_SPI,"During seal replacement on a condensate pump, a valve was left open post-maintenance, leading to condensate 
release.",None,,None,0,SOURCE_GROUNDED
OILPS_OSHA_00600,OSHA,"An employee was plumbing in a separator on a natural gas line that had pressure in it. The line blew up and knocked the employee to the ground, spraying him with dirt and rocks. He fractured his skull and suffered cuts to his arms.",Energy Isolation,Confined Space,Energy Isolation; Confined Space,2,PROJECT_ANNOTATED_AI_ASSISTED
OILPS_OSHA_00620,OSHA,An employee was operating a service rig with a snubbing crew when a flash fire or explosion occurred and severely burned the employee.,Hot Work,,Hot Work,1,PROJECT_ANNOTATED_AI_ASSISTED
OILPS_OSHA_00027,OSHA,"On 1/14/2015 at approximately 11:23a.m. an employee was using a blow down system on a National 340 pump to blow out water in the hard line. Once the 4 inch suction hose was drained, the suction hose was disconnected and a cam lock was placed on the suction hose coming from the pump. The four inch butterfly valve for the suction was left open allowing air to pressure up against the cam lock cap. The employee used this system to build air and blow down the fluid in the tubing line to the tank. The employee was standing in front of the manifold and slightly to the right approximately one foot away. When the employee opened up the manifold, the cam lock cap popped free hitting him in the shin.",Energy Isolation,,Energy Isolation,1,PROJECT_ANNOTATED_AI_ASSISTED
OILPS_OSHA_03767,OSHA,"An employee was delivering lubricant to a customer location. After the employee had pulled a lubricant hose from the tanker and inserted the nozzle into the tank, the employee turned around and tripped over an engine stand, resulting in a fall. The employee's right hip was fractured.",None,,None,0,PROJECT_ANNOTATED_AI_ASSISTED
OILPS_IOGP_SPI_0055,IOGP_SPI,"While fracking, a fire occurred from a frac pump.",None,,None,0,SOURCE_GROUNDED
OILPS_IOGP_SPI_0103,IOGP_SPI,"Fiberglass flowline failure released 7,067.35 lbs CO2 in ROW; no off-site impact.
68
Safety performance indicators – Process safety events – 2025 data
===PAGE_69===",None,,None,0,SOURCE_GROUNDED
OILPS_IOGP_SPI_0112,IOGP_SPI,SDV failed to close causing spill in unlined containment; inlet valve shut and recovery initiated.,None,,None,0,SOURCE_GROUNDED
OILPS_OSHA_02260,OSHA,"An employee was using compressed air to blow a sponge through a concrete pipeline to clean the pipe. The employee was disengaging the fitting of the air hose reducer, which was still under pressure, when the reducer struck the employee just below the hard hat line. The employee suffered a concussion, brain bleed, and forehead laceration.",Energy Isolation,,Energy Isolation,1,PROJECT_ANNOTATED_AI_ASSISTED
OILPS_OSHA_00068,OSHA,"An employee was injured and hospitalized after stepping into a containment dike sump area. The containment area is approximately 18 inches deep and is siphoned out of the sump with a steam siphon. At the time of the incident, the siphon was plugged in, which resulted in steam being diverted back into the sump and the water being heated. The employee was burned from about his left knee to his left foot.",None,,None,0,PROJECT_ANNOTATED_AI_ASSISTED
OILPS_IOGP_SPI_0017,IOGP_SPI,Gas release due to full bore rupture 4” gas lift near platform.,None,,None,0,SOURCE_GROUNDED
OILPS_OSHA_02663,OSHA,"An employee was applying pipe identification to a pipe moving along a v-roller line. A support frame failed and the pipe fell over, injuring the employee's hips/pelvis and leg.",None,,None,0,PROJECT_ANNOTATED_AI_ASSISTED
OILPS_OSHA_01653,OSHA,An employee was cutting the coke or removing the coke from the drum to the loading area. Steam was released during the coke cutting process and the employee suffered burns to the neck/jawline and hand/wrist areas.,None,,None,0,PROJECT_ANNOTATED_AI_ASSISTED
OILPS_OSHA_01198,OSHA,"An employee was using a forklift to move a bale, weighing approximately 1000 lbs., to a c-can for storage. When the employee unsecured the bale from the forklift, the bale fell off the forklift and onto the employee, fracturing his ankles.",Safe Mechanical Lifting,,Safe Mechanical Lifting,1,PROJECT_ANNOTATED_AI_ASSISTED
OILPS_OSHA_02048,OSHA,"On March 15, at 11 a.m., an employee was running a cable to the floor of a pulling unit when the employee was shocked by approximately 1,050 volts DC from the trailer truck. The employee was hospitalized with an electrical shock to the hands.",Driving,,Driving,1,PROJECT_ANNOTATED_AI_ASSISTED
OILPS_IOGP_SPI_0158,IOGP_SPI,"The subsea support vessel reported that during ballast removal activities on the Line, diving personnel identified, 
during the 06:00 technical schedule, a loss of containment located 57 cm from the field joint.
Subsequently, while continuing cleaning activities for resizing, a second loss of containment was identified 25 
cm from the field joint, also in the direction of platform. Personnel from the platform carried out operational 
adjustments to reduce the operating pressure of the outlet pipeline from the platform to the terminal from 23 to 20 
kg/cm². The quantification of the iridescence area and volume is in progress, with environmental impact yet to be 
determined.",None,,None,0,SOURCE_GROUNDED
OILPS_OSHA_02560,OSHA,"Three employees were cleaning a heater treater when a gas build-up caused an explosion in the building. Two of the employees received minor injuries; the third was hospitalized, having suffered a severe laceration across the forehead, burns to the face and neck, and a fractured spine.",Hot Work,,Hot Work,1,PROJECT_ANNOTATED_AI_ASSISTED
OILPS_OSHA_03065,OSHA,"Two employees were trying to adjust a 1,500-pound accumulator. It tipped over and caught one of the employees, breaking his right leg.",None,,None,0,PROJECT_ANNOTATED_AI_ASSISTED
OILPS_IOGP_SPI_0210,IOGP_SPI,"During station shutdown, while troubleshooting on the Emergency Shut Down (ESD) actuator valve to reconfirm 
either it’s opened or closed for readiness of purging activity by bleeding N2 supply to close the ESD actuator valve. 
They reintroduced N2 again to the actuator to open the valve to see whether the indicator of ESD valve change to 
open position. However, the introduction of N2 caused the actuator end cap ejected.",None,,None,0,SOURCE_GROUNDED
OILPS_OSHA_01964,OSHA,"While checking on equipment on the back of a welding truck, an employee fell off the back of the truck to the ground about 36 inches below. The employee suffered multiple fractures and was hospitalized.",Hot Work,Driving,Hot Work; Driving,2,PROJECT_ANNOTATED_AI_ASSISTED
OILPS_OSHA_00673,OSHA,"An employee was securing a stand of drilling pipe with a chain wrench when the wrench broke and hit his hand, breaking his wrist and finger.",None,,None,0,PROJECT_ANNOTATED_AI_ASSISTED
OILPS_IOGP_SPI_0044,IOGP_SPI,"An operator identified abnormal pressure conditions on a CO2 injection system and confirmed a pipeline failure on a 
CO2 flexpipe segment. The release was isolated and response actions were initiated.",None,,None,0,SOURCE_GROUNDED
OILPS_OSHA_02044,OSHA,An employee was preparing to load asphalt into a truck. The employee was about to line up the hose into the opening of the truck when the asphalt in the tanker flashed causing second degree burns to the employee's face and arms.,Driving,,Driving,1,PROJECT_ANNOTATED_AI_ASSISTED
OILPS_OSHA_03181,OSHA,An employee was sprayed with 12.5 percent sodium hypochlorite when a line burst on a pumping unit. The employee suffered a chemical burn.,Energy Isolation,,Energy Isolation,1,PROJECT_ANNOTATED_AI_ASSISTED
OILPS_IOGP_HPE_0050,IOGP_HPE,"During space-out of the traveling block to function-test the power tong, the Driller hoisted the traveling block with 
the working string. When the string was about 2 meters above the rig floor, the Driller applied the brake. At that 
moment, the traveling block and working string suddenly moved down to the rig floor. Work string landed on the slip 
and travelling block stopped moving where the brake was activated.",None,,None,0,SOURCE_GROUNDED
OILPS_OSHA_03620,OSHA,"An employee was installing a compressor piston. He tripped and fell backward while the piston was in his lap. As he landed, the little finger of his left hand became caught between the piston and compressor piping resulting in a partial amputation of the fingertip. The employee required stitches and the fingertip was reattached.",None,,None,0,PROJECT_ANNOTATED_AI_ASSISTED
OILPS_IOGP_HPE_0007,IOGP_HPE,"At about 10:30 hours, a company-owned light vehicle in a security convoy travelling veered off the road and collided 
with an electric pole. The driver and accompanying customer were safely evacuated and transported to the Clinic for 
appropriate medical evaluation / attention.",None,,None,0,SOURCE_GROUNDED
OILPS_OSHA_04008,OSHA,"An employee was performing a hot tap. The employee set a completion plug in preparation of removing the completion plug stopple tool. The tool was not completely set, and gas pressure and metal debris were released from the blow out. The employee sustained multiple contusions and abrasions to the chest, neck and face area, loss of eyes, and finger amputations.",Energy Isolation,,Energy Isolation,1,PROJECT_ANNOTATED_AI_ASSISTED
OILPS_OSHA_02274,OSHA,An employee was assisting a customer to position a shaker basket on a shaker skid utilizing a forklift operated by the customer. Three of the employee's fingers on the left hand were caught and injured between the shaker basket and the cross support of the shaker skid.,Safe Mechanical Lifting,,Safe Mechanical Lifting,1,PROJECT_ANNOTATED_AI_ASSISTED
OILPS_IOGP_SPI_0031,IOGP_SPI,"Crude oil leak from a 6’’ underground line coming from oil well and going to Gathering center. The line was isolated. 
The total volume spilled is 10 bbls.",None,,None,0,SOURCE_GROUNDED
OILPS_IOGP_HPE_0036,IOGP_HPE,"A forklift driver’s ankle was struck by a spreader bar during offloading from a truck at the logistics base. There 
were no lifting pockets welded onto the bar. In past lifting operations, the spreader bar had been placed on wooden 
blocks on the truck bed and lifted directly on the forks of a forklift. This time the wooden blocks were not in place. 
The truck driver and the forklift driver decided to lift the spreader bar off the truck by hooking hoisting slings 
attached to the spreader bar and to the forklift forks, crossing them to reduce the length of the slings. During 
hoisting, the spreader bar rotated and swung into the forklift cabin, hitting the driver’s ankle. The forklift cabin door 
had been left open to improve communication between the drivers.",None,,None,0,SOURCE_GROUNDED
OILPS_IOGP_FATAL_0193,IOGP_FATAL,"The contractor worker, 50 years old, while performing activities on an 18” floating gate valve located at the inlet 
line to separator at the Gas Transportation Processing Centre, was struck by a metal element in the right front hip. 
He was transported to the clinic located outside the facility, where the on-duty physician declared him deceased at 
10:30 h.",None,,None,0,SOURCE_GROUNDED
OILPS_OSHA_03409,OSHA,"An employee was opening a hatch on a bulk cement truck when pressure inside of the truck caused the hatch cover to slide off and up, striking the employee. The employee sustained a non-displaced pelvis fracture, a right linear temporal fracture and a subdural hematoma.",Energy Isolation,Driving,Energy Isolation; Driving,2,PROJECT_ANNOTATED_AI_ASSISTED
OILPS_IOGP_HPE_0070,IOGP_HPE,"During a fluid-hauling task, water transfer to a tank truck was completed and the hose was disconnected. A valve 
was found not fully closed, and hot fluid sprayed during subsequent valve manipulation. The job was stopped, 
emergency medical response was initiated, and the well/site was shut down to support response and control the 
release.",None,,None,0,SOURCE_GROUNDED
OILPS_OSHA_03980,OSHA,An employee slipped on ice in a gravel parking lot and fell to the ground. The employee suffered a broken right hip.,None,,None,0,PROJECT_ANNOTATED_AI_ASSISTED
OILPS_IOGP_SPI_0038,IOGP_SPI,"On 11th March 2025 at 2030, a gas leak was reported from the wellhead platform Chemical Inject (CI) Quill. 
The leak continued for about 6 days due to the passing emergency shutdown valve. The hydrocarbon gas at 85 
– 90 barg with 0.8 mol % H2S leaked from a 3 mm weep hole.",None,,None,0,SOURCE_GROUNDED
OILPS_IOGP_SPI_0060,IOGP_SPI,"The water line was clogged with solids causing oil tanks to overfill. This resulted in a spill to a lined berm and 
adjacent pad of 68.5 bbls of crude oil, of which 66 bbls were recovered.",None,,None,0,SOURCE_GROUNDED
OILPS_OSHA_03979,OSHA,"An employee was in a trench, welding/installing a new pipe that was being held up using an excavator. The excavator arm rotated, and the employee was pinned between the pipe and the trench box. The employee suffered three broken ribs and a collapsed lung.",Hot Work,,Hot Work,1,PROJECT_ANNOTATED_AI_ASSISTED
OILPS_IOGP_SPI_0073,IOGP_SPI,"Gasket failure on 24” valve caused 4,800 KCF gas release; station evacuated and shut in remotely.",None,,None,0,SOURCE_GROUNDED
OILPS_OSHA_01168,OSHA,"An employee was attempting to reposition the fork on a telehandler. His right pinky finger was between the fork and the mounting bracket when the fork shifted and swung back, crushing his pinky finger.",Safe Mechanical Lifting,,Safe Mechanical Lifting,1,PROJECT_ANNOTATED_AI_ASSISTED
OILPS_OSHA_03336,OSHA,"An employee was doing welding work on a cylinder. The cylinder fell from a skid frame. As the employee went to catch it, it partially amputated the bottom of his left middle finger.",Working at Height,Hot Work,Working at Height; Hot Work,2,PROJECT_ANNOTATED_AI_ASSISTED
OILPS_OSHA_02536,OSHA,"An employee was pressure washing a piece of drilling equipment when he slightly slipped, lost his balance, and ran the tip of the pressure washer wand across his foot, causing an injection wound. He was hospitalized with a foot laceration from the high-pressure water.",Energy Isolation,,Energy Isolation,1,PROJECT_ANNOTATED_AI_ASSISTED
OILPS_IOGP_HPE_0053,IOGP_HPE,"A steel structure crew was modifying a permanent grating platform handrail when a crowbar (weight approximately 
0.72kg) fell from the platform (height 20 metres) and landed on the ground below in an unbarricaded area. No 
person injury occurred or was reported.",None,,None,0,SOURCE_GROUNDED
OILPS_IOGP_HPE_0091,IOGP_HPE,"During the heating of an 18-inch pipe to remove the coating, the worker placed the torch at the entrance of the 18-
inch pipe. When attempting to light the torch with a manual spark igniter, a flammable atmosphere was created, 
causing a flash fire that resulted in first and second-degree burns to the worker's face after being hit sideways by a 
flash fire in the manufacturing workshop area.",None,,None,0,SOURCE_GROUNDED
OILPS_OSHA_02915,OSHA,An employee was bitten on the wrist by an insect. He went into anaphylactic shock later that day and collapsed. He was hospitalized.,None,,None,0,PROJECT_ANNOTATED_AI_ASSISTED
OILPS_OSHA_01053,OSHA,"An employee was welding a 10-inch pipe when the jack stand that was supporting the pipe sank into the ground, causing the pipe to strike and break the employee's left femur.",Hot Work,,Hot Work,1,PROJECT_ANNOTATED_AI_ASSISTED
OILPS_OSHA_02917,OSHA,"An employee was climbing up a rough-terrain crane. He hit his hard hat on the jib above him, lost his balance, and fell to the crane deck and then to the ground about 4.5 feet below the deck. He suffered rib fractures.",Safe Mechanical Lifting,,Safe Mechanical Lifting,1,PROJECT_ANNOTATED_AI_ASSISTED
OILPS_OSHA_00748,OSHA,"An employee slipped on water droplets on the floor and fell, breaking her left hip and right ankle.",None,,None,0,PROJECT_ANNOTATED_AI_ASSISTED
OILPS_IOGP_SPI_0065,IOGP_SPI,"Contract crew loosening 2” ball valve body caused 40 bbl scavenger spill into impermeable containment; no waters 
affected.
48
Safety performance indicators – Process safety events – 2025 data
===PAGE_49===",None,,None,0,SOURCE_GROUNDED
OILPS_OSHA_01215,OSHA,"An employee was filling a tanker trailer with used oil that was being pumped from a larger stationary tank. He climbed the trailer-mounted ladder to open the dome hatch to check on the filling process. When he released one of the dome hatch cover clips, the lid was blown open from built-up pressure inside the tank. He was thrown from the ladder to the ground, hitting his head and neck and requiring hospitalization.",Energy Isolation,Working at Height,Energy Isolation; Working at Height,2,PROJECT_ANNOTATED_AI_ASSISTED
OILPS_IOGP_HPE_0021,IOGP_HPE,"During hot work activities to replace process lines, the flange of a service water line was broken. This resulted in a 
release of water followed by a hydrocarbon/water emulsion. There was no CO/LEL detected and the material was 
removed by flushing with service water. Despite a very minor, intermittent liquid release (droplets) from the open 
line, work activities continued to cut an upstream service water line. About 10-15 minutes later, a fire ignited from 
the open process nozzle.",None,,None,0,SOURCE_GROUNDED
OILPS_OSHA_02670,OSHA,"An employee was using a rake to grade hot asphalt in a parking lot. The employee tripped over a car stop and fell onto the hot asphalt, suffering second- and third-degree burns to the lower back and arm. The employee was hospitalized.",None,,None,0,PROJECT_ANNOTATED_AI_ASSISTED
OILPS_IOGP_SPI_0013,IOGP_SPI,Bottom column experienced leaks at bleeder valve and caused a vapor cloud.,None,,None,0,SOURCE_GROUNDED
OILPS_IOGP_SPI_0051,IOGP_SPI,"A loss of containment was detected on the Right of way of the 16” Ø oil-gas pipeline that runs from the #1 
Separation Battery to the interconnection of the 16” Ø oil-gas pipeline (L2) at the AT of the #2 Separation Battery 
(km 2+169). Together with the operations personnel, operational adjustments were carried out to shut in the wells, 
proceeding to isolate the section of the 16” Ø oil-gas pipeline from #1 Separation Battery to the AT of #2 Separation 
Battery, taking the 16” Ø (L2) oil-gas pipeline out of service in order to begin a controlled depressurization.",None,,None,0,SOURCE_GROUNDED
OILPS_OSHA_01394,OSHA,"An employee fell from the top of a truck and landed on the ground, breaking his leg in two places and requiring surgery.",Working at Height,Driving,Working at Height; Driving,2,PROJECT_ANNOTATED_AI_ASSISTED
OILPS_OSHA_04212,OSHA,"An employee had been unloading tires from the back of a pickup truck. The employee went to step down out of the back of the pickup truck and stepped on the lift gate in a vertical position. The lift gate tipped and employee fell, impacting their side on the upright liftgate. The employee sustained five fractured ribs and a punctured right lung. The employee was hospitalized.",Driving,,Driving,1,PROJECT_ANNOTATED_AI_ASSISTED
OILPS_OSHA_03371,OSHA,An employee was assisting a rig crew with stabbing drill pipe into a rotating head. The employee's fingertips became caught between the rotating rubber head and a trip nipple causing lacerations to four fingertips on the left hand and partial amputations to his right ring and little fingers.,None,,None,0,PROJECT_ANNOTATED_AI_ASSISTED
OILPS_OSHA_02538,OSHA,An employee was spotting for a backhoe when its track struck the employee. The employee's left leg was amputated from the knee down.,None,,None,0,PROJECT_ANNOTATED_AI_ASSISTED
OILPS_OSHA_01926,OSHA,"An employee was rinsing the inside of a tank with water from a 1-inch hose. The water pressure surged and the hose whipped around. Its metal nozzle struck the employee's head and face, causing a fracture to the right mandible, a head laceration on the right side of the head behind the ear, and trauma to the right side of the head.",Energy Isolation,,Energy Isolation,1,PROJECT_ANNOTATED_AI_ASSISTED
OILPS_OSHA_03937,OSHA,An employee was handing a hot welding torch to his employer when the welding tip touched the employee's left hand between the knuckle and wrist. The employee sustained a burn to the hand.,Hot Work,,Hot Work,1,PROJECT_ANNOTATED_AI_ASSISTED
OILPS_IOGP_SPI_0107,IOGP_SPI,"Production tank load line 3-inch valve failed releasing 228.56 bbl crude into berms; operator isolated line; fluids 
remained contained.",None,,None,0,SOURCE_GROUNDED
OILPS_IOGP_HPE_0060,IOGP_HPE,Power cable damage during excavation.,None,,None,0,SOURCE_GROUNDED
OILPS_OSHA_00771,OSHA,"An employee was working on the ground aligning the bottom of a 13 3/8"" casing joint into the drilling rig v-door by hand. A winch on the rig floor was lifting the joint top through the v-door. The winch line was lowered causing the bottom of the pipe to slide into the injured employee's left foot resulting in a compound ankle fracture.",Safe Mechanical Lifting,,Safe Mechanical Lifting,1,PROJECT_ANNOTATED_AI_ASSISTED
OILPS_OSHA_03467,OSHA,"An employee was in the mixing room when an asphalt truck arrived to be unloaded. The employee began the procedure for unloading the truck and went outside to the truck to ensure the valve was closed, remove the cap, and attach a hose from the truck to the tanks outside of the mixing room. The cap came off the truck due to pressure behind it and sprayed the employee with the hot asphalt. They sustained burns to the hands, arms, torso, and upper legs.",Energy Isolation,Driving,Energy Isolation; Driving,2,PROJECT_ANNOTATED_AI_ASSISTED
OILPS_IOGP_HPE_0061,IOGP_HPE,"Workers were unloading sandbags from the bucket of a wheel loader. While unloading the sandbags, a worker’s left 
foot was under the loader’s bucket. The bucket was inadvertently lowered, resulting in a crush injury to the worker 
(hereinafter referred to as the injured person or IP).",None,,None,0,SOURCE_GROUNDED
OILPS_OSHA_02357,OSHA,"While cleaning equipment prior to rig down, an employee was working with a rig contractor to rig down a centrifuge slide with a forklift. The employee was sitting on a beam under the centrifuge and behind the slide when the slide slipped off the forklift, swinging and pinning the employee against the beam of the centrifuge. He sustained a fractured tibia and fibula just below the left knee.",Safe Mechanical Lifting,,Safe Mechanical Lifting,1,PROJECT_ANNOTATED_AI_ASSISTED
OILPS_IOGP_SPI_0115,IOGP_SPI,"Coms loss caused skim tanks to overflow; tank sticks, transmitter, and pressure switches replaced.",None,,None,0,SOURCE_GROUNDED
OILPS_OSHA_00389,OSHA,"The employee was walking, tripped over a wooden pallet, and fell breaking his hip.",None,,None,0,PROJECT_ANNOTATED_AI_ASSISTED
OILPS_OSHA_02708,OSHA,"An employee was standing within proximity of the drilling pipes as the pipes were being tightened with a wrench and the bucket of a mini excavator. The wrench that was held in place by the excavator bucket slipped, causing the drill pipe to move uncontrollably and strike the employee in the head. The employee sustained a concussion and a cut/laceration.",None,,None,0,PROJECT_ANNOTATED_AI_ASSISTED
OILPS_OSHA_01253,OSHA,"A crew was attempting to line up a catwalk with a vee-door. An employee's left hand was resting on the catwalk. The employee signaled the driller on the controls to move the catwalk. The vee-door, which was resting on the catwalk, then shook free and swung down, smashing the employee's left pinky finger.",None,,None,0,PROJECT_ANNOTATED_AI_ASSISTED
OILPS_IOGP_SPI_0151,IOGP_SPI,"While trenching to lay an electrical line, equipment contacted a high-pressure gas injection line.",None,,None,0,SOURCE_GROUNDED
OILPS_OSHA_03107,OSHA,Two employees were loosening a union. One of the employees was striking the union to loosen it when the ball valve broke off the pipe on the pressure side. The ball valve struck the employee's head and knocked him over. His head landed on a piece of piping.,Energy Isolation,,Energy Isolation,1,PROJECT_ANNOTATED_AI_ASSISTED
OILPS_IOGP_HPE_0013,IOGP_HPE,"Contractor carrying out repairs on the Scale Inhibitor Injection system, the system was understood to have been 
depressurised. As the contractor started to release an end cap, the cap was projected downwards under pressure. 
The cap went directly downwards into a section of plant close to a walkway. This could have had potential to impact 
personnel.",None,,None,0,SOURCE_GROUNDED
OILPS_OSHA_02882,OSHA,"An employee was pushing the forks of a forklift to widen their position. He needed to get the forks around the hook it sits in. Once it cleared the hook, the fork slid quickly, catching the employee's right middle finger against the headache rack support. The finger was amputated.",Safe Mechanical Lifting,,Safe Mechanical Lifting,1,PROJECT_ANNOTATED_AI_ASSISTED
OILPS_OSHA_00602,OSHA,"An employee climbed a ladder to assess the next level of a metal roof. He stepped on a shingle and fell 8 feet through the roof to the ground, breaking his right index finger, left middle finger, right hip, and back.",Working at Height,,Working at Height,1,PROJECT_ANNOTATED_AI_ASSISTED
OILPS_OSHA_00042,OSHA,At 9:00AM an employee was working on an oil field energy services tanker removing a camlock cap. Pressure was on the cap when it was removed. It blew off and struck the employee in the face injuring his jaw and damaging his teeth. The employee was transferred to different hospitals before receiving treatment. The employee was hospitalized one night in Bismarck.,Energy Isolation,,Energy Isolation,1,PROJECT_ANNOTATED_AI_ASSISTED
OILPS_OSHA_03359,OSHA,"An employee removed plywood that was covering a hole so that a crane could fly in a flange. The employee fell through the hole in the floor, contacting a flange approximately 41 inches below. The employee then fell approximately 47 inches, contacting an aluminum step stool, before falling approximately 19 inches to the ground. The employee was hospitalized with a spinal injury that required surgery.",Safe Mechanical Lifting,,Safe Mechanical Lifting,1,PROJECT_ANNOTATED_AI_ASSISTED
OILPS_OSHA_02539,OSHA,An employee was troubleshooting the dehydration unit at the compressor station when he sustained burns to the hand and face from a fire. He was hospitalized.,None,,None,0,PROJECT_ANNOTATED_AI_ASSISTED
OILPS_IOGP_SPI_0108,IOGP_SPI,"Pressure gauge failure compressor released ~3,180 lb/hr CO2; detected during operations; no monitors alarmed.",None,,None,0,SOURCE_GROUNDED
OILPS_IOGP_SPI_0090,IOGP_SPI,Pressure transmitter failure released 355 bbl oil; 250 bbl recovered.,None,,None,0,SOURCE_GROUNDED
OILPS_OSHA_02379,OSHA,An employee was operating a four-wheeler to take soil samples when it hit a rock. The four-wheeler rolled over onto the employee's left leg fracturing the fibula and tibia.,None,,None,0,PROJECT_ANNOTATED_AI_ASSISTED
OILPS_OSHA_01113,OSHA,"On July 22, 2017, an employee was hooking up a holiday detector to scan a pipe for any bare metal when he received an electrical shock on the hand and fell to the ground. He was hospitalized.",None,,None,0,PROJECT_ANNOTATED_AI_ASSISTED
OILPS_OSHA_03018,OSHA,"An employee was loading a truck with caustic potash. A valve gasket failed and sprayed the employee with the caustic potash, resulting in burns to their face, back, chest, and head.",Toxic Gas / Hazardous Substance,Driving,Toxic Gas / Hazardous Substance; Driving,2,PROJECT_ANNOTATED_AI_ASSISTED
OILPS_OSHA_00876,OSHA,An employee was cleaning a H2S (hydrogen sulfide) tower using a H2O2 (hydrogen peroxide) chemical when a chemical explosion occurred. The employee suffered burns to an ear and leg.,Hot Work,Confined Space,Hot Work; Confined Space; Toxic Gas / Hazardous Substance,3,PROJECT_ANNOTATED_AI_ASSISTED
OILPS_OSHA_01603,OSHA,"An employee was attaching a tong to a pipe when his left leg was caught in the tong pull line and the drill string, resulting in a left leg amputation.",Line of Fire,,Line of Fire,1,PROJECT_ANNOTATED_AI_ASSISTED
OILPS_OSHA_03894,OSHA,"The injured employee was holding tubing while another employee used a sledgehammer to straighten out a bent tube. The roof that was being lifted fell down with the piping and crushed the injured employee's left thumb, resulting in amputation.",Working at Height,,Working at Height,1,PROJECT_ANNOTATED_AI_ASSISTED
OILPS_OSHA_04031,OSHA,An employee was under the rig floor adjusting a chain on the slips when his finger became caught between the chain and the blowout preventer (BOP). The employee sustained the amputation of his finger.,Energy Isolation,,Energy Isolation,1,PROJECT_ANNOTATED_AI_ASSISTED
OILPS_OSHA_01608,OSHA,An employee was performing rigging down to move the rig and began experiencing symptoms of heat-related illness including cramps.,Safe Mechanical Lifting,,Safe Mechanical Lifting,1,PROJECT_ANNOTATED_AI_ASSISTED
OILPS_IOGP_SPI_0070,IOGP_SPI,Frozen 3” load line valve ejected ball releasing 211 bbl oil; oil migrated slightly off pad; remediation ongoing.,None,,None,0,SOURCE_GROUNDED
OILPS_OSHA_04051,OSHA,"A skid steer operator was attaching a skid steer's bucket loaded with concrete (estimated to be up to 500 pounds) to a machine. The injured employee was reaching in front of the bucket to move pieces of broken concrete when the bucket fell on his right arm, catching it between the bucket and concrete. The employee sustained a fractured arm and thumb, a laceration to the index finger, and an avulsion to their middle finger.",None,,None,0,PROJECT_ANNOTATED_AI_ASSISTED
OILPS_OSHA_00040,OSHA,An employee suffered a back injury when a hopper that was being lifted by a forklift fell on the employee.,Safe Mechanical Lifting,,Safe Mechanical Lifting,1,PROJECT_ANNOTATED_AI_ASSISTED
OILPS_OSHA_02554,OSHA,"An employee was guiding/lowering a Kelly hose off to the side of the work floor with a winch line when a counterweight slid down the winch line and struck the employee's left hand, causing an open fracture that required hospitalization.",Line of Fire,Safe Mechanical Lifting,Line of Fire; Safe Mechanical Lifting,2,PROJECT_ANNOTATED_AI_ASSISTED
OILPS_OSHA_00543,OSHA,"An employee in a bucket truck was dismantling powerlines when he was electric shocked, suffering burns to both hands. He was hospitalized overnight.",Driving,,Driving,1,PROJECT_ANNOTATED_AI_ASSISTED
OILPS_IOGP_SPI_0111,IOGP_SPI,"Power/coms loss caused tanks to run over, releasing oil/water inside firewall and small amount on pad; recovery 
done.",None,,None,0,SOURCE_GROUNDED
OILPS_IOGP_HPE_0042,IOGP_HPE,Gangway disconnect during personnel transfer.,None,,None,0,SOURCE_GROUNDED
OILPS_OSHA_02853,OSHA,"An employee was performing maintenance on a load cell. Their right hand was on an RPM sensor of rotating weights when the pump jack cycled on, resulting in amputation of three fingertips on the employee's right hand.",None,,None,0,PROJECT_ANNOTATED_AI_ASSISTED
OILPS_IOGP_HPE_0074,IOGP_HPE,"IP contacted by 2 3/8"" joint of pipe.",None,,None,0,SOURCE_GROUNDED
OILPS_OSHA_03066,OSHA,An employee was placing chemical hoses at the top of the tub of a blender. His right ring finger was pinched inside an inlet valve actuator and was amputated to the first joint.,None,,None,0,PROJECT_ANNOTATED_AI_ASSISTED
OILPS_IOGP_SPI_0089,IOGP_SPI,Gas buster controller failure released 20 bbl oil; fully recovered.,None,,None,0,SOURCE_GROUNDED
OILPS_IOGP_HPE_0094,IOGP_HPE,"On 22 March at approximately 08:45, a tool bag was lifted from the rig floor to the derrick using catline #02 during 
equipment mobilisation.
When the bag reached the derrickman’s platform level, it suddenly accelerated upward, struck the sheave, the bag 
handles failed, and the bag and tools fell, impacting a container on the deck below.
No injuries occurred, but the dropped object had fatality potential.",None,,None,0,SOURCE_GROUNDED
OILPS_OSHA_01347,OSHA,Employees had finished clearing trees for a pipeline and were walking back to the trucks. The injured employee slipped and fell to the ground after stepping on a rock covered with leaves. The employee suffered a broken leg and was hospitalized.,None,,None,0,PROJECT_ANNOTATED_AI_ASSISTED
OILPS_OSHA_02948,OSHA,"An employee was loading a dozer into a trailer when he fell off the dozer onto the trailer platform and then onto the ground, resulting in a laceration to his left elbow.",None,,None,0,PROJECT_ANNOTATED_AI_ASSISTED
OILPS_OSHA_04178,OSHA,"An employee was helping an operator to pull a cable off a winch. The operator pulled in the line when it hooked some tree brush. The brush then whipped around and struck the employee's arm, resulting in a broken arm.",Safe Mechanical Lifting,,Safe Mechanical Lifting,1,PROJECT_ANNOTATED_AI_ASSISTED
OILPS_IOGP_HPE_0041,IOGP_HPE,"During preparations for installing a 20’’ sealing ring on the platform on 2 July 2025, a technician tested the ring 
for fit before the lift operation. The 7.1 kg ring slipped from the technician’s hands and fell 6.35 meters to the deck 
below, landing approximately two meters from a mechanic who was grinding at deck level. The ring then bounced 
and struck the mechanic on the arm. The mechanic received a first-aid level impact with no observable injury. The 
event had a severe potential for fatality due to the weight and fall height. The ring had been brought into the elevated 
work area earlier than planned, the area was insufficiently barricaded, and the test occurred without notification to 
the crew below. Multiple procedural, communication and barrier-management weaknesses contributed.",None,,None,0,SOURCE_GROUNDED
OILPS_IOGP_SPI_0104,IOGP_SPI,1-inch equalization line leak released CO2/H2S at 320 lb/hr (14.5 lb/hr H2S).,None,,None,0,SOURCE_GROUNDED
OILPS_OSHA_04066,OSHA,"Three employees were assembling a mast for a mobile rig derrick. Each of the two sections are approximately 60 feet long. The lower mast was positioned on stands. The upper mast was supported by an overhead crane. The injured employee was standing at the base on the lower mast behind the winch skid. He was using a crane and a winch that is mounted on a forklift skid to slide the top mast into the lower mast. The upper section of the mast became misaligned and the force from the crane and winch operations caused the mast to shift 4 feet. This caused the winch skid to shift 4 feet back as well, pinning the employee's left foot between the base of the winch and the base of the forklift mast. The employee sustained two fractures in his foot.",Safe Mechanical Lifting,Working at Height,Safe Mechanical Lifting; Working at Height,2,PROJECT_ANNOTATED_AI_ASSISTED
OILPS_OSHA_00521,OSHA,"On 2/20/2016, at around 4:00 p.m., an employee was using a machine called a planner to prep the poly pipe for welding repairs when a short burst of flame occurred. The employee received second degree burns to the side of the face and neck and was hospitalized overnight.",Energy Isolation,Hot Work,Energy Isolation; Hot Work,2,PROJECT_ANNOTATED_AI_ASSISTED
OILPS_OSHA_03763,OSHA,Employees were lowering material into a dumpster using a digger derrick truck. The injured employee jumped into the dumpster to remove a strap from the pallet. Their right tibia was fractured when their leg contacted the bottom of the dumpster.,Working at Height,Driving,Working at Height; Driving,2,PROJECT_ANNOTATED_AI_ASSISTED
OILPS_OSHA_02351,OSHA,"An employee was removing a ""Christmas tree"" fitting from a pressurized wax tank. The pressure in the wax tank caused the wax to burst from the fitting and onto the employee. The employee was hospitalized for burns to the body.",Energy Isolation,,Energy Isolation,1,PROJECT_ANNOTATED_AI_ASSISTED
OILPS_OSHA_02644,OSHA,"An employee entered the subfloor to survey the area before submitting a plan for repair. There is a submersible pump and an electrical outlet for the pump to plug into under the subfloor. The employee touched an electrical source and sustained an electrical shock. The employee sustained a burn injury, internal damage, and was rendered unconscious. The employee was hospitalized.",None,,None,0,PROJECT_ANNOTATED_AI_ASSISTED
OILPS_OSHA_03194,OSHA,"A crane's auxiliary line was tangled with its anti-two-block device's weight. An employee pulled on the line to free it; the slack released, and his left little fingertip was caught between the weight and the line. The fingertip was amputated.",Safe Mechanical Lifting,,Safe Mechanical Lifting,1,PROJECT_ANNOTATED_AI_ASSISTED
OILPS_OSHA_02720,OSHA,An employee was acting as a ground guide for a vehicle as it backed up. The vehicle struck him and broke his left tibia and fibula.,Driving,,Driving,1,PROJECT_ANNOTATED_AI_ASSISTED
OILPS_OSHA_02027,OSHA,The rig crew was topping off the well with fluid when the operator noticed that the gauge was reading 0 psi. The rig operator leaned over the well head to check for flow inside the well head when an ice plug that had formed released from the well head and struck the employee in the face. The employee suffered injuries to his face and eyes.,Energy Isolation,,Energy Isolation,1,PROJECT_ANNOTATED_AI_ASSISTED
OILPS_IOGP_SPI_0022,IOGP_SPI,"After completing the loading of a vacuum truck from the pit located on the premises, a fire broke out between 
the shed and the truck cabin while the engine was running. The fire affected the truck cabin, and its driver and 
production operator suffered burns to the head.",None,,None,0,SOURCE_GROUNDED
OILPS_OSHA_02491,OSHA,"As a crane truck was rigging down, an employee's hand was caught between the outrigger and the crane. Three fingers on the employee's right hand were crushed and the employee was hospitalized.",Safe Mechanical Lifting,Driving,Safe Mechanical Lifting; Driving,2,PROJECT_ANNOTATED_AI_ASSISTED
OILPS_OSHA_01325,OSHA,"An employee was attempting to climb up an angle iron piece of a substructure when he slipped and fell backward 4 feet to the ground, suffering a spiral fracture to his right ankle.",Working at Height,,Working at Height,1,PROJECT_ANNOTATED_AI_ASSISTED
OILPS_OSHA_02318,OSHA,"An employee was standing on the floor of a drilling rig while hooking up a Kelly hose to a pipe. The hose struck him below the left shoulder blade, and he rolled off the rig and fell to the ground. He suffered kidney trauma, broken ribs, and a liver laceration.",None,,None,0,PROJECT_ANNOTATED_AI_ASSISTED
OILPS_IOGP_SPI_0012,IOGP_SPI,Export pipeline’s 8” leak at valve station.,None,,None,0,SOURCE_GROUNDED
OILPS_OSHA_01046,OSHA,"An employee was standing on the wheel well of a sweeper vehicle. He was checking the radiator water level immediately after shutting the machine down. As he was filling the radiator with water, it began to bubble up, so he dismounted the machine. He landed oddly on the ground and fractured his left leg above the ankle.",Driving,,Driving,1,PROJECT_ANNOTATED_AI_ASSISTED
OILPS_IOGP_SPI_0174,IOGP_SPI,"Loss of primary containment of petroleum through the safety vent of a tank, visually identified by the area operator. 
The event occurred during the release of heat exchanger, due to the alignment valve to tank remaining open.",None,,None,0,SOURCE_GROUNDED
OILPS_IOGP_SPI_0036,IOGP_SPI,"At 08:55 am on the 11th of October a line of sight gas detector located on the production mezz deck indicated High 
High gas at which point the Control Room Operator (CRO) activated the Fire & Gas alarm and all personnel were 
instructed to go to muster. Additional gas detectors indicating High on the production deck location at which point 
the OIM instructed the CRO to activate the Emergency Shut Down due to the number of detectors that had been 
activated on Production Mezz Deck and Production Deck.",None,,None,0,SOURCE_GROUNDED
OILPS_OSHA_03796,OSHA,"A crew was dismantling a rig. They were closing the split spider after removing it from the casing when the injured employee's left hand was caught between the split spider and the rig's master bushing, which was also on the rig's floor. The employee suffered a laceration to the middle finger and fractures to the middle and ring fingers.",None,,None,0,PROJECT_ANNOTATED_AI_ASSISTED
OILPS_OSHA_04122,OSHA,"On July 17, 2925, an employee was working on a computer inside a vehicle when they began experiencing symptoms of carbon monoxide poisoning, resulting in hospitalization.",Driving,,Driving,1,PROJECT_ANNOTATED_AI_ASSISTED
OILPS_OSHA_01723,OSHA,An employee was working outdoors and became ill due to heat exhaustion.,None,,None,0,PROJECT_ANNOTATED_AI_ASSISTED
OILPS_OSHA_04220,OSHA,An employee was retrieving a Christmas tree from a shelf using a ladder. He missed a step and fell to the concrete floor. He sustained injury to his head and wrist.,Working at Height,,Working at Height,1,PROJECT_ANNOTATED_AI_ASSISTED
OILPS_IOGP_SPI_0102,IOGP_SPI,"Foreman found small head gasket leak on HP compressor #4 cylinder; compressor shut down; trending later 
showed 1.2 ppm.",None,,None,0,SOURCE_GROUNDED
OILPS_OSHA_03143,OSHA,An employee was handling a hydraulic skid cylinder using a forklift. His left hand was pinched between the cylinder pad eye and the skid guide slots. He suffered partial amputations to the ring and middle fingers.,Safe Mechanical Lifting,,Safe Mechanical Lifting,1,PROJECT_ANNOTATED_AI_ASSISTED
OILPS_IOGP_FATAL_0192,IOGP_FATAL,"On 22 October 2025 at approximately 1615 hours, smoke alarm detectors were triggered in the engine room. 
Personnel on Board (POB) mustering and engine room reported one missing person. Emergency Response 
Team (ERT) deployed to the location and found one engine room operator unconscious, adjacent to steam plant. 
Additionally, there was sign of steam release found at site. Despite prompt medical attention by the onboard 
medical team, the individual was subsequently pronounced deceased. The affected equipment and piping were 
isolated.",None,,None,0,SOURCE_GROUNDED
OILPS_OSHA_01190,OSHA,"An employee was putting a tire on a vehicle when the jack slipped and struck his left wrist, causing six fractures.",Driving,,Driving,1,PROJECT_ANNOTATED_AI_ASSISTED
OILPS_OSHA_04225,OSHA,"The injured employee was inserting the nozzle of a tubing tester into the testing bars when the tubing tester lowered the bars. The injured employee's finger was crushed between the nozzle and the wiper plate, resulting in amputation of the distal right index fingertip.",None,,None,0,PROJECT_ANNOTATED_AI_ASSISTED
OILPS_IOGP_SPI_0087,IOGP_SPI,Nipple failure on third stage PSV caused 320 KCF gas release; operator shut down on discovery.,None,,None,0,SOURCE_GROUNDED
OILPS_OSHA_01005,OSHA,An employee was helping to sandblast an underground pipe with a hose and sandblasting wand when the wand pointed at his arm and released sandblasting material under high pressure. He suffered a serious arm abrasion.,Energy Isolation,,Energy Isolation,1,PROJECT_ANNOTATED_AI_ASSISTED
OILPS_OSHA_00171,OSHA,An employee working on the drilling floor was picking up the jerk chain for the tongs when the driller applied tension to the chain. The employee got the fingers of his left hand pinched between the headache post and the chain.,None,,None,0,PROJECT_ANNOTATED_AI_ASSISTED
OILPS_OSHA_00860,OSHA,An employee was replacing a natural gas pipeline when he slipped on ice and fractured his left ankle.,None,,None,0,PROJECT_ANNOTATED_AI_ASSISTED
OILPS_OSHA_00163,OSHA,"On or about 12 April 2015, at approximately 1410 hours, an employee amputated the distal portion of his left-hand, index phalanges (no bone involved). He was installing a hydraulic cylinder on a drilling rig when the cylinder he was holding swung laterally, pinching his distal phalanges between the cylinder and the drilling rig structure.",None,,None,0,PROJECT_ANNOTATED_AI_ASSISTED
OILPS_IOGP_HPE_0044,IOGP_HPE,"While dismantling a scaffold, a contractor accidentally dropped a scaffold board. The board struck a 0.5-inch, 32-bar 
pressurized tube, causing physical damage to the tube and resulting in a gas leak.",None,,None,0,SOURCE_GROUNDED
OILPS_OSHA_00128,OSHA,An employee was opening a gate when the last finger of the employee's left hand was pinched in a roller; the fingertip was amputated.,None,,None,0,PROJECT_ANNOTATED_AI_ASSISTED
OILPS_OSHA_00514,OSHA,"A valve cap, under pressure, struck an employee in the upper left arm resulting in a fractured arm and flesh loss.",Energy Isolation,,Energy Isolation,1,PROJECT_ANNOTATED_AI_ASSISTED
OILPS_OSHA_03184,OSHA,"A dump truck was trying to avoid rocks on a trail when its left-side wheels left the trail. The truck rolled about three times, and the driver suffered a neck strain, bumps and bruises, a laceration to the forehead that required stitches, and a laceration to the right forearm.",Driving,,Driving,1,PROJECT_ANNOTATED_AI_ASSISTED
OILPS_OSHA_02488,OSHA,"An employee was standing behind a winch truck. The truck rolled back and ran over the employee's left leg. The employee suffered a thigh injury, a head laceration, and bruising to the right-side ribs.",Safe Mechanical Lifting,Driving,Safe Mechanical Lifting; Driving,2,PROJECT_ANNOTATED_AI_ASSISTED
OILPS_IOGP_HPE_0064,IOGP_HPE,"During racking-back a 7” landing joint using the Monkey board forward pullback tugger, the line parted, causing 
the parted hook and line to fall from the Monkey board to the rig floor. No one was injured or struck by the dropped 
object. 3 crew members were in the Red Zone at the time of the Dropped Object. Hook weighed 0.75kg and dropped 
83ft approx.",None,,None,0,SOURCE_GROUNDED
OILPS_OSHA_03108,OSHA,"An employee was making confined space entries to clean a tank when they began to experience symptoms of heat-related illness, cramps, and heat exhaustion. The employee was hospitalized.",Confined Space,,Confined Space,1,PROJECT_ANNOTATED_AI_ASSISTED
OILPS_IOGP_SPI_0133,IOGP_SPI,Pressure safety valve released on low pressure sweep line.,None,,None,0,SOURCE_GROUNDED
OILPS_OSHA_01187,OSHA,"An employee was at the top of a fixed ladder mounted on the interior of a 10-foot deep trench box. It was raining and the employee's feet and the ladder were wet. The employee slipped off the ladder and fell onto his back on the plywood flooring of the excavation, sustaining a back injury.",Working at Height,,Working at Height,1,PROJECT_ANNOTATED_AI_ASSISTED
OILPS_IOGP_SPI_0035,IOGP_SPI,"On 17 April 2025, at 09:15 AM, during plant round, an operator observed an abnormal sound. Upon further 
inspection of the area, a vapor cloud and condensate leak were identified in Unit-84 from the Slug Catcher Filter 
area, (2’’ Line at upstream of 84-BDV-01.19).
Shift Supervisor/MCR Panel were immediately informed about the leak. The operator pulled the MAC, activated the 
deluge system, and provided a water curtain as per the Shift Supervisor’s direction. Plant emergency shutdown was 
initiated; the leaking section was isolated by closing ESVs and depressurized through the PCV on the Pre-Flash 
Drum to flare.
On inspection, a major hole, around 3” equivalent leak size was identified upstream of BDV01.19.
This leak triggered a Tier-2 Emergency Response, with personnel evacuating. 70 personnel were evaluated by the 
medical team, with toxic clips detecting 5ppm H2S at an occupied area, ~1.3Km away from the leak location. Of the 
personnel evaluated for gas exposure, 29 were classified as First Aid cases.
Safety performance indicators – Process safety events – 2025 data
29

===PAGE_30===",None,,None,0,SOURCE_GROUNDED
OILPS_OSHA_00033,OSHA,Employee received an electric shock when he placed his wrench near an energized bolt on a conductor he was removing.,None,,None,0,PROJECT_ANNOTATED_AI_ASSISTED
OILPS_IOGP_SPI_0026,IOGP_SPI,"Two operators were preparing the well (gas lift) for maintenance. During preparation, the operators were supposed 
to bleed down the pressure on an isolated segment. Communication was made with the control room, and the 
pressure on the equalize manifold was requested. It was then communicated over the radio that the equalize 
manifold was opened to the flare. The IP understood this as the entire segment being open for bleeding to the flare, 
while in reality, only the equalize manifold was open. This resulted in a limited pipe segment remaining without its 
pressure being bled off. The IP then opened a hose with a mounted “manometer manifold” at the end to prepare 
for N2 purging. The hose was lying on the deck. As the IP stepped back over the “manometer manifold,” the hose 
ruptured, and the IP was struck by pressure and the hose on both legs.",None,,None,0,SOURCE_GROUNDED
OILPS_IOGP_SPI_0094,IOGP_SPI,Glycol pump nipple failure released ~1 gallon glycol and 137.8 kscf gas; fluid collected for disposal.,None,,None,0,SOURCE_GROUNDED
OILPS_OSHA_00603,OSHA,An employee was injured when condensate spontaneously released while the employee was starting up a coker.,None,,None,0,PROJECT_ANNOTATED_AI_ASSISTED
OILPS_OSHA_02805,OSHA,An employee tripped going over a containment curb and fell. A Unistrut clip caused a laceration and degloving injury to his abdomen.,None,,None,0,PROJECT_ANNOTATED_AI_ASSISTED
OILPS_OSHA_03507,OSHA,An employee was mixing mud when he began to feel dizzy due to dehydration from the heat.,None,,None,0,PROJECT_ANNOTATED_AI_ASSISTED
OILPS_IOGP_SPI_0179,IOGP_SPI,"A severe industrial accident occurred on an offshore production platform during gas import operations. At the 
time, the platform was in the process of decommissioning, with most production systems already shut down and 
being readied for dismantling; only the gas import line remained operational to supply the power generator. On 
the morning of the incident, this last active pipeline ruptured after years of progressive corrosion, which developed 
specifically on its upper surface - an area exposed to salty water dripping through an unsealed opening between 
decks directly above. Because the line was installed in an elevated position, the most recent inspections did not fully 
address the upper side, allowing a localized, severe corrosion spot on the top of the pipe to go undetected. When the 
rupture finally occurred, a large volume of flammable gas was released and quickly ignited, resulting in a powerful 
jet fire and vapor cloud explosion. Multiple workers were injured, rescue efforts were hampered by equipment 
failures and communication problems, and the event resulted in significant material damage and evacuation of the 
platform.
Safety performance indicators – Process safety events – 2025 data
113

===PAGE_114===",None,,None,0,SOURCE_GROUNDED
OILPS_IOGP_HPE_0063,IOGP_HPE,"After completing the second gyro survey, the crew began rigging down. On the platform deck, a tugger line was 
attached to the gyro tool as secondary retention. The tool was lifted to the rig floor using the wireline. Once above 
the rotary table, the wireline gooseneck was installed on top of the tool. As the tugger was spooled in to take the 
tool’s weight, its swivel caught the gooseneck, pulling it off. The gooseneck, weighing 2.3 kg, fell approximately 50 ft 
from the rotary table to the platform deck.",None,,None,0,SOURCE_GROUNDED
OILPS_OSHA_00615,OSHA,"An employee was running a string of pipe from a derrick basket when his shirt was caught by the rotating torque rod. It pulled his shirt tight, compressing his chest against the derrick basket. He suffered chest bruising and lost consciousness, requiring hospitalization.",Working at Height,,Working at Height,1,PROJECT_ANNOTATED_AI_ASSISTED
OILPS_OSHA_02844,OSHA,An employee was attempting to free a hydraulic line. When the coil tubing was freed it struck the employee in the head causing a skull fracture and a laceration that required stitches.,None,,None,0,PROJECT_ANNOTATED_AI_ASSISTED
OILPS_OSHA_04201,OSHA,"An employee was acting as a spotter for a forklift operator. While its forks were being raised, the forklift came into contact with a power line. The employee was touching the forklift's metal frame at the time and was shocked on the left palm. The employee suffered burns to both the left palm and the sole of the left foot.",Safe Mechanical Lifting,,Safe Mechanical Lifting,1,PROJECT_ANNOTATED_AI_ASSISTED
OILPS_OSHA_00368,OSHA,"An employee was repairing a cooling fan and replacing the fan belt. The employee was using a screw driver to put the belt on when it slipped, catching the employee's finger between the pulley and fan belt. The employee's left fingertip was amputated.",Driving,,Driving,1,PROJECT_ANNOTATED_AI_ASSISTED
OILPS_OSHA_00451,OSHA,"Two employees were fusing two sections of polyline. When the fusing device was activated, the area became engulfed in flames. Both employees were hospitalized with burns to the face and hands.",None,,None,0,PROJECT_ANNOTATED_AI_ASSISTED
OILPS_OSHA_00836,OSHA,An employee was loading an empty coil tubing reel onto a trailer using a crane. The reel fell off the trailer and struck the employee breaking the tibia and fibula.,Safe Mechanical Lifting,,Safe Mechanical Lifting,1,PROJECT_ANNOTATED_AI_ASSISTED
OILPS_OSHA_02861,OSHA,"On July 26, 2021, an employee was hydroblasting using a 5,500 psi water blast gun with a 66-inch barrel. The barrel was run across the top of his left boot, lacerating the top of the foot. He was hospitalized, requiring cleaning and stitches for the wound.",Energy Isolation,,Energy Isolation,1,PROJECT_ANNOTATED_AI_ASSISTED
OILPS_OSHA_00192,OSHA,"An employee received flash fire burns while working on a non-functioning vaporizer at the 13-mile, full-service terminal vicinity in Williston, North Dakota.",Hot Work,,Hot Work,1,PROJECT_ANNOTATED_AI_ASSISTED
OILPS_OSHA_01245,OSHA,"An employee was greasing valves when he lost his footing and fell backward on a fluid pumping trailer. While he was falling, his right leg was caught in a 6-inch gap between the bumper and trailer, breaking his right fibula and tibia.",Line of Fire,,Line of Fire,1,PROJECT_ANNOTATED_AI_ASSISTED
OILPS_OSHA_02343,OSHA,An employee suffered a 480-volt shock while investigating a power outage in a production area.,None,,None,0,PROJECT_ANNOTATED_AI_ASSISTED
OILPS_OSHA_00804,OSHA,"An employee was dispatched to an oil and gas weld site to pick up produced water. When he made it to the worksite, he set his truck in position, connected the hose, and engaged the vacuum pump. A fire then occurred, causing second and third degree burns to both of his arms and part of his torso, as well as minor burns to his neck, face, and ear.",Driving,,Driving,1,PROJECT_ANNOTATED_AI_ASSISTED
OILPS_OSHA_00275,OSHA,"A crane was removing a heater from a platform. The heater was lifted up to tighten the chains before resuming the lift, but the heater stack (7 ft. pipe) broke off of the heater. The broken piece struck an employee, who suffered a severe concussion and broken bones in the neck.",Safe Mechanical Lifting,,Safe Mechanical Lifting,1,PROJECT_ANNOTATED_AI_ASSISTED
OILPS_OSHA_00269,OSHA,An employee was inside a manhole when a 2x4 fell into the hole and hit the top of his finger that was grasping the ladder amputating it.,Working at Height,,Working at Height,1,PROJECT_ANNOTATED_AI_ASSISTED
OILPS_IOGP_SPI_0122,IOGP_SPI,Contractor vehicle hit gas injection blowdown riser releasing gas; compressor shut in and no injuries.,None,,None,0,SOURCE_GROUNDED
OILPS_OSHA_01078,OSHA,"On July 3, 2017, an employee was installing PVC pipe and using a chop saw when the employee experienced heat stress and heat exhaustion symptoms. The employee was hospitalized.",None,,None,0,PROJECT_ANNOTATED_AI_ASSISTED
OILPS_IOGP_SPI_0132,IOGP_SPI,Tanks overflow due to level switch error.,None,,None,0,SOURCE_GROUNDED
OILPS_OSHA_01146,OSHA,"An employee was servicing an oil rig when a rod transfer became hung up, came loose, and struck the employee, knocking him out of a rod basket. He landed face first on a tubing board and broke his leg, jaw, nose, and other facial bones.",None,,None,0,PROJECT_ANNOTATED_AI_ASSISTED
OILPS_OSHA_02147,OSHA,"An employee was working with another employee on top of an oil storage tank at a field site, dismantling piping and attachments to the tank. They had removed a piece of 4-inch vent piping and were attempting to throw the pipe to the ground. While they were throwing the pipe from the tank top, the pipe caught the harness of the injured employee, causing him to fall 15 feet to the ground. He broke his right wrist and pelvis. The employee's fall protection harness was not tied off at the time of the incident.",Working at Height,,Working at Height,1,PROJECT_ANNOTATED_AI_ASSISTED
OILPS_IOGP_SPI_0118,IOGP_SPI,"Lightning strike caused salt water disposal unit (SWD) tank fire, burning 18.75 bbl. oil and damaging multiple tanks 
before extinguished.",None,,None,0,SOURCE_GROUNDED
OILPS_IOGP_SPI_0142,IOGP_SPI,"While releasing pressure on a pipe, the pipe rotated and contacted with person, causing injury.",None,,None,0,SOURCE_GROUNDED
OILPS_IOGP_HPE_0023,IOGP_HPE,"Whilst lifting a pennant on deck as part of a lifting activity (~56.2m length, static weight 16.2 mT), a tagline was in 
a basket arrangement around the rigging to provide stability. The tagline had a single wrap on the generator lifting 
frame, used as an anchor point. During the lift, the involved person who had been on deck dogging the load in a safe 
location, moved to a location positioned between the generator and stored deck boards.
As the generator tilted, it trapped the involved person against a stack of wooden deck boards. The involved person 
received an injury that required Medevac to an onshore medical facility for further treatment.",None,,None,0,SOURCE_GROUNDED
OILPS_OSHA_02785,OSHA,"An employee was collecting a sample at a closed loop station. Recently installed tubing came loose, spraying the employee with spent acid. The employee suffered second-degree burns to the right forearm and left wrist.",Toxic Gas / Hazardous Substance,,Toxic Gas / Hazardous Substance,1,PROJECT_ANNOTATED_AI_ASSISTED
OILPS_IOGP_SPI_0063,IOGP_SPI,"Crew were in the process of installing an injection quill/H2S analyser probe into a valve positioned on top of the 
sales gas line in the dehydration building. As part of the installation process they loosened a 1” bull plug positioned 
on top of the valve (facing straight up approx. 3-3.5 ft. from the ceiling), once the plug was loose gas started to 
release, worker exited the ladder opening the door to ventilate, decision was made to continue to loosen the plug 
to relieve what they assumed was excess pressure. As they continued to loosen the plug it released from the valve 
lodging itself in the ceiling of the building with gas releasing into the building the workers exited the building 
activating the ESD.
Safety performance indicators – Process safety events – 2025 data
47

===PAGE_48===",None,,None,0,SOURCE_GROUNDED
