candidate_id,incident_id,source_incident_id,source_document,source_path,source_organization,source_year,lsr_source_text,lsr_normalized,primary_lsr,secondary_lsr,all_explicit_lsrs,assignment_type,source_type,evidence_type,evidence_excerpt,page_number,table_number,section_name,row_reference,confidence,provenance_status,extraction_method,review_required,created_at,schema_version,canonical_match_status,canonical_incident_id,canonical_match_method,canonical_match_confidence
LSR-CAND-000001,INC-Safety performance indicators – 2024 data.pdf-P5-L7,SRC-INC-2,Safety performance indicators – 2024 data.pdf,resources/safety-recommendation-engine/Safety performance indicators – 2024 data.pdf,UNKNOWN,2024,Driving,Driving,Driving,,"[""Driving""]",SINGLE_EXPLICIT,IOGP_NATIVE,EXPLICIT_TEXT_MATCH,PRIMARY LIFE-SAVING RULE:  Driving,5,,Page 5,7,SOURCE_EXPLICIT,GOLD_CANDIDATE,REGEX_EXPLICIT_PARSER,False,2026-09-03T04:27:11Z,1.0.0,NO_MATCH,,UNMATCHED,0.0
LSR-CAND-000002,INC-Safety performance indicators – 2024 data.pdf-P5-L8,SRC-INC-3,Safety performance indicators – 2024 data.pdf,resources/safety-recommendation-engine/Safety performance indicators – 2024 data.pdf,UNKNOWN,2024,Bypassing safety controls,Bypassing Safety Controls,Bypassing Safety Controls,,"[""Bypassing Safety Controls""]",SINGLE_EXPLICIT,IOGP_NATIVE,EXPLICIT_TEXT_MATCH,SECONARY LIFE-SAVING RULE:  Bypassing safety controls,5,,Page 5,8,SOURCE_EXPLICIT,GOLD_CANDIDATE,REGEX_EXPLICIT_PARSER,False,2026-09-03T04:27:11Z,1.0.0,NO_MATCH,,UNMATCHED,0.0
LSR-CAND-000003,INC-Safety performance indicators – 2024 data.pdf-P5-L28,SRC-INC-4,Safety performance indicators – 2024 data.pdf,resources/safety-recommendation-engine/Safety performance indicators – 2024 data.pdf,UNKNOWN,2024,Bypassing safety controls,Bypassing Safety Controls,Bypassing Safety Controls,,"[""Bypassing Safety Controls""]",SINGLE_EXPLICIT,IOGP_NATIVE,EXPLICIT_TEXT_MATCH,PRIMARY LIFE-SAVING RULE:  Bypassing safety controls,5,,Page 5,28,SOURCE_EXPLICIT,GOLD_CANDIDATE,REGEX_EXPLICIT_PARSER,False,2026-09-03T04:27:11Z,1.0.0,NO_MATCH,,UNMATCHED,0.0
LSR-CAND-000004,INC-Safety performance indicators – 2024 data.pdf-P5-L29,SRC-INC-5,Safety performance indicators – 2024 data.pdf,resources/safety-recommendation-engine/Safety performance indicators – 2024 data.pdf,UNKNOWN,2024,Line of fire,Line of Fire,Line of Fire,,"[""Line of Fire""]",SINGLE_EXPLICIT,IOGP_NATIVE,EXPLICIT_TEXT_MATCH,SECONARY LIFE-SAVING RULE:  Line of fire,5,,Page 5,29,SOURCE_EXPLICIT,GOLD_CANDIDATE,REGEX_EXPLICIT_PARSER,False,2026-09-03T04:27:11Z,1.0.0,NO_MATCH,,UNMATCHED,0.0
LSR-CAND-000005,INC-Safety performance indicators – 2024 data.pdf-P6-L14,SRC-INC-6,Safety performance indicators – 2024 data.pdf,resources/safety-recommendation-engine/Safety performance indicators – 2024 data.pdf,UNKNOWN,2024,Line of fire,Line of Fire,Line of Fire,,"[""Line of Fire""]",SINGLE_EXPLICIT,IOGP_NATIVE,EXPLICIT_TEXT_MATCH,PRIMARY LIFE-SAVING RULE:  Line of fire,6,,Page 6,14,SOURCE_EXPLICIT,GOLD_CANDIDATE,REGEX_EXPLICIT_PARSER,False,2026-09-03T04:27:11Z,1.0.0,NO_MATCH,,UNMATCHED,0.0
LSR-CAND-000006,INC-Safety performance indicators – 2024 data.pdf-P7-L6,SRC-INC-7,Safety performance indicators – 2024 data.pdf,resources/safety-recommendation-engine/Safety performance indicators – 2024 data.pdf,UNKNOWN,2024,Energy isolation,Energy Isolation,Energy Isolation,,"[""Energy Isolation""]",SINGLE_EXPLICIT,IOGP_NATIVE,EXPLICIT_TEXT_MATCH,PRIMARY LIFE-SAVING RULE:  Energy isolation,7,,Page 7,6,SOURCE_EXPLICIT,GOLD_CANDIDATE,REGEX_EXPLICIT_PARSER,False,2026-09-03T04:27:11Z,1.0.0,NO_MATCH,,UNMATCHED,0.0
LSR-CAND-000007,INC-Safety performance indicators – 2024 data.pdf-P7-L31,SRC-INC-8,Safety performance indicators – 2024 data.pdf,resources/safety-recommendation-engine/Safety performance indicators – 2024 data.pdf,UNKNOWN,2024,Energy isolation,Energy Isolation,Energy Isolation,,"[""Energy Isolation""]",SINGLE_EXPLICIT,IOGP_NATIVE,EXPLICIT_TEXT_MATCH,PRIMARY LIFE-SAVING RULE:  Energy isolation,7,,Page 7,31,SOURCE_EXPLICIT,GOLD_CANDIDATE,REGEX_EXPLICIT_PARSER,False,2026-09-03T04:27:11Z,1.0.0,NO_MATCH,,UNMATCHED,0.0
LSR-CAND-000008,INC-Safety performance indicators – 2024 data.pdf-P7-L32,SRC-INC-9,Safety performance indicators – 2024 data.pdf,resources/safety-recommendation-engine/Safety performance indicators – 2024 data.pdf,UNKNOWN,2024,Line of fire,Line of Fire,Line of Fire,,"[""Line of Fire""]",SINGLE_EXPLICIT,IOGP_NATIVE,EXPLICIT_TEXT_MATCH,SECONARY LIFE-SAVING RULE:  Line of fire,7,,Page 7,32,SOURCE_EXPLICIT,GOLD_CANDIDATE,REGEX_EXPLICIT_PARSER,False,2026-09-03T04:27:11Z,1.0.0,NO_MATCH,,UNMATCHED,0.0
LSR-CAND-000009,INC-Safety performance indicators – 2024 data.pdf-P9-L7,SRC-INC-10,Safety performance indicators – 2024 data.pdf,resources/safety-recommendation-engine/Safety performance indicators – 2024 data.pdf,UNKNOWN,2024,Energy isolation,Energy Isolation,Energy Isolation,,"[""Energy Isolation""]",SINGLE_EXPLICIT,IOGP_NATIVE,EXPLICIT_TEXT_MATCH,PRIMARY LIFE-SAVING RULE:  Energy isolation,9,,Page 9,7,SOURCE_EXPLICIT,GOLD_CANDIDATE,REGEX_EXPLICIT_PARSER,False,2026-09-03T04:27:11Z,1.0.0,NO_MATCH,,UNMATCHED,0.0
LSR-CAND-000010,INC-Safety performance indicators – 2024 data.pdf-P9-L8,SRC-INC-11,Safety performance indicators – 2024 data.pdf,resources/safety-recommendation-engine/Safety performance indicators – 2024 data.pdf,UNKNOWN,2024,Line of fire,Line of Fire,Line of Fire,,"[""Line of Fire""]",SINGLE_EXPLICIT,IOGP_NATIVE,EXPLICIT_TEXT_MATCH,SECONARY LIFE-SAVING RULE:  Line of fire,9,,Page 9,8,SOURCE_EXPLICIT,GOLD_CANDIDATE,REGEX_EXPLICIT_PARSER,False,2026-09-03T04:27:11Z,1.0.0,NO_MATCH,,UNMATCHED,0.0
LSR-CAND-000011,INC-Safety performance indicators – 2024 data.pdf-P9-L29,SRC-INC-12,Safety performance indicators – 2024 data.pdf,resources/safety-recommendation-engine/Safety performance indicators – 2024 data.pdf,UNKNOWN,2024,Safe mechanical lifting,Safe Mechanical Lifting,Safe Mechanical Lifting,,"[""Safe Mechanical Lifting""]",SINGLE_EXPLICIT,IOGP_NATIVE,EXPLICIT_TEXT_MATCH,PRIMARY LIFE-SAVING RULE:  Safe mechanical lifting,9,,Page 9,29,SOURCE_EXPLICIT,GOLD_CANDIDATE,REGEX_EXPLICIT_PARSER,False,2026-09-03T04:27:11Z,1.0.0,NO_MATCH,,UNMATCHED,0.0
LSR-CAND-000012,INC-Safety performance indicators – 2024 data.pdf-P9-L30,SRC-INC-13,Safety performance indicators – 2024 data.pdf,resources/safety-recommendation-engine/Safety performance indicators – 2024 data.pdf,UNKNOWN,2024,Line of fire,Line of Fire,Line of Fire,,"[""Line of Fire""]",SINGLE_EXPLICIT,IOGP_NATIVE,EXPLICIT_TEXT_MATCH,SECONARY LIFE-SAVING RULE:  Line of fire,9,,Page 9,30,SOURCE_EXPLICIT,GOLD_CANDIDATE,REGEX_EXPLICIT_PARSER,False,2026-09-03T04:27:11Z,1.0.0,NO_MATCH,,UNMATCHED,0.0
LSR-CAND-000013,INC-Safety performance indicators – 2024 data.pdf-P10-L23,SRC-INC-14,Safety performance indicators – 2024 data.pdf,resources/safety-recommendation-engine/Safety performance indicators – 2024 data.pdf,UNKNOWN,2024,Safe mechanical lifting,Safe Mechanical Lifting,Safe Mechanical Lifting,,"[""Safe Mechanical Lifting""]",SINGLE_EXPLICIT,IOGP_NATIVE,EXPLICIT_TEXT_MATCH,PRIMARY LIFE-SAVING RULE:  Safe mechanical lifting,10,,Page 10,23,SOURCE_EXPLICIT,GOLD_CANDIDATE,REGEX_EXPLICIT_PARSER,False,2026-09-03T04:27:11Z,1.0.0,NO_MATCH,,UNMATCHED,0.0
LSR-CAND-000014,INC-Safety performance indicators – 2024 data.pdf-P10-L24,SRC-INC-15,Safety performance indicators – 2024 data.pdf,resources/safety-recommendation-engine/Safety performance indicators – 2024 data.pdf,UNKNOWN,2024,Line of fire,Line of Fire,Line of Fire,,"[""Line of Fire""]",SINGLE_EXPLICIT,IOGP_NATIVE,EXPLICIT_TEXT_MATCH,SECONARY LIFE-SAVING RULE:  Line of fire,10,,Page 10,24,SOURCE_EXPLICIT,GOLD_CANDIDATE,REGEX_EXPLICIT_PARSER,False,2026-09-03T04:27:11Z,1.0.0,NO_MATCH,,UNMATCHED,0.0
LSR-CAND-000015,INC-Safety performance indicators – 2024 data.pdf-P11-L16,SRC-INC-16,Safety performance indicators – 2024 data.pdf,resources/safety-recommendation-engine/Safety performance indicators – 2024 data.pdf,UNKNOWN,2024,Line of fire,Line of Fire,Line of Fire,,"[""Line of Fire""]",SINGLE_EXPLICIT,IOGP_NATIVE,EXPLICIT_TEXT_MATCH,PRIMARY LIFE-SAVING RULE:  Line of fire,11,,Page 11,16,SOURCE_EXPLICIT,GOLD_CANDIDATE,REGEX_EXPLICIT_PARSER,False,2026-09-03T04:27:11Z,1.0.0,NO_MATCH,,UNMATCHED,0.0
LSR-CAND-000016,INC-Safety performance indicators – 2024 data.pdf-P12-L10,SRC-INC-17,Safety performance indicators – 2024 data.pdf,resources/safety-recommendation-engine/Safety performance indicators – 2024 data.pdf,UNKNOWN,2024,Line of fire,Line of Fire,Line of Fire,,"[""Line of Fire""]",SINGLE_EXPLICIT,IOGP_NATIVE,EXPLICIT_TEXT_MATCH,PRIMARY LIFE-SAVING RULE:  Line of fire,12,,Page 12,10,SOURCE_EXPLICIT,GOLD_CANDIDATE,REGEX_EXPLICIT_PARSER,False,2026-09-03T04:27:11Z,1.0.0,NO_MATCH,,UNMATCHED,0.0
LSR-CAND-000017,INC-Safety performance indicators – 2024 data.pdf-P13-L6,SRC-INC-18,Safety performance indicators – 2024 data.pdf,resources/safety-recommendation-engine/Safety performance indicators – 2024 data.pdf,UNKNOWN,2024,Line of fire,Line of Fire,Line of Fire,,"[""Line of Fire""]",SINGLE_EXPLICIT,IOGP_NATIVE,EXPLICIT_TEXT_MATCH,PRIMARY LIFE-SAVING RULE:  Line of fire,13,,Page 13,6,SOURCE_EXPLICIT,GOLD_CANDIDATE,REGEX_EXPLICIT_PARSER,False,2026-09-03T04:27:11Z,1.0.0,NO_MATCH,,UNMATCHED,0.0
LSR-CAND-000018,INC-Safety performance indicators – 2024 data.pdf-P13-L33,SRC-INC-19,Safety performance indicators – 2024 data.pdf,resources/safety-recommendation-engine/Safety performance indicators – 2024 data.pdf,UNKNOWN,2024,Line of fire,Line of Fire,Line of Fire,,"[""Line of Fire""]",SINGLE_EXPLICIT,IOGP_NATIVE,EXPLICIT_TEXT_MATCH,PRIMARY LIFE-SAVING RULE:  Line of fire,13,,Page 13,33,SOURCE_EXPLICIT,GOLD_CANDIDATE,REGEX_EXPLICIT_PARSER,False,2026-09-03T04:27:11Z,1.0.0,NO_MATCH,,UNMATCHED,0.0
LSR-CAND-000019,INC-Safety performance indicators – 2024 data.pdf-P14-L16,SRC-INC-20,Safety performance indicators – 2024 data.pdf,resources/safety-recommendation-engine/Safety performance indicators – 2024 data.pdf,UNKNOWN,2024,Bypassing safety controls,Bypassing Safety Controls,Bypassing Safety Controls,,"[""Bypassing Safety Controls""]",SINGLE_EXPLICIT,IOGP_NATIVE,EXPLICIT_TEXT_MATCH,PRIMARY LIFE-SAVING RULE:  Bypassing safety controls,14,,Page 14,16,SOURCE_EXPLICIT,GOLD_CANDIDATE,REGEX_EXPLICIT_PARSER,False,2026-09-03T04:27:11Z,1.0.0,NO_MATCH,,UNMATCHED,0.0
LSR-CAND-000020,INC-Safety performance indicators – 2024 data.pdf-P15-L7,SRC-INC-21,Safety performance indicators – 2024 data.pdf,resources/safety-recommendation-engine/Safety performance indicators – 2024 data.pdf,UNKNOWN,2024,Working at height,Working at Height,Working at Height,,"[""Working at Height""]",SINGLE_EXPLICIT,IOGP_NATIVE,EXPLICIT_TEXT_MATCH,PRIMARY LIFE-SAVING RULE:  Working at height,15,,Page 15,7,SOURCE_EXPLICIT,GOLD_CANDIDATE,REGEX_EXPLICIT_PARSER,False,2026-09-03T04:27:11Z,1.0.0,NO_MATCH,,UNMATCHED,0.0
LSR-CAND-000021,INC-Safety performance indicators – 2024 data.pdf-P15-L8,SRC-INC-22,Safety performance indicators – 2024 data.pdf,resources/safety-recommendation-engine/Safety performance indicators – 2024 data.pdf,UNKNOWN,2024,Line of fire,Line of Fire,Line of Fire,,"[""Line of Fire""]",SINGLE_EXPLICIT,IOGP_NATIVE,EXPLICIT_TEXT_MATCH,SECONARY LIFE-SAVING RULE:  Line of fire,15,,Page 15,8,SOURCE_EXPLICIT,GOLD_CANDIDATE,REGEX_EXPLICIT_PARSER,False,2026-09-03T04:27:11Z,1.0.0,NO_MATCH,,UNMATCHED,0.0
LSR-CAND-000022,INC-Safety performance indicators – 2024 data.pdf-P16-L6,SRC-INC-23,Safety performance indicators – 2024 data.pdf,resources/safety-recommendation-engine/Safety performance indicators – 2024 data.pdf,UNKNOWN,2024,Energy isolation,Energy Isolation,Energy Isolation,,"[""Energy Isolation""]",SINGLE_EXPLICIT,IOGP_NATIVE,EXPLICIT_TEXT_MATCH,PRIMARY LIFE-SAVING RULE:  Energy isolation,16,,Page 16,6,SOURCE_EXPLICIT,GOLD_CANDIDATE,REGEX_EXPLICIT_PARSER,False,2026-09-03T04:27:11Z,1.0.0,NO_MATCH,,UNMATCHED,0.0
LSR-CAND-000023,INC-Safety performance indicators – 2024 data.pdf-P16-L7,SRC-INC-24,Safety performance indicators – 2024 data.pdf,resources/safety-recommendation-engine/Safety performance indicators – 2024 data.pdf,UNKNOWN,2024,Work authorization,Work Authorization,Work Authorization,,"[""Work Authorization""]",SINGLE_EXPLICIT,IOGP_NATIVE,EXPLICIT_TEXT_MATCH,SECONARY LIFE-SAVING RULE:  Work authorization,16,,Page 16,7,SOURCE_EXPLICIT,GOLD_CANDIDATE,REGEX_EXPLICIT_PARSER,False,2026-09-03T04:27:11Z,1.0.0,NO_MATCH,,UNMATCHED,0.0
LSR-CAND-000024,INC-Safety performance indicators – 2024 data.pdf-P16-L23,SRC-INC-25,Safety performance indicators – 2024 data.pdf,resources/safety-recommendation-engine/Safety performance indicators – 2024 data.pdf,UNKNOWN,2024,Working at height,Working at Height,Working at Height,,"[""Working at Height""]",SINGLE_EXPLICIT,IOGP_NATIVE,EXPLICIT_TEXT_MATCH,PRIMARY LIFE-SAVING RULE:  Working at height,16,,Page 16,23,SOURCE_EXPLICIT,GOLD_CANDIDATE,REGEX_EXPLICIT_PARSER,False,2026-09-03T04:27:11Z,1.0.0,NO_MATCH,,UNMATCHED,0.0
LSR-CAND-000025,INC-Safety performance indicators – 2024 data.pdf-P17-L6,SRC-INC-26,Safety performance indicators – 2024 data.pdf,resources/safety-recommendation-engine/Safety performance indicators – 2024 data.pdf,UNKNOWN,2024,Energy isolation,Energy Isolation,Energy Isolation,,"[""Energy Isolation""]",SINGLE_EXPLICIT,IOGP_NATIVE,EXPLICIT_TEXT_MATCH,PRIMARY LIFE-SAVING RULE:  Energy isolation,17,,Page 17,6,SOURCE_EXPLICIT,GOLD_CANDIDATE,REGEX_EXPLICIT_PARSER,False,2026-09-03T04:27:11Z,1.0.0,NO_MATCH,,UNMATCHED,0.0
LSR-CAND-000026,INC-Safety performance indicators – 2024 data.pdf-P17-L7,SRC-INC-27,Safety performance indicators – 2024 data.pdf,resources/safety-recommendation-engine/Safety performance indicators – 2024 data.pdf,UNKNOWN,2024,Line of fire,Line of Fire,Line of Fire,,"[""Line of Fire""]",SINGLE_EXPLICIT,IOGP_NATIVE,EXPLICIT_TEXT_MATCH,SECONARY LIFE-SAVING RULE:  Line of fire,17,,Page 17,7,SOURCE_EXPLICIT,GOLD_CANDIDATE,REGEX_EXPLICIT_PARSER,False,2026-09-03T04:27:11Z,1.0.0,NO_MATCH,,UNMATCHED,0.0
LSR-CAND-000027,INC-Safety performance indicators – 2024 data.pdf-P17-L28,SRC-INC-28,Safety performance indicators – 2024 data.pdf,resources/safety-recommendation-engine/Safety performance indicators – 2024 data.pdf,UNKNOWN,2024,Safe mechanical lifting,Safe Mechanical Lifting,Safe Mechanical Lifting,,"[""Safe Mechanical Lifting""]",SINGLE_EXPLICIT,IOGP_NATIVE,EXPLICIT_TEXT_MATCH,PRIMARY LIFE-SAVING RULE:  Safe mechanical lifting,17,,Page 17,28,SOURCE_EXPLICIT,GOLD_CANDIDATE,REGEX_EXPLICIT_PARSER,False,2026-09-03T04:27:11Z,1.0.0,NO_MATCH,,UNMATCHED,0.0
LSR-CAND-000028,INC-Safety performance indicators – 2024 data.pdf-P17-L29,SRC-INC-29,Safety performance indicators – 2024 data.pdf,resources/safety-recommendation-engine/Safety performance indicators – 2024 data.pdf,UNKNOWN,2024,Line of fire,Line of Fire,Line of Fire,,"[""Line of Fire""]",SINGLE_EXPLICIT,IOGP_NATIVE,EXPLICIT_TEXT_MATCH,SECONARY LIFE-SAVING RULE:  Line of fire,17,,Page 17,29,SOURCE_EXPLICIT,GOLD_CANDIDATE,REGEX_EXPLICIT_PARSER,False,2026-09-03T04:27:11Z,1.0.0,NO_MATCH,,UNMATCHED,0.0
LSR-CAND-000029,INC-Safety performance indicators – 2024 data.pdf-P19-L6,SRC-INC-30,Safety performance indicators – 2024 data.pdf,resources/safety-recommendation-engine/Safety performance indicators – 2024 data.pdf,UNKNOWN,2024,Energy isolation,Energy Isolation,Energy Isolation,,"[""Energy Isolation""]",SINGLE_EXPLICIT,IOGP_NATIVE,EXPLICIT_TEXT_MATCH,PRIMARY LIFE-SAVING RULE:  Energy isolation,19,,Page 19,6,SOURCE_EXPLICIT,GOLD_CANDIDATE,REGEX_EXPLICIT_PARSER,False,2026-09-03T04:27:11Z,1.0.0,NO_MATCH,,UNMATCHED,0.0
LSR-CAND-000030,INC-Safety performance indicators – 2024 data.pdf-P19-L7,SRC-INC-31,Safety performance indicators – 2024 data.pdf,resources/safety-recommendation-engine/Safety performance indicators – 2024 data.pdf,UNKNOWN,2024,Line of fire,Line of Fire,Line of Fire,,"[""Line of Fire""]",SINGLE_EXPLICIT,IOGP_NATIVE,EXPLICIT_TEXT_MATCH,SECONARY LIFE-SAVING RULE:  Line of fire,19,,Page 19,7,SOURCE_EXPLICIT,GOLD_CANDIDATE,REGEX_EXPLICIT_PARSER,False,2026-09-03T04:27:11Z,1.0.0,NO_MATCH,,UNMATCHED,0.0
LSR-CAND-000031,INC-Safety performance indicators – 2024 data.pdf-P19-L35,SRC-INC-32,Safety performance indicators – 2024 data.pdf,resources/safety-recommendation-engine/Safety performance indicators – 2024 data.pdf,UNKNOWN,2024,Line of fire,Line of Fire,Line of Fire,,"[""Line of Fire""]",SINGLE_EXPLICIT,IOGP_NATIVE,EXPLICIT_TEXT_MATCH,PRIMARY LIFE-SAVING RULE:  Line of fire,19,,Page 19,35,SOURCE_EXPLICIT,GOLD_CANDIDATE,REGEX_EXPLICIT_PARSER,False,2026-09-03T04:27:11Z,1.0.0,NO_MATCH,,UNMATCHED,0.0
LSR-CAND-000032,INC-Safety performance indicators – 2024 data.pdf-P19-L36,SRC-INC-33,Safety performance indicators – 2024 data.pdf,resources/safety-recommendation-engine/Safety performance indicators – 2024 data.pdf,UNKNOWN,2024,Safe mechanical lifting,Safe Mechanical Lifting,Safe Mechanical Lifting,,"[""Safe Mechanical Lifting""]",SINGLE_EXPLICIT,IOGP_NATIVE,EXPLICIT_TEXT_MATCH,SECONARY LIFE-SAVING RULE:  Safe mechanical lifting,19,,Page 19,36,SOURCE_EXPLICIT,GOLD_CANDIDATE,REGEX_EXPLICIT_PARSER,False,2026-09-03T04:27:11Z,1.0.0,NO_MATCH,,UNMATCHED,0.0
LSR-CAND-000033,INC-Safety performance indicators – 2024 data.pdf-P20-L19,SRC-INC-34,Safety performance indicators – 2024 data.pdf,resources/safety-recommendation-engine/Safety performance indicators – 2024 data.pdf,UNKNOWN,2024,Line of fire,Line of Fire,Line of Fire,,"[""Line of Fire""]",SINGLE_EXPLICIT,IOGP_NATIVE,EXPLICIT_TEXT_MATCH,PRIMARY LIFE-SAVING RULE:  Line of fire,20,,Page 20,19,SOURCE_EXPLICIT,GOLD_CANDIDATE,REGEX_EXPLICIT_PARSER,False,2026-09-03T04:27:11Z,1.0.0,NO_MATCH,,UNMATCHED,0.0
LSR-CAND-000034,INC-Safety performance indicators – 2024 data.pdf-P21-L6,SRC-INC-35,Safety performance indicators – 2024 data.pdf,resources/safety-recommendation-engine/Safety performance indicators – 2024 data.pdf,UNKNOWN,2024,Work authorization,Work Authorization,Work Authorization,,"[""Work Authorization""]",SINGLE_EXPLICIT,IOGP_NATIVE,EXPLICIT_TEXT_MATCH,PRIMARY LIFE-SAVING RULE:  Work authorization,21,,Page 21,6,SOURCE_EXPLICIT,GOLD_CANDIDATE,REGEX_EXPLICIT_PARSER,False,2026-09-03T04:27:11Z,1.0.0,NO_MATCH,,UNMATCHED,0.0
LSR-CAND-000035,INC-Safety performance indicators – 2024 data.pdf-P21-L7,SRC-INC-36,Safety performance indicators – 2024 data.pdf,resources/safety-recommendation-engine/Safety performance indicators – 2024 data.pdf,UNKNOWN,2024,Line of fire,Line of Fire,Line of Fire,,"[""Line of Fire""]",SINGLE_EXPLICIT,IOGP_NATIVE,EXPLICIT_TEXT_MATCH,SECONARY LIFE-SAVING RULE:  Line of fire,21,,Page 21,7,SOURCE_EXPLICIT,GOLD_CANDIDATE,REGEX_EXPLICIT_PARSER,False,2026-09-03T04:27:11Z,1.0.0,NO_MATCH,,UNMATCHED,0.0
LSR-CAND-000036,INC-Safety performance indicators – 2024 data.pdf-P21-L29,SRC-INC-37,Safety performance indicators – 2024 data.pdf,resources/safety-recommendation-engine/Safety performance indicators – 2024 data.pdf,UNKNOWN,2024,Safe mechanical lifting,Safe Mechanical Lifting,Safe Mechanical Lifting,,"[""Safe Mechanical Lifting""]",SINGLE_EXPLICIT,IOGP_NATIVE,EXPLICIT_TEXT_MATCH,PRIMARY LIFE-SAVING RULE:  Safe mechanical lifting,21,,Page 21,29,SOURCE_EXPLICIT,GOLD_CANDIDATE,REGEX_EXPLICIT_PARSER,False,2026-09-03T04:27:11Z,1.0.0,NO_MATCH,,UNMATCHED,0.0
LSR-CAND-000037,INC-Safety performance indicators – 2024 data.pdf-P21-L30,SRC-INC-38,Safety performance indicators – 2024 data.pdf,resources/safety-recommendation-engine/Safety performance indicators – 2024 data.pdf,UNKNOWN,2024,Line of fire,Line of Fire,Line of Fire,,"[""Line of Fire""]",SINGLE_EXPLICIT,IOGP_NATIVE,EXPLICIT_TEXT_MATCH,SECONARY LIFE-SAVING RULE:  Line of fire,21,,Page 21,30,SOURCE_EXPLICIT,GOLD_CANDIDATE,REGEX_EXPLICIT_PARSER,False,2026-09-03T04:27:11Z,1.0.0,NO_MATCH,,UNMATCHED,0.0
LSR-CAND-000038,INC-Safety performance indicators – 2024 data.pdf-P23-L7,SRC-INC-39,Safety performance indicators – 2024 data.pdf,resources/safety-recommendation-engine/Safety performance indicators – 2024 data.pdf,UNKNOWN,2024,Working at height,Working at Height,Working at Height,,"[""Working at Height""]",SINGLE_EXPLICIT,IOGP_NATIVE,EXPLICIT_TEXT_MATCH,PRIMARY LIFE-SAVING RULE:  Working at height,23,,Page 23,7,SOURCE_EXPLICIT,GOLD_CANDIDATE,REGEX_EXPLICIT_PARSER,False,2026-09-03T04:27:11Z,1.0.0,NO_MATCH,,UNMATCHED,0.0
LSR-CAND-000039,INC-Safety performance indicators – 2024 data.pdf-P23-L8,SRC-INC-40,Safety performance indicators – 2024 data.pdf,resources/safety-recommendation-engine/Safety performance indicators – 2024 data.pdf,UNKNOWN,2024,Line of fire,Line of Fire,Line of Fire,,"[""Line of Fire""]",SINGLE_EXPLICIT,IOGP_NATIVE,EXPLICIT_TEXT_MATCH,SECONARY LIFE-SAVING RULE:  Line of fire,23,,Page 23,8,SOURCE_EXPLICIT,GOLD_CANDIDATE,REGEX_EXPLICIT_PARSER,False,2026-09-03T04:27:11Z,1.0.0,NO_MATCH,,UNMATCHED,0.0
LSR-CAND-000043,INC-Safety performance indicators – 2024 data.pdf-P25-L33,SRC-INC-44,Safety performance indicators – 2024 data.pdf,resources/safety-recommendation-engine/Safety performance indicators – 2024 data.pdf,UNKNOWN,2024,Line of fire,Line of Fire,Line of Fire,,"[""Line of Fire""]",SINGLE_EXPLICIT,IOGP_NATIVE,EXPLICIT_TEXT_MATCH,PRIMARY LIFE-SAVING RULE:  Line of fire,25,,Page 25,33,SOURCE_EXPLICIT,GOLD_CANDIDATE,REGEX_EXPLICIT_PARSER,False,2026-09-03T04:27:11Z,1.0.0,NO_MATCH,,UNMATCHED,0.0
LSR-CAND-000044,INC-Safety performance indicators – 2024 data.pdf-P26-L28,SRC-INC-45,Safety performance indicators – 2024 data.pdf,resources/safety-recommendation-engine/Safety performance indicators – 2024 data.pdf,UNKNOWN,2024,Safe mechanical lifting,Safe Mechanical Lifting,Safe Mechanical Lifting,,"[""Safe Mechanical Lifting""]",SINGLE_EXPLICIT,IOGP_NATIVE,EXPLICIT_TEXT_MATCH,PRIMARY LIFE-SAVING RULE:  Safe mechanical lifting,26,,Page 26,28,SOURCE_EXPLICIT,GOLD_CANDIDATE,REGEX_EXPLICIT_PARSER,False,2026-09-03T04:27:11Z,1.0.0,NO_MATCH,,UNMATCHED,0.0
LSR-CAND-000045,INC-Safety performance indicators – 2024 data.pdf-P26-L29,SRC-INC-46,Safety performance indicators – 2024 data.pdf,resources/safety-recommendation-engine/Safety performance indicators – 2024 data.pdf,UNKNOWN,2024,Line of fire,Line of Fire,Line of Fire,,"[""Line of Fire""]",SINGLE_EXPLICIT,IOGP_NATIVE,EXPLICIT_TEXT_MATCH,SECONARY LIFE-SAVING RULE:  Line of fire,26,,Page 26,29,SOURCE_EXPLICIT,GOLD_CANDIDATE,REGEX_EXPLICIT_PARSER,False,2026-09-03T04:27:11Z,1.0.0,NO_MATCH,,UNMATCHED,0.0
LSR-CAND-000046,INC-Safety performance indicators – 2024 data.pdf-P27-L23,SRC-INC-47,Safety performance indicators – 2024 data.pdf,resources/safety-recommendation-engine/Safety performance indicators – 2024 data.pdf,UNKNOWN,2024,Line of fire,Line of Fire,Line of Fire,,"[""Line of Fire""]",SINGLE_EXPLICIT,IOGP_NATIVE,EXPLICIT_TEXT_MATCH,PRIMARY LIFE-SAVING RULE:  Line of fire,27,,Page 27,23,SOURCE_EXPLICIT,GOLD_CANDIDATE,REGEX_EXPLICIT_PARSER,False,2026-09-03T04:27:11Z,1.0.0,NO_MATCH,,UNMATCHED,0.0
LSR-CAND-000047,INC-Safety performance indicators – 2024 data.pdf-P28-L6,SRC-INC-48,Safety performance indicators – 2024 data.pdf,resources/safety-recommendation-engine/Safety performance indicators – 2024 data.pdf,UNKNOWN,2024,Line of fire,Line of Fire,Line of Fire,,"[""Line of Fire""]",SINGLE_EXPLICIT,IOGP_NATIVE,EXPLICIT_TEXT_MATCH,PRIMARY LIFE-SAVING RULE:  Line of fire,28,,Page 28,6,SOURCE_EXPLICIT,GOLD_CANDIDATE,REGEX_EXPLICIT_PARSER,False,2026-09-03T04:27:11Z,1.0.0,NO_MATCH,,UNMATCHED,0.0
LSR-CAND-000048,INC-Safety performance indicators – 2024 data.pdf-P28-L27,SRC-INC-49,Safety performance indicators – 2024 data.pdf,resources/safety-recommendation-engine/Safety performance indicators – 2024 data.pdf,UNKNOWN,2024,Safe mechanical lifting,Safe Mechanical Lifting,Safe Mechanical Lifting,,"[""Safe Mechanical Lifting""]",SINGLE_EXPLICIT,IOGP_NATIVE,EXPLICIT_TEXT_MATCH,PRIMARY LIFE-SAVING RULE:  Safe mechanical lifting,28,,Page 28,27,SOURCE_EXPLICIT,GOLD_CANDIDATE,REGEX_EXPLICIT_PARSER,False,2026-09-03T04:27:11Z,1.0.0,NO_MATCH,,UNMATCHED,0.0
LSR-CAND-000049,INC-Safety performance indicators – 2024 data.pdf-P28-L28,SRC-INC-50,Safety performance indicators – 2024 data.pdf,resources/safety-recommendation-engine/Safety performance indicators – 2024 data.pdf,UNKNOWN,2024,Line of fire,Line of Fire,Line of Fire,,"[""Line of Fire""]",SINGLE_EXPLICIT,IOGP_NATIVE,EXPLICIT_TEXT_MATCH,SECONARY LIFE-SAVING RULE:  Line of fire,28,,Page 28,28,SOURCE_EXPLICIT,GOLD_CANDIDATE,REGEX_EXPLICIT_PARSER,False,2026-09-03T04:27:11Z,1.0.0,NO_MATCH,,UNMATCHED,0.0
LSR-CAND-000053,INC-Safety performance indicators – 2024 data.pdf-P31-L7,SRC-INC-54,Safety performance indicators – 2024 data.pdf,resources/safety-recommendation-engine/Safety performance indicators – 2024 data.pdf,UNKNOWN,2024,Bypassing safety controls,Bypassing Safety Controls,Bypassing Safety Controls,,"[""Bypassing Safety Controls""]",SINGLE_EXPLICIT,IOGP_NATIVE,EXPLICIT_TEXT_MATCH,PRIMARY LIFE-SAVING RULE:  Bypassing safety controls,31,,Page 31,7,SOURCE_EXPLICIT,GOLD_CANDIDATE,REGEX_EXPLICIT_PARSER,False,2026-09-03T04:27:11Z,1.0.0,NO_MATCH,,UNMATCHED,0.0
LSR-CAND-000054,INC-Safety performance indicators – 2024 data.pdf-P31-L27,SRC-INC-55,Safety performance indicators – 2024 data.pdf,resources/safety-recommendation-engine/Safety performance indicators – 2024 data.pdf,UNKNOWN,2024,Line of fire,Line of Fire,Line of Fire,,"[""Line of Fire""]",SINGLE_EXPLICIT,IOGP_NATIVE,EXPLICIT_TEXT_MATCH,PRIMARY LIFE-SAVING RULE:  Line of fire,31,,Page 31,27,SOURCE_EXPLICIT,GOLD_CANDIDATE,REGEX_EXPLICIT_PARSER,False,2026-09-03T04:27:11Z,1.0.0,NO_MATCH,,UNMATCHED,0.0
LSR-CAND-000055,INC-Safety performance indicators – 2024 data.pdf-P32-L18,SRC-INC-56,Safety performance indicators – 2024 data.pdf,resources/safety-recommendation-engine/Safety performance indicators – 2024 data.pdf,UNKNOWN,2024,Energy isolation,Energy Isolation,Energy Isolation,,"[""Energy Isolation""]",SINGLE_EXPLICIT,IOGP_NATIVE,EXPLICIT_TEXT_MATCH,PRIMARY LIFE-SAVING RULE:  Energy isolation,32,,Page 32,18,SOURCE_EXPLICIT,GOLD_CANDIDATE,REGEX_EXPLICIT_PARSER,False,2026-09-03T04:27:11Z,1.0.0,NO_MATCH,,UNMATCHED,0.0
LSR-CAND-000056,INC-Safety performance indicators – 2024 data.pdf-P32-L19,SRC-INC-57,Safety performance indicators – 2024 data.pdf,resources/safety-recommendation-engine/Safety performance indicators – 2024 data.pdf,UNKNOWN,2024,Line of fire,Line of Fire,Line of Fire,,"[""Line of Fire""]",SINGLE_EXPLICIT,IOGP_NATIVE,EXPLICIT_TEXT_MATCH,SECONARY LIFE-SAVING RULE:  Line of fire,32,,Page 32,19,SOURCE_EXPLICIT,GOLD_CANDIDATE,REGEX_EXPLICIT_PARSER,False,2026-09-03T04:27:11Z,1.0.0,NO_MATCH,,UNMATCHED,0.0
LSR-CAND-000057,INC-Safety performance indicators – 2024 data.pdf-P33-L10,SRC-INC-58,Safety performance indicators – 2024 data.pdf,resources/safety-recommendation-engine/Safety performance indicators – 2024 data.pdf,UNKNOWN,2024,Work authorization,Work Authorization,Work Authorization,,"[""Work Authorization""]",SINGLE_EXPLICIT,IOGP_NATIVE,EXPLICIT_TEXT_MATCH,PRIMARY LIFE-SAVING RULE:  Work authorization,33,,Page 33,10,SOURCE_EXPLICIT,GOLD_CANDIDATE,REGEX_EXPLICIT_PARSER,False,2026-09-03T04:27:11Z,1.0.0,NO_MATCH,,UNMATCHED,0.0
LSR-CAND-000058,INC-Safety performance indicators – 2024 data.pdf-P33-L11,SRC-INC-59,Safety performance indicators – 2024 data.pdf,resources/safety-recommendation-engine/Safety performance indicators – 2024 data.pdf,UNKNOWN,2024,Line of fire,Line of Fire,Line of Fire,,"[""Line of Fire""]",SINGLE_EXPLICIT,IOGP_NATIVE,EXPLICIT_TEXT_MATCH,SECONARY LIFE-SAVING RULE:  Line of fire,33,,Page 33,11,SOURCE_EXPLICIT,GOLD_CANDIDATE,REGEX_EXPLICIT_PARSER,False,2026-09-03T04:27:11Z,1.0.0,NO_MATCH,,UNMATCHED,0.0
LSR-CAND-000059,INC-Safety performance indicators – 2024 data.pdf-P34-L6,SRC-INC-60,Safety performance indicators – 2024 data.pdf,resources/safety-recommendation-engine/Safety performance indicators – 2024 data.pdf,UNKNOWN,2024,Line of fire,Line of Fire,Line of Fire,,"[""Line of Fire""]",SINGLE_EXPLICIT,IOGP_NATIVE,EXPLICIT_TEXT_MATCH,PRIMARY LIFE-SAVING RULE:  Line of fire,34,,Page 34,6,SOURCE_EXPLICIT,GOLD_CANDIDATE,REGEX_EXPLICIT_PARSER,False,2026-09-03T04:27:11Z,1.0.0,NO_MATCH,,UNMATCHED,0.0
LSR-CAND-000060,INC-Safety performance indicators – 2024 data.pdf-P34-L7,SRC-INC-61,Safety performance indicators – 2024 data.pdf,resources/safety-recommendation-engine/Safety performance indicators – 2024 data.pdf,UNKNOWN,2024,Energy isolation,Energy Isolation,Energy Isolation,,"[""Energy Isolation""]",SINGLE_EXPLICIT,IOGP_NATIVE,EXPLICIT_TEXT_MATCH,SECONARY LIFE-SAVING RULE:  Energy isolation,34,,Page 34,7,SOURCE_EXPLICIT,GOLD_CANDIDATE,REGEX_EXPLICIT_PARSER,False,2026-09-03T04:27:11Z,1.0.0,NO_MATCH,,UNMATCHED,0.0
LSR-CAND-000061,INC-Safety performance indicators – 2024 data.pdf-P35-L6,SRC-INC-62,Safety performance indicators – 2024 data.pdf,resources/safety-recommendation-engine/Safety performance indicators – 2024 data.pdf,UNKNOWN,2024,Working at height,Working at Height,Working at Height,,"[""Working at Height""]",SINGLE_EXPLICIT,IOGP_NATIVE,EXPLICIT_TEXT_MATCH,PRIMARY LIFE-SAVING RULE:  Working at height,35,,Page 35,6,SOURCE_EXPLICIT,GOLD_CANDIDATE,REGEX_EXPLICIT_PARSER,False,2026-09-03T04:27:11Z,1.0.0,NO_MATCH,,UNMATCHED,0.0
LSR-CAND-000062,INC-Safety performance indicators – 2024 data.pdf-P35-L7,SRC-INC-63,Safety performance indicators – 2024 data.pdf,resources/safety-recommendation-engine/Safety performance indicators – 2024 data.pdf,UNKNOWN,2024,Safe mechanical lifting,Safe Mechanical Lifting,Safe Mechanical Lifting,,"[""Safe Mechanical Lifting""]",SINGLE_EXPLICIT,IOGP_NATIVE,EXPLICIT_TEXT_MATCH,SECONARY LIFE-SAVING RULE:  Safe mechanical lifting,35,,Page 35,7,SOURCE_EXPLICIT,GOLD_CANDIDATE,REGEX_EXPLICIT_PARSER,False,2026-09-03T04:27:11Z,1.0.0,NO_MATCH,,UNMATCHED,0.0
LSR-CAND-000063,INC-Safety performance indicators – 2024 data.pdf-P36-L6,SRC-INC-64,Safety performance indicators – 2024 data.pdf,resources/safety-recommendation-engine/Safety performance indicators – 2024 data.pdf,UNKNOWN,2024,Energy isolation,Energy Isolation,Energy Isolation,,"[""Energy Isolation""]",SINGLE_EXPLICIT,IOGP_NATIVE,EXPLICIT_TEXT_MATCH,PRIMARY LIFE-SAVING RULE:  Energy isolation,36,,Page 36,6,SOURCE_EXPLICIT,GOLD_CANDIDATE,REGEX_EXPLICIT_PARSER,False,2026-09-03T04:27:11Z,1.0.0,NO_MATCH,,UNMATCHED,0.0
LSR-CAND-000064,INC-Safety performance indicators – 2024 data.pdf-P36-L7,SRC-INC-65,Safety performance indicators – 2024 data.pdf,resources/safety-recommendation-engine/Safety performance indicators – 2024 data.pdf,UNKNOWN,2024,Work authorization,Work Authorization,Work Authorization,,"[""Work Authorization""]",SINGLE_EXPLICIT,IOGP_NATIVE,EXPLICIT_TEXT_MATCH,SECONARY LIFE-SAVING RULE:  Work authorization,36,,Page 36,7,SOURCE_EXPLICIT,GOLD_CANDIDATE,REGEX_EXPLICIT_PARSER,False,2026-09-03T04:27:11Z,1.0.0,NO_MATCH,,UNMATCHED,0.0
LSR-CAND-000065,INC-Safety performance indicators – 2024 data.pdf-P37-L7,SRC-INC-66,Safety performance indicators – 2024 data.pdf,resources/safety-recommendation-engine/Safety performance indicators – 2024 data.pdf,UNKNOWN,2024,Working at height,Working at Height,Working at Height,,"[""Working at Height""]",SINGLE_EXPLICIT,IOGP_NATIVE,EXPLICIT_TEXT_MATCH,PRIMARY LIFE-SAVING RULE:  Working at height,37,,Page 37,7,SOURCE_EXPLICIT,GOLD_CANDIDATE,REGEX_EXPLICIT_PARSER,False,2026-09-03T04:27:11Z,1.0.0,NO_MATCH,,UNMATCHED,0.0
LSR-CAND-000066,INC-Safety performance indicators – 2024 data.pdf-P37-L8,SRC-INC-67,Safety performance indicators – 2024 data.pdf,resources/safety-recommendation-engine/Safety performance indicators – 2024 data.pdf,UNKNOWN,2024,Line of fire,Line of Fire,Line of Fire,,"[""Line of Fire""]",SINGLE_EXPLICIT,IOGP_NATIVE,EXPLICIT_TEXT_MATCH,SECONARY LIFE-SAVING RULE:  Line of fire,37,,Page 37,8,SOURCE_EXPLICIT,GOLD_CANDIDATE,REGEX_EXPLICIT_PARSER,False,2026-09-03T04:27:11Z,1.0.0,NO_MATCH,,UNMATCHED,0.0
LSR-CAND-000067,INC-Safety performance indicators – 2024 data.pdf-P38-L6,SRC-INC-68,Safety performance indicators – 2024 data.pdf,resources/safety-recommendation-engine/Safety performance indicators – 2024 data.pdf,UNKNOWN,2024,Working at height,Working at Height,Working at Height,,"[""Working at Height""]",SINGLE_EXPLICIT,IOGP_NATIVE,EXPLICIT_TEXT_MATCH,PRIMARY LIFE-SAVING RULE:  Working at height,38,,Page 38,6,SOURCE_EXPLICIT,GOLD_CANDIDATE,REGEX_EXPLICIT_PARSER,False,2026-09-03T04:27:11Z,1.0.0,NO_MATCH,,UNMATCHED,0.0
LSR-CAND-000068,INC-Safety performance indicators – 2024 data.pdf-P38-L7,SRC-INC-69,Safety performance indicators – 2024 data.pdf,resources/safety-recommendation-engine/Safety performance indicators – 2024 data.pdf,UNKNOWN,2024,Bypassing safety controls,Bypassing Safety Controls,Bypassing Safety Controls,,"[""Bypassing Safety Controls""]",SINGLE_EXPLICIT,IOGP_NATIVE,EXPLICIT_TEXT_MATCH,SECONARY LIFE-SAVING RULE:  Bypassing safety controls,38,,Page 38,7,SOURCE_EXPLICIT,GOLD_CANDIDATE,REGEX_EXPLICIT_PARSER,False,2026-09-03T04:27:11Z,1.0.0,NO_MATCH,,UNMATCHED,0.0
LSR-CAND-000069,INC-Safety performance indicators – 2024 data.pdf-P39-L6,SRC-INC-70,Safety performance indicators – 2024 data.pdf,resources/safety-recommendation-engine/Safety performance indicators – 2024 data.pdf,UNKNOWN,2024,Bypassing safety controls,Bypassing Safety Controls,Bypassing Safety Controls,,"[""Bypassing Safety Controls""]",SINGLE_EXPLICIT,IOGP_NATIVE,EXPLICIT_TEXT_MATCH,PRIMARY LIFE-SAVING RULE:  Bypassing safety controls,39,,Page 39,6,SOURCE_EXPLICIT,GOLD_CANDIDATE,REGEX_EXPLICIT_PARSER,False,2026-09-03T04:27:11Z,1.0.0,NO_MATCH,,UNMATCHED,0.0
LSR-CAND-000070,INC-Safety performance indicators – 2024 data.pdf-P39-L7,SRC-INC-71,Safety performance indicators – 2024 data.pdf,resources/safety-recommendation-engine/Safety performance indicators – 2024 data.pdf,UNKNOWN,2024,Line of fire,Line of Fire,Line of Fire,,"[""Line of Fire""]",SINGLE_EXPLICIT,IOGP_NATIVE,EXPLICIT_TEXT_MATCH,SECONARY LIFE-SAVING RULE:  Line of fire,39,,Page 39,7,SOURCE_EXPLICIT,GOLD_CANDIDATE,REGEX_EXPLICIT_PARSER,False,2026-09-03T04:27:11Z,1.0.0,NO_MATCH,,UNMATCHED,0.0
LSR-CAND-000071,INC-Safety performance indicators – 2024 data.pdf-P39-L30,SRC-INC-72,Safety performance indicators – 2024 data.pdf,resources/safety-recommendation-engine/Safety performance indicators – 2024 data.pdf,UNKNOWN,2024,Safe mechanical lifting,Safe Mechanical Lifting,Safe Mechanical Lifting,,"[""Safe Mechanical Lifting""]",SINGLE_EXPLICIT,IOGP_NATIVE,EXPLICIT_TEXT_MATCH,PRIMARY LIFE-SAVING RULE:  Safe mechanical lifting,39,,Page 39,30,SOURCE_EXPLICIT,GOLD_CANDIDATE,REGEX_EXPLICIT_PARSER,False,2026-09-03T04:27:11Z,1.0.0,NO_MATCH,,UNMATCHED,0.0
LSR-CAND-000072,INC-Safety performance indicators – 2024 data.pdf-P39-L31,SRC-INC-73,Safety performance indicators – 2024 data.pdf,resources/safety-recommendation-engine/Safety performance indicators – 2024 data.pdf,UNKNOWN,2024,Line of fire,Line of Fire,Line of Fire,,"[""Line of Fire""]",SINGLE_EXPLICIT,IOGP_NATIVE,EXPLICIT_TEXT_MATCH,SECONARY LIFE-SAVING RULE:  Line of fire,39,,Page 39,31,SOURCE_EXPLICIT,GOLD_CANDIDATE,REGEX_EXPLICIT_PARSER,False,2026-09-03T04:27:11Z,1.0.0,NO_MATCH,,UNMATCHED,0.0
LSR-CAND-000073,INC-Safety performance indicators – 2024 data.pdf-P40-L27,SRC-INC-74,Safety performance indicators – 2024 data.pdf,resources/safety-recommendation-engine/Safety performance indicators – 2024 data.pdf,UNKNOWN,2024,Safe mechanical lifting,Safe Mechanical Lifting,Safe Mechanical Lifting,,"[""Safe Mechanical Lifting""]",SINGLE_EXPLICIT,IOGP_NATIVE,EXPLICIT_TEXT_MATCH,PRIMARY LIFE-SAVING RULE:  Safe mechanical lifting,40,,Page 40,27,SOURCE_EXPLICIT,GOLD_CANDIDATE,REGEX_EXPLICIT_PARSER,False,2026-09-03T04:27:11Z,1.0.0,NO_MATCH,,UNMATCHED,0.0
LSR-CAND-000074,INC-Safety performance indicators – 2024 data.pdf-P40-L28,SRC-INC-75,Safety performance indicators – 2024 data.pdf,resources/safety-recommendation-engine/Safety performance indicators – 2024 data.pdf,UNKNOWN,2024,Line of fire,Line of Fire,Line of Fire,,"[""Line of Fire""]",SINGLE_EXPLICIT,IOGP_NATIVE,EXPLICIT_TEXT_MATCH,SECONARY LIFE-SAVING RULE:  Line of fire,40,,Page 40,28,SOURCE_EXPLICIT,GOLD_CANDIDATE,REGEX_EXPLICIT_PARSER,False,2026-09-03T04:27:11Z,1.0.0,NO_MATCH,,UNMATCHED,0.0
LSR-CAND-000075,INC-Safety performance indicators – 2024 data.pdf-P41-L18,SRC-INC-76,Safety performance indicators – 2024 data.pdf,resources/safety-recommendation-engine/Safety performance indicators – 2024 data.pdf,UNKNOWN,2024,Safe mechanical lifting,Safe Mechanical Lifting,Safe Mechanical Lifting,,"[""Safe Mechanical Lifting""]",SINGLE_EXPLICIT,IOGP_NATIVE,EXPLICIT_TEXT_MATCH,PRIMARY LIFE-SAVING RULE:  Safe mechanical lifting,41,,Page 41,18,SOURCE_EXPLICIT,GOLD_CANDIDATE,REGEX_EXPLICIT_PARSER,False,2026-09-03T04:27:11Z,1.0.0,NO_MATCH,,UNMATCHED,0.0
LSR-CAND-000076,INC-Safety performance indicators – 2024 data.pdf-P41-L19,SRC-INC-77,Safety performance indicators – 2024 data.pdf,resources/safety-recommendation-engine/Safety performance indicators – 2024 data.pdf,UNKNOWN,2024,Line of fire,Line of Fire,Line of Fire,,"[""Line of Fire""]",SINGLE_EXPLICIT,IOGP_NATIVE,EXPLICIT_TEXT_MATCH,SECONARY LIFE-SAVING RULE:  Line of fire,41,,Page 41,19,SOURCE_EXPLICIT,GOLD_CANDIDATE,REGEX_EXPLICIT_PARSER,False,2026-09-03T04:27:11Z,1.0.0,NO_MATCH,,UNMATCHED,0.0
LSR-CAND-000077,INC-Safety performance indicators – 2024 data.pdf-P42-L21,SRC-INC-78,Safety performance indicators – 2024 data.pdf,resources/safety-recommendation-engine/Safety performance indicators – 2024 data.pdf,UNKNOWN,2024,Energy isolation,Energy Isolation,Energy Isolation,,"[""Energy Isolation""]",SINGLE_EXPLICIT,IOGP_NATIVE,EXPLICIT_TEXT_MATCH,PRIMARY LIFE-SAVING RULE:  Energy isolation,42,,Page 42,21,SOURCE_EXPLICIT,GOLD_CANDIDATE,REGEX_EXPLICIT_PARSER,False,2026-09-03T04:27:11Z,1.0.0,NO_MATCH,,UNMATCHED,0.0
LSR-CAND-000078,INC-Safety performance indicators – 2024 data.pdf-P42-L22,SRC-INC-79,Safety performance indicators – 2024 data.pdf,resources/safety-recommendation-engine/Safety performance indicators – 2024 data.pdf,UNKNOWN,2024,Bypassing safety controls,Bypassing Safety Controls,Bypassing Safety Controls,,"[""Bypassing Safety Controls""]",SINGLE_EXPLICIT,IOGP_NATIVE,EXPLICIT_TEXT_MATCH,SECONARY LIFE-SAVING RULE:  Bypassing safety controls,42,,Page 42,22,SOURCE_EXPLICIT,GOLD_CANDIDATE,REGEX_EXPLICIT_PARSER,False,2026-09-03T04:27:11Z,1.0.0,NO_MATCH,,UNMATCHED,0.0
LSR-CAND-000079,INC-Safety performance indicators – 2024 data.pdf-P43-L6,SRC-INC-80,Safety performance indicators – 2024 data.pdf,resources/safety-recommendation-engine/Safety performance indicators – 2024 data.pdf,UNKNOWN,2024,Line of fire,Line of Fire,Line of Fire,,"[""Line of Fire""]",SINGLE_EXPLICIT,IOGP_NATIVE,EXPLICIT_TEXT_MATCH,PRIMARY LIFE-SAVING RULE:  Line of fire,43,,Page 43,6,SOURCE_EXPLICIT,GOLD_CANDIDATE,REGEX_EXPLICIT_PARSER,False,2026-09-03T04:27:11Z,1.0.0,NO_MATCH,,UNMATCHED,0.0
LSR-CAND-000080,INC-Safety performance indicators – 2024 data.pdf-P43-L7,SRC-INC-81,Safety performance indicators – 2024 data.pdf,resources/safety-recommendation-engine/Safety performance indicators – 2024 data.pdf,UNKNOWN,2024,Energy isolation,Energy Isolation,Energy Isolation,,"[""Energy Isolation""]",SINGLE_EXPLICIT,IOGP_NATIVE,EXPLICIT_TEXT_MATCH,SECONARY LIFE-SAVING RULE:  Energy isolation,43,,Page 43,7,SOURCE_EXPLICIT,GOLD_CANDIDATE,REGEX_EXPLICIT_PARSER,False,2026-09-03T04:27:11Z,1.0.0,NO_MATCH,,UNMATCHED,0.0
LSR-CAND-000081,INC-Safety performance indicators – 2024 data.pdf-P44-L6,SRC-INC-82,Safety performance indicators – 2024 data.pdf,resources/safety-recommendation-engine/Safety performance indicators – 2024 data.pdf,UNKNOWN,2024,Energy isolation,Energy Isolation,Energy Isolation,,"[""Energy Isolation""]",SINGLE_EXPLICIT,IOGP_NATIVE,EXPLICIT_TEXT_MATCH,PRIMARY LIFE-SAVING RULE:  Energy isolation,44,,Page 44,6,SOURCE_EXPLICIT,GOLD_CANDIDATE,REGEX_EXPLICIT_PARSER,False,2026-09-03T04:27:11Z,1.0.0,NO_MATCH,,UNMATCHED,0.0
LSR-CAND-000082,INC-Safety performance indicators – 2024 data.pdf-P44-L7,SRC-INC-83,Safety performance indicators – 2024 data.pdf,resources/safety-recommendation-engine/Safety performance indicators – 2024 data.pdf,UNKNOWN,2024,Line of fire,Line of Fire,Line of Fire,,"[""Line of Fire""]",SINGLE_EXPLICIT,IOGP_NATIVE,EXPLICIT_TEXT_MATCH,SECONARY LIFE-SAVING RULE:  Line of fire,44,,Page 44,7,SOURCE_EXPLICIT,GOLD_CANDIDATE,REGEX_EXPLICIT_PARSER,False,2026-09-03T04:27:11Z,1.0.0,NO_MATCH,,UNMATCHED,0.0
LSR-CAND-000083,INC-Safety performance indicators – 2024 data.pdf-P44-L25,SRC-INC-84,Safety performance indicators – 2024 data.pdf,resources/safety-recommendation-engine/Safety performance indicators – 2024 data.pdf,UNKNOWN,2024,Safe mechanical lifting,Safe Mechanical Lifting,Safe Mechanical Lifting,,"[""Safe Mechanical Lifting""]",SINGLE_EXPLICIT,IOGP_NATIVE,EXPLICIT_TEXT_MATCH,PRIMARY LIFE-SAVING RULE:  Safe mechanical lifting,44,,Page 44,25,SOURCE_EXPLICIT,GOLD_CANDIDATE,REGEX_EXPLICIT_PARSER,False,2026-09-03T04:27:11Z,1.0.0,NO_MATCH,,UNMATCHED,0.0
LSR-CAND-000084,INC-Safety performance indicators – 2024 data.pdf-P44-L26,SRC-INC-85,Safety performance indicators – 2024 data.pdf,resources/safety-recommendation-engine/Safety performance indicators – 2024 data.pdf,UNKNOWN,2024,Line of fire,Line of Fire,Line of Fire,,"[""Line of Fire""]",SINGLE_EXPLICIT,IOGP_NATIVE,EXPLICIT_TEXT_MATCH,SECONARY LIFE-SAVING RULE:  Line of fire,44,,Page 44,26,SOURCE_EXPLICIT,GOLD_CANDIDATE,REGEX_EXPLICIT_PARSER,False,2026-09-03T04:27:11Z,1.0.0,NO_MATCH,,UNMATCHED,0.0
LSR-CAND-000085,INC-Safety performance indicators – 2024 data.pdf-P45-L12,SRC-INC-86,Safety performance indicators – 2024 data.pdf,resources/safety-recommendation-engine/Safety performance indicators – 2024 data.pdf,UNKNOWN,2024,Line of fire,Line of Fire,Line of Fire,,"[""Line of Fire""]",SINGLE_EXPLICIT,IOGP_NATIVE,EXPLICIT_TEXT_MATCH,PRIMARY LIFE-SAVING RULE:  Line of fire,45,,Page 45,12,SOURCE_EXPLICIT,GOLD_CANDIDATE,REGEX_EXPLICIT_PARSER,False,2026-09-03T04:27:11Z,1.0.0,NO_MATCH,,UNMATCHED,0.0
LSR-CAND-000086,INC-Safety performance indicators – 2024 data.pdf-P46-L6,SRC-INC-87,Safety performance indicators – 2024 data.pdf,resources/safety-recommendation-engine/Safety performance indicators – 2024 data.pdf,UNKNOWN,2024,Bypassing safety controls,Bypassing Safety Controls,Bypassing Safety Controls,,"[""Bypassing Safety Controls""]",SINGLE_EXPLICIT,IOGP_NATIVE,EXPLICIT_TEXT_MATCH,PRIMARY LIFE-SAVING RULE:  Bypassing safety controls,46,,Page 46,6,SOURCE_EXPLICIT,GOLD_CANDIDATE,REGEX_EXPLICIT_PARSER,False,2026-09-03T04:27:11Z,1.0.0,NO_MATCH,,UNMATCHED,0.0
LSR-CAND-000087,INC-Safety performance indicators – 2024 data.pdf-P46-L29,SRC-INC-88,Safety performance indicators – 2024 data.pdf,resources/safety-recommendation-engine/Safety performance indicators – 2024 data.pdf,UNKNOWN,2024,Line of fire,Line of Fire,Line of Fire,,"[""Line of Fire""]",SINGLE_EXPLICIT,IOGP_NATIVE,EXPLICIT_TEXT_MATCH,PRIMARY LIFE-SAVING RULE:  Line of fire,46,,Page 46,29,SOURCE_EXPLICIT,GOLD_CANDIDATE,REGEX_EXPLICIT_PARSER,False,2026-09-03T04:27:11Z,1.0.0,NO_MATCH,,UNMATCHED,0.0
LSR-CAND-000088,INC-Safety performance indicators – 2024 data.pdf-P46-L30,SRC-INC-89,Safety performance indicators – 2024 data.pdf,resources/safety-recommendation-engine/Safety performance indicators – 2024 data.pdf,UNKNOWN,2024,Working at height,Working at Height,Working at Height,,"[""Working at Height""]",SINGLE_EXPLICIT,IOGP_NATIVE,EXPLICIT_TEXT_MATCH,SECONARY LIFE-SAVING RULE:  Working at height,46,,Page 46,30,SOURCE_EXPLICIT,GOLD_CANDIDATE,REGEX_EXPLICIT_PARSER,False,2026-09-03T04:27:11Z,1.0.0,NO_MATCH,,UNMATCHED,0.0
LSR-CAND-000089,INC-Safety performance indicators – 2024 data.pdf-P48-L7,SRC-INC-90,Safety performance indicators – 2024 data.pdf,resources/safety-recommendation-engine/Safety performance indicators – 2024 data.pdf,UNKNOWN,2024,Safe mechanical lifting,Safe Mechanical Lifting,Safe Mechanical Lifting,,"[""Safe Mechanical Lifting""]",SINGLE_EXPLICIT,IOGP_NATIVE,EXPLICIT_TEXT_MATCH,PRIMARY LIFE-SAVING RULE:  Safe mechanical lifting,48,,Page 48,7,SOURCE_EXPLICIT,GOLD_CANDIDATE,REGEX_EXPLICIT_PARSER,False,2026-09-03T04:27:11Z,1.0.0,NO_MATCH,,UNMATCHED,0.0
LSR-CAND-000090,INC-Safety performance indicators – 2024 data.pdf-P48-L8,SRC-INC-91,Safety performance indicators – 2024 data.pdf,resources/safety-recommendation-engine/Safety performance indicators – 2024 data.pdf,UNKNOWN,2024,Line of fire,Line of Fire,Line of Fire,,"[""Line of Fire""]",SINGLE_EXPLICIT,IOGP_NATIVE,EXPLICIT_TEXT_MATCH,SECONARY LIFE-SAVING RULE:  Line of fire,48,,Page 48,8,SOURCE_EXPLICIT,GOLD_CANDIDATE,REGEX_EXPLICIT_PARSER,False,2026-09-03T04:27:11Z,1.0.0,NO_MATCH,,UNMATCHED,0.0
LSR-CAND-000091,INC-Safety performance indicators – 2024 data.pdf-P49-L14,SRC-INC-92,Safety performance indicators – 2024 data.pdf,resources/safety-recommendation-engine/Safety performance indicators – 2024 data.pdf,UNKNOWN,2024,Safe mechanical lifting,Safe Mechanical Lifting,Safe Mechanical Lifting,,"[""Safe Mechanical Lifting""]",SINGLE_EXPLICIT,IOGP_NATIVE,EXPLICIT_TEXT_MATCH,PRIMARY LIFE-SAVING RULE:  Safe mechanical lifting,49,,Page 49,14,SOURCE_EXPLICIT,GOLD_CANDIDATE,REGEX_EXPLICIT_PARSER,False,2026-09-03T04:27:11Z,1.0.0,NO_MATCH,,UNMATCHED,0.0
LSR-CAND-000092,INC-Safety performance indicators – 2024 data.pdf-P49-L15,SRC-INC-93,Safety performance indicators – 2024 data.pdf,resources/safety-recommendation-engine/Safety performance indicators – 2024 data.pdf,UNKNOWN,2024,Line of fire,Line of Fire,Line of Fire,,"[""Line of Fire""]",SINGLE_EXPLICIT,IOGP_NATIVE,EXPLICIT_TEXT_MATCH,SECONARY LIFE-SAVING RULE:  Line of fire,49,,Page 49,15,SOURCE_EXPLICIT,GOLD_CANDIDATE,REGEX_EXPLICIT_PARSER,False,2026-09-03T04:27:11Z,1.0.0,NO_MATCH,,UNMATCHED,0.0
LSR-CAND-000093,INC-Safety performance indicators – 2024 data.pdf-P50-L29,SRC-INC-94,Safety performance indicators – 2024 data.pdf,resources/safety-recommendation-engine/Safety performance indicators – 2024 data.pdf,UNKNOWN,2024,Confined space,Confined Space,Confined Space,,"[""Confined Space""]",SINGLE_EXPLICIT,IOGP_NATIVE,EXPLICIT_TEXT_MATCH,PRIMARY LIFE-SAVING RULE:  Confined space,50,,Page 50,29,SOURCE_EXPLICIT,GOLD_CANDIDATE,REGEX_EXPLICIT_PARSER,False,2026-09-03T04:27:11Z,1.0.0,NO_MATCH,,UNMATCHED,0.0
LSR-CAND-000094,INC-Safety performance indicators – 2024 data.pdf-P50-L30,SRC-INC-95,Safety performance indicators – 2024 data.pdf,resources/safety-recommendation-engine/Safety performance indicators – 2024 data.pdf,UNKNOWN,2024,Bypassing safety controls,Bypassing Safety Controls,Bypassing Safety Controls,,"[""Bypassing Safety Controls""]",SINGLE_EXPLICIT,IOGP_NATIVE,EXPLICIT_TEXT_MATCH,SECONARY LIFE-SAVING RULE:  Bypassing safety controls,50,,Page 50,30,SOURCE_EXPLICIT,GOLD_CANDIDATE,REGEX_EXPLICIT_PARSER,False,2026-09-03T04:27:11Z,1.0.0,NO_MATCH,,UNMATCHED,0.0
LSR-CAND-000095,INC-Safety performance indicators – 2024 data.pdf-P51-L21,SRC-INC-96,Safety performance indicators – 2024 data.pdf,resources/safety-recommendation-engine/Safety performance indicators – 2024 data.pdf,UNKNOWN,2024,Working at height,Working at Height,Working at Height,,"[""Working at Height""]",SINGLE_EXPLICIT,IOGP_NATIVE,EXPLICIT_TEXT_MATCH,PRIMARY LIFE-SAVING RULE:  Working at height,51,,Page 51,21,SOURCE_EXPLICIT,GOLD_CANDIDATE,REGEX_EXPLICIT_PARSER,False,2026-09-03T04:27:11Z,1.0.0,NO_MATCH,,UNMATCHED,0.0
LSR-CAND-000096,INC-Safety performance indicators – 2024 data.pdf-P51-L22,SRC-INC-97,Safety performance indicators – 2024 data.pdf,resources/safety-recommendation-engine/Safety performance indicators – 2024 data.pdf,UNKNOWN,2024,Line of fire,Line of Fire,Line of Fire,,"[""Line of Fire""]",SINGLE_EXPLICIT,IOGP_NATIVE,EXPLICIT_TEXT_MATCH,SECONARY LIFE-SAVING RULE:  Line of fire,51,,Page 51,22,SOURCE_EXPLICIT,GOLD_CANDIDATE,REGEX_EXPLICIT_PARSER,False,2026-09-03T04:27:11Z,1.0.0,NO_MATCH,,UNMATCHED,0.0
LSR-CAND-000097,INC-Safety performance indicators – 2024 data.pdf-P52-L15,SRC-INC-98,Safety performance indicators – 2024 data.pdf,resources/safety-recommendation-engine/Safety performance indicators – 2024 data.pdf,UNKNOWN,2024,Line of fire,Line of Fire,Line of Fire,,"[""Line of Fire""]",SINGLE_EXPLICIT,IOGP_NATIVE,EXPLICIT_TEXT_MATCH,PRIMARY LIFE-SAVING RULE:  Line of fire,52,,Page 52,15,SOURCE_EXPLICIT,GOLD_CANDIDATE,REGEX_EXPLICIT_PARSER,False,2026-09-03T04:27:11Z,1.0.0,NO_MATCH,,UNMATCHED,0.0
LSR-CAND-000098,INC-Safety performance indicators – 2024 data.pdf-P53-L9,SRC-INC-99,Safety performance indicators – 2024 data.pdf,resources/safety-recommendation-engine/Safety performance indicators – 2024 data.pdf,UNKNOWN,2024,Bypassing safety controls,Bypassing Safety Controls,Bypassing Safety Controls,,"[""Bypassing Safety Controls""]",SINGLE_EXPLICIT,IOGP_NATIVE,EXPLICIT_TEXT_MATCH,PRIMARY LIFE-SAVING RULE:  Bypassing safety controls,53,,Page 53,9,SOURCE_EXPLICIT,GOLD_CANDIDATE,REGEX_EXPLICIT_PARSER,False,2026-09-03T04:27:11Z,1.0.0,NO_MATCH,,UNMATCHED,0.0
LSR-CAND-000099,INC-Safety performance indicators – 2024 data.pdf-P53-L34,SRC-INC-100,Safety performance indicators – 2024 data.pdf,resources/safety-recommendation-engine/Safety performance indicators – 2024 data.pdf,UNKNOWN,2024,Bypassing safety controls,Bypassing Safety Controls,Bypassing Safety Controls,,"[""Bypassing Safety Controls""]",SINGLE_EXPLICIT,IOGP_NATIVE,EXPLICIT_TEXT_MATCH,PRIMARY LIFE-SAVING RULE:  Bypassing safety controls,53,,Page 53,34,SOURCE_EXPLICIT,GOLD_CANDIDATE,REGEX_EXPLICIT_PARSER,False,2026-09-03T04:27:11Z,1.0.0,NO_MATCH,,UNMATCHED,0.0
LSR-CAND-000100,INC-Safety performance indicators – 2024 data.pdf-P53-L35,SRC-INC-101,Safety performance indicators – 2024 data.pdf,resources/safety-recommendation-engine/Safety performance indicators – 2024 data.pdf,UNKNOWN,2024,Line of fire,Line of Fire,Line of Fire,,"[""Line of Fire""]",SINGLE_EXPLICIT,IOGP_NATIVE,EXPLICIT_TEXT_MATCH,SECONARY LIFE-SAVING RULE:  Line of fire,53,,Page 53,35,SOURCE_EXPLICIT,GOLD_CANDIDATE,REGEX_EXPLICIT_PARSER,False,2026-09-03T04:27:11Z,1.0.0,NO_MATCH,,UNMATCHED,0.0
LSR-CAND-000101,INC-Safety performance indicators – 2024 data.pdf-P54-L24,SRC-INC-102,Safety performance indicators – 2024 data.pdf,resources/safety-recommendation-engine/Safety performance indicators – 2024 data.pdf,UNKNOWN,2024,Safe mechanical lifting,Safe Mechanical Lifting,Safe Mechanical Lifting,,"[""Safe Mechanical Lifting""]",SINGLE_EXPLICIT,IOGP_NATIVE,EXPLICIT_TEXT_MATCH,PRIMARY LIFE-SAVING RULE:  Safe mechanical lifting,54,,Page 54,24,SOURCE_EXPLICIT,GOLD_CANDIDATE,REGEX_EXPLICIT_PARSER,False,2026-09-03T04:27:11Z,1.0.0,NO_MATCH,,UNMATCHED,0.0
LSR-CAND-000102,INC-Safety performance indicators – 2024 data.pdf-P54-L25,SRC-INC-103,Safety performance indicators – 2024 data.pdf,resources/safety-recommendation-engine/Safety performance indicators – 2024 data.pdf,UNKNOWN,2024,Line of fire,Line of Fire,Line of Fire,,"[""Line of Fire""]",SINGLE_EXPLICIT,IOGP_NATIVE,EXPLICIT_TEXT_MATCH,SECONARY LIFE-SAVING RULE:  Line of fire,54,,Page 54,25,SOURCE_EXPLICIT,GOLD_CANDIDATE,REGEX_EXPLICIT_PARSER,False,2026-09-03T04:27:11Z,1.0.0,NO_MATCH,,UNMATCHED,0.0
LSR-CAND-000103,INC-Safety performance indicators – 2024 data.pdf-P55-L6,SRC-INC-104,Safety performance indicators – 2024 data.pdf,resources/safety-recommendation-engine/Safety performance indicators – 2024 data.pdf,UNKNOWN,2024,Driving,Driving,Driving,,"[""Driving""]",SINGLE_EXPLICIT,IOGP_NATIVE,EXPLICIT_TEXT_MATCH,PRIMARY LIFE-SAVING RULE:  Driving,55,,Page 55,6,SOURCE_EXPLICIT,GOLD_CANDIDATE,REGEX_EXPLICIT_PARSER,False,2026-09-03T04:27:11Z,1.0.0,NO_MATCH,,UNMATCHED,0.0
LSR-CAND-000104,INC-Safety performance indicators – 2024 data.pdf-P55-L7,SRC-INC-105,Safety performance indicators – 2024 data.pdf,resources/safety-recommendation-engine/Safety performance indicators – 2024 data.pdf,UNKNOWN,2024,Line of fire,Line of Fire,Line of Fire,,"[""Line of Fire""]",SINGLE_EXPLICIT,IOGP_NATIVE,EXPLICIT_TEXT_MATCH,SECONARY LIFE-SAVING RULE:  Line of fire,55,,Page 55,7,SOURCE_EXPLICIT,GOLD_CANDIDATE,REGEX_EXPLICIT_PARSER,False,2026-09-03T04:27:11Z,1.0.0,NO_MATCH,,UNMATCHED,0.0
LSR-CAND-000105,INC-Safety performance indicators – 2024 data.pdf-P55-L32,SRC-INC-106,Safety performance indicators – 2024 data.pdf,resources/safety-recommendation-engine/Safety performance indicators – 2024 data.pdf,UNKNOWN,2024,Line of fire,Line of Fire,Line of Fire,,"[""Line of Fire""]",SINGLE_EXPLICIT,IOGP_NATIVE,EXPLICIT_TEXT_MATCH,PRIMARY LIFE-SAVING RULE:  Line of fire,55,,Page 55,32,SOURCE_EXPLICIT,GOLD_CANDIDATE,REGEX_EXPLICIT_PARSER,False,2026-09-03T04:27:11Z,1.0.0,NO_MATCH,,UNMATCHED,0.0
LSR-CAND-000106,INC-Safety performance indicators – 2024 data.pdf-P55-L33,SRC-INC-107,Safety performance indicators – 2024 data.pdf,resources/safety-recommendation-engine/Safety performance indicators – 2024 data.pdf,UNKNOWN,2024,Safe mechanical lifting,Safe Mechanical Lifting,Safe Mechanical Lifting,,"[""Safe Mechanical Lifting""]",SINGLE_EXPLICIT,IOGP_NATIVE,EXPLICIT_TEXT_MATCH,SECONARY LIFE-SAVING RULE:  Safe mechanical lifting,55,,Page 55,33,SOURCE_EXPLICIT,GOLD_CANDIDATE,REGEX_EXPLICIT_PARSER,False,2026-09-03T04:27:11Z,1.0.0,NO_MATCH,,UNMATCHED,0.0
LSR-CAND-000107,INC-Safety performance indicators – 2024 data.pdf-P56-L22,SRC-INC-108,Safety performance indicators – 2024 data.pdf,resources/safety-recommendation-engine/Safety performance indicators – 2024 data.pdf,UNKNOWN,2024,Working at height,Working at Height,Working at Height,,"[""Working at Height""]",SINGLE_EXPLICIT,IOGP_NATIVE,EXPLICIT_TEXT_MATCH,PRIMARY LIFE-SAVING RULE:  Working at height,56,,Page 56,22,SOURCE_EXPLICIT,GOLD_CANDIDATE,REGEX_EXPLICIT_PARSER,False,2026-09-03T04:27:11Z,1.0.0,NO_MATCH,,UNMATCHED,0.0
LSR-CAND-000108,INC-Safety performance indicators – 2024 data.pdf-P56-L23,SRC-INC-109,Safety performance indicators – 2024 data.pdf,resources/safety-recommendation-engine/Safety performance indicators – 2024 data.pdf,UNKNOWN,2024,Line of fire,Line of Fire,Line of Fire,,"[""Line of Fire""]",SINGLE_EXPLICIT,IOGP_NATIVE,EXPLICIT_TEXT_MATCH,SECONARY LIFE-SAVING RULE:  Line of fire,56,,Page 56,23,SOURCE_EXPLICIT,GOLD_CANDIDATE,REGEX_EXPLICIT_PARSER,False,2026-09-03T04:27:11Z,1.0.0,NO_MATCH,,UNMATCHED,0.0
LSR-CAND-000109,INC-Safety performance indicators – 2024 data.pdf-P57-L6,SRC-INC-110,Safety performance indicators – 2024 data.pdf,resources/safety-recommendation-engine/Safety performance indicators – 2024 data.pdf,UNKNOWN,2024,Energy isolation,Energy Isolation,Energy Isolation,,"[""Energy Isolation""]",SINGLE_EXPLICIT,IOGP_NATIVE,EXPLICIT_TEXT_MATCH,PRIMARY LIFE-SAVING RULE:  Energy isolation,57,,Page 57,6,SOURCE_EXPLICIT,GOLD_CANDIDATE,REGEX_EXPLICIT_PARSER,False,2026-09-03T04:27:11Z,1.0.0,NO_MATCH,,UNMATCHED,0.0
LSR-CAND-000110,INC-Safety performance indicators – 2024 data.pdf-P57-L7,SRC-INC-111,Safety performance indicators – 2024 data.pdf,resources/safety-recommendation-engine/Safety performance indicators – 2024 data.pdf,UNKNOWN,2024,Line of fire,Line of Fire,Line of Fire,,"[""Line of Fire""]",SINGLE_EXPLICIT,IOGP_NATIVE,EXPLICIT_TEXT_MATCH,SECONARY LIFE-SAVING RULE:  Line of fire,57,,Page 57,7,SOURCE_EXPLICIT,GOLD_CANDIDATE,REGEX_EXPLICIT_PARSER,False,2026-09-03T04:27:11Z,1.0.0,NO_MATCH,,UNMATCHED,0.0
LSR-CAND-000112,INC-Safety performance indicators – 2024 data.pdf-P58-L14,SRC-INC-113,Safety performance indicators – 2024 data.pdf,resources/safety-recommendation-engine/Safety performance indicators – 2024 data.pdf,UNKNOWN,2024,Work authorization,Work Authorization,Work Authorization,,"[""Work Authorization""]",SINGLE_EXPLICIT,IOGP_NATIVE,EXPLICIT_TEXT_MATCH,PRIMARY LIFE-SAVING RULE:  Work authorization,58,,Page 58,14,SOURCE_EXPLICIT,GOLD_CANDIDATE,REGEX_EXPLICIT_PARSER,False,2026-09-03T04:27:11Z,1.0.0,NO_MATCH,,UNMATCHED,0.0
LSR-CAND-000113,INC-Safety performance indicators – 2024 data.pdf-P58-L15,SRC-INC-114,Safety performance indicators – 2024 data.pdf,resources/safety-recommendation-engine/Safety performance indicators – 2024 data.pdf,UNKNOWN,2024,Line of fire,Line of Fire,Line of Fire,,"[""Line of Fire""]",SINGLE_EXPLICIT,IOGP_NATIVE,EXPLICIT_TEXT_MATCH,SECONARY LIFE-SAVING RULE:  Line of fire,58,,Page 58,15,SOURCE_EXPLICIT,GOLD_CANDIDATE,REGEX_EXPLICIT_PARSER,False,2026-09-03T04:27:11Z,1.0.0,NO_MATCH,,UNMATCHED,0.0
LSR-CAND-000114,INC-Safety performance indicators – 2024 data.pdf-P59-L6,SRC-INC-115,Safety performance indicators – 2024 data.pdf,resources/safety-recommendation-engine/Safety performance indicators – 2024 data.pdf,UNKNOWN,2024,Driving,Driving,Driving,,"[""Driving""]",SINGLE_EXPLICIT,IOGP_NATIVE,EXPLICIT_TEXT_MATCH,PRIMARY LIFE-SAVING RULE:  Driving,59,,Page 59,6,SOURCE_EXPLICIT,GOLD_CANDIDATE,REGEX_EXPLICIT_PARSER,False,2026-09-03T04:27:11Z,1.0.0,NO_MATCH,,UNMATCHED,0.0
LSR-CAND-000115,INC-Safety performance indicators – 2024 data.pdf-P59-L7,SRC-INC-116,Safety performance indicators – 2024 data.pdf,resources/safety-recommendation-engine/Safety performance indicators – 2024 data.pdf,UNKNOWN,2024,Line of fire,Line of Fire,Line of Fire,,"[""Line of Fire""]",SINGLE_EXPLICIT,IOGP_NATIVE,EXPLICIT_TEXT_MATCH,SECONARY LIFE-SAVING RULE:  Line of fire,59,,Page 59,7,SOURCE_EXPLICIT,GOLD_CANDIDATE,REGEX_EXPLICIT_PARSER,False,2026-09-03T04:27:11Z,1.0.0,NO_MATCH,,UNMATCHED,0.0
LSR-CAND-000116,INC-Safety performance indicators – 2024 data.pdf-P59-L26,SRC-INC-117,Safety performance indicators – 2024 data.pdf,resources/safety-recommendation-engine/Safety performance indicators – 2024 data.pdf,UNKNOWN,2024,Line of fire,Line of Fire,Line of Fire,,"[""Line of Fire""]",SINGLE_EXPLICIT,IOGP_NATIVE,EXPLICIT_TEXT_MATCH,PRIMARY LIFE-SAVING RULE:  Line of fire,59,,Page 59,26,SOURCE_EXPLICIT,GOLD_CANDIDATE,REGEX_EXPLICIT_PARSER,False,2026-09-03T04:27:11Z,1.0.0,NO_MATCH,,UNMATCHED,0.0
LSR-CAND-000117,INC-Safety performance indicators – 2024 data.pdf-P59-L27,SRC-INC-118,Safety performance indicators – 2024 data.pdf,resources/safety-recommendation-engine/Safety performance indicators – 2024 data.pdf,UNKNOWN,2024,Energy isolation,Energy Isolation,Energy Isolation,,"[""Energy Isolation""]",SINGLE_EXPLICIT,IOGP_NATIVE,EXPLICIT_TEXT_MATCH,SECONARY LIFE-SAVING RULE:  Energy isolation,59,,Page 59,27,SOURCE_EXPLICIT,GOLD_CANDIDATE,REGEX_EXPLICIT_PARSER,False,2026-09-03T04:27:11Z,1.0.0,NO_MATCH,,UNMATCHED,0.0
LSR-CAND-000118,INC-Safety performance indicators – 2024 data.pdf-P60-L20,SRC-INC-119,Safety performance indicators – 2024 data.pdf,resources/safety-recommendation-engine/Safety performance indicators – 2024 data.pdf,UNKNOWN,2024,Energy isolation,Energy Isolation,Energy Isolation,,"[""Energy Isolation""]",SINGLE_EXPLICIT,IOGP_NATIVE,EXPLICIT_TEXT_MATCH,PRIMARY LIFE-SAVING RULE:  Energy isolation,60,,Page 60,20,SOURCE_EXPLICIT,GOLD_CANDIDATE,REGEX_EXPLICIT_PARSER,False,2026-09-03T04:27:11Z,1.0.0,NO_MATCH,,UNMATCHED,0.0
LSR-CAND-000119,INC-Safety performance indicators – 2024 data.pdf-P60-L21,SRC-INC-120,Safety performance indicators – 2024 data.pdf,resources/safety-recommendation-engine/Safety performance indicators – 2024 data.pdf,UNKNOWN,2024,Line of fire,Line of Fire,Line of Fire,,"[""Line of Fire""]",SINGLE_EXPLICIT,IOGP_NATIVE,EXPLICIT_TEXT_MATCH,SECONARY LIFE-SAVING RULE:  Line of fire,60,,Page 60,21,SOURCE_EXPLICIT,GOLD_CANDIDATE,REGEX_EXPLICIT_PARSER,False,2026-09-03T04:27:11Z,1.0.0,NO_MATCH,,UNMATCHED,0.0
LSR-CAND-000120,INC-Safety performance indicators – 2024 data.pdf-P61-L14,SRC-INC-121,Safety performance indicators – 2024 data.pdf,resources/safety-recommendation-engine/Safety performance indicators – 2024 data.pdf,UNKNOWN,2024,Driving,Driving,Driving,,"[""Driving""]",SINGLE_EXPLICIT,IOGP_NATIVE,EXPLICIT_TEXT_MATCH,PRIMARY LIFE-SAVING RULE:  Driving,61,,Page 61,14,SOURCE_EXPLICIT,GOLD_CANDIDATE,REGEX_EXPLICIT_PARSER,False,2026-09-03T04:27:11Z,1.0.0,NO_MATCH,,UNMATCHED,0.0
LSR-CAND-000121,INC-Safety performance indicators – 2024 data.pdf-P62-L6,SRC-INC-122,Safety performance indicators – 2024 data.pdf,resources/safety-recommendation-engine/Safety performance indicators – 2024 data.pdf,UNKNOWN,2024,Driving,Driving,Driving,,"[""Driving""]",SINGLE_EXPLICIT,IOGP_NATIVE,EXPLICIT_TEXT_MATCH,PRIMARY LIFE-SAVING RULE:  Driving,62,,Page 62,6,SOURCE_EXPLICIT,GOLD_CANDIDATE,REGEX_EXPLICIT_PARSER,False,2026-09-03T04:27:11Z,1.0.0,NO_MATCH,,UNMATCHED,0.0
LSR-CAND-000122,INC-Safety performance indicators – 2024 data.pdf-P62-L7,SRC-INC-123,Safety performance indicators – 2024 data.pdf,resources/safety-recommendation-engine/Safety performance indicators – 2024 data.pdf,UNKNOWN,2024,Line of fire,Line of Fire,Line of Fire,,"[""Line of Fire""]",SINGLE_EXPLICIT,IOGP_NATIVE,EXPLICIT_TEXT_MATCH,SECONARY LIFE-SAVING RULE:  Line of fire,62,,Page 62,7,SOURCE_EXPLICIT,GOLD_CANDIDATE,REGEX_EXPLICIT_PARSER,False,2026-09-03T04:27:11Z,1.0.0,NO_MATCH,,UNMATCHED,0.0
LSR-CAND-000123,INC-Safety performance indicators – 2024 data.pdf-P62-L32,SRC-INC-124,Safety performance indicators – 2024 data.pdf,resources/safety-recommendation-engine/Safety performance indicators – 2024 data.pdf,UNKNOWN,2024,Safe mechanical lifting,Safe Mechanical Lifting,Safe Mechanical Lifting,,"[""Safe Mechanical Lifting""]",SINGLE_EXPLICIT,IOGP_NATIVE,EXPLICIT_TEXT_MATCH,PRIMARY LIFE-SAVING RULE:  Safe mechanical lifting,62,,Page 62,32,SOURCE_EXPLICIT,GOLD_CANDIDATE,REGEX_EXPLICIT_PARSER,False,2026-09-03T04:27:11Z,1.0.0,NO_MATCH,,UNMATCHED,0.0
LSR-CAND-000124,INC-Safety performance indicators – 2024 data.pdf-P62-L33,SRC-INC-125,Safety performance indicators – 2024 data.pdf,resources/safety-recommendation-engine/Safety performance indicators – 2024 data.pdf,UNKNOWN,2024,Line of fire,Line of Fire,Line of Fire,,"[""Line of Fire""]",SINGLE_EXPLICIT,IOGP_NATIVE,EXPLICIT_TEXT_MATCH,SECONARY LIFE-SAVING RULE:  Line of fire,62,,Page 62,33,SOURCE_EXPLICIT,GOLD_CANDIDATE,REGEX_EXPLICIT_PARSER,False,2026-09-03T04:27:11Z,1.0.0,NO_MATCH,,UNMATCHED,0.0
LSR-CAND-000125,INC-Safety performance indicators – 2024 data.pdf-P64-L7,SRC-INC-126,Safety performance indicators – 2024 data.pdf,resources/safety-recommendation-engine/Safety performance indicators – 2024 data.pdf,UNKNOWN,2024,Line of fire,Line of Fire,Line of Fire,,"[""Line of Fire""]",SINGLE_EXPLICIT,IOGP_NATIVE,EXPLICIT_TEXT_MATCH,PRIMARY LIFE-SAVING RULE:  Line of fire,64,,Page 64,7,SOURCE_EXPLICIT,GOLD_CANDIDATE,REGEX_EXPLICIT_PARSER,False,2026-09-03T04:27:11Z,1.0.0,NO_MATCH,,UNMATCHED,0.0
LSR-CAND-000126,INC-Safety performance indicators – 2024 data.pdf-P65-L6,SRC-INC-127,Safety performance indicators – 2024 data.pdf,resources/safety-recommendation-engine/Safety performance indicators – 2024 data.pdf,UNKNOWN,2024,Safe mechanical lifting,Safe Mechanical Lifting,Safe Mechanical Lifting,,"[""Safe Mechanical Lifting""]",SINGLE_EXPLICIT,IOGP_NATIVE,EXPLICIT_TEXT_MATCH,PRIMARY LIFE-SAVING RULE:  Safe mechanical lifting,65,,Page 65,6,SOURCE_EXPLICIT,GOLD_CANDIDATE,REGEX_EXPLICIT_PARSER,False,2026-09-03T04:27:11Z,1.0.0,NO_MATCH,,UNMATCHED,0.0
LSR-CAND-000127,INC-Safety performance indicators – 2024 data.pdf-P65-L7,SRC-INC-128,Safety performance indicators – 2024 data.pdf,resources/safety-recommendation-engine/Safety performance indicators – 2024 data.pdf,UNKNOWN,2024,Line of fire,Line of Fire,Line of Fire,,"[""Line of Fire""]",SINGLE_EXPLICIT,IOGP_NATIVE,EXPLICIT_TEXT_MATCH,SECONARY LIFE-SAVING RULE:  Line of fire,65,,Page 65,7,SOURCE_EXPLICIT,GOLD_CANDIDATE,REGEX_EXPLICIT_PARSER,False,2026-09-03T04:27:11Z,1.0.0,NO_MATCH,,UNMATCHED,0.0
LSR-CAND-000128,INC-Safety performance indicators – 2024 data.pdf-P66-L6,SRC-INC-129,Safety performance indicators – 2024 data.pdf,resources/safety-recommendation-engine/Safety performance indicators – 2024 data.pdf,UNKNOWN,2024,Safe mechanical lifting,Safe Mechanical Lifting,Safe Mechanical Lifting,,"[""Safe Mechanical Lifting""]",SINGLE_EXPLICIT,IOGP_NATIVE,EXPLICIT_TEXT_MATCH,PRIMARY LIFE-SAVING RULE:  Safe mechanical lifting,66,,Page 66,6,SOURCE_EXPLICIT,GOLD_CANDIDATE,REGEX_EXPLICIT_PARSER,False,2026-09-03T04:27:11Z,1.0.0,NO_MATCH,,UNMATCHED,0.0
LSR-CAND-000129,INC-Safety performance indicators – 2024 data.pdf-P66-L7,SRC-INC-130,Safety performance indicators – 2024 data.pdf,resources/safety-recommendation-engine/Safety performance indicators – 2024 data.pdf,UNKNOWN,2024,Line of fire,Line of Fire,Line of Fire,,"[""Line of Fire""]",SINGLE_EXPLICIT,IOGP_NATIVE,EXPLICIT_TEXT_MATCH,SECONARY LIFE-SAVING RULE:  Line of fire,66,,Page 66,7,SOURCE_EXPLICIT,GOLD_CANDIDATE,REGEX_EXPLICIT_PARSER,False,2026-09-03T04:27:11Z,1.0.0,NO_MATCH,,UNMATCHED,0.0
LSR-CAND-000130,INC-Safety performance indicators – 2024 data.pdf-P67-L6,SRC-INC-131,Safety performance indicators – 2024 data.pdf,resources/safety-recommendation-engine/Safety performance indicators – 2024 data.pdf,UNKNOWN,2024,Bypassing safety controls,Bypassing Safety Controls,Bypassing Safety Controls,,"[""Bypassing Safety Controls""]",SINGLE_EXPLICIT,IOGP_NATIVE,EXPLICIT_TEXT_MATCH,PRIMARY LIFE-SAVING RULE:  Bypassing safety controls,67,,Page 67,6,SOURCE_EXPLICIT,GOLD_CANDIDATE,REGEX_EXPLICIT_PARSER,False,2026-09-03T04:27:11Z,1.0.0,NO_MATCH,,UNMATCHED,0.0
LSR-CAND-000131,INC-Safety performance indicators – 2024 data.pdf-P67-L7,SRC-INC-132,Safety performance indicators – 2024 data.pdf,resources/safety-recommendation-engine/Safety performance indicators – 2024 data.pdf,UNKNOWN,2024,Line of fire,Line of Fire,Line of Fire,,"[""Line of Fire""]",SINGLE_EXPLICIT,IOGP_NATIVE,EXPLICIT_TEXT_MATCH,SECONARY LIFE-SAVING RULE:  Line of fire,67,,Page 67,7,SOURCE_EXPLICIT,GOLD_CANDIDATE,REGEX_EXPLICIT_PARSER,False,2026-09-03T04:27:11Z,1.0.0,NO_MATCH,,UNMATCHED,0.0
LSR-CAND-000133,INC-Safety performance indicators – 2024 data.pdf-P69-L6,SRC-INC-134,Safety performance indicators – 2024 data.pdf,resources/safety-recommendation-engine/Safety performance indicators – 2024 data.pdf,UNKNOWN,2024,Bypassing safety controls,Bypassing Safety Controls,Bypassing Safety Controls,,"[""Bypassing Safety Controls""]",SINGLE_EXPLICIT,IOGP_NATIVE,EXPLICIT_TEXT_MATCH,PRIMARY LIFE-SAVING RULE:  Bypassing safety controls,69,,Page 69,6,SOURCE_EXPLICIT,GOLD_CANDIDATE,REGEX_EXPLICIT_PARSER,False,2026-09-03T04:27:11Z,1.0.0,NO_MATCH,,UNMATCHED,0.0
LSR-CAND-000134,INC-Safety performance indicators – 2024 data.pdf-P69-L7,SRC-INC-135,Safety performance indicators – 2024 data.pdf,resources/safety-recommendation-engine/Safety performance indicators – 2024 data.pdf,UNKNOWN,2024,Line of fire,Line of Fire,Line of Fire,,"[""Line of Fire""]",SINGLE_EXPLICIT,IOGP_NATIVE,EXPLICIT_TEXT_MATCH,SECONARY LIFE-SAVING RULE:  Line of fire,69,,Page 69,7,SOURCE_EXPLICIT,GOLD_CANDIDATE,REGEX_EXPLICIT_PARSER,False,2026-09-03T04:27:11Z,1.0.0,NO_MATCH,,UNMATCHED,0.0
LSR-CAND-000135,INC-Safety performance indicators – 2024 data.pdf-P70-L7,SRC-INC-136,Safety performance indicators – 2024 data.pdf,resources/safety-recommendation-engine/Safety performance indicators – 2024 data.pdf,UNKNOWN,2024,Line of fire,Line of Fire,Line of Fire,,"[""Line of Fire""]",SINGLE_EXPLICIT,IOGP_NATIVE,EXPLICIT_TEXT_MATCH,PRIMARY LIFE-SAVING RULE:  Line of fire,70,,Page 70,7,SOURCE_EXPLICIT,GOLD_CANDIDATE,REGEX_EXPLICIT_PARSER,False,2026-09-03T04:27:11Z,1.0.0,NO_MATCH,,UNMATCHED,0.0
LSR-CAND-000136,INC-Safety performance indicators – 2024 data.pdf-P70-L33,SRC-INC-137,Safety performance indicators – 2024 data.pdf,resources/safety-recommendation-engine/Safety performance indicators – 2024 data.pdf,UNKNOWN,2024,Line of fire,Line of Fire,Line of Fire,,"[""Line of Fire""]",SINGLE_EXPLICIT,IOGP_NATIVE,EXPLICIT_TEXT_MATCH,PRIMARY LIFE-SAVING RULE:  Line of fire,70,,Page 70,33,SOURCE_EXPLICIT,GOLD_CANDIDATE,REGEX_EXPLICIT_PARSER,False,2026-09-03T04:27:11Z,1.0.0,NO_MATCH,,UNMATCHED,0.0
LSR-CAND-000137,INC-Safety performance indicators – 2024 data.pdf-P70-L34,SRC-INC-138,Safety performance indicators – 2024 data.pdf,resources/safety-recommendation-engine/Safety performance indicators – 2024 data.pdf,UNKNOWN,2024,Bypassing safety controls,Bypassing Safety Controls,Bypassing Safety Controls,,"[""Bypassing Safety Controls""]",SINGLE_EXPLICIT,IOGP_NATIVE,EXPLICIT_TEXT_MATCH,SECONARY LIFE-SAVING RULE:  Bypassing safety controls,70,,Page 70,34,SOURCE_EXPLICIT,GOLD_CANDIDATE,REGEX_EXPLICIT_PARSER,False,2026-09-03T04:27:11Z,1.0.0,NO_MATCH,,UNMATCHED,0.0
LSR-CAND-000138,INC-Safety performance indicators – 2024 data.pdf-P71-L21,SRC-INC-139,Safety performance indicators – 2024 data.pdf,resources/safety-recommendation-engine/Safety performance indicators – 2024 data.pdf,UNKNOWN,2024,Line of fire,Line of Fire,Line of Fire,,"[""Line of Fire""]",SINGLE_EXPLICIT,IOGP_NATIVE,EXPLICIT_TEXT_MATCH,PRIMARY LIFE-SAVING RULE:  Line of fire,71,,Page 71,21,SOURCE_EXPLICIT,GOLD_CANDIDATE,REGEX_EXPLICIT_PARSER,False,2026-09-03T04:27:11Z,1.0.0,NO_MATCH,,UNMATCHED,0.0
LSR-CAND-000139,INC-Safety performance indicators – 2024 data.pdf-P72-L6,SRC-INC-140,Safety performance indicators – 2024 data.pdf,resources/safety-recommendation-engine/Safety performance indicators – 2024 data.pdf,UNKNOWN,2024,Safe mechanical lifting,Safe Mechanical Lifting,Safe Mechanical Lifting,,"[""Safe Mechanical Lifting""]",SINGLE_EXPLICIT,IOGP_NATIVE,EXPLICIT_TEXT_MATCH,PRIMARY LIFE-SAVING RULE:  Safe mechanical lifting,72,,Page 72,6,SOURCE_EXPLICIT,GOLD_CANDIDATE,REGEX_EXPLICIT_PARSER,False,2026-09-03T04:27:11Z,1.0.0,NO_MATCH,,UNMATCHED,0.0
LSR-CAND-000140,INC-Safety performance indicators – 2024 data.pdf-P72-L7,SRC-INC-141,Safety performance indicators – 2024 data.pdf,resources/safety-recommendation-engine/Safety performance indicators – 2024 data.pdf,UNKNOWN,2024,Line of fire,Line of Fire,Line of Fire,,"[""Line of Fire""]",SINGLE_EXPLICIT,IOGP_NATIVE,EXPLICIT_TEXT_MATCH,SECONARY LIFE-SAVING RULE:  Line of fire,72,,Page 72,7,SOURCE_EXPLICIT,GOLD_CANDIDATE,REGEX_EXPLICIT_PARSER,False,2026-09-03T04:27:11Z,1.0.0,NO_MATCH,,UNMATCHED,0.0
LSR-CAND-000141,INC-Safety performance indicators – 2024 data.pdf-P72-L25,SRC-INC-142,Safety performance indicators – 2024 data.pdf,resources/safety-recommendation-engine/Safety performance indicators – 2024 data.pdf,UNKNOWN,2024,Safe mechanical lifting,Safe Mechanical Lifting,Safe Mechanical Lifting,,"[""Safe Mechanical Lifting""]",SINGLE_EXPLICIT,IOGP_NATIVE,EXPLICIT_TEXT_MATCH,PRIMARY LIFE-SAVING RULE:  Safe mechanical lifting,72,,Page 72,25,SOURCE_EXPLICIT,GOLD_CANDIDATE,REGEX_EXPLICIT_PARSER,False,2026-09-03T04:27:11Z,1.0.0,NO_MATCH,,UNMATCHED,0.0
LSR-CAND-000142,INC-Safety performance indicators – 2024 data.pdf-P72-L26,SRC-INC-143,Safety performance indicators – 2024 data.pdf,resources/safety-recommendation-engine/Safety performance indicators – 2024 data.pdf,UNKNOWN,2024,Line of fire,Line of Fire,Line of Fire,,"[""Line of Fire""]",SINGLE_EXPLICIT,IOGP_NATIVE,EXPLICIT_TEXT_MATCH,SECONARY LIFE-SAVING RULE:  Line of fire,72,,Page 72,26,SOURCE_EXPLICIT,GOLD_CANDIDATE,REGEX_EXPLICIT_PARSER,False,2026-09-03T04:27:11Z,1.0.0,NO_MATCH,,UNMATCHED,0.0
LSR-CAND-000143,INC-Safety performance indicators – 2024 data.pdf-P73-L6,SRC-INC-144,Safety performance indicators – 2024 data.pdf,resources/safety-recommendation-engine/Safety performance indicators – 2024 data.pdf,UNKNOWN,2024,Line of fire,Line of Fire,Line of Fire,,"[""Line of Fire""]",SINGLE_EXPLICIT,IOGP_NATIVE,EXPLICIT_TEXT_MATCH,PRIMARY LIFE-SAVING RULE:  Line of fire,73,,Page 73,6,SOURCE_EXPLICIT,GOLD_CANDIDATE,REGEX_EXPLICIT_PARSER,False,2026-09-03T04:27:11Z,1.0.0,NO_MATCH,,UNMATCHED,0.0
LSR-CAND-000144,INC-Safety performance indicators – 2024 data.pdf-P73-L7,SRC-INC-145,Safety performance indicators – 2024 data.pdf,resources/safety-recommendation-engine/Safety performance indicators – 2024 data.pdf,UNKNOWN,2024,Safe mechanical lifting,Safe Mechanical Lifting,Safe Mechanical Lifting,,"[""Safe Mechanical Lifting""]",SINGLE_EXPLICIT,IOGP_NATIVE,EXPLICIT_TEXT_MATCH,SECONARY LIFE-SAVING RULE:  Safe mechanical lifting,73,,Page 73,7,SOURCE_EXPLICIT,GOLD_CANDIDATE,REGEX_EXPLICIT_PARSER,False,2026-09-03T04:27:11Z,1.0.0,NO_MATCH,,UNMATCHED,0.0
LSR-CAND-000145,INC-Safety performance indicators – 2024 data.pdf-P73-L25,SRC-INC-146,Safety performance indicators – 2024 data.pdf,resources/safety-recommendation-engine/Safety performance indicators – 2024 data.pdf,UNKNOWN,2024,Safe mechanical lifting,Safe Mechanical Lifting,Safe Mechanical Lifting,,"[""Safe Mechanical Lifting""]",SINGLE_EXPLICIT,IOGP_NATIVE,EXPLICIT_TEXT_MATCH,PRIMARY LIFE-SAVING RULE:  Safe mechanical lifting,73,,Page 73,25,SOURCE_EXPLICIT,GOLD_CANDIDATE,REGEX_EXPLICIT_PARSER,False,2026-09-03T04:27:11Z,1.0.0,NO_MATCH,,UNMATCHED,0.0
LSR-CAND-000146,INC-Safety performance indicators – 2024 data.pdf-P73-L26,SRC-INC-147,Safety performance indicators – 2024 data.pdf,resources/safety-recommendation-engine/Safety performance indicators – 2024 data.pdf,UNKNOWN,2024,Line of fire,Line of Fire,Line of Fire,,"[""Line of Fire""]",SINGLE_EXPLICIT,IOGP_NATIVE,EXPLICIT_TEXT_MATCH,SECONARY LIFE-SAVING RULE:  Line of fire,73,,Page 73,26,SOURCE_EXPLICIT,GOLD_CANDIDATE,REGEX_EXPLICIT_PARSER,False,2026-09-03T04:27:11Z,1.0.0,NO_MATCH,,UNMATCHED,0.0
LSR-CAND-000147,INC-Safety performance indicators – 2024 data.pdf-P74-L6,SRC-INC-148,Safety performance indicators – 2024 data.pdf,resources/safety-recommendation-engine/Safety performance indicators – 2024 data.pdf,UNKNOWN,2024,Safe mechanical lifting,Safe Mechanical Lifting,Safe Mechanical Lifting,,"[""Safe Mechanical Lifting""]",SINGLE_EXPLICIT,IOGP_NATIVE,EXPLICIT_TEXT_MATCH,PRIMARY LIFE-SAVING RULE:  Safe mechanical lifting,74,,Page 74,6,SOURCE_EXPLICIT,GOLD_CANDIDATE,REGEX_EXPLICIT_PARSER,False,2026-09-03T04:27:11Z,1.0.0,NO_MATCH,,UNMATCHED,0.0
LSR-CAND-000148,INC-Safety performance indicators – 2024 data.pdf-P74-L7,SRC-INC-149,Safety performance indicators – 2024 data.pdf,resources/safety-recommendation-engine/Safety performance indicators – 2024 data.pdf,UNKNOWN,2024,Line of fire,Line of Fire,Line of Fire,,"[""Line of Fire""]",SINGLE_EXPLICIT,IOGP_NATIVE,EXPLICIT_TEXT_MATCH,SECONARY LIFE-SAVING RULE:  Line of fire,74,,Page 74,7,SOURCE_EXPLICIT,GOLD_CANDIDATE,REGEX_EXPLICIT_PARSER,False,2026-09-03T04:27:11Z,1.0.0,NO_MATCH,,UNMATCHED,0.0
LSR-CAND-000149,INC-Safety performance indicators – 2024 data.pdf-P74-L26,SRC-INC-150,Safety performance indicators – 2024 data.pdf,resources/safety-recommendation-engine/Safety performance indicators – 2024 data.pdf,UNKNOWN,2024,Bypassing safety controls,Bypassing Safety Controls,Bypassing Safety Controls,,"[""Bypassing Safety Controls""]",SINGLE_EXPLICIT,IOGP_NATIVE,EXPLICIT_TEXT_MATCH,PRIMARY LIFE-SAVING RULE:  Bypassing safety controls,74,,Page 74,26,SOURCE_EXPLICIT,GOLD_CANDIDATE,REGEX_EXPLICIT_PARSER,False,2026-09-03T04:27:11Z,1.0.0,NO_MATCH,,UNMATCHED,0.0
LSR-CAND-000150,INC-Safety performance indicators – 2024 data.pdf-P74-L27,SRC-INC-151,Safety performance indicators – 2024 data.pdf,resources/safety-recommendation-engine/Safety performance indicators – 2024 data.pdf,UNKNOWN,2024,Safe mechanical lifting,Safe Mechanical Lifting,Safe Mechanical Lifting,,"[""Safe Mechanical Lifting""]",SINGLE_EXPLICIT,IOGP_NATIVE,EXPLICIT_TEXT_MATCH,SECONARY LIFE-SAVING RULE:  Safe mechanical lifting,74,,Page 74,27,SOURCE_EXPLICIT,GOLD_CANDIDATE,REGEX_EXPLICIT_PARSER,False,2026-09-03T04:27:11Z,1.0.0,NO_MATCH,,UNMATCHED,0.0
LSR-CAND-000151,INC-Safety performance indicators – 2024 data.pdf-P75-L8,SRC-INC-152,Safety performance indicators – 2024 data.pdf,resources/safety-recommendation-engine/Safety performance indicators – 2024 data.pdf,UNKNOWN,2024,Bypassing safety controls,Bypassing Safety Controls,Bypassing Safety Controls,,"[""Bypassing Safety Controls""]",SINGLE_EXPLICIT,IOGP_NATIVE,EXPLICIT_TEXT_MATCH,PRIMARY LIFE-SAVING RULE:  Bypassing safety controls,75,,Page 75,8,SOURCE_EXPLICIT,GOLD_CANDIDATE,REGEX_EXPLICIT_PARSER,False,2026-09-03T04:27:11Z,1.0.0,NO_MATCH,,UNMATCHED,0.0
LSR-CAND-000152,INC-Safety performance indicators – 2024 data.pdf-P75-L9,SRC-INC-153,Safety performance indicators – 2024 data.pdf,resources/safety-recommendation-engine/Safety performance indicators – 2024 data.pdf,UNKNOWN,2024,Line of fire,Line of Fire,Line of Fire,,"[""Line of Fire""]",SINGLE_EXPLICIT,IOGP_NATIVE,EXPLICIT_TEXT_MATCH,SECONARY LIFE-SAVING RULE:  Line of fire,75,,Page 75,9,SOURCE_EXPLICIT,GOLD_CANDIDATE,REGEX_EXPLICIT_PARSER,False,2026-09-03T04:27:11Z,1.0.0,NO_MATCH,,UNMATCHED,0.0
LSR-CAND-000153,INC-Safety performance indicators – 2024 data.pdf-P75-L25,SRC-INC-154,Safety performance indicators – 2024 data.pdf,resources/safety-recommendation-engine/Safety performance indicators – 2024 data.pdf,UNKNOWN,2024,Line of fire,Line of Fire,Line of Fire,,"[""Line of Fire""]",SINGLE_EXPLICIT,IOGP_NATIVE,EXPLICIT_TEXT_MATCH,PRIMARY LIFE-SAVING RULE:  Line of fire,75,,Page 75,25,SOURCE_EXPLICIT,GOLD_CANDIDATE,REGEX_EXPLICIT_PARSER,False,2026-09-03T04:27:11Z,1.0.0,NO_MATCH,,UNMATCHED,0.0
LSR-CAND-000154,INC-Safety performance indicators – 2024 data.pdf-P75-L26,SRC-INC-155,Safety performance indicators – 2024 data.pdf,resources/safety-recommendation-engine/Safety performance indicators – 2024 data.pdf,UNKNOWN,2024,Energy isolation,Energy Isolation,Energy Isolation,,"[""Energy Isolation""]",SINGLE_EXPLICIT,IOGP_NATIVE,EXPLICIT_TEXT_MATCH,SECONARY LIFE-SAVING RULE:  Energy isolation,75,,Page 75,26,SOURCE_EXPLICIT,GOLD_CANDIDATE,REGEX_EXPLICIT_PARSER,False,2026-09-03T04:27:11Z,1.0.0,NO_MATCH,,UNMATCHED,0.0
LSR-CAND-000155,INC-Safety performance indicators – 2024 data.pdf-P76-L6,SRC-INC-156,Safety performance indicators – 2024 data.pdf,resources/safety-recommendation-engine/Safety performance indicators – 2024 data.pdf,UNKNOWN,2024,Line of fire,Line of Fire,Line of Fire,,"[""Line of Fire""]",SINGLE_EXPLICIT,IOGP_NATIVE,EXPLICIT_TEXT_MATCH,PRIMARY LIFE-SAVING RULE:  Line of fire,76,,Page 76,6,SOURCE_EXPLICIT,GOLD_CANDIDATE,REGEX_EXPLICIT_PARSER,False,2026-09-03T04:27:11Z,1.0.0,NO_MATCH,,UNMATCHED,0.0
LSR-CAND-000156,INC-Safety performance indicators – 2024 data.pdf-P76-L7,SRC-INC-157,Safety performance indicators – 2024 data.pdf,resources/safety-recommendation-engine/Safety performance indicators – 2024 data.pdf,UNKNOWN,2024,Safe mechanical lifting,Safe Mechanical Lifting,Safe Mechanical Lifting,,"[""Safe Mechanical Lifting""]",SINGLE_EXPLICIT,IOGP_NATIVE,EXPLICIT_TEXT_MATCH,SECONARY LIFE-SAVING RULE:  Safe mechanical lifting,76,,Page 76,7,SOURCE_EXPLICIT,GOLD_CANDIDATE,REGEX_EXPLICIT_PARSER,False,2026-09-03T04:27:11Z,1.0.0,NO_MATCH,,UNMATCHED,0.0
LSR-CAND-000157,INC-Safety performance indicators – 2024 data.pdf-P76-L27,SRC-INC-158,Safety performance indicators – 2024 data.pdf,resources/safety-recommendation-engine/Safety performance indicators – 2024 data.pdf,UNKNOWN,2024,Line of fire,Line of Fire,Line of Fire,,"[""Line of Fire""]",SINGLE_EXPLICIT,IOGP_NATIVE,EXPLICIT_TEXT_MATCH,PRIMARY LIFE-SAVING RULE:  Line of fire,76,,Page 76,27,SOURCE_EXPLICIT,GOLD_CANDIDATE,REGEX_EXPLICIT_PARSER,False,2026-09-03T04:27:11Z,1.0.0,NO_MATCH,,UNMATCHED,0.0
LSR-CAND-000158,INC-Safety performance indicators – 2024 data.pdf-P76-L28,SRC-INC-159,Safety performance indicators – 2024 data.pdf,resources/safety-recommendation-engine/Safety performance indicators – 2024 data.pdf,UNKNOWN,2024,Safe mechanical lifting,Safe Mechanical Lifting,Safe Mechanical Lifting,,"[""Safe Mechanical Lifting""]",SINGLE_EXPLICIT,IOGP_NATIVE,EXPLICIT_TEXT_MATCH,SECONARY LIFE-SAVING RULE:  Safe mechanical lifting,76,,Page 76,28,SOURCE_EXPLICIT,GOLD_CANDIDATE,REGEX_EXPLICIT_PARSER,False,2026-09-03T04:27:11Z,1.0.0,NO_MATCH,,UNMATCHED,0.0
LSR-CAND-000159,INC-Safety performance indicators – 2024 data.pdf-P77-L21,SRC-INC-160,Safety performance indicators – 2024 data.pdf,resources/safety-recommendation-engine/Safety performance indicators – 2024 data.pdf,UNKNOWN,2024,Line of fire,Line of Fire,Line of Fire,,"[""Line of Fire""]",SINGLE_EXPLICIT,IOGP_NATIVE,EXPLICIT_TEXT_MATCH,PRIMARY LIFE-SAVING RULE:  Line of fire,77,,Page 77,21,SOURCE_EXPLICIT,GOLD_CANDIDATE,REGEX_EXPLICIT_PARSER,False,2026-09-03T04:27:11Z,1.0.0,NO_MATCH,,UNMATCHED,0.0
LSR-CAND-000160,INC-Safety performance indicators – 2024 data.pdf-P78-L12,SRC-INC-161,Safety performance indicators – 2024 data.pdf,resources/safety-recommendation-engine/Safety performance indicators – 2024 data.pdf,UNKNOWN,2024,Energy isolation,Energy Isolation,Energy Isolation,,"[""Energy Isolation""]",SINGLE_EXPLICIT,IOGP_NATIVE,EXPLICIT_TEXT_MATCH,PRIMARY LIFE-SAVING RULE:  Energy isolation,78,,Page 78,12,SOURCE_EXPLICIT,GOLD_CANDIDATE,REGEX_EXPLICIT_PARSER,False,2026-09-03T04:27:11Z,1.0.0,NO_MATCH,,UNMATCHED,0.0
LSR-CAND-000161,INC-Safety performance indicators – 2024 data.pdf-P78-L13,SRC-INC-162,Safety performance indicators – 2024 data.pdf,resources/safety-recommendation-engine/Safety performance indicators – 2024 data.pdf,UNKNOWN,2024,Line of fire,Line of Fire,Line of Fire,,"[""Line of Fire""]",SINGLE_EXPLICIT,IOGP_NATIVE,EXPLICIT_TEXT_MATCH,SECONARY LIFE-SAVING RULE:  Line of fire,78,,Page 78,13,SOURCE_EXPLICIT,GOLD_CANDIDATE,REGEX_EXPLICIT_PARSER,False,2026-09-03T04:27:11Z,1.0.0,NO_MATCH,,UNMATCHED,0.0
LSR-CAND-000162,INC-Safety performance indicators – 2024 data.pdf-P78-L30,SRC-INC-163,Safety performance indicators – 2024 data.pdf,resources/safety-recommendation-engine/Safety performance indicators – 2024 data.pdf,UNKNOWN,2024,Energy isolation,Energy Isolation,Energy Isolation,,"[""Energy Isolation""]",SINGLE_EXPLICIT,IOGP_NATIVE,EXPLICIT_TEXT_MATCH,PRIMARY LIFE-SAVING RULE:  Energy isolation,78,,Page 78,30,SOURCE_EXPLICIT,GOLD_CANDIDATE,REGEX_EXPLICIT_PARSER,False,2026-09-03T04:27:11Z,1.0.0,NO_MATCH,,UNMATCHED,0.0
LSR-CAND-000163,INC-Safety performance indicators – 2024 data.pdf-P78-L31,SRC-INC-164,Safety performance indicators – 2024 data.pdf,resources/safety-recommendation-engine/Safety performance indicators – 2024 data.pdf,UNKNOWN,2024,Line of fire,Line of Fire,Line of Fire,,"[""Line of Fire""]",SINGLE_EXPLICIT,IOGP_NATIVE,EXPLICIT_TEXT_MATCH,SECONARY LIFE-SAVING RULE:  Line of fire,78,,Page 78,31,SOURCE_EXPLICIT,GOLD_CANDIDATE,REGEX_EXPLICIT_PARSER,False,2026-09-03T04:27:11Z,1.0.0,NO_MATCH,,UNMATCHED,0.0
LSR-CAND-000164,INC-Safety performance indicators – 2024 data.pdf-P79-L18,SRC-INC-165,Safety performance indicators – 2024 data.pdf,resources/safety-recommendation-engine/Safety performance indicators – 2024 data.pdf,UNKNOWN,2024,Work authorization,Work Authorization,Work Authorization,,"[""Work Authorization""]",SINGLE_EXPLICIT,IOGP_NATIVE,EXPLICIT_TEXT_MATCH,PRIMARY LIFE-SAVING RULE:  Work authorization,79,,Page 79,18,SOURCE_EXPLICIT,GOLD_CANDIDATE,REGEX_EXPLICIT_PARSER,False,2026-09-03T04:27:11Z,1.0.0,NO_MATCH,,UNMATCHED,0.0
LSR-CAND-000165,INC-Safety performance indicators – 2024 data.pdf-P79-L19,SRC-INC-166,Safety performance indicators – 2024 data.pdf,resources/safety-recommendation-engine/Safety performance indicators – 2024 data.pdf,UNKNOWN,2024,Line of fire,Line of Fire,Line of Fire,,"[""Line of Fire""]",SINGLE_EXPLICIT,IOGP_NATIVE,EXPLICIT_TEXT_MATCH,SECONARY LIFE-SAVING RULE:  Line of fire,79,,Page 79,19,SOURCE_EXPLICIT,GOLD_CANDIDATE,REGEX_EXPLICIT_PARSER,False,2026-09-03T04:27:11Z,1.0.0,NO_MATCH,,UNMATCHED,0.0
LSR-CAND-000166,INC-Safety performance indicators – 2024 data.pdf-P80-L10,SRC-INC-167,Safety performance indicators – 2024 data.pdf,resources/safety-recommendation-engine/Safety performance indicators – 2024 data.pdf,UNKNOWN,2024,Energy isolation,Energy Isolation,Energy Isolation,,"[""Energy Isolation""]",SINGLE_EXPLICIT,IOGP_NATIVE,EXPLICIT_TEXT_MATCH,PRIMARY LIFE-SAVING RULE:  Energy isolation,80,,Page 80,10,SOURCE_EXPLICIT,GOLD_CANDIDATE,REGEX_EXPLICIT_PARSER,False,2026-09-03T04:27:11Z,1.0.0,NO_MATCH,,UNMATCHED,0.0
LSR-CAND-000167,INC-Safety performance indicators – 2024 data.pdf-P80-L11,SRC-INC-168,Safety performance indicators – 2024 data.pdf,resources/safety-recommendation-engine/Safety performance indicators – 2024 data.pdf,UNKNOWN,2024,Line of fire,Line of Fire,Line of Fire,,"[""Line of Fire""]",SINGLE_EXPLICIT,IOGP_NATIVE,EXPLICIT_TEXT_MATCH,SECONARY LIFE-SAVING RULE:  Line of fire,80,,Page 80,11,SOURCE_EXPLICIT,GOLD_CANDIDATE,REGEX_EXPLICIT_PARSER,False,2026-09-03T04:27:11Z,1.0.0,NO_MATCH,,UNMATCHED,0.0
LSR-CAND-000168,INC-Safety performance indicators – 2024 data.pdf-P80-L31,SRC-INC-169,Safety performance indicators – 2024 data.pdf,resources/safety-recommendation-engine/Safety performance indicators – 2024 data.pdf,UNKNOWN,2024,Line of fire,Line of Fire,Line of Fire,,"[""Line of Fire""]",SINGLE_EXPLICIT,IOGP_NATIVE,EXPLICIT_TEXT_MATCH,PRIMARY LIFE-SAVING RULE:  Line of fire,80,,Page 80,31,SOURCE_EXPLICIT,GOLD_CANDIDATE,REGEX_EXPLICIT_PARSER,False,2026-09-03T04:27:11Z,1.0.0,NO_MATCH,,UNMATCHED,0.0
LSR-CAND-000169,INC-Safety performance indicators – 2024 data.pdf-P81-L14,SRC-INC-170,Safety performance indicators – 2024 data.pdf,resources/safety-recommendation-engine/Safety performance indicators – 2024 data.pdf,UNKNOWN,2024,Safe mechanical lifting,Safe Mechanical Lifting,Safe Mechanical Lifting,,"[""Safe Mechanical Lifting""]",SINGLE_EXPLICIT,IOGP_NATIVE,EXPLICIT_TEXT_MATCH,PRIMARY LIFE-SAVING RULE:  Safe mechanical lifting,81,,Page 81,14,SOURCE_EXPLICIT,GOLD_CANDIDATE,REGEX_EXPLICIT_PARSER,False,2026-09-03T04:27:11Z,1.0.0,NO_MATCH,,UNMATCHED,0.0
LSR-CAND-000170,INC-Safety performance indicators – 2024 data.pdf-P81-L15,SRC-INC-171,Safety performance indicators – 2024 data.pdf,resources/safety-recommendation-engine/Safety performance indicators – 2024 data.pdf,UNKNOWN,2024,Line of fire,Line of Fire,Line of Fire,,"[""Line of Fire""]",SINGLE_EXPLICIT,IOGP_NATIVE,EXPLICIT_TEXT_MATCH,SECONARY LIFE-SAVING RULE:  Line of fire,81,,Page 81,15,SOURCE_EXPLICIT,GOLD_CANDIDATE,REGEX_EXPLICIT_PARSER,False,2026-09-03T04:27:11Z,1.0.0,NO_MATCH,,UNMATCHED,0.0
LSR-CAND-000171,INC-Safety performance indicators – 2024 data.pdf-P82-L7,SRC-INC-172,Safety performance indicators – 2024 data.pdf,resources/safety-recommendation-engine/Safety performance indicators – 2024 data.pdf,UNKNOWN,2024,Line of fire,Line of Fire,Line of Fire,,"[""Line of Fire""]",SINGLE_EXPLICIT,IOGP_NATIVE,EXPLICIT_TEXT_MATCH,PRIMARY LIFE-SAVING RULE:  Line of fire,82,,Page 82,7,SOURCE_EXPLICIT,GOLD_CANDIDATE,REGEX_EXPLICIT_PARSER,False,2026-09-03T04:27:11Z,1.0.0,NO_MATCH,,UNMATCHED,0.0
LSR-CAND-000172,INC-Safety performance indicators – 2024 data.pdf-P83-L6,SRC-INC-173,Safety performance indicators – 2024 data.pdf,resources/safety-recommendation-engine/Safety performance indicators – 2024 data.pdf,UNKNOWN,2024,Line of fire,Line of Fire,Line of Fire,,"[""Line of Fire""]",SINGLE_EXPLICIT,IOGP_NATIVE,EXPLICIT_TEXT_MATCH,PRIMARY LIFE-SAVING RULE:  Line of fire,83,,Page 83,6,SOURCE_EXPLICIT,GOLD_CANDIDATE,REGEX_EXPLICIT_PARSER,False,2026-09-03T04:27:11Z,1.0.0,NO_MATCH,,UNMATCHED,0.0
LSR-CAND-000173,INC-Safety performance indicators – 2024 data.pdf-P84-L6,SRC-INC-174,Safety performance indicators – 2024 data.pdf,resources/safety-recommendation-engine/Safety performance indicators – 2024 data.pdf,UNKNOWN,2024,Line of fire,Line of Fire,Line of Fire,,"[""Line of Fire""]",SINGLE_EXPLICIT,IOGP_NATIVE,EXPLICIT_TEXT_MATCH,PRIMARY LIFE-SAVING RULE:  Line of fire,84,,Page 84,6,SOURCE_EXPLICIT,GOLD_CANDIDATE,REGEX_EXPLICIT_PARSER,False,2026-09-03T04:27:11Z,1.0.0,NO_MATCH,,UNMATCHED,0.0
LSR-CAND-000174,INC-Safety performance indicators – 2024 data.pdf-P85-L6,SRC-INC-175,Safety performance indicators – 2024 data.pdf,resources/safety-recommendation-engine/Safety performance indicators – 2024 data.pdf,UNKNOWN,2024,Line of fire,Line of Fire,Line of Fire,,"[""Line of Fire""]",SINGLE_EXPLICIT,IOGP_NATIVE,EXPLICIT_TEXT_MATCH,PRIMARY LIFE-SAVING RULE:  Line of fire,85,,Page 85,6,SOURCE_EXPLICIT,GOLD_CANDIDATE,REGEX_EXPLICIT_PARSER,False,2026-09-03T04:27:11Z,1.0.0,NO_MATCH,,UNMATCHED,0.0
LSR-CAND-000175,INC-Safety performance indicators – 2024 data.pdf-P85-L31,SRC-INC-176,Safety performance indicators – 2024 data.pdf,resources/safety-recommendation-engine/Safety performance indicators – 2024 data.pdf,UNKNOWN,2024,Line of fire,Line of Fire,Line of Fire,,"[""Line of Fire""]",SINGLE_EXPLICIT,IOGP_NATIVE,EXPLICIT_TEXT_MATCH,PRIMARY LIFE-SAVING RULE:  Line of fire,85,,Page 85,31,SOURCE_EXPLICIT,GOLD_CANDIDATE,REGEX_EXPLICIT_PARSER,False,2026-09-03T04:27:11Z,1.0.0,NO_MATCH,,UNMATCHED,0.0
LSR-CAND-000176,INC-Safety performance indicators – 2024 data.pdf-P85-L32,SRC-INC-177,Safety performance indicators – 2024 data.pdf,resources/safety-recommendation-engine/Safety performance indicators – 2024 data.pdf,UNKNOWN,2024,Work authorization,Work Authorization,Work Authorization,,"[""Work Authorization""]",SINGLE_EXPLICIT,IOGP_NATIVE,EXPLICIT_TEXT_MATCH,SECONARY LIFE-SAVING RULE:  Work authorization,85,,Page 85,32,SOURCE_EXPLICIT,GOLD_CANDIDATE,REGEX_EXPLICIT_PARSER,False,2026-09-03T04:27:11Z,1.0.0,NO_MATCH,,UNMATCHED,0.0
LSR-CAND-000177,INC-Safety performance indicators – 2024 data.pdf-P86-L21,SRC-INC-178,Safety performance indicators – 2024 data.pdf,resources/safety-recommendation-engine/Safety performance indicators – 2024 data.pdf,UNKNOWN,2024,Bypassing safety controls,Bypassing Safety Controls,Bypassing Safety Controls,,"[""Bypassing Safety Controls""]",SINGLE_EXPLICIT,IOGP_NATIVE,EXPLICIT_TEXT_MATCH,PRIMARY LIFE-SAVING RULE:  Bypassing safety controls,86,,Page 86,21,SOURCE_EXPLICIT,GOLD_CANDIDATE,REGEX_EXPLICIT_PARSER,False,2026-09-03T04:27:11Z,1.0.0,NO_MATCH,,UNMATCHED,0.0
LSR-CAND-000178,INC-Safety performance indicators – 2024 data.pdf-P86-L22,SRC-INC-179,Safety performance indicators – 2024 data.pdf,resources/safety-recommendation-engine/Safety performance indicators – 2024 data.pdf,UNKNOWN,2024,Line of fire,Line of Fire,Line of Fire,,"[""Line of Fire""]",SINGLE_EXPLICIT,IOGP_NATIVE,EXPLICIT_TEXT_MATCH,SECONARY LIFE-SAVING RULE:  Line of fire,86,,Page 86,22,SOURCE_EXPLICIT,GOLD_CANDIDATE,REGEX_EXPLICIT_PARSER,False,2026-09-03T04:27:11Z,1.0.0,NO_MATCH,,UNMATCHED,0.0
LSR-CAND-000179,INC-Safety performance indicators – 2024 data.pdf-P87-L7,SRC-INC-180,Safety performance indicators – 2024 data.pdf,resources/safety-recommendation-engine/Safety performance indicators – 2024 data.pdf,UNKNOWN,2024,Safe mechanical lifting,Safe Mechanical Lifting,Safe Mechanical Lifting,,"[""Safe Mechanical Lifting""]",SINGLE_EXPLICIT,IOGP_NATIVE,EXPLICIT_TEXT_MATCH,PRIMARY LIFE-SAVING RULE:  Safe mechanical lifting,87,,Page 87,7,SOURCE_EXPLICIT,GOLD_CANDIDATE,REGEX_EXPLICIT_PARSER,False,2026-09-03T04:27:11Z,1.0.0,NO_MATCH,,UNMATCHED,0.0
LSR-CAND-000180,INC-Safety performance indicators – 2024 data.pdf-P87-L8,SRC-INC-181,Safety performance indicators – 2024 data.pdf,resources/safety-recommendation-engine/Safety performance indicators – 2024 data.pdf,UNKNOWN,2024,Line of fire,Line of Fire,Line of Fire,,"[""Line of Fire""]",SINGLE_EXPLICIT,IOGP_NATIVE,EXPLICIT_TEXT_MATCH,SECONARY LIFE-SAVING RULE:  Line of fire,87,,Page 87,8,SOURCE_EXPLICIT,GOLD_CANDIDATE,REGEX_EXPLICIT_PARSER,False,2026-09-03T04:27:11Z,1.0.0,NO_MATCH,,UNMATCHED,0.0
LSR-CAND-000181,INC-Safety performance indicators – 2024 data.pdf-P87-L33,SRC-INC-182,Safety performance indicators – 2024 data.pdf,resources/safety-recommendation-engine/Safety performance indicators – 2024 data.pdf,UNKNOWN,2024,Safe mechanical lifting,Safe Mechanical Lifting,Safe Mechanical Lifting,,"[""Safe Mechanical Lifting""]",SINGLE_EXPLICIT,IOGP_NATIVE,EXPLICIT_TEXT_MATCH,PRIMARY LIFE-SAVING RULE:  Safe mechanical lifting,87,,Page 87,33,SOURCE_EXPLICIT,GOLD_CANDIDATE,REGEX_EXPLICIT_PARSER,False,2026-09-03T04:27:11Z,1.0.0,NO_MATCH,,UNMATCHED,0.0
LSR-CAND-000182,INC-Safety performance indicators – 2024 data.pdf-P87-L34,SRC-INC-183,Safety performance indicators – 2024 data.pdf,resources/safety-recommendation-engine/Safety performance indicators – 2024 data.pdf,UNKNOWN,2024,Line of fire,Line of Fire,Line of Fire,,"[""Line of Fire""]",SINGLE_EXPLICIT,IOGP_NATIVE,EXPLICIT_TEXT_MATCH,SECONARY LIFE-SAVING RULE:  Line of fire,87,,Page 87,34,SOURCE_EXPLICIT,GOLD_CANDIDATE,REGEX_EXPLICIT_PARSER,False,2026-09-03T04:27:11Z,1.0.0,NO_MATCH,,UNMATCHED,0.0
LSR-CAND-000183,INC-Safety performance indicators – 2024 data.pdf-P88-L27,SRC-INC-184,Safety performance indicators – 2024 data.pdf,resources/safety-recommendation-engine/Safety performance indicators – 2024 data.pdf,UNKNOWN,2024,Bypassing safety controls,Bypassing Safety Controls,Bypassing Safety Controls,,"[""Bypassing Safety Controls""]",SINGLE_EXPLICIT,IOGP_NATIVE,EXPLICIT_TEXT_MATCH,PRIMARY LIFE-SAVING RULE:  Bypassing safety controls,88,,Page 88,27,SOURCE_EXPLICIT,GOLD_CANDIDATE,REGEX_EXPLICIT_PARSER,False,2026-09-03T04:27:11Z,1.0.0,NO_MATCH,,UNMATCHED,0.0
LSR-CAND-000184,INC-Safety performance indicators – 2024 data.pdf-P89-L6,SRC-INC-185,Safety performance indicators – 2024 data.pdf,resources/safety-recommendation-engine/Safety performance indicators – 2024 data.pdf,UNKNOWN,2024,Working at height,Working at Height,Working at Height,,"[""Working at Height""]",SINGLE_EXPLICIT,IOGP_NATIVE,EXPLICIT_TEXT_MATCH,PRIMARY LIFE-SAVING RULE:  Working at height,89,,Page 89,6,SOURCE_EXPLICIT,GOLD_CANDIDATE,REGEX_EXPLICIT_PARSER,False,2026-09-03T04:27:11Z,1.0.0,NO_MATCH,,UNMATCHED,0.0
LSR-CAND-000185,INC-Safety performance indicators – 2024 data.pdf-P89-L7,SRC-INC-186,Safety performance indicators – 2024 data.pdf,resources/safety-recommendation-engine/Safety performance indicators – 2024 data.pdf,UNKNOWN,2024,Line of fire,Line of Fire,Line of Fire,,"[""Line of Fire""]",SINGLE_EXPLICIT,IOGP_NATIVE,EXPLICIT_TEXT_MATCH,SECONARY LIFE-SAVING RULE:  Line of fire,89,,Page 89,7,SOURCE_EXPLICIT,GOLD_CANDIDATE,REGEX_EXPLICIT_PARSER,False,2026-09-03T04:27:11Z,1.0.0,NO_MATCH,,UNMATCHED,0.0
LSR-CAND-000186,INC-Safety performance indicators – 2024 data.pdf-P90-L6,SRC-INC-187,Safety performance indicators – 2024 data.pdf,resources/safety-recommendation-engine/Safety performance indicators – 2024 data.pdf,UNKNOWN,2024,Line of fire,Line of Fire,Line of Fire,,"[""Line of Fire""]",SINGLE_EXPLICIT,IOGP_NATIVE,EXPLICIT_TEXT_MATCH,PRIMARY LIFE-SAVING RULE:  Line of fire,90,,Page 90,6,SOURCE_EXPLICIT,GOLD_CANDIDATE,REGEX_EXPLICIT_PARSER,False,2026-09-03T04:27:11Z,1.0.0,NO_MATCH,,UNMATCHED,0.0
LSR-CAND-000187,INC-Safety performance indicators – 2024 data.pdf-P90-L25,SRC-INC-188,Safety performance indicators – 2024 data.pdf,resources/safety-recommendation-engine/Safety performance indicators – 2024 data.pdf,UNKNOWN,2024,Line of fire,Line of Fire,Line of Fire,,"[""Line of Fire""]",SINGLE_EXPLICIT,IOGP_NATIVE,EXPLICIT_TEXT_MATCH,PRIMARY LIFE-SAVING RULE:  Line of fire,90,,Page 90,25,SOURCE_EXPLICIT,GOLD_CANDIDATE,REGEX_EXPLICIT_PARSER,False,2026-09-03T04:27:11Z,1.0.0,NO_MATCH,,UNMATCHED,0.0
LSR-CAND-000188,INC-Safety performance indicators – 2024 data.pdf-P91-L14,SRC-INC-189,Safety performance indicators – 2024 data.pdf,resources/safety-recommendation-engine/Safety performance indicators – 2024 data.pdf,UNKNOWN,2024,Line of fire,Line of Fire,Line of Fire,,"[""Line of Fire""]",SINGLE_EXPLICIT,IOGP_NATIVE,EXPLICIT_TEXT_MATCH,PRIMARY LIFE-SAVING RULE:  Line of fire,91,,Page 91,14,SOURCE_EXPLICIT,GOLD_CANDIDATE,REGEX_EXPLICIT_PARSER,False,2026-09-03T04:27:11Z,1.0.0,NO_MATCH,,UNMATCHED,0.0
LSR-CAND-000189,INC-Safety performance indicators – 2024 data.pdf-P92-L6,SRC-INC-190,Safety performance indicators – 2024 data.pdf,resources/safety-recommendation-engine/Safety performance indicators – 2024 data.pdf,UNKNOWN,2024,Hot work,Hot Work,Hot Work,,"[""Hot Work""]",SINGLE_EXPLICIT,IOGP_NATIVE,EXPLICIT_TEXT_MATCH,PRIMARY LIFE-SAVING RULE:  Hot work,92,,Page 92,6,SOURCE_EXPLICIT,GOLD_CANDIDATE,REGEX_EXPLICIT_PARSER,False,2026-09-03T04:27:11Z,1.0.0,NO_MATCH,,UNMATCHED,0.0
LSR-CAND-000190,INC-Safety performance indicators – 2024 data.pdf-P92-L26,SRC-INC-191,Safety performance indicators – 2024 data.pdf,resources/safety-recommendation-engine/Safety performance indicators – 2024 data.pdf,UNKNOWN,2024,Work authorization,Work Authorization,Work Authorization,,"[""Work Authorization""]",SINGLE_EXPLICIT,IOGP_NATIVE,EXPLICIT_TEXT_MATCH,PRIMARY LIFE-SAVING RULE:  Work authorization,92,,Page 92,26,SOURCE_EXPLICIT,GOLD_CANDIDATE,REGEX_EXPLICIT_PARSER,False,2026-09-03T04:27:11Z,1.0.0,NO_MATCH,,UNMATCHED,0.0
LSR-CAND-000191,INC-Safety performance indicators – 2024 data.pdf-P92-L27,SRC-INC-192,Safety performance indicators – 2024 data.pdf,resources/safety-recommendation-engine/Safety performance indicators – 2024 data.pdf,UNKNOWN,2024,Hot work,Hot Work,Hot Work,,"[""Hot Work""]",SINGLE_EXPLICIT,IOGP_NATIVE,EXPLICIT_TEXT_MATCH,SECONARY LIFE-SAVING RULE:  Hot work,92,,Page 92,27,SOURCE_EXPLICIT,GOLD_CANDIDATE,REGEX_EXPLICIT_PARSER,False,2026-09-03T04:27:11Z,1.0.0,NO_MATCH,,UNMATCHED,0.0
LSR-CAND-000192,INC-Safety performance indicators – 2024 data.pdf-P93-L15,SRC-INC-193,Safety performance indicators – 2024 data.pdf,resources/safety-recommendation-engine/Safety performance indicators – 2024 data.pdf,UNKNOWN,2024,Hot work,Hot Work,Hot Work,,"[""Hot Work""]",SINGLE_EXPLICIT,IOGP_NATIVE,EXPLICIT_TEXT_MATCH,PRIMARY LIFE-SAVING RULE:  Hot work,93,,Page 93,15,SOURCE_EXPLICIT,GOLD_CANDIDATE,REGEX_EXPLICIT_PARSER,False,2026-09-03T04:27:11Z,1.0.0,NO_MATCH,,UNMATCHED,0.0
LSR-CAND-000193,INC-Safety performance indicators – 2024 data.pdf-P93-L16,SRC-INC-194,Safety performance indicators – 2024 data.pdf,resources/safety-recommendation-engine/Safety performance indicators – 2024 data.pdf,UNKNOWN,2024,Work authorization,Work Authorization,Work Authorization,,"[""Work Authorization""]",SINGLE_EXPLICIT,IOGP_NATIVE,EXPLICIT_TEXT_MATCH,SECONARY LIFE-SAVING RULE:  Work authorization,93,,Page 93,16,SOURCE_EXPLICIT,GOLD_CANDIDATE,REGEX_EXPLICIT_PARSER,False,2026-09-03T04:27:11Z,1.0.0,NO_MATCH,,UNMATCHED,0.0
LSR-CAND-000195,INC-Safety performance indicators – 2024 data.pdf-P94-L23,SRC-INC-196,Safety performance indicators – 2024 data.pdf,resources/safety-recommendation-engine/Safety performance indicators – 2024 data.pdf,UNKNOWN,2024,Work authorization,Work Authorization,Work Authorization,,"[""Work Authorization""]",SINGLE_EXPLICIT,IOGP_NATIVE,EXPLICIT_TEXT_MATCH,PRIMARY LIFE-SAVING RULE:  Work authorization,94,,Page 94,23,SOURCE_EXPLICIT,GOLD_CANDIDATE,REGEX_EXPLICIT_PARSER,False,2026-09-03T04:27:11Z,1.0.0,NO_MATCH,,UNMATCHED,0.0
LSR-CAND-000196,INC-Safety performance indicators – 2024 data.pdf-P94-L24,SRC-INC-197,Safety performance indicators – 2024 data.pdf,resources/safety-recommendation-engine/Safety performance indicators – 2024 data.pdf,UNKNOWN,2024,Line of fire,Line of Fire,Line of Fire,,"[""Line of Fire""]",SINGLE_EXPLICIT,IOGP_NATIVE,EXPLICIT_TEXT_MATCH,SECONARY LIFE-SAVING RULE:  Line of fire,94,,Page 94,24,SOURCE_EXPLICIT,GOLD_CANDIDATE,REGEX_EXPLICIT_PARSER,False,2026-09-03T04:27:11Z,1.0.0,NO_MATCH,,UNMATCHED,0.0
LSR-CAND-000197,INC-Safety performance indicators – 2024 data.pdf-P95-L13,SRC-INC-198,Safety performance indicators – 2024 data.pdf,resources/safety-recommendation-engine/Safety performance indicators – 2024 data.pdf,UNKNOWN,2024,Line of fire,Line of Fire,Line of Fire,,"[""Line of Fire""]",SINGLE_EXPLICIT,IOGP_NATIVE,EXPLICIT_TEXT_MATCH,PRIMARY LIFE-SAVING RULE:  Line of fire,95,,Page 95,13,SOURCE_EXPLICIT,GOLD_CANDIDATE,REGEX_EXPLICIT_PARSER,False,2026-09-03T04:27:11Z,1.0.0,NO_MATCH,,UNMATCHED,0.0
LSR-CAND-000199,INC-Safety performance indicators – 2024 data.pdf-P96-L22,SRC-INC-200,Safety performance indicators – 2024 data.pdf,resources/safety-recommendation-engine/Safety performance indicators – 2024 data.pdf,UNKNOWN,2024,Hot work,Hot Work,Hot Work,,"[""Hot Work""]",SINGLE_EXPLICIT,IOGP_NATIVE,EXPLICIT_TEXT_MATCH,PRIMARY LIFE-SAVING RULE:  Hot work,96,,Page 96,22,SOURCE_EXPLICIT,GOLD_CANDIDATE,REGEX_EXPLICIT_PARSER,False,2026-09-03T04:27:11Z,1.0.0,NO_MATCH,,UNMATCHED,0.0
LSR-CAND-000200,INC-Safety performance indicators – 2024 data.pdf-P97-L8,SRC-INC-201,Safety performance indicators – 2024 data.pdf,resources/safety-recommendation-engine/Safety performance indicators – 2024 data.pdf,UNKNOWN,2024,Hot work,Hot Work,Hot Work,,"[""Hot Work""]",SINGLE_EXPLICIT,IOGP_NATIVE,EXPLICIT_TEXT_MATCH,PRIMARY LIFE-SAVING RULE:  Hot work,97,,Page 97,8,SOURCE_EXPLICIT,GOLD_CANDIDATE,REGEX_EXPLICIT_PARSER,False,2026-09-03T04:27:11Z,1.0.0,NO_MATCH,,UNMATCHED,0.0
LSR-CAND-000201,INC-Safety performance indicators – 2024 data.pdf-P97-L9,SRC-INC-202,Safety performance indicators – 2024 data.pdf,resources/safety-recommendation-engine/Safety performance indicators – 2024 data.pdf,UNKNOWN,2024,Work authorization,Work Authorization,Work Authorization,,"[""Work Authorization""]",SINGLE_EXPLICIT,IOGP_NATIVE,EXPLICIT_TEXT_MATCH,SECONARY LIFE-SAVING RULE:  Work authorization,97,,Page 97,9,SOURCE_EXPLICIT,GOLD_CANDIDATE,REGEX_EXPLICIT_PARSER,False,2026-09-03T04:27:11Z,1.0.0,NO_MATCH,,UNMATCHED,0.0
LSR-CAND-000202,INC-Safety performance indicators – 2024 data.pdf-P97-L33,SRC-INC-203,Safety performance indicators – 2024 data.pdf,resources/safety-recommendation-engine/Safety performance indicators – 2024 data.pdf,UNKNOWN,2024,Working at height,Working at Height,Working at Height,,"[""Working at Height""]",SINGLE_EXPLICIT,IOGP_NATIVE,EXPLICIT_TEXT_MATCH,PRIMARY LIFE-SAVING RULE:  Working at height,97,,Page 97,33,SOURCE_EXPLICIT,GOLD_CANDIDATE,REGEX_EXPLICIT_PARSER,False,2026-09-03T04:27:11Z,1.0.0,NO_MATCH,,UNMATCHED,0.0
LSR-CAND-000203,INC-Safety performance indicators – 2024 data.pdf-P98-L22,SRC-INC-204,Safety performance indicators – 2024 data.pdf,resources/safety-recommendation-engine/Safety performance indicators – 2024 data.pdf,UNKNOWN,2024,Working at height,Working at Height,Working at Height,,"[""Working at Height""]",SINGLE_EXPLICIT,IOGP_NATIVE,EXPLICIT_TEXT_MATCH,PRIMARY LIFE-SAVING RULE:  Working at height,98,,Page 98,22,SOURCE_EXPLICIT,GOLD_CANDIDATE,REGEX_EXPLICIT_PARSER,False,2026-09-03T04:27:11Z,1.0.0,NO_MATCH,,UNMATCHED,0.0
LSR-CAND-000204,INC-Safety performance indicators – 2024 data.pdf-P98-L23,SRC-INC-205,Safety performance indicators – 2024 data.pdf,resources/safety-recommendation-engine/Safety performance indicators – 2024 data.pdf,UNKNOWN,2024,Line of fire,Line of Fire,Line of Fire,,"[""Line of Fire""]",SINGLE_EXPLICIT,IOGP_NATIVE,EXPLICIT_TEXT_MATCH,SECONARY LIFE-SAVING RULE:  Line of fire,98,,Page 98,23,SOURCE_EXPLICIT,GOLD_CANDIDATE,REGEX_EXPLICIT_PARSER,False,2026-09-03T04:27:11Z,1.0.0,NO_MATCH,,UNMATCHED,0.0
LSR-CAND-000205,INC-Safety performance indicators – 2024 data.pdf-P99-L17,SRC-INC-206,Safety performance indicators – 2024 data.pdf,resources/safety-recommendation-engine/Safety performance indicators – 2024 data.pdf,UNKNOWN,2024,Working at height,Working at Height,Working at Height,,"[""Working at Height""]",SINGLE_EXPLICIT,IOGP_NATIVE,EXPLICIT_TEXT_MATCH,PRIMARY LIFE-SAVING RULE:  Working at height,99,,Page 99,17,SOURCE_EXPLICIT,GOLD_CANDIDATE,REGEX_EXPLICIT_PARSER,False,2026-09-03T04:27:11Z,1.0.0,NO_MATCH,,UNMATCHED,0.0
LSR-CAND-000206,INC-Safety performance indicators – 2024 data.pdf-P99-L18,SRC-INC-207,Safety performance indicators – 2024 data.pdf,resources/safety-recommendation-engine/Safety performance indicators – 2024 data.pdf,UNKNOWN,2024,Work authorization,Work Authorization,Work Authorization,,"[""Work Authorization""]",SINGLE_EXPLICIT,IOGP_NATIVE,EXPLICIT_TEXT_MATCH,SECONARY LIFE-SAVING RULE:  Work authorization,99,,Page 99,18,SOURCE_EXPLICIT,GOLD_CANDIDATE,REGEX_EXPLICIT_PARSER,False,2026-09-03T04:27:11Z,1.0.0,NO_MATCH,,UNMATCHED,0.0
LSR-CAND-000207,INC-Safety performance indicators – 2024 data.pdf-P100-L13,SRC-INC-208,Safety performance indicators – 2024 data.pdf,resources/safety-recommendation-engine/Safety performance indicators – 2024 data.pdf,UNKNOWN,2024,Line of fire,Line of Fire,Line of Fire,,"[""Line of Fire""]",SINGLE_EXPLICIT,IOGP_NATIVE,EXPLICIT_TEXT_MATCH,PRIMARY LIFE-SAVING RULE:  Line of fire,100,,Page 100,13,SOURCE_EXPLICIT,GOLD_CANDIDATE,REGEX_EXPLICIT_PARSER,False,2026-09-03T04:27:11Z,1.0.0,NO_MATCH,,UNMATCHED,0.0
LSR-CAND-000208,INC-Safety performance indicators – 2024 data.pdf-P100-L14,SRC-INC-209,Safety performance indicators – 2024 data.pdf,resources/safety-recommendation-engine/Safety performance indicators – 2024 data.pdf,UNKNOWN,2024,Bypassing safety controls,Bypassing Safety Controls,Bypassing Safety Controls,,"[""Bypassing Safety Controls""]",SINGLE_EXPLICIT,IOGP_NATIVE,EXPLICIT_TEXT_MATCH,SECONARY LIFE-SAVING RULE:  Bypassing safety controls,100,,Page 100,14,SOURCE_EXPLICIT,GOLD_CANDIDATE,REGEX_EXPLICIT_PARSER,False,2026-09-03T04:27:11Z,1.0.0,NO_MATCH,,UNMATCHED,0.0
LSR-CAND-000209,INC-Safety performance indicators – 2024 data.pdf-P101-L6,SRC-INC-210,Safety performance indicators – 2024 data.pdf,resources/safety-recommendation-engine/Safety performance indicators – 2024 data.pdf,UNKNOWN,2024,Safe mechanical lifting,Safe Mechanical Lifting,Safe Mechanical Lifting,,"[""Safe Mechanical Lifting""]",SINGLE_EXPLICIT,IOGP_NATIVE,EXPLICIT_TEXT_MATCH,PRIMARY LIFE-SAVING RULE:  Safe mechanical lifting,101,,Page 101,6,SOURCE_EXPLICIT,GOLD_CANDIDATE,REGEX_EXPLICIT_PARSER,False,2026-09-03T04:27:11Z,1.0.0,NO_MATCH,,UNMATCHED,0.0
LSR-CAND-000210,INC-Safety performance indicators – 2024 data.pdf-P101-L7,SRC-INC-211,Safety performance indicators – 2024 data.pdf,resources/safety-recommendation-engine/Safety performance indicators – 2024 data.pdf,UNKNOWN,2024,Line of fire,Line of Fire,Line of Fire,,"[""Line of Fire""]",SINGLE_EXPLICIT,IOGP_NATIVE,EXPLICIT_TEXT_MATCH,SECONARY LIFE-SAVING RULE:  Line of fire,101,,Page 101,7,SOURCE_EXPLICIT,GOLD_CANDIDATE,REGEX_EXPLICIT_PARSER,False,2026-09-03T04:27:11Z,1.0.0,NO_MATCH,,UNMATCHED,0.0
LSR-CAND-000211,INC-Safety performance indicators – 2024 data.pdf-P101-L34,SRC-INC-212,Safety performance indicators – 2024 data.pdf,resources/safety-recommendation-engine/Safety performance indicators – 2024 data.pdf,UNKNOWN,2024,Line of fire,Line of Fire,Line of Fire,,"[""Line of Fire""]",SINGLE_EXPLICIT,IOGP_NATIVE,EXPLICIT_TEXT_MATCH,PRIMARY LIFE-SAVING RULE:  Line of fire,101,,Page 101,34,SOURCE_EXPLICIT,GOLD_CANDIDATE,REGEX_EXPLICIT_PARSER,False,2026-09-03T04:27:11Z,1.0.0,NO_MATCH,,UNMATCHED,0.0
LSR-CAND-000212,INC-Safety performance indicators – 2024 data.pdf-P102-L21,SRC-INC-213,Safety performance indicators – 2024 data.pdf,resources/safety-recommendation-engine/Safety performance indicators – 2024 data.pdf,UNKNOWN,2024,Safe mechanical lifting,Safe Mechanical Lifting,Safe Mechanical Lifting,,"[""Safe Mechanical Lifting""]",SINGLE_EXPLICIT,IOGP_NATIVE,EXPLICIT_TEXT_MATCH,PRIMARY LIFE-SAVING RULE:  Safe mechanical lifting,102,,Page 102,21,SOURCE_EXPLICIT,GOLD_CANDIDATE,REGEX_EXPLICIT_PARSER,False,2026-09-03T04:27:11Z,1.0.0,NO_MATCH,,UNMATCHED,0.0
LSR-CAND-000213,INC-Safety performance indicators – 2024 data.pdf-P102-L22,SRC-INC-214,Safety performance indicators – 2024 data.pdf,resources/safety-recommendation-engine/Safety performance indicators – 2024 data.pdf,UNKNOWN,2024,Line of fire,Line of Fire,Line of Fire,,"[""Line of Fire""]",SINGLE_EXPLICIT,IOGP_NATIVE,EXPLICIT_TEXT_MATCH,SECONARY LIFE-SAVING RULE:  Line of fire,102,,Page 102,22,SOURCE_EXPLICIT,GOLD_CANDIDATE,REGEX_EXPLICIT_PARSER,False,2026-09-03T04:27:11Z,1.0.0,NO_MATCH,,UNMATCHED,0.0
LSR-CAND-000214,INC-Safety performance indicators – 2024 data.pdf-P103-L7,SRC-INC-215,Safety performance indicators – 2024 data.pdf,resources/safety-recommendation-engine/Safety performance indicators – 2024 data.pdf,UNKNOWN,2024,Safe mechanical lifting,Safe Mechanical Lifting,Safe Mechanical Lifting,,"[""Safe Mechanical Lifting""]",SINGLE_EXPLICIT,IOGP_NATIVE,EXPLICIT_TEXT_MATCH,PRIMARY LIFE-SAVING RULE:  Safe mechanical lifting,103,,Page 103,7,SOURCE_EXPLICIT,GOLD_CANDIDATE,REGEX_EXPLICIT_PARSER,False,2026-09-03T04:27:11Z,1.0.0,NO_MATCH,,UNMATCHED,0.0
LSR-CAND-000215,INC-Safety performance indicators – 2024 data.pdf-P103-L8,SRC-INC-216,Safety performance indicators – 2024 data.pdf,resources/safety-recommendation-engine/Safety performance indicators – 2024 data.pdf,UNKNOWN,2024,Line of fire,Line of Fire,Line of Fire,,"[""Line of Fire""]",SINGLE_EXPLICIT,IOGP_NATIVE,EXPLICIT_TEXT_MATCH,SECONARY LIFE-SAVING RULE:  Line of fire,103,,Page 103,8,SOURCE_EXPLICIT,GOLD_CANDIDATE,REGEX_EXPLICIT_PARSER,False,2026-09-03T04:27:11Z,1.0.0,NO_MATCH,,UNMATCHED,0.0
LSR-CAND-000216,INC-Safety performance indicators – 2024 data.pdf-P103-L38,SRC-INC-217,Safety performance indicators – 2024 data.pdf,resources/safety-recommendation-engine/Safety performance indicators – 2024 data.pdf,UNKNOWN,2024,Safe mechanical lifting,Safe Mechanical Lifting,Safe Mechanical Lifting,,"[""Safe Mechanical Lifting""]",SINGLE_EXPLICIT,IOGP_NATIVE,EXPLICIT_TEXT_MATCH,PRIMARY LIFE-SAVING RULE:  Safe mechanical lifting,103,,Page 103,38,SOURCE_EXPLICIT,GOLD_CANDIDATE,REGEX_EXPLICIT_PARSER,False,2026-09-03T04:27:11Z,1.0.0,NO_MATCH,,UNMATCHED,0.0
LSR-CAND-000217,INC-Safety performance indicators – 2024 data.pdf-P103-L39,SRC-INC-218,Safety performance indicators – 2024 data.pdf,resources/safety-recommendation-engine/Safety performance indicators – 2024 data.pdf,UNKNOWN,2024,Line of fire,Line of Fire,Line of Fire,,"[""Line of Fire""]",SINGLE_EXPLICIT,IOGP_NATIVE,EXPLICIT_TEXT_MATCH,SECONARY LIFE-SAVING RULE:  Line of fire,103,,Page 103,39,SOURCE_EXPLICIT,GOLD_CANDIDATE,REGEX_EXPLICIT_PARSER,False,2026-09-03T04:27:11Z,1.0.0,NO_MATCH,,UNMATCHED,0.0
LSR-CAND-000219,INC-Safety performance indicators – 2024 data.pdf-P105-L13,SRC-INC-220,Safety performance indicators – 2024 data.pdf,resources/safety-recommendation-engine/Safety performance indicators – 2024 data.pdf,UNKNOWN,2024,Hot work,Hot Work,Hot Work,,"[""Hot Work""]",SINGLE_EXPLICIT,IOGP_NATIVE,EXPLICIT_TEXT_MATCH,PRIMARY LIFE-SAVING RULE:  Hot work,105,,Page 105,13,SOURCE_EXPLICIT,GOLD_CANDIDATE,REGEX_EXPLICIT_PARSER,False,2026-09-03T04:27:11Z,1.0.0,NO_MATCH,,UNMATCHED,0.0
LSR-CAND-000220,INC-Safety performance indicators – 2024 data.pdf-P105-L14,SRC-INC-221,Safety performance indicators – 2024 data.pdf,resources/safety-recommendation-engine/Safety performance indicators – 2024 data.pdf,UNKNOWN,2024,Bypassing safety controls,Bypassing Safety Controls,Bypassing Safety Controls,,"[""Bypassing Safety Controls""]",SINGLE_EXPLICIT,IOGP_NATIVE,EXPLICIT_TEXT_MATCH,SECONARY LIFE-SAVING RULE:  Bypassing safety controls,105,,Page 105,14,SOURCE_EXPLICIT,GOLD_CANDIDATE,REGEX_EXPLICIT_PARSER,False,2026-09-03T04:27:11Z,1.0.0,NO_MATCH,,UNMATCHED,0.0
LSR-CAND-000221,INC-Safety performance indicators – 2024 data.pdf-P106-L6,SRC-INC-222,Safety performance indicators – 2024 data.pdf,resources/safety-recommendation-engine/Safety performance indicators – 2024 data.pdf,UNKNOWN,2024,Line of fire,Line of Fire,Line of Fire,,"[""Line of Fire""]",SINGLE_EXPLICIT,IOGP_NATIVE,EXPLICIT_TEXT_MATCH,PRIMARY LIFE-SAVING RULE:  Line of fire,106,,Page 106,6,SOURCE_EXPLICIT,GOLD_CANDIDATE,REGEX_EXPLICIT_PARSER,False,2026-09-03T04:27:11Z,1.0.0,NO_MATCH,,UNMATCHED,0.0
LSR-CAND-000224,INC-Safety performance indicators – 2024 data.pdf-P108-L6,SRC-INC-225,Safety performance indicators – 2024 data.pdf,resources/safety-recommendation-engine/Safety performance indicators – 2024 data.pdf,UNKNOWN,2024,Work authorization,Work Authorization,Work Authorization,,"[""Work Authorization""]",SINGLE_EXPLICIT,IOGP_NATIVE,EXPLICIT_TEXT_MATCH,PRIMARY LIFE-SAVING RULE:  Work authorization,108,,Page 108,6,SOURCE_EXPLICIT,GOLD_CANDIDATE,REGEX_EXPLICIT_PARSER,False,2026-09-03T04:27:11Z,1.0.0,NO_MATCH,,UNMATCHED,0.0
LSR-CAND-000225,INC-Safety performance indicators – 2024 data.pdf-P108-L7,SRC-INC-226,Safety performance indicators – 2024 data.pdf,resources/safety-recommendation-engine/Safety performance indicators – 2024 data.pdf,UNKNOWN,2024,Bypassing safety controls,Bypassing Safety Controls,Bypassing Safety Controls,,"[""Bypassing Safety Controls""]",SINGLE_EXPLICIT,IOGP_NATIVE,EXPLICIT_TEXT_MATCH,SECONARY LIFE-SAVING RULE:  Bypassing safety controls,108,,Page 108,7,SOURCE_EXPLICIT,GOLD_CANDIDATE,REGEX_EXPLICIT_PARSER,False,2026-09-03T04:27:11Z,1.0.0,NO_MATCH,,UNMATCHED,0.0
LSR-CAND-000226,INC-Safety performance indicators – 2024 data.pdf-P108-L28,SRC-INC-227,Safety performance indicators – 2024 data.pdf,resources/safety-recommendation-engine/Safety performance indicators – 2024 data.pdf,UNKNOWN,2024,Work authorization,Work Authorization,Work Authorization,,"[""Work Authorization""]",SINGLE_EXPLICIT,IOGP_NATIVE,EXPLICIT_TEXT_MATCH,PRIMARY LIFE-SAVING RULE:  Work authorization,108,,Page 108,28,SOURCE_EXPLICIT,GOLD_CANDIDATE,REGEX_EXPLICIT_PARSER,False,2026-09-03T04:27:11Z,1.0.0,NO_MATCH,,UNMATCHED,0.0
LSR-CAND-000227,INC-Safety performance indicators – 2024 data.pdf-P109-L14,SRC-INC-228,Safety performance indicators – 2024 data.pdf,resources/safety-recommendation-engine/Safety performance indicators – 2024 data.pdf,UNKNOWN,2024,Safe mechanical lifting,Safe Mechanical Lifting,Safe Mechanical Lifting,,"[""Safe Mechanical Lifting""]",SINGLE_EXPLICIT,IOGP_NATIVE,EXPLICIT_TEXT_MATCH,PRIMARY LIFE-SAVING RULE:  Safe mechanical lifting,109,,Page 109,14,SOURCE_EXPLICIT,GOLD_CANDIDATE,REGEX_EXPLICIT_PARSER,False,2026-09-03T04:27:11Z,1.0.0,NO_MATCH,,UNMATCHED,0.0
LSR-CAND-000228,INC-Safety performance indicators – 2024 data.pdf-P109-L15,SRC-INC-229,Safety performance indicators – 2024 data.pdf,resources/safety-recommendation-engine/Safety performance indicators – 2024 data.pdf,UNKNOWN,2024,Line of fire,Line of Fire,Line of Fire,,"[""Line of Fire""]",SINGLE_EXPLICIT,IOGP_NATIVE,EXPLICIT_TEXT_MATCH,SECONARY LIFE-SAVING RULE:  Line of fire,109,,Page 109,15,SOURCE_EXPLICIT,GOLD_CANDIDATE,REGEX_EXPLICIT_PARSER,False,2026-09-03T04:27:11Z,1.0.0,NO_MATCH,,UNMATCHED,0.0
LSR-CAND-000229,INC-Safety performance indicators – 2024 data.pdf-P110-L7,SRC-INC-230,Safety performance indicators – 2024 data.pdf,resources/safety-recommendation-engine/Safety performance indicators – 2024 data.pdf,UNKNOWN,2024,Safe mechanical lifting,Safe Mechanical Lifting,Safe Mechanical Lifting,,"[""Safe Mechanical Lifting""]",SINGLE_EXPLICIT,IOGP_NATIVE,EXPLICIT_TEXT_MATCH,PRIMARY LIFE-SAVING RULE:  Safe mechanical lifting,110,,Page 110,7,SOURCE_EXPLICIT,GOLD_CANDIDATE,REGEX_EXPLICIT_PARSER,False,2026-09-03T04:27:11Z,1.0.0,NO_MATCH,,UNMATCHED,0.0
LSR-CAND-000230,INC-Safety performance indicators – 2024 data.pdf-P110-L8,SRC-INC-231,Safety performance indicators – 2024 data.pdf,resources/safety-recommendation-engine/Safety performance indicators – 2024 data.pdf,UNKNOWN,2024,Line of fire,Line of Fire,Line of Fire,,"[""Line of Fire""]",SINGLE_EXPLICIT,IOGP_NATIVE,EXPLICIT_TEXT_MATCH,SECONARY LIFE-SAVING RULE:  Line of fire,110,,Page 110,8,SOURCE_EXPLICIT,GOLD_CANDIDATE,REGEX_EXPLICIT_PARSER,False,2026-09-03T04:27:11Z,1.0.0,NO_MATCH,,UNMATCHED,0.0
LSR-CAND-000231,INC-Safety performance indicators – 2024 data.pdf-P110-L29,SRC-INC-232,Safety performance indicators – 2024 data.pdf,resources/safety-recommendation-engine/Safety performance indicators – 2024 data.pdf,UNKNOWN,2024,Line of fire,Line of Fire,Line of Fire,,"[""Line of Fire""]",SINGLE_EXPLICIT,IOGP_NATIVE,EXPLICIT_TEXT_MATCH,PRIMARY LIFE-SAVING RULE:  Line of fire,110,,Page 110,29,SOURCE_EXPLICIT,GOLD_CANDIDATE,REGEX_EXPLICIT_PARSER,False,2026-09-03T04:27:11Z,1.0.0,NO_MATCH,,UNMATCHED,0.0
LSR-CAND-000232,INC-Safety performance indicators – 2024 data.pdf-P111-L21,SRC-INC-233,Safety performance indicators – 2024 data.pdf,resources/safety-recommendation-engine/Safety performance indicators – 2024 data.pdf,UNKNOWN,2024,Work authorization,Work Authorization,Work Authorization,,"[""Work Authorization""]",SINGLE_EXPLICIT,IOGP_NATIVE,EXPLICIT_TEXT_MATCH,PRIMARY LIFE-SAVING RULE:  Work authorization,111,,Page 111,21,SOURCE_EXPLICIT,GOLD_CANDIDATE,REGEX_EXPLICIT_PARSER,False,2026-09-03T04:27:11Z,1.0.0,NO_MATCH,,UNMATCHED,0.0
LSR-CAND-000233,INC-Safety performance indicators – 2024 data.pdf-P111-L22,SRC-INC-234,Safety performance indicators – 2024 data.pdf,resources/safety-recommendation-engine/Safety performance indicators – 2024 data.pdf,UNKNOWN,2024,Line of fire,Line of Fire,Line of Fire,,"[""Line of Fire""]",SINGLE_EXPLICIT,IOGP_NATIVE,EXPLICIT_TEXT_MATCH,SECONARY LIFE-SAVING RULE:  Line of fire,111,,Page 111,22,SOURCE_EXPLICIT,GOLD_CANDIDATE,REGEX_EXPLICIT_PARSER,False,2026-09-03T04:27:11Z,1.0.0,NO_MATCH,,UNMATCHED,0.0
LSR-CAND-000234,INC-Safety performance indicators – 2024 data.pdf-P112-L19,SRC-INC-235,Safety performance indicators – 2024 data.pdf,resources/safety-recommendation-engine/Safety performance indicators – 2024 data.pdf,UNKNOWN,2024,Hot work,Hot Work,Hot Work,,"[""Hot Work""]",SINGLE_EXPLICIT,IOGP_NATIVE,EXPLICIT_TEXT_MATCH,PRIMARY LIFE-SAVING RULE:  Hot work,112,,Page 112,19,SOURCE_EXPLICIT,GOLD_CANDIDATE,REGEX_EXPLICIT_PARSER,False,2026-09-03T04:27:11Z,1.0.0,NO_MATCH,,UNMATCHED,0.0
LSR-CAND-000235,INC-Safety performance indicators – 2024 data.pdf-P113-L7,SRC-INC-236,Safety performance indicators – 2024 data.pdf,resources/safety-recommendation-engine/Safety performance indicators – 2024 data.pdf,UNKNOWN,2024,Bypassing safety controls,Bypassing Safety Controls,Bypassing Safety Controls,,"[""Bypassing Safety Controls""]",SINGLE_EXPLICIT,IOGP_NATIVE,EXPLICIT_TEXT_MATCH,PRIMARY LIFE-SAVING RULE:  Bypassing safety controls,113,,Page 113,7,SOURCE_EXPLICIT,GOLD_CANDIDATE,REGEX_EXPLICIT_PARSER,False,2026-09-03T04:27:11Z,1.0.0,NO_MATCH,,UNMATCHED,0.0
LSR-CAND-000236,INC-Safety performance indicators – 2024 data.pdf-P113-L8,SRC-INC-237,Safety performance indicators – 2024 data.pdf,resources/safety-recommendation-engine/Safety performance indicators – 2024 data.pdf,UNKNOWN,2024,Line of fire,Line of Fire,Line of Fire,,"[""Line of Fire""]",SINGLE_EXPLICIT,IOGP_NATIVE,EXPLICIT_TEXT_MATCH,SECONARY LIFE-SAVING RULE:  Line of fire,113,,Page 113,8,SOURCE_EXPLICIT,GOLD_CANDIDATE,REGEX_EXPLICIT_PARSER,False,2026-09-03T04:27:11Z,1.0.0,NO_MATCH,,UNMATCHED,0.0
LSR-CAND-000237,INC-Safety performance indicators – 2024 data.pdf-P114-L6,SRC-INC-238,Safety performance indicators – 2024 data.pdf,resources/safety-recommendation-engine/Safety performance indicators – 2024 data.pdf,UNKNOWN,2024,Hot work,Hot Work,Hot Work,,"[""Hot Work""]",SINGLE_EXPLICIT,IOGP_NATIVE,EXPLICIT_TEXT_MATCH,PRIMARY LIFE-SAVING RULE:  Hot work,114,,Page 114,6,SOURCE_EXPLICIT,GOLD_CANDIDATE,REGEX_EXPLICIT_PARSER,False,2026-09-03T04:27:11Z,1.0.0,NO_MATCH,,UNMATCHED,0.0
LSR-CAND-000238,INC-Safety performance indicators – 2024 data.pdf-P114-L7,SRC-INC-239,Safety performance indicators – 2024 data.pdf,resources/safety-recommendation-engine/Safety performance indicators – 2024 data.pdf,UNKNOWN,2024,Line of fire,Line of Fire,Line of Fire,,"[""Line of Fire""]",SINGLE_EXPLICIT,IOGP_NATIVE,EXPLICIT_TEXT_MATCH,SECONARY LIFE-SAVING RULE:  Line of fire,114,,Page 114,7,SOURCE_EXPLICIT,GOLD_CANDIDATE,REGEX_EXPLICIT_PARSER,False,2026-09-03T04:27:11Z,1.0.0,NO_MATCH,,UNMATCHED,0.0
LSR-CAND-000239,INC-Safety performance indicators – 2024 data.pdf-P115-L8,SRC-INC-240,Safety performance indicators – 2024 data.pdf,resources/safety-recommendation-engine/Safety performance indicators – 2024 data.pdf,UNKNOWN,2024,Line of fire,Line of Fire,Line of Fire,,"[""Line of Fire""]",SINGLE_EXPLICIT,IOGP_NATIVE,EXPLICIT_TEXT_MATCH,PRIMARY LIFE-SAVING RULE:  Line of fire,115,,Page 115,8,SOURCE_EXPLICIT,GOLD_CANDIDATE,REGEX_EXPLICIT_PARSER,False,2026-09-03T04:27:11Z,1.0.0,NO_MATCH,,UNMATCHED,0.0
LSR-CAND-000240,INC-Safety performance indicators – 2024 data.pdf-P116-L12,SRC-INC-241,Safety performance indicators – 2024 data.pdf,resources/safety-recommendation-engine/Safety performance indicators – 2024 data.pdf,UNKNOWN,2024,Safe mechanical lifting,Safe Mechanical Lifting,Safe Mechanical Lifting,,"[""Safe Mechanical Lifting""]",SINGLE_EXPLICIT,IOGP_NATIVE,EXPLICIT_TEXT_MATCH,PRIMARY LIFE-SAVING RULE:  Safe mechanical lifting,116,,Page 116,12,SOURCE_EXPLICIT,GOLD_CANDIDATE,REGEX_EXPLICIT_PARSER,False,2026-09-03T04:27:11Z,1.0.0,NO_MATCH,,UNMATCHED,0.0
LSR-CAND-000241,INC-Safety performance indicators – 2024 data.pdf-P116-L13,SRC-INC-242,Safety performance indicators – 2024 data.pdf,resources/safety-recommendation-engine/Safety performance indicators – 2024 data.pdf,UNKNOWN,2024,Line of fire,Line of Fire,Line of Fire,,"[""Line of Fire""]",SINGLE_EXPLICIT,IOGP_NATIVE,EXPLICIT_TEXT_MATCH,SECONARY LIFE-SAVING RULE:  Line of fire,116,,Page 116,13,SOURCE_EXPLICIT,GOLD_CANDIDATE,REGEX_EXPLICIT_PARSER,False,2026-09-03T04:27:11Z,1.0.0,NO_MATCH,,UNMATCHED,0.0
LSR-CAND-000242,INC-Safety performance indicators – 2024 data.pdf-P117-L18,SRC-INC-243,Safety performance indicators – 2024 data.pdf,resources/safety-recommendation-engine/Safety performance indicators – 2024 data.pdf,UNKNOWN,2024,Safe mechanical lifting,Safe Mechanical Lifting,Safe Mechanical Lifting,,"[""Safe Mechanical Lifting""]",SINGLE_EXPLICIT,IOGP_NATIVE,EXPLICIT_TEXT_MATCH,PRIMARY LIFE-SAVING RULE:  Safe mechanical lifting,117,,Page 117,18,SOURCE_EXPLICIT,GOLD_CANDIDATE,REGEX_EXPLICIT_PARSER,False,2026-09-03T04:27:11Z,1.0.0,NO_MATCH,,UNMATCHED,0.0
LSR-CAND-000243,INC-Safety performance indicators – 2024 data.pdf-P117-L19,SRC-INC-244,Safety performance indicators – 2024 data.pdf,resources/safety-recommendation-engine/Safety performance indicators – 2024 data.pdf,UNKNOWN,2024,Line of fire,Line of Fire,Line of Fire,,"[""Line of Fire""]",SINGLE_EXPLICIT,IOGP_NATIVE,EXPLICIT_TEXT_MATCH,SECONARY LIFE-SAVING RULE:  Line of fire,117,,Page 117,19,SOURCE_EXPLICIT,GOLD_CANDIDATE,REGEX_EXPLICIT_PARSER,False,2026-09-03T04:27:11Z,1.0.0,NO_MATCH,,UNMATCHED,0.0
LSR-CAND-000244,INC-Safety performance indicators – 2024 data.pdf-P118-L6,SRC-INC-245,Safety performance indicators – 2024 data.pdf,resources/safety-recommendation-engine/Safety performance indicators – 2024 data.pdf,UNKNOWN,2024,Work authorization,Work Authorization,Work Authorization,,"[""Work Authorization""]",SINGLE_EXPLICIT,IOGP_NATIVE,EXPLICIT_TEXT_MATCH,PRIMARY LIFE-SAVING RULE:  Work authorization,118,,Page 118,6,SOURCE_EXPLICIT,GOLD_CANDIDATE,REGEX_EXPLICIT_PARSER,False,2026-09-03T04:27:11Z,1.0.0,NO_MATCH,,UNMATCHED,0.0
LSR-CAND-000245,INC-Safety performance indicators – 2024 data.pdf-P118-L7,SRC-INC-246,Safety performance indicators – 2024 data.pdf,resources/safety-recommendation-engine/Safety performance indicators – 2024 data.pdf,UNKNOWN,2024,Energy isolation,Energy Isolation,Energy Isolation,,"[""Energy Isolation""]",SINGLE_EXPLICIT,IOGP_NATIVE,EXPLICIT_TEXT_MATCH,SECONARY LIFE-SAVING RULE:  Energy isolation,118,,Page 118,7,SOURCE_EXPLICIT,GOLD_CANDIDATE,REGEX_EXPLICIT_PARSER,False,2026-09-03T04:27:11Z,1.0.0,NO_MATCH,,UNMATCHED,0.0
LSR-CAND-000246,INC-Safety performance indicators – 2025 data.pdf-P5-L6,SRC-INC-247,Safety performance indicators – 2025 data.pdf,resources/safety-recommendation-engine/Safety performance indicators – 2025 data.pdf,UNKNOWN,2025,Driving,Driving,Driving,,"[""Driving""]",SINGLE_EXPLICIT,IOGP_NATIVE,EXPLICIT_TEXT_MATCH,PRIMARY LIFE-SAVING RULE:  Driving,5,,Page 5,6,SOURCE_EXPLICIT,GOLD_CANDIDATE,REGEX_EXPLICIT_PARSER,False,2026-09-03T04:27:13Z,1.0.0,NO_MATCH,,UNMATCHED,0.0
LSR-CAND-000247,INC-Safety performance indicators – 2025 data.pdf-P5-L7,SRC-INC-248,Safety performance indicators – 2025 data.pdf,resources/safety-recommendation-engine/Safety performance indicators – 2025 data.pdf,UNKNOWN,2025,Line of fire,Line of Fire,Line of Fire,,"[""Line of Fire""]",SINGLE_EXPLICIT,IOGP_NATIVE,EXPLICIT_TEXT_MATCH,SECONARY LIFE-SAVING RULE:  Line of fire,5,,Page 5,7,SOURCE_EXPLICIT,GOLD_CANDIDATE,REGEX_EXPLICIT_PARSER,False,2026-09-03T04:27:13Z,1.0.0,NO_MATCH,,UNMATCHED,0.0
LSR-CAND-000248,INC-Safety performance indicators – 2025 data.pdf-P6-L6,SRC-INC-249,Safety performance indicators – 2025 data.pdf,resources/safety-recommendation-engine/Safety performance indicators – 2025 data.pdf,UNKNOWN,2025,Safe mechanical lifting,Safe Mechanical Lifting,Safe Mechanical Lifting,,"[""Safe Mechanical Lifting""]",SINGLE_EXPLICIT,IOGP_NATIVE,EXPLICIT_TEXT_MATCH,PRIMARY LIFE-SAVING RULE:  Safe mechanical lifting,6,,Page 6,6,SOURCE_EXPLICIT,GOLD_CANDIDATE,REGEX_EXPLICIT_PARSER,False,2026-09-03T04:27:13Z,1.0.0,NO_MATCH,,UNMATCHED,0.0
LSR-CAND-000249,INC-Safety performance indicators – 2025 data.pdf-P6-L7,SRC-INC-250,Safety performance indicators – 2025 data.pdf,resources/safety-recommendation-engine/Safety performance indicators – 2025 data.pdf,UNKNOWN,2025,Line of fire,Line of Fire,Line of Fire,,"[""Line of Fire""]",SINGLE_EXPLICIT,IOGP_NATIVE,EXPLICIT_TEXT_MATCH,SECONARY LIFE-SAVING RULE:  Line of fire,6,,Page 6,7,SOURCE_EXPLICIT,GOLD_CANDIDATE,REGEX_EXPLICIT_PARSER,False,2026-09-03T04:27:13Z,1.0.0,NO_MATCH,,UNMATCHED,0.0
LSR-CAND-000250,INC-Safety performance indicators – 2025 data.pdf-P7-L6,SRC-INC-251,Safety performance indicators – 2025 data.pdf,resources/safety-recommendation-engine/Safety performance indicators – 2025 data.pdf,UNKNOWN,2025,Line of fire,Line of Fire,Line of Fire,,"[""Line of Fire""]",SINGLE_EXPLICIT,IOGP_NATIVE,EXPLICIT_TEXT_MATCH,PRIMARY LIFE-SAVING RULE:  Line of fire,7,,Page 7,6,SOURCE_EXPLICIT,GOLD_CANDIDATE,REGEX_EXPLICIT_PARSER,False,2026-09-03T04:27:13Z,1.0.0,NO_MATCH,,UNMATCHED,0.0
LSR-CAND-000251,INC-Safety performance indicators – 2025 data.pdf-P7-L7,SRC-INC-252,Safety performance indicators – 2025 data.pdf,resources/safety-recommendation-engine/Safety performance indicators – 2025 data.pdf,UNKNOWN,2025,Work authorization,Work Authorization,Work Authorization,,"[""Work Authorization""]",SINGLE_EXPLICIT,IOGP_NATIVE,EXPLICIT_TEXT_MATCH,SECONARY LIFE-SAVING RULE:  Work authorization,7,,Page 7,7,SOURCE_EXPLICIT,GOLD_CANDIDATE,REGEX_EXPLICIT_PARSER,False,2026-09-03T04:27:13Z,1.0.0,NO_MATCH,,UNMATCHED,0.0
LSR-CAND-000252,INC-Safety performance indicators – 2025 data.pdf-P8-L6,SRC-INC-253,Safety performance indicators – 2025 data.pdf,resources/safety-recommendation-engine/Safety performance indicators – 2025 data.pdf,UNKNOWN,2025,Work authorization,Work Authorization,Work Authorization,,"[""Work Authorization""]",SINGLE_EXPLICIT,IOGP_NATIVE,EXPLICIT_TEXT_MATCH,PRIMARY LIFE-SAVING RULE:  Work authorization,8,,Page 8,6,SOURCE_EXPLICIT,GOLD_CANDIDATE,REGEX_EXPLICIT_PARSER,False,2026-09-03T04:27:13Z,1.0.0,NO_MATCH,,UNMATCHED,0.0
LSR-CAND-000253,INC-Safety performance indicators – 2025 data.pdf-P8-L7,SRC-INC-254,Safety performance indicators – 2025 data.pdf,resources/safety-recommendation-engine/Safety performance indicators – 2025 data.pdf,UNKNOWN,2025,Bypassing safety controls,Bypassing Safety Controls,Bypassing Safety Controls,,"[""Bypassing Safety Controls""]",SINGLE_EXPLICIT,IOGP_NATIVE,EXPLICIT_TEXT_MATCH,SECONARY LIFE-SAVING RULE:  Bypassing safety controls,8,,Page 8,7,SOURCE_EXPLICIT,GOLD_CANDIDATE,REGEX_EXPLICIT_PARSER,False,2026-09-03T04:27:13Z,1.0.0,NO_MATCH,,UNMATCHED,0.0
LSR-CAND-000254,INC-Safety performance indicators – 2025 data.pdf-P9-L6,SRC-INC-255,Safety performance indicators – 2025 data.pdf,resources/safety-recommendation-engine/Safety performance indicators – 2025 data.pdf,UNKNOWN,2025,Line of fire,Line of Fire,Line of Fire,,"[""Line of Fire""]",SINGLE_EXPLICIT,IOGP_NATIVE,EXPLICIT_TEXT_MATCH,PRIMARY LIFE-SAVING RULE:  Line of fire,9,,Page 9,6,SOURCE_EXPLICIT,GOLD_CANDIDATE,REGEX_EXPLICIT_PARSER,False,2026-09-03T04:27:13Z,1.0.0,NO_MATCH,,UNMATCHED,0.0
LSR-CAND-000255,INC-Safety performance indicators – 2025 data.pdf-P10-L6,SRC-INC-256,Safety performance indicators – 2025 data.pdf,resources/safety-recommendation-engine/Safety performance indicators – 2025 data.pdf,UNKNOWN,2025,Safe mechanical lifting,Safe Mechanical Lifting,Safe Mechanical Lifting,,"[""Safe Mechanical Lifting""]",SINGLE_EXPLICIT,IOGP_NATIVE,EXPLICIT_TEXT_MATCH,PRIMARY LIFE-SAVING RULE:  Safe mechanical lifting,10,,Page 10,6,SOURCE_EXPLICIT,GOLD_CANDIDATE,REGEX_EXPLICIT_PARSER,False,2026-09-03T04:27:13Z,1.0.0,NO_MATCH,,UNMATCHED,0.0
LSR-CAND-000256,INC-Safety performance indicators – 2025 data.pdf-P10-L7,SRC-INC-257,Safety performance indicators – 2025 data.pdf,resources/safety-recommendation-engine/Safety performance indicators – 2025 data.pdf,UNKNOWN,2025,Line of fire,Line of Fire,Line of Fire,,"[""Line of Fire""]",SINGLE_EXPLICIT,IOGP_NATIVE,EXPLICIT_TEXT_MATCH,SECONARY LIFE-SAVING RULE:  Line of fire,10,,Page 10,7,SOURCE_EXPLICIT,GOLD_CANDIDATE,REGEX_EXPLICIT_PARSER,False,2026-09-03T04:27:13Z,1.0.0,NO_MATCH,,UNMATCHED,0.0
LSR-CAND-000257,INC-Safety performance indicators – 2025 data.pdf-P11-L6,SRC-INC-258,Safety performance indicators – 2025 data.pdf,resources/safety-recommendation-engine/Safety performance indicators – 2025 data.pdf,UNKNOWN,2025,Driving,Driving,Driving,,"[""Driving""]",SINGLE_EXPLICIT,IOGP_NATIVE,EXPLICIT_TEXT_MATCH,PRIMARY LIFE-SAVING RULE:  Driving,11,,Page 11,6,SOURCE_EXPLICIT,GOLD_CANDIDATE,REGEX_EXPLICIT_PARSER,False,2026-09-03T04:27:13Z,1.0.0,NO_MATCH,,UNMATCHED,0.0
LSR-CAND-000258,INC-Safety performance indicators – 2025 data.pdf-P11-L7,SRC-INC-259,Safety performance indicators – 2025 data.pdf,resources/safety-recommendation-engine/Safety performance indicators – 2025 data.pdf,UNKNOWN,2025,Line of fire,Line of Fire,Line of Fire,,"[""Line of Fire""]",SINGLE_EXPLICIT,IOGP_NATIVE,EXPLICIT_TEXT_MATCH,SECONARY LIFE-SAVING RULE:  Line of fire,11,,Page 11,7,SOURCE_EXPLICIT,GOLD_CANDIDATE,REGEX_EXPLICIT_PARSER,False,2026-09-03T04:27:13Z,1.0.0,NO_MATCH,,UNMATCHED,0.0
LSR-CAND-000259,INC-Safety performance indicators – 2025 data.pdf-P11-L28,SRC-INC-260,Safety performance indicators – 2025 data.pdf,resources/safety-recommendation-engine/Safety performance indicators – 2025 data.pdf,UNKNOWN,2025,Energy isolation,Energy Isolation,Energy Isolation,,"[""Energy Isolation""]",SINGLE_EXPLICIT,IOGP_NATIVE,EXPLICIT_TEXT_MATCH,PRIMARY LIFE-SAVING RULE:  Energy isolation,11,,Page 11,28,SOURCE_EXPLICIT,GOLD_CANDIDATE,REGEX_EXPLICIT_PARSER,False,2026-09-03T04:27:13Z,1.0.0,NO_MATCH,,UNMATCHED,0.0
LSR-CAND-000260,INC-Safety performance indicators – 2025 data.pdf-P11-L29,SRC-INC-261,Safety performance indicators – 2025 data.pdf,resources/safety-recommendation-engine/Safety performance indicators – 2025 data.pdf,UNKNOWN,2025,Line of fire,Line of Fire,Line of Fire,,"[""Line of Fire""]",SINGLE_EXPLICIT,IOGP_NATIVE,EXPLICIT_TEXT_MATCH,SECONARY LIFE-SAVING RULE:  Line of fire,11,,Page 11,29,SOURCE_EXPLICIT,GOLD_CANDIDATE,REGEX_EXPLICIT_PARSER,False,2026-09-03T04:27:13Z,1.0.0,NO_MATCH,,UNMATCHED,0.0
LSR-CAND-000261,INC-Safety performance indicators – 2025 data.pdf-P12-L21,SRC-INC-262,Safety performance indicators – 2025 data.pdf,resources/safety-recommendation-engine/Safety performance indicators – 2025 data.pdf,UNKNOWN,2025,Safe mechanical lifting,Safe Mechanical Lifting,Safe Mechanical Lifting,,"[""Safe Mechanical Lifting""]",SINGLE_EXPLICIT,IOGP_NATIVE,EXPLICIT_TEXT_MATCH,PRIMARY LIFE-SAVING RULE:  Safe mechanical lifting,12,,Page 12,21,SOURCE_EXPLICIT,GOLD_CANDIDATE,REGEX_EXPLICIT_PARSER,False,2026-09-03T04:27:13Z,1.0.0,NO_MATCH,,UNMATCHED,0.0
LSR-CAND-000262,INC-Safety performance indicators – 2025 data.pdf-P12-L22,SRC-INC-263,Safety performance indicators – 2025 data.pdf,resources/safety-recommendation-engine/Safety performance indicators – 2025 data.pdf,UNKNOWN,2025,Line of fire,Line of Fire,Line of Fire,,"[""Line of Fire""]",SINGLE_EXPLICIT,IOGP_NATIVE,EXPLICIT_TEXT_MATCH,SECONARY LIFE-SAVING RULE:  Line of fire,12,,Page 12,22,SOURCE_EXPLICIT,GOLD_CANDIDATE,REGEX_EXPLICIT_PARSER,False,2026-09-03T04:27:13Z,1.0.0,NO_MATCH,,UNMATCHED,0.0
LSR-CAND-000263,INC-Safety performance indicators – 2025 data.pdf-P13-L7,SRC-INC-264,Safety performance indicators – 2025 data.pdf,resources/safety-recommendation-engine/Safety performance indicators – 2025 data.pdf,UNKNOWN,2025,Line of fire,Line of Fire,Line of Fire,,"[""Line of Fire""]",SINGLE_EXPLICIT,IOGP_NATIVE,EXPLICIT_TEXT_MATCH,PRIMARY LIFE-SAVING RULE:  Line of fire,13,,Page 13,7,SOURCE_EXPLICIT,GOLD_CANDIDATE,REGEX_EXPLICIT_PARSER,False,2026-09-03T04:27:13Z,1.0.0,NO_MATCH,,UNMATCHED,0.0
LSR-CAND-000264,INC-Safety performance indicators – 2025 data.pdf-P13-L8,SRC-INC-265,Safety performance indicators – 2025 data.pdf,resources/safety-recommendation-engine/Safety performance indicators – 2025 data.pdf,UNKNOWN,2025,Work authorization,Work Authorization,Work Authorization,,"[""Work Authorization""]",SINGLE_EXPLICIT,IOGP_NATIVE,EXPLICIT_TEXT_MATCH,SECONARY LIFE-SAVING RULE:  Work authorization,13,,Page 13,8,SOURCE_EXPLICIT,GOLD_CANDIDATE,REGEX_EXPLICIT_PARSER,False,2026-09-03T04:27:13Z,1.0.0,NO_MATCH,,UNMATCHED,0.0
LSR-CAND-000265,INC-Safety performance indicators – 2025 data.pdf-P14-L7,SRC-INC-266,Safety performance indicators – 2025 data.pdf,resources/safety-recommendation-engine/Safety performance indicators – 2025 data.pdf,UNKNOWN,2025,Line of fire,Line of Fire,Line of Fire,,"[""Line of Fire""]",SINGLE_EXPLICIT,IOGP_NATIVE,EXPLICIT_TEXT_MATCH,PRIMARY LIFE-SAVING RULE:  Line of fire,14,,Page 14,7,SOURCE_EXPLICIT,GOLD_CANDIDATE,REGEX_EXPLICIT_PARSER,False,2026-09-03T04:27:13Z,1.0.0,NO_MATCH,,UNMATCHED,0.0
LSR-CAND-000266,INC-Safety performance indicators – 2025 data.pdf-P14-L8,SRC-INC-267,Safety performance indicators – 2025 data.pdf,resources/safety-recommendation-engine/Safety performance indicators – 2025 data.pdf,UNKNOWN,2025,Safe mechanical lifting,Safe Mechanical Lifting,Safe Mechanical Lifting,,"[""Safe Mechanical Lifting""]",SINGLE_EXPLICIT,IOGP_NATIVE,EXPLICIT_TEXT_MATCH,SECONARY LIFE-SAVING RULE:  Safe mechanical lifting,14,,Page 14,8,SOURCE_EXPLICIT,GOLD_CANDIDATE,REGEX_EXPLICIT_PARSER,False,2026-09-03T04:27:13Z,1.0.0,NO_MATCH,,UNMATCHED,0.0
LSR-CAND-000267,INC-Safety performance indicators – 2025 data.pdf-P15-L7,SRC-INC-268,Safety performance indicators – 2025 data.pdf,resources/safety-recommendation-engine/Safety performance indicators – 2025 data.pdf,UNKNOWN,2025,Line of fire,Line of Fire,Line of Fire,,"[""Line of Fire""]",SINGLE_EXPLICIT,IOGP_NATIVE,EXPLICIT_TEXT_MATCH,PRIMARY LIFE-SAVING RULE:  Line of fire,15,,Page 15,7,SOURCE_EXPLICIT,GOLD_CANDIDATE,REGEX_EXPLICIT_PARSER,False,2026-09-03T04:27:13Z,1.0.0,NO_MATCH,,UNMATCHED,0.0
LSR-CAND-000268,INC-Safety performance indicators – 2025 data.pdf-P15-L8,SRC-INC-269,Safety performance indicators – 2025 data.pdf,resources/safety-recommendation-engine/Safety performance indicators – 2025 data.pdf,UNKNOWN,2025,Safe mechanical lifting,Safe Mechanical Lifting,Safe Mechanical Lifting,,"[""Safe Mechanical Lifting""]",SINGLE_EXPLICIT,IOGP_NATIVE,EXPLICIT_TEXT_MATCH,SECONARY LIFE-SAVING RULE:  Safe mechanical lifting,15,,Page 15,8,SOURCE_EXPLICIT,GOLD_CANDIDATE,REGEX_EXPLICIT_PARSER,False,2026-09-03T04:27:13Z,1.0.0,NO_MATCH,,UNMATCHED,0.0
LSR-CAND-000269,INC-Safety performance indicators – 2025 data.pdf-P16-L7,SRC-INC-270,Safety performance indicators – 2025 data.pdf,resources/safety-recommendation-engine/Safety performance indicators – 2025 data.pdf,UNKNOWN,2025,Energy isolation,Energy Isolation,Energy Isolation,,"[""Energy Isolation""]",SINGLE_EXPLICIT,IOGP_NATIVE,EXPLICIT_TEXT_MATCH,PRIMARY LIFE-SAVING RULE:  Energy isolation,16,,Page 16,7,SOURCE_EXPLICIT,GOLD_CANDIDATE,REGEX_EXPLICIT_PARSER,False,2026-09-03T04:27:13Z,1.0.0,NO_MATCH,,UNMATCHED,0.0
LSR-CAND-000270,INC-Safety performance indicators – 2025 data.pdf-P16-L8,SRC-INC-271,Safety performance indicators – 2025 data.pdf,resources/safety-recommendation-engine/Safety performance indicators – 2025 data.pdf,UNKNOWN,2025,Line of fire,Line of Fire,Line of Fire,,"[""Line of Fire""]",SINGLE_EXPLICIT,IOGP_NATIVE,EXPLICIT_TEXT_MATCH,SECONARY LIFE-SAVING RULE:  Line of fire,16,,Page 16,8,SOURCE_EXPLICIT,GOLD_CANDIDATE,REGEX_EXPLICIT_PARSER,False,2026-09-03T04:27:13Z,1.0.0,NO_MATCH,,UNMATCHED,0.0
LSR-CAND-000271,INC-Safety performance indicators – 2025 data.pdf-P17-L7,SRC-INC-272,Safety performance indicators – 2025 data.pdf,resources/safety-recommendation-engine/Safety performance indicators – 2025 data.pdf,UNKNOWN,2025,Safe mechanical lifting,Safe Mechanical Lifting,Safe Mechanical Lifting,,"[""Safe Mechanical Lifting""]",SINGLE_EXPLICIT,IOGP_NATIVE,EXPLICIT_TEXT_MATCH,PRIMARY LIFE-SAVING RULE:  Safe mechanical lifting,17,,Page 17,7,SOURCE_EXPLICIT,GOLD_CANDIDATE,REGEX_EXPLICIT_PARSER,False,2026-09-03T04:27:13Z,1.0.0,NO_MATCH,,UNMATCHED,0.0
LSR-CAND-000272,INC-Safety performance indicators – 2025 data.pdf-P17-L8,SRC-INC-273,Safety performance indicators – 2025 data.pdf,resources/safety-recommendation-engine/Safety performance indicators – 2025 data.pdf,UNKNOWN,2025,Line of fire,Line of Fire,Line of Fire,,"[""Line of Fire""]",SINGLE_EXPLICIT,IOGP_NATIVE,EXPLICIT_TEXT_MATCH,SECONARY LIFE-SAVING RULE:  Line of fire,17,,Page 17,8,SOURCE_EXPLICIT,GOLD_CANDIDATE,REGEX_EXPLICIT_PARSER,False,2026-09-03T04:27:13Z,1.0.0,NO_MATCH,,UNMATCHED,0.0
LSR-CAND-000273,INC-Safety performance indicators – 2025 data.pdf-P18-L7,SRC-INC-274,Safety performance indicators – 2025 data.pdf,resources/safety-recommendation-engine/Safety performance indicators – 2025 data.pdf,UNKNOWN,2025,Safe mechanical lifting,Safe Mechanical Lifting,Safe Mechanical Lifting,,"[""Safe Mechanical Lifting""]",SINGLE_EXPLICIT,IOGP_NATIVE,EXPLICIT_TEXT_MATCH,PRIMARY LIFE-SAVING RULE:  Safe mechanical lifting,18,,Page 18,7,SOURCE_EXPLICIT,GOLD_CANDIDATE,REGEX_EXPLICIT_PARSER,False,2026-09-03T04:27:13Z,1.0.0,NO_MATCH,,UNMATCHED,0.0
LSR-CAND-000274,INC-Safety performance indicators – 2025 data.pdf-P18-L8,SRC-INC-275,Safety performance indicators – 2025 data.pdf,resources/safety-recommendation-engine/Safety performance indicators – 2025 data.pdf,UNKNOWN,2025,Line of fire,Line of Fire,Line of Fire,,"[""Line of Fire""]",SINGLE_EXPLICIT,IOGP_NATIVE,EXPLICIT_TEXT_MATCH,SECONARY LIFE-SAVING RULE:  Line of fire,18,,Page 18,8,SOURCE_EXPLICIT,GOLD_CANDIDATE,REGEX_EXPLICIT_PARSER,False,2026-09-03T04:27:13Z,1.0.0,NO_MATCH,,UNMATCHED,0.0
LSR-CAND-000275,INC-Safety performance indicators – 2025 data.pdf-P19-L7,SRC-INC-276,Safety performance indicators – 2025 data.pdf,resources/safety-recommendation-engine/Safety performance indicators – 2025 data.pdf,UNKNOWN,2025,Safe mechanical lifting,Safe Mechanical Lifting,Safe Mechanical Lifting,,"[""Safe Mechanical Lifting""]",SINGLE_EXPLICIT,IOGP_NATIVE,EXPLICIT_TEXT_MATCH,PRIMARY LIFE-SAVING RULE:  Safe mechanical lifting,19,,Page 19,7,SOURCE_EXPLICIT,GOLD_CANDIDATE,REGEX_EXPLICIT_PARSER,False,2026-09-03T04:27:13Z,1.0.0,NO_MATCH,,UNMATCHED,0.0
LSR-CAND-000276,INC-Safety performance indicators – 2025 data.pdf-P19-L8,SRC-INC-277,Safety performance indicators – 2025 data.pdf,resources/safety-recommendation-engine/Safety performance indicators – 2025 data.pdf,UNKNOWN,2025,Line of fire,Line of Fire,Line of Fire,,"[""Line of Fire""]",SINGLE_EXPLICIT,IOGP_NATIVE,EXPLICIT_TEXT_MATCH,SECONARY LIFE-SAVING RULE:  Line of fire,19,,Page 19,8,SOURCE_EXPLICIT,GOLD_CANDIDATE,REGEX_EXPLICIT_PARSER,False,2026-09-03T04:27:13Z,1.0.0,NO_MATCH,,UNMATCHED,0.0
LSR-CAND-000277,INC-Safety performance indicators – 2025 data.pdf-P20-L7,SRC-INC-278,Safety performance indicators – 2025 data.pdf,resources/safety-recommendation-engine/Safety performance indicators – 2025 data.pdf,UNKNOWN,2025,Energy isolation,Energy Isolation,Energy Isolation,,"[""Energy Isolation""]",SINGLE_EXPLICIT,IOGP_NATIVE,EXPLICIT_TEXT_MATCH,PRIMARY LIFE-SAVING RULE:  Energy isolation,20,,Page 20,7,SOURCE_EXPLICIT,GOLD_CANDIDATE,REGEX_EXPLICIT_PARSER,False,2026-09-03T04:27:13Z,1.0.0,NO_MATCH,,UNMATCHED,0.0
LSR-CAND-000278,INC-Safety performance indicators – 2025 data.pdf-P20-L8,SRC-INC-279,Safety performance indicators – 2025 data.pdf,resources/safety-recommendation-engine/Safety performance indicators – 2025 data.pdf,UNKNOWN,2025,Line of fire,Line of Fire,Line of Fire,,"[""Line of Fire""]",SINGLE_EXPLICIT,IOGP_NATIVE,EXPLICIT_TEXT_MATCH,SECONARY LIFE-SAVING RULE:  Line of fire,20,,Page 20,8,SOURCE_EXPLICIT,GOLD_CANDIDATE,REGEX_EXPLICIT_PARSER,False,2026-09-03T04:27:13Z,1.0.0,NO_MATCH,,UNMATCHED,0.0
LSR-CAND-000279,INC-Safety performance indicators – 2025 data.pdf-P20-L36,SRC-INC-280,Safety performance indicators – 2025 data.pdf,resources/safety-recommendation-engine/Safety performance indicators – 2025 data.pdf,UNKNOWN,2025,Line of fire,Line of Fire,Line of Fire,,"[""Line of Fire""]",SINGLE_EXPLICIT,IOGP_NATIVE,EXPLICIT_TEXT_MATCH,PRIMARY LIFE-SAVING RULE:  Line of fire,20,,Page 20,36,SOURCE_EXPLICIT,GOLD_CANDIDATE,REGEX_EXPLICIT_PARSER,False,2026-09-03T04:27:13Z,1.0.0,NO_MATCH,,UNMATCHED,0.0
LSR-CAND-000280,INC-Safety performance indicators – 2025 data.pdf-P20-L37,SRC-INC-281,Safety performance indicators – 2025 data.pdf,resources/safety-recommendation-engine/Safety performance indicators – 2025 data.pdf,UNKNOWN,2025,Safe mechanical lifting,Safe Mechanical Lifting,Safe Mechanical Lifting,,"[""Safe Mechanical Lifting""]",SINGLE_EXPLICIT,IOGP_NATIVE,EXPLICIT_TEXT_MATCH,SECONARY LIFE-SAVING RULE:  Safe mechanical lifting,20,,Page 20,37,SOURCE_EXPLICIT,GOLD_CANDIDATE,REGEX_EXPLICIT_PARSER,False,2026-09-03T04:27:13Z,1.0.0,NO_MATCH,,UNMATCHED,0.0
LSR-CAND-000281,INC-Safety performance indicators – 2025 data.pdf-P21-L20,SRC-INC-282,Safety performance indicators – 2025 data.pdf,resources/safety-recommendation-engine/Safety performance indicators – 2025 data.pdf,UNKNOWN,2025,Working at height,Working at Height,Working at Height,,"[""Working at Height""]",SINGLE_EXPLICIT,IOGP_NATIVE,EXPLICIT_TEXT_MATCH,PRIMARY LIFE-SAVING RULE:  Working at height,21,,Page 21,20,SOURCE_EXPLICIT,GOLD_CANDIDATE,REGEX_EXPLICIT_PARSER,False,2026-09-03T04:27:13Z,1.0.0,NO_MATCH,,UNMATCHED,0.0
LSR-CAND-000282,INC-Safety performance indicators – 2025 data.pdf-P21-L21,SRC-INC-283,Safety performance indicators – 2025 data.pdf,resources/safety-recommendation-engine/Safety performance indicators – 2025 data.pdf,UNKNOWN,2025,Line of fire,Line of Fire,Line of Fire,,"[""Line of Fire""]",SINGLE_EXPLICIT,IOGP_NATIVE,EXPLICIT_TEXT_MATCH,SECONARY LIFE-SAVING RULE:  Line of fire,21,,Page 21,21,SOURCE_EXPLICIT,GOLD_CANDIDATE,REGEX_EXPLICIT_PARSER,False,2026-09-03T04:27:13Z,1.0.0,NO_MATCH,,UNMATCHED,0.0
LSR-CAND-000283,INC-Safety performance indicators – 2025 data.pdf-P22-L7,SRC-INC-284,Safety performance indicators – 2025 data.pdf,resources/safety-recommendation-engine/Safety performance indicators – 2025 data.pdf,UNKNOWN,2025,Safe mechanical lifting,Safe Mechanical Lifting,Safe Mechanical Lifting,,"[""Safe Mechanical Lifting""]",SINGLE_EXPLICIT,IOGP_NATIVE,EXPLICIT_TEXT_MATCH,PRIMARY LIFE-SAVING RULE:  Safe mechanical lifting,22,,Page 22,7,SOURCE_EXPLICIT,GOLD_CANDIDATE,REGEX_EXPLICIT_PARSER,False,2026-09-03T04:27:13Z,1.0.0,NO_MATCH,,UNMATCHED,0.0
LSR-CAND-000284,INC-Safety performance indicators – 2025 data.pdf-P22-L8,SRC-INC-285,Safety performance indicators – 2025 data.pdf,resources/safety-recommendation-engine/Safety performance indicators – 2025 data.pdf,UNKNOWN,2025,Line of fire,Line of Fire,Line of Fire,,"[""Line of Fire""]",SINGLE_EXPLICIT,IOGP_NATIVE,EXPLICIT_TEXT_MATCH,SECONARY LIFE-SAVING RULE:  Line of fire,22,,Page 22,8,SOURCE_EXPLICIT,GOLD_CANDIDATE,REGEX_EXPLICIT_PARSER,False,2026-09-03T04:27:13Z,1.0.0,NO_MATCH,,UNMATCHED,0.0
LSR-CAND-000285,INC-Safety performance indicators – 2025 data.pdf-P22-L26,SRC-INC-286,Safety performance indicators – 2025 data.pdf,resources/safety-recommendation-engine/Safety performance indicators – 2025 data.pdf,UNKNOWN,2025,Hot work,Hot Work,Hot Work,,"[""Hot Work""]",SINGLE_EXPLICIT,IOGP_NATIVE,EXPLICIT_TEXT_MATCH,PRIMARY LIFE-SAVING RULE:  Hot work,22,,Page 22,26,SOURCE_EXPLICIT,GOLD_CANDIDATE,REGEX_EXPLICIT_PARSER,False,2026-09-03T04:27:13Z,1.0.0,NO_MATCH,,UNMATCHED,0.0
LSR-CAND-000286,INC-Safety performance indicators – 2025 data.pdf-P22-L27,SRC-INC-287,Safety performance indicators – 2025 data.pdf,resources/safety-recommendation-engine/Safety performance indicators – 2025 data.pdf,UNKNOWN,2025,Work authorization,Work Authorization,Work Authorization,,"[""Work Authorization""]",SINGLE_EXPLICIT,IOGP_NATIVE,EXPLICIT_TEXT_MATCH,SECONARY LIFE-SAVING RULE:  Work authorization,22,,Page 22,27,SOURCE_EXPLICIT,GOLD_CANDIDATE,REGEX_EXPLICIT_PARSER,False,2026-09-03T04:27:13Z,1.0.0,NO_MATCH,,UNMATCHED,0.0
LSR-CAND-000287,INC-Safety performance indicators – 2025 data.pdf-P23-L16,SRC-INC-288,Safety performance indicators – 2025 data.pdf,resources/safety-recommendation-engine/Safety performance indicators – 2025 data.pdf,UNKNOWN,2025,Safe mechanical lifting,Safe Mechanical Lifting,Safe Mechanical Lifting,,"[""Safe Mechanical Lifting""]",SINGLE_EXPLICIT,IOGP_NATIVE,EXPLICIT_TEXT_MATCH,PRIMARY LIFE-SAVING RULE:  Safe mechanical lifting,23,,Page 23,16,SOURCE_EXPLICIT,GOLD_CANDIDATE,REGEX_EXPLICIT_PARSER,False,2026-09-03T04:27:13Z,1.0.0,NO_MATCH,,UNMATCHED,0.0
LSR-CAND-000288,INC-Safety performance indicators – 2025 data.pdf-P23-L17,SRC-INC-289,Safety performance indicators – 2025 data.pdf,resources/safety-recommendation-engine/Safety performance indicators – 2025 data.pdf,UNKNOWN,2025,Line of fire,Line of Fire,Line of Fire,,"[""Line of Fire""]",SINGLE_EXPLICIT,IOGP_NATIVE,EXPLICIT_TEXT_MATCH,SECONARY LIFE-SAVING RULE:  Line of fire,23,,Page 23,17,SOURCE_EXPLICIT,GOLD_CANDIDATE,REGEX_EXPLICIT_PARSER,False,2026-09-03T04:27:13Z,1.0.0,NO_MATCH,,UNMATCHED,0.0
LSR-CAND-000289,INC-Safety performance indicators – 2025 data.pdf-P24-L7,SRC-INC-290,Safety performance indicators – 2025 data.pdf,resources/safety-recommendation-engine/Safety performance indicators – 2025 data.pdf,UNKNOWN,2025,Safe mechanical lifting,Safe Mechanical Lifting,Safe Mechanical Lifting,,"[""Safe Mechanical Lifting""]",SINGLE_EXPLICIT,IOGP_NATIVE,EXPLICIT_TEXT_MATCH,PRIMARY LIFE-SAVING RULE:  Safe mechanical lifting,24,,Page 24,7,SOURCE_EXPLICIT,GOLD_CANDIDATE,REGEX_EXPLICIT_PARSER,False,2026-09-03T04:27:13Z,1.0.0,NO_MATCH,,UNMATCHED,0.0
LSR-CAND-000290,INC-Safety performance indicators – 2025 data.pdf-P24-L8,SRC-INC-291,Safety performance indicators – 2025 data.pdf,resources/safety-recommendation-engine/Safety performance indicators – 2025 data.pdf,UNKNOWN,2025,Line of fire,Line of Fire,Line of Fire,,"[""Line of Fire""]",SINGLE_EXPLICIT,IOGP_NATIVE,EXPLICIT_TEXT_MATCH,SECONARY LIFE-SAVING RULE:  Line of fire,24,,Page 24,8,SOURCE_EXPLICIT,GOLD_CANDIDATE,REGEX_EXPLICIT_PARSER,False,2026-09-03T04:27:13Z,1.0.0,NO_MATCH,,UNMATCHED,0.0
LSR-CAND-000291,INC-Safety performance indicators – 2025 data.pdf-P25-L7,SRC-INC-292,Safety performance indicators – 2025 data.pdf,resources/safety-recommendation-engine/Safety performance indicators – 2025 data.pdf,UNKNOWN,2025,Working at height,Working at Height,Working at Height,,"[""Working at Height""]",SINGLE_EXPLICIT,IOGP_NATIVE,EXPLICIT_TEXT_MATCH,PRIMARY LIFE-SAVING RULE:  Working at height,25,,Page 25,7,SOURCE_EXPLICIT,GOLD_CANDIDATE,REGEX_EXPLICIT_PARSER,False,2026-09-03T04:27:13Z,1.0.0,NO_MATCH,,UNMATCHED,0.0
LSR-CAND-000292,INC-Safety performance indicators – 2025 data.pdf-P25-L8,SRC-INC-293,Safety performance indicators – 2025 data.pdf,resources/safety-recommendation-engine/Safety performance indicators – 2025 data.pdf,UNKNOWN,2025,Line of fire,Line of Fire,Line of Fire,,"[""Line of Fire""]",SINGLE_EXPLICIT,IOGP_NATIVE,EXPLICIT_TEXT_MATCH,SECONARY LIFE-SAVING RULE:  Line of fire,25,,Page 25,8,SOURCE_EXPLICIT,GOLD_CANDIDATE,REGEX_EXPLICIT_PARSER,False,2026-09-03T04:27:13Z,1.0.0,NO_MATCH,,UNMATCHED,0.0
LSR-CAND-000293,INC-Safety performance indicators – 2025 data.pdf-P25-L27,SRC-INC-294,Safety performance indicators – 2025 data.pdf,resources/safety-recommendation-engine/Safety performance indicators – 2025 data.pdf,UNKNOWN,2025,Energy isolation,Energy Isolation,Energy Isolation,,"[""Energy Isolation""]",SINGLE_EXPLICIT,IOGP_NATIVE,EXPLICIT_TEXT_MATCH,PRIMARY LIFE-SAVING RULE:  Energy isolation,25,,Page 25,27,SOURCE_EXPLICIT,GOLD_CANDIDATE,REGEX_EXPLICIT_PARSER,False,2026-09-03T04:27:13Z,1.0.0,NO_MATCH,,UNMATCHED,0.0
LSR-CAND-000294,INC-Safety performance indicators – 2025 data.pdf-P25-L28,SRC-INC-295,Safety performance indicators – 2025 data.pdf,resources/safety-recommendation-engine/Safety performance indicators – 2025 data.pdf,UNKNOWN,2025,Line of fire,Line of Fire,Line of Fire,,"[""Line of Fire""]",SINGLE_EXPLICIT,IOGP_NATIVE,EXPLICIT_TEXT_MATCH,SECONARY LIFE-SAVING RULE:  Line of fire,25,,Page 25,28,SOURCE_EXPLICIT,GOLD_CANDIDATE,REGEX_EXPLICIT_PARSER,False,2026-09-03T04:27:13Z,1.0.0,NO_MATCH,,UNMATCHED,0.0
LSR-CAND-000295,INC-Safety performance indicators – 2025 data.pdf-P26-L10,SRC-INC-296,Safety performance indicators – 2025 data.pdf,resources/safety-recommendation-engine/Safety performance indicators – 2025 data.pdf,UNKNOWN,2025,Line of fire,Line of Fire,Line of Fire,,"[""Line of Fire""]",SINGLE_EXPLICIT,IOGP_NATIVE,EXPLICIT_TEXT_MATCH,PRIMARY LIFE-SAVING RULE:  Line of fire,26,,Page 26,10,SOURCE_EXPLICIT,GOLD_CANDIDATE,REGEX_EXPLICIT_PARSER,False,2026-09-03T04:27:13Z,1.0.0,NO_MATCH,,UNMATCHED,0.0
LSR-CAND-000296,INC-Safety performance indicators – 2025 data.pdf-P26-L11,SRC-INC-297,Safety performance indicators – 2025 data.pdf,resources/safety-recommendation-engine/Safety performance indicators – 2025 data.pdf,UNKNOWN,2025,Bypassing safety controls,Bypassing Safety Controls,Bypassing Safety Controls,,"[""Bypassing Safety Controls""]",SINGLE_EXPLICIT,IOGP_NATIVE,EXPLICIT_TEXT_MATCH,SECONARY LIFE-SAVING RULE:  Bypassing safety controls,26,,Page 26,11,SOURCE_EXPLICIT,GOLD_CANDIDATE,REGEX_EXPLICIT_PARSER,False,2026-09-03T04:27:13Z,1.0.0,NO_MATCH,,UNMATCHED,0.0
LSR-CAND-000297,INC-Safety performance indicators – 2025 data.pdf-P27-L15,SRC-INC-298,Safety performance indicators – 2025 data.pdf,resources/safety-recommendation-engine/Safety performance indicators – 2025 data.pdf,UNKNOWN,2025,Line of fire,Line of Fire,Line of Fire,,"[""Line of Fire""]",SINGLE_EXPLICIT,IOGP_NATIVE,EXPLICIT_TEXT_MATCH,PRIMARY LIFE-SAVING RULE:  Line of fire,27,,Page 27,15,SOURCE_EXPLICIT,GOLD_CANDIDATE,REGEX_EXPLICIT_PARSER,False,2026-09-03T04:27:13Z,1.0.0,NO_MATCH,,UNMATCHED,0.0
LSR-CAND-000298,INC-Safety performance indicators – 2025 data.pdf-P27-L16,SRC-INC-299,Safety performance indicators – 2025 data.pdf,resources/safety-recommendation-engine/Safety performance indicators – 2025 data.pdf,UNKNOWN,2025,Safe mechanical lifting,Safe Mechanical Lifting,Safe Mechanical Lifting,,"[""Safe Mechanical Lifting""]",SINGLE_EXPLICIT,IOGP_NATIVE,EXPLICIT_TEXT_MATCH,SECONARY LIFE-SAVING RULE:  Safe mechanical lifting,27,,Page 27,16,SOURCE_EXPLICIT,GOLD_CANDIDATE,REGEX_EXPLICIT_PARSER,False,2026-09-03T04:27:13Z,1.0.0,NO_MATCH,,UNMATCHED,0.0
LSR-CAND-000299,INC-Safety performance indicators – 2025 data.pdf-P28-L20,SRC-INC-300,Safety performance indicators – 2025 data.pdf,resources/safety-recommendation-engine/Safety performance indicators – 2025 data.pdf,UNKNOWN,2025,Line of fire,Line of Fire,Line of Fire,,"[""Line of Fire""]",SINGLE_EXPLICIT,IOGP_NATIVE,EXPLICIT_TEXT_MATCH,PRIMARY LIFE-SAVING RULE:  Line of fire,28,,Page 28,20,SOURCE_EXPLICIT,GOLD_CANDIDATE,REGEX_EXPLICIT_PARSER,False,2026-09-03T04:27:13Z,1.0.0,NO_MATCH,,UNMATCHED,0.0
LSR-CAND-000300,INC-Safety performance indicators – 2025 data.pdf-P28-L21,SRC-INC-301,Safety performance indicators – 2025 data.pdf,resources/safety-recommendation-engine/Safety performance indicators – 2025 data.pdf,UNKNOWN,2025,Working at height,Working at Height,Working at Height,,"[""Working at Height""]",SINGLE_EXPLICIT,IOGP_NATIVE,EXPLICIT_TEXT_MATCH,SECONARY LIFE-SAVING RULE:  Working at height,28,,Page 28,21,SOURCE_EXPLICIT,GOLD_CANDIDATE,REGEX_EXPLICIT_PARSER,False,2026-09-03T04:27:13Z,1.0.0,NO_MATCH,,UNMATCHED,0.0
LSR-CAND-000301,INC-Safety performance indicators – 2025 data.pdf-P29-L13,SRC-INC-302,Safety performance indicators – 2025 data.pdf,resources/safety-recommendation-engine/Safety performance indicators – 2025 data.pdf,UNKNOWN,2025,Working at height,Working at Height,Working at Height,,"[""Working at Height""]",SINGLE_EXPLICIT,IOGP_NATIVE,EXPLICIT_TEXT_MATCH,PRIMARY LIFE-SAVING RULE:  Working at height,29,,Page 29,13,SOURCE_EXPLICIT,GOLD_CANDIDATE,REGEX_EXPLICIT_PARSER,False,2026-09-03T04:27:13Z,1.0.0,NO_MATCH,,UNMATCHED,0.0
LSR-CAND-000302,INC-Safety performance indicators – 2025 data.pdf-P29-L14,SRC-INC-303,Safety performance indicators – 2025 data.pdf,resources/safety-recommendation-engine/Safety performance indicators – 2025 data.pdf,UNKNOWN,2025,Line of fire,Line of Fire,Line of Fire,,"[""Line of Fire""]",SINGLE_EXPLICIT,IOGP_NATIVE,EXPLICIT_TEXT_MATCH,SECONARY LIFE-SAVING RULE:  Line of fire,29,,Page 29,14,SOURCE_EXPLICIT,GOLD_CANDIDATE,REGEX_EXPLICIT_PARSER,False,2026-09-03T04:27:13Z,1.0.0,NO_MATCH,,UNMATCHED,0.0
LSR-CAND-000303,INC-Safety performance indicators – 2025 data.pdf-P30-L7,SRC-INC-304,Safety performance indicators – 2025 data.pdf,resources/safety-recommendation-engine/Safety performance indicators – 2025 data.pdf,UNKNOWN,2025,Line of fire,Line of Fire,Line of Fire,,"[""Line of Fire""]",SINGLE_EXPLICIT,IOGP_NATIVE,EXPLICIT_TEXT_MATCH,PRIMARY LIFE-SAVING RULE:  Line of fire,30,,Page 30,7,SOURCE_EXPLICIT,GOLD_CANDIDATE,REGEX_EXPLICIT_PARSER,False,2026-09-03T04:27:13Z,1.0.0,NO_MATCH,,UNMATCHED,0.0
LSR-CAND-000304,INC-Safety performance indicators – 2025 data.pdf-P30-L8,SRC-INC-305,Safety performance indicators – 2025 data.pdf,resources/safety-recommendation-engine/Safety performance indicators – 2025 data.pdf,UNKNOWN,2025,Bypassing safety controls,Bypassing Safety Controls,Bypassing Safety Controls,,"[""Bypassing Safety Controls""]",SINGLE_EXPLICIT,IOGP_NATIVE,EXPLICIT_TEXT_MATCH,SECONARY LIFE-SAVING RULE:  Bypassing safety controls,30,,Page 30,8,SOURCE_EXPLICIT,GOLD_CANDIDATE,REGEX_EXPLICIT_PARSER,False,2026-09-03T04:27:13Z,1.0.0,NO_MATCH,,UNMATCHED,0.0
LSR-CAND-000305,INC-Safety performance indicators – 2025 data.pdf-P30-L28,SRC-INC-306,Safety performance indicators – 2025 data.pdf,resources/safety-recommendation-engine/Safety performance indicators – 2025 data.pdf,UNKNOWN,2025,Line of fire,Line of Fire,Line of Fire,,"[""Line of Fire""]",SINGLE_EXPLICIT,IOGP_NATIVE,EXPLICIT_TEXT_MATCH,PRIMARY LIFE-SAVING RULE:  Line of fire,30,,Page 30,28,SOURCE_EXPLICIT,GOLD_CANDIDATE,REGEX_EXPLICIT_PARSER,False,2026-09-03T04:27:13Z,1.0.0,NO_MATCH,,UNMATCHED,0.0
LSR-CAND-000306,INC-Safety performance indicators – 2025 data.pdf-P30-L29,SRC-INC-307,Safety performance indicators – 2025 data.pdf,resources/safety-recommendation-engine/Safety performance indicators – 2025 data.pdf,UNKNOWN,2025,Safe mechanical lifting,Safe Mechanical Lifting,Safe Mechanical Lifting,,"[""Safe Mechanical Lifting""]",SINGLE_EXPLICIT,IOGP_NATIVE,EXPLICIT_TEXT_MATCH,SECONARY LIFE-SAVING RULE:  Safe mechanical lifting,30,,Page 30,29,SOURCE_EXPLICIT,GOLD_CANDIDATE,REGEX_EXPLICIT_PARSER,False,2026-09-03T04:27:13Z,1.0.0,NO_MATCH,,UNMATCHED,0.0
LSR-CAND-000307,INC-Safety performance indicators – 2025 data.pdf-P31-L26,SRC-INC-308,Safety performance indicators – 2025 data.pdf,resources/safety-recommendation-engine/Safety performance indicators – 2025 data.pdf,UNKNOWN,2025,Bypassing safety controls,Bypassing Safety Controls,Bypassing Safety Controls,,"[""Bypassing Safety Controls""]",SINGLE_EXPLICIT,IOGP_NATIVE,EXPLICIT_TEXT_MATCH,PRIMARY LIFE-SAVING RULE:  Bypassing safety controls,31,,Page 31,26,SOURCE_EXPLICIT,GOLD_CANDIDATE,REGEX_EXPLICIT_PARSER,False,2026-09-03T04:27:13Z,1.0.0,NO_MATCH,,UNMATCHED,0.0
LSR-CAND-000308,INC-Safety performance indicators – 2025 data.pdf-P31-L27,SRC-INC-309,Safety performance indicators – 2025 data.pdf,resources/safety-recommendation-engine/Safety performance indicators – 2025 data.pdf,UNKNOWN,2025,Work authorization,Work Authorization,Work Authorization,,"[""Work Authorization""]",SINGLE_EXPLICIT,IOGP_NATIVE,EXPLICIT_TEXT_MATCH,SECONARY LIFE-SAVING RULE:  Work authorization,31,,Page 31,27,SOURCE_EXPLICIT,GOLD_CANDIDATE,REGEX_EXPLICIT_PARSER,False,2026-09-03T04:27:13Z,1.0.0,NO_MATCH,,UNMATCHED,0.0
LSR-CAND-000309,INC-Safety performance indicators – 2025 data.pdf-P32-L7,SRC-INC-310,Safety performance indicators – 2025 data.pdf,resources/safety-recommendation-engine/Safety performance indicators – 2025 data.pdf,UNKNOWN,2025,Safe mechanical lifting,Safe Mechanical Lifting,Safe Mechanical Lifting,,"[""Safe Mechanical Lifting""]",SINGLE_EXPLICIT,IOGP_NATIVE,EXPLICIT_TEXT_MATCH,PRIMARY LIFE-SAVING RULE:  Safe mechanical lifting,32,,Page 32,7,SOURCE_EXPLICIT,GOLD_CANDIDATE,REGEX_EXPLICIT_PARSER,False,2026-09-03T04:27:13Z,1.0.0,NO_MATCH,,UNMATCHED,0.0
LSR-CAND-000310,INC-Safety performance indicators – 2025 data.pdf-P32-L8,SRC-INC-311,Safety performance indicators – 2025 data.pdf,resources/safety-recommendation-engine/Safety performance indicators – 2025 data.pdf,UNKNOWN,2025,Line of fire,Line of Fire,Line of Fire,,"[""Line of Fire""]",SINGLE_EXPLICIT,IOGP_NATIVE,EXPLICIT_TEXT_MATCH,SECONARY LIFE-SAVING RULE:  Line of fire,32,,Page 32,8,SOURCE_EXPLICIT,GOLD_CANDIDATE,REGEX_EXPLICIT_PARSER,False,2026-09-03T04:27:13Z,1.0.0,NO_MATCH,,UNMATCHED,0.0
LSR-CAND-000311,INC-Safety performance indicators – 2025 data.pdf-P32-L25,SRC-INC-312,Safety performance indicators – 2025 data.pdf,resources/safety-recommendation-engine/Safety performance indicators – 2025 data.pdf,UNKNOWN,2025,Working at height,Working at Height,Working at Height,,"[""Working at Height""]",SINGLE_EXPLICIT,IOGP_NATIVE,EXPLICIT_TEXT_MATCH,PRIMARY LIFE-SAVING RULE:  Working at height,32,,Page 32,25,SOURCE_EXPLICIT,GOLD_CANDIDATE,REGEX_EXPLICIT_PARSER,False,2026-09-03T04:27:13Z,1.0.0,NO_MATCH,,UNMATCHED,0.0
LSR-CAND-000312,INC-Safety performance indicators – 2025 data.pdf-P32-L26,SRC-INC-313,Safety performance indicators – 2025 data.pdf,resources/safety-recommendation-engine/Safety performance indicators – 2025 data.pdf,UNKNOWN,2025,Line of fire,Line of Fire,Line of Fire,,"[""Line of Fire""]",SINGLE_EXPLICIT,IOGP_NATIVE,EXPLICIT_TEXT_MATCH,SECONARY LIFE-SAVING RULE:  Line of fire,32,,Page 32,26,SOURCE_EXPLICIT,GOLD_CANDIDATE,REGEX_EXPLICIT_PARSER,False,2026-09-03T04:27:13Z,1.0.0,NO_MATCH,,UNMATCHED,0.0
LSR-CAND-000313,INC-Safety performance indicators – 2025 data.pdf-P33-L6,SRC-INC-314,Safety performance indicators – 2025 data.pdf,resources/safety-recommendation-engine/Safety performance indicators – 2025 data.pdf,UNKNOWN,2025,Working at height,Working at Height,Working at Height,,"[""Working at Height""]",SINGLE_EXPLICIT,IOGP_NATIVE,EXPLICIT_TEXT_MATCH,PRIMARY LIFE-SAVING RULE:  Working at height,33,,Page 33,6,SOURCE_EXPLICIT,GOLD_CANDIDATE,REGEX_EXPLICIT_PARSER,False,2026-09-03T04:27:13Z,1.0.0,NO_MATCH,,UNMATCHED,0.0
LSR-CAND-000314,INC-Safety performance indicators – 2025 data.pdf-P33-L7,SRC-INC-315,Safety performance indicators – 2025 data.pdf,resources/safety-recommendation-engine/Safety performance indicators – 2025 data.pdf,UNKNOWN,2025,Line of fire,Line of Fire,Line of Fire,,"[""Line of Fire""]",SINGLE_EXPLICIT,IOGP_NATIVE,EXPLICIT_TEXT_MATCH,SECONARY LIFE-SAVING RULE:  Line of fire,33,,Page 33,7,SOURCE_EXPLICIT,GOLD_CANDIDATE,REGEX_EXPLICIT_PARSER,False,2026-09-03T04:27:13Z,1.0.0,NO_MATCH,,UNMATCHED,0.0
LSR-CAND-000315,INC-Safety performance indicators – 2025 data.pdf-P34-L6,SRC-INC-316,Safety performance indicators – 2025 data.pdf,resources/safety-recommendation-engine/Safety performance indicators – 2025 data.pdf,UNKNOWN,2025,Safe mechanical lifting,Safe Mechanical Lifting,Safe Mechanical Lifting,,"[""Safe Mechanical Lifting""]",SINGLE_EXPLICIT,IOGP_NATIVE,EXPLICIT_TEXT_MATCH,PRIMARY LIFE-SAVING RULE:  Safe mechanical lifting,34,,Page 34,6,SOURCE_EXPLICIT,GOLD_CANDIDATE,REGEX_EXPLICIT_PARSER,False,2026-09-03T04:27:13Z,1.0.0,NO_MATCH,,UNMATCHED,0.0
LSR-CAND-000316,INC-Safety performance indicators – 2025 data.pdf-P34-L7,SRC-INC-317,Safety performance indicators – 2025 data.pdf,resources/safety-recommendation-engine/Safety performance indicators – 2025 data.pdf,UNKNOWN,2025,Line of fire,Line of Fire,Line of Fire,,"[""Line of Fire""]",SINGLE_EXPLICIT,IOGP_NATIVE,EXPLICIT_TEXT_MATCH,SECONARY LIFE-SAVING RULE:  Line of fire,34,,Page 34,7,SOURCE_EXPLICIT,GOLD_CANDIDATE,REGEX_EXPLICIT_PARSER,False,2026-09-03T04:27:13Z,1.0.0,NO_MATCH,,UNMATCHED,0.0
LSR-CAND-000317,INC-Safety performance indicators – 2025 data.pdf-P35-L8,SRC-INC-318,Safety performance indicators – 2025 data.pdf,resources/safety-recommendation-engine/Safety performance indicators – 2025 data.pdf,UNKNOWN,2025,Working at height,Working at Height,Working at Height,,"[""Working at Height""]",SINGLE_EXPLICIT,IOGP_NATIVE,EXPLICIT_TEXT_MATCH,PRIMARY LIFE-SAVING RULE:  Working at height,35,,Page 35,8,SOURCE_EXPLICIT,GOLD_CANDIDATE,REGEX_EXPLICIT_PARSER,False,2026-09-03T04:27:13Z,1.0.0,NO_MATCH,,UNMATCHED,0.0
LSR-CAND-000318,INC-Safety performance indicators – 2025 data.pdf-P35-L9,SRC-INC-319,Safety performance indicators – 2025 data.pdf,resources/safety-recommendation-engine/Safety performance indicators – 2025 data.pdf,UNKNOWN,2025,Work authorization,Work Authorization,Work Authorization,,"[""Work Authorization""]",SINGLE_EXPLICIT,IOGP_NATIVE,EXPLICIT_TEXT_MATCH,SECONARY LIFE-SAVING RULE:  Work authorization,35,,Page 35,9,SOURCE_EXPLICIT,GOLD_CANDIDATE,REGEX_EXPLICIT_PARSER,False,2026-09-03T04:27:13Z,1.0.0,NO_MATCH,,UNMATCHED,0.0
LSR-CAND-000319,INC-Safety performance indicators – 2025 data.pdf-P36-L16,SRC-INC-320,Safety performance indicators – 2025 data.pdf,resources/safety-recommendation-engine/Safety performance indicators – 2025 data.pdf,UNKNOWN,2025,Safe mechanical lifting,Safe Mechanical Lifting,Safe Mechanical Lifting,,"[""Safe Mechanical Lifting""]",SINGLE_EXPLICIT,IOGP_NATIVE,EXPLICIT_TEXT_MATCH,PRIMARY LIFE-SAVING RULE:  Safe mechanical lifting,36,,Page 36,16,SOURCE_EXPLICIT,GOLD_CANDIDATE,REGEX_EXPLICIT_PARSER,False,2026-09-03T04:27:13Z,1.0.0,NO_MATCH,,UNMATCHED,0.0
LSR-CAND-000320,INC-Safety performance indicators – 2025 data.pdf-P36-L17,SRC-INC-321,Safety performance indicators – 2025 data.pdf,resources/safety-recommendation-engine/Safety performance indicators – 2025 data.pdf,UNKNOWN,2025,Line of fire,Line of Fire,Line of Fire,,"[""Line of Fire""]",SINGLE_EXPLICIT,IOGP_NATIVE,EXPLICIT_TEXT_MATCH,SECONARY LIFE-SAVING RULE:  Line of fire,36,,Page 36,17,SOURCE_EXPLICIT,GOLD_CANDIDATE,REGEX_EXPLICIT_PARSER,False,2026-09-03T04:27:13Z,1.0.0,NO_MATCH,,UNMATCHED,0.0
LSR-CAND-000321,INC-Safety performance indicators – 2025 data.pdf-P37-L6,SRC-INC-322,Safety performance indicators – 2025 data.pdf,resources/safety-recommendation-engine/Safety performance indicators – 2025 data.pdf,UNKNOWN,2025,Safe mechanical lifting,Safe Mechanical Lifting,Safe Mechanical Lifting,,"[""Safe Mechanical Lifting""]",SINGLE_EXPLICIT,IOGP_NATIVE,EXPLICIT_TEXT_MATCH,PRIMARY LIFE-SAVING RULE:  Safe mechanical lifting,37,,Page 37,6,SOURCE_EXPLICIT,GOLD_CANDIDATE,REGEX_EXPLICIT_PARSER,False,2026-09-03T04:27:13Z,1.0.0,NO_MATCH,,UNMATCHED,0.0
LSR-CAND-000322,INC-Safety performance indicators – 2025 data.pdf-P37-L7,SRC-INC-323,Safety performance indicators – 2025 data.pdf,resources/safety-recommendation-engine/Safety performance indicators – 2025 data.pdf,UNKNOWN,2025,Line of fire,Line of Fire,Line of Fire,,"[""Line of Fire""]",SINGLE_EXPLICIT,IOGP_NATIVE,EXPLICIT_TEXT_MATCH,SECONARY LIFE-SAVING RULE:  Line of fire,37,,Page 37,7,SOURCE_EXPLICIT,GOLD_CANDIDATE,REGEX_EXPLICIT_PARSER,False,2026-09-03T04:27:13Z,1.0.0,NO_MATCH,,UNMATCHED,0.0
LSR-CAND-000323,INC-Safety performance indicators – 2025 data.pdf-P38-L7,SRC-INC-324,Safety performance indicators – 2025 data.pdf,resources/safety-recommendation-engine/Safety performance indicators – 2025 data.pdf,UNKNOWN,2025,Bypassing safety controls,Bypassing Safety Controls,Bypassing Safety Controls,,"[""Bypassing Safety Controls""]",SINGLE_EXPLICIT,IOGP_NATIVE,EXPLICIT_TEXT_MATCH,PRIMARY LIFE-SAVING RULE:  Bypassing safety controls,38,,Page 38,7,SOURCE_EXPLICIT,GOLD_CANDIDATE,REGEX_EXPLICIT_PARSER,False,2026-09-03T04:27:13Z,1.0.0,NO_MATCH,,UNMATCHED,0.0
LSR-CAND-000324,INC-Safety performance indicators – 2025 data.pdf-P38-L8,SRC-INC-325,Safety performance indicators – 2025 data.pdf,resources/safety-recommendation-engine/Safety performance indicators – 2025 data.pdf,UNKNOWN,2025,Work authorization,Work Authorization,Work Authorization,,"[""Work Authorization""]",SINGLE_EXPLICIT,IOGP_NATIVE,EXPLICIT_TEXT_MATCH,SECONARY LIFE-SAVING RULE:  Work authorization,38,,Page 38,8,SOURCE_EXPLICIT,GOLD_CANDIDATE,REGEX_EXPLICIT_PARSER,False,2026-09-03T04:27:13Z,1.0.0,NO_MATCH,,UNMATCHED,0.0
LSR-CAND-000325,INC-Safety performance indicators – 2025 data.pdf-P39-L6,SRC-INC-326,Safety performance indicators – 2025 data.pdf,resources/safety-recommendation-engine/Safety performance indicators – 2025 data.pdf,UNKNOWN,2025,Line of fire,Line of Fire,Line of Fire,,"[""Line of Fire""]",SINGLE_EXPLICIT,IOGP_NATIVE,EXPLICIT_TEXT_MATCH,PRIMARY LIFE-SAVING RULE:  Line of fire,39,,Page 39,6,SOURCE_EXPLICIT,GOLD_CANDIDATE,REGEX_EXPLICIT_PARSER,False,2026-09-03T04:27:13Z,1.0.0,NO_MATCH,,UNMATCHED,0.0
LSR-CAND-000326,INC-Safety performance indicators – 2025 data.pdf-P39-L7,SRC-INC-327,Safety performance indicators – 2025 data.pdf,resources/safety-recommendation-engine/Safety performance indicators – 2025 data.pdf,UNKNOWN,2025,Working at height,Working at Height,Working at Height,,"[""Working at Height""]",SINGLE_EXPLICIT,IOGP_NATIVE,EXPLICIT_TEXT_MATCH,SECONARY LIFE-SAVING RULE:  Working at height,39,,Page 39,7,SOURCE_EXPLICIT,GOLD_CANDIDATE,REGEX_EXPLICIT_PARSER,False,2026-09-03T04:27:13Z,1.0.0,NO_MATCH,,UNMATCHED,0.0
LSR-CAND-000327,INC-Safety performance indicators – 2025 data.pdf-P40-L6,SRC-INC-328,Safety performance indicators – 2025 data.pdf,resources/safety-recommendation-engine/Safety performance indicators – 2025 data.pdf,UNKNOWN,2025,Working at height,Working at Height,Working at Height,,"[""Working at Height""]",SINGLE_EXPLICIT,IOGP_NATIVE,EXPLICIT_TEXT_MATCH,PRIMARY LIFE-SAVING RULE:  Working at height,40,,Page 40,6,SOURCE_EXPLICIT,GOLD_CANDIDATE,REGEX_EXPLICIT_PARSER,False,2026-09-03T04:27:13Z,1.0.0,NO_MATCH,,UNMATCHED,0.0
LSR-CAND-000328,INC-Safety performance indicators – 2025 data.pdf-P40-L7,SRC-INC-329,Safety performance indicators – 2025 data.pdf,resources/safety-recommendation-engine/Safety performance indicators – 2025 data.pdf,UNKNOWN,2025,Line of fire,Line of Fire,Line of Fire,,"[""Line of Fire""]",SINGLE_EXPLICIT,IOGP_NATIVE,EXPLICIT_TEXT_MATCH,SECONARY LIFE-SAVING RULE:  Line of fire,40,,Page 40,7,SOURCE_EXPLICIT,GOLD_CANDIDATE,REGEX_EXPLICIT_PARSER,False,2026-09-03T04:27:13Z,1.0.0,NO_MATCH,,UNMATCHED,0.0
LSR-CAND-000329,INC-Safety performance indicators – 2025 data.pdf-P41-L6,SRC-INC-330,Safety performance indicators – 2025 data.pdf,resources/safety-recommendation-engine/Safety performance indicators – 2025 data.pdf,UNKNOWN,2025,Line of fire,Line of Fire,Line of Fire,,"[""Line of Fire""]",SINGLE_EXPLICIT,IOGP_NATIVE,EXPLICIT_TEXT_MATCH,PRIMARY LIFE-SAVING RULE:  Line of fire,41,,Page 41,6,SOURCE_EXPLICIT,GOLD_CANDIDATE,REGEX_EXPLICIT_PARSER,False,2026-09-03T04:27:13Z,1.0.0,NO_MATCH,,UNMATCHED,0.0
LSR-CAND-000330,INC-Safety performance indicators – 2025 data.pdf-P41-L7,SRC-INC-331,Safety performance indicators – 2025 data.pdf,resources/safety-recommendation-engine/Safety performance indicators – 2025 data.pdf,UNKNOWN,2025,Safe mechanical lifting,Safe Mechanical Lifting,Safe Mechanical Lifting,,"[""Safe Mechanical Lifting""]",SINGLE_EXPLICIT,IOGP_NATIVE,EXPLICIT_TEXT_MATCH,SECONARY LIFE-SAVING RULE:  Safe mechanical lifting,41,,Page 41,7,SOURCE_EXPLICIT,GOLD_CANDIDATE,REGEX_EXPLICIT_PARSER,False,2026-09-03T04:27:13Z,1.0.0,NO_MATCH,,UNMATCHED,0.0
LSR-CAND-000331,INC-Safety performance indicators – 2025 data.pdf-P42-L19,SRC-INC-332,Safety performance indicators – 2025 data.pdf,resources/safety-recommendation-engine/Safety performance indicators – 2025 data.pdf,UNKNOWN,2025,Working at height,Working at Height,Working at Height,,"[""Working at Height""]",SINGLE_EXPLICIT,IOGP_NATIVE,EXPLICIT_TEXT_MATCH,PRIMARY LIFE-SAVING RULE:  Working at height,42,,Page 42,19,SOURCE_EXPLICIT,GOLD_CANDIDATE,REGEX_EXPLICIT_PARSER,False,2026-09-03T04:27:13Z,1.0.0,NO_MATCH,,UNMATCHED,0.0
LSR-CAND-000332,INC-Safety performance indicators – 2025 data.pdf-P42-L20,SRC-INC-333,Safety performance indicators – 2025 data.pdf,resources/safety-recommendation-engine/Safety performance indicators – 2025 data.pdf,UNKNOWN,2025,Line of fire,Line of Fire,Line of Fire,,"[""Line of Fire""]",SINGLE_EXPLICIT,IOGP_NATIVE,EXPLICIT_TEXT_MATCH,SECONARY LIFE-SAVING RULE:  Line of fire,42,,Page 42,20,SOURCE_EXPLICIT,GOLD_CANDIDATE,REGEX_EXPLICIT_PARSER,False,2026-09-03T04:27:13Z,1.0.0,NO_MATCH,,UNMATCHED,0.0
LSR-CAND-000333,INC-Safety performance indicators – 2025 data.pdf-P43-L6,SRC-INC-334,Safety performance indicators – 2025 data.pdf,resources/safety-recommendation-engine/Safety performance indicators – 2025 data.pdf,UNKNOWN,2025,Work authorization,Work Authorization,Work Authorization,,"[""Work Authorization""]",SINGLE_EXPLICIT,IOGP_NATIVE,EXPLICIT_TEXT_MATCH,PRIMARY LIFE-SAVING RULE:  Work authorization,43,,Page 43,6,SOURCE_EXPLICIT,GOLD_CANDIDATE,REGEX_EXPLICIT_PARSER,False,2026-09-03T04:27:13Z,1.0.0,NO_MATCH,,UNMATCHED,0.0
LSR-CAND-000334,INC-Safety performance indicators – 2025 data.pdf-P43-L7,SRC-INC-335,Safety performance indicators – 2025 data.pdf,resources/safety-recommendation-engine/Safety performance indicators – 2025 data.pdf,UNKNOWN,2025,Line of fire,Line of Fire,Line of Fire,,"[""Line of Fire""]",SINGLE_EXPLICIT,IOGP_NATIVE,EXPLICIT_TEXT_MATCH,SECONARY LIFE-SAVING RULE:  Line of fire,43,,Page 43,7,SOURCE_EXPLICIT,GOLD_CANDIDATE,REGEX_EXPLICIT_PARSER,False,2026-09-03T04:27:13Z,1.0.0,NO_MATCH,,UNMATCHED,0.0
LSR-CAND-000335,INC-Safety performance indicators – 2025 data.pdf-P43-L24,SRC-INC-336,Safety performance indicators – 2025 data.pdf,resources/safety-recommendation-engine/Safety performance indicators – 2025 data.pdf,UNKNOWN,2025,Energy isolation,Energy Isolation,Energy Isolation,,"[""Energy Isolation""]",SINGLE_EXPLICIT,IOGP_NATIVE,EXPLICIT_TEXT_MATCH,PRIMARY LIFE-SAVING RULE:  Energy isolation,43,,Page 43,24,SOURCE_EXPLICIT,GOLD_CANDIDATE,REGEX_EXPLICIT_PARSER,False,2026-09-03T04:27:13Z,1.0.0,NO_MATCH,,UNMATCHED,0.0
LSR-CAND-000336,INC-Safety performance indicators – 2025 data.pdf-P43-L25,SRC-INC-337,Safety performance indicators – 2025 data.pdf,resources/safety-recommendation-engine/Safety performance indicators – 2025 data.pdf,UNKNOWN,2025,Work authorization,Work Authorization,Work Authorization,,"[""Work Authorization""]",SINGLE_EXPLICIT,IOGP_NATIVE,EXPLICIT_TEXT_MATCH,SECONARY LIFE-SAVING RULE:  Work authorization,43,,Page 43,25,SOURCE_EXPLICIT,GOLD_CANDIDATE,REGEX_EXPLICIT_PARSER,False,2026-09-03T04:27:13Z,1.0.0,NO_MATCH,,UNMATCHED,0.0
LSR-CAND-000337,INC-Safety performance indicators – 2025 data.pdf-P44-L17,SRC-INC-338,Safety performance indicators – 2025 data.pdf,resources/safety-recommendation-engine/Safety performance indicators – 2025 data.pdf,UNKNOWN,2025,Working at height,Working at Height,Working at Height,,"[""Working at Height""]",SINGLE_EXPLICIT,IOGP_NATIVE,EXPLICIT_TEXT_MATCH,PRIMARY LIFE-SAVING RULE:  Working at height,44,,Page 44,17,SOURCE_EXPLICIT,GOLD_CANDIDATE,REGEX_EXPLICIT_PARSER,False,2026-09-03T04:27:13Z,1.0.0,NO_MATCH,,UNMATCHED,0.0
LSR-CAND-000338,INC-Safety performance indicators – 2025 data.pdf-P44-L18,SRC-INC-339,Safety performance indicators – 2025 data.pdf,resources/safety-recommendation-engine/Safety performance indicators – 2025 data.pdf,UNKNOWN,2025,Line of fire,Line of Fire,Line of Fire,,"[""Line of Fire""]",SINGLE_EXPLICIT,IOGP_NATIVE,EXPLICIT_TEXT_MATCH,SECONARY LIFE-SAVING RULE:  Line of fire,44,,Page 44,18,SOURCE_EXPLICIT,GOLD_CANDIDATE,REGEX_EXPLICIT_PARSER,False,2026-09-03T04:27:13Z,1.0.0,NO_MATCH,,UNMATCHED,0.0
LSR-CAND-000339,INC-Safety performance indicators – 2025 data.pdf-P45-L14,SRC-INC-340,Safety performance indicators – 2025 data.pdf,resources/safety-recommendation-engine/Safety performance indicators – 2025 data.pdf,UNKNOWN,2025,Working at height,Working at Height,Working at Height,,"[""Working at Height""]",SINGLE_EXPLICIT,IOGP_NATIVE,EXPLICIT_TEXT_MATCH,PRIMARY LIFE-SAVING RULE:  Working at height,45,,Page 45,14,SOURCE_EXPLICIT,GOLD_CANDIDATE,REGEX_EXPLICIT_PARSER,False,2026-09-03T04:27:13Z,1.0.0,NO_MATCH,,UNMATCHED,0.0
LSR-CAND-000340,INC-Safety performance indicators – 2025 data.pdf-P45-L15,SRC-INC-341,Safety performance indicators – 2025 data.pdf,resources/safety-recommendation-engine/Safety performance indicators – 2025 data.pdf,UNKNOWN,2025,Line of fire,Line of Fire,Line of Fire,,"[""Line of Fire""]",SINGLE_EXPLICIT,IOGP_NATIVE,EXPLICIT_TEXT_MATCH,SECONARY LIFE-SAVING RULE:  Line of fire,45,,Page 45,15,SOURCE_EXPLICIT,GOLD_CANDIDATE,REGEX_EXPLICIT_PARSER,False,2026-09-03T04:27:13Z,1.0.0,NO_MATCH,,UNMATCHED,0.0
LSR-CAND-000341,INC-Safety performance indicators – 2025 data.pdf-P46-L6,SRC-INC-342,Safety performance indicators – 2025 data.pdf,resources/safety-recommendation-engine/Safety performance indicators – 2025 data.pdf,UNKNOWN,2025,Safe mechanical lifting,Safe Mechanical Lifting,Safe Mechanical Lifting,,"[""Safe Mechanical Lifting""]",SINGLE_EXPLICIT,IOGP_NATIVE,EXPLICIT_TEXT_MATCH,PRIMARY LIFE-SAVING RULE:  Safe mechanical lifting,46,,Page 46,6,SOURCE_EXPLICIT,GOLD_CANDIDATE,REGEX_EXPLICIT_PARSER,False,2026-09-03T04:27:13Z,1.0.0,NO_MATCH,,UNMATCHED,0.0
LSR-CAND-000342,INC-Safety performance indicators – 2025 data.pdf-P46-L7,SRC-INC-343,Safety performance indicators – 2025 data.pdf,resources/safety-recommendation-engine/Safety performance indicators – 2025 data.pdf,UNKNOWN,2025,Line of fire,Line of Fire,Line of Fire,,"[""Line of Fire""]",SINGLE_EXPLICIT,IOGP_NATIVE,EXPLICIT_TEXT_MATCH,SECONARY LIFE-SAVING RULE:  Line of fire,46,,Page 46,7,SOURCE_EXPLICIT,GOLD_CANDIDATE,REGEX_EXPLICIT_PARSER,False,2026-09-03T04:27:13Z,1.0.0,NO_MATCH,,UNMATCHED,0.0
LSR-CAND-000343,INC-Safety performance indicators – 2025 data.pdf-P47-L6,SRC-INC-344,Safety performance indicators – 2025 data.pdf,resources/safety-recommendation-engine/Safety performance indicators – 2025 data.pdf,UNKNOWN,2025,Safe mechanical lifting,Safe Mechanical Lifting,Safe Mechanical Lifting,,"[""Safe Mechanical Lifting""]",SINGLE_EXPLICIT,IOGP_NATIVE,EXPLICIT_TEXT_MATCH,PRIMARY LIFE-SAVING RULE:  Safe mechanical lifting,47,,Page 47,6,SOURCE_EXPLICIT,GOLD_CANDIDATE,REGEX_EXPLICIT_PARSER,False,2026-09-03T04:27:13Z,1.0.0,NO_MATCH,,UNMATCHED,0.0
LSR-CAND-000344,INC-Safety performance indicators – 2025 data.pdf-P47-L7,SRC-INC-345,Safety performance indicators – 2025 data.pdf,resources/safety-recommendation-engine/Safety performance indicators – 2025 data.pdf,UNKNOWN,2025,Line of fire,Line of Fire,Line of Fire,,"[""Line of Fire""]",SINGLE_EXPLICIT,IOGP_NATIVE,EXPLICIT_TEXT_MATCH,SECONARY LIFE-SAVING RULE:  Line of fire,47,,Page 47,7,SOURCE_EXPLICIT,GOLD_CANDIDATE,REGEX_EXPLICIT_PARSER,False,2026-09-03T04:27:13Z,1.0.0,NO_MATCH,,UNMATCHED,0.0
LSR-CAND-000345,INC-Safety performance indicators – 2025 data.pdf-P48-L6,SRC-INC-346,Safety performance indicators – 2025 data.pdf,resources/safety-recommendation-engine/Safety performance indicators – 2025 data.pdf,UNKNOWN,2025,Energy isolation,Energy Isolation,Energy Isolation,,"[""Energy Isolation""]",SINGLE_EXPLICIT,IOGP_NATIVE,EXPLICIT_TEXT_MATCH,PRIMARY LIFE-SAVING RULE:  Energy isolation,48,,Page 48,6,SOURCE_EXPLICIT,GOLD_CANDIDATE,REGEX_EXPLICIT_PARSER,False,2026-09-03T04:27:13Z,1.0.0,NO_MATCH,,UNMATCHED,0.0
LSR-CAND-000346,INC-Safety performance indicators – 2025 data.pdf-P48-L7,SRC-INC-347,Safety performance indicators – 2025 data.pdf,resources/safety-recommendation-engine/Safety performance indicators – 2025 data.pdf,UNKNOWN,2025,Line of fire,Line of Fire,Line of Fire,,"[""Line of Fire""]",SINGLE_EXPLICIT,IOGP_NATIVE,EXPLICIT_TEXT_MATCH,SECONARY LIFE-SAVING RULE:  Line of fire,48,,Page 48,7,SOURCE_EXPLICIT,GOLD_CANDIDATE,REGEX_EXPLICIT_PARSER,False,2026-09-03T04:27:13Z,1.0.0,NO_MATCH,,UNMATCHED,0.0
LSR-CAND-000347,INC-Safety performance indicators – 2025 data.pdf-P49-L6,SRC-INC-348,Safety performance indicators – 2025 data.pdf,resources/safety-recommendation-engine/Safety performance indicators – 2025 data.pdf,UNKNOWN,2025,Driving,Driving,Driving,,"[""Driving""]",SINGLE_EXPLICIT,IOGP_NATIVE,EXPLICIT_TEXT_MATCH,PRIMARY LIFE-SAVING RULE:  Driving,49,,Page 49,6,SOURCE_EXPLICIT,GOLD_CANDIDATE,REGEX_EXPLICIT_PARSER,False,2026-09-03T04:27:13Z,1.0.0,NO_MATCH,,UNMATCHED,0.0
LSR-CAND-000348,INC-Safety performance indicators – 2025 data.pdf-P49-L7,SRC-INC-349,Safety performance indicators – 2025 data.pdf,resources/safety-recommendation-engine/Safety performance indicators – 2025 data.pdf,UNKNOWN,2025,Line of fire,Line of Fire,Line of Fire,,"[""Line of Fire""]",SINGLE_EXPLICIT,IOGP_NATIVE,EXPLICIT_TEXT_MATCH,SECONARY LIFE-SAVING RULE:  Line of fire,49,,Page 49,7,SOURCE_EXPLICIT,GOLD_CANDIDATE,REGEX_EXPLICIT_PARSER,False,2026-09-03T04:27:13Z,1.0.0,NO_MATCH,,UNMATCHED,0.0
LSR-CAND-000349,INC-Safety performance indicators – 2025 data.pdf-P50-L6,SRC-INC-350,Safety performance indicators – 2025 data.pdf,resources/safety-recommendation-engine/Safety performance indicators – 2025 data.pdf,UNKNOWN,2025,Working at height,Working at Height,Working at Height,,"[""Working at Height""]",SINGLE_EXPLICIT,IOGP_NATIVE,EXPLICIT_TEXT_MATCH,PRIMARY LIFE-SAVING RULE:  Working at height,50,,Page 50,6,SOURCE_EXPLICIT,GOLD_CANDIDATE,REGEX_EXPLICIT_PARSER,False,2026-09-03T04:27:13Z,1.0.0,NO_MATCH,,UNMATCHED,0.0
LSR-CAND-000350,INC-Safety performance indicators – 2025 data.pdf-P50-L7,SRC-INC-351,Safety performance indicators – 2025 data.pdf,resources/safety-recommendation-engine/Safety performance indicators – 2025 data.pdf,UNKNOWN,2025,Line of fire,Line of Fire,Line of Fire,,"[""Line of Fire""]",SINGLE_EXPLICIT,IOGP_NATIVE,EXPLICIT_TEXT_MATCH,SECONARY LIFE-SAVING RULE:  Line of fire,50,,Page 50,7,SOURCE_EXPLICIT,GOLD_CANDIDATE,REGEX_EXPLICIT_PARSER,False,2026-09-03T04:27:13Z,1.0.0,NO_MATCH,,UNMATCHED,0.0
LSR-CAND-000351,INC-Safety performance indicators – 2025 data.pdf-P51-L6,SRC-INC-352,Safety performance indicators – 2025 data.pdf,resources/safety-recommendation-engine/Safety performance indicators – 2025 data.pdf,UNKNOWN,2025,Line of fire,Line of Fire,Line of Fire,,"[""Line of Fire""]",SINGLE_EXPLICIT,IOGP_NATIVE,EXPLICIT_TEXT_MATCH,PRIMARY LIFE-SAVING RULE:  Line of fire,51,,Page 51,6,SOURCE_EXPLICIT,GOLD_CANDIDATE,REGEX_EXPLICIT_PARSER,False,2026-09-03T04:27:13Z,1.0.0,NO_MATCH,,UNMATCHED,0.0
LSR-CAND-000352,INC-Safety performance indicators – 2025 data.pdf-P51-L7,SRC-INC-353,Safety performance indicators – 2025 data.pdf,resources/safety-recommendation-engine/Safety performance indicators – 2025 data.pdf,UNKNOWN,2025,Bypassing safety controls,Bypassing Safety Controls,Bypassing Safety Controls,,"[""Bypassing Safety Controls""]",SINGLE_EXPLICIT,IOGP_NATIVE,EXPLICIT_TEXT_MATCH,SECONARY LIFE-SAVING RULE:  Bypassing safety controls,51,,Page 51,7,SOURCE_EXPLICIT,GOLD_CANDIDATE,REGEX_EXPLICIT_PARSER,False,2026-09-03T04:27:13Z,1.0.0,NO_MATCH,,UNMATCHED,0.0
LSR-CAND-000353,INC-Safety performance indicators – 2025 data.pdf-P52-L6,SRC-INC-354,Safety performance indicators – 2025 data.pdf,resources/safety-recommendation-engine/Safety performance indicators – 2025 data.pdf,UNKNOWN,2025,Bypassing safety controls,Bypassing Safety Controls,Bypassing Safety Controls,,"[""Bypassing Safety Controls""]",SINGLE_EXPLICIT,IOGP_NATIVE,EXPLICIT_TEXT_MATCH,PRIMARY LIFE-SAVING RULE:  Bypassing safety controls,52,,Page 52,6,SOURCE_EXPLICIT,GOLD_CANDIDATE,REGEX_EXPLICIT_PARSER,False,2026-09-03T04:27:13Z,1.0.0,NO_MATCH,,UNMATCHED,0.0
LSR-CAND-000354,INC-Safety performance indicators – 2025 data.pdf-P52-L7,SRC-INC-355,Safety performance indicators – 2025 data.pdf,resources/safety-recommendation-engine/Safety performance indicators – 2025 data.pdf,UNKNOWN,2025,Line of fire,Line of Fire,Line of Fire,,"[""Line of Fire""]",SINGLE_EXPLICIT,IOGP_NATIVE,EXPLICIT_TEXT_MATCH,SECONARY LIFE-SAVING RULE:  Line of fire,52,,Page 52,7,SOURCE_EXPLICIT,GOLD_CANDIDATE,REGEX_EXPLICIT_PARSER,False,2026-09-03T04:27:13Z,1.0.0,NO_MATCH,,UNMATCHED,0.0
LSR-CAND-000355,INC-Safety performance indicators – 2025 data.pdf-P53-L6,SRC-INC-356,Safety performance indicators – 2025 data.pdf,resources/safety-recommendation-engine/Safety performance indicators – 2025 data.pdf,UNKNOWN,2025,Energy isolation,Energy Isolation,Energy Isolation,,"[""Energy Isolation""]",SINGLE_EXPLICIT,IOGP_NATIVE,EXPLICIT_TEXT_MATCH,PRIMARY LIFE-SAVING RULE:  Energy isolation,53,,Page 53,6,SOURCE_EXPLICIT,GOLD_CANDIDATE,REGEX_EXPLICIT_PARSER,False,2026-09-03T04:27:13Z,1.0.0,NO_MATCH,,UNMATCHED,0.0
LSR-CAND-000356,INC-Safety performance indicators – 2025 data.pdf-P53-L7,SRC-INC-357,Safety performance indicators – 2025 data.pdf,resources/safety-recommendation-engine/Safety performance indicators – 2025 data.pdf,UNKNOWN,2025,Line of fire,Line of Fire,Line of Fire,,"[""Line of Fire""]",SINGLE_EXPLICIT,IOGP_NATIVE,EXPLICIT_TEXT_MATCH,SECONARY LIFE-SAVING RULE:  Line of fire,53,,Page 53,7,SOURCE_EXPLICIT,GOLD_CANDIDATE,REGEX_EXPLICIT_PARSER,False,2026-09-03T04:27:13Z,1.0.0,NO_MATCH,,UNMATCHED,0.0
LSR-CAND-000357,INC-Safety performance indicators – 2025 data.pdf-P54-L6,SRC-INC-358,Safety performance indicators – 2025 data.pdf,resources/safety-recommendation-engine/Safety performance indicators – 2025 data.pdf,UNKNOWN,2025,Line of fire,Line of Fire,Line of Fire,,"[""Line of Fire""]",SINGLE_EXPLICIT,IOGP_NATIVE,EXPLICIT_TEXT_MATCH,PRIMARY LIFE-SAVING RULE:  Line of fire,54,,Page 54,6,SOURCE_EXPLICIT,GOLD_CANDIDATE,REGEX_EXPLICIT_PARSER,False,2026-09-03T04:27:13Z,1.0.0,NO_MATCH,,UNMATCHED,0.0
LSR-CAND-000358,INC-Safety performance indicators – 2025 data.pdf-P54-L7,SRC-INC-359,Safety performance indicators – 2025 data.pdf,resources/safety-recommendation-engine/Safety performance indicators – 2025 data.pdf,UNKNOWN,2025,Bypassing safety controls,Bypassing Safety Controls,Bypassing Safety Controls,,"[""Bypassing Safety Controls""]",SINGLE_EXPLICIT,IOGP_NATIVE,EXPLICIT_TEXT_MATCH,SECONARY LIFE-SAVING RULE:  Bypassing safety controls,54,,Page 54,7,SOURCE_EXPLICIT,GOLD_CANDIDATE,REGEX_EXPLICIT_PARSER,False,2026-09-03T04:27:13Z,1.0.0,NO_MATCH,,UNMATCHED,0.0
LSR-CAND-000359,INC-Safety performance indicators – 2025 data.pdf-P55-L6,SRC-INC-360,Safety performance indicators – 2025 data.pdf,resources/safety-recommendation-engine/Safety performance indicators – 2025 data.pdf,UNKNOWN,2025,Safe mechanical lifting,Safe Mechanical Lifting,Safe Mechanical Lifting,,"[""Safe Mechanical Lifting""]",SINGLE_EXPLICIT,IOGP_NATIVE,EXPLICIT_TEXT_MATCH,PRIMARY LIFE-SAVING RULE:  Safe mechanical lifting,55,,Page 55,6,SOURCE_EXPLICIT,GOLD_CANDIDATE,REGEX_EXPLICIT_PARSER,False,2026-09-03T04:27:13Z,1.0.0,NO_MATCH,,UNMATCHED,0.0
LSR-CAND-000360,INC-Safety performance indicators – 2025 data.pdf-P55-L7,SRC-INC-361,Safety performance indicators – 2025 data.pdf,resources/safety-recommendation-engine/Safety performance indicators – 2025 data.pdf,UNKNOWN,2025,Line of fire,Line of Fire,Line of Fire,,"[""Line of Fire""]",SINGLE_EXPLICIT,IOGP_NATIVE,EXPLICIT_TEXT_MATCH,SECONARY LIFE-SAVING RULE:  Line of fire,55,,Page 55,7,SOURCE_EXPLICIT,GOLD_CANDIDATE,REGEX_EXPLICIT_PARSER,False,2026-09-03T04:27:13Z,1.0.0,NO_MATCH,,UNMATCHED,0.0
LSR-CAND-000361,INC-Safety performance indicators – 2025 data.pdf-P56-L6,SRC-INC-362,Safety performance indicators – 2025 data.pdf,resources/safety-recommendation-engine/Safety performance indicators – 2025 data.pdf,UNKNOWN,2025,Work authorization,Work Authorization,Work Authorization,,"[""Work Authorization""]",SINGLE_EXPLICIT,IOGP_NATIVE,EXPLICIT_TEXT_MATCH,PRIMARY LIFE-SAVING RULE:  Work authorization,56,,Page 56,6,SOURCE_EXPLICIT,GOLD_CANDIDATE,REGEX_EXPLICIT_PARSER,False,2026-09-03T04:27:13Z,1.0.0,NO_MATCH,,UNMATCHED,0.0
LSR-CAND-000362,INC-Safety performance indicators – 2025 data.pdf-P56-L7,SRC-INC-363,Safety performance indicators – 2025 data.pdf,resources/safety-recommendation-engine/Safety performance indicators – 2025 data.pdf,UNKNOWN,2025,Line of fire,Line of Fire,Line of Fire,,"[""Line of Fire""]",SINGLE_EXPLICIT,IOGP_NATIVE,EXPLICIT_TEXT_MATCH,SECONARY LIFE-SAVING RULE:  Line of fire,56,,Page 56,7,SOURCE_EXPLICIT,GOLD_CANDIDATE,REGEX_EXPLICIT_PARSER,False,2026-09-03T04:27:13Z,1.0.0,NO_MATCH,,UNMATCHED,0.0
LSR-CAND-000363,INC-Safety performance indicators – 2025 data.pdf-P57-L6,SRC-INC-364,Safety performance indicators – 2025 data.pdf,resources/safety-recommendation-engine/Safety performance indicators – 2025 data.pdf,UNKNOWN,2025,Line of fire,Line of Fire,Line of Fire,,"[""Line of Fire""]",SINGLE_EXPLICIT,IOGP_NATIVE,EXPLICIT_TEXT_MATCH,PRIMARY LIFE-SAVING RULE:  Line of fire,57,,Page 57,6,SOURCE_EXPLICIT,GOLD_CANDIDATE,REGEX_EXPLICIT_PARSER,False,2026-09-03T04:27:13Z,1.0.0,NO_MATCH,,UNMATCHED,0.0
LSR-CAND-000364,INC-Safety performance indicators – 2025 data.pdf-P57-L7,SRC-INC-365,Safety performance indicators – 2025 data.pdf,resources/safety-recommendation-engine/Safety performance indicators – 2025 data.pdf,UNKNOWN,2025,Work authorization,Work Authorization,Work Authorization,,"[""Work Authorization""]",SINGLE_EXPLICIT,IOGP_NATIVE,EXPLICIT_TEXT_MATCH,SECONARY LIFE-SAVING RULE:  Work authorization,57,,Page 57,7,SOURCE_EXPLICIT,GOLD_CANDIDATE,REGEX_EXPLICIT_PARSER,False,2026-09-03T04:27:13Z,1.0.0,NO_MATCH,,UNMATCHED,0.0
LSR-CAND-000365,INC-Safety performance indicators – 2025 data.pdf-P58-L6,SRC-INC-366,Safety performance indicators – 2025 data.pdf,resources/safety-recommendation-engine/Safety performance indicators – 2025 data.pdf,UNKNOWN,2025,Safe mechanical lifting,Safe Mechanical Lifting,Safe Mechanical Lifting,,"[""Safe Mechanical Lifting""]",SINGLE_EXPLICIT,IOGP_NATIVE,EXPLICIT_TEXT_MATCH,PRIMARY LIFE-SAVING RULE:  Safe mechanical lifting,58,,Page 58,6,SOURCE_EXPLICIT,GOLD_CANDIDATE,REGEX_EXPLICIT_PARSER,False,2026-09-03T04:27:13Z,1.0.0,NO_MATCH,,UNMATCHED,0.0
LSR-CAND-000366,INC-Safety performance indicators – 2025 data.pdf-P58-L7,SRC-INC-367,Safety performance indicators – 2025 data.pdf,resources/safety-recommendation-engine/Safety performance indicators – 2025 data.pdf,UNKNOWN,2025,Line of fire,Line of Fire,Line of Fire,,"[""Line of Fire""]",SINGLE_EXPLICIT,IOGP_NATIVE,EXPLICIT_TEXT_MATCH,SECONARY LIFE-SAVING RULE:  Line of fire,58,,Page 58,7,SOURCE_EXPLICIT,GOLD_CANDIDATE,REGEX_EXPLICIT_PARSER,False,2026-09-03T04:27:13Z,1.0.0,NO_MATCH,,UNMATCHED,0.0
LSR-CAND-000367,INC-Safety performance indicators – 2025 data.pdf-P59-L6,SRC-INC-368,Safety performance indicators – 2025 data.pdf,resources/safety-recommendation-engine/Safety performance indicators – 2025 data.pdf,UNKNOWN,2025,Driving,Driving,Driving,,"[""Driving""]",SINGLE_EXPLICIT,IOGP_NATIVE,EXPLICIT_TEXT_MATCH,PRIMARY LIFE-SAVING RULE:  Driving,59,,Page 59,6,SOURCE_EXPLICIT,GOLD_CANDIDATE,REGEX_EXPLICIT_PARSER,False,2026-09-03T04:27:13Z,1.0.0,NO_MATCH,,UNMATCHED,0.0
LSR-CAND-000368,INC-Safety performance indicators – 2025 data.pdf-P59-L7,SRC-INC-369,Safety performance indicators – 2025 data.pdf,resources/safety-recommendation-engine/Safety performance indicators – 2025 data.pdf,UNKNOWN,2025,Line of fire,Line of Fire,Line of Fire,,"[""Line of Fire""]",SINGLE_EXPLICIT,IOGP_NATIVE,EXPLICIT_TEXT_MATCH,SECONARY LIFE-SAVING RULE:  Line of fire,59,,Page 59,7,SOURCE_EXPLICIT,GOLD_CANDIDATE,REGEX_EXPLICIT_PARSER,False,2026-09-03T04:27:13Z,1.0.0,NO_MATCH,,UNMATCHED,0.0
LSR-CAND-000369,INC-Safety performance indicators – 2025 data.pdf-P60-L6,SRC-INC-370,Safety performance indicators – 2025 data.pdf,resources/safety-recommendation-engine/Safety performance indicators – 2025 data.pdf,UNKNOWN,2025,Safe mechanical lifting,Safe Mechanical Lifting,Safe Mechanical Lifting,,"[""Safe Mechanical Lifting""]",SINGLE_EXPLICIT,IOGP_NATIVE,EXPLICIT_TEXT_MATCH,PRIMARY LIFE-SAVING RULE:  Safe mechanical lifting,60,,Page 60,6,SOURCE_EXPLICIT,GOLD_CANDIDATE,REGEX_EXPLICIT_PARSER,False,2026-09-03T04:27:13Z,1.0.0,NO_MATCH,,UNMATCHED,0.0
LSR-CAND-000370,INC-Safety performance indicators – 2025 data.pdf-P60-L7,SRC-INC-371,Safety performance indicators – 2025 data.pdf,resources/safety-recommendation-engine/Safety performance indicators – 2025 data.pdf,UNKNOWN,2025,Line of fire,Line of Fire,Line of Fire,,"[""Line of Fire""]",SINGLE_EXPLICIT,IOGP_NATIVE,EXPLICIT_TEXT_MATCH,SECONARY LIFE-SAVING RULE:  Line of fire,60,,Page 60,7,SOURCE_EXPLICIT,GOLD_CANDIDATE,REGEX_EXPLICIT_PARSER,False,2026-09-03T04:27:13Z,1.0.0,NO_MATCH,,UNMATCHED,0.0
LSR-CAND-000371,INC-Safety performance indicators – 2025 data.pdf-P61-L6,SRC-INC-372,Safety performance indicators – 2025 data.pdf,resources/safety-recommendation-engine/Safety performance indicators – 2025 data.pdf,UNKNOWN,2025,Line of fire,Line of Fire,Line of Fire,,"[""Line of Fire""]",SINGLE_EXPLICIT,IOGP_NATIVE,EXPLICIT_TEXT_MATCH,PRIMARY LIFE-SAVING RULE:  Line of fire,61,,Page 61,6,SOURCE_EXPLICIT,GOLD_CANDIDATE,REGEX_EXPLICIT_PARSER,False,2026-09-03T04:27:13Z,1.0.0,NO_MATCH,,UNMATCHED,0.0
LSR-CAND-000372,INC-Safety performance indicators – 2025 data.pdf-P61-L7,SRC-INC-373,Safety performance indicators – 2025 data.pdf,resources/safety-recommendation-engine/Safety performance indicators – 2025 data.pdf,UNKNOWN,2025,Safe mechanical lifting,Safe Mechanical Lifting,Safe Mechanical Lifting,,"[""Safe Mechanical Lifting""]",SINGLE_EXPLICIT,IOGP_NATIVE,EXPLICIT_TEXT_MATCH,SECONARY LIFE-SAVING RULE:  Safe mechanical lifting,61,,Page 61,7,SOURCE_EXPLICIT,GOLD_CANDIDATE,REGEX_EXPLICIT_PARSER,False,2026-09-03T04:27:13Z,1.0.0,NO_MATCH,,UNMATCHED,0.0
LSR-CAND-000373,INC-Safety performance indicators – 2025 data.pdf-P62-L6,SRC-INC-374,Safety performance indicators – 2025 data.pdf,resources/safety-recommendation-engine/Safety performance indicators – 2025 data.pdf,UNKNOWN,2025,Safe mechanical lifting,Safe Mechanical Lifting,Safe Mechanical Lifting,,"[""Safe Mechanical Lifting""]",SINGLE_EXPLICIT,IOGP_NATIVE,EXPLICIT_TEXT_MATCH,PRIMARY LIFE-SAVING RULE:  Safe mechanical lifting,62,,Page 62,6,SOURCE_EXPLICIT,GOLD_CANDIDATE,REGEX_EXPLICIT_PARSER,False,2026-09-03T04:27:13Z,1.0.0,NO_MATCH,,UNMATCHED,0.0
LSR-CAND-000374,INC-Safety performance indicators – 2025 data.pdf-P62-L7,SRC-INC-375,Safety performance indicators – 2025 data.pdf,resources/safety-recommendation-engine/Safety performance indicators – 2025 data.pdf,UNKNOWN,2025,Line of fire,Line of Fire,Line of Fire,,"[""Line of Fire""]",SINGLE_EXPLICIT,IOGP_NATIVE,EXPLICIT_TEXT_MATCH,SECONARY LIFE-SAVING RULE:  Line of fire,62,,Page 62,7,SOURCE_EXPLICIT,GOLD_CANDIDATE,REGEX_EXPLICIT_PARSER,False,2026-09-03T04:27:13Z,1.0.0,NO_MATCH,,UNMATCHED,0.0
LSR-CAND-000375,INC-Safety performance indicators – 2025 data.pdf-P63-L11,SRC-INC-376,Safety performance indicators – 2025 data.pdf,resources/safety-recommendation-engine/Safety performance indicators – 2025 data.pdf,UNKNOWN,2025,Line of fire,Line of Fire,Line of Fire,,"[""Line of Fire""]",SINGLE_EXPLICIT,IOGP_NATIVE,EXPLICIT_TEXT_MATCH,PRIMARY LIFE-SAVING RULE:  Line of fire,63,,Page 63,11,SOURCE_EXPLICIT,GOLD_CANDIDATE,REGEX_EXPLICIT_PARSER,False,2026-09-03T04:27:13Z,1.0.0,NO_MATCH,,UNMATCHED,0.0
LSR-CAND-000376,INC-Safety performance indicators – 2025 data.pdf-P63-L12,SRC-INC-377,Safety performance indicators – 2025 data.pdf,resources/safety-recommendation-engine/Safety performance indicators – 2025 data.pdf,UNKNOWN,2025,Safe mechanical lifting,Safe Mechanical Lifting,Safe Mechanical Lifting,,"[""Safe Mechanical Lifting""]",SINGLE_EXPLICIT,IOGP_NATIVE,EXPLICIT_TEXT_MATCH,SECONARY LIFE-SAVING RULE:  Safe mechanical lifting,63,,Page 63,12,SOURCE_EXPLICIT,GOLD_CANDIDATE,REGEX_EXPLICIT_PARSER,False,2026-09-03T04:27:13Z,1.0.0,NO_MATCH,,UNMATCHED,0.0
LSR-CAND-000377,INC-Safety performance indicators – 2025 data.pdf-P64-L8,SRC-INC-378,Safety performance indicators – 2025 data.pdf,resources/safety-recommendation-engine/Safety performance indicators – 2025 data.pdf,UNKNOWN,2025,Working at height,Working at Height,Working at Height,,"[""Working at Height""]",SINGLE_EXPLICIT,IOGP_NATIVE,EXPLICIT_TEXT_MATCH,PRIMARY LIFE-SAVING RULE:  Working at height,64,,Page 64,8,SOURCE_EXPLICIT,GOLD_CANDIDATE,REGEX_EXPLICIT_PARSER,False,2026-09-03T04:27:13Z,1.0.0,NO_MATCH,,UNMATCHED,0.0
LSR-CAND-000378,INC-Safety performance indicators – 2025 data.pdf-P64-L9,SRC-INC-379,Safety performance indicators – 2025 data.pdf,resources/safety-recommendation-engine/Safety performance indicators – 2025 data.pdf,UNKNOWN,2025,Line of fire,Line of Fire,Line of Fire,,"[""Line of Fire""]",SINGLE_EXPLICIT,IOGP_NATIVE,EXPLICIT_TEXT_MATCH,SECONARY LIFE-SAVING RULE:  Line of fire,64,,Page 64,9,SOURCE_EXPLICIT,GOLD_CANDIDATE,REGEX_EXPLICIT_PARSER,False,2026-09-03T04:27:13Z,1.0.0,NO_MATCH,,UNMATCHED,0.0
LSR-CAND-000379,INC-Safety performance indicators – 2025 data.pdf-P65-L6,SRC-INC-380,Safety performance indicators – 2025 data.pdf,resources/safety-recommendation-engine/Safety performance indicators – 2025 data.pdf,UNKNOWN,2025,Energy isolation,Energy Isolation,Energy Isolation,,"[""Energy Isolation""]",SINGLE_EXPLICIT,IOGP_NATIVE,EXPLICIT_TEXT_MATCH,PRIMARY LIFE-SAVING RULE:  Energy isolation,65,,Page 65,6,SOURCE_EXPLICIT,GOLD_CANDIDATE,REGEX_EXPLICIT_PARSER,False,2026-09-03T04:27:13Z,1.0.0,NO_MATCH,,UNMATCHED,0.0
LSR-CAND-000380,INC-Safety performance indicators – 2025 data.pdf-P65-L7,SRC-INC-381,Safety performance indicators – 2025 data.pdf,resources/safety-recommendation-engine/Safety performance indicators – 2025 data.pdf,UNKNOWN,2025,Line of fire,Line of Fire,Line of Fire,,"[""Line of Fire""]",SINGLE_EXPLICIT,IOGP_NATIVE,EXPLICIT_TEXT_MATCH,SECONARY LIFE-SAVING RULE:  Line of fire,65,,Page 65,7,SOURCE_EXPLICIT,GOLD_CANDIDATE,REGEX_EXPLICIT_PARSER,False,2026-09-03T04:27:13Z,1.0.0,NO_MATCH,,UNMATCHED,0.0
LSR-CAND-000381,INC-Safety performance indicators – 2025 data.pdf-P66-L6,SRC-INC-382,Safety performance indicators – 2025 data.pdf,resources/safety-recommendation-engine/Safety performance indicators – 2025 data.pdf,UNKNOWN,2025,Energy isolation,Energy Isolation,Energy Isolation,,"[""Energy Isolation""]",SINGLE_EXPLICIT,IOGP_NATIVE,EXPLICIT_TEXT_MATCH,PRIMARY LIFE-SAVING RULE:  Energy isolation,66,,Page 66,6,SOURCE_EXPLICIT,GOLD_CANDIDATE,REGEX_EXPLICIT_PARSER,False,2026-09-03T04:27:13Z,1.0.0,NO_MATCH,,UNMATCHED,0.0
LSR-CAND-000382,INC-Safety performance indicators – 2025 data.pdf-P66-L7,SRC-INC-383,Safety performance indicators – 2025 data.pdf,resources/safety-recommendation-engine/Safety performance indicators – 2025 data.pdf,UNKNOWN,2025,Line of fire,Line of Fire,Line of Fire,,"[""Line of Fire""]",SINGLE_EXPLICIT,IOGP_NATIVE,EXPLICIT_TEXT_MATCH,SECONARY LIFE-SAVING RULE:  Line of fire,66,,Page 66,7,SOURCE_EXPLICIT,GOLD_CANDIDATE,REGEX_EXPLICIT_PARSER,False,2026-09-03T04:27:13Z,1.0.0,NO_MATCH,,UNMATCHED,0.0
LSR-CAND-000383,INC-Safety performance indicators – 2025 data.pdf-P67-L6,SRC-INC-384,Safety performance indicators – 2025 data.pdf,resources/safety-recommendation-engine/Safety performance indicators – 2025 data.pdf,UNKNOWN,2025,Line of fire,Line of Fire,Line of Fire,,"[""Line of Fire""]",SINGLE_EXPLICIT,IOGP_NATIVE,EXPLICIT_TEXT_MATCH,PRIMARY LIFE-SAVING RULE:  Line of fire,67,,Page 67,6,SOURCE_EXPLICIT,GOLD_CANDIDATE,REGEX_EXPLICIT_PARSER,False,2026-09-03T04:27:13Z,1.0.0,NO_MATCH,,UNMATCHED,0.0
LSR-CAND-000384,INC-Safety performance indicators – 2025 data.pdf-P67-L7,SRC-INC-385,Safety performance indicators – 2025 data.pdf,resources/safety-recommendation-engine/Safety performance indicators – 2025 data.pdf,UNKNOWN,2025,Energy isolation,Energy Isolation,Energy Isolation,,"[""Energy Isolation""]",SINGLE_EXPLICIT,IOGP_NATIVE,EXPLICIT_TEXT_MATCH,SECONARY LIFE-SAVING RULE:  Energy isolation,67,,Page 67,7,SOURCE_EXPLICIT,GOLD_CANDIDATE,REGEX_EXPLICIT_PARSER,False,2026-09-03T04:27:13Z,1.0.0,NO_MATCH,,UNMATCHED,0.0
LSR-CAND-000385,INC-Safety performance indicators – 2025 data.pdf-P68-L6,SRC-INC-386,Safety performance indicators – 2025 data.pdf,resources/safety-recommendation-engine/Safety performance indicators – 2025 data.pdf,UNKNOWN,2025,Line of fire,Line of Fire,Line of Fire,,"[""Line of Fire""]",SINGLE_EXPLICIT,IOGP_NATIVE,EXPLICIT_TEXT_MATCH,PRIMARY LIFE-SAVING RULE:  Line of fire,68,,Page 68,6,SOURCE_EXPLICIT,GOLD_CANDIDATE,REGEX_EXPLICIT_PARSER,False,2026-09-03T04:27:13Z,1.0.0,NO_MATCH,,UNMATCHED,0.0
LSR-CAND-000386,INC-Safety performance indicators – 2025 data.pdf-P68-L7,SRC-INC-387,Safety performance indicators – 2025 data.pdf,resources/safety-recommendation-engine/Safety performance indicators – 2025 data.pdf,UNKNOWN,2025,Bypassing safety controls,Bypassing Safety Controls,Bypassing Safety Controls,,"[""Bypassing Safety Controls""]",SINGLE_EXPLICIT,IOGP_NATIVE,EXPLICIT_TEXT_MATCH,SECONARY LIFE-SAVING RULE:  Bypassing safety controls,68,,Page 68,7,SOURCE_EXPLICIT,GOLD_CANDIDATE,REGEX_EXPLICIT_PARSER,False,2026-09-03T04:27:13Z,1.0.0,NO_MATCH,,UNMATCHED,0.0
LSR-CAND-000387,INC-Safety performance indicators – 2025 data.pdf-P68-L34,SRC-INC-388,Safety performance indicators – 2025 data.pdf,resources/safety-recommendation-engine/Safety performance indicators – 2025 data.pdf,UNKNOWN,2025,Energy isolation,Energy Isolation,Energy Isolation,,"[""Energy Isolation""]",SINGLE_EXPLICIT,IOGP_NATIVE,EXPLICIT_TEXT_MATCH,PRIMARY LIFE-SAVING RULE:  Energy isolation,68,,Page 68,34,SOURCE_EXPLICIT,GOLD_CANDIDATE,REGEX_EXPLICIT_PARSER,False,2026-09-03T04:27:13Z,1.0.0,NO_MATCH,,UNMATCHED,0.0
LSR-CAND-000388,INC-Safety performance indicators – 2025 data.pdf-P68-L35,SRC-INC-389,Safety performance indicators – 2025 data.pdf,resources/safety-recommendation-engine/Safety performance indicators – 2025 data.pdf,UNKNOWN,2025,Line of fire,Line of Fire,Line of Fire,,"[""Line of Fire""]",SINGLE_EXPLICIT,IOGP_NATIVE,EXPLICIT_TEXT_MATCH,SECONARY LIFE-SAVING RULE:  Line of fire,68,,Page 68,35,SOURCE_EXPLICIT,GOLD_CANDIDATE,REGEX_EXPLICIT_PARSER,False,2026-09-03T04:27:13Z,1.0.0,NO_MATCH,,UNMATCHED,0.0
LSR-CAND-000389,INC-Safety performance indicators – 2025 data.pdf-P69-L19,SRC-INC-390,Safety performance indicators – 2025 data.pdf,resources/safety-recommendation-engine/Safety performance indicators – 2025 data.pdf,UNKNOWN,2025,Energy isolation,Energy Isolation,Energy Isolation,,"[""Energy Isolation""]",SINGLE_EXPLICIT,IOGP_NATIVE,EXPLICIT_TEXT_MATCH,PRIMARY LIFE-SAVING RULE:  Energy isolation,69,,Page 69,19,SOURCE_EXPLICIT,GOLD_CANDIDATE,REGEX_EXPLICIT_PARSER,False,2026-09-03T04:27:13Z,1.0.0,NO_MATCH,,UNMATCHED,0.0
LSR-CAND-000390,INC-Safety performance indicators – 2025 data.pdf-P69-L20,SRC-INC-391,Safety performance indicators – 2025 data.pdf,resources/safety-recommendation-engine/Safety performance indicators – 2025 data.pdf,UNKNOWN,2025,Line of fire,Line of Fire,Line of Fire,,"[""Line of Fire""]",SINGLE_EXPLICIT,IOGP_NATIVE,EXPLICIT_TEXT_MATCH,SECONARY LIFE-SAVING RULE:  Line of fire,69,,Page 69,20,SOURCE_EXPLICIT,GOLD_CANDIDATE,REGEX_EXPLICIT_PARSER,False,2026-09-03T04:27:13Z,1.0.0,NO_MATCH,,UNMATCHED,0.0
LSR-CAND-000391,INC-Safety performance indicators – 2025 data.pdf-P70-L11,SRC-INC-392,Safety performance indicators – 2025 data.pdf,resources/safety-recommendation-engine/Safety performance indicators – 2025 data.pdf,UNKNOWN,2025,Safe mechanical lifting,Safe Mechanical Lifting,Safe Mechanical Lifting,,"[""Safe Mechanical Lifting""]",SINGLE_EXPLICIT,IOGP_NATIVE,EXPLICIT_TEXT_MATCH,PRIMARY LIFE-SAVING RULE:  Safe mechanical lifting,70,,Page 70,11,SOURCE_EXPLICIT,GOLD_CANDIDATE,REGEX_EXPLICIT_PARSER,False,2026-09-03T04:27:13Z,1.0.0,NO_MATCH,,UNMATCHED,0.0
LSR-CAND-000392,INC-Safety performance indicators – 2025 data.pdf-P70-L12,SRC-INC-393,Safety performance indicators – 2025 data.pdf,resources/safety-recommendation-engine/Safety performance indicators – 2025 data.pdf,UNKNOWN,2025,Line of fire,Line of Fire,Line of Fire,,"[""Line of Fire""]",SINGLE_EXPLICIT,IOGP_NATIVE,EXPLICIT_TEXT_MATCH,SECONARY LIFE-SAVING RULE:  Line of fire,70,,Page 70,12,SOURCE_EXPLICIT,GOLD_CANDIDATE,REGEX_EXPLICIT_PARSER,False,2026-09-03T04:27:13Z,1.0.0,NO_MATCH,,UNMATCHED,0.0
LSR-CAND-000393,INC-Safety performance indicators – 2025 data.pdf-P70-L34,SRC-INC-394,Safety performance indicators – 2025 data.pdf,resources/safety-recommendation-engine/Safety performance indicators – 2025 data.pdf,UNKNOWN,2025,Work authorization,Work Authorization,Work Authorization,,"[""Work Authorization""]",SINGLE_EXPLICIT,IOGP_NATIVE,EXPLICIT_TEXT_MATCH,PRIMARY LIFE-SAVING RULE:  Work authorization,70,,Page 70,34,SOURCE_EXPLICIT,GOLD_CANDIDATE,REGEX_EXPLICIT_PARSER,False,2026-09-03T04:27:13Z,1.0.0,NO_MATCH,,UNMATCHED,0.0
LSR-CAND-000394,INC-Safety performance indicators – 2025 data.pdf-P70-L35,SRC-INC-395,Safety performance indicators – 2025 data.pdf,resources/safety-recommendation-engine/Safety performance indicators – 2025 data.pdf,UNKNOWN,2025,Confined space,Confined Space,Confined Space,,"[""Confined Space""]",SINGLE_EXPLICIT,IOGP_NATIVE,EXPLICIT_TEXT_MATCH,SECONARY LIFE-SAVING RULE:  Confined space,70,,Page 70,35,SOURCE_EXPLICIT,GOLD_CANDIDATE,REGEX_EXPLICIT_PARSER,False,2026-09-03T04:27:13Z,1.0.0,NO_MATCH,,UNMATCHED,0.0
LSR-CAND-000395,INC-Safety performance indicators – 2025 data.pdf-P71-L20,SRC-INC-396,Safety performance indicators – 2025 data.pdf,resources/safety-recommendation-engine/Safety performance indicators – 2025 data.pdf,UNKNOWN,2025,Work authorization,Work Authorization,Work Authorization,,"[""Work Authorization""]",SINGLE_EXPLICIT,IOGP_NATIVE,EXPLICIT_TEXT_MATCH,PRIMARY LIFE-SAVING RULE:  Work authorization,71,,Page 71,20,SOURCE_EXPLICIT,GOLD_CANDIDATE,REGEX_EXPLICIT_PARSER,False,2026-09-03T04:27:13Z,1.0.0,NO_MATCH,,UNMATCHED,0.0
LSR-CAND-000396,INC-Safety performance indicators – 2025 data.pdf-P71-L21,SRC-INC-397,Safety performance indicators – 2025 data.pdf,resources/safety-recommendation-engine/Safety performance indicators – 2025 data.pdf,UNKNOWN,2025,Line of fire,Line of Fire,Line of Fire,,"[""Line of Fire""]",SINGLE_EXPLICIT,IOGP_NATIVE,EXPLICIT_TEXT_MATCH,SECONARY LIFE-SAVING RULE:  Line of fire,71,,Page 71,21,SOURCE_EXPLICIT,GOLD_CANDIDATE,REGEX_EXPLICIT_PARSER,False,2026-09-03T04:27:13Z,1.0.0,NO_MATCH,,UNMATCHED,0.0
LSR-CAND-000397,INC-Safety performance indicators – 2025 data.pdf-P72-L6,SRC-INC-398,Safety performance indicators – 2025 data.pdf,resources/safety-recommendation-engine/Safety performance indicators – 2025 data.pdf,UNKNOWN,2025,Energy isolation,Energy Isolation,Energy Isolation,,"[""Energy Isolation""]",SINGLE_EXPLICIT,IOGP_NATIVE,EXPLICIT_TEXT_MATCH,PRIMARY LIFE-SAVING RULE:  Energy isolation,72,,Page 72,6,SOURCE_EXPLICIT,GOLD_CANDIDATE,REGEX_EXPLICIT_PARSER,False,2026-09-03T04:27:13Z,1.0.0,NO_MATCH,,UNMATCHED,0.0
LSR-CAND-000398,INC-Safety performance indicators – 2025 data.pdf-P72-L7,SRC-INC-399,Safety performance indicators – 2025 data.pdf,resources/safety-recommendation-engine/Safety performance indicators – 2025 data.pdf,UNKNOWN,2025,Line of fire,Line of Fire,Line of Fire,,"[""Line of Fire""]",SINGLE_EXPLICIT,IOGP_NATIVE,EXPLICIT_TEXT_MATCH,SECONARY LIFE-SAVING RULE:  Line of fire,72,,Page 72,7,SOURCE_EXPLICIT,GOLD_CANDIDATE,REGEX_EXPLICIT_PARSER,False,2026-09-03T04:27:13Z,1.0.0,NO_MATCH,,UNMATCHED,0.0
LSR-CAND-000399,INC-Safety performance indicators – 2025 data.pdf-P73-L6,SRC-INC-400,Safety performance indicators – 2025 data.pdf,resources/safety-recommendation-engine/Safety performance indicators – 2025 data.pdf,UNKNOWN,2025,Working at height,Working at Height,Working at Height,,"[""Working at Height""]",SINGLE_EXPLICIT,IOGP_NATIVE,EXPLICIT_TEXT_MATCH,PRIMARY LIFE-SAVING RULE:  Working at height,73,,Page 73,6,SOURCE_EXPLICIT,GOLD_CANDIDATE,REGEX_EXPLICIT_PARSER,False,2026-09-03T04:27:13Z,1.0.0,NO_MATCH,,UNMATCHED,0.0
LSR-CAND-000400,INC-Safety performance indicators – 2025 data.pdf-P73-L7,SRC-INC-401,Safety performance indicators – 2025 data.pdf,resources/safety-recommendation-engine/Safety performance indicators – 2025 data.pdf,UNKNOWN,2025,Line of fire,Line of Fire,Line of Fire,,"[""Line of Fire""]",SINGLE_EXPLICIT,IOGP_NATIVE,EXPLICIT_TEXT_MATCH,SECONARY LIFE-SAVING RULE:  Line of fire,73,,Page 73,7,SOURCE_EXPLICIT,GOLD_CANDIDATE,REGEX_EXPLICIT_PARSER,False,2026-09-03T04:27:13Z,1.0.0,NO_MATCH,,UNMATCHED,0.0
LSR-CAND-000401,INC-Safety performance indicators – 2025 data.pdf-P74-L6,SRC-INC-402,Safety performance indicators – 2025 data.pdf,resources/safety-recommendation-engine/Safety performance indicators – 2025 data.pdf,UNKNOWN,2025,Energy isolation,Energy Isolation,Energy Isolation,,"[""Energy Isolation""]",SINGLE_EXPLICIT,IOGP_NATIVE,EXPLICIT_TEXT_MATCH,PRIMARY LIFE-SAVING RULE:  Energy isolation,74,,Page 74,6,SOURCE_EXPLICIT,GOLD_CANDIDATE,REGEX_EXPLICIT_PARSER,False,2026-09-03T04:27:13Z,1.0.0,NO_MATCH,,UNMATCHED,0.0
LSR-CAND-000402,INC-Safety performance indicators – 2025 data.pdf-P74-L7,SRC-INC-403,Safety performance indicators – 2025 data.pdf,resources/safety-recommendation-engine/Safety performance indicators – 2025 data.pdf,UNKNOWN,2025,Line of fire,Line of Fire,Line of Fire,,"[""Line of Fire""]",SINGLE_EXPLICIT,IOGP_NATIVE,EXPLICIT_TEXT_MATCH,SECONARY LIFE-SAVING RULE:  Line of fire,74,,Page 74,7,SOURCE_EXPLICIT,GOLD_CANDIDATE,REGEX_EXPLICIT_PARSER,False,2026-09-03T04:27:13Z,1.0.0,NO_MATCH,,UNMATCHED,0.0
LSR-CAND-000403,INC-Safety performance indicators – 2025 data.pdf-P75-L6,SRC-INC-404,Safety performance indicators – 2025 data.pdf,resources/safety-recommendation-engine/Safety performance indicators – 2025 data.pdf,UNKNOWN,2025,Line of fire,Line of Fire,Line of Fire,,"[""Line of Fire""]",SINGLE_EXPLICIT,IOGP_NATIVE,EXPLICIT_TEXT_MATCH,PRIMARY LIFE-SAVING RULE:  Line of fire,75,,Page 75,6,SOURCE_EXPLICIT,GOLD_CANDIDATE,REGEX_EXPLICIT_PARSER,False,2026-09-03T04:27:13Z,1.0.0,NO_MATCH,,UNMATCHED,0.0
LSR-CAND-000404,INC-Safety performance indicators – 2025 data.pdf-P75-L7,SRC-INC-405,Safety performance indicators – 2025 data.pdf,resources/safety-recommendation-engine/Safety performance indicators – 2025 data.pdf,UNKNOWN,2025,Bypassing safety controls,Bypassing Safety Controls,Bypassing Safety Controls,,"[""Bypassing Safety Controls""]",SINGLE_EXPLICIT,IOGP_NATIVE,EXPLICIT_TEXT_MATCH,SECONARY LIFE-SAVING RULE:  Bypassing safety controls,75,,Page 75,7,SOURCE_EXPLICIT,GOLD_CANDIDATE,REGEX_EXPLICIT_PARSER,False,2026-09-03T04:27:13Z,1.0.0,NO_MATCH,,UNMATCHED,0.0
LSR-CAND-000405,INC-Safety performance indicators – 2025 data.pdf-P76-L6,SRC-INC-406,Safety performance indicators – 2025 data.pdf,resources/safety-recommendation-engine/Safety performance indicators – 2025 data.pdf,UNKNOWN,2025,Energy isolation,Energy Isolation,Energy Isolation,,"[""Energy Isolation""]",SINGLE_EXPLICIT,IOGP_NATIVE,EXPLICIT_TEXT_MATCH,PRIMARY LIFE-SAVING RULE:  Energy isolation,76,,Page 76,6,SOURCE_EXPLICIT,GOLD_CANDIDATE,REGEX_EXPLICIT_PARSER,False,2026-09-03T04:27:13Z,1.0.0,NO_MATCH,,UNMATCHED,0.0
LSR-CAND-000406,INC-Safety performance indicators – 2025 data.pdf-P76-L7,SRC-INC-407,Safety performance indicators – 2025 data.pdf,resources/safety-recommendation-engine/Safety performance indicators – 2025 data.pdf,UNKNOWN,2025,Line of fire,Line of Fire,Line of Fire,,"[""Line of Fire""]",SINGLE_EXPLICIT,IOGP_NATIVE,EXPLICIT_TEXT_MATCH,SECONARY LIFE-SAVING RULE:  Line of fire,76,,Page 76,7,SOURCE_EXPLICIT,GOLD_CANDIDATE,REGEX_EXPLICIT_PARSER,False,2026-09-03T04:27:13Z,1.0.0,NO_MATCH,,UNMATCHED,0.0
LSR-CAND-000407,INC-Safety performance indicators – 2025 data.pdf-P77-L6,SRC-INC-408,Safety performance indicators – 2025 data.pdf,resources/safety-recommendation-engine/Safety performance indicators – 2025 data.pdf,UNKNOWN,2025,Safe mechanical lifting,Safe Mechanical Lifting,Safe Mechanical Lifting,,"[""Safe Mechanical Lifting""]",SINGLE_EXPLICIT,IOGP_NATIVE,EXPLICIT_TEXT_MATCH,PRIMARY LIFE-SAVING RULE:  Safe mechanical lifting,77,,Page 77,6,SOURCE_EXPLICIT,GOLD_CANDIDATE,REGEX_EXPLICIT_PARSER,False,2026-09-03T04:27:13Z,1.0.0,NO_MATCH,,UNMATCHED,0.0
LSR-CAND-000408,INC-Safety performance indicators – 2025 data.pdf-P77-L7,SRC-INC-409,Safety performance indicators – 2025 data.pdf,resources/safety-recommendation-engine/Safety performance indicators – 2025 data.pdf,UNKNOWN,2025,Line of fire,Line of Fire,Line of Fire,,"[""Line of Fire""]",SINGLE_EXPLICIT,IOGP_NATIVE,EXPLICIT_TEXT_MATCH,SECONARY LIFE-SAVING RULE:  Line of fire,77,,Page 77,7,SOURCE_EXPLICIT,GOLD_CANDIDATE,REGEX_EXPLICIT_PARSER,False,2026-09-03T04:27:13Z,1.0.0,NO_MATCH,,UNMATCHED,0.0
LSR-CAND-000409,INC-Safety performance indicators – 2025 data.pdf-P78-L6,SRC-INC-410,Safety performance indicators – 2025 data.pdf,resources/safety-recommendation-engine/Safety performance indicators – 2025 data.pdf,UNKNOWN,2025,Bypassing safety controls,Bypassing Safety Controls,Bypassing Safety Controls,,"[""Bypassing Safety Controls""]",SINGLE_EXPLICIT,IOGP_NATIVE,EXPLICIT_TEXT_MATCH,PRIMARY LIFE-SAVING RULE:  Bypassing safety controls,78,,Page 78,6,SOURCE_EXPLICIT,GOLD_CANDIDATE,REGEX_EXPLICIT_PARSER,False,2026-09-03T04:27:13Z,1.0.0,NO_MATCH,,UNMATCHED,0.0
LSR-CAND-000410,INC-Safety performance indicators – 2025 data.pdf-P78-L7,SRC-INC-411,Safety performance indicators – 2025 data.pdf,resources/safety-recommendation-engine/Safety performance indicators – 2025 data.pdf,UNKNOWN,2025,Work authorization,Work Authorization,Work Authorization,,"[""Work Authorization""]",SINGLE_EXPLICIT,IOGP_NATIVE,EXPLICIT_TEXT_MATCH,SECONARY LIFE-SAVING RULE:  Work authorization,78,,Page 78,7,SOURCE_EXPLICIT,GOLD_CANDIDATE,REGEX_EXPLICIT_PARSER,False,2026-09-03T04:27:13Z,1.0.0,NO_MATCH,,UNMATCHED,0.0
LSR-CAND-000411,INC-Safety performance indicators – 2025 data.pdf-P79-L6,SRC-INC-412,Safety performance indicators – 2025 data.pdf,resources/safety-recommendation-engine/Safety performance indicators – 2025 data.pdf,UNKNOWN,2025,Work authorization,Work Authorization,Work Authorization,,"[""Work Authorization""]",SINGLE_EXPLICIT,IOGP_NATIVE,EXPLICIT_TEXT_MATCH,PRIMARY LIFE-SAVING RULE:  Work authorization,79,,Page 79,6,SOURCE_EXPLICIT,GOLD_CANDIDATE,REGEX_EXPLICIT_PARSER,False,2026-09-03T04:27:13Z,1.0.0,NO_MATCH,,UNMATCHED,0.0
LSR-CAND-000412,INC-Safety performance indicators – 2025 data.pdf-P79-L7,SRC-INC-413,Safety performance indicators – 2025 data.pdf,resources/safety-recommendation-engine/Safety performance indicators – 2025 data.pdf,UNKNOWN,2025,Bypassing safety controls,Bypassing Safety Controls,Bypassing Safety Controls,,"[""Bypassing Safety Controls""]",SINGLE_EXPLICIT,IOGP_NATIVE,EXPLICIT_TEXT_MATCH,SECONARY LIFE-SAVING RULE:  Bypassing safety controls,79,,Page 79,7,SOURCE_EXPLICIT,GOLD_CANDIDATE,REGEX_EXPLICIT_PARSER,False,2026-09-03T04:27:13Z,1.0.0,NO_MATCH,,UNMATCHED,0.0
LSR-CAND-000413,INC-Safety performance indicators – 2025 data.pdf-P80-L6,SRC-INC-414,Safety performance indicators – 2025 data.pdf,resources/safety-recommendation-engine/Safety performance indicators – 2025 data.pdf,UNKNOWN,2025,Energy isolation,Energy Isolation,Energy Isolation,,"[""Energy Isolation""]",SINGLE_EXPLICIT,IOGP_NATIVE,EXPLICIT_TEXT_MATCH,PRIMARY LIFE-SAVING RULE:  Energy isolation,80,,Page 80,6,SOURCE_EXPLICIT,GOLD_CANDIDATE,REGEX_EXPLICIT_PARSER,False,2026-09-03T04:27:13Z,1.0.0,NO_MATCH,,UNMATCHED,0.0
LSR-CAND-000414,INC-Safety performance indicators – 2025 data.pdf-P80-L7,SRC-INC-415,Safety performance indicators – 2025 data.pdf,resources/safety-recommendation-engine/Safety performance indicators – 2025 data.pdf,UNKNOWN,2025,Line of fire,Line of Fire,Line of Fire,,"[""Line of Fire""]",SINGLE_EXPLICIT,IOGP_NATIVE,EXPLICIT_TEXT_MATCH,SECONARY LIFE-SAVING RULE:  Line of fire,80,,Page 80,7,SOURCE_EXPLICIT,GOLD_CANDIDATE,REGEX_EXPLICIT_PARSER,False,2026-09-03T04:27:13Z,1.0.0,NO_MATCH,,UNMATCHED,0.0
LSR-CAND-000415,INC-Safety performance indicators – 2025 data.pdf-P81-L6,SRC-INC-416,Safety performance indicators – 2025 data.pdf,resources/safety-recommendation-engine/Safety performance indicators – 2025 data.pdf,UNKNOWN,2025,Safe mechanical lifting,Safe Mechanical Lifting,Safe Mechanical Lifting,,"[""Safe Mechanical Lifting""]",SINGLE_EXPLICIT,IOGP_NATIVE,EXPLICIT_TEXT_MATCH,PRIMARY LIFE-SAVING RULE:  Safe mechanical lifting,81,,Page 81,6,SOURCE_EXPLICIT,GOLD_CANDIDATE,REGEX_EXPLICIT_PARSER,False,2026-09-03T04:27:13Z,1.0.0,NO_MATCH,,UNMATCHED,0.0
LSR-CAND-000416,INC-Safety performance indicators – 2025 data.pdf-P81-L7,SRC-INC-417,Safety performance indicators – 2025 data.pdf,resources/safety-recommendation-engine/Safety performance indicators – 2025 data.pdf,UNKNOWN,2025,Line of fire,Line of Fire,Line of Fire,,"[""Line of Fire""]",SINGLE_EXPLICIT,IOGP_NATIVE,EXPLICIT_TEXT_MATCH,SECONARY LIFE-SAVING RULE:  Line of fire,81,,Page 81,7,SOURCE_EXPLICIT,GOLD_CANDIDATE,REGEX_EXPLICIT_PARSER,False,2026-09-03T04:27:13Z,1.0.0,NO_MATCH,,UNMATCHED,0.0
LSR-CAND-000417,INC-Safety performance indicators – 2025 data.pdf-P82-L6,SRC-INC-418,Safety performance indicators – 2025 data.pdf,resources/safety-recommendation-engine/Safety performance indicators – 2025 data.pdf,UNKNOWN,2025,Driving,Driving,Driving,,"[""Driving""]",SINGLE_EXPLICIT,IOGP_NATIVE,EXPLICIT_TEXT_MATCH,PRIMARY LIFE-SAVING RULE:  Driving,82,,Page 82,6,SOURCE_EXPLICIT,GOLD_CANDIDATE,REGEX_EXPLICIT_PARSER,False,2026-09-03T04:27:13Z,1.0.0,NO_MATCH,,UNMATCHED,0.0
LSR-CAND-000418,INC-Safety performance indicators – 2025 data.pdf-P82-L7,SRC-INC-419,Safety performance indicators – 2025 data.pdf,resources/safety-recommendation-engine/Safety performance indicators – 2025 data.pdf,UNKNOWN,2025,Line of fire,Line of Fire,Line of Fire,,"[""Line of Fire""]",SINGLE_EXPLICIT,IOGP_NATIVE,EXPLICIT_TEXT_MATCH,SECONARY LIFE-SAVING RULE:  Line of fire,82,,Page 82,7,SOURCE_EXPLICIT,GOLD_CANDIDATE,REGEX_EXPLICIT_PARSER,False,2026-09-03T04:27:13Z,1.0.0,NO_MATCH,,UNMATCHED,0.0
LSR-CAND-000419,INC-Safety performance indicators – 2025 data.pdf-P82-L32,SRC-INC-420,Safety performance indicators – 2025 data.pdf,resources/safety-recommendation-engine/Safety performance indicators – 2025 data.pdf,UNKNOWN,2025,Driving,Driving,Driving,,"[""Driving""]",SINGLE_EXPLICIT,IOGP_NATIVE,EXPLICIT_TEXT_MATCH,PRIMARY LIFE-SAVING RULE:  Driving,82,,Page 82,32,SOURCE_EXPLICIT,GOLD_CANDIDATE,REGEX_EXPLICIT_PARSER,False,2026-09-03T04:27:13Z,1.0.0,NO_MATCH,,UNMATCHED,0.0
LSR-CAND-000420,INC-Safety performance indicators – 2025 data.pdf-P82-L33,SRC-INC-421,Safety performance indicators – 2025 data.pdf,resources/safety-recommendation-engine/Safety performance indicators – 2025 data.pdf,UNKNOWN,2025,Line of fire,Line of Fire,Line of Fire,,"[""Line of Fire""]",SINGLE_EXPLICIT,IOGP_NATIVE,EXPLICIT_TEXT_MATCH,SECONARY LIFE-SAVING RULE:  Line of fire,82,,Page 82,33,SOURCE_EXPLICIT,GOLD_CANDIDATE,REGEX_EXPLICIT_PARSER,False,2026-09-03T04:27:13Z,1.0.0,NO_MATCH,,UNMATCHED,0.0
LSR-CAND-000421,INC-Safety performance indicators – 2025 data.pdf-P83-L16,SRC-INC-422,Safety performance indicators – 2025 data.pdf,resources/safety-recommendation-engine/Safety performance indicators – 2025 data.pdf,UNKNOWN,2025,Line of fire,Line of Fire,Line of Fire,,"[""Line of Fire""]",SINGLE_EXPLICIT,IOGP_NATIVE,EXPLICIT_TEXT_MATCH,PRIMARY LIFE-SAVING RULE:  Line of fire,83,,Page 83,16,SOURCE_EXPLICIT,GOLD_CANDIDATE,REGEX_EXPLICIT_PARSER,False,2026-09-03T04:27:13Z,1.0.0,NO_MATCH,,UNMATCHED,0.0
LSR-CAND-000422,INC-Safety performance indicators – 2025 data.pdf-P83-L17,SRC-INC-423,Safety performance indicators – 2025 data.pdf,resources/safety-recommendation-engine/Safety performance indicators – 2025 data.pdf,UNKNOWN,2025,Working at height,Working at Height,Working at Height,,"[""Working at Height""]",SINGLE_EXPLICIT,IOGP_NATIVE,EXPLICIT_TEXT_MATCH,SECONARY LIFE-SAVING RULE:  Working at height,83,,Page 83,17,SOURCE_EXPLICIT,GOLD_CANDIDATE,REGEX_EXPLICIT_PARSER,False,2026-09-03T04:27:13Z,1.0.0,NO_MATCH,,UNMATCHED,0.0
LSR-CAND-000423,INC-Safety performance indicators – 2025 data.pdf-P84-L6,SRC-INC-424,Safety performance indicators – 2025 data.pdf,resources/safety-recommendation-engine/Safety performance indicators – 2025 data.pdf,UNKNOWN,2025,Safe mechanical lifting,Safe Mechanical Lifting,Safe Mechanical Lifting,,"[""Safe Mechanical Lifting""]",SINGLE_EXPLICIT,IOGP_NATIVE,EXPLICIT_TEXT_MATCH,PRIMARY LIFE-SAVING RULE:  Safe mechanical lifting,84,,Page 84,6,SOURCE_EXPLICIT,GOLD_CANDIDATE,REGEX_EXPLICIT_PARSER,False,2026-09-03T04:27:13Z,1.0.0,NO_MATCH,,UNMATCHED,0.0
LSR-CAND-000424,INC-Safety performance indicators – 2025 data.pdf-P84-L7,SRC-INC-425,Safety performance indicators – 2025 data.pdf,resources/safety-recommendation-engine/Safety performance indicators – 2025 data.pdf,UNKNOWN,2025,Working at height,Working at Height,Working at Height,,"[""Working at Height""]",SINGLE_EXPLICIT,IOGP_NATIVE,EXPLICIT_TEXT_MATCH,SECONARY LIFE-SAVING RULE:  Working at height,84,,Page 84,7,SOURCE_EXPLICIT,GOLD_CANDIDATE,REGEX_EXPLICIT_PARSER,False,2026-09-03T04:27:13Z,1.0.0,NO_MATCH,,UNMATCHED,0.0
LSR-CAND-000425,INC-Safety performance indicators – 2025 data.pdf-P85-L6,SRC-INC-426,Safety performance indicators – 2025 data.pdf,resources/safety-recommendation-engine/Safety performance indicators – 2025 data.pdf,UNKNOWN,2025,Line of fire,Line of Fire,Line of Fire,,"[""Line of Fire""]",SINGLE_EXPLICIT,IOGP_NATIVE,EXPLICIT_TEXT_MATCH,PRIMARY LIFE-SAVING RULE:  Line of fire,85,,Page 85,6,SOURCE_EXPLICIT,GOLD_CANDIDATE,REGEX_EXPLICIT_PARSER,False,2026-09-03T04:27:13Z,1.0.0,NO_MATCH,,UNMATCHED,0.0
LSR-CAND-000426,INC-Safety performance indicators – 2025 data.pdf-P85-L7,SRC-INC-427,Safety performance indicators – 2025 data.pdf,resources/safety-recommendation-engine/Safety performance indicators – 2025 data.pdf,UNKNOWN,2025,Hot work,Hot Work,Hot Work,,"[""Hot Work""]",SINGLE_EXPLICIT,IOGP_NATIVE,EXPLICIT_TEXT_MATCH,SECONARY LIFE-SAVING RULE:  Hot work,85,,Page 85,7,SOURCE_EXPLICIT,GOLD_CANDIDATE,REGEX_EXPLICIT_PARSER,False,2026-09-03T04:27:13Z,1.0.0,NO_MATCH,,UNMATCHED,0.0
LSR-CAND-000427,INC-Safety performance indicators – 2025 data.pdf-P86-L6,SRC-INC-428,Safety performance indicators – 2025 data.pdf,resources/safety-recommendation-engine/Safety performance indicators – 2025 data.pdf,UNKNOWN,2025,Line of fire,Line of Fire,Line of Fire,,"[""Line of Fire""]",SINGLE_EXPLICIT,IOGP_NATIVE,EXPLICIT_TEXT_MATCH,PRIMARY LIFE-SAVING RULE:  Line of fire,86,,Page 86,6,SOURCE_EXPLICIT,GOLD_CANDIDATE,REGEX_EXPLICIT_PARSER,False,2026-09-03T04:27:13Z,1.0.0,NO_MATCH,,UNMATCHED,0.0
LSR-CAND-000428,INC-Safety performance indicators – 2025 data.pdf-P86-L7,SRC-INC-429,Safety performance indicators – 2025 data.pdf,resources/safety-recommendation-engine/Safety performance indicators – 2025 data.pdf,UNKNOWN,2025,Work authorization,Work Authorization,Work Authorization,,"[""Work Authorization""]",SINGLE_EXPLICIT,IOGP_NATIVE,EXPLICIT_TEXT_MATCH,SECONARY LIFE-SAVING RULE:  Work authorization,86,,Page 86,7,SOURCE_EXPLICIT,GOLD_CANDIDATE,REGEX_EXPLICIT_PARSER,False,2026-09-03T04:27:13Z,1.0.0,NO_MATCH,,UNMATCHED,0.0
LSR-CAND-000429,INC-Safety performance indicators – 2025 data.pdf-P87-L6,SRC-INC-430,Safety performance indicators – 2025 data.pdf,resources/safety-recommendation-engine/Safety performance indicators – 2025 data.pdf,UNKNOWN,2025,Line of fire,Line of Fire,Line of Fire,,"[""Line of Fire""]",SINGLE_EXPLICIT,IOGP_NATIVE,EXPLICIT_TEXT_MATCH,PRIMARY LIFE-SAVING RULE:  Line of fire,87,,Page 87,6,SOURCE_EXPLICIT,GOLD_CANDIDATE,REGEX_EXPLICIT_PARSER,False,2026-09-03T04:27:13Z,1.0.0,NO_MATCH,,UNMATCHED,0.0
LSR-CAND-000430,INC-Safety performance indicators – 2025 data.pdf-P87-L7,SRC-INC-431,Safety performance indicators – 2025 data.pdf,resources/safety-recommendation-engine/Safety performance indicators – 2025 data.pdf,UNKNOWN,2025,Safe mechanical lifting,Safe Mechanical Lifting,Safe Mechanical Lifting,,"[""Safe Mechanical Lifting""]",SINGLE_EXPLICIT,IOGP_NATIVE,EXPLICIT_TEXT_MATCH,SECONARY LIFE-SAVING RULE:  Safe mechanical lifting,87,,Page 87,7,SOURCE_EXPLICIT,GOLD_CANDIDATE,REGEX_EXPLICIT_PARSER,False,2026-09-03T04:27:13Z,1.0.0,NO_MATCH,,UNMATCHED,0.0
LSR-CAND-000431,INC-Safety performance indicators – 2025 data.pdf-P87-L28,SRC-INC-432,Safety performance indicators – 2025 data.pdf,resources/safety-recommendation-engine/Safety performance indicators – 2025 data.pdf,UNKNOWN,2025,Line of fire,Line of Fire,Line of Fire,,"[""Line of Fire""]",SINGLE_EXPLICIT,IOGP_NATIVE,EXPLICIT_TEXT_MATCH,PRIMARY LIFE-SAVING RULE:  Line of fire,87,,Page 87,28,SOURCE_EXPLICIT,GOLD_CANDIDATE,REGEX_EXPLICIT_PARSER,False,2026-09-03T04:27:13Z,1.0.0,NO_MATCH,,UNMATCHED,0.0
LSR-CAND-000432,INC-Safety performance indicators – 2025 data.pdf-P87-L29,SRC-INC-433,Safety performance indicators – 2025 data.pdf,resources/safety-recommendation-engine/Safety performance indicators – 2025 data.pdf,UNKNOWN,2025,Work authorization,Work Authorization,Work Authorization,,"[""Work Authorization""]",SINGLE_EXPLICIT,IOGP_NATIVE,EXPLICIT_TEXT_MATCH,SECONARY LIFE-SAVING RULE:  Work authorization,87,,Page 87,29,SOURCE_EXPLICIT,GOLD_CANDIDATE,REGEX_EXPLICIT_PARSER,False,2026-09-03T04:27:13Z,1.0.0,NO_MATCH,,UNMATCHED,0.0
LSR-CAND-000433,INC-Safety performance indicators – 2025 data.pdf-P88-L23,SRC-INC-434,Safety performance indicators – 2025 data.pdf,resources/safety-recommendation-engine/Safety performance indicators – 2025 data.pdf,UNKNOWN,2025,Work authorization,Work Authorization,Work Authorization,,"[""Work Authorization""]",SINGLE_EXPLICIT,IOGP_NATIVE,EXPLICIT_TEXT_MATCH,PRIMARY LIFE-SAVING RULE:  Work authorization,88,,Page 88,23,SOURCE_EXPLICIT,GOLD_CANDIDATE,REGEX_EXPLICIT_PARSER,False,2026-09-03T04:27:13Z,1.0.0,NO_MATCH,,UNMATCHED,0.0
LSR-CAND-000434,INC-Safety performance indicators – 2025 data.pdf-P88-L24,SRC-INC-435,Safety performance indicators – 2025 data.pdf,resources/safety-recommendation-engine/Safety performance indicators – 2025 data.pdf,UNKNOWN,2025,Hot work,Hot Work,Hot Work,,"[""Hot Work""]",SINGLE_EXPLICIT,IOGP_NATIVE,EXPLICIT_TEXT_MATCH,SECONARY LIFE-SAVING RULE:  Hot work,88,,Page 88,24,SOURCE_EXPLICIT,GOLD_CANDIDATE,REGEX_EXPLICIT_PARSER,False,2026-09-03T04:27:13Z,1.0.0,NO_MATCH,,UNMATCHED,0.0
LSR-CAND-000435,INC-Safety performance indicators – 2025 data.pdf-P89-L14,SRC-INC-436,Safety performance indicators – 2025 data.pdf,resources/safety-recommendation-engine/Safety performance indicators – 2025 data.pdf,UNKNOWN,2025,Work authorization,Work Authorization,Work Authorization,,"[""Work Authorization""]",SINGLE_EXPLICIT,IOGP_NATIVE,EXPLICIT_TEXT_MATCH,PRIMARY LIFE-SAVING RULE:  Work authorization,89,,Page 89,14,SOURCE_EXPLICIT,GOLD_CANDIDATE,REGEX_EXPLICIT_PARSER,False,2026-09-03T04:27:13Z,1.0.0,NO_MATCH,,UNMATCHED,0.0
LSR-CAND-000436,INC-Safety performance indicators – 2025 data.pdf-P89-L15,SRC-INC-437,Safety performance indicators – 2025 data.pdf,resources/safety-recommendation-engine/Safety performance indicators – 2025 data.pdf,UNKNOWN,2025,Hot work,Hot Work,Hot Work,,"[""Hot Work""]",SINGLE_EXPLICIT,IOGP_NATIVE,EXPLICIT_TEXT_MATCH,SECONARY LIFE-SAVING RULE:  Hot work,89,,Page 89,15,SOURCE_EXPLICIT,GOLD_CANDIDATE,REGEX_EXPLICIT_PARSER,False,2026-09-03T04:27:13Z,1.0.0,NO_MATCH,,UNMATCHED,0.0
LSR-CAND-000437,INC-Safety performance indicators – 2025 data.pdf-P90-L10,SRC-INC-438,Safety performance indicators – 2025 data.pdf,resources/safety-recommendation-engine/Safety performance indicators – 2025 data.pdf,UNKNOWN,2025,Line of fire,Line of Fire,Line of Fire,,"[""Line of Fire""]",SINGLE_EXPLICIT,IOGP_NATIVE,EXPLICIT_TEXT_MATCH,PRIMARY LIFE-SAVING RULE:  Line of fire,90,,Page 90,10,SOURCE_EXPLICIT,GOLD_CANDIDATE,REGEX_EXPLICIT_PARSER,False,2026-09-03T04:27:13Z,1.0.0,NO_MATCH,,UNMATCHED,0.0
LSR-CAND-000438,INC-Safety performance indicators – 2025 data.pdf-P90-L11,SRC-INC-439,Safety performance indicators – 2025 data.pdf,resources/safety-recommendation-engine/Safety performance indicators – 2025 data.pdf,UNKNOWN,2025,Bypassing safety controls,Bypassing Safety Controls,Bypassing Safety Controls,,"[""Bypassing Safety Controls""]",SINGLE_EXPLICIT,IOGP_NATIVE,EXPLICIT_TEXT_MATCH,SECONARY LIFE-SAVING RULE:  Bypassing safety controls,90,,Page 90,11,SOURCE_EXPLICIT,GOLD_CANDIDATE,REGEX_EXPLICIT_PARSER,False,2026-09-03T04:27:13Z,1.0.0,NO_MATCH,,UNMATCHED,0.0
LSR-CAND-000439,INC-Safety performance indicators – 2025 data.pdf-P90-L29,SRC-INC-440,Safety performance indicators – 2025 data.pdf,resources/safety-recommendation-engine/Safety performance indicators – 2025 data.pdf,UNKNOWN,2025,Energy isolation,Energy Isolation,Energy Isolation,,"[""Energy Isolation""]",SINGLE_EXPLICIT,IOGP_NATIVE,EXPLICIT_TEXT_MATCH,PRIMARY LIFE-SAVING RULE:  Energy isolation,90,,Page 90,29,SOURCE_EXPLICIT,GOLD_CANDIDATE,REGEX_EXPLICIT_PARSER,False,2026-09-03T04:27:13Z,1.0.0,NO_MATCH,,UNMATCHED,0.0
LSR-CAND-000440,INC-Safety performance indicators – 2025 data.pdf-P90-L30,SRC-INC-441,Safety performance indicators – 2025 data.pdf,resources/safety-recommendation-engine/Safety performance indicators – 2025 data.pdf,UNKNOWN,2025,Line of fire,Line of Fire,Line of Fire,,"[""Line of Fire""]",SINGLE_EXPLICIT,IOGP_NATIVE,EXPLICIT_TEXT_MATCH,SECONARY LIFE-SAVING RULE:  Line of fire,90,,Page 90,30,SOURCE_EXPLICIT,GOLD_CANDIDATE,REGEX_EXPLICIT_PARSER,False,2026-09-03T04:27:13Z,1.0.0,NO_MATCH,,UNMATCHED,0.0
