record_id,incident_group_id,incident_text,source_evidence_text,source_document,source_page,source_record_id,lsr_primary,lsr_secondary,lsr_labels,dataset_origin,lsr_label_provenance,reconstruction_method,reconstruction_status,created_at
RECON-LSR-0001,GRP-Safety performa-P5,"DATE: 24 Oct 2024 FUNCTION: Drilling CAUSE: Caught in, under or between (excl. dropped objects) ACTIVITY: Transport – Land As a convoy moved forward, the driver lost sight of the lorry, loaded with 25 tonnes of cement. It had been about 100 metres ahead of him. He decided to turn back. When he saw the lorry, it had overturned in a ravine. The driver was found a long time later, having been rescued by passers-by. WHAT WENT WRONG:",PRIMARY LIFE-SAVING RULE:  Driving,Safety performance indicators – 2024 data.pdf,5,LSR-CAND-000001,Driving,UNKNOWN,"[""Driving""]",IOGP_STAGE37A1,SOURCE_GROUNDED,SOURCE_EXTRACTED,RECONSTRUCTED,2026-09-03T06:10:08Z
RECON-LSR-0002,GRP-Safety performa-P5,"DATE: 24 Oct 2024 FUNCTION: Drilling CAUSE: Caught in, under or between (excl. dropped objects) ACTIVITY: Transport – Land As a convoy moved forward, the driver lost sight of the lorry, loaded with 25 tonnes of cement. It had been about 100 metres ahead of him. He decided to turn back. When he saw the lorry, it had overturned in a ravine. The driver was found a long time later, having been rescued by passers-by. WHAT WENT WRONG:",SECONARY LIFE-SAVING RULE:  Bypassing safety controls,Safety performance indicators – 2024 data.pdf,5,LSR-CAND-000002,Bypassing Safety Controls,UNKNOWN,"[""Bypassing Safety Controls""]",IOGP_STAGE37A1,SOURCE_GROUNDED,SOURCE_EXTRACTED,RECONSTRUCTED,2026-09-03T06:10:08Z
RECON-LSR-0003,GRP-Safety performa-P5,"DATE: 24 Oct 2024 FUNCTION: Drilling CAUSE: Caught in, under or between (excl. dropped objects) ACTIVITY: Transport – Land As a convoy moved forward, the driver lost sight of the lorry, loaded with 25 tonnes of cement. It had been about 100 metres ahead of him. He decided to turn back. When he saw the lorry, it had overturned in a ravine. The driver was found a long time later, having been rescued by passers-by. WHAT WENT WRONG:",PRIMARY LIFE-SAVING RULE:  Bypassing safety controls,Safety performance indicators – 2024 data.pdf,5,LSR-CAND-000003,Bypassing Safety Controls,UNKNOWN,"[""Bypassing Safety Controls""]",IOGP_STAGE37A1,SOURCE_GROUNDED,SOURCE_EXTRACTED,RECONSTRUCTED,2026-09-03T06:10:08Z
RECON-LSR-0004,GRP-Safety performa-P5,"DATE: 24 Oct 2024 FUNCTION: Drilling CAUSE: Caught in, under or between (excl. dropped objects) ACTIVITY: Transport – Land As a convoy moved forward, the driver lost sight of the lorry, loaded with 25 tonnes of cement. It had been about 100 metres ahead of him. He decided to turn back. When he saw the lorry, it had overturned in a ravine. The driver was found a long time later, having been rescued by passers-by. WHAT WENT WRONG:",SECONARY LIFE-SAVING RULE:  Line of fire,Safety performance indicators – 2024 data.pdf,5,LSR-CAND-000004,Line of Fire,UNKNOWN,"[""Line of Fire""]",IOGP_STAGE37A1,SOURCE_GROUNDED,SOURCE_EXTRACTED,RECONSTRUCTED,2026-09-03T06:10:09Z
RECON-LSR-0005,GRP-Safety performa-P6,CORRECTIVE ACTIONS AND RECOMMENDATIONS: The stowing and undocking procedure must always be followed every time. PEOPLE (ACTS): Following Procedures: Deviation intentional (by individual or group) PEOPLE (ACTS): Following Procedures: Improper position (in the line of fire) PROCESS (CONDITIONS): Organizational: Inadequate training/competence PROCESS (CONDITIONS): Organizational: Inadequate hazard identification or risk assessment PROCESS (CONDITIONS): Organizational: Poor leadership/organizational culture DATE: 09 May 2024,PRIMARY LIFE-SAVING RULE:  Line of fire,Safety performance indicators – 2024 data.pdf,6,LSR-CAND-000005,Line of Fire,UNKNOWN,"[""Line of Fire""]",IOGP_STAGE37A1,SOURCE_GROUNDED,SOURCE_EXTRACTED,RECONSTRUCTED,2026-09-03T06:10:09Z
RECON-LSR-0006,GRP-Safety performa-P7,"DATE: 15 Nov 2024 FUNCTION: Production CAUSE: Exposure electrical ACTIVITY: Maintenance, inspection, testing A night guard carrying out routine security patrols noticed a sparking light near the critical containment area at an onshore camping base. The guards had been patrolling the area during their normal security patrols and during these patrols it has not been observed before. The guard reported the incident to the construction supervisor. The team went to the area and inspected area where the flashing light was seen coming from. It was discovered that the",PRIMARY LIFE-SAVING RULE:  Energy isolation,Safety performance indicators – 2024 data.pdf,7,LSR-CAND-000006,Energy Isolation,UNKNOWN,"[""Energy Isolation""]",IOGP_STAGE37A1,SOURCE_GROUNDED,SOURCE_EXTRACTED,RECONSTRUCTED,2026-09-03T06:10:09Z
RECON-LSR-0007,GRP-Safety performa-P7,"DATE: 15 Nov 2024 FUNCTION: Production CAUSE: Exposure electrical ACTIVITY: Maintenance, inspection, testing A night guard carrying out routine security patrols noticed a sparking light near the critical containment area at an onshore camping base. The guards had been patrolling the area during their normal security patrols and during these patrols it has not been observed before. The guard reported the incident to the construction supervisor. The team went to the area and inspected area where the flashing light was seen coming from. It was discovered that the",PRIMARY LIFE-SAVING RULE:  Energy isolation,Safety performance indicators – 2024 data.pdf,7,LSR-CAND-000007,Energy Isolation,UNKNOWN,"[""Energy Isolation""]",IOGP_STAGE37A1,SOURCE_GROUNDED,SOURCE_EXTRACTED,RECONSTRUCTED,2026-09-03T06:10:09Z
RECON-LSR-0008,GRP-Safety performa-P7,"DATE: 15 Nov 2024 FUNCTION: Production CAUSE: Exposure electrical ACTIVITY: Maintenance, inspection, testing A night guard carrying out routine security patrols noticed a sparking light near the critical containment area at an onshore camping base. The guards had been patrolling the area during their normal security patrols and during these patrols it has not been observed before. The guard reported the incident to the construction supervisor. The team went to the area and inspected area where the flashing light was seen coming from. It was discovered that the",SECONARY LIFE-SAVING RULE:  Line of fire,Safety performance indicators – 2024 data.pdf,7,LSR-CAND-000008,Line of Fire,UNKNOWN,"[""Line of Fire""]",IOGP_STAGE37A1,SOURCE_GROUNDED,SOURCE_EXTRACTED,RECONSTRUCTED,2026-09-03T06:10:09Z
RECON-LSR-0009,GRP-Safety performa-P9,"DATE: 29 Jun 2024 FUNCTION: Production CAUSE: Explosion, fire or burns ACTIVITY: Maintenance, inspection, testing An employee burned his right leg, in the region of the knee, due to hot water projection. At around 11:45 am, during the operation to replace the motorized valve in the hydro cyclone unit, hot water at a temperature of 95ºC and a pressure of 5bar, coming from the same line, hit the employee in the region of his right knee, causing him a first- WHAT WENT WRONG:",PRIMARY LIFE-SAVING RULE:  Energy isolation,Safety performance indicators – 2024 data.pdf,9,LSR-CAND-000009,Energy Isolation,UNKNOWN,"[""Energy Isolation""]",IOGP_STAGE37A1,SOURCE_GROUNDED,SOURCE_EXTRACTED,RECONSTRUCTED,2026-09-03T06:10:10Z
RECON-LSR-0010,GRP-Safety performa-P9,"DATE: 29 Jun 2024 FUNCTION: Production CAUSE: Explosion, fire or burns ACTIVITY: Maintenance, inspection, testing An employee burned his right leg, in the region of the knee, due to hot water projection. At around 11:45 am, during the operation to replace the motorized valve in the hydro cyclone unit, hot water at a temperature of 95ºC and a pressure of 5bar, coming from the same line, hit the employee in the region of his right knee, causing him a first- WHAT WENT WRONG:",SECONARY LIFE-SAVING RULE:  Line of fire,Safety performance indicators – 2024 data.pdf,9,LSR-CAND-000010,Line of Fire,UNKNOWN,"[""Line of Fire""]",IOGP_STAGE37A1,SOURCE_GROUNDED,SOURCE_EXTRACTED,RECONSTRUCTED,2026-09-03T06:10:10Z
RECON-LSR-0011,GRP-Safety performa-P9,"DATE: 29 Jun 2024 FUNCTION: Production CAUSE: Explosion, fire or burns ACTIVITY: Maintenance, inspection, testing An employee burned his right leg, in the region of the knee, due to hot water projection. At around 11:45 am, during the operation to replace the motorized valve in the hydro cyclone unit, hot water at a temperature of 95ºC and a pressure of 5bar, coming from the same line, hit the employee in the region of his right knee, causing him a first- WHAT WENT WRONG:",PRIMARY LIFE-SAVING RULE:  Safe mechanical lifting,Safety performance indicators – 2024 data.pdf,9,LSR-CAND-000011,Safe Mechanical Lifting,UNKNOWN,"[""Safe Mechanical Lifting""]",IOGP_STAGE37A1,SOURCE_GROUNDED,SOURCE_EXTRACTED,RECONSTRUCTED,2026-09-03T06:10:10Z
RECON-LSR-0012,GRP-Safety performa-P9,"DATE: 29 Jun 2024 FUNCTION: Production CAUSE: Explosion, fire or burns ACTIVITY: Maintenance, inspection, testing An employee burned his right leg, in the region of the knee, due to hot water projection. At around 11:45 am, during the operation to replace the motorized valve in the hydro cyclone unit, hot water at a temperature of 95ºC and a pressure of 5bar, coming from the same line, hit the employee in the region of his right knee, causing him a first- WHAT WENT WRONG:",SECONARY LIFE-SAVING RULE:  Line of fire,Safety performance indicators – 2024 data.pdf,9,LSR-CAND-000012,Line of Fire,UNKNOWN,"[""Line of Fire""]",IOGP_STAGE37A1,SOURCE_GROUNDED,SOURCE_EXTRACTED,RECONSTRUCTED,2026-09-03T06:10:10Z
RECON-LSR-0013,GRP-Safety performa-P10,"and the motor was found to have high case drain leakage of hydraulic oil, possibly due to scoring that was observed on the hydraulic motor port plate. It is likely these two factors combined resulted in the load dropping. CORRECTIVE ACTIONS AND RECOMMENDATIONS: With a new motor, new CBV fitted, new brake installed, the fault could not be recreated. New hydraulic oil was cleaned and installed into the crane. A full set of assurance checks carried out including a proof load test. The following are longer term recommendations. • Install pressure compensation sandwich valves under each direction control valve, to prevent the increase in flow and in turn increase in pressure in the auxiliary and slew circuits being shared between the operating functions",PRIMARY LIFE-SAVING RULE:  Safe mechanical lifting,Safety performance indicators – 2024 data.pdf,10,LSR-CAND-000013,Safe Mechanical Lifting,UNKNOWN,"[""Safe Mechanical Lifting""]",IOGP_STAGE37A1,SOURCE_GROUNDED,SOURCE_EXTRACTED,RECONSTRUCTED,2026-09-03T06:10:11Z
RECON-LSR-0014,GRP-Safety performa-P10,"and the motor was found to have high case drain leakage of hydraulic oil, possibly due to scoring that was observed on the hydraulic motor port plate. It is likely these two factors combined resulted in the load dropping. CORRECTIVE ACTIONS AND RECOMMENDATIONS: With a new motor, new CBV fitted, new brake installed, the fault could not be recreated. New hydraulic oil was cleaned and installed into the crane. A full set of assurance checks carried out including a proof load test. The following are longer term recommendations. • Install pressure compensation sandwich valves under each direction control valve, to prevent the increase in flow and in turn increase in pressure in the auxiliary and slew circuits being shared between the operating functions",SECONARY LIFE-SAVING RULE:  Line of fire,Safety performance indicators – 2024 data.pdf,10,LSR-CAND-000014,Line of Fire,UNKNOWN,"[""Line of Fire""]",IOGP_STAGE37A1,SOURCE_GROUNDED,SOURCE_EXTRACTED,RECONSTRUCTED,2026-09-03T06:10:11Z
RECON-LSR-0015,GRP-Safety performa-P11,"CORRECTIVE ACTIONS AND RECOMMENDATIONS: Some of the actions recommended are: • Update vendor training requirement in the contracts, which should include wire rope training for persons involved in crane inspections on the FPSO. • Review and update crane maintenance strategy to include auxiliary rope boom rest protection, frequency of rope change-out, suitable rope and sheath gauge to be used as a tool for measuring rope wear, etc. • Install adequate auxiliary rope boom rest protection. PEOPLE (ACTS): Following Procedures: Improper position (in the line of fire)",PRIMARY LIFE-SAVING RULE:  Line of fire,Safety performance indicators – 2024 data.pdf,11,LSR-CAND-000015,Line of Fire,UNKNOWN,"[""Line of Fire""]",IOGP_STAGE37A1,SOURCE_GROUNDED,SOURCE_EXTRACTED,RECONSTRUCTED,2026-09-03T06:10:11Z
RECON-LSR-0016,GRP-Safety performa-P12,"PEOPLE (ACTS): Following Procedures: Improper position (in the line of fire) PEOPLE (ACTS): Use of Tools, Equipment, Materials and Products: Improper use/position of tools/equipment/ materials/products DATE: 27 Jul 2024 FUNCTION: Production CAUSE: Dropped objects ACTIVITY: Maintenance, inspection, testing During routine personnel rounds, a metal component of the Gas Turbine Generator (GTG) exhaust diffuser was found",PRIMARY LIFE-SAVING RULE:  Line of fire,Safety performance indicators – 2024 data.pdf,12,LSR-CAND-000016,Line of Fire,UNKNOWN,"[""Line of Fire""]",IOGP_STAGE37A1,SOURCE_GROUNDED,SOURCE_EXTRACTED,RECONSTRUCTED,2026-09-03T06:10:11Z
RECON-LSR-0017,GRP-Safety performa-P13,"DATE: 16 Apr 2024 FUNCTION: Production CAUSE: Dropped objects ACTIVITY: Maintenance, inspection, testing An anomaly was observed during routine plant inspections. A large flat metal sheet was found resting on the forward refuge roof. Subsequent investigation revealed that this section was a cable tray cover dislodged from the pipe rack above the forward machinery, with a drop trajectory indicating its passage across a walkway. The cover weighed approximately 20kg, and its landing point on the forward refuge area roof was 13.356m from the pipe rack",PRIMARY LIFE-SAVING RULE:  Line of fire,Safety performance indicators – 2024 data.pdf,13,LSR-CAND-000017,Line of Fire,UNKNOWN,"[""Line of Fire""]",IOGP_STAGE37A1,SOURCE_GROUNDED,SOURCE_EXTRACTED,RECONSTRUCTED,2026-09-03T06:10:11Z
RECON-LSR-0018,GRP-Safety performa-P13,"DATE: 16 Apr 2024 FUNCTION: Production CAUSE: Dropped objects ACTIVITY: Maintenance, inspection, testing An anomaly was observed during routine plant inspections. A large flat metal sheet was found resting on the forward refuge roof. Subsequent investigation revealed that this section was a cable tray cover dislodged from the pipe rack above the forward machinery, with a drop trajectory indicating its passage across a walkway. The cover weighed approximately 20kg, and its landing point on the forward refuge area roof was 13.356m from the pipe rack",PRIMARY LIFE-SAVING RULE:  Line of fire,Safety performance indicators – 2024 data.pdf,13,LSR-CAND-000018,Line of Fire,UNKNOWN,"[""Line of Fire""]",IOGP_STAGE37A1,SOURCE_GROUNDED,SOURCE_EXTRACTED,RECONSTRUCTED,2026-09-03T06:10:12Z
RECON-LSR-0019,GRP-Safety performa-P14,"the old one which had a dislodged tulip in 2017. Original equipment manufacturer (OEM) did not advise on the potential for chattering as well as its impact on the HP flare tip’s structural integrity even though it was clear that this had been experienced on similar models. If this had been communicated at the onset, then the no flare chattering ranges would have been instituted to mitigate plate failure. CORRECTIVE ACTIONS AND RECOMMENDATIONS: Review available flare tip remediation options and decide on the replacement plan. PEOPLE (ACTS): Following Procedures: Improper position (in the line of fire) PROCESS (CONDITIONS): Tools, Equipment, Materials and Products: Inadequate design/specification/management",PRIMARY LIFE-SAVING RULE:  Bypassing safety controls,Safety performance indicators – 2024 data.pdf,14,LSR-CAND-000019,Bypassing Safety Controls,UNKNOWN,"[""Bypassing Safety Controls""]",IOGP_STAGE37A1,SOURCE_GROUNDED,SOURCE_EXTRACTED,RECONSTRUCTED,2026-09-03T06:10:12Z
RECON-LSR-0020,GRP-Safety performa-P15,"ASIA/AUSTRALASIA ONSHORE DATE: 04 Oct 2024 COUNTRY: Australia FUNCTION: Production CAUSE: Dropped objects ACTIVITY: Lifting, crane, rigging, deck operations During insulation activities on Heat Exchanger. A plastic bag with rock wool dropped approx. 8 meters with a load weight of approx. 16kg.",PRIMARY LIFE-SAVING RULE:  Working at height,Safety performance indicators – 2024 data.pdf,15,LSR-CAND-000020,Working at Height,UNKNOWN,"[""Working at Height""]",IOGP_STAGE37A1,SOURCE_GROUNDED,SOURCE_EXTRACTED,RECONSTRUCTED,2026-09-03T06:10:12Z
RECON-LSR-0021,GRP-Safety performa-P15,"ASIA/AUSTRALASIA ONSHORE DATE: 04 Oct 2024 COUNTRY: Australia FUNCTION: Production CAUSE: Dropped objects ACTIVITY: Lifting, crane, rigging, deck operations During insulation activities on Heat Exchanger. A plastic bag with rock wool dropped approx. 8 meters with a load weight of approx. 16kg.",SECONARY LIFE-SAVING RULE:  Line of fire,Safety performance indicators – 2024 data.pdf,15,LSR-CAND-000021,Line of Fire,UNKNOWN,"[""Line of Fire""]",IOGP_STAGE37A1,SOURCE_GROUNDED,SOURCE_EXTRACTED,RECONSTRUCTED,2026-09-03T06:10:12Z
RECON-LSR-0022,GRP-Safety performa-P16,"DATE: 15 Jun 2024 FUNCTION: Construction CAUSE: Pressure release ACTIVITY: Excavation, trenching, ground disturbance Gas pipe being damaged by excavator while construction project was undergoing. Luckily, workers observed immediately and fixed it soon. No worse result happened. WHAT WENT WRONG: JSA was lack of deep thinking.",PRIMARY LIFE-SAVING RULE:  Energy isolation,Safety performance indicators – 2024 data.pdf,16,LSR-CAND-000022,Energy Isolation,UNKNOWN,"[""Energy Isolation""]",IOGP_STAGE37A1,SOURCE_GROUNDED,SOURCE_EXTRACTED,RECONSTRUCTED,2026-09-03T06:10:12Z
RECON-LSR-0023,GRP-Safety performa-P16,"DATE: 15 Jun 2024 FUNCTION: Construction CAUSE: Pressure release ACTIVITY: Excavation, trenching, ground disturbance Gas pipe being damaged by excavator while construction project was undergoing. Luckily, workers observed immediately and fixed it soon. No worse result happened. WHAT WENT WRONG: JSA was lack of deep thinking.",SECONARY LIFE-SAVING RULE:  Work authorization,Safety performance indicators – 2024 data.pdf,16,LSR-CAND-000023,Work Authorization,UNKNOWN,"[""Work Authorization""]",IOGP_STAGE37A1,SOURCE_GROUNDED,SOURCE_EXTRACTED,RECONSTRUCTED,2026-09-03T06:10:12Z
RECON-LSR-0024,GRP-Safety performa-P16,"DATE: 15 Jun 2024 FUNCTION: Construction CAUSE: Pressure release ACTIVITY: Excavation, trenching, ground disturbance Gas pipe being damaged by excavator while construction project was undergoing. Luckily, workers observed immediately and fixed it soon. No worse result happened. WHAT WENT WRONG: JSA was lack of deep thinking.",PRIMARY LIFE-SAVING RULE:  Working at height,Safety performance indicators – 2024 data.pdf,16,LSR-CAND-000024,Working at Height,UNKNOWN,"[""Working at Height""]",IOGP_STAGE37A1,SOURCE_GROUNDED,SOURCE_EXTRACTED,RECONSTRUCTED,2026-09-03T06:10:13Z
RECON-LSR-0025,GRP-Safety performa-P17,"DATE: 25 Apr 2024 COUNTRY: Indonesia FUNCTION: Production CAUSE: Explosion, fire or burns ACTIVITY: Maintenance, inspection, testing Flash Fire in Maintenance of Ignition Flare Line at SPU-A Jatibarang Field WHAT WENT WRONG: • There was no positive isolation for fuel line when maintenance took place.",PRIMARY LIFE-SAVING RULE:  Energy isolation,Safety performance indicators – 2024 data.pdf,17,LSR-CAND-000025,Energy Isolation,UNKNOWN,"[""Energy Isolation""]",IOGP_STAGE37A1,SOURCE_GROUNDED,SOURCE_EXTRACTED,RECONSTRUCTED,2026-09-03T06:10:13Z
RECON-LSR-0026,GRP-Safety performa-P17,"DATE: 25 Apr 2024 COUNTRY: Indonesia FUNCTION: Production CAUSE: Explosion, fire or burns ACTIVITY: Maintenance, inspection, testing Flash Fire in Maintenance of Ignition Flare Line at SPU-A Jatibarang Field WHAT WENT WRONG: • There was no positive isolation for fuel line when maintenance took place.",SECONARY LIFE-SAVING RULE:  Line of fire,Safety performance indicators – 2024 data.pdf,17,LSR-CAND-000026,Line of Fire,UNKNOWN,"[""Line of Fire""]",IOGP_STAGE37A1,SOURCE_GROUNDED,SOURCE_EXTRACTED,RECONSTRUCTED,2026-09-03T06:10:13Z
RECON-LSR-0027,GRP-Safety performa-P17,"DATE: 25 Apr 2024 COUNTRY: Indonesia FUNCTION: Production CAUSE: Explosion, fire or burns ACTIVITY: Maintenance, inspection, testing Flash Fire in Maintenance of Ignition Flare Line at SPU-A Jatibarang Field WHAT WENT WRONG: • There was no positive isolation for fuel line when maintenance took place.",PRIMARY LIFE-SAVING RULE:  Safe mechanical lifting,Safety performance indicators – 2024 data.pdf,17,LSR-CAND-000027,Safe Mechanical Lifting,UNKNOWN,"[""Safe Mechanical Lifting""]",IOGP_STAGE37A1,SOURCE_GROUNDED,SOURCE_EXTRACTED,RECONSTRUCTED,2026-09-03T06:10:13Z
RECON-LSR-0028,GRP-Safety performa-P17,"DATE: 25 Apr 2024 COUNTRY: Indonesia FUNCTION: Production CAUSE: Explosion, fire or burns ACTIVITY: Maintenance, inspection, testing Flash Fire in Maintenance of Ignition Flare Line at SPU-A Jatibarang Field WHAT WENT WRONG: • There was no positive isolation for fuel line when maintenance took place.",SECONARY LIFE-SAVING RULE:  Line of fire,Safety performance indicators – 2024 data.pdf,17,LSR-CAND-000028,Line of Fire,UNKNOWN,"[""Line of Fire""]",IOGP_STAGE37A1,SOURCE_GROUNDED,SOURCE_EXTRACTED,RECONSTRUCTED,2026-09-03T06:10:13Z
RECON-LSR-0029,GRP-Safety performa-P19,"DATE: 26 Aug 2024 COUNTRY: New Zealand FUNCTION: Production CAUSE: Caught in, under or between (excl. dropped objects) ACTIVITY: Drilling, workover, well operations IP had advised his colleague he was going to carry out continuity testing on the electric submersible pump (ESP) cable, which was on the hydraulically energised spooler. The spooler was not in use at this time. When carrying out the continuity testing, the conductor reading was low and the cable was cleaned with electrical",PRIMARY LIFE-SAVING RULE:  Energy isolation,Safety performance indicators – 2024 data.pdf,19,LSR-CAND-000029,Energy Isolation,UNKNOWN,"[""Energy Isolation""]",IOGP_STAGE37A1,SOURCE_GROUNDED,SOURCE_EXTRACTED,RECONSTRUCTED,2026-09-03T06:10:14Z
RECON-LSR-0030,GRP-Safety performa-P19,"DATE: 26 Aug 2024 COUNTRY: New Zealand FUNCTION: Production CAUSE: Caught in, under or between (excl. dropped objects) ACTIVITY: Drilling, workover, well operations IP had advised his colleague he was going to carry out continuity testing on the electric submersible pump (ESP) cable, which was on the hydraulically energised spooler. The spooler was not in use at this time. When carrying out the continuity testing, the conductor reading was low and the cable was cleaned with electrical",SECONARY LIFE-SAVING RULE:  Line of fire,Safety performance indicators – 2024 data.pdf,19,LSR-CAND-000030,Line of Fire,UNKNOWN,"[""Line of Fire""]",IOGP_STAGE37A1,SOURCE_GROUNDED,SOURCE_EXTRACTED,RECONSTRUCTED,2026-09-03T06:10:14Z
RECON-LSR-0031,GRP-Safety performa-P19,"DATE: 26 Aug 2024 COUNTRY: New Zealand FUNCTION: Production CAUSE: Caught in, under or between (excl. dropped objects) ACTIVITY: Drilling, workover, well operations IP had advised his colleague he was going to carry out continuity testing on the electric submersible pump (ESP) cable, which was on the hydraulically energised spooler. The spooler was not in use at this time. When carrying out the continuity testing, the conductor reading was low and the cable was cleaned with electrical",PRIMARY LIFE-SAVING RULE:  Line of fire,Safety performance indicators – 2024 data.pdf,19,LSR-CAND-000031,Line of Fire,UNKNOWN,"[""Line of Fire""]",IOGP_STAGE37A1,SOURCE_GROUNDED,SOURCE_EXTRACTED,RECONSTRUCTED,2026-09-03T06:10:14Z
RECON-LSR-0032,GRP-Safety performa-P19,"DATE: 26 Aug 2024 COUNTRY: New Zealand FUNCTION: Production CAUSE: Caught in, under or between (excl. dropped objects) ACTIVITY: Drilling, workover, well operations IP had advised his colleague he was going to carry out continuity testing on the electric submersible pump (ESP) cable, which was on the hydraulically energised spooler. The spooler was not in use at this time. When carrying out the continuity testing, the conductor reading was low and the cable was cleaned with electrical",SECONARY LIFE-SAVING RULE:  Safe mechanical lifting,Safety performance indicators – 2024 data.pdf,19,LSR-CAND-000032,Safe Mechanical Lifting,UNKNOWN,"[""Safe Mechanical Lifting""]",IOGP_STAGE37A1,SOURCE_GROUNDED,SOURCE_EXTRACTED,RECONSTRUCTED,2026-09-03T06:10:14Z
RECON-LSR-0033,GRP-Safety performa-P20,"WHAT WENT WRONG: Driller’s side tugger line eye thimble became caught on the top drive frame. With increased tension applied to the winch line, the thimble then dislodged from the top drive, transferring the stored energy to the bushing insert, resulting in the uncontrolled movement. CORRECTIVE ACTIONS AND RECOMMENDATIONS: •  Eliminate potential snag points from tugger rigging. • Replan task to remove personnel from red zone. Define trigger point for stuck bushings in job safety analysis (JSA).",PRIMARY LIFE-SAVING RULE:  Line of fire,Safety performance indicators – 2024 data.pdf,20,LSR-CAND-000033,Line of Fire,UNKNOWN,"[""Line of Fire""]",IOGP_STAGE37A1,SOURCE_GROUNDED,SOURCE_EXTRACTED,RECONSTRUCTED,2026-09-03T06:10:14Z
RECON-LSR-0034,GRP-Safety performa-P21,"DATE: 17 Feb 2024 COUNTRY: Thailand FUNCTION: Construction CAUSE: Exposure electrical ACTIVITY: Excavation, trenching, ground disturbance High voltage underground cable was damaged from backhoe during excavation. WHAT WENT WRONG: Unclear excavation checklist – the requirement of attachment document for excavation work template was put",PRIMARY LIFE-SAVING RULE:  Work authorization,Safety performance indicators – 2024 data.pdf,21,LSR-CAND-000034,Work Authorization,UNKNOWN,"[""Work Authorization""]",IOGP_STAGE37A1,SOURCE_GROUNDED,SOURCE_EXTRACTED,RECONSTRUCTED,2026-09-03T06:10:15Z
RECON-LSR-0035,GRP-Safety performa-P21,"DATE: 17 Feb 2024 COUNTRY: Thailand FUNCTION: Construction CAUSE: Exposure electrical ACTIVITY: Excavation, trenching, ground disturbance High voltage underground cable was damaged from backhoe during excavation. WHAT WENT WRONG: Unclear excavation checklist – the requirement of attachment document for excavation work template was put",SECONARY LIFE-SAVING RULE:  Line of fire,Safety performance indicators – 2024 data.pdf,21,LSR-CAND-000035,Line of Fire,UNKNOWN,"[""Line of Fire""]",IOGP_STAGE37A1,SOURCE_GROUNDED,SOURCE_EXTRACTED,RECONSTRUCTED,2026-09-03T06:10:15Z
RECON-LSR-0036,GRP-Safety performa-P21,"DATE: 17 Feb 2024 COUNTRY: Thailand FUNCTION: Construction CAUSE: Exposure electrical ACTIVITY: Excavation, trenching, ground disturbance High voltage underground cable was damaged from backhoe during excavation. WHAT WENT WRONG: Unclear excavation checklist – the requirement of attachment document for excavation work template was put",PRIMARY LIFE-SAVING RULE:  Safe mechanical lifting,Safety performance indicators – 2024 data.pdf,21,LSR-CAND-000036,Safe Mechanical Lifting,UNKNOWN,"[""Safe Mechanical Lifting""]",IOGP_STAGE37A1,SOURCE_GROUNDED,SOURCE_EXTRACTED,RECONSTRUCTED,2026-09-03T06:10:15Z
RECON-LSR-0037,GRP-Safety performa-P21,"DATE: 17 Feb 2024 COUNTRY: Thailand FUNCTION: Construction CAUSE: Exposure electrical ACTIVITY: Excavation, trenching, ground disturbance High voltage underground cable was damaged from backhoe during excavation. WHAT WENT WRONG: Unclear excavation checklist – the requirement of attachment document for excavation work template was put",SECONARY LIFE-SAVING RULE:  Line of fire,Safety performance indicators – 2024 data.pdf,21,LSR-CAND-000037,Line of Fire,UNKNOWN,"[""Line of Fire""]",IOGP_STAGE37A1,SOURCE_GROUNDED,SOURCE_EXTRACTED,RECONSTRUCTED,2026-09-03T06:10:15Z
RECON-LSR-0038,GRP-Safety performa-P23,"ASIA/AUSTRALASIA OFFSHORE DATE: 07 Oct 2024 COUNTRY: Australia FUNCTION: Production CAUSE: Falls from height ACTIVITY: Maintenance, inspection, testing During Vertical Lay System (VLS) winch maintenance, the technician stepped backward into an open ladder hatch resulting in a grazed right shin. The VLS was not being used for the scope of work at the time of the event. The",PRIMARY LIFE-SAVING RULE:  Working at height,Safety performance indicators – 2024 data.pdf,23,LSR-CAND-000038,Working at Height,UNKNOWN,"[""Working at Height""]",IOGP_STAGE37A1,SOURCE_GROUNDED,SOURCE_EXTRACTED,RECONSTRUCTED,2026-09-03T06:10:15Z
RECON-LSR-0039,GRP-Safety performa-P23,"ASIA/AUSTRALASIA OFFSHORE DATE: 07 Oct 2024 COUNTRY: Australia FUNCTION: Production CAUSE: Falls from height ACTIVITY: Maintenance, inspection, testing During Vertical Lay System (VLS) winch maintenance, the technician stepped backward into an open ladder hatch resulting in a grazed right shin. The VLS was not being used for the scope of work at the time of the event. The",SECONARY LIFE-SAVING RULE:  Line of fire,Safety performance indicators – 2024 data.pdf,23,LSR-CAND-000039,Line of Fire,UNKNOWN,"[""Line of Fire""]",IOGP_STAGE37A1,SOURCE_GROUNDED,SOURCE_EXTRACTED,RECONSTRUCTED,2026-09-03T06:10:16Z
RECON-LSR-0040,GRP-Safety performa-P25,"DATE: 17 Jun 2024 COUNTRY: Indonesia FUNCTION: Production CAUSE: Pressure release ACTIVITY: Production operations While conducting routine patrol, production operator noticed hissing sound around production cooler on main deck. He then reported to central control room (CCR) operator via radio. Production operator and instrument technician proceed to main deck and confirmed gas leak was coming from 8” elbow outlet production cooler bay. Offshore",PRIMARY LIFE-SAVING RULE:  Line of fire,Safety performance indicators – 2024 data.pdf,25,LSR-CAND-000043,Line of Fire,UNKNOWN,"[""Line of Fire""]",IOGP_STAGE37A1,SOURCE_GROUNDED,SOURCE_EXTRACTED,RECONSTRUCTED,2026-09-03T06:10:16Z
RECON-LSR-0041,GRP-Safety performa-P26,"WHAT WENT WRONG: Due to current and swell directions, the messenger rope got entangled with the vessel’s tire fenders. As the vessel was clearing the area, the crew was instructed to clear the deck. A crew member (IP), looking for shelter, went under the crash rail, misjudging it as a safe place. The IP noticed tension in the hawser assembly and looked over the bulwark to investigate and at that moment the messenger rope lashed down on the back of the IP’s helmet which caused him to fall forward and hit his face against the vessel’s bulwark. CORRECTIVE ACTIONS AND RECOMMENDATIONS: • Ensure job safety analysis (JSA) for this activity is revised to incorporate safe haven risk of entanglement.",PRIMARY LIFE-SAVING RULE:  Safe mechanical lifting,Safety performance indicators – 2024 data.pdf,26,LSR-CAND-000044,Safe Mechanical Lifting,UNKNOWN,"[""Safe Mechanical Lifting""]",IOGP_STAGE37A1,SOURCE_GROUNDED,SOURCE_EXTRACTED,RECONSTRUCTED,2026-09-03T06:10:16Z
RECON-LSR-0042,GRP-Safety performa-P26,"WHAT WENT WRONG: Due to current and swell directions, the messenger rope got entangled with the vessel’s tire fenders. As the vessel was clearing the area, the crew was instructed to clear the deck. A crew member (IP), looking for shelter, went under the crash rail, misjudging it as a safe place. The IP noticed tension in the hawser assembly and looked over the bulwark to investigate and at that moment the messenger rope lashed down on the back of the IP’s helmet which caused him to fall forward and hit his face against the vessel’s bulwark. CORRECTIVE ACTIONS AND RECOMMENDATIONS: • Ensure job safety analysis (JSA) for this activity is revised to incorporate safe haven risk of entanglement.",SECONARY LIFE-SAVING RULE:  Line of fire,Safety performance indicators – 2024 data.pdf,26,LSR-CAND-000045,Line of Fire,UNKNOWN,"[""Line of Fire""]",IOGP_STAGE37A1,SOURCE_GROUNDED,SOURCE_EXTRACTED,RECONSTRUCTED,2026-09-03T06:10:16Z
RECON-LSR-0043,GRP-Safety performa-P27,"• Ambiguous lift plan, due to different sections with conflicting descriptions. • Inadequate equipment knowledge: any equipment that is not industry norm should be considered non-standard and should not expect crew and rigging inspectors to have in-depth knowledge of the equipment. Non-standard equipment should be specified in the scope along with original equipment manufacturer (OEM) instructions. • Inadequacy in terms of having a mature culture of intervention and supervision within the site. CORRECTIVE ACTIONS AND RECOMMENDATIONS: • Lessons learned from incidents should be communicated properly. A register of these should be available for • Any equipment that is not industry norm should be considered non-standard and should not expect crew and",PRIMARY LIFE-SAVING RULE:  Line of fire,Safety performance indicators – 2024 data.pdf,27,LSR-CAND-000046,Line of Fire,UNKNOWN,"[""Line of Fire""]",IOGP_STAGE37A1,SOURCE_GROUNDED,SOURCE_EXTRACTED,RECONSTRUCTED,2026-09-03T06:10:16Z
RECON-LSR-0044,GRP-Safety performa-P28,"DATE: 22 Jul 2024 COUNTRY: Philippines FUNCTION: Production CAUSE: Pressure release ACTIVITY: Production operations The general platform alarm (GPA) was activated due to a loud explosion sound heard. Upon checking by emergency response team (ERT), it was determined that a valve's body bolts ruptured causing the valve body to split into two. The valve could cause dropped object injuries if its projectile's line of fire hit a person.",PRIMARY LIFE-SAVING RULE:  Line of fire,Safety performance indicators – 2024 data.pdf,28,LSR-CAND-000047,Line of Fire,UNKNOWN,"[""Line of Fire""]",IOGP_STAGE37A1,SOURCE_GROUNDED,SOURCE_EXTRACTED,RECONSTRUCTED,2026-09-03T06:10:17Z
RECON-LSR-0045,GRP-Safety performa-P28,"DATE: 22 Jul 2024 COUNTRY: Philippines FUNCTION: Production CAUSE: Pressure release ACTIVITY: Production operations The general platform alarm (GPA) was activated due to a loud explosion sound heard. Upon checking by emergency response team (ERT), it was determined that a valve's body bolts ruptured causing the valve body to split into two. The valve could cause dropped object injuries if its projectile's line of fire hit a person.",PRIMARY LIFE-SAVING RULE:  Safe mechanical lifting,Safety performance indicators – 2024 data.pdf,28,LSR-CAND-000048,Safe Mechanical Lifting,UNKNOWN,"[""Safe Mechanical Lifting""]",IOGP_STAGE37A1,SOURCE_GROUNDED,SOURCE_EXTRACTED,RECONSTRUCTED,2026-09-03T06:10:17Z
RECON-LSR-0046,GRP-Safety performa-P28,"DATE: 22 Jul 2024 COUNTRY: Philippines FUNCTION: Production CAUSE: Pressure release ACTIVITY: Production operations The general platform alarm (GPA) was activated due to a loud explosion sound heard. Upon checking by emergency response team (ERT), it was determined that a valve's body bolts ruptured causing the valve body to split into two. The valve could cause dropped object injuries if its projectile's line of fire hit a person.",SECONARY LIFE-SAVING RULE:  Line of fire,Safety performance indicators – 2024 data.pdf,28,LSR-CAND-000049,Line of Fire,UNKNOWN,"[""Line of Fire""]",IOGP_STAGE37A1,SOURCE_GROUNDED,SOURCE_EXTRACTED,RECONSTRUCTED,2026-09-03T06:10:17Z
RECON-LSR-0047,GRP-Safety performa-P31,"DATE: 03 Apr 2024 COUNTRY: Austria FUNCTION: Drilling CAUSE: Pressure release ACTIVITY: Drilling, workover, well operations Blow out. During mounting, the borehole started to overflow. The crew tried to secure the well – without success. Alerting and mobilization of the necessary emergency personnel.",PRIMARY LIFE-SAVING RULE:  Bypassing safety controls,Safety performance indicators – 2024 data.pdf,31,LSR-CAND-000053,Bypassing Safety Controls,UNKNOWN,"[""Bypassing Safety Controls""]",IOGP_STAGE37A1,SOURCE_GROUNDED,SOURCE_EXTRACTED,RECONSTRUCTED,2026-09-03T06:10:17Z
RECON-LSR-0048,GRP-Safety performa-P31,"DATE: 03 Apr 2024 COUNTRY: Austria FUNCTION: Drilling CAUSE: Pressure release ACTIVITY: Drilling, workover, well operations Blow out. During mounting, the borehole started to overflow. The crew tried to secure the well – without success. Alerting and mobilization of the necessary emergency personnel.",PRIMARY LIFE-SAVING RULE:  Line of fire,Safety performance indicators – 2024 data.pdf,31,LSR-CAND-000054,Line of Fire,UNKNOWN,"[""Line of Fire""]",IOGP_STAGE37A1,SOURCE_GROUNDED,SOURCE_EXTRACTED,RECONSTRUCTED,2026-09-03T06:10:18Z
RECON-LSR-0049,GRP-Safety performa-P32,"The incident occurred shortly before the end of the shift (scheduled end of shift 18:00, time of the incident 17:50). The employee concerned had started his shift at 12:00p.m due to the journey to the scheduled start of the shift. WHAT WENT WRONG: IMMEDIATE CAUSE: Substandard conditions and information. Inadequate product/service design. Inadequate communication and information. CORRECTIVE ACTIONS AND RECOMMENDATIONS:",PRIMARY LIFE-SAVING RULE:  Energy isolation,Safety performance indicators – 2024 data.pdf,32,LSR-CAND-000055,Energy Isolation,UNKNOWN,"[""Energy Isolation""]",IOGP_STAGE37A1,SOURCE_GROUNDED,SOURCE_EXTRACTED,RECONSTRUCTED,2026-09-03T06:10:18Z
RECON-LSR-0050,GRP-Safety performa-P32,"The incident occurred shortly before the end of the shift (scheduled end of shift 18:00, time of the incident 17:50). The employee concerned had started his shift at 12:00p.m due to the journey to the scheduled start of the shift. WHAT WENT WRONG: IMMEDIATE CAUSE: Substandard conditions and information. Inadequate product/service design. Inadequate communication and information. CORRECTIVE ACTIONS AND RECOMMENDATIONS:",SECONARY LIFE-SAVING RULE:  Line of fire,Safety performance indicators – 2024 data.pdf,32,LSR-CAND-000056,Line of Fire,UNKNOWN,"[""Line of Fire""]",IOGP_STAGE37A1,SOURCE_GROUNDED,SOURCE_EXTRACTED,RECONSTRUCTED,2026-09-03T06:10:18Z
RECON-LSR-0051,GRP-Safety performa-P33,"PEOPLE (ACTS): Following Procedures: Deviation intentional (by individual or group) PEOPLE (ACTS): Following Procedures: Improper position (in the line of fire) PROCESS (CONDITIONS): Protective Systems: Inadequate/defective guards or protective barriers DATE: 18 Mar 2024 COUNTRY: Hungary FUNCTION: Production CAUSE: Exposure electrical ACTIVITY: Excavation, trenching, ground disturbance",PRIMARY LIFE-SAVING RULE:  Work authorization,Safety performance indicators – 2024 data.pdf,33,LSR-CAND-000057,Work Authorization,UNKNOWN,"[""Work Authorization""]",IOGP_STAGE37A1,SOURCE_GROUNDED,SOURCE_EXTRACTED,RECONSTRUCTED,2026-09-03T06:10:18Z
RECON-LSR-0052,GRP-Safety performa-P33,"PEOPLE (ACTS): Following Procedures: Deviation intentional (by individual or group) PEOPLE (ACTS): Following Procedures: Improper position (in the line of fire) PROCESS (CONDITIONS): Protective Systems: Inadequate/defective guards or protective barriers DATE: 18 Mar 2024 COUNTRY: Hungary FUNCTION: Production CAUSE: Exposure electrical ACTIVITY: Excavation, trenching, ground disturbance",SECONARY LIFE-SAVING RULE:  Line of fire,Safety performance indicators – 2024 data.pdf,33,LSR-CAND-000058,Line of Fire,UNKNOWN,"[""Line of Fire""]",IOGP_STAGE37A1,SOURCE_GROUNDED,SOURCE_EXTRACTED,RECONSTRUCTED,2026-09-03T06:10:18Z
RECON-LSR-0053,GRP-Safety performa-P34,"DATE: 21 May 2024 COUNTRY: Romania FUNCTION: Drilling CAUSE: Dropped objects ACTIVITY: Drilling, workover, well operations During rig up operations, the drilling crew was performing mast alignment works. The elevator opened and released uncontrolled the drillpipe joint from around 50cm above the rotary table. The pipe fell on the rotary table tipped over the handrail and came to a rest in the pipe handling equipment on the ground level.",PRIMARY LIFE-SAVING RULE:  Line of fire,Safety performance indicators – 2024 data.pdf,34,LSR-CAND-000059,Line of Fire,UNKNOWN,"[""Line of Fire""]",IOGP_STAGE37A1,SOURCE_GROUNDED,SOURCE_EXTRACTED,RECONSTRUCTED,2026-09-03T06:10:18Z
RECON-LSR-0054,GRP-Safety performa-P34,"DATE: 21 May 2024 COUNTRY: Romania FUNCTION: Drilling CAUSE: Dropped objects ACTIVITY: Drilling, workover, well operations During rig up operations, the drilling crew was performing mast alignment works. The elevator opened and released uncontrolled the drillpipe joint from around 50cm above the rotary table. The pipe fell on the rotary table tipped over the handrail and came to a rest in the pipe handling equipment on the ground level.",SECONARY LIFE-SAVING RULE:  Energy isolation,Safety performance indicators – 2024 data.pdf,34,LSR-CAND-000060,Energy Isolation,UNKNOWN,"[""Energy Isolation""]",IOGP_STAGE37A1,SOURCE_GROUNDED,SOURCE_EXTRACTED,RECONSTRUCTED,2026-09-03T06:10:19Z
RECON-LSR-0055,GRP-Safety performa-P35,"DATE: 16 Feb 2024 COUNTRY: Romania FUNCTION: Production CAUSE: Falls from height ACTIVITY: Lifting, crane, rigging, deck operations At around 2:45pm, while using a crane to install the access ladder on the working bridge of the installation located at well, an employee lost his balance and fell from a height of approximately 2.5m. WHAT WENT WRONG:",PRIMARY LIFE-SAVING RULE:  Working at height,Safety performance indicators – 2024 data.pdf,35,LSR-CAND-000061,Working at Height,UNKNOWN,"[""Working at Height""]",IOGP_STAGE37A1,SOURCE_GROUNDED,SOURCE_EXTRACTED,RECONSTRUCTED,2026-09-03T06:10:19Z
RECON-LSR-0056,GRP-Safety performa-P35,"DATE: 16 Feb 2024 COUNTRY: Romania FUNCTION: Production CAUSE: Falls from height ACTIVITY: Lifting, crane, rigging, deck operations At around 2:45pm, while using a crane to install the access ladder on the working bridge of the installation located at well, an employee lost his balance and fell from a height of approximately 2.5m. WHAT WENT WRONG:",SECONARY LIFE-SAVING RULE:  Safe mechanical lifting,Safety performance indicators – 2024 data.pdf,35,LSR-CAND-000062,Safe Mechanical Lifting,UNKNOWN,"[""Safe Mechanical Lifting""]",IOGP_STAGE37A1,SOURCE_GROUNDED,SOURCE_EXTRACTED,RECONSTRUCTED,2026-09-03T06:10:19Z
RECON-LSR-0057,GRP-Safety performa-P36,"DATE: 23 Jan 2024 FUNCTION: Production CAUSE: Caught in, under or between (excl. dropped objects) ACTIVITY: Maintenance, inspection, testing Work commenced on incorrect fan without an isolation in place. WHAT WENT WRONG: Permit issued to carry out maintenance on fan belts and grease shaft on a product gas compressor. During work execution it became apparent the work party were working on the wrong product gas compressor.",PRIMARY LIFE-SAVING RULE:  Energy isolation,Safety performance indicators – 2024 data.pdf,36,LSR-CAND-000063,Energy Isolation,UNKNOWN,"[""Energy Isolation""]",IOGP_STAGE37A1,SOURCE_GROUNDED,SOURCE_EXTRACTED,RECONSTRUCTED,2026-09-03T06:10:19Z
RECON-LSR-0058,GRP-Safety performa-P36,"DATE: 23 Jan 2024 FUNCTION: Production CAUSE: Caught in, under or between (excl. dropped objects) ACTIVITY: Maintenance, inspection, testing Work commenced on incorrect fan without an isolation in place. WHAT WENT WRONG: Permit issued to carry out maintenance on fan belts and grease shaft on a product gas compressor. During work execution it became apparent the work party were working on the wrong product gas compressor.",SECONARY LIFE-SAVING RULE:  Work authorization,Safety performance indicators – 2024 data.pdf,36,LSR-CAND-000064,Work Authorization,UNKNOWN,"[""Work Authorization""]",IOGP_STAGE37A1,SOURCE_GROUNDED,SOURCE_EXTRACTED,RECONSTRUCTED,2026-09-03T06:10:19Z
RECON-LSR-0059,GRP-Safety performa-P37,DATE: 14 Sep 2024 COUNTRY: Netherlands FUNCTION: Production CAUSE: Dropped objects ACTIVITY: Production operations Dropped Object – 0.86kg 36mm spanner dropped approximately 25 metres to deck from the exhaust walkway. WHAT WENT WRONG: The team had not properly assessed all aspects of the task in respect of the potential for a dropped object from,PRIMARY LIFE-SAVING RULE:  Working at height,Safety performance indicators – 2024 data.pdf,37,LSR-CAND-000065,Working at Height,UNKNOWN,"[""Working at Height""]",IOGP_STAGE37A1,SOURCE_GROUNDED,SOURCE_EXTRACTED,RECONSTRUCTED,2026-09-03T06:10:20Z
RECON-LSR-0060,GRP-Safety performa-P37,DATE: 14 Sep 2024 COUNTRY: Netherlands FUNCTION: Production CAUSE: Dropped objects ACTIVITY: Production operations Dropped Object – 0.86kg 36mm spanner dropped approximately 25 metres to deck from the exhaust walkway. WHAT WENT WRONG: The team had not properly assessed all aspects of the task in respect of the potential for a dropped object from,SECONARY LIFE-SAVING RULE:  Line of fire,Safety performance indicators – 2024 data.pdf,37,LSR-CAND-000066,Line of Fire,UNKNOWN,"[""Line of Fire""]",IOGP_STAGE37A1,SOURCE_GROUNDED,SOURCE_EXTRACTED,RECONSTRUCTED,2026-09-03T06:10:20Z
RECON-LSR-0061,GRP-Safety performa-P38,DATE: 19 Mar 2024 COUNTRY: Netherlands FUNCTION: Production CAUSE: Falls from height ACTIVITY: Production operations Person observed on top of chemical tank adjacent to handrail. WHAT WENT WRONG: A member of the deck crew required access to the filling point located approx. 1.3 metres from the end of the tank to,PRIMARY LIFE-SAVING RULE:  Working at height,Safety performance indicators – 2024 data.pdf,38,LSR-CAND-000067,Working at Height,UNKNOWN,"[""Working at Height""]",IOGP_STAGE37A1,SOURCE_GROUNDED,SOURCE_EXTRACTED,RECONSTRUCTED,2026-09-03T06:10:20Z
RECON-LSR-0062,GRP-Safety performa-P38,DATE: 19 Mar 2024 COUNTRY: Netherlands FUNCTION: Production CAUSE: Falls from height ACTIVITY: Production operations Person observed on top of chemical tank adjacent to handrail. WHAT WENT WRONG: A member of the deck crew required access to the filling point located approx. 1.3 metres from the end of the tank to,SECONARY LIFE-SAVING RULE:  Bypassing safety controls,Safety performance indicators – 2024 data.pdf,38,LSR-CAND-000068,Bypassing Safety Controls,UNKNOWN,"[""Bypassing Safety Controls""]",IOGP_STAGE37A1,SOURCE_GROUNDED,SOURCE_EXTRACTED,RECONSTRUCTED,2026-09-03T06:10:20Z
RECON-LSR-0063,GRP-Safety performa-P39,"DATE: 05 Jul 2024 FUNCTION: Drilling CAUSE: Caught in, under or between (excl. dropped objects) ACTIVITY: Drilling, workover, well operations The plan was to move a Drill-Floor-Manipulator-Arm (DFMA) to its parking position. However, the equipment operator accidentally moved the riser catwalk machine instead causing an injury to a person working on the drill floor. WHAT WENT WRONG: The wrong type of equipment was moved due to operator error. A person was positioned in the line of fire since",PRIMARY LIFE-SAVING RULE:  Bypassing safety controls,Safety performance indicators – 2024 data.pdf,39,LSR-CAND-000069,Bypassing Safety Controls,UNKNOWN,"[""Bypassing Safety Controls""]",IOGP_STAGE37A1,SOURCE_GROUNDED,SOURCE_EXTRACTED,RECONSTRUCTED,2026-09-03T06:10:20Z
RECON-LSR-0064,GRP-Safety performa-P39,"DATE: 05 Jul 2024 FUNCTION: Drilling CAUSE: Caught in, under or between (excl. dropped objects) ACTIVITY: Drilling, workover, well operations The plan was to move a Drill-Floor-Manipulator-Arm (DFMA) to its parking position. However, the equipment operator accidentally moved the riser catwalk machine instead causing an injury to a person working on the drill floor. WHAT WENT WRONG: The wrong type of equipment was moved due to operator error. A person was positioned in the line of fire since",SECONARY LIFE-SAVING RULE:  Line of fire,Safety performance indicators – 2024 data.pdf,39,LSR-CAND-000070,Line of Fire,UNKNOWN,"[""Line of Fire""]",IOGP_STAGE37A1,SOURCE_GROUNDED,SOURCE_EXTRACTED,RECONSTRUCTED,2026-09-03T06:10:21Z
RECON-LSR-0065,GRP-Safety performa-P39,"DATE: 05 Jul 2024 FUNCTION: Drilling CAUSE: Caught in, under or between (excl. dropped objects) ACTIVITY: Drilling, workover, well operations The plan was to move a Drill-Floor-Manipulator-Arm (DFMA) to its parking position. However, the equipment operator accidentally moved the riser catwalk machine instead causing an injury to a person working on the drill floor. WHAT WENT WRONG: The wrong type of equipment was moved due to operator error. A person was positioned in the line of fire since",PRIMARY LIFE-SAVING RULE:  Safe mechanical lifting,Safety performance indicators – 2024 data.pdf,39,LSR-CAND-000071,Safe Mechanical Lifting,UNKNOWN,"[""Safe Mechanical Lifting""]",IOGP_STAGE37A1,SOURCE_GROUNDED,SOURCE_EXTRACTED,RECONSTRUCTED,2026-09-03T06:10:21Z
RECON-LSR-0066,GRP-Safety performa-P39,"DATE: 05 Jul 2024 FUNCTION: Drilling CAUSE: Caught in, under or between (excl. dropped objects) ACTIVITY: Drilling, workover, well operations The plan was to move a Drill-Floor-Manipulator-Arm (DFMA) to its parking position. However, the equipment operator accidentally moved the riser catwalk machine instead causing an injury to a person working on the drill floor. WHAT WENT WRONG: The wrong type of equipment was moved due to operator error. A person was positioned in the line of fire since",SECONARY LIFE-SAVING RULE:  Line of fire,Safety performance indicators – 2024 data.pdf,39,LSR-CAND-000072,Line of Fire,UNKNOWN,"[""Line of Fire""]",IOGP_STAGE37A1,SOURCE_GROUNDED,SOURCE_EXTRACTED,RECONSTRUCTED,2026-09-03T06:10:21Z
RECON-LSR-0067,GRP-Safety performa-P40,WHAT WENT WRONG: An incorrect/old maintenance manual was referred to in the maintenance system. The daily check list was incomplete. A swivel hook without a swivel bearing had been used which did not effectively prevent the transfer of rotational force from the load to the piston rod. The design of the set screws which should secure the piston rod from coming loose from the piston was inadequate. CORRECTIVE ACTIONS AND RECOMMENDATIONS: Ensure detailed specification of what type of swivel to be used. Update the daily inspection requirements and implement a routine ensuring the latest maintenance manuals are available in the maintenance system at all times.,PRIMARY LIFE-SAVING RULE:  Safe mechanical lifting,Safety performance indicators – 2024 data.pdf,40,LSR-CAND-000073,Safe Mechanical Lifting,UNKNOWN,"[""Safe Mechanical Lifting""]",IOGP_STAGE37A1,SOURCE_GROUNDED,SOURCE_EXTRACTED,RECONSTRUCTED,2026-09-03T06:10:21Z
RECON-LSR-0068,GRP-Safety performa-P40,WHAT WENT WRONG: An incorrect/old maintenance manual was referred to in the maintenance system. The daily check list was incomplete. A swivel hook without a swivel bearing had been used which did not effectively prevent the transfer of rotational force from the load to the piston rod. The design of the set screws which should secure the piston rod from coming loose from the piston was inadequate. CORRECTIVE ACTIONS AND RECOMMENDATIONS: Ensure detailed specification of what type of swivel to be used. Update the daily inspection requirements and implement a routine ensuring the latest maintenance manuals are available in the maintenance system at all times.,SECONARY LIFE-SAVING RULE:  Line of fire,Safety performance indicators – 2024 data.pdf,40,LSR-CAND-000074,Line of Fire,UNKNOWN,"[""Line of Fire""]",IOGP_STAGE37A1,SOURCE_GROUNDED,SOURCE_EXTRACTED,RECONSTRUCTED,2026-09-03T06:10:21Z
RECON-LSR-0069,GRP-Safety performa-P41,"CORRECTIVE ACTIONS AND RECOMMENDATIONS: • Ensure the dimensions of the plates to make up a floor for the containers are fit for purpose (no overhang). • An installation procedure for correct placement of floor plates to be developed. Follow-up checks to be implemented. PEOPLE (ACTS): Following Procedures: Deviation intentional (by individual or group) PEOPLE (ACTS): Following Procedures: Improper lifting or loading PEOPLE (ACTS): Use of Tools, Equipment, Materials and Products: Improper use/position of tools/equipment/ materials/products PEOPLE (ACTS): Use of Protective Methods: Failure to warn of hazard",PRIMARY LIFE-SAVING RULE:  Safe mechanical lifting,Safety performance indicators – 2024 data.pdf,41,LSR-CAND-000075,Safe Mechanical Lifting,UNKNOWN,"[""Safe Mechanical Lifting""]",IOGP_STAGE37A1,SOURCE_GROUNDED,SOURCE_EXTRACTED,RECONSTRUCTED,2026-09-03T06:10:22Z
RECON-LSR-0070,GRP-Safety performa-P41,"CORRECTIVE ACTIONS AND RECOMMENDATIONS: • Ensure the dimensions of the plates to make up a floor for the containers are fit for purpose (no overhang). • An installation procedure for correct placement of floor plates to be developed. Follow-up checks to be implemented. PEOPLE (ACTS): Following Procedures: Deviation intentional (by individual or group) PEOPLE (ACTS): Following Procedures: Improper lifting or loading PEOPLE (ACTS): Use of Tools, Equipment, Materials and Products: Improper use/position of tools/equipment/ materials/products PEOPLE (ACTS): Use of Protective Methods: Failure to warn of hazard",SECONARY LIFE-SAVING RULE:  Line of fire,Safety performance indicators – 2024 data.pdf,41,LSR-CAND-000076,Line of Fire,UNKNOWN,"[""Line of Fire""]",IOGP_STAGE37A1,SOURCE_GROUNDED,SOURCE_EXTRACTED,RECONSTRUCTED,2026-09-03T06:10:22Z
RECON-LSR-0071,GRP-Safety performa-P42,"CORRECTIVE ACTIONS AND RECOMMENDATIONS: A cross learning initiative was implemented at all offshore installations to conduct a one-hour time-out for safety on all shifts based on the established ""Safety Alert"" created following the incident. Focus on requirements related to blind driving and form of communication during planning and pre-job interviews. Follow up on any findings revealed during this time-out was also part of the initiative. The incident was investigated internally. Local recommendations were given within the following five areas: • Fulfilling the role of operational responsible person – lifting operations. • Training in handling of the hatch arrangement and lifting operations in the shaft.",PRIMARY LIFE-SAVING RULE:  Energy isolation,Safety performance indicators – 2024 data.pdf,42,LSR-CAND-000077,Energy Isolation,UNKNOWN,"[""Energy Isolation""]",IOGP_STAGE37A1,SOURCE_GROUNDED,SOURCE_EXTRACTED,RECONSTRUCTED,2026-09-03T06:10:22Z
RECON-LSR-0072,GRP-Safety performa-P42,"CORRECTIVE ACTIONS AND RECOMMENDATIONS: A cross learning initiative was implemented at all offshore installations to conduct a one-hour time-out for safety on all shifts based on the established ""Safety Alert"" created following the incident. Focus on requirements related to blind driving and form of communication during planning and pre-job interviews. Follow up on any findings revealed during this time-out was also part of the initiative. The incident was investigated internally. Local recommendations were given within the following five areas: • Fulfilling the role of operational responsible person – lifting operations. • Training in handling of the hatch arrangement and lifting operations in the shaft.",SECONARY LIFE-SAVING RULE:  Bypassing safety controls,Safety performance indicators – 2024 data.pdf,42,LSR-CAND-000078,Bypassing Safety Controls,UNKNOWN,"[""Bypassing Safety Controls""]",IOGP_STAGE37A1,SOURCE_GROUNDED,SOURCE_EXTRACTED,RECONSTRUCTED,2026-09-03T06:10:22Z
RECON-LSR-0073,GRP-Safety performa-P43,"DATE: 03 Mar 2024 FUNCTION: Drilling CAUSE: Caught in, under or between (excl. dropped objects) ACTIVITY: Drilling, workover, well operations When waiting for equipment to be lowered from the top drive to the rig floor during a period of maintenance, a member of the drill crew leant back against the operating lever for the z-back (pipe racking system) turntable at the end of the pipe skate, causing the table to turn and trap their foot. The IP was transferred to the sick bay for assessment and taken to hospital by coastguard helicopter later that evening. Operations were suspended and a",PRIMARY LIFE-SAVING RULE:  Line of fire,Safety performance indicators – 2024 data.pdf,43,LSR-CAND-000079,Line of Fire,UNKNOWN,"[""Line of Fire""]",IOGP_STAGE37A1,SOURCE_GROUNDED,SOURCE_EXTRACTED,RECONSTRUCTED,2026-09-03T06:10:22Z
RECON-LSR-0074,GRP-Safety performa-P43,"DATE: 03 Mar 2024 FUNCTION: Drilling CAUSE: Caught in, under or between (excl. dropped objects) ACTIVITY: Drilling, workover, well operations When waiting for equipment to be lowered from the top drive to the rig floor during a period of maintenance, a member of the drill crew leant back against the operating lever for the z-back (pipe racking system) turntable at the end of the pipe skate, causing the table to turn and trap their foot. The IP was transferred to the sick bay for assessment and taken to hospital by coastguard helicopter later that evening. Operations were suspended and a",SECONARY LIFE-SAVING RULE:  Energy isolation,Safety performance indicators – 2024 data.pdf,43,LSR-CAND-000080,Energy Isolation,UNKNOWN,"[""Energy Isolation""]",IOGP_STAGE37A1,SOURCE_GROUNDED,SOURCE_EXTRACTED,RECONSTRUCTED,2026-09-03T06:10:22Z
RECON-LSR-0075,GRP-Safety performa-P44,"DATE: 30 Jul 2024 FUNCTION: Production CAUSE: Caught in, under or between (excl. dropped objects) ACTIVITY: Maintenance, inspection, testing During non-invasive temperature monitoring of the west crane engine, as part of repair commissioning, the engineer observed an oil filter leaking (this is a known leak). Whilst investigating the leak the IP placed his hand in an area not protected by the radiator fan guard (engine running) resulting in the hand making contact with the radiator fan resulting in significant injury to fingers of his left-hand and required Medevac to hospital.",PRIMARY LIFE-SAVING RULE:  Energy isolation,Safety performance indicators – 2024 data.pdf,44,LSR-CAND-000081,Energy Isolation,UNKNOWN,"[""Energy Isolation""]",IOGP_STAGE37A1,SOURCE_GROUNDED,SOURCE_EXTRACTED,RECONSTRUCTED,2026-09-03T06:10:23Z
RECON-LSR-0076,GRP-Safety performa-P44,"DATE: 30 Jul 2024 FUNCTION: Production CAUSE: Caught in, under or between (excl. dropped objects) ACTIVITY: Maintenance, inspection, testing During non-invasive temperature monitoring of the west crane engine, as part of repair commissioning, the engineer observed an oil filter leaking (this is a known leak). Whilst investigating the leak the IP placed his hand in an area not protected by the radiator fan guard (engine running) resulting in the hand making contact with the radiator fan resulting in significant injury to fingers of his left-hand and required Medevac to hospital.",SECONARY LIFE-SAVING RULE:  Line of fire,Safety performance indicators – 2024 data.pdf,44,LSR-CAND-000082,Line of Fire,UNKNOWN,"[""Line of Fire""]",IOGP_STAGE37A1,SOURCE_GROUNDED,SOURCE_EXTRACTED,RECONSTRUCTED,2026-09-03T06:10:23Z
RECON-LSR-0077,GRP-Safety performa-P44,"DATE: 30 Jul 2024 FUNCTION: Production CAUSE: Caught in, under or between (excl. dropped objects) ACTIVITY: Maintenance, inspection, testing During non-invasive temperature monitoring of the west crane engine, as part of repair commissioning, the engineer observed an oil filter leaking (this is a known leak). Whilst investigating the leak the IP placed his hand in an area not protected by the radiator fan guard (engine running) resulting in the hand making contact with the radiator fan resulting in significant injury to fingers of his left-hand and required Medevac to hospital.",PRIMARY LIFE-SAVING RULE:  Safe mechanical lifting,Safety performance indicators – 2024 data.pdf,44,LSR-CAND-000083,Safe Mechanical Lifting,UNKNOWN,"[""Safe Mechanical Lifting""]",IOGP_STAGE37A1,SOURCE_GROUNDED,SOURCE_EXTRACTED,RECONSTRUCTED,2026-09-03T06:10:23Z
RECON-LSR-0078,GRP-Safety performa-P44,"DATE: 30 Jul 2024 FUNCTION: Production CAUSE: Caught in, under or between (excl. dropped objects) ACTIVITY: Maintenance, inspection, testing During non-invasive temperature monitoring of the west crane engine, as part of repair commissioning, the engineer observed an oil filter leaking (this is a known leak). Whilst investigating the leak the IP placed his hand in an area not protected by the radiator fan guard (engine running) resulting in the hand making contact with the radiator fan resulting in significant injury to fingers of his left-hand and required Medevac to hospital.",SECONARY LIFE-SAVING RULE:  Line of fire,Safety performance indicators – 2024 data.pdf,44,LSR-CAND-000084,Line of Fire,UNKNOWN,"[""Line of Fire""]",IOGP_STAGE37A1,SOURCE_GROUNDED,SOURCE_EXTRACTED,RECONSTRUCTED,2026-09-03T06:10:23Z
RECON-LSR-0079,GRP-Safety performa-P45,"PEOPLE (ACTS): Following Procedures: Improper position (in the line of fire) PROCESS (CONDITIONS): Protective Systems: Inadequate/defective warning systems/safety devices PROCESS (CONDITIONS): Tools, Equipment, Materials and Products: Inadequate/defective tools/equipment/ materials/products PROCESS (CONDITIONS): Organizational: Failure to report/learn from events DATE: 11 Apr 2024 FUNCTION: Production CAUSE: Dropped objects",PRIMARY LIFE-SAVING RULE:  Line of fire,Safety performance indicators – 2024 data.pdf,45,LSR-CAND-000085,Line of Fire,UNKNOWN,"[""Line of Fire""]",IOGP_STAGE37A1,SOURCE_GROUNDED,SOURCE_EXTRACTED,RECONSTRUCTED,2026-09-03T06:10:23Z
RECON-LSR-0080,GRP-Safety performa-P46,"DATE: 28 Feb 2024 FUNCTION: Production CAUSE: Dropped objects ACTIVITY: Maintenance, inspection, testing South crane boom lower wired handrail failed from corrosion. WHAT WENT WRONG: • Handrail failure lies in the absence of a maintenance and inspection regime that had a high probability of mitigating the hidden corrosion damage reaching the point of mechanical failure.",PRIMARY LIFE-SAVING RULE:  Bypassing safety controls,Safety performance indicators – 2024 data.pdf,46,LSR-CAND-000086,Bypassing Safety Controls,UNKNOWN,"[""Bypassing Safety Controls""]",IOGP_STAGE37A1,SOURCE_GROUNDED,SOURCE_EXTRACTED,RECONSTRUCTED,2026-09-03T06:10:24Z
RECON-LSR-0081,GRP-Safety performa-P46,"DATE: 28 Feb 2024 FUNCTION: Production CAUSE: Dropped objects ACTIVITY: Maintenance, inspection, testing South crane boom lower wired handrail failed from corrosion. WHAT WENT WRONG: • Handrail failure lies in the absence of a maintenance and inspection regime that had a high probability of mitigating the hidden corrosion damage reaching the point of mechanical failure.",PRIMARY LIFE-SAVING RULE:  Line of fire,Safety performance indicators – 2024 data.pdf,46,LSR-CAND-000087,Line of Fire,UNKNOWN,"[""Line of Fire""]",IOGP_STAGE37A1,SOURCE_GROUNDED,SOURCE_EXTRACTED,RECONSTRUCTED,2026-09-03T06:10:24Z
RECON-LSR-0082,GRP-Safety performa-P46,"DATE: 28 Feb 2024 FUNCTION: Production CAUSE: Dropped objects ACTIVITY: Maintenance, inspection, testing South crane boom lower wired handrail failed from corrosion. WHAT WENT WRONG: • Handrail failure lies in the absence of a maintenance and inspection regime that had a high probability of mitigating the hidden corrosion damage reaching the point of mechanical failure.",SECONARY LIFE-SAVING RULE:  Working at height,Safety performance indicators – 2024 data.pdf,46,LSR-CAND-000088,Working at Height,UNKNOWN,"[""Working at Height""]",IOGP_STAGE37A1,SOURCE_GROUNDED,SOURCE_EXTRACTED,RECONSTRUCTED,2026-09-03T06:10:24Z
RECON-LSR-0083,GRP-Safety performa-P48,"MIDDLE EAST ONSHORE DATE: 09 Aug 2024 COUNTRY: Bahrain FUNCTION: Drilling CAUSE: Dropped objects ACTIVITY: Drilling, workover, well operations While the rig crew was assembling the Bottom Hole Assembly (BHA), they used a tugger to lift the off-driller side rig tongs to torque the connection. At 1530 hrs, as the tong was being lifted, the winch line pushed the service",PRIMARY LIFE-SAVING RULE:  Safe mechanical lifting,Safety performance indicators – 2024 data.pdf,48,LSR-CAND-000089,Safe Mechanical Lifting,UNKNOWN,"[""Safe Mechanical Lifting""]",IOGP_STAGE37A1,SOURCE_GROUNDED,SOURCE_EXTRACTED,RECONSTRUCTED,2026-09-03T06:10:24Z
RECON-LSR-0084,GRP-Safety performa-P48,"MIDDLE EAST ONSHORE DATE: 09 Aug 2024 COUNTRY: Bahrain FUNCTION: Drilling CAUSE: Dropped objects ACTIVITY: Drilling, workover, well operations While the rig crew was assembling the Bottom Hole Assembly (BHA), they used a tugger to lift the off-driller side rig tongs to torque the connection. At 1530 hrs, as the tong was being lifted, the winch line pushed the service",SECONARY LIFE-SAVING RULE:  Line of fire,Safety performance indicators – 2024 data.pdf,48,LSR-CAND-000090,Line of Fire,UNKNOWN,"[""Line of Fire""]",IOGP_STAGE37A1,SOURCE_GROUNDED,SOURCE_EXTRACTED,RECONSTRUCTED,2026-09-03T06:10:24Z
RECON-LSR-0085,GRP-Safety performa-P49,"PEOPLE (ACTS): Following Procedures: Deviation unintentional (by individual or group) PEOPLE (ACTS): Following Procedures: Improper position (in the line of fire) PEOPLE (ACTS): Following Procedures: Improper lifting or loading PEOPLE (ACTS): Use of Tools, Equipment, Materials and Products: Improper use/position of tools/equipment/ materials/products PROCESS (CONDITIONS): Protective Systems: Inadequate/defective warning systems/safety devices PROCESS (CONDITIONS): Organizational: Inadequate hazard identification or risk assessment DATE: 01 Apr 2024",PRIMARY LIFE-SAVING RULE:  Safe mechanical lifting,Safety performance indicators – 2024 data.pdf,49,LSR-CAND-000091,Safe Mechanical Lifting,UNKNOWN,"[""Safe Mechanical Lifting""]",IOGP_STAGE37A1,SOURCE_GROUNDED,SOURCE_EXTRACTED,RECONSTRUCTED,2026-09-03T06:10:25Z
RECON-LSR-0086,GRP-Safety performa-P49,"PEOPLE (ACTS): Following Procedures: Deviation unintentional (by individual or group) PEOPLE (ACTS): Following Procedures: Improper position (in the line of fire) PEOPLE (ACTS): Following Procedures: Improper lifting or loading PEOPLE (ACTS): Use of Tools, Equipment, Materials and Products: Improper use/position of tools/equipment/ materials/products PROCESS (CONDITIONS): Protective Systems: Inadequate/defective warning systems/safety devices PROCESS (CONDITIONS): Organizational: Inadequate hazard identification or risk assessment DATE: 01 Apr 2024",SECONARY LIFE-SAVING RULE:  Line of fire,Safety performance indicators – 2024 data.pdf,49,LSR-CAND-000092,Line of Fire,UNKNOWN,"[""Line of Fire""]",IOGP_STAGE37A1,SOURCE_GROUNDED,SOURCE_EXTRACTED,RECONSTRUCTED,2026-09-03T06:10:25Z
RECON-LSR-0087,GRP-Safety performa-P50,"2. Avoid sharp edges: - ensure that no tools being lifted have sharp edges, as these can deteriorate lifting belts. 3. Alternative lifting gear: - consider using different types of lifting gear, such as pulling clamps or two-side lifting clamps, to enhance safety and efficiency. 4. Coiled tubing mounting unit: - evaluate the feasibility of using a coiled tubing mounting unit to avoid the need for feeding coiled tubing into the injector head.",PRIMARY LIFE-SAVING RULE:  Confined space,Safety performance indicators – 2024 data.pdf,50,LSR-CAND-000093,Confined Space,UNKNOWN,"[""Confined Space""]",IOGP_STAGE37A1,SOURCE_GROUNDED,SOURCE_EXTRACTED,RECONSTRUCTED,2026-09-03T06:10:25Z
RECON-LSR-0088,GRP-Safety performa-P50,"2. Avoid sharp edges: - ensure that no tools being lifted have sharp edges, as these can deteriorate lifting belts. 3. Alternative lifting gear: - consider using different types of lifting gear, such as pulling clamps or two-side lifting clamps, to enhance safety and efficiency. 4. Coiled tubing mounting unit: - evaluate the feasibility of using a coiled tubing mounting unit to avoid the need for feeding coiled tubing into the injector head.",SECONARY LIFE-SAVING RULE:  Bypassing safety controls,Safety performance indicators – 2024 data.pdf,50,LSR-CAND-000094,Bypassing Safety Controls,UNKNOWN,"[""Bypassing Safety Controls""]",IOGP_STAGE37A1,SOURCE_GROUNDED,SOURCE_EXTRACTED,RECONSTRUCTED,2026-09-03T06:10:25Z
RECON-LSR-0089,GRP-Safety performa-P51,WHAT WENT WRONG: • Unauthorized entry into CSE no approval. • No approved documentation for task. • Workers not CSE trained and did not realize the risks involved. • Lack of supervision. CORRECTIVE ACTIONS AND RECOMMENDATIONS: • All persons to be CSE trained. •  Only enter CSE when trained and all correct documentation and controls implemented.,PRIMARY LIFE-SAVING RULE:  Working at height,Safety performance indicators – 2024 data.pdf,51,LSR-CAND-000095,Working at Height,UNKNOWN,"[""Working at Height""]",IOGP_STAGE37A1,SOURCE_GROUNDED,SOURCE_EXTRACTED,RECONSTRUCTED,2026-09-03T06:10:26Z
RECON-LSR-0090,GRP-Safety performa-P51,WHAT WENT WRONG: • Unauthorized entry into CSE no approval. • No approved documentation for task. • Workers not CSE trained and did not realize the risks involved. • Lack of supervision. CORRECTIVE ACTIONS AND RECOMMENDATIONS: • All persons to be CSE trained. •  Only enter CSE when trained and all correct documentation and controls implemented.,SECONARY LIFE-SAVING RULE:  Line of fire,Safety performance indicators – 2024 data.pdf,51,LSR-CAND-000096,Line of Fire,UNKNOWN,"[""Line of Fire""]",IOGP_STAGE37A1,SOURCE_GROUNDED,SOURCE_EXTRACTED,RECONSTRUCTED,2026-09-03T06:10:27Z
RECON-LSR-0091,GRP-Safety performa-P52,"• Supervisors have been instructed to actively monitor scaffolding activities to ensure adherence to safety protocols and proper risk management practices. • Realistic task schedules are established to prevent time pressures that may lead to shortcut actions. • All scaffolding activities are closely linked to the Work Permit system, ensuring strict compliance with outlined safety requirements before work commences. PEOPLE (ACTS): Following Procedures: Improper position (in the line of fire) PROCESS (CONDITIONS): Organizational: Inadequate training/competence PROCESS (CONDITIONS): Organizational: Inadequate work standards/procedures",PRIMARY LIFE-SAVING RULE:  Line of fire,Safety performance indicators – 2024 data.pdf,52,LSR-CAND-000097,Line of Fire,UNKNOWN,"[""Line of Fire""]",IOGP_STAGE37A1,SOURCE_GROUNDED,SOURCE_EXTRACTED,RECONSTRUCTED,2026-09-03T06:10:28Z
RECON-LSR-0092,GRP-Safety performa-P53,"PROCESS (CONDITIONS): Organizational: Inadequate work standards/procedures PROCESS (CONDITIONS): Organizational: Inadequate hazard identification or risk assessment PROCESS (CONDITIONS): Organizational: Inadequate supervision DATE: 24 Feb 2024 FUNCTION: Drilling CAUSE: Exposure noise, chemical, biological, vibration, extreme temperature ACTIVITY: Drilling, workover, well operations During well control killing operation by bleeding pressure through choke manifold to flow back tank. Driller smelled",PRIMARY LIFE-SAVING RULE:  Bypassing safety controls,Safety performance indicators – 2024 data.pdf,53,LSR-CAND-000098,Bypassing Safety Controls,UNKNOWN,"[""Bypassing Safety Controls""]",IOGP_STAGE37A1,SOURCE_GROUNDED,SOURCE_EXTRACTED,RECONSTRUCTED,2026-09-03T06:10:29Z
RECON-LSR-0093,GRP-Safety performa-P53,"PROCESS (CONDITIONS): Organizational: Inadequate work standards/procedures PROCESS (CONDITIONS): Organizational: Inadequate hazard identification or risk assessment PROCESS (CONDITIONS): Organizational: Inadequate supervision DATE: 24 Feb 2024 FUNCTION: Drilling CAUSE: Exposure noise, chemical, biological, vibration, extreme temperature ACTIVITY: Drilling, workover, well operations During well control killing operation by bleeding pressure through choke manifold to flow back tank. Driller smelled",PRIMARY LIFE-SAVING RULE:  Bypassing safety controls,Safety performance indicators – 2024 data.pdf,53,LSR-CAND-000099,Bypassing Safety Controls,UNKNOWN,"[""Bypassing Safety Controls""]",IOGP_STAGE37A1,SOURCE_GROUNDED,SOURCE_EXTRACTED,RECONSTRUCTED,2026-09-03T06:10:29Z
RECON-LSR-0094,GRP-Safety performa-P53,"PROCESS (CONDITIONS): Organizational: Inadequate work standards/procedures PROCESS (CONDITIONS): Organizational: Inadequate hazard identification or risk assessment PROCESS (CONDITIONS): Organizational: Inadequate supervision DATE: 24 Feb 2024 FUNCTION: Drilling CAUSE: Exposure noise, chemical, biological, vibration, extreme temperature ACTIVITY: Drilling, workover, well operations During well control killing operation by bleeding pressure through choke manifold to flow back tank. Driller smelled",SECONARY LIFE-SAVING RULE:  Line of fire,Safety performance indicators – 2024 data.pdf,53,LSR-CAND-000100,Line of Fire,UNKNOWN,"[""Line of Fire""]",IOGP_STAGE37A1,SOURCE_GROUNDED,SOURCE_EXTRACTED,RECONSTRUCTED,2026-09-03T06:10:30Z
RECON-LSR-0095,GRP-Safety performa-P54,"WHAT WENT WRONG: • Inattention to the surroundings from the forklift operator. Improper positioning of the forklift boom. • Turning without checking the surroundings. • Lack of use of vision aids (reverse camera, side mirrors). • Performing a routine job without being conscious of surrounding hazards. CORRECTIVE ACTIONS AND RECOMMENDATIONS: • Ensure to increase attention of the surrounding hazards. • Always maintain the forklift boom on the downward position while moving.",PRIMARY LIFE-SAVING RULE:  Safe mechanical lifting,Safety performance indicators – 2024 data.pdf,54,LSR-CAND-000101,Safe Mechanical Lifting,UNKNOWN,"[""Safe Mechanical Lifting""]",IOGP_STAGE37A1,SOURCE_GROUNDED,SOURCE_EXTRACTED,RECONSTRUCTED,2026-09-03T06:10:30Z
RECON-LSR-0096,GRP-Safety performa-P54,"WHAT WENT WRONG: • Inattention to the surroundings from the forklift operator. Improper positioning of the forklift boom. • Turning without checking the surroundings. • Lack of use of vision aids (reverse camera, side mirrors). • Performing a routine job without being conscious of surrounding hazards. CORRECTIVE ACTIONS AND RECOMMENDATIONS: • Ensure to increase attention of the surrounding hazards. • Always maintain the forklift boom on the downward position while moving.",SECONARY LIFE-SAVING RULE:  Line of fire,Safety performance indicators – 2024 data.pdf,54,LSR-CAND-000102,Line of Fire,UNKNOWN,"[""Line of Fire""]",IOGP_STAGE37A1,SOURCE_GROUNDED,SOURCE_EXTRACTED,RECONSTRUCTED,2026-09-03T06:10:30Z
RECON-LSR-0097,GRP-Safety performa-P55,"DATE: 12 Jul 2024 FUNCTION: Construction CAUSE: Struck by (not dropped object) ACTIVITY: Transport – Land While employees were swapping feed filter tanks at one of the stations, the old tank was loaded for transport to one of the stores. During transit, as the trailer passed beneath the overhead line (OHL), the vent support hit the fibre optic cable (FOC), causing damage. Unaware of the incident, the driver continued driving and subsequently hit a guard pole rope, detaching one end.",PRIMARY LIFE-SAVING RULE:  Driving,Safety performance indicators – 2024 data.pdf,55,LSR-CAND-000103,Driving,UNKNOWN,"[""Driving""]",IOGP_STAGE37A1,SOURCE_GROUNDED,SOURCE_EXTRACTED,RECONSTRUCTED,2026-09-03T06:10:30Z
RECON-LSR-0098,GRP-Safety performa-P55,"DATE: 12 Jul 2024 FUNCTION: Construction CAUSE: Struck by (not dropped object) ACTIVITY: Transport – Land While employees were swapping feed filter tanks at one of the stations, the old tank was loaded for transport to one of the stores. During transit, as the trailer passed beneath the overhead line (OHL), the vent support hit the fibre optic cable (FOC), causing damage. Unaware of the incident, the driver continued driving and subsequently hit a guard pole rope, detaching one end.",SECONARY LIFE-SAVING RULE:  Line of fire,Safety performance indicators – 2024 data.pdf,55,LSR-CAND-000104,Line of Fire,UNKNOWN,"[""Line of Fire""]",IOGP_STAGE37A1,SOURCE_GROUNDED,SOURCE_EXTRACTED,RECONSTRUCTED,2026-09-03T06:10:31Z
RECON-LSR-0099,GRP-Safety performa-P55,"DATE: 12 Jul 2024 FUNCTION: Construction CAUSE: Struck by (not dropped object) ACTIVITY: Transport – Land While employees were swapping feed filter tanks at one of the stations, the old tank was loaded for transport to one of the stores. During transit, as the trailer passed beneath the overhead line (OHL), the vent support hit the fibre optic cable (FOC), causing damage. Unaware of the incident, the driver continued driving and subsequently hit a guard pole rope, detaching one end.",PRIMARY LIFE-SAVING RULE:  Line of fire,Safety performance indicators – 2024 data.pdf,55,LSR-CAND-000105,Line of Fire,UNKNOWN,"[""Line of Fire""]",IOGP_STAGE37A1,SOURCE_GROUNDED,SOURCE_EXTRACTED,RECONSTRUCTED,2026-09-03T06:10:31Z
RECON-LSR-0100,GRP-Safety performa-P55,"DATE: 12 Jul 2024 FUNCTION: Construction CAUSE: Struck by (not dropped object) ACTIVITY: Transport – Land While employees were swapping feed filter tanks at one of the stations, the old tank was loaded for transport to one of the stores. During transit, as the trailer passed beneath the overhead line (OHL), the vent support hit the fibre optic cable (FOC), causing damage. Unaware of the incident, the driver continued driving and subsequently hit a guard pole rope, detaching one end.",SECONARY LIFE-SAVING RULE:  Safe mechanical lifting,Safety performance indicators – 2024 data.pdf,55,LSR-CAND-000106,Safe Mechanical Lifting,UNKNOWN,"[""Safe Mechanical Lifting""]",IOGP_STAGE37A1,SOURCE_GROUNDED,SOURCE_EXTRACTED,RECONSTRUCTED,2026-09-03T06:10:31Z
RECON-LSR-0101,GRP-Safety performa-P56,He was sent to clinic for first aid and then to hospital. Scaffold activities by relevant party are suspended and investigation is kicked off. WHAT WENT WRONG: • Collision of ledgers due to unexpected change of pace of moving ledgers. • Deflection of falling ledger by nearby staircase into scaffolder's section. CORRECTIVE ACTIONS AND RECOMMENDATIONS: • Communication among work parties during work execution and moments of change. • Clarity of lead role when handballing.,PRIMARY LIFE-SAVING RULE:  Working at height,Safety performance indicators – 2024 data.pdf,56,LSR-CAND-000107,Working at Height,UNKNOWN,"[""Working at Height""]",IOGP_STAGE37A1,SOURCE_GROUNDED,SOURCE_EXTRACTED,RECONSTRUCTED,2026-09-03T06:10:31Z
RECON-LSR-0102,GRP-Safety performa-P56,He was sent to clinic for first aid and then to hospital. Scaffold activities by relevant party are suspended and investigation is kicked off. WHAT WENT WRONG: • Collision of ledgers due to unexpected change of pace of moving ledgers. • Deflection of falling ledger by nearby staircase into scaffolder's section. CORRECTIVE ACTIONS AND RECOMMENDATIONS: • Communication among work parties during work execution and moments of change. • Clarity of lead role when handballing.,SECONARY LIFE-SAVING RULE:  Line of fire,Safety performance indicators – 2024 data.pdf,56,LSR-CAND-000108,Line of Fire,UNKNOWN,"[""Line of Fire""]",IOGP_STAGE37A1,SOURCE_GROUNDED,SOURCE_EXTRACTED,RECONSTRUCTED,2026-09-03T06:10:31Z
RECON-LSR-0103,GRP-Safety performa-P57,"DATE: 23 Aug 2024 FUNCTION: Production CAUSE: Explosion, fire or burns ACTIVITY: Maintenance, inspection, testing On 23 Aug 2024 at around 15:30hrs, there was an explosion in the gas chromatograph (GC) lab, which resulted in property damage and burns to a lab analyst. The incident occurred while the lab analyst was calibrating a total sulphur analyzer. During the calibration of the total sulphur analyzer, LPG was released from the cylinder used for the calibration, and the vaporized LPG came into contact with an ignition source causing an explosion and fire.",PRIMARY LIFE-SAVING RULE:  Energy isolation,Safety performance indicators – 2024 data.pdf,57,LSR-CAND-000109,Energy Isolation,UNKNOWN,"[""Energy Isolation""]",IOGP_STAGE37A1,SOURCE_GROUNDED,SOURCE_EXTRACTED,RECONSTRUCTED,2026-09-03T06:10:32Z
RECON-LSR-0104,GRP-Safety performa-P57,"DATE: 23 Aug 2024 FUNCTION: Production CAUSE: Explosion, fire or burns ACTIVITY: Maintenance, inspection, testing On 23 Aug 2024 at around 15:30hrs, there was an explosion in the gas chromatograph (GC) lab, which resulted in property damage and burns to a lab analyst. The incident occurred while the lab analyst was calibrating a total sulphur analyzer. During the calibration of the total sulphur analyzer, LPG was released from the cylinder used for the calibration, and the vaporized LPG came into contact with an ignition source causing an explosion and fire.",SECONARY LIFE-SAVING RULE:  Line of fire,Safety performance indicators – 2024 data.pdf,57,LSR-CAND-000110,Line of Fire,UNKNOWN,"[""Line of Fire""]",IOGP_STAGE37A1,SOURCE_GROUNDED,SOURCE_EXTRACTED,RECONSTRUCTED,2026-09-03T06:10:32Z
RECON-LSR-0105,GRP-Safety performa-P58,"CORRECTIVE ACTIONS AND RECOMMENDATIONS: Thorough Documentation of System Changes • Material Compatibility with Service Conditions • Inclusion of All Systems in Maintenance Programs PROCESS (CONDITIONS): Tools, Equipment, Materials and Products: Inadequate design/specification/management PROCESS (CONDITIONS): Tools, Equipment, Materials and Products: Inadequate maintenance/inspection/testing DATE: 14 Feb 2024 FUNCTION: Production",PRIMARY LIFE-SAVING RULE:  Work authorization,Safety performance indicators – 2024 data.pdf,58,LSR-CAND-000112,Work Authorization,UNKNOWN,"[""Work Authorization""]",IOGP_STAGE37A1,SOURCE_GROUNDED,SOURCE_EXTRACTED,RECONSTRUCTED,2026-09-03T06:10:33Z
RECON-LSR-0106,GRP-Safety performa-P58,"CORRECTIVE ACTIONS AND RECOMMENDATIONS: Thorough Documentation of System Changes • Material Compatibility with Service Conditions • Inclusion of All Systems in Maintenance Programs PROCESS (CONDITIONS): Tools, Equipment, Materials and Products: Inadequate design/specification/management PROCESS (CONDITIONS): Tools, Equipment, Materials and Products: Inadequate maintenance/inspection/testing DATE: 14 Feb 2024 FUNCTION: Production",SECONARY LIFE-SAVING RULE:  Line of fire,Safety performance indicators – 2024 data.pdf,58,LSR-CAND-000113,Line of Fire,UNKNOWN,"[""Line of Fire""]",IOGP_STAGE37A1,SOURCE_GROUNDED,SOURCE_EXTRACTED,RECONSTRUCTED,2026-09-03T06:10:33Z
RECON-LSR-0107,GRP-Safety performa-P59,DATE: 05 Mar 2024 FUNCTION: Production CAUSE: Pressure release ACTIVITY: Transport – Land A bulldozer lost control when coming out from a cement factory community gate and ran over a road crash barrier causing damage to a 4” fuel gas pipeline leading to a desalination plant. This could have resulted in a fire/explosion and serious injuries to people. WHAT WENT WRONG:,PRIMARY LIFE-SAVING RULE:  Driving,Safety performance indicators – 2024 data.pdf,59,LSR-CAND-000114,Driving,UNKNOWN,"[""Driving""]",IOGP_STAGE37A1,SOURCE_GROUNDED,SOURCE_EXTRACTED,RECONSTRUCTED,2026-09-03T06:10:34Z
RECON-LSR-0108,GRP-Safety performa-P59,DATE: 05 Mar 2024 FUNCTION: Production CAUSE: Pressure release ACTIVITY: Transport – Land A bulldozer lost control when coming out from a cement factory community gate and ran over a road crash barrier causing damage to a 4” fuel gas pipeline leading to a desalination plant. This could have resulted in a fire/explosion and serious injuries to people. WHAT WENT WRONG:,SECONARY LIFE-SAVING RULE:  Line of fire,Safety performance indicators – 2024 data.pdf,59,LSR-CAND-000115,Line of Fire,UNKNOWN,"[""Line of Fire""]",IOGP_STAGE37A1,SOURCE_GROUNDED,SOURCE_EXTRACTED,RECONSTRUCTED,2026-09-03T06:10:35Z
RECON-LSR-0109,GRP-Safety performa-P59,DATE: 05 Mar 2024 FUNCTION: Production CAUSE: Pressure release ACTIVITY: Transport – Land A bulldozer lost control when coming out from a cement factory community gate and ran over a road crash barrier causing damage to a 4” fuel gas pipeline leading to a desalination plant. This could have resulted in a fire/explosion and serious injuries to people. WHAT WENT WRONG:,PRIMARY LIFE-SAVING RULE:  Line of fire,Safety performance indicators – 2024 data.pdf,59,LSR-CAND-000116,Line of Fire,UNKNOWN,"[""Line of Fire""]",IOGP_STAGE37A1,SOURCE_GROUNDED,SOURCE_EXTRACTED,RECONSTRUCTED,2026-09-03T06:10:35Z
RECON-LSR-0110,GRP-Safety performa-P59,DATE: 05 Mar 2024 FUNCTION: Production CAUSE: Pressure release ACTIVITY: Transport – Land A bulldozer lost control when coming out from a cement factory community gate and ran over a road crash barrier causing damage to a 4” fuel gas pipeline leading to a desalination plant. This could have resulted in a fire/explosion and serious injuries to people. WHAT WENT WRONG:,SECONARY LIFE-SAVING RULE:  Energy isolation,Safety performance indicators – 2024 data.pdf,59,LSR-CAND-000117,Energy Isolation,UNKNOWN,"[""Energy Isolation""]",IOGP_STAGE37A1,SOURCE_GROUNDED,SOURCE_EXTRACTED,RECONSTRUCTED,2026-09-03T06:10:35Z
RECON-LSR-0111,GRP-Safety performa-P60,What Worked?: The IP was taken to the Medical Aid Centre and then to Hospital for further assessment and medical CORRECTIVE ACTIONS AND RECOMMENDATIONS: Always be aware of your hand and body placement while working with rotating equipment and never place your hand in the Line of Fire. • Do not attempt to conduct maintenance or repairs on equipment while it is running. • Use the correct tool for the job. • Be mindful of pinch points and possible hazards or risks that may place you in the Line of Fire. PEOPLE (ACTS): Following Procedures: Improper position (in the line of fire),PRIMARY LIFE-SAVING RULE:  Energy isolation,Safety performance indicators – 2024 data.pdf,60,LSR-CAND-000118,Energy Isolation,UNKNOWN,"[""Energy Isolation""]",IOGP_STAGE37A1,SOURCE_GROUNDED,SOURCE_EXTRACTED,RECONSTRUCTED,2026-09-03T06:10:35Z
RECON-LSR-0112,GRP-Safety performa-P60,What Worked?: The IP was taken to the Medical Aid Centre and then to Hospital for further assessment and medical CORRECTIVE ACTIONS AND RECOMMENDATIONS: Always be aware of your hand and body placement while working with rotating equipment and never place your hand in the Line of Fire. • Do not attempt to conduct maintenance or repairs on equipment while it is running. • Use the correct tool for the job. • Be mindful of pinch points and possible hazards or risks that may place you in the Line of Fire. PEOPLE (ACTS): Following Procedures: Improper position (in the line of fire),SECONARY LIFE-SAVING RULE:  Line of fire,Safety performance indicators – 2024 data.pdf,60,LSR-CAND-000119,Line of Fire,UNKNOWN,"[""Line of Fire""]",IOGP_STAGE37A1,SOURCE_GROUNDED,SOURCE_EXTRACTED,RECONSTRUCTED,2026-09-03T06:10:36Z
RECON-LSR-0113,GRP-Safety performa-P61,"• Conduct hazard identification and mitigation before entering the incident scene for data collection. • Discuss solutions with the blower manufacturer to prevent impeller rotation during installation and • Update the energy isolation program and training to include incident findings and emphasise “Lock, Block & Bleed.” • Communicate incident findings to all site personnel during Toolbox Talks. PEOPLE (ACTS): Following Procedures: Improper position (in the line of fire) PROCESS (CONDITIONS): Organizational: Inadequate work standards/procedures DATE: 10 Feb 2024 FUNCTION: Construction",PRIMARY LIFE-SAVING RULE:  Driving,Safety performance indicators – 2024 data.pdf,61,LSR-CAND-000120,Driving,UNKNOWN,"[""Driving""]",IOGP_STAGE37A1,SOURCE_GROUNDED,SOURCE_EXTRACTED,RECONSTRUCTED,2026-09-03T06:10:36Z
RECON-LSR-0114,GRP-Safety performa-P62,"DATE: 17 Jan 2024 FUNCTION: Construction CAUSE: Struck by (not dropped object) ACTIVITY: Transport – Land A Contractor driver, while reversing a 1 ton pickup, hit an Instrument Foreman crossing at the back of vehicle. IP fell and was run over by the rear tyres of the vehicle, his final position after the impact was face up, under the vehicle, between the front and rear tyres. He sustained multiple injuries (fractured right ribs, abrasion to face, cuts, and burn to right hand).",PRIMARY LIFE-SAVING RULE:  Driving,Safety performance indicators – 2024 data.pdf,62,LSR-CAND-000121,Driving,UNKNOWN,"[""Driving""]",IOGP_STAGE37A1,SOURCE_GROUNDED,SOURCE_EXTRACTED,RECONSTRUCTED,2026-09-03T06:10:36Z
RECON-LSR-0115,GRP-Safety performa-P62,"DATE: 17 Jan 2024 FUNCTION: Construction CAUSE: Struck by (not dropped object) ACTIVITY: Transport – Land A Contractor driver, while reversing a 1 ton pickup, hit an Instrument Foreman crossing at the back of vehicle. IP fell and was run over by the rear tyres of the vehicle, his final position after the impact was face up, under the vehicle, between the front and rear tyres. He sustained multiple injuries (fractured right ribs, abrasion to face, cuts, and burn to right hand).",SECONARY LIFE-SAVING RULE:  Line of fire,Safety performance indicators – 2024 data.pdf,62,LSR-CAND-000122,Line of Fire,UNKNOWN,"[""Line of Fire""]",IOGP_STAGE37A1,SOURCE_GROUNDED,SOURCE_EXTRACTED,RECONSTRUCTED,2026-09-03T06:10:36Z
RECON-LSR-0116,GRP-Safety performa-P62,"DATE: 17 Jan 2024 FUNCTION: Construction CAUSE: Struck by (not dropped object) ACTIVITY: Transport – Land A Contractor driver, while reversing a 1 ton pickup, hit an Instrument Foreman crossing at the back of vehicle. IP fell and was run over by the rear tyres of the vehicle, his final position after the impact was face up, under the vehicle, between the front and rear tyres. He sustained multiple injuries (fractured right ribs, abrasion to face, cuts, and burn to right hand).",PRIMARY LIFE-SAVING RULE:  Safe mechanical lifting,Safety performance indicators – 2024 data.pdf,62,LSR-CAND-000123,Safe Mechanical Lifting,UNKNOWN,"[""Safe Mechanical Lifting""]",IOGP_STAGE37A1,SOURCE_GROUNDED,SOURCE_EXTRACTED,RECONSTRUCTED,2026-09-03T06:10:36Z
RECON-LSR-0117,GRP-Safety performa-P62,"DATE: 17 Jan 2024 FUNCTION: Construction CAUSE: Struck by (not dropped object) ACTIVITY: Transport – Land A Contractor driver, while reversing a 1 ton pickup, hit an Instrument Foreman crossing at the back of vehicle. IP fell and was run over by the rear tyres of the vehicle, his final position after the impact was face up, under the vehicle, between the front and rear tyres. He sustained multiple injuries (fractured right ribs, abrasion to face, cuts, and burn to right hand).",SECONARY LIFE-SAVING RULE:  Line of fire,Safety performance indicators – 2024 data.pdf,62,LSR-CAND-000124,Line of Fire,UNKNOWN,"[""Line of Fire""]",IOGP_STAGE37A1,SOURCE_GROUNDED,SOURCE_EXTRACTED,RECONSTRUCTED,2026-09-03T06:10:37Z
RECON-LSR-0118,GRP-Safety performa-P64,"MIDDLE EAST OFFSHORE DATE: 16 Apr 2024 FUNCTION: Drilling CAUSE: Dropped objects ACTIVITY: Drilling, workover, well operations During high winds of about 50 knots, one of the sections of the top deck muster station sunshade weighing about 39.15kg was dislodged, blew off, and fell about 70 feet down onto the cantilever deck which was in tow position in preparation for planned rig move. No personnel injury because all personnel had earlier been asked to remain",PRIMARY LIFE-SAVING RULE:  Line of fire,Safety performance indicators – 2024 data.pdf,64,LSR-CAND-000125,Line of Fire,UNKNOWN,"[""Line of Fire""]",IOGP_STAGE37A1,SOURCE_GROUNDED,SOURCE_EXTRACTED,RECONSTRUCTED,2026-09-03T06:10:37Z
RECON-LSR-0119,GRP-Safety performa-P65,"DATE: 13 Apr 2024 FUNCTION: Drilling CAUSE: Dropped objects ACTIVITY: Lifting, crane, rigging, deck operations Hybrid bridge plug dropped onto drill floor while lifting; during lifting operations, hybrid bridge plug was lifted horizontally from cantilever to the drill floor by port aft crane. Top Drive System (TDS) elevators were latched onto the top of hybrid bridge plug and lifted to vertical position in order to disconnect crane wire sling. As soon as hybrid bridge plug was close to vertical position, the running tool released causing the hybrid bridge plug to drop on the rig",PRIMARY LIFE-SAVING RULE:  Safe mechanical lifting,Safety performance indicators – 2024 data.pdf,65,LSR-CAND-000126,Safe Mechanical Lifting,UNKNOWN,"[""Safe Mechanical Lifting""]",IOGP_STAGE37A1,SOURCE_GROUNDED,SOURCE_EXTRACTED,RECONSTRUCTED,2026-09-03T06:10:37Z
RECON-LSR-0120,GRP-Safety performa-P65,"DATE: 13 Apr 2024 FUNCTION: Drilling CAUSE: Dropped objects ACTIVITY: Lifting, crane, rigging, deck operations Hybrid bridge plug dropped onto drill floor while lifting; during lifting operations, hybrid bridge plug was lifted horizontally from cantilever to the drill floor by port aft crane. Top Drive System (TDS) elevators were latched onto the top of hybrid bridge plug and lifted to vertical position in order to disconnect crane wire sling. As soon as hybrid bridge plug was close to vertical position, the running tool released causing the hybrid bridge plug to drop on the rig",SECONARY LIFE-SAVING RULE:  Line of fire,Safety performance indicators – 2024 data.pdf,65,LSR-CAND-000127,Line of Fire,UNKNOWN,"[""Line of Fire""]",IOGP_STAGE37A1,SOURCE_GROUNDED,SOURCE_EXTRACTED,RECONSTRUCTED,2026-09-03T06:10:38Z
RECON-LSR-0121,GRP-Safety performa-P66,"DATE: 13 Jun 2024 FUNCTION: Drilling CAUSE: Dropped objects ACTIVITY: Lifting, crane, rigging, deck operations At the time of the event, team were performing a static well logging survey prior to drilling. During the period of stationary block activity, four crew members were approved to enter the rig floor red zone to install the mousehole prior to drill ahead. While members located at the rig floor near the v-door, awaiting receipt of the mousehole from the port aft crane, a half-moon segment, weighing 3.2 kg, fell and landed approximately 1m away from the personnel.",PRIMARY LIFE-SAVING RULE:  Safe mechanical lifting,Safety performance indicators – 2024 data.pdf,66,LSR-CAND-000128,Safe Mechanical Lifting,UNKNOWN,"[""Safe Mechanical Lifting""]",IOGP_STAGE37A1,SOURCE_GROUNDED,SOURCE_EXTRACTED,RECONSTRUCTED,2026-09-03T06:10:38Z
RECON-LSR-0122,GRP-Safety performa-P66,"DATE: 13 Jun 2024 FUNCTION: Drilling CAUSE: Dropped objects ACTIVITY: Lifting, crane, rigging, deck operations At the time of the event, team were performing a static well logging survey prior to drilling. During the period of stationary block activity, four crew members were approved to enter the rig floor red zone to install the mousehole prior to drill ahead. While members located at the rig floor near the v-door, awaiting receipt of the mousehole from the port aft crane, a half-moon segment, weighing 3.2 kg, fell and landed approximately 1m away from the personnel.",SECONARY LIFE-SAVING RULE:  Line of fire,Safety performance indicators – 2024 data.pdf,66,LSR-CAND-000129,Line of Fire,UNKNOWN,"[""Line of Fire""]",IOGP_STAGE37A1,SOURCE_GROUNDED,SOURCE_EXTRACTED,RECONSTRUCTED,2026-09-03T06:10:38Z
RECON-LSR-0123,GRP-Safety performa-P67,"DATE: 26 Jan 2024 FUNCTION: Production CAUSE: Caught in, under or between (excl. dropped objects) ACTIVITY: Transport – Water, incl. marine activity A vessel lost control, went under a production station South side and collided with pipelines breaking instrument airline, nitrogen line, diesel bunkering line, and water line. As a result, the production station was shut down for some time. This is an incident that could have resulted in multiple fatalities. WHAT WENT WRONG:",PRIMARY LIFE-SAVING RULE:  Bypassing safety controls,Safety performance indicators – 2024 data.pdf,67,LSR-CAND-000130,Bypassing Safety Controls,UNKNOWN,"[""Bypassing Safety Controls""]",IOGP_STAGE37A1,SOURCE_GROUNDED,SOURCE_EXTRACTED,RECONSTRUCTED,2026-09-03T06:10:39Z
RECON-LSR-0124,GRP-Safety performa-P67,"DATE: 26 Jan 2024 FUNCTION: Production CAUSE: Caught in, under or between (excl. dropped objects) ACTIVITY: Transport – Water, incl. marine activity A vessel lost control, went under a production station South side and collided with pipelines breaking instrument airline, nitrogen line, diesel bunkering line, and water line. As a result, the production station was shut down for some time. This is an incident that could have resulted in multiple fatalities. WHAT WENT WRONG:",SECONARY LIFE-SAVING RULE:  Line of fire,Safety performance indicators – 2024 data.pdf,67,LSR-CAND-000131,Line of Fire,UNKNOWN,"[""Line of Fire""]",IOGP_STAGE37A1,SOURCE_GROUNDED,SOURCE_EXTRACTED,RECONSTRUCTED,2026-09-03T06:10:39Z
RECON-LSR-0125,GRP-Safety performa-P69,"DATE: 30 Jan 2024 FUNCTION: Construction CAUSE: Struck by (not dropped object) ACTIVITY: Transport – Water, incl. marine activity Dive support vessel contacted with non-commissioned platform: the saturation diving vessel was positioned 750 meters southeast of the affected platform, awaiting favourable weather conditions. The vessel's dynamic positioning (DP) system was engaged, with yaw under automatic control and surge and sway managed via joystick control. The senior dynamic positioning operator made a surge adjustment on the joystick to counteract the wind and sea forces",PRIMARY LIFE-SAVING RULE:  Bypassing safety controls,Safety performance indicators – 2024 data.pdf,69,LSR-CAND-000133,Bypassing Safety Controls,UNKNOWN,"[""Bypassing Safety Controls""]",IOGP_STAGE37A1,SOURCE_GROUNDED,SOURCE_EXTRACTED,RECONSTRUCTED,2026-09-03T06:10:40Z
RECON-LSR-0126,GRP-Safety performa-P69,"DATE: 30 Jan 2024 FUNCTION: Construction CAUSE: Struck by (not dropped object) ACTIVITY: Transport – Water, incl. marine activity Dive support vessel contacted with non-commissioned platform: the saturation diving vessel was positioned 750 meters southeast of the affected platform, awaiting favourable weather conditions. The vessel's dynamic positioning (DP) system was engaged, with yaw under automatic control and surge and sway managed via joystick control. The senior dynamic positioning operator made a surge adjustment on the joystick to counteract the wind and sea forces",SECONARY LIFE-SAVING RULE:  Line of fire,Safety performance indicators – 2024 data.pdf,69,LSR-CAND-000134,Line of Fire,UNKNOWN,"[""Line of Fire""]",IOGP_STAGE37A1,SOURCE_GROUNDED,SOURCE_EXTRACTED,RECONSTRUCTED,2026-09-03T06:10:40Z
RECON-LSR-0127,GRP-Safety performa-P70,"NORTH AMERICA ONSHORE DATE: 16 Jun 2024 FUNCTION: Drilling CAUSE: Caught in, under or between (excl. dropped objects) ACTIVITY: Drilling, workover, well operations While laying out 114.3mm tubing, the injured person (IP) was assisting the floor hand with the tubing tongs and clamps. As the floor hand hoisted the tubing tongs to install them on the stump, the IP grabbed the handle of the open tong door latch to guide the tongs into place, but the tongs were not properly aligned with the stump. When",PRIMARY LIFE-SAVING RULE:  Line of fire,Safety performance indicators – 2024 data.pdf,70,LSR-CAND-000135,Line of Fire,UNKNOWN,"[""Line of Fire""]",IOGP_STAGE37A1,SOURCE_GROUNDED,SOURCE_EXTRACTED,RECONSTRUCTED,2026-09-03T06:10:40Z
RECON-LSR-0128,GRP-Safety performa-P70,"NORTH AMERICA ONSHORE DATE: 16 Jun 2024 FUNCTION: Drilling CAUSE: Caught in, under or between (excl. dropped objects) ACTIVITY: Drilling, workover, well operations While laying out 114.3mm tubing, the injured person (IP) was assisting the floor hand with the tubing tongs and clamps. As the floor hand hoisted the tubing tongs to install them on the stump, the IP grabbed the handle of the open tong door latch to guide the tongs into place, but the tongs were not properly aligned with the stump. When",PRIMARY LIFE-SAVING RULE:  Line of fire,Safety performance indicators – 2024 data.pdf,70,LSR-CAND-000136,Line of Fire,UNKNOWN,"[""Line of Fire""]",IOGP_STAGE37A1,SOURCE_GROUNDED,SOURCE_EXTRACTED,RECONSTRUCTED,2026-09-03T06:10:41Z
RECON-LSR-0129,GRP-Safety performa-P70,"NORTH AMERICA ONSHORE DATE: 16 Jun 2024 FUNCTION: Drilling CAUSE: Caught in, under or between (excl. dropped objects) ACTIVITY: Drilling, workover, well operations While laying out 114.3mm tubing, the injured person (IP) was assisting the floor hand with the tubing tongs and clamps. As the floor hand hoisted the tubing tongs to install them on the stump, the IP grabbed the handle of the open tong door latch to guide the tongs into place, but the tongs were not properly aligned with the stump. When",SECONARY LIFE-SAVING RULE:  Bypassing safety controls,Safety performance indicators – 2024 data.pdf,70,LSR-CAND-000137,Bypassing Safety Controls,UNKNOWN,"[""Bypassing Safety Controls""]",IOGP_STAGE37A1,SOURCE_GROUNDED,SOURCE_EXTRACTED,RECONSTRUCTED,2026-09-03T06:10:41Z
RECON-LSR-0130,GRP-Safety performa-P71,"WHAT WENT WRONG: The workers installing the beam were inexperienced with the task, and had no supervision/guidance as the general foreman took the day off. Appropriate barricades and exclusion zones were not established by the workers. CORRECTIVE ACTIONS AND RECOMMENDATIONS: Adequate supervision and guidance are essential, especially when workers are not fully competent for the task. Tasks should only be assigned to workers who are competent and have been evaluated for the required competencies. Field Level Hazard Assessments (FLHAs) must be thorough and complete to identify and mitigate potential hazards.",PRIMARY LIFE-SAVING RULE:  Line of fire,Safety performance indicators – 2024 data.pdf,71,LSR-CAND-000138,Line of Fire,UNKNOWN,"[""Line of Fire""]",IOGP_STAGE37A1,SOURCE_GROUNDED,SOURCE_EXTRACTED,RECONSTRUCTED,2026-09-03T06:10:41Z
RECON-LSR-0131,GRP-Safety performa-P72,"DATE: 14 Mar 2024 FUNCTION: Drilling CAUSE: Caught in, under or between (excl. dropped objects) ACTIVITY: Lifting, crane, rigging, deck operations A forklift was tipped on its side after attempting to unload a high-pressure hose off the back of a frac pump. The forklift operator was lifting one end of the hose while the pump was pulled forward. The end of the hose that was laying on the back of the pump was caught on the hose rack and pulled the forklift with it. No injuries were reported. WHAT WENT WRONG:",PRIMARY LIFE-SAVING RULE:  Safe mechanical lifting,Safety performance indicators – 2024 data.pdf,72,LSR-CAND-000139,Safe Mechanical Lifting,UNKNOWN,"[""Safe Mechanical Lifting""]",IOGP_STAGE37A1,SOURCE_GROUNDED,SOURCE_EXTRACTED,RECONSTRUCTED,2026-09-03T06:10:42Z
RECON-LSR-0132,GRP-Safety performa-P72,"DATE: 14 Mar 2024 FUNCTION: Drilling CAUSE: Caught in, under or between (excl. dropped objects) ACTIVITY: Lifting, crane, rigging, deck operations A forklift was tipped on its side after attempting to unload a high-pressure hose off the back of a frac pump. The forklift operator was lifting one end of the hose while the pump was pulled forward. The end of the hose that was laying on the back of the pump was caught on the hose rack and pulled the forklift with it. No injuries were reported. WHAT WENT WRONG:",SECONARY LIFE-SAVING RULE:  Line of fire,Safety performance indicators – 2024 data.pdf,72,LSR-CAND-000140,Line of Fire,UNKNOWN,"[""Line of Fire""]",IOGP_STAGE37A1,SOURCE_GROUNDED,SOURCE_EXTRACTED,RECONSTRUCTED,2026-09-03T06:10:42Z
RECON-LSR-0133,GRP-Safety performa-P72,"DATE: 14 Mar 2024 FUNCTION: Drilling CAUSE: Caught in, under or between (excl. dropped objects) ACTIVITY: Lifting, crane, rigging, deck operations A forklift was tipped on its side after attempting to unload a high-pressure hose off the back of a frac pump. The forklift operator was lifting one end of the hose while the pump was pulled forward. The end of the hose that was laying on the back of the pump was caught on the hose rack and pulled the forklift with it. No injuries were reported. WHAT WENT WRONG:",PRIMARY LIFE-SAVING RULE:  Safe mechanical lifting,Safety performance indicators – 2024 data.pdf,72,LSR-CAND-000141,Safe Mechanical Lifting,UNKNOWN,"[""Safe Mechanical Lifting""]",IOGP_STAGE37A1,SOURCE_GROUNDED,SOURCE_EXTRACTED,RECONSTRUCTED,2026-09-03T06:10:42Z
RECON-LSR-0134,GRP-Safety performa-P72,"DATE: 14 Mar 2024 FUNCTION: Drilling CAUSE: Caught in, under or between (excl. dropped objects) ACTIVITY: Lifting, crane, rigging, deck operations A forklift was tipped on its side after attempting to unload a high-pressure hose off the back of a frac pump. The forklift operator was lifting one end of the hose while the pump was pulled forward. The end of the hose that was laying on the back of the pump was caught on the hose rack and pulled the forklift with it. No injuries were reported. WHAT WENT WRONG:",SECONARY LIFE-SAVING RULE:  Line of fire,Safety performance indicators – 2024 data.pdf,72,LSR-CAND-000142,Line of Fire,UNKNOWN,"[""Line of Fire""]",IOGP_STAGE37A1,SOURCE_GROUNDED,SOURCE_EXTRACTED,RECONSTRUCTED,2026-09-03T06:10:42Z
RECON-LSR-0135,GRP-Safety performa-P73,"DATE: 08 Nov 2024 FUNCTION: Drilling CAUSE: Dropped objects ACTIVITY: Drilling, workover, well operations A misalignment of the pin to the box when stabbing a stand to add to the drill string allowed the stand to rotate/roll outward and off of the stump. The elevators had been lowered enough to prevent them from stopping the stand from falling. The stand fell approximately 3’ and simultaneously struck IP’s right foot and the rig floor. WHAT WENT WRONG:",PRIMARY LIFE-SAVING RULE:  Line of fire,Safety performance indicators – 2024 data.pdf,73,LSR-CAND-000143,Line of Fire,UNKNOWN,"[""Line of Fire""]",IOGP_STAGE37A1,SOURCE_GROUNDED,SOURCE_EXTRACTED,RECONSTRUCTED,2026-09-03T06:10:43Z
RECON-LSR-0136,GRP-Safety performa-P73,"DATE: 08 Nov 2024 FUNCTION: Drilling CAUSE: Dropped objects ACTIVITY: Drilling, workover, well operations A misalignment of the pin to the box when stabbing a stand to add to the drill string allowed the stand to rotate/roll outward and off of the stump. The elevators had been lowered enough to prevent them from stopping the stand from falling. The stand fell approximately 3’ and simultaneously struck IP’s right foot and the rig floor. WHAT WENT WRONG:",SECONARY LIFE-SAVING RULE:  Safe mechanical lifting,Safety performance indicators – 2024 data.pdf,73,LSR-CAND-000144,Safe Mechanical Lifting,UNKNOWN,"[""Safe Mechanical Lifting""]",IOGP_STAGE37A1,SOURCE_GROUNDED,SOURCE_EXTRACTED,RECONSTRUCTED,2026-09-03T06:10:43Z
RECON-LSR-0137,GRP-Safety performa-P73,"DATE: 08 Nov 2024 FUNCTION: Drilling CAUSE: Dropped objects ACTIVITY: Drilling, workover, well operations A misalignment of the pin to the box when stabbing a stand to add to the drill string allowed the stand to rotate/roll outward and off of the stump. The elevators had been lowered enough to prevent them from stopping the stand from falling. The stand fell approximately 3’ and simultaneously struck IP’s right foot and the rig floor. WHAT WENT WRONG:",PRIMARY LIFE-SAVING RULE:  Safe mechanical lifting,Safety performance indicators – 2024 data.pdf,73,LSR-CAND-000145,Safe Mechanical Lifting,UNKNOWN,"[""Safe Mechanical Lifting""]",IOGP_STAGE37A1,SOURCE_GROUNDED,SOURCE_EXTRACTED,RECONSTRUCTED,2026-09-03T06:10:43Z
RECON-LSR-0138,GRP-Safety performa-P73,"DATE: 08 Nov 2024 FUNCTION: Drilling CAUSE: Dropped objects ACTIVITY: Drilling, workover, well operations A misalignment of the pin to the box when stabbing a stand to add to the drill string allowed the stand to rotate/roll outward and off of the stump. The elevators had been lowered enough to prevent them from stopping the stand from falling. The stand fell approximately 3’ and simultaneously struck IP’s right foot and the rig floor. WHAT WENT WRONG:",SECONARY LIFE-SAVING RULE:  Line of fire,Safety performance indicators – 2024 data.pdf,73,LSR-CAND-000146,Line of Fire,UNKNOWN,"[""Line of Fire""]",IOGP_STAGE37A1,SOURCE_GROUNDED,SOURCE_EXTRACTED,RECONSTRUCTED,2026-09-03T06:10:44Z
RECON-LSR-0139,GRP-Safety performa-P74,"DATE: 05 Apr 2024 FUNCTION: Drilling CAUSE: Dropped objects ACTIVITY: Lifting, crane, rigging, deck operations A wellhead spool and stinger was dropped from the top of the wellhead due to improper rigging. A two-leg chain listing sling that was missing the safety hook latches were used to lift. One of the hooks came loose as the crane lowered the stinger into position causing the stinger to fall to the ground. No injuries were reported. WHAT WENT WRONG:",PRIMARY LIFE-SAVING RULE:  Safe mechanical lifting,Safety performance indicators – 2024 data.pdf,74,LSR-CAND-000147,Safe Mechanical Lifting,UNKNOWN,"[""Safe Mechanical Lifting""]",IOGP_STAGE37A1,SOURCE_GROUNDED,SOURCE_EXTRACTED,RECONSTRUCTED,2026-09-03T06:10:44Z
RECON-LSR-0140,GRP-Safety performa-P74,"DATE: 05 Apr 2024 FUNCTION: Drilling CAUSE: Dropped objects ACTIVITY: Lifting, crane, rigging, deck operations A wellhead spool and stinger was dropped from the top of the wellhead due to improper rigging. A two-leg chain listing sling that was missing the safety hook latches were used to lift. One of the hooks came loose as the crane lowered the stinger into position causing the stinger to fall to the ground. No injuries were reported. WHAT WENT WRONG:",SECONARY LIFE-SAVING RULE:  Line of fire,Safety performance indicators – 2024 data.pdf,74,LSR-CAND-000148,Line of Fire,UNKNOWN,"[""Line of Fire""]",IOGP_STAGE37A1,SOURCE_GROUNDED,SOURCE_EXTRACTED,RECONSTRUCTED,2026-09-03T06:10:44Z
RECON-LSR-0141,GRP-Safety performa-P74,"DATE: 05 Apr 2024 FUNCTION: Drilling CAUSE: Dropped objects ACTIVITY: Lifting, crane, rigging, deck operations A wellhead spool and stinger was dropped from the top of the wellhead due to improper rigging. A two-leg chain listing sling that was missing the safety hook latches were used to lift. One of the hooks came loose as the crane lowered the stinger into position causing the stinger to fall to the ground. No injuries were reported. WHAT WENT WRONG:",PRIMARY LIFE-SAVING RULE:  Bypassing safety controls,Safety performance indicators – 2024 data.pdf,74,LSR-CAND-000149,Bypassing Safety Controls,UNKNOWN,"[""Bypassing Safety Controls""]",IOGP_STAGE37A1,SOURCE_GROUNDED,SOURCE_EXTRACTED,RECONSTRUCTED,2026-09-03T06:10:45Z
RECON-LSR-0142,GRP-Safety performa-P74,"DATE: 05 Apr 2024 FUNCTION: Drilling CAUSE: Dropped objects ACTIVITY: Lifting, crane, rigging, deck operations A wellhead spool and stinger was dropped from the top of the wellhead due to improper rigging. A two-leg chain listing sling that was missing the safety hook latches were used to lift. One of the hooks came loose as the crane lowered the stinger into position causing the stinger to fall to the ground. No injuries were reported. WHAT WENT WRONG:",SECONARY LIFE-SAVING RULE:  Safe mechanical lifting,Safety performance indicators – 2024 data.pdf,74,LSR-CAND-000150,Safe Mechanical Lifting,UNKNOWN,"[""Safe Mechanical Lifting""]",IOGP_STAGE37A1,SOURCE_GROUNDED,SOURCE_EXTRACTED,RECONSTRUCTED,2026-09-03T06:10:45Z
RECON-LSR-0143,GRP-Safety performa-P75,"PEOPLE (ACTS): Use of Protective Methods: Inadequate use of safety systems DATE: 28 Aug 2024 FUNCTION: Drilling CAUSE: Pressure release ACTIVITY: Drilling, workover, well operations A high-pressure discharge hose on a frac pump failed mid stage. WHAT WENT WRONG: Valve was actuated, opening flow to the unprimed pump, causing an overpressure event in the hose and parting the",PRIMARY LIFE-SAVING RULE:  Bypassing safety controls,Safety performance indicators – 2024 data.pdf,75,LSR-CAND-000151,Bypassing Safety Controls,UNKNOWN,"[""Bypassing Safety Controls""]",IOGP_STAGE37A1,SOURCE_GROUNDED,SOURCE_EXTRACTED,RECONSTRUCTED,2026-09-03T06:10:45Z
RECON-LSR-0144,GRP-Safety performa-P75,"PEOPLE (ACTS): Use of Protective Methods: Inadequate use of safety systems DATE: 28 Aug 2024 FUNCTION: Drilling CAUSE: Pressure release ACTIVITY: Drilling, workover, well operations A high-pressure discharge hose on a frac pump failed mid stage. WHAT WENT WRONG: Valve was actuated, opening flow to the unprimed pump, causing an overpressure event in the hose and parting the",SECONARY LIFE-SAVING RULE:  Line of fire,Safety performance indicators – 2024 data.pdf,75,LSR-CAND-000152,Line of Fire,UNKNOWN,"[""Line of Fire""]",IOGP_STAGE37A1,SOURCE_GROUNDED,SOURCE_EXTRACTED,RECONSTRUCTED,2026-09-03T06:10:45Z
RECON-LSR-0145,GRP-Safety performa-P75,"PEOPLE (ACTS): Use of Protective Methods: Inadequate use of safety systems DATE: 28 Aug 2024 FUNCTION: Drilling CAUSE: Pressure release ACTIVITY: Drilling, workover, well operations A high-pressure discharge hose on a frac pump failed mid stage. WHAT WENT WRONG: Valve was actuated, opening flow to the unprimed pump, causing an overpressure event in the hose and parting the",PRIMARY LIFE-SAVING RULE:  Line of fire,Safety performance indicators – 2024 data.pdf,75,LSR-CAND-000153,Line of Fire,UNKNOWN,"[""Line of Fire""]",IOGP_STAGE37A1,SOURCE_GROUNDED,SOURCE_EXTRACTED,RECONSTRUCTED,2026-09-03T06:10:46Z
RECON-LSR-0146,GRP-Safety performa-P75,"PEOPLE (ACTS): Use of Protective Methods: Inadequate use of safety systems DATE: 28 Aug 2024 FUNCTION: Drilling CAUSE: Pressure release ACTIVITY: Drilling, workover, well operations A high-pressure discharge hose on a frac pump failed mid stage. WHAT WENT WRONG: Valve was actuated, opening flow to the unprimed pump, causing an overpressure event in the hose and parting the",SECONARY LIFE-SAVING RULE:  Energy isolation,Safety performance indicators – 2024 data.pdf,75,LSR-CAND-000154,Energy Isolation,UNKNOWN,"[""Energy Isolation""]",IOGP_STAGE37A1,SOURCE_GROUNDED,SOURCE_EXTRACTED,RECONSTRUCTED,2026-09-03T06:10:46Z
RECON-LSR-0147,GRP-Safety performa-P76,"DATE: 08 Jul 2024 FUNCTION: Drilling CAUSE: Struck by (not dropped object) ACTIVITY: Drilling, workover, well operations The Driller was lowering a stand with the top drive after the rig service. At the same time, the floor hands were putting another stand in the mouse hole. While the IP was attempting to insert the stand in the mouse hole, it stacked on the rig floor. Then, the top drive that was lowering hit the stacked-out drill pipe causing it to bow. When the bowed drill pipe released energy, it swung away initially and then back towards the IP and impacted him. This",PRIMARY LIFE-SAVING RULE:  Line of fire,Safety performance indicators – 2024 data.pdf,76,LSR-CAND-000155,Line of Fire,UNKNOWN,"[""Line of Fire""]",IOGP_STAGE37A1,SOURCE_GROUNDED,SOURCE_EXTRACTED,RECONSTRUCTED,2026-09-03T06:10:46Z
RECON-LSR-0148,GRP-Safety performa-P76,"DATE: 08 Jul 2024 FUNCTION: Drilling CAUSE: Struck by (not dropped object) ACTIVITY: Drilling, workover, well operations The Driller was lowering a stand with the top drive after the rig service. At the same time, the floor hands were putting another stand in the mouse hole. While the IP was attempting to insert the stand in the mouse hole, it stacked on the rig floor. Then, the top drive that was lowering hit the stacked-out drill pipe causing it to bow. When the bowed drill pipe released energy, it swung away initially and then back towards the IP and impacted him. This",SECONARY LIFE-SAVING RULE:  Safe mechanical lifting,Safety performance indicators – 2024 data.pdf,76,LSR-CAND-000156,Safe Mechanical Lifting,UNKNOWN,"[""Safe Mechanical Lifting""]",IOGP_STAGE37A1,SOURCE_GROUNDED,SOURCE_EXTRACTED,RECONSTRUCTED,2026-09-03T06:10:47Z
RECON-LSR-0149,GRP-Safety performa-P76,"DATE: 08 Jul 2024 FUNCTION: Drilling CAUSE: Struck by (not dropped object) ACTIVITY: Drilling, workover, well operations The Driller was lowering a stand with the top drive after the rig service. At the same time, the floor hands were putting another stand in the mouse hole. While the IP was attempting to insert the stand in the mouse hole, it stacked on the rig floor. Then, the top drive that was lowering hit the stacked-out drill pipe causing it to bow. When the bowed drill pipe released energy, it swung away initially and then back towards the IP and impacted him. This",PRIMARY LIFE-SAVING RULE:  Line of fire,Safety performance indicators – 2024 data.pdf,76,LSR-CAND-000157,Line of Fire,UNKNOWN,"[""Line of Fire""]",IOGP_STAGE37A1,SOURCE_GROUNDED,SOURCE_EXTRACTED,RECONSTRUCTED,2026-09-03T06:10:47Z
RECON-LSR-0150,GRP-Safety performa-P76,"DATE: 08 Jul 2024 FUNCTION: Drilling CAUSE: Struck by (not dropped object) ACTIVITY: Drilling, workover, well operations The Driller was lowering a stand with the top drive after the rig service. At the same time, the floor hands were putting another stand in the mouse hole. While the IP was attempting to insert the stand in the mouse hole, it stacked on the rig floor. Then, the top drive that was lowering hit the stacked-out drill pipe causing it to bow. When the bowed drill pipe released energy, it swung away initially and then back towards the IP and impacted him. This",SECONARY LIFE-SAVING RULE:  Safe mechanical lifting,Safety performance indicators – 2024 data.pdf,76,LSR-CAND-000158,Safe Mechanical Lifting,UNKNOWN,"[""Safe Mechanical Lifting""]",IOGP_STAGE37A1,SOURCE_GROUNDED,SOURCE_EXTRACTED,RECONSTRUCTED,2026-09-03T06:10:47Z
RECON-LSR-0151,GRP-Safety performa-P77,"CORRECTIVE ACTIONS AND RECOMMENDATIONS: • Retro fit all rigs with upgraded pin design/concept that makes inspections easier to get right, and harder to miss. Also cut windows/doors where able, to make hard to inspect items easier to see. • Implement an inspection checklist that is performed by rig leadership after any work is performed on the • Contractors daily startup inspection will be updated to identify “must observes” specific to the drum brake inspection. • Required to tie in the COFO to disc assist (if present) in addition to the main brake as a best practice. PEOPLE (ACTS): Following Procedures: Improper position (in the line of fire) PEOPLE (ACTS): Use of Protective Methods: Disabled or removed guards, warning systems or safety devices",PRIMARY LIFE-SAVING RULE:  Line of fire,Safety performance indicators – 2024 data.pdf,77,LSR-CAND-000159,Line of Fire,UNKNOWN,"[""Line of Fire""]",IOGP_STAGE37A1,SOURCE_GROUNDED,SOURCE_EXTRACTED,RECONSTRUCTED,2026-09-03T06:10:48Z
RECON-LSR-0152,GRP-Safety performa-P78,"PEOPLE (ACTS): Following Procedures: Deviation unintentional (by individual or group) PEOPLE (ACTS): Following Procedures: Improper position (in the line of fire) PEOPLE (ACTS): Use of Protective Methods: Inadequate use of safety systems PROCESS (CONDITIONS): Protective Systems: Inadequate/defective guards or protective barriers PROCESS (CONDITIONS): Organizational: Inadequate training/competence DATE: 15 Apr 2024 FUNCTION: Production CAUSE: Explosion, fire or burns",PRIMARY LIFE-SAVING RULE:  Energy isolation,Safety performance indicators – 2024 data.pdf,78,LSR-CAND-000160,Energy Isolation,UNKNOWN,"[""Energy Isolation""]",IOGP_STAGE37A1,SOURCE_GROUNDED,SOURCE_EXTRACTED,RECONSTRUCTED,2026-09-03T06:10:48Z
RECON-LSR-0153,GRP-Safety performa-P78,"PEOPLE (ACTS): Following Procedures: Deviation unintentional (by individual or group) PEOPLE (ACTS): Following Procedures: Improper position (in the line of fire) PEOPLE (ACTS): Use of Protective Methods: Inadequate use of safety systems PROCESS (CONDITIONS): Protective Systems: Inadequate/defective guards or protective barriers PROCESS (CONDITIONS): Organizational: Inadequate training/competence DATE: 15 Apr 2024 FUNCTION: Production CAUSE: Explosion, fire or burns",SECONARY LIFE-SAVING RULE:  Line of fire,Safety performance indicators – 2024 data.pdf,78,LSR-CAND-000161,Line of Fire,UNKNOWN,"[""Line of Fire""]",IOGP_STAGE37A1,SOURCE_GROUNDED,SOURCE_EXTRACTED,RECONSTRUCTED,2026-09-03T06:10:48Z
RECON-LSR-0154,GRP-Safety performa-P78,"PEOPLE (ACTS): Following Procedures: Deviation unintentional (by individual or group) PEOPLE (ACTS): Following Procedures: Improper position (in the line of fire) PEOPLE (ACTS): Use of Protective Methods: Inadequate use of safety systems PROCESS (CONDITIONS): Protective Systems: Inadequate/defective guards or protective barriers PROCESS (CONDITIONS): Organizational: Inadequate training/competence DATE: 15 Apr 2024 FUNCTION: Production CAUSE: Explosion, fire or burns",PRIMARY LIFE-SAVING RULE:  Energy isolation,Safety performance indicators – 2024 data.pdf,78,LSR-CAND-000162,Energy Isolation,UNKNOWN,"[""Energy Isolation""]",IOGP_STAGE37A1,SOURCE_GROUNDED,SOURCE_EXTRACTED,RECONSTRUCTED,2026-09-03T06:10:49Z
RECON-LSR-0155,GRP-Safety performa-P78,"PEOPLE (ACTS): Following Procedures: Deviation unintentional (by individual or group) PEOPLE (ACTS): Following Procedures: Improper position (in the line of fire) PEOPLE (ACTS): Use of Protective Methods: Inadequate use of safety systems PROCESS (CONDITIONS): Protective Systems: Inadequate/defective guards or protective barriers PROCESS (CONDITIONS): Organizational: Inadequate training/competence DATE: 15 Apr 2024 FUNCTION: Production CAUSE: Explosion, fire or burns",SECONARY LIFE-SAVING RULE:  Line of fire,Safety performance indicators – 2024 data.pdf,78,LSR-CAND-000163,Line of Fire,UNKNOWN,"[""Line of Fire""]",IOGP_STAGE37A1,SOURCE_GROUNDED,SOURCE_EXTRACTED,RECONSTRUCTED,2026-09-03T06:10:49Z
RECON-LSR-0156,GRP-Safety performa-P79,"that they were getting gas in the combustor and seeing a flame. After burning for approximately 1-2 minutes the flowback tank to flash back and ruptured causing damage to the tank. No LOC reported. No injury reported. Stop work was initiated and operations was halted. No other damage reported. WHAT WENT WRONG: CORRECTIVE ACTIONS AND RECOMMENDATIONS: PROCESS (CONDITIONS): Tools, Equipment, Materials and Products: Inadequate design/specification/management PROCESS (CONDITIONS): Organizational: Inadequate work standards/procedures PROCESS (CONDITIONS): Organizational: Inadequate hazard identification or risk assessment",PRIMARY LIFE-SAVING RULE:  Work authorization,Safety performance indicators – 2024 data.pdf,79,LSR-CAND-000164,Work Authorization,UNKNOWN,"[""Work Authorization""]",IOGP_STAGE37A1,SOURCE_GROUNDED,SOURCE_EXTRACTED,RECONSTRUCTED,2026-09-03T06:10:49Z
RECON-LSR-0157,GRP-Safety performa-P79,"that they were getting gas in the combustor and seeing a flame. After burning for approximately 1-2 minutes the flowback tank to flash back and ruptured causing damage to the tank. No LOC reported. No injury reported. Stop work was initiated and operations was halted. No other damage reported. WHAT WENT WRONG: CORRECTIVE ACTIONS AND RECOMMENDATIONS: PROCESS (CONDITIONS): Tools, Equipment, Materials and Products: Inadequate design/specification/management PROCESS (CONDITIONS): Organizational: Inadequate work standards/procedures PROCESS (CONDITIONS): Organizational: Inadequate hazard identification or risk assessment",SECONARY LIFE-SAVING RULE:  Line of fire,Safety performance indicators – 2024 data.pdf,79,LSR-CAND-000165,Line of Fire,UNKNOWN,"[""Line of Fire""]",IOGP_STAGE37A1,SOURCE_GROUNDED,SOURCE_EXTRACTED,RECONSTRUCTED,2026-09-03T06:10:49Z
RECON-LSR-0158,GRP-Safety performa-P80,"PROCESS (CONDITIONS): Tools, Equipment, Materials and Products: Inadequate/defective tools/equipment/ materials/products PROCESS (CONDITIONS): Organizational: Inadequate training/competence PROCESS (CONDITIONS): Organizational: Inadequate hazard identification or risk assessment DATE: 02 Jul 2024 FUNCTION: Production CAUSE: Exposure electrical ACTIVITY: Maintenance, inspection, testing",PRIMARY LIFE-SAVING RULE:  Energy isolation,Safety performance indicators – 2024 data.pdf,80,LSR-CAND-000166,Energy Isolation,UNKNOWN,"[""Energy Isolation""]",IOGP_STAGE37A1,SOURCE_GROUNDED,SOURCE_EXTRACTED,RECONSTRUCTED,2026-09-03T06:10:50Z
RECON-LSR-0159,GRP-Safety performa-P80,"PROCESS (CONDITIONS): Tools, Equipment, Materials and Products: Inadequate/defective tools/equipment/ materials/products PROCESS (CONDITIONS): Organizational: Inadequate training/competence PROCESS (CONDITIONS): Organizational: Inadequate hazard identification or risk assessment DATE: 02 Jul 2024 FUNCTION: Production CAUSE: Exposure electrical ACTIVITY: Maintenance, inspection, testing",SECONARY LIFE-SAVING RULE:  Line of fire,Safety performance indicators – 2024 data.pdf,80,LSR-CAND-000167,Line of Fire,UNKNOWN,"[""Line of Fire""]",IOGP_STAGE37A1,SOURCE_GROUNDED,SOURCE_EXTRACTED,RECONSTRUCTED,2026-09-03T06:10:50Z
RECON-LSR-0160,GRP-Safety performa-P80,"PROCESS (CONDITIONS): Tools, Equipment, Materials and Products: Inadequate/defective tools/equipment/ materials/products PROCESS (CONDITIONS): Organizational: Inadequate training/competence PROCESS (CONDITIONS): Organizational: Inadequate hazard identification or risk assessment DATE: 02 Jul 2024 FUNCTION: Production CAUSE: Exposure electrical ACTIVITY: Maintenance, inspection, testing",PRIMARY LIFE-SAVING RULE:  Line of fire,Safety performance indicators – 2024 data.pdf,80,LSR-CAND-000168,Line of Fire,UNKNOWN,"[""Line of Fire""]",IOGP_STAGE37A1,SOURCE_GROUNDED,SOURCE_EXTRACTED,RECONSTRUCTED,2026-09-03T06:10:50Z
RECON-LSR-0161,GRP-Safety performa-P81,"WHAT WENT WRONG: CORRECTIVE ACTIONS AND RECOMMENDATIONS: PROCESS (CONDITIONS): Protective Systems: Inadequate/defective guards or protective barriers PROCESS (CONDITIONS): Tools, Equipment, Materials and Products: Inadequate maintenance/inspection/testing PROCESS (CONDITIONS): Tools, Equipment, Materials and Products: Inadequate maintenance/inspection/testing DATE: 04 Apr 2024 FUNCTION: Construction CAUSE: Dropped objects",PRIMARY LIFE-SAVING RULE:  Safe mechanical lifting,Safety performance indicators – 2024 data.pdf,81,LSR-CAND-000169,Safe Mechanical Lifting,UNKNOWN,"[""Safe Mechanical Lifting""]",IOGP_STAGE37A1,SOURCE_GROUNDED,SOURCE_EXTRACTED,RECONSTRUCTED,2026-09-03T06:10:51Z
RECON-LSR-0162,GRP-Safety performa-P81,"WHAT WENT WRONG: CORRECTIVE ACTIONS AND RECOMMENDATIONS: PROCESS (CONDITIONS): Protective Systems: Inadequate/defective guards or protective barriers PROCESS (CONDITIONS): Tools, Equipment, Materials and Products: Inadequate maintenance/inspection/testing PROCESS (CONDITIONS): Tools, Equipment, Materials and Products: Inadequate maintenance/inspection/testing DATE: 04 Apr 2024 FUNCTION: Construction CAUSE: Dropped objects",SECONARY LIFE-SAVING RULE:  Line of fire,Safety performance indicators – 2024 data.pdf,81,LSR-CAND-000170,Line of Fire,UNKNOWN,"[""Line of Fire""]",IOGP_STAGE37A1,SOURCE_GROUNDED,SOURCE_EXTRACTED,RECONSTRUCTED,2026-09-03T06:10:51Z
RECON-LSR-0163,GRP-Safety performa-P82,"NORTH AMERICA OFFSHORE DATE: 28 Nov 2024 FUNCTION: Drilling CAUSE: Dropped objects ACTIVITY: Drilling, workover, well operations During singling in hole 5"" drill pipe, the Driller retracted the top drive system (TDS) dolly at rig floor level and observed a dropped steel plate from the TDS to the port side of the drill floor. Operations suspended, well secured, carry out DROPS inspection and observed that the roller bracket mounting plate had sheared in several spots.",PRIMARY LIFE-SAVING RULE:  Line of fire,Safety performance indicators – 2024 data.pdf,82,LSR-CAND-000171,Line of Fire,UNKNOWN,"[""Line of Fire""]",IOGP_STAGE37A1,SOURCE_GROUNDED,SOURCE_EXTRACTED,RECONSTRUCTED,2026-09-03T06:10:51Z
RECON-LSR-0164,GRP-Safety performa-P83,"DATE: 16 Oct 2024 FUNCTION: Drilling CAUSE: Struck by (not dropped object) ACTIVITY: Drilling, workover, well operations While tripping in the hole and whilst making a connection with the iron roughneck the upper clamp jaw spring assembly retention bolt was sheared and as a result it was propelled approximately 2.5m from its initial location on the iron roughneck and came into contact with the doghouse glass window pane causing it to shatter. This resulted in reduced visibility through the window.",PRIMARY LIFE-SAVING RULE:  Line of fire,Safety performance indicators – 2024 data.pdf,83,LSR-CAND-000172,Line of Fire,UNKNOWN,"[""Line of Fire""]",IOGP_STAGE37A1,SOURCE_GROUNDED,SOURCE_EXTRACTED,RECONSTRUCTED,2026-09-03T06:10:52Z
RECON-LSR-0165,GRP-Safety performa-P84,"DATE: 26 Dec 2024 FUNCTION: Drilling CAUSE: Unspecified – Other ACTIVITY: Drilling, workover, well operations A 5 7/8"" drill pipe came off the catwalk and came to rest on the cantilever deck. There were no personnel at risk during the incident. At 14:15, while laying out joint #63 of 5 7/8"" drill pipe onto the catwalk machine, the joint came off the catwalk After opening the elevators and raising the catwalk arm, the joint bounced off the catwalk machine, slid down the",PRIMARY LIFE-SAVING RULE:  Line of fire,Safety performance indicators – 2024 data.pdf,84,LSR-CAND-000173,Line of Fire,UNKNOWN,"[""Line of Fire""]",IOGP_STAGE37A1,SOURCE_GROUNDED,SOURCE_EXTRACTED,RECONSTRUCTED,2026-09-03T06:10:52Z
RECON-LSR-0166,GRP-Safety performa-P85,"DATE: 19 Mar 2024 FUNCTION: Drilling CAUSE: Dropped objects ACTIVITY: Maintenance, inspection, testing Electrical workers had completed work in the crown and were preparing to return from level 4 (144' level) in the derrick to the drill floor level via the derrick elevator. As the inner derrick elevator doors opened, the workers heard a noise and observed the lower section of the elevator door become dislodged and descend 43 ft to the derrick level 3 (101' level). No personnel were in the derrick level where the dropped object occurred.",PRIMARY LIFE-SAVING RULE:  Line of fire,Safety performance indicators – 2024 data.pdf,85,LSR-CAND-000174,Line of Fire,UNKNOWN,"[""Line of Fire""]",IOGP_STAGE37A1,SOURCE_GROUNDED,SOURCE_EXTRACTED,RECONSTRUCTED,2026-09-03T06:10:52Z
RECON-LSR-0167,GRP-Safety performa-P85,"DATE: 19 Mar 2024 FUNCTION: Drilling CAUSE: Dropped objects ACTIVITY: Maintenance, inspection, testing Electrical workers had completed work in the crown and were preparing to return from level 4 (144' level) in the derrick to the drill floor level via the derrick elevator. As the inner derrick elevator doors opened, the workers heard a noise and observed the lower section of the elevator door become dislodged and descend 43 ft to the derrick level 3 (101' level). No personnel were in the derrick level where the dropped object occurred.",PRIMARY LIFE-SAVING RULE:  Line of fire,Safety performance indicators – 2024 data.pdf,85,LSR-CAND-000175,Line of Fire,UNKNOWN,"[""Line of Fire""]",IOGP_STAGE37A1,SOURCE_GROUNDED,SOURCE_EXTRACTED,RECONSTRUCTED,2026-09-03T06:10:53Z
RECON-LSR-0168,GRP-Safety performa-P85,"DATE: 19 Mar 2024 FUNCTION: Drilling CAUSE: Dropped objects ACTIVITY: Maintenance, inspection, testing Electrical workers had completed work in the crown and were preparing to return from level 4 (144' level) in the derrick to the drill floor level via the derrick elevator. As the inner derrick elevator doors opened, the workers heard a noise and observed the lower section of the elevator door become dislodged and descend 43 ft to the derrick level 3 (101' level). No personnel were in the derrick level where the dropped object occurred.",SECONARY LIFE-SAVING RULE:  Work authorization,Safety performance indicators – 2024 data.pdf,85,LSR-CAND-000176,Work Authorization,UNKNOWN,"[""Work Authorization""]",IOGP_STAGE37A1,SOURCE_GROUNDED,SOURCE_EXTRACTED,RECONSTRUCTED,2026-09-03T06:10:53Z
RECON-LSR-0169,GRP-Safety performa-P86,"CORRECTIVE ACTIONS AND RECOMMENDATIONS: • Incorrect body positioning led to the worker's inability to control the pole. • A secondary dropped object review was not performed, as it was not in the company’s current Dropped Object Prevention Procedure. • Because the work zone was defined near the living quarters, the staging and unloading area's high risk for dropped objects was overlooked. • No pre-job walkdown by the Permit Issuer led to the issuer missing identifying that this area was a hazard. • The Permit Issuer failed to identify the hazard because they did not conduct a pre-job walkdown",PRIMARY LIFE-SAVING RULE:  Bypassing safety controls,Safety performance indicators – 2024 data.pdf,86,LSR-CAND-000177,Bypassing Safety Controls,UNKNOWN,"[""Bypassing Safety Controls""]",IOGP_STAGE37A1,SOURCE_GROUNDED,SOURCE_EXTRACTED,RECONSTRUCTED,2026-09-03T06:10:53Z
RECON-LSR-0170,GRP-Safety performa-P86,"CORRECTIVE ACTIONS AND RECOMMENDATIONS: • Incorrect body positioning led to the worker's inability to control the pole. • A secondary dropped object review was not performed, as it was not in the company’s current Dropped Object Prevention Procedure. • Because the work zone was defined near the living quarters, the staging and unloading area's high risk for dropped objects was overlooked. • No pre-job walkdown by the Permit Issuer led to the issuer missing identifying that this area was a hazard. • The Permit Issuer failed to identify the hazard because they did not conduct a pre-job walkdown",SECONARY LIFE-SAVING RULE:  Line of fire,Safety performance indicators – 2024 data.pdf,86,LSR-CAND-000178,Line of Fire,UNKNOWN,"[""Line of Fire""]",IOGP_STAGE37A1,SOURCE_GROUNDED,SOURCE_EXTRACTED,RECONSTRUCTED,2026-09-03T06:10:54Z
RECON-LSR-0171,GRP-Safety performa-P87,"RUSSIA & CENTRAL ASIA  ONSHORE DATE: 14 May 2024 COUNTRY: Azerbaijan FUNCTION: Drilling CAUSE: Dropped objects ACTIVITY: Lifting, crane, rigging, deck operations During the unloading of the cementing unit from the truck using 2 mobile cranes at the cementing site, due to improper rigging the bulky load became unstable. A worker tried to walk under the suspended load but was stopped",PRIMARY LIFE-SAVING RULE:  Safe mechanical lifting,Safety performance indicators – 2024 data.pdf,87,LSR-CAND-000179,Safe Mechanical Lifting,UNKNOWN,"[""Safe Mechanical Lifting""]",IOGP_STAGE37A1,SOURCE_GROUNDED,SOURCE_EXTRACTED,RECONSTRUCTED,2026-09-03T06:10:54Z
RECON-LSR-0172,GRP-Safety performa-P87,"RUSSIA & CENTRAL ASIA  ONSHORE DATE: 14 May 2024 COUNTRY: Azerbaijan FUNCTION: Drilling CAUSE: Dropped objects ACTIVITY: Lifting, crane, rigging, deck operations During the unloading of the cementing unit from the truck using 2 mobile cranes at the cementing site, due to improper rigging the bulky load became unstable. A worker tried to walk under the suspended load but was stopped",SECONARY LIFE-SAVING RULE:  Line of fire,Safety performance indicators – 2024 data.pdf,87,LSR-CAND-000180,Line of Fire,UNKNOWN,"[""Line of Fire""]",IOGP_STAGE37A1,SOURCE_GROUNDED,SOURCE_EXTRACTED,RECONSTRUCTED,2026-09-03T06:10:54Z
RECON-LSR-0173,GRP-Safety performa-P87,"RUSSIA & CENTRAL ASIA  ONSHORE DATE: 14 May 2024 COUNTRY: Azerbaijan FUNCTION: Drilling CAUSE: Dropped objects ACTIVITY: Lifting, crane, rigging, deck operations During the unloading of the cementing unit from the truck using 2 mobile cranes at the cementing site, due to improper rigging the bulky load became unstable. A worker tried to walk under the suspended load but was stopped",PRIMARY LIFE-SAVING RULE:  Safe mechanical lifting,Safety performance indicators – 2024 data.pdf,87,LSR-CAND-000181,Safe Mechanical Lifting,UNKNOWN,"[""Safe Mechanical Lifting""]",IOGP_STAGE37A1,SOURCE_GROUNDED,SOURCE_EXTRACTED,RECONSTRUCTED,2026-09-03T06:10:54Z
RECON-LSR-0174,GRP-Safety performa-P87,"RUSSIA & CENTRAL ASIA  ONSHORE DATE: 14 May 2024 COUNTRY: Azerbaijan FUNCTION: Drilling CAUSE: Dropped objects ACTIVITY: Lifting, crane, rigging, deck operations During the unloading of the cementing unit from the truck using 2 mobile cranes at the cementing site, due to improper rigging the bulky load became unstable. A worker tried to walk under the suspended load but was stopped",SECONARY LIFE-SAVING RULE:  Line of fire,Safety performance indicators – 2024 data.pdf,87,LSR-CAND-000182,Line of Fire,UNKNOWN,"[""Line of Fire""]",IOGP_STAGE37A1,SOURCE_GROUNDED,SOURCE_EXTRACTED,RECONSTRUCTED,2026-09-03T06:10:55Z
RECON-LSR-0175,GRP-Safety performa-P88,WHAT WENT WRONG: • Inadequate risk assessment. • Inadequate control of work procedure. • Lack of supervision. • Lack of competency. CORRECTIVE ACTIONS AND RECOMMENDATIONS: • Control of work procedure to be enforced. •  Competency training program to be enforced.,PRIMARY LIFE-SAVING RULE:  Bypassing safety controls,Safety performance indicators – 2024 data.pdf,88,LSR-CAND-000183,Bypassing Safety Controls,UNKNOWN,"[""Bypassing Safety Controls""]",IOGP_STAGE37A1,SOURCE_GROUNDED,SOURCE_EXTRACTED,RECONSTRUCTED,2026-09-03T06:10:55Z
RECON-LSR-0176,GRP-Safety performa-P89,"DATE: 23 May 2024 COUNTRY: Azerbaijan FUNCTION: Production CAUSE: Dropped objects ACTIVITY: Maintenance, inspection, testing During the replacement of the stone cladding of the facade of the plant administrative building by the contractor, the protective net stretched over the scaffold erected over the entrance to the canteen was torn, posing a danger to the workers entering the canteen. During the stone cutting, stone chips and dust were observed falling to the",PRIMARY LIFE-SAVING RULE:  Working at height,Safety performance indicators – 2024 data.pdf,89,LSR-CAND-000184,Working at Height,UNKNOWN,"[""Working at Height""]",IOGP_STAGE37A1,SOURCE_GROUNDED,SOURCE_EXTRACTED,RECONSTRUCTED,2026-09-03T06:10:55Z
RECON-LSR-0177,GRP-Safety performa-P89,"DATE: 23 May 2024 COUNTRY: Azerbaijan FUNCTION: Production CAUSE: Dropped objects ACTIVITY: Maintenance, inspection, testing During the replacement of the stone cladding of the facade of the plant administrative building by the contractor, the protective net stretched over the scaffold erected over the entrance to the canteen was torn, posing a danger to the workers entering the canteen. During the stone cutting, stone chips and dust were observed falling to the",SECONARY LIFE-SAVING RULE:  Line of fire,Safety performance indicators – 2024 data.pdf,89,LSR-CAND-000185,Line of Fire,UNKNOWN,"[""Line of Fire""]",IOGP_STAGE37A1,SOURCE_GROUNDED,SOURCE_EXTRACTED,RECONSTRUCTED,2026-09-03T06:10:56Z
RECON-LSR-0178,GRP-Safety performa-P90,DATE: 01 Jun 2024 COUNTRY: Azerbaijan FUNCTION: Production CAUSE: Dropped objects ACTIVITY: Production operations A 15-meter-high lighting pole fell onto a fence of the plant due to strong winds. No personal injury was sustained. WHAT WENT WRONG: • Inadequate site control.,PRIMARY LIFE-SAVING RULE:  Line of fire,Safety performance indicators – 2024 data.pdf,90,LSR-CAND-000186,Line of Fire,UNKNOWN,"[""Line of Fire""]",IOGP_STAGE37A1,SOURCE_GROUNDED,SOURCE_EXTRACTED,RECONSTRUCTED,2026-09-03T06:10:56Z
RECON-LSR-0179,GRP-Safety performa-P90,DATE: 01 Jun 2024 COUNTRY: Azerbaijan FUNCTION: Production CAUSE: Dropped objects ACTIVITY: Production operations A 15-meter-high lighting pole fell onto a fence of the plant due to strong winds. No personal injury was sustained. WHAT WENT WRONG: • Inadequate site control.,PRIMARY LIFE-SAVING RULE:  Line of fire,Safety performance indicators – 2024 data.pdf,90,LSR-CAND-000187,Line of Fire,UNKNOWN,"[""Line of Fire""]",IOGP_STAGE37A1,SOURCE_GROUNDED,SOURCE_EXTRACTED,RECONSTRUCTED,2026-09-03T06:10:56Z
RECON-LSR-0180,GRP-Safety performa-P91,"PROCESS (CONDITIONS): Tools, Equipment, Materials and Products: Inadequate design/specification/management PROCESS (CONDITIONS): Tools, Equipment, Materials and Products: Inadequate maintenance/inspection/testing PROCESS (CONDITIONS): Organizational: Inadequate work standards/procedures PROCESS (CONDITIONS): Organizational: Inadequate hazard identification or risk assessment PROCESS (CONDITIONS): Organizational: Inadequate communication PROCESS (CONDITIONS): Organizational: Inadequate supervision PROCESS (CONDITIONS): Organizational: Poor leadership/organizational culture DATE: 25 Sep 2024",PRIMARY LIFE-SAVING RULE:  Line of fire,Safety performance indicators – 2024 data.pdf,91,LSR-CAND-000188,Line of Fire,UNKNOWN,"[""Line of Fire""]",IOGP_STAGE37A1,SOURCE_GROUNDED,SOURCE_EXTRACTED,RECONSTRUCTED,2026-09-03T06:10:57Z
RECON-LSR-0181,GRP-Safety performa-P92,"DATE: 27 May 2024 COUNTRY: Azerbaijan FUNCTION: Production CAUSE: Explosion, fire or burns ACTIVITY: Maintenance, inspection, testing Scaffold board decking erected by the contractor to carry out insulation work between the plant's reactors caught fire which was extinguished by staff with a fire extinguisher. WHAT WENT WRONG:",PRIMARY LIFE-SAVING RULE:  Hot work,Safety performance indicators – 2024 data.pdf,92,LSR-CAND-000189,Hot Work,UNKNOWN,"[""Hot Work""]",IOGP_STAGE37A1,SOURCE_GROUNDED,SOURCE_EXTRACTED,RECONSTRUCTED,2026-09-03T06:10:57Z
RECON-LSR-0182,GRP-Safety performa-P92,"DATE: 27 May 2024 COUNTRY: Azerbaijan FUNCTION: Production CAUSE: Explosion, fire or burns ACTIVITY: Maintenance, inspection, testing Scaffold board decking erected by the contractor to carry out insulation work between the plant's reactors caught fire which was extinguished by staff with a fire extinguisher. WHAT WENT WRONG:",PRIMARY LIFE-SAVING RULE:  Work authorization,Safety performance indicators – 2024 data.pdf,92,LSR-CAND-000190,Work Authorization,UNKNOWN,"[""Work Authorization""]",IOGP_STAGE37A1,SOURCE_GROUNDED,SOURCE_EXTRACTED,RECONSTRUCTED,2026-09-03T06:10:57Z
RECON-LSR-0183,GRP-Safety performa-P92,"DATE: 27 May 2024 COUNTRY: Azerbaijan FUNCTION: Production CAUSE: Explosion, fire or burns ACTIVITY: Maintenance, inspection, testing Scaffold board decking erected by the contractor to carry out insulation work between the plant's reactors caught fire which was extinguished by staff with a fire extinguisher. WHAT WENT WRONG:",SECONARY LIFE-SAVING RULE:  Hot work,Safety performance indicators – 2024 data.pdf,92,LSR-CAND-000191,Hot Work,UNKNOWN,"[""Hot Work""]",IOGP_STAGE37A1,SOURCE_GROUNDED,SOURCE_EXTRACTED,RECONSTRUCTED,2026-09-03T06:10:58Z
RECON-LSR-0184,GRP-Safety performa-P93,"PEOPLE (ACTS): Use of Protective Methods: Failure to warn of hazard PROCESS (CONDITIONS): Protective Systems: Inadequate/defective warning systems/safety devices PROCESS (CONDITIONS): Tools, Equipment, Materials and Products: Inadequate maintenance/inspection/testing PROCESS (CONDITIONS): Work Place Hazards: Hazardous atmosphere (explosive/toxic/asphyxiant) PROCESS (CONDITIONS): Organizational: Inadequate training/competence PROCESS (CONDITIONS): Organizational: Inadequate work standards/procedures PROCESS (CONDITIONS): Organizational: Inadequate hazard identification or risk assessment PROCESS (CONDITIONS): Organizational: Inadequate communication",PRIMARY LIFE-SAVING RULE:  Hot work,Safety performance indicators – 2024 data.pdf,93,LSR-CAND-000192,Hot Work,UNKNOWN,"[""Hot Work""]",IOGP_STAGE37A1,SOURCE_GROUNDED,SOURCE_EXTRACTED,RECONSTRUCTED,2026-09-03T06:10:58Z
RECON-LSR-0185,GRP-Safety performa-P93,"PEOPLE (ACTS): Use of Protective Methods: Failure to warn of hazard PROCESS (CONDITIONS): Protective Systems: Inadequate/defective warning systems/safety devices PROCESS (CONDITIONS): Tools, Equipment, Materials and Products: Inadequate maintenance/inspection/testing PROCESS (CONDITIONS): Work Place Hazards: Hazardous atmosphere (explosive/toxic/asphyxiant) PROCESS (CONDITIONS): Organizational: Inadequate training/competence PROCESS (CONDITIONS): Organizational: Inadequate work standards/procedures PROCESS (CONDITIONS): Organizational: Inadequate hazard identification or risk assessment PROCESS (CONDITIONS): Organizational: Inadequate communication",SECONARY LIFE-SAVING RULE:  Work authorization,Safety performance indicators – 2024 data.pdf,93,LSR-CAND-000193,Work Authorization,UNKNOWN,"[""Work Authorization""]",IOGP_STAGE37A1,SOURCE_GROUNDED,SOURCE_EXTRACTED,RECONSTRUCTED,2026-09-03T06:10:58Z
RECON-LSR-0186,GRP-Safety performa-P94,"DATE: 26 May 2024 COUNTRY: Azerbaijan FUNCTION: Production CAUSE: Explosion, fire or burns ACTIVITY: Unspecified – other A fire was observed near an oil pipeline in public area. The Fire Department was called to the scene and the fire was WHAT WENT WRONG: • Lack of supervision,",PRIMARY LIFE-SAVING RULE:  Work authorization,Safety performance indicators – 2024 data.pdf,94,LSR-CAND-000195,Work Authorization,UNKNOWN,"[""Work Authorization""]",IOGP_STAGE37A1,SOURCE_GROUNDED,SOURCE_EXTRACTED,RECONSTRUCTED,2026-09-03T06:10:58Z
RECON-LSR-0187,GRP-Safety performa-P94,"DATE: 26 May 2024 COUNTRY: Azerbaijan FUNCTION: Production CAUSE: Explosion, fire or burns ACTIVITY: Unspecified – other A fire was observed near an oil pipeline in public area. The Fire Department was called to the scene and the fire was WHAT WENT WRONG: • Lack of supervision,",SECONARY LIFE-SAVING RULE:  Line of fire,Safety performance indicators – 2024 data.pdf,94,LSR-CAND-000196,Line of Fire,UNKNOWN,"[""Line of Fire""]",IOGP_STAGE37A1,SOURCE_GROUNDED,SOURCE_EXTRACTED,RECONSTRUCTED,2026-09-03T06:10:59Z
RECON-LSR-0188,GRP-Safety performa-P95,"PEOPLE (ACTS): Following Procedures: Deviation unintentional (by individual or group) PEOPLE (ACTS): Use of Tools, Equipment, Materials and Products: Servicing of energized equipment/inadequate energy isolation PROCESS (CONDITIONS): Organizational: Inadequate work standards/procedures PROCESS (CONDITIONS): Organizational: Inadequate hazard identification or risk assessment PROCESS (CONDITIONS): Organizational: Inadequate communication PROCESS (CONDITIONS): Organizational: Inadequate supervision DATE: 09 Feb 2024",PRIMARY LIFE-SAVING RULE:  Line of fire,Safety performance indicators – 2024 data.pdf,95,LSR-CAND-000197,Line of Fire,UNKNOWN,"[""Line of Fire""]",IOGP_STAGE37A1,SOURCE_GROUNDED,SOURCE_EXTRACTED,RECONSTRUCTED,2026-09-03T06:10:59Z
RECON-LSR-0189,GRP-Safety performa-P96,"DATE: 23 Dec 2024 COUNTRY: Azerbaijan FUNCTION: Production CAUSE: Struck by (not dropped object) ACTIVITY: Production operations Third party vehicle lost control, broke a section of the side of a concrete barrier placed on the side of the public road, and came to rest on a reserve oil line. The oil pipeline was not damaged as a result of the incident. WHAT WENT WRONG:",PRIMARY LIFE-SAVING RULE:  Hot work,Safety performance indicators – 2024 data.pdf,96,LSR-CAND-000199,Hot Work,UNKNOWN,"[""Hot Work""]",IOGP_STAGE37A1,SOURCE_GROUNDED,SOURCE_EXTRACTED,RECONSTRUCTED,2026-09-03T06:10:59Z
RECON-LSR-0190,GRP-Safety performa-P97,"PROCESS (CONDITIONS): Organizational: Inadequate supervision PROCESS (CONDITIONS): Organizational: Poor leadership/organizational culture DATE: 18 Nov 2024 COUNTRY: Azerbaijan FUNCTION: Construction CAUSE: Explosion, fire or burns ACTIVITY: Construction, commissioning, decommissioning The workers of the contractor company, who were carrying out the work of dismantling the valves in the",PRIMARY LIFE-SAVING RULE:  Hot work,Safety performance indicators – 2024 data.pdf,97,LSR-CAND-000200,Hot Work,UNKNOWN,"[""Hot Work""]",IOGP_STAGE37A1,SOURCE_GROUNDED,SOURCE_EXTRACTED,RECONSTRUCTED,2026-09-03T06:11:00Z
RECON-LSR-0191,GRP-Safety performa-P97,"PROCESS (CONDITIONS): Organizational: Inadequate supervision PROCESS (CONDITIONS): Organizational: Poor leadership/organizational culture DATE: 18 Nov 2024 COUNTRY: Azerbaijan FUNCTION: Construction CAUSE: Explosion, fire or burns ACTIVITY: Construction, commissioning, decommissioning The workers of the contractor company, who were carrying out the work of dismantling the valves in the",SECONARY LIFE-SAVING RULE:  Work authorization,Safety performance indicators – 2024 data.pdf,97,LSR-CAND-000201,Work Authorization,UNKNOWN,"[""Work Authorization""]",IOGP_STAGE37A1,SOURCE_GROUNDED,SOURCE_EXTRACTED,RECONSTRUCTED,2026-09-03T06:11:00Z
RECON-LSR-0192,GRP-Safety performa-P97,"PROCESS (CONDITIONS): Organizational: Inadequate supervision PROCESS (CONDITIONS): Organizational: Poor leadership/organizational culture DATE: 18 Nov 2024 COUNTRY: Azerbaijan FUNCTION: Construction CAUSE: Explosion, fire or burns ACTIVITY: Construction, commissioning, decommissioning The workers of the contractor company, who were carrying out the work of dismantling the valves in the",PRIMARY LIFE-SAVING RULE:  Working at height,Safety performance indicators – 2024 data.pdf,97,LSR-CAND-000202,Working at Height,UNKNOWN,"[""Working at Height""]",IOGP_STAGE37A1,SOURCE_GROUNDED,SOURCE_EXTRACTED,RECONSTRUCTED,2026-09-03T06:11:00Z
RECON-LSR-0193,GRP-Safety performa-P98,WHAT WENT WRONG: • Inadequate contractor management procedure. • Inadequate work planning. • Inadequate scaffold inspection methods. CORRECTIVE ACTIONS AND RECOMMENDATIONS: • Contractor management procedure to be enforced. •  All scaffolds erected must be inspected periodically by competent persons. PEOPLE (ACTS): Use of Protective Methods: Failure to warn of hazard,PRIMARY LIFE-SAVING RULE:  Working at height,Safety performance indicators – 2024 data.pdf,98,LSR-CAND-000203,Working at Height,UNKNOWN,"[""Working at Height""]",IOGP_STAGE37A1,SOURCE_GROUNDED,SOURCE_EXTRACTED,RECONSTRUCTED,2026-09-03T06:11:01Z
RECON-LSR-0194,GRP-Safety performa-P98,WHAT WENT WRONG: • Inadequate contractor management procedure. • Inadequate work planning. • Inadequate scaffold inspection methods. CORRECTIVE ACTIONS AND RECOMMENDATIONS: • Contractor management procedure to be enforced. •  All scaffolds erected must be inspected periodically by competent persons. PEOPLE (ACTS): Use of Protective Methods: Failure to warn of hazard,SECONARY LIFE-SAVING RULE:  Line of fire,Safety performance indicators – 2024 data.pdf,98,LSR-CAND-000204,Line of Fire,UNKNOWN,"[""Line of Fire""]",IOGP_STAGE37A1,SOURCE_GROUNDED,SOURCE_EXTRACTED,RECONSTRUCTED,2026-09-03T06:11:01Z
RECON-LSR-0195,GRP-Safety performa-P99,"PEOPLE (ACTS): Following Procedures: Deviation unintentional (by individual or group) PEOPLE (ACTS): Following Procedures: Improper position (in the line of fire) PEOPLE (ACTS): Following Procedures: Improper lifting or loading PEOPLE (ACTS): Use of Protective Methods: Personal Protective Equipment not used or used improperly PROCESS (CONDITIONS): Protective Systems: Inadequate/defective guards or protective barriers PROCESS (CONDITIONS): Work Place Hazards: Inadequate surfaces, floors, walkways or roads PROCESS (CONDITIONS): Organizational: Inadequate training/competence PROCESS (CONDITIONS): Organizational: Inadequate work standards/procedures",PRIMARY LIFE-SAVING RULE:  Working at height,Safety performance indicators – 2024 data.pdf,99,LSR-CAND-000205,Working at Height,UNKNOWN,"[""Working at Height""]",IOGP_STAGE37A1,SOURCE_GROUNDED,SOURCE_EXTRACTED,RECONSTRUCTED,2026-09-03T06:11:01Z
RECON-LSR-0196,GRP-Safety performa-P99,"PEOPLE (ACTS): Following Procedures: Deviation unintentional (by individual or group) PEOPLE (ACTS): Following Procedures: Improper position (in the line of fire) PEOPLE (ACTS): Following Procedures: Improper lifting or loading PEOPLE (ACTS): Use of Protective Methods: Personal Protective Equipment not used or used improperly PROCESS (CONDITIONS): Protective Systems: Inadequate/defective guards or protective barriers PROCESS (CONDITIONS): Work Place Hazards: Inadequate surfaces, floors, walkways or roads PROCESS (CONDITIONS): Organizational: Inadequate training/competence PROCESS (CONDITIONS): Organizational: Inadequate work standards/procedures",SECONARY LIFE-SAVING RULE:  Work authorization,Safety performance indicators – 2024 data.pdf,99,LSR-CAND-000206,Work Authorization,UNKNOWN,"[""Work Authorization""]",IOGP_STAGE37A1,SOURCE_GROUNDED,SOURCE_EXTRACTED,RECONSTRUCTED,2026-09-03T06:11:02Z
RECON-LSR-0197,GRP-Safety performa-P100,"PROCESS (CONDITIONS): Tools, Equipment, Materials and Products: Inadequate design/specification/management PROCESS (CONDITIONS): Organizational: Inadequate training/competence PROCESS (CONDITIONS): Organizational: Inadequate work standards/procedures PROCESS (CONDITIONS): Organizational: Inadequate hazard identification or risk assessment PROCESS (CONDITIONS): Organizational: Inadequate communication PROCESS (CONDITIONS): Organizational: Inadequate supervision DATE: 14 May 2024 COUNTRY: Azerbaijan",PRIMARY LIFE-SAVING RULE:  Line of fire,Safety performance indicators – 2024 data.pdf,100,LSR-CAND-000207,Line of Fire,UNKNOWN,"[""Line of Fire""]",IOGP_STAGE37A1,SOURCE_GROUNDED,SOURCE_EXTRACTED,RECONSTRUCTED,2026-09-03T06:11:02Z
RECON-LSR-0198,GRP-Safety performa-P100,"PROCESS (CONDITIONS): Tools, Equipment, Materials and Products: Inadequate design/specification/management PROCESS (CONDITIONS): Organizational: Inadequate training/competence PROCESS (CONDITIONS): Organizational: Inadequate work standards/procedures PROCESS (CONDITIONS): Organizational: Inadequate hazard identification or risk assessment PROCESS (CONDITIONS): Organizational: Inadequate communication PROCESS (CONDITIONS): Organizational: Inadequate supervision DATE: 14 May 2024 COUNTRY: Azerbaijan",SECONARY LIFE-SAVING RULE:  Bypassing safety controls,Safety performance indicators – 2024 data.pdf,100,LSR-CAND-000208,Bypassing Safety Controls,UNKNOWN,"[""Bypassing Safety Controls""]",IOGP_STAGE37A1,SOURCE_GROUNDED,SOURCE_EXTRACTED,RECONSTRUCTED,2026-09-03T06:11:02Z
RECON-LSR-0199,GRP-Safety performa-P101,"DATE: 18 May 2024 COUNTRY: Azerbaijan FUNCTION: Unspecified CAUSE: Dropped objects ACTIVITY: Maintenance, inspection, testing Mechanic used a hydraulic jack to support the vehicle and tried to start repair work beneath the car. Jack failed and mechanic just managed to get aside. WHAT WENT WRONG:",PRIMARY LIFE-SAVING RULE:  Safe mechanical lifting,Safety performance indicators – 2024 data.pdf,101,LSR-CAND-000209,Safe Mechanical Lifting,UNKNOWN,"[""Safe Mechanical Lifting""]",IOGP_STAGE37A1,SOURCE_GROUNDED,SOURCE_EXTRACTED,RECONSTRUCTED,2026-09-03T06:11:02Z
RECON-LSR-0200,GRP-Safety performa-P101,"DATE: 18 May 2024 COUNTRY: Azerbaijan FUNCTION: Unspecified CAUSE: Dropped objects ACTIVITY: Maintenance, inspection, testing Mechanic used a hydraulic jack to support the vehicle and tried to start repair work beneath the car. Jack failed and mechanic just managed to get aside. WHAT WENT WRONG:",SECONARY LIFE-SAVING RULE:  Line of fire,Safety performance indicators – 2024 data.pdf,101,LSR-CAND-000210,Line of Fire,UNKNOWN,"[""Line of Fire""]",IOGP_STAGE37A1,SOURCE_GROUNDED,SOURCE_EXTRACTED,RECONSTRUCTED,2026-09-03T06:11:03Z
RECON-LSR-0201,GRP-Safety performa-P101,"DATE: 18 May 2024 COUNTRY: Azerbaijan FUNCTION: Unspecified CAUSE: Dropped objects ACTIVITY: Maintenance, inspection, testing Mechanic used a hydraulic jack to support the vehicle and tried to start repair work beneath the car. Jack failed and mechanic just managed to get aside. WHAT WENT WRONG:",PRIMARY LIFE-SAVING RULE:  Line of fire,Safety performance indicators – 2024 data.pdf,101,LSR-CAND-000211,Line of Fire,UNKNOWN,"[""Line of Fire""]",IOGP_STAGE37A1,SOURCE_GROUNDED,SOURCE_EXTRACTED,RECONSTRUCTED,2026-09-03T06:11:03Z
RECON-LSR-0202,GRP-Safety performa-P102,"WHAT WENT WRONG: • Inadequate maintenance practices. • Lack of supervision. • Inadequate vendor control procedure. CORRECTIVE ACTIONS AND RECOMMENDATIONS: • All spare parts should be provided by vendors that are screened and monitored by the company. • All maintenance works must be authorized by competent persons and approved spare parts must be used only. PEOPLE (ACTS): Use of Tools, Equipment, Materials and Products: Improper use/position of tools/equipment/",PRIMARY LIFE-SAVING RULE:  Safe mechanical lifting,Safety performance indicators – 2024 data.pdf,102,LSR-CAND-000212,Safe Mechanical Lifting,UNKNOWN,"[""Safe Mechanical Lifting""]",IOGP_STAGE37A1,SOURCE_GROUNDED,SOURCE_EXTRACTED,RECONSTRUCTED,2026-09-03T06:11:03Z
RECON-LSR-0203,GRP-Safety performa-P102,"WHAT WENT WRONG: • Inadequate maintenance practices. • Lack of supervision. • Inadequate vendor control procedure. CORRECTIVE ACTIONS AND RECOMMENDATIONS: • All spare parts should be provided by vendors that are screened and monitored by the company. • All maintenance works must be authorized by competent persons and approved spare parts must be used only. PEOPLE (ACTS): Use of Tools, Equipment, Materials and Products: Improper use/position of tools/equipment/",SECONARY LIFE-SAVING RULE:  Line of fire,Safety performance indicators – 2024 data.pdf,102,LSR-CAND-000213,Line of Fire,UNKNOWN,"[""Line of Fire""]",IOGP_STAGE37A1,SOURCE_GROUNDED,SOURCE_EXTRACTED,RECONSTRUCTED,2026-09-03T06:11:03Z
RECON-LSR-0204,GRP-Safety performa-P103,"RUSSIA & CENTRAL ASIA  OFFSHORE DATE: 08 Oct 2024 COUNTRY: Azerbaijan FUNCTION: Drilling CAUSE: Dropped objects ACTIVITY: Drilling, workover, well operations While the drilling tower was being pushed 3 metres from north to south by a 1.25 metre long hydraulic jack to a specified point, 1 and 1.5 metre conductors were placed between the jack and the drilling tower. During the",PRIMARY LIFE-SAVING RULE:  Safe mechanical lifting,Safety performance indicators – 2024 data.pdf,103,LSR-CAND-000214,Safe Mechanical Lifting,UNKNOWN,"[""Safe Mechanical Lifting""]",IOGP_STAGE37A1,SOURCE_GROUNDED,SOURCE_EXTRACTED,RECONSTRUCTED,2026-09-03T06:11:03Z
RECON-LSR-0205,GRP-Safety performa-P103,"RUSSIA & CENTRAL ASIA  OFFSHORE DATE: 08 Oct 2024 COUNTRY: Azerbaijan FUNCTION: Drilling CAUSE: Dropped objects ACTIVITY: Drilling, workover, well operations While the drilling tower was being pushed 3 metres from north to south by a 1.25 metre long hydraulic jack to a specified point, 1 and 1.5 metre conductors were placed between the jack and the drilling tower. During the",SECONARY LIFE-SAVING RULE:  Line of fire,Safety performance indicators – 2024 data.pdf,103,LSR-CAND-000215,Line of Fire,UNKNOWN,"[""Line of Fire""]",IOGP_STAGE37A1,SOURCE_GROUNDED,SOURCE_EXTRACTED,RECONSTRUCTED,2026-09-03T06:11:04Z
RECON-LSR-0206,GRP-Safety performa-P103,"RUSSIA & CENTRAL ASIA  OFFSHORE DATE: 08 Oct 2024 COUNTRY: Azerbaijan FUNCTION: Drilling CAUSE: Dropped objects ACTIVITY: Drilling, workover, well operations While the drilling tower was being pushed 3 metres from north to south by a 1.25 metre long hydraulic jack to a specified point, 1 and 1.5 metre conductors were placed between the jack and the drilling tower. During the",PRIMARY LIFE-SAVING RULE:  Safe mechanical lifting,Safety performance indicators – 2024 data.pdf,103,LSR-CAND-000216,Safe Mechanical Lifting,UNKNOWN,"[""Safe Mechanical Lifting""]",IOGP_STAGE37A1,SOURCE_GROUNDED,SOURCE_EXTRACTED,RECONSTRUCTED,2026-09-03T06:11:04Z
RECON-LSR-0207,GRP-Safety performa-P103,"RUSSIA & CENTRAL ASIA  OFFSHORE DATE: 08 Oct 2024 COUNTRY: Azerbaijan FUNCTION: Drilling CAUSE: Dropped objects ACTIVITY: Drilling, workover, well operations While the drilling tower was being pushed 3 metres from north to south by a 1.25 metre long hydraulic jack to a specified point, 1 and 1.5 metre conductors were placed between the jack and the drilling tower. During the",SECONARY LIFE-SAVING RULE:  Line of fire,Safety performance indicators – 2024 data.pdf,103,LSR-CAND-000217,Line of Fire,UNKNOWN,"[""Line of Fire""]",IOGP_STAGE37A1,SOURCE_GROUNDED,SOURCE_EXTRACTED,RECONSTRUCTED,2026-09-03T06:11:04Z
RECON-LSR-0208,GRP-Safety performa-P105,"PROCESS (CONDITIONS): Tools, Equipment, Materials and Products: Inadequate design/specification/management PROCESS (CONDITIONS): Tools, Equipment, Materials and Products: Inadequate maintenance/inspection/testing PROCESS (CONDITIONS): Organizational: Inadequate work standards/procedures PROCESS (CONDITIONS): Organizational: Inadequate hazard identification or risk assessment PROCESS (CONDITIONS): Organizational: Inadequate supervision DATE: 21 Dec 2024 COUNTRY: Azerbaijan FUNCTION: Production",PRIMARY LIFE-SAVING RULE:  Hot work,Safety performance indicators – 2024 data.pdf,105,LSR-CAND-000219,Hot Work,UNKNOWN,"[""Hot Work""]",IOGP_STAGE37A1,SOURCE_GROUNDED,SOURCE_EXTRACTED,RECONSTRUCTED,2026-09-03T06:11:04Z
RECON-LSR-0209,GRP-Safety performa-P105,"PROCESS (CONDITIONS): Tools, Equipment, Materials and Products: Inadequate design/specification/management PROCESS (CONDITIONS): Tools, Equipment, Materials and Products: Inadequate maintenance/inspection/testing PROCESS (CONDITIONS): Organizational: Inadequate work standards/procedures PROCESS (CONDITIONS): Organizational: Inadequate hazard identification or risk assessment PROCESS (CONDITIONS): Organizational: Inadequate supervision DATE: 21 Dec 2024 COUNTRY: Azerbaijan FUNCTION: Production",SECONARY LIFE-SAVING RULE:  Bypassing safety controls,Safety performance indicators – 2024 data.pdf,105,LSR-CAND-000220,Bypassing Safety Controls,UNKNOWN,"[""Bypassing Safety Controls""]",IOGP_STAGE37A1,SOURCE_GROUNDED,SOURCE_EXTRACTED,RECONSTRUCTED,2026-09-03T06:11:04Z
RECON-LSR-0210,GRP-Safety performa-P106,"DATE: 20 Sep 2024 COUNTRY: Azerbaijan FUNCTION: Production CAUSE: Falls from height ACTIVITY: Transport – Water, incl. marine activity While the worker was getting off the support vessel onto the boarding platform of the offshore platform, he tripped and fell towards the sea. At the last moment, a rescue sailor on the boarding platform grabbed the worker's clothes and pulled him onto the platform.",PRIMARY LIFE-SAVING RULE:  Line of fire,Safety performance indicators – 2024 data.pdf,106,LSR-CAND-000221,Line of Fire,UNKNOWN,"[""Line of Fire""]",IOGP_STAGE37A1,SOURCE_GROUNDED,SOURCE_EXTRACTED,RECONSTRUCTED,2026-09-03T06:11:05Z
RECON-LSR-0211,GRP-Safety performa-P108,"DATE: 16 May 2024 COUNTRY: Azerbaijan FUNCTION: Production CAUSE: Water related, drowning ACTIVITY: Transport – Water, incl. marine activity Contractor ship with company passengers on the deck ran aground 8.3 km from the coast. Support ships were immediately deployed to the area and the passengers were evacuated ashore. WHAT WENT WRONG:",PRIMARY LIFE-SAVING RULE:  Work authorization,Safety performance indicators – 2024 data.pdf,108,LSR-CAND-000224,Work Authorization,UNKNOWN,"[""Work Authorization""]",IOGP_STAGE37A1,SOURCE_GROUNDED,SOURCE_EXTRACTED,RECONSTRUCTED,2026-09-03T06:11:05Z
RECON-LSR-0212,GRP-Safety performa-P108,"DATE: 16 May 2024 COUNTRY: Azerbaijan FUNCTION: Production CAUSE: Water related, drowning ACTIVITY: Transport – Water, incl. marine activity Contractor ship with company passengers on the deck ran aground 8.3 km from the coast. Support ships were immediately deployed to the area and the passengers were evacuated ashore. WHAT WENT WRONG:",SECONARY LIFE-SAVING RULE:  Bypassing safety controls,Safety performance indicators – 2024 data.pdf,108,LSR-CAND-000225,Bypassing Safety Controls,UNKNOWN,"[""Bypassing Safety Controls""]",IOGP_STAGE37A1,SOURCE_GROUNDED,SOURCE_EXTRACTED,RECONSTRUCTED,2026-09-03T06:11:05Z
RECON-LSR-0213,GRP-Safety performa-P108,"DATE: 16 May 2024 COUNTRY: Azerbaijan FUNCTION: Production CAUSE: Water related, drowning ACTIVITY: Transport – Water, incl. marine activity Contractor ship with company passengers on the deck ran aground 8.3 km from the coast. Support ships were immediately deployed to the area and the passengers were evacuated ashore. WHAT WENT WRONG:",PRIMARY LIFE-SAVING RULE:  Work authorization,Safety performance indicators – 2024 data.pdf,108,LSR-CAND-000226,Work Authorization,UNKNOWN,"[""Work Authorization""]",IOGP_STAGE37A1,SOURCE_GROUNDED,SOURCE_EXTRACTED,RECONSTRUCTED,2026-09-03T06:11:05Z
RECON-LSR-0214,GRP-Safety performa-P109,"PEOPLE (ACTS): Following Procedures: Deviation unintentional (by individual or group) PEOPLE (ACTS): Use of Protective Methods: Failure to warn of hazard PROCESS (CONDITIONS): Tools, Equipment, Materials and Products: Inadequate design/specification/management PROCESS (CONDITIONS): Organizational: Inadequate work standards/procedures PROCESS (CONDITIONS): Organizational: Inadequate hazard identification or risk assessment PROCESS (CONDITIONS): Organizational: Inadequate communication DATE: 09 Oct 2024 COUNTRY: Azerbaijan",PRIMARY LIFE-SAVING RULE:  Safe mechanical lifting,Safety performance indicators – 2024 data.pdf,109,LSR-CAND-000227,Safe Mechanical Lifting,UNKNOWN,"[""Safe Mechanical Lifting""]",IOGP_STAGE37A1,SOURCE_GROUNDED,SOURCE_EXTRACTED,RECONSTRUCTED,2026-09-03T06:11:05Z
RECON-LSR-0215,GRP-Safety performa-P109,"PEOPLE (ACTS): Following Procedures: Deviation unintentional (by individual or group) PEOPLE (ACTS): Use of Protective Methods: Failure to warn of hazard PROCESS (CONDITIONS): Tools, Equipment, Materials and Products: Inadequate design/specification/management PROCESS (CONDITIONS): Organizational: Inadequate work standards/procedures PROCESS (CONDITIONS): Organizational: Inadequate hazard identification or risk assessment PROCESS (CONDITIONS): Organizational: Inadequate communication DATE: 09 Oct 2024 COUNTRY: Azerbaijan",SECONARY LIFE-SAVING RULE:  Line of fire,Safety performance indicators – 2024 data.pdf,109,LSR-CAND-000228,Line of Fire,UNKNOWN,"[""Line of Fire""]",IOGP_STAGE37A1,SOURCE_GROUNDED,SOURCE_EXTRACTED,RECONSTRUCTED,2026-09-03T06:11:06Z
RECON-LSR-0216,GRP-Safety performa-P110,"SOUTH & CENTRAL AMERICA ONSHORE DATE: 07 Dec 2024 COUNTRY: Argentina FUNCTION: Drilling CAUSE: Dropped objects ACTIVITY: Lifting, crane, rigging, deck operations During the final stage of connecting the tubing hanger to the well head, a 3 ton object fell due to the failure of the WHAT WENT WRONG:",PRIMARY LIFE-SAVING RULE:  Safe mechanical lifting,Safety performance indicators – 2024 data.pdf,110,LSR-CAND-000229,Safe Mechanical Lifting,UNKNOWN,"[""Safe Mechanical Lifting""]",IOGP_STAGE37A1,SOURCE_GROUNDED,SOURCE_EXTRACTED,RECONSTRUCTED,2026-09-03T06:11:06Z
RECON-LSR-0217,GRP-Safety performa-P110,"SOUTH & CENTRAL AMERICA ONSHORE DATE: 07 Dec 2024 COUNTRY: Argentina FUNCTION: Drilling CAUSE: Dropped objects ACTIVITY: Lifting, crane, rigging, deck operations During the final stage of connecting the tubing hanger to the well head, a 3 ton object fell due to the failure of the WHAT WENT WRONG:",SECONARY LIFE-SAVING RULE:  Line of fire,Safety performance indicators – 2024 data.pdf,110,LSR-CAND-000230,Line of Fire,UNKNOWN,"[""Line of Fire""]",IOGP_STAGE37A1,SOURCE_GROUNDED,SOURCE_EXTRACTED,RECONSTRUCTED,2026-09-03T06:11:06Z
RECON-LSR-0218,GRP-Safety performa-P110,"SOUTH & CENTRAL AMERICA ONSHORE DATE: 07 Dec 2024 COUNTRY: Argentina FUNCTION: Drilling CAUSE: Dropped objects ACTIVITY: Lifting, crane, rigging, deck operations During the final stage of connecting the tubing hanger to the well head, a 3 ton object fell due to the failure of the WHAT WENT WRONG:",PRIMARY LIFE-SAVING RULE:  Line of fire,Safety performance indicators – 2024 data.pdf,110,LSR-CAND-000231,Line of Fire,UNKNOWN,"[""Line of Fire""]",IOGP_STAGE37A1,SOURCE_GROUNDED,SOURCE_EXTRACTED,RECONSTRUCTED,2026-09-03T06:11:06Z
RECON-LSR-0219,GRP-Safety performa-P111,"• The pumping operation began without opening the frac stack valve. Failed Defences: • Communication and coordination between the manoeuvres and contractors was not considered in any risk CORRECTIVE ACTIONS AND RECOMMENDATIONS: • Incorporate into operating procedures and risk analysis interaction with third parties and companies. • Develop a procedure for setting and testing shut down switches and relief valves. PEOPLE (ACTS): Following Procedures: Improper position (in the line of fire) PROCESS (CONDITIONS): Tools, Equipment, Materials and Products: Inadequate/defective tools/equipment/",PRIMARY LIFE-SAVING RULE:  Work authorization,Safety performance indicators – 2024 data.pdf,111,LSR-CAND-000232,Work Authorization,UNKNOWN,"[""Work Authorization""]",IOGP_STAGE37A1,SOURCE_GROUNDED,SOURCE_EXTRACTED,RECONSTRUCTED,2026-09-03T06:11:06Z
RECON-LSR-0220,GRP-Safety performa-P111,"• The pumping operation began without opening the frac stack valve. Failed Defences: • Communication and coordination between the manoeuvres and contractors was not considered in any risk CORRECTIVE ACTIONS AND RECOMMENDATIONS: • Incorporate into operating procedures and risk analysis interaction with third parties and companies. • Develop a procedure for setting and testing shut down switches and relief valves. PEOPLE (ACTS): Following Procedures: Improper position (in the line of fire) PROCESS (CONDITIONS): Tools, Equipment, Materials and Products: Inadequate/defective tools/equipment/",SECONARY LIFE-SAVING RULE:  Line of fire,Safety performance indicators – 2024 data.pdf,111,LSR-CAND-000233,Line of Fire,UNKNOWN,"[""Line of Fire""]",IOGP_STAGE37A1,SOURCE_GROUNDED,SOURCE_EXTRACTED,RECONSTRUCTED,2026-09-03T06:11:07Z
RECON-LSR-0221,GRP-Safety performa-P112,"• Contractor worked under a generic permit to work (PTW), not addressing excavations. • Contractor did not have an excavation procedure. • Company required simultaneous operations (SIMOPS) controls not implemented. • No access control at the well pad (no lock and/or authorization). CORRECTIVE ACTIONS AND RECOMMENDATIONS: There were gaps in procedures (PTW/SIMOP) not captured previously by assurance system. A similar incident occurred in the past and no corrective actions were taken. Learning from incidents and assurance effectiveness is critical for reducing incident probability.",PRIMARY LIFE-SAVING RULE:  Hot work,Safety performance indicators – 2024 data.pdf,112,LSR-CAND-000234,Hot Work,UNKNOWN,"[""Hot Work""]",IOGP_STAGE37A1,SOURCE_GROUNDED,SOURCE_EXTRACTED,RECONSTRUCTED,2026-09-03T06:11:07Z
RECON-LSR-0222,GRP-Safety performa-P113,"SOUTH & CENTRAL AMERICA OFFSHORE DATE: 02 Apr 2024 FUNCTION: Drilling CAUSE: Dropped objects ACTIVITY: Transport – Water, incl. marine activity During the weekly preventive maintenance of the alternative lifeboat #4 on the port side, the aft ring broke, leaving the ring open for a few minutes. Shortly after, there was a complete opening of the ring, causing the aft part of the lifeboat to detach, and the forward ring could not withstand the load and broke, leading to the lifeboat falling into",PRIMARY LIFE-SAVING RULE:  Bypassing safety controls,Safety performance indicators – 2024 data.pdf,113,LSR-CAND-000235,Bypassing Safety Controls,UNKNOWN,"[""Bypassing Safety Controls""]",IOGP_STAGE37A1,SOURCE_GROUNDED,SOURCE_EXTRACTED,RECONSTRUCTED,2026-09-03T06:11:07Z
RECON-LSR-0223,GRP-Safety performa-P113,"SOUTH & CENTRAL AMERICA OFFSHORE DATE: 02 Apr 2024 FUNCTION: Drilling CAUSE: Dropped objects ACTIVITY: Transport – Water, incl. marine activity During the weekly preventive maintenance of the alternative lifeboat #4 on the port side, the aft ring broke, leaving the ring open for a few minutes. Shortly after, there was a complete opening of the ring, causing the aft part of the lifeboat to detach, and the forward ring could not withstand the load and broke, leading to the lifeboat falling into",SECONARY LIFE-SAVING RULE:  Line of fire,Safety performance indicators – 2024 data.pdf,113,LSR-CAND-000236,Line of Fire,UNKNOWN,"[""Line of Fire""]",IOGP_STAGE37A1,SOURCE_GROUNDED,SOURCE_EXTRACTED,RECONSTRUCTED,2026-09-03T06:11:07Z
RECON-LSR-0224,GRP-Safety performa-P114,"DATE: 08 Jan 2024 FUNCTION: Drilling CAUSE: Explosion, fire or burns ACTIVITY: Drilling, workover, well operations During the well damping operation by bullheading, the pumping pressure reached the configured limit of the relief valve (hydraulic pop-off) of the mud pump, causing its activation and consequently the failure of the primary well barrier envelope. The opening of this valve was not noticed by the team on board and resulted in the loss of hydraulic pressure on the formation. Furthermore, as monitoring parameters were not fully established, as well as",PRIMARY LIFE-SAVING RULE:  Hot work,Safety performance indicators – 2024 data.pdf,114,LSR-CAND-000237,Hot Work,UNKNOWN,"[""Hot Work""]",IOGP_STAGE37A1,SOURCE_GROUNDED,SOURCE_EXTRACTED,RECONSTRUCTED,2026-09-03T06:11:07Z
RECON-LSR-0225,GRP-Safety performa-P114,"DATE: 08 Jan 2024 FUNCTION: Drilling CAUSE: Explosion, fire or burns ACTIVITY: Drilling, workover, well operations During the well damping operation by bullheading, the pumping pressure reached the configured limit of the relief valve (hydraulic pop-off) of the mud pump, causing its activation and consequently the failure of the primary well barrier envelope. The opening of this valve was not noticed by the team on board and resulted in the loss of hydraulic pressure on the formation. Furthermore, as monitoring parameters were not fully established, as well as",SECONARY LIFE-SAVING RULE:  Line of fire,Safety performance indicators – 2024 data.pdf,114,LSR-CAND-000238,Line of Fire,UNKNOWN,"[""Line of Fire""]",IOGP_STAGE37A1,SOURCE_GROUNDED,SOURCE_EXTRACTED,RECONSTRUCTED,2026-09-03T06:11:07Z
RECON-LSR-0226,GRP-Safety performa-P115,"PROCESS (CONDITIONS): Organizational: Inadequate work standards/procedures PROCESS (CONDITIONS): Organizational: Inadequate hazard identification or risk assessment DATE: 02 Feb 2024 FUNCTION: Production CAUSE: Caught in, under or between (excl. dropped objects) ACTIVITY: Maintenance, inspection, testing The employee reported to the infirmary along with his supervisor, informing that during the maintenance of the starting air compressor, he suffered an impact from the engine's propeller on the fourth digit of his left hand,",PRIMARY LIFE-SAVING RULE:  Line of fire,Safety performance indicators – 2024 data.pdf,115,LSR-CAND-000239,Line of Fire,UNKNOWN,"[""Line of Fire""]",IOGP_STAGE37A1,SOURCE_GROUNDED,SOURCE_EXTRACTED,RECONSTRUCTED,2026-09-03T06:11:08Z
RECON-LSR-0227,GRP-Safety performa-P116,"PEOPLE (ACTS): Following Procedures: Improper position (in the line of fire) PROCESS (CONDITIONS): Protective Systems: Inadequate/defective Personal Protective Equipment PROCESS (CONDITIONS): Tools, Equipment, Materials and Products: Inadequate design/specification/management PROCESS (CONDITIONS): Organizational: Inadequate hazard identification or risk assessment DATE: 19 Apr 2024 FUNCTION: Production CAUSE: Dropped objects ACTIVITY: Lifting, crane, rigging, deck operations",PRIMARY LIFE-SAVING RULE:  Safe mechanical lifting,Safety performance indicators – 2024 data.pdf,116,LSR-CAND-000240,Safe Mechanical Lifting,UNKNOWN,"[""Safe Mechanical Lifting""]",IOGP_STAGE37A1,SOURCE_GROUNDED,SOURCE_EXTRACTED,RECONSTRUCTED,2026-09-03T06:11:08Z
RECON-LSR-0228,GRP-Safety performa-P116,"PEOPLE (ACTS): Following Procedures: Improper position (in the line of fire) PROCESS (CONDITIONS): Protective Systems: Inadequate/defective Personal Protective Equipment PROCESS (CONDITIONS): Tools, Equipment, Materials and Products: Inadequate design/specification/management PROCESS (CONDITIONS): Organizational: Inadequate hazard identification or risk assessment DATE: 19 Apr 2024 FUNCTION: Production CAUSE: Dropped objects ACTIVITY: Lifting, crane, rigging, deck operations",SECONARY LIFE-SAVING RULE:  Line of fire,Safety performance indicators – 2024 data.pdf,116,LSR-CAND-000241,Line of Fire,UNKNOWN,"[""Line of Fire""]",IOGP_STAGE37A1,SOURCE_GROUNDED,SOURCE_EXTRACTED,RECONSTRUCTED,2026-09-03T06:11:08Z
RECON-LSR-0229,GRP-Safety performa-P117,"• Evaluate/implement alternative methods for load handling in the aft port main deck area to ensure safe • Assess whether other areas of the platform also have space limitations that could compromise load handling manoeuvres. • Include all cable trays in the object fall prevention inspection plan. • Install reinforcement fixtures on all cable trays near load handling areas. PEOPLE (ACTS): Following Procedures: Improper position (in the line of fire) PROCESS (CONDITIONS): Tools, Equipment, Materials and Products: Inadequate design/specification/management PROCESS (CONDITIONS): Organizational: Inadequate work standards/procedures",PRIMARY LIFE-SAVING RULE:  Safe mechanical lifting,Safety performance indicators – 2024 data.pdf,117,LSR-CAND-000242,Safe Mechanical Lifting,UNKNOWN,"[""Safe Mechanical Lifting""]",IOGP_STAGE37A1,SOURCE_GROUNDED,SOURCE_EXTRACTED,RECONSTRUCTED,2026-09-03T06:11:08Z
RECON-LSR-0230,GRP-Safety performa-P117,"• Evaluate/implement alternative methods for load handling in the aft port main deck area to ensure safe • Assess whether other areas of the platform also have space limitations that could compromise load handling manoeuvres. • Include all cable trays in the object fall prevention inspection plan. • Install reinforcement fixtures on all cable trays near load handling areas. PEOPLE (ACTS): Following Procedures: Improper position (in the line of fire) PROCESS (CONDITIONS): Tools, Equipment, Materials and Products: Inadequate design/specification/management PROCESS (CONDITIONS): Organizational: Inadequate work standards/procedures",SECONARY LIFE-SAVING RULE:  Line of fire,Safety performance indicators – 2024 data.pdf,117,LSR-CAND-000243,Line of Fire,UNKNOWN,"[""Line of Fire""]",IOGP_STAGE37A1,SOURCE_GROUNDED,SOURCE_EXTRACTED,RECONSTRUCTED,2026-09-03T06:11:08Z
RECON-LSR-0231,GRP-Safety performa-P118,"DATE: 01 Mar 2024 COUNTRY: Trinidad and Tobago FUNCTION: Production CAUSE: Pressure release ACTIVITY: Maintenance, inspection, testing During a routine field visit, it was identified that a 2-inch pipe spool associated with the Low-Pressure Flare Header was installed, which sits outside the boundary isolation, as per approved isolation plan. The spool piece in question appears to have been installed during the removal and replacement of piping scope of work on the glycol",PRIMARY LIFE-SAVING RULE:  Work authorization,Safety performance indicators – 2024 data.pdf,118,LSR-CAND-000244,Work Authorization,UNKNOWN,"[""Work Authorization""]",IOGP_STAGE37A1,SOURCE_GROUNDED,SOURCE_EXTRACTED,RECONSTRUCTED,2026-09-03T06:11:09Z
RECON-LSR-0232,GRP-Safety performa-P118,"DATE: 01 Mar 2024 COUNTRY: Trinidad and Tobago FUNCTION: Production CAUSE: Pressure release ACTIVITY: Maintenance, inspection, testing During a routine field visit, it was identified that a 2-inch pipe spool associated with the Low-Pressure Flare Header was installed, which sits outside the boundary isolation, as per approved isolation plan. The spool piece in question appears to have been installed during the removal and replacement of piping scope of work on the glycol",SECONARY LIFE-SAVING RULE:  Energy isolation,Safety performance indicators – 2024 data.pdf,118,LSR-CAND-000245,Energy Isolation,UNKNOWN,"[""Energy Isolation""]",IOGP_STAGE37A1,SOURCE_GROUNDED,SOURCE_EXTRACTED,RECONSTRUCTED,2026-09-03T06:11:09Z
RECON-LSR-0233,GRP-Safety performa-P5,"DATE: 13 Mar 2025 FUNCTION: Drilling CAUSE: Caught in, under or between (excl. dropped objects) ACTIVITY: Transport - Land On Thursday March 13th, 2025, the crew change bus had a road accident. It was 18h30 and after a heavy rain at the time of the incident. The bus driver was driving too close to the road edge to avoid potholes of the road section. While doing so a part of the road edge collapsed under the right front bus tire making the bus end its trajectory on the pipelines on the side",PRIMARY LIFE-SAVING RULE:  Driving,Safety performance indicators – 2025 data.pdf,5,LSR-CAND-000246,Driving,UNKNOWN,"[""Driving""]",IOGP_STAGE37A1,SOURCE_GROUNDED,SOURCE_EXTRACTED,RECONSTRUCTED,2026-09-03T06:11:09Z
RECON-LSR-0234,GRP-Safety performa-P5,"DATE: 13 Mar 2025 FUNCTION: Drilling CAUSE: Caught in, under or between (excl. dropped objects) ACTIVITY: Transport - Land On Thursday March 13th, 2025, the crew change bus had a road accident. It was 18h30 and after a heavy rain at the time of the incident. The bus driver was driving too close to the road edge to avoid potholes of the road section. While doing so a part of the road edge collapsed under the right front bus tire making the bus end its trajectory on the pipelines on the side",SECONARY LIFE-SAVING RULE:  Line of fire,Safety performance indicators – 2025 data.pdf,5,LSR-CAND-000247,Line of Fire,UNKNOWN,"[""Line of Fire""]",IOGP_STAGE37A1,SOURCE_GROUNDED,SOURCE_EXTRACTED,RECONSTRUCTED,2026-09-03T06:11:09Z
RECON-LSR-0235,GRP-Safety performa-P6,"DATE: 01 May 2025 FUNCTION: Drilling CAUSE: Struck by (not dropped object) ACTIVITY: Lifting, crane, rigging, deck operations At around 4am on 1st of May, the two men on the crane were assigned to a new location. The operation involved depositing the counterweights. Following a counter-order from the supervisor, they had to carry out a final lift before going on to the new location. The spider chains were replaced on the counterweights. As the chains are lifted, one of the hooks gets caught in the guide of the counterweight. When the chains come off, they have a spring",PRIMARY LIFE-SAVING RULE:  Safe mechanical lifting,Safety performance indicators – 2025 data.pdf,6,LSR-CAND-000248,Safe Mechanical Lifting,UNKNOWN,"[""Safe Mechanical Lifting""]",IOGP_STAGE37A1,SOURCE_GROUNDED,SOURCE_EXTRACTED,RECONSTRUCTED,2026-09-03T06:11:09Z
RECON-LSR-0236,GRP-Safety performa-P6,"DATE: 01 May 2025 FUNCTION: Drilling CAUSE: Struck by (not dropped object) ACTIVITY: Lifting, crane, rigging, deck operations At around 4am on 1st of May, the two men on the crane were assigned to a new location. The operation involved depositing the counterweights. Following a counter-order from the supervisor, they had to carry out a final lift before going on to the new location. The spider chains were replaced on the counterweights. As the chains are lifted, one of the hooks gets caught in the guide of the counterweight. When the chains come off, they have a spring",SECONARY LIFE-SAVING RULE:  Line of fire,Safety performance indicators – 2025 data.pdf,6,LSR-CAND-000249,Line of Fire,UNKNOWN,"[""Line of Fire""]",IOGP_STAGE37A1,SOURCE_GROUNDED,SOURCE_EXTRACTED,RECONSTRUCTED,2026-09-03T06:11:09Z
RECON-LSR-0237,GRP-Safety performa-P7,"DATE: 18 Aug 2025 FUNCTION: Drilling CAUSE: Struck by (not dropped object) ACTIVITY: Lifting, crane, rigging, deck operations On 18 August 2025, a team was installing a 6-inch pipe over a 35-metre section between two lines. This pipe was also to be used during WO operations. During the operation, the team separated a 6-inch pipe from a 2-inch pipe, both of which had previously been tied together with cords. During the lifting phase, the cords were gradually cut to separate the two pipes. When the third cord was cut, the tension accumulated in the 6-inch pipe, which was",PRIMARY LIFE-SAVING RULE:  Line of fire,Safety performance indicators – 2025 data.pdf,7,LSR-CAND-000250,Line of Fire,UNKNOWN,"[""Line of Fire""]",IOGP_STAGE37A1,SOURCE_GROUNDED,SOURCE_EXTRACTED,RECONSTRUCTED,2026-09-03T06:11:10Z
RECON-LSR-0238,GRP-Safety performa-P7,"DATE: 18 Aug 2025 FUNCTION: Drilling CAUSE: Struck by (not dropped object) ACTIVITY: Lifting, crane, rigging, deck operations On 18 August 2025, a team was installing a 6-inch pipe over a 35-metre section between two lines. This pipe was also to be used during WO operations. During the operation, the team separated a 6-inch pipe from a 2-inch pipe, both of which had previously been tied together with cords. During the lifting phase, the cords were gradually cut to separate the two pipes. When the third cord was cut, the tension accumulated in the 6-inch pipe, which was",SECONARY LIFE-SAVING RULE:  Work authorization,Safety performance indicators – 2025 data.pdf,7,LSR-CAND-000251,Work Authorization,UNKNOWN,"[""Work Authorization""]",IOGP_STAGE37A1,SOURCE_GROUNDED,SOURCE_EXTRACTED,RECONSTRUCTED,2026-09-03T06:11:10Z
RECON-LSR-0239,GRP-Safety performa-P8,"DATE: 19 Jan 2025 FUNCTION: Construction CAUSE: Explosion, fire or burns ACTIVITY: Maintenance, inspection, testing On January 19, 2025, during restart attempts of the HP-A Gas Compressor following corrective maintenance, an unusually loud noise was heard from the exhaust. Seconds later, the fire alarm was triggered, and it was observed that the exhaust structure had fallen off. Technicians in the vicinity immediately pressed the compressor’s emergency stop button and evacuated the facility. Simultaneously, the emergency response team was activated, and",PRIMARY LIFE-SAVING RULE:  Work authorization,Safety performance indicators – 2025 data.pdf,8,LSR-CAND-000252,Work Authorization,UNKNOWN,"[""Work Authorization""]",IOGP_STAGE37A1,SOURCE_GROUNDED,SOURCE_EXTRACTED,RECONSTRUCTED,2026-09-03T06:11:10Z
RECON-LSR-0240,GRP-Safety performa-P8,"DATE: 19 Jan 2025 FUNCTION: Construction CAUSE: Explosion, fire or burns ACTIVITY: Maintenance, inspection, testing On January 19, 2025, during restart attempts of the HP-A Gas Compressor following corrective maintenance, an unusually loud noise was heard from the exhaust. Seconds later, the fire alarm was triggered, and it was observed that the exhaust structure had fallen off. Technicians in the vicinity immediately pressed the compressor’s emergency stop button and evacuated the facility. Simultaneously, the emergency response team was activated, and",SECONARY LIFE-SAVING RULE:  Bypassing safety controls,Safety performance indicators – 2025 data.pdf,8,LSR-CAND-000253,Bypassing Safety Controls,UNKNOWN,"[""Bypassing Safety Controls""]",IOGP_STAGE37A1,SOURCE_GROUNDED,SOURCE_EXTRACTED,RECONSTRUCTED,2026-09-03T06:11:10Z
RECON-LSR-0241,GRP-Safety performa-P9,"DATE: 25 Mar 2025 FUNCTION: Unspecified CAUSE: Dropped objects ACTIVITY: Office, warehouse, accommodation, catering During a heavy rainstorm, two aluminium composite panels (component of the external cladding material for the Office building) dislodged and dropped. The two (2) panels, each weighing 9.8kgs and measuring 1.11x1.49ms, dropped from about a height of 22.35 meters. The fallen panels were found Infront of the South Wing Power room, and the affected area was promptly cordoned off to prevent further hazards. Additionally, multiple panels were",PRIMARY LIFE-SAVING RULE:  Line of fire,Safety performance indicators – 2025 data.pdf,9,LSR-CAND-000254,Line of Fire,UNKNOWN,"[""Line of Fire""]",IOGP_STAGE37A1,SOURCE_GROUNDED,SOURCE_EXTRACTED,RECONSTRUCTED,2026-09-03T06:11:10Z
RECON-LSR-0242,GRP-Safety performa-P10,"DATE: 26 Jul 2025 COUNTRY: Nigeria FUNCTION: Drilling CAUSE: Struck by (not dropped object) ACTIVITY: Lifting, crane, rigging, deck operations At about 02:21hrs, while rig crew was picking 4” drill pipe, a single drill pipe was picked from Catwalk to the rig floor with Air winch tugger. The IP removed thread protector from the single pipe while another floorman attempted to guide the pipe into the mouse hole. The pipe missed the mouse hole, hit the rig floor and also hit the IP on his",PRIMARY LIFE-SAVING RULE:  Safe mechanical lifting,Safety performance indicators – 2025 data.pdf,10,LSR-CAND-000255,Safe Mechanical Lifting,UNKNOWN,"[""Safe Mechanical Lifting""]",IOGP_STAGE37A1,SOURCE_GROUNDED,SOURCE_EXTRACTED,RECONSTRUCTED,2026-09-03T06:11:10Z
RECON-LSR-0243,GRP-Safety performa-P10,"DATE: 26 Jul 2025 COUNTRY: Nigeria FUNCTION: Drilling CAUSE: Struck by (not dropped object) ACTIVITY: Lifting, crane, rigging, deck operations At about 02:21hrs, while rig crew was picking 4” drill pipe, a single drill pipe was picked from Catwalk to the rig floor with Air winch tugger. The IP removed thread protector from the single pipe while another floorman attempted to guide the pipe into the mouse hole. The pipe missed the mouse hole, hit the rig floor and also hit the IP on his",SECONARY LIFE-SAVING RULE:  Line of fire,Safety performance indicators – 2025 data.pdf,10,LSR-CAND-000256,Line of Fire,UNKNOWN,"[""Line of Fire""]",IOGP_STAGE37A1,SOURCE_GROUNDED,SOURCE_EXTRACTED,RECONSTRUCTED,2026-09-03T06:11:11Z
RECON-LSR-0244,GRP-Safety performa-P11,"DATE: 08 Oct 2025 COUNTRY: Nigeria FUNCTION: Production CAUSE: Struck by (not dropped object) ACTIVITY: Transport - Land At about 10:30 hours, a company-owned light vehicle in a security convoy travelling veered off the road and collided with an electric pole. The driver and accompanying customer were safely evacuated and transported to the Clinic for appropriate medical evaluation / attention.",PRIMARY LIFE-SAVING RULE:  Driving,Safety performance indicators – 2025 data.pdf,11,LSR-CAND-000257,Driving,UNKNOWN,"[""Driving""]",IOGP_STAGE37A1,SOURCE_GROUNDED,SOURCE_EXTRACTED,RECONSTRUCTED,2026-09-03T06:11:11Z
RECON-LSR-0245,GRP-Safety performa-P11,"DATE: 08 Oct 2025 COUNTRY: Nigeria FUNCTION: Production CAUSE: Struck by (not dropped object) ACTIVITY: Transport - Land At about 10:30 hours, a company-owned light vehicle in a security convoy travelling veered off the road and collided with an electric pole. The driver and accompanying customer were safely evacuated and transported to the Clinic for appropriate medical evaluation / attention.",SECONARY LIFE-SAVING RULE:  Line of fire,Safety performance indicators – 2025 data.pdf,11,LSR-CAND-000258,Line of Fire,UNKNOWN,"[""Line of Fire""]",IOGP_STAGE37A1,SOURCE_GROUNDED,SOURCE_EXTRACTED,RECONSTRUCTED,2026-09-03T06:11:11Z
RECON-LSR-0246,GRP-Safety performa-P11,"DATE: 08 Oct 2025 COUNTRY: Nigeria FUNCTION: Production CAUSE: Struck by (not dropped object) ACTIVITY: Transport - Land At about 10:30 hours, a company-owned light vehicle in a security convoy travelling veered off the road and collided with an electric pole. The driver and accompanying customer were safely evacuated and transported to the Clinic for appropriate medical evaluation / attention.",PRIMARY LIFE-SAVING RULE:  Energy isolation,Safety performance indicators – 2025 data.pdf,11,LSR-CAND-000259,Energy Isolation,UNKNOWN,"[""Energy Isolation""]",IOGP_STAGE37A1,SOURCE_GROUNDED,SOURCE_EXTRACTED,RECONSTRUCTED,2026-09-03T06:11:11Z
RECON-LSR-0247,GRP-Safety performa-P11,"DATE: 08 Oct 2025 COUNTRY: Nigeria FUNCTION: Production CAUSE: Struck by (not dropped object) ACTIVITY: Transport - Land At about 10:30 hours, a company-owned light vehicle in a security convoy travelling veered off the road and collided with an electric pole. The driver and accompanying customer were safely evacuated and transported to the Clinic for appropriate medical evaluation / attention.",SECONARY LIFE-SAVING RULE:  Line of fire,Safety performance indicators – 2025 data.pdf,11,LSR-CAND-000260,Line of Fire,UNKNOWN,"[""Line of Fire""]",IOGP_STAGE37A1,SOURCE_GROUNDED,SOURCE_EXTRACTED,RECONSTRUCTED,2026-09-03T06:11:11Z
RECON-LSR-0248,GRP-Safety performa-P12,"3. During test digging, the excavator bucket contacted a buried 11 kVA composite electrical cable, causing a dent 4. Excavator use in close proximity to unidentified/poorly defined underground assets introduced a line-strike CORRECTIVE ACTIONS AND RECOMMENDATIONS: 1. Mechanical excavation (excavators) must not be used near unknown or insufficiently verified buried utilities. 2. Probing results identifying multiple underground facilities must trigger manual excavation only. 3. As-built drawings must be accurate, up-to-date, and detailed, especially regarding depth and horizontal spacing. 4. When indications are unclear, stop work and escalate for engineering verification. PEOPLE (ACTS): Following Procedures: Improper position (in the line of fire)",PRIMARY LIFE-SAVING RULE:  Safe mechanical lifting,Safety performance indicators – 2025 data.pdf,12,LSR-CAND-000261,Safe Mechanical Lifting,UNKNOWN,"[""Safe Mechanical Lifting""]",IOGP_STAGE37A1,SOURCE_GROUNDED,SOURCE_EXTRACTED,RECONSTRUCTED,2026-09-03T06:11:11Z
RECON-LSR-0249,GRP-Safety performa-P12,"3. During test digging, the excavator bucket contacted a buried 11 kVA composite electrical cable, causing a dent 4. Excavator use in close proximity to unidentified/poorly defined underground assets introduced a line-strike CORRECTIVE ACTIONS AND RECOMMENDATIONS: 1. Mechanical excavation (excavators) must not be used near unknown or insufficiently verified buried utilities. 2. Probing results identifying multiple underground facilities must trigger manual excavation only. 3. As-built drawings must be accurate, up-to-date, and detailed, especially regarding depth and horizontal spacing. 4. When indications are unclear, stop work and escalate for engineering verification. PEOPLE (ACTS): Following Procedures: Improper position (in the line of fire)",SECONARY LIFE-SAVING RULE:  Line of fire,Safety performance indicators – 2025 data.pdf,12,LSR-CAND-000262,Line of Fire,UNKNOWN,"[""Line of Fire""]",IOGP_STAGE37A1,SOURCE_GROUNDED,SOURCE_EXTRACTED,RECONSTRUCTED,2026-09-03T06:11:12Z
RECON-LSR-0250,GRP-Safety performa-P13,"DATE: 18 Feb 2025 FUNCTION: Production CAUSE: Dropped objects ACTIVITY: Production operations A 9 kg metal plate detached from the conveyor railway and fell approximately 6.5–10 m onto the deck below. No personnel were struck; however, dropped-object energy indicated fatality potential. The plate was originally installed as a dropped-object prevention measure. Over time it deteriorated and was displaced due to a misaligned and stretched conveyor belt, which pushed the plate out of position.",PRIMARY LIFE-SAVING RULE:  Line of fire,Safety performance indicators – 2025 data.pdf,13,LSR-CAND-000263,Line of Fire,UNKNOWN,"[""Line of Fire""]",IOGP_STAGE37A1,SOURCE_GROUNDED,SOURCE_EXTRACTED,RECONSTRUCTED,2026-09-03T06:11:12Z
RECON-LSR-0251,GRP-Safety performa-P13,"DATE: 18 Feb 2025 FUNCTION: Production CAUSE: Dropped objects ACTIVITY: Production operations A 9 kg metal plate detached from the conveyor railway and fell approximately 6.5–10 m onto the deck below. No personnel were struck; however, dropped-object energy indicated fatality potential. The plate was originally installed as a dropped-object prevention measure. Over time it deteriorated and was displaced due to a misaligned and stretched conveyor belt, which pushed the plate out of position.",SECONARY LIFE-SAVING RULE:  Work authorization,Safety performance indicators – 2025 data.pdf,13,LSR-CAND-000264,Work Authorization,UNKNOWN,"[""Work Authorization""]",IOGP_STAGE37A1,SOURCE_GROUNDED,SOURCE_EXTRACTED,RECONSTRUCTED,2026-09-03T06:11:12Z
RECON-LSR-0252,GRP-Safety performa-P14,"DATE: 23 Mar 2025 COUNTRY: Equatorial Guinea FUNCTION: Production CAUSE: Falls from height ACTIVITY: Lifting, crane, rigging, deck operations At approximately 06:30, lifting operations were being conducted to move spools from the main deck to the cellar/ sub-cellar deck. Because no direct lifting path existed, the crew chose to lift the load through a slickline hatch, which constituted",PRIMARY LIFE-SAVING RULE:  Line of fire,Safety performance indicators – 2025 data.pdf,14,LSR-CAND-000265,Line of Fire,UNKNOWN,"[""Line of Fire""]",IOGP_STAGE37A1,SOURCE_GROUNDED,SOURCE_EXTRACTED,RECONSTRUCTED,2026-09-03T06:11:12Z
RECON-LSR-0253,GRP-Safety performa-P14,"DATE: 23 Mar 2025 COUNTRY: Equatorial Guinea FUNCTION: Production CAUSE: Falls from height ACTIVITY: Lifting, crane, rigging, deck operations At approximately 06:30, lifting operations were being conducted to move spools from the main deck to the cellar/ sub-cellar deck. Because no direct lifting path existed, the crew chose to lift the load through a slickline hatch, which constituted",SECONARY LIFE-SAVING RULE:  Safe mechanical lifting,Safety performance indicators – 2025 data.pdf,14,LSR-CAND-000266,Safe Mechanical Lifting,UNKNOWN,"[""Safe Mechanical Lifting""]",IOGP_STAGE37A1,SOURCE_GROUNDED,SOURCE_EXTRACTED,RECONSTRUCTED,2026-09-03T06:11:12Z
RECON-LSR-0254,GRP-Safety performa-P15,"DATE: 02 Dec 2025 FUNCTION: Production CAUSE: Struck by (not dropped object) ACTIVITY: Lifting, crane, rigging, deck operations While parking the starboard (STBD) crane following routine lifting operations, the crane boom was brought down into the boom rest abruptly rather than in a controlled manner. This sudden placement generated an unexpected impact load on the crane structure, producing a loud bang that was heard in the vicinity of the crane pedestal and surrounding areas.",PRIMARY LIFE-SAVING RULE:  Line of fire,Safety performance indicators – 2025 data.pdf,15,LSR-CAND-000267,Line of Fire,UNKNOWN,"[""Line of Fire""]",IOGP_STAGE37A1,SOURCE_GROUNDED,SOURCE_EXTRACTED,RECONSTRUCTED,2026-09-03T06:11:12Z
RECON-LSR-0255,GRP-Safety performa-P15,"DATE: 02 Dec 2025 FUNCTION: Production CAUSE: Struck by (not dropped object) ACTIVITY: Lifting, crane, rigging, deck operations While parking the starboard (STBD) crane following routine lifting operations, the crane boom was brought down into the boom rest abruptly rather than in a controlled manner. This sudden placement generated an unexpected impact load on the crane structure, producing a loud bang that was heard in the vicinity of the crane pedestal and surrounding areas.",SECONARY LIFE-SAVING RULE:  Safe mechanical lifting,Safety performance indicators – 2025 data.pdf,15,LSR-CAND-000268,Safe Mechanical Lifting,UNKNOWN,"[""Safe Mechanical Lifting""]",IOGP_STAGE37A1,SOURCE_GROUNDED,SOURCE_EXTRACTED,RECONSTRUCTED,2026-09-03T06:11:13Z
RECON-LSR-0256,GRP-Safety performa-P16,"DATE: 18 Mar 2025 COUNTRY: Mauritania FUNCTION: Production CAUSE: Pressure release ACTIVITY: Maintenance, inspection, testing Contractor carrying out repairs on the Scale Inhibitor Injection system, the system was understood to have been depressurised. As the contractor started to release an end cap, the cap was projected downwards under pressure. The cap went directly downwards into a section of plant close to a walkway. This could have had potential to impact",PRIMARY LIFE-SAVING RULE:  Energy isolation,Safety performance indicators – 2025 data.pdf,16,LSR-CAND-000269,Energy Isolation,UNKNOWN,"[""Energy Isolation""]",IOGP_STAGE37A1,SOURCE_GROUNDED,SOURCE_EXTRACTED,RECONSTRUCTED,2026-09-03T06:11:13Z
RECON-LSR-0257,GRP-Safety performa-P16,"DATE: 18 Mar 2025 COUNTRY: Mauritania FUNCTION: Production CAUSE: Pressure release ACTIVITY: Maintenance, inspection, testing Contractor carrying out repairs on the Scale Inhibitor Injection system, the system was understood to have been depressurised. As the contractor started to release an end cap, the cap was projected downwards under pressure. The cap went directly downwards into a section of plant close to a walkway. This could have had potential to impact",SECONARY LIFE-SAVING RULE:  Line of fire,Safety performance indicators – 2025 data.pdf,16,LSR-CAND-000270,Line of Fire,UNKNOWN,"[""Line of Fire""]",IOGP_STAGE37A1,SOURCE_GROUNDED,SOURCE_EXTRACTED,RECONSTRUCTED,2026-09-03T06:11:13Z
RECON-LSR-0258,GRP-Safety performa-P17,"DATE: 18 Nov 2025 COUNTRY: Namibia FUNCTION: Drilling CAUSE: Dropped objects ACTIVITY: Lifting, crane, rigging, deck operations Flex Joint strikes handrail creating 2 Dropped Objects. During the removal of the Flex Joint from the Riser Feeding Machine (RFM) using the starboard crane, the aft sling of the Flex Joint became hung up on the RFM bucket. As the lift continued, the sling suddenly released, causing the Flex Joint to swing unexpectedly.",PRIMARY LIFE-SAVING RULE:  Safe mechanical lifting,Safety performance indicators – 2025 data.pdf,17,LSR-CAND-000271,Safe Mechanical Lifting,UNKNOWN,"[""Safe Mechanical Lifting""]",IOGP_STAGE37A1,SOURCE_GROUNDED,SOURCE_EXTRACTED,RECONSTRUCTED,2026-09-03T06:11:13Z
RECON-LSR-0259,GRP-Safety performa-P17,"DATE: 18 Nov 2025 COUNTRY: Namibia FUNCTION: Drilling CAUSE: Dropped objects ACTIVITY: Lifting, crane, rigging, deck operations Flex Joint strikes handrail creating 2 Dropped Objects. During the removal of the Flex Joint from the Riser Feeding Machine (RFM) using the starboard crane, the aft sling of the Flex Joint became hung up on the RFM bucket. As the lift continued, the sling suddenly released, causing the Flex Joint to swing unexpectedly.",SECONARY LIFE-SAVING RULE:  Line of fire,Safety performance indicators – 2025 data.pdf,17,LSR-CAND-000272,Line of Fire,UNKNOWN,"[""Line of Fire""]",IOGP_STAGE37A1,SOURCE_GROUNDED,SOURCE_EXTRACTED,RECONSTRUCTED,2026-09-03T06:11:13Z
RECON-LSR-0260,GRP-Safety performa-P18,"ASIA/AUSTRALASIA ONSHORE DATE: 03 Dec 2025 COUNTRY: Australia FUNCTION: Drilling CAUSE: Dropped objects ACTIVITY: Lifting, crane, rigging, deck operations Operator observed a concrete block on the tray of a flatbed truck and attempted to pick it up with the Front-end Loader tynes (pallet forks). The operator misjudged the fork tyne pockets of the pallet the concrete block was sitting",PRIMARY LIFE-SAVING RULE:  Safe mechanical lifting,Safety performance indicators – 2025 data.pdf,18,LSR-CAND-000273,Safe Mechanical Lifting,UNKNOWN,"[""Safe Mechanical Lifting""]",IOGP_STAGE37A1,SOURCE_GROUNDED,SOURCE_EXTRACTED,RECONSTRUCTED,2026-09-03T06:11:13Z
RECON-LSR-0261,GRP-Safety performa-P18,"ASIA/AUSTRALASIA ONSHORE DATE: 03 Dec 2025 COUNTRY: Australia FUNCTION: Drilling CAUSE: Dropped objects ACTIVITY: Lifting, crane, rigging, deck operations Operator observed a concrete block on the tray of a flatbed truck and attempted to pick it up with the Front-end Loader tynes (pallet forks). The operator misjudged the fork tyne pockets of the pallet the concrete block was sitting",SECONARY LIFE-SAVING RULE:  Line of fire,Safety performance indicators – 2025 data.pdf,18,LSR-CAND-000274,Line of Fire,UNKNOWN,"[""Line of Fire""]",IOGP_STAGE37A1,SOURCE_GROUNDED,SOURCE_EXTRACTED,RECONSTRUCTED,2026-09-03T06:11:13Z
RECON-LSR-0262,GRP-Safety performa-P19,"ASIA/AUSTRALASIA ONSHORE DATE: 17 Apr 2025 COUNTRY: Australia FUNCTION: Production CAUSE: Dropped objects ACTIVITY: Office, warehouse, accommodation, catering During pallet racking activities in the warehouse, a forklift was in the process of lifting a pallet to the third shelf. The load backrest of the forklift inadvertently contacted another pallet directly above (load approximately 240kg) stored",PRIMARY LIFE-SAVING RULE:  Safe mechanical lifting,Safety performance indicators – 2025 data.pdf,19,LSR-CAND-000275,Safe Mechanical Lifting,UNKNOWN,"[""Safe Mechanical Lifting""]",IOGP_STAGE37A1,SOURCE_GROUNDED,SOURCE_EXTRACTED,RECONSTRUCTED,2026-09-03T06:11:14Z
RECON-LSR-0263,GRP-Safety performa-P19,"ASIA/AUSTRALASIA ONSHORE DATE: 17 Apr 2025 COUNTRY: Australia FUNCTION: Production CAUSE: Dropped objects ACTIVITY: Office, warehouse, accommodation, catering During pallet racking activities in the warehouse, a forklift was in the process of lifting a pallet to the third shelf. The load backrest of the forklift inadvertently contacted another pallet directly above (load approximately 240kg) stored",SECONARY LIFE-SAVING RULE:  Line of fire,Safety performance indicators – 2025 data.pdf,19,LSR-CAND-000276,Line of Fire,UNKNOWN,"[""Line of Fire""]",IOGP_STAGE37A1,SOURCE_GROUNDED,SOURCE_EXTRACTED,RECONSTRUCTED,2026-09-03T06:11:14Z
RECON-LSR-0264,GRP-Safety performa-P20,"ASIA/AUSTRALASIA ONSHORE DATE: 05 Sep 2025 COUNTRY: Australia FUNCTION: Production CAUSE: Pressure release ACTIVITY: Maintenance, inspection, testing IP1 observed visible bulging of a drain hose and proceeded to disconnect it. Although the associated compressor had been isolated, the hose remained connected to the main drainage manifold, which was linked to 24",PRIMARY LIFE-SAVING RULE:  Energy isolation,Safety performance indicators – 2025 data.pdf,20,LSR-CAND-000277,Energy Isolation,UNKNOWN,"[""Energy Isolation""]",IOGP_STAGE37A1,SOURCE_GROUNDED,SOURCE_EXTRACTED,RECONSTRUCTED,2026-09-03T06:11:14Z
RECON-LSR-0265,GRP-Safety performa-P20,"ASIA/AUSTRALASIA ONSHORE DATE: 05 Sep 2025 COUNTRY: Australia FUNCTION: Production CAUSE: Pressure release ACTIVITY: Maintenance, inspection, testing IP1 observed visible bulging of a drain hose and proceeded to disconnect it. Although the associated compressor had been isolated, the hose remained connected to the main drainage manifold, which was linked to 24",SECONARY LIFE-SAVING RULE:  Line of fire,Safety performance indicators – 2025 data.pdf,20,LSR-CAND-000278,Line of Fire,UNKNOWN,"[""Line of Fire""]",IOGP_STAGE37A1,SOURCE_GROUNDED,SOURCE_EXTRACTED,RECONSTRUCTED,2026-09-03T06:11:14Z
RECON-LSR-0266,GRP-Safety performa-P20,"ASIA/AUSTRALASIA ONSHORE DATE: 05 Sep 2025 COUNTRY: Australia FUNCTION: Production CAUSE: Pressure release ACTIVITY: Maintenance, inspection, testing IP1 observed visible bulging of a drain hose and proceeded to disconnect it. Although the associated compressor had been isolated, the hose remained connected to the main drainage manifold, which was linked to 24",PRIMARY LIFE-SAVING RULE:  Line of fire,Safety performance indicators – 2025 data.pdf,20,LSR-CAND-000279,Line of Fire,UNKNOWN,"[""Line of Fire""]",IOGP_STAGE37A1,SOURCE_GROUNDED,SOURCE_EXTRACTED,RECONSTRUCTED,2026-09-03T06:11:14Z
RECON-LSR-0267,GRP-Safety performa-P20,"ASIA/AUSTRALASIA ONSHORE DATE: 05 Sep 2025 COUNTRY: Australia FUNCTION: Production CAUSE: Pressure release ACTIVITY: Maintenance, inspection, testing IP1 observed visible bulging of a drain hose and proceeded to disconnect it. Although the associated compressor had been isolated, the hose remained connected to the main drainage manifold, which was linked to 24",SECONARY LIFE-SAVING RULE:  Safe mechanical lifting,Safety performance indicators – 2025 data.pdf,20,LSR-CAND-000280,Safe Mechanical Lifting,UNKNOWN,"[""Safe Mechanical Lifting""]",IOGP_STAGE37A1,SOURCE_GROUNDED,SOURCE_EXTRACTED,RECONSTRUCTED,2026-09-03T06:11:14Z
RECON-LSR-0268,GRP-Safety performa-P21,"ASIA/AUSTRALASIA ONSHORE WHAT WENT WRONG: The suspended fender was lifted in close proximity to, and potentially above, two workers positioned in an elevated work platform on the southern berth. The workers were performing works over the side in the elevated work platform as part of the wharf refurbishment project. CORRECTIVE ACTIONS AND RECOMMENDATIONS: • Confirm stakeholders are aware of simulations operations occurring within the area. • Verify the spotter/crane operator has adequate line of sight to confirm the lift path is clear.",PRIMARY LIFE-SAVING RULE:  Working at height,Safety performance indicators – 2025 data.pdf,21,LSR-CAND-000281,Working at Height,UNKNOWN,"[""Working at Height""]",IOGP_STAGE37A1,SOURCE_GROUNDED,SOURCE_EXTRACTED,RECONSTRUCTED,2026-09-03T06:11:15Z
RECON-LSR-0269,GRP-Safety performa-P21,"ASIA/AUSTRALASIA ONSHORE WHAT WENT WRONG: The suspended fender was lifted in close proximity to, and potentially above, two workers positioned in an elevated work platform on the southern berth. The workers were performing works over the side in the elevated work platform as part of the wharf refurbishment project. CORRECTIVE ACTIONS AND RECOMMENDATIONS: • Confirm stakeholders are aware of simulations operations occurring within the area. • Verify the spotter/crane operator has adequate line of sight to confirm the lift path is clear.",SECONARY LIFE-SAVING RULE:  Line of fire,Safety performance indicators – 2025 data.pdf,21,LSR-CAND-000282,Line of Fire,UNKNOWN,"[""Line of Fire""]",IOGP_STAGE37A1,SOURCE_GROUNDED,SOURCE_EXTRACTED,RECONSTRUCTED,2026-09-03T06:11:15Z
RECON-LSR-0270,GRP-Safety performa-P22,"ASIA/AUSTRALASIA ONSHORE DATE: 09 Apr 2025 COUNTRY: Indonesia FUNCTION: Drilling CAUSE: Dropped objects ACTIVITY: Lifting, crane, rigging, deck operations 2-7/8"" tubing was released from the lifting cap and hit the back of the right shoulder. WHAT WENT WRONG:",PRIMARY LIFE-SAVING RULE:  Safe mechanical lifting,Safety performance indicators – 2025 data.pdf,22,LSR-CAND-000283,Safe Mechanical Lifting,UNKNOWN,"[""Safe Mechanical Lifting""]",IOGP_STAGE37A1,SOURCE_GROUNDED,SOURCE_EXTRACTED,RECONSTRUCTED,2026-09-03T06:11:15Z
RECON-LSR-0271,GRP-Safety performa-P22,"ASIA/AUSTRALASIA ONSHORE DATE: 09 Apr 2025 COUNTRY: Indonesia FUNCTION: Drilling CAUSE: Dropped objects ACTIVITY: Lifting, crane, rigging, deck operations 2-7/8"" tubing was released from the lifting cap and hit the back of the right shoulder. WHAT WENT WRONG:",SECONARY LIFE-SAVING RULE:  Line of fire,Safety performance indicators – 2025 data.pdf,22,LSR-CAND-000284,Line of Fire,UNKNOWN,"[""Line of Fire""]",IOGP_STAGE37A1,SOURCE_GROUNDED,SOURCE_EXTRACTED,RECONSTRUCTED,2026-09-03T06:11:15Z
RECON-LSR-0272,GRP-Safety performa-P22,"ASIA/AUSTRALASIA ONSHORE DATE: 09 Apr 2025 COUNTRY: Indonesia FUNCTION: Drilling CAUSE: Dropped objects ACTIVITY: Lifting, crane, rigging, deck operations 2-7/8"" tubing was released from the lifting cap and hit the back of the right shoulder. WHAT WENT WRONG:",PRIMARY LIFE-SAVING RULE:  Hot work,Safety performance indicators – 2025 data.pdf,22,LSR-CAND-000285,Hot Work,UNKNOWN,"[""Hot Work""]",IOGP_STAGE37A1,SOURCE_GROUNDED,SOURCE_EXTRACTED,RECONSTRUCTED,2026-09-03T06:11:15Z
RECON-LSR-0273,GRP-Safety performa-P22,"ASIA/AUSTRALASIA ONSHORE DATE: 09 Apr 2025 COUNTRY: Indonesia FUNCTION: Drilling CAUSE: Dropped objects ACTIVITY: Lifting, crane, rigging, deck operations 2-7/8"" tubing was released from the lifting cap and hit the back of the right shoulder. WHAT WENT WRONG:",SECONARY LIFE-SAVING RULE:  Work authorization,Safety performance indicators – 2025 data.pdf,22,LSR-CAND-000286,Work Authorization,UNKNOWN,"[""Work Authorization""]",IOGP_STAGE37A1,SOURCE_GROUNDED,SOURCE_EXTRACTED,RECONSTRUCTED,2026-09-03T06:11:15Z
RECON-LSR-0274,GRP-Safety performa-P23,"ASIA/AUSTRALASIA ONSHORE CORRECTIVE ACTIONS AND RECOMMENDATIONS: • Ensure positive isolation of process equipment/lines prior to conducting hot work. • Ensure adequate procedures for hot work (job method statements with sufficient level of detail; adequate decontamination procedures, adequate safe isolation procedures). • Ensure contractor alignment on high-risk activities as part of PTW process. PROCESS (CONDITIONS): Work Place Hazards: Hazardous atmosphere (explosive/toxic/asphyxiant) PROCESS (CONDITIONS): Organizational: Inadequate work standards/procedures",PRIMARY LIFE-SAVING RULE:  Safe mechanical lifting,Safety performance indicators – 2025 data.pdf,23,LSR-CAND-000287,Safe Mechanical Lifting,UNKNOWN,"[""Safe Mechanical Lifting""]",IOGP_STAGE37A1,SOURCE_GROUNDED,SOURCE_EXTRACTED,RECONSTRUCTED,2026-09-03T06:11:16Z
RECON-LSR-0275,GRP-Safety performa-P23,"ASIA/AUSTRALASIA ONSHORE CORRECTIVE ACTIONS AND RECOMMENDATIONS: • Ensure positive isolation of process equipment/lines prior to conducting hot work. • Ensure adequate procedures for hot work (job method statements with sufficient level of detail; adequate decontamination procedures, adequate safe isolation procedures). • Ensure contractor alignment on high-risk activities as part of PTW process. PROCESS (CONDITIONS): Work Place Hazards: Hazardous atmosphere (explosive/toxic/asphyxiant) PROCESS (CONDITIONS): Organizational: Inadequate work standards/procedures",SECONARY LIFE-SAVING RULE:  Line of fire,Safety performance indicators – 2025 data.pdf,23,LSR-CAND-000288,Line of Fire,UNKNOWN,"[""Line of Fire""]",IOGP_STAGE37A1,SOURCE_GROUNDED,SOURCE_EXTRACTED,RECONSTRUCTED,2026-09-03T06:11:16Z
RECON-LSR-0276,GRP-Safety performa-P24,"ASIA/AUSTRALASIA OFFSHORE DATE: 01 Mar 2025 COUNTRY: Australia FUNCTION: Construction CAUSE: Caught in, under or between (excl. dropped objects) ACTIVITY: Lifting, crane, rigging, deck operations Whilst lifting a pennant on deck as part of a lifting activity (~56.2m length, static weight 16.2 mT), a tagline was in a basket arrangement around the rigging to provide stability. The tagline had a single wrap on the generator lifting",PRIMARY LIFE-SAVING RULE:  Safe mechanical lifting,Safety performance indicators – 2025 data.pdf,24,LSR-CAND-000289,Safe Mechanical Lifting,UNKNOWN,"[""Safe Mechanical Lifting""]",IOGP_STAGE37A1,SOURCE_GROUNDED,SOURCE_EXTRACTED,RECONSTRUCTED,2026-09-03T06:11:16Z
RECON-LSR-0277,GRP-Safety performa-P24,"ASIA/AUSTRALASIA OFFSHORE DATE: 01 Mar 2025 COUNTRY: Australia FUNCTION: Construction CAUSE: Caught in, under or between (excl. dropped objects) ACTIVITY: Lifting, crane, rigging, deck operations Whilst lifting a pennant on deck as part of a lifting activity (~56.2m length, static weight 16.2 mT), a tagline was in a basket arrangement around the rigging to provide stability. The tagline had a single wrap on the generator lifting",SECONARY LIFE-SAVING RULE:  Line of fire,Safety performance indicators – 2025 data.pdf,24,LSR-CAND-000290,Line of Fire,UNKNOWN,"[""Line of Fire""]",IOGP_STAGE37A1,SOURCE_GROUNDED,SOURCE_EXTRACTED,RECONSTRUCTED,2026-09-03T06:11:16Z
RECON-LSR-0278,GRP-Safety performa-P25,"DATE: 18 Jun 2025 COUNTRY: Austria FUNCTION: Production CAUSE: Falls from height ACTIVITY: Drilling, workover, well operations Employee fell into well cellar. WHAT WENT WRONG: Loose grating led to a fall into the cellar.",PRIMARY LIFE-SAVING RULE:  Working at height,Safety performance indicators – 2025 data.pdf,25,LSR-CAND-000291,Working at Height,UNKNOWN,"[""Working at Height""]",IOGP_STAGE37A1,SOURCE_GROUNDED,SOURCE_EXTRACTED,RECONSTRUCTED,2026-09-03T06:11:16Z
RECON-LSR-0279,GRP-Safety performa-P25,"DATE: 18 Jun 2025 COUNTRY: Austria FUNCTION: Production CAUSE: Falls from height ACTIVITY: Drilling, workover, well operations Employee fell into well cellar. WHAT WENT WRONG: Loose grating led to a fall into the cellar.",SECONARY LIFE-SAVING RULE:  Line of fire,Safety performance indicators – 2025 data.pdf,25,LSR-CAND-000292,Line of Fire,UNKNOWN,"[""Line of Fire""]",IOGP_STAGE37A1,SOURCE_GROUNDED,SOURCE_EXTRACTED,RECONSTRUCTED,2026-09-03T06:11:16Z
RECON-LSR-0280,GRP-Safety performa-P25,"DATE: 18 Jun 2025 COUNTRY: Austria FUNCTION: Production CAUSE: Falls from height ACTIVITY: Drilling, workover, well operations Employee fell into well cellar. WHAT WENT WRONG: Loose grating led to a fall into the cellar.",PRIMARY LIFE-SAVING RULE:  Energy isolation,Safety performance indicators – 2025 data.pdf,25,LSR-CAND-000293,Energy Isolation,UNKNOWN,"[""Energy Isolation""]",IOGP_STAGE37A1,SOURCE_GROUNDED,SOURCE_EXTRACTED,RECONSTRUCTED,2026-09-03T06:11:16Z
RECON-LSR-0281,GRP-Safety performa-P25,"DATE: 18 Jun 2025 COUNTRY: Austria FUNCTION: Production CAUSE: Falls from height ACTIVITY: Drilling, workover, well operations Employee fell into well cellar. WHAT WENT WRONG: Loose grating led to a fall into the cellar.",SECONARY LIFE-SAVING RULE:  Line of fire,Safety performance indicators – 2025 data.pdf,25,LSR-CAND-000294,Line of Fire,UNKNOWN,"[""Line of Fire""]",IOGP_STAGE37A1,SOURCE_GROUNDED,SOURCE_EXTRACTED,RECONSTRUCTED,2026-09-03T06:11:17Z
RECON-LSR-0282,GRP-Safety performa-P26,"PEOPLE (ACTS): Use of Protective Methods: Failure to warn of hazard PROCESS (CONDITIONS): Tools, Equipment, Materials and Products: Inadequate maintenance/inspection/testing PROCESS (CONDITIONS): Organizational: Inadequate hazard identification or risk assessment DATE: 30 Sep 2025 COUNTRY: Germany FUNCTION: Drilling CAUSE: Dropped objects ACTIVITY: Drilling, workover, well operations",PRIMARY LIFE-SAVING RULE:  Line of fire,Safety performance indicators – 2025 data.pdf,26,LSR-CAND-000295,Line of Fire,UNKNOWN,"[""Line of Fire""]",IOGP_STAGE37A1,SOURCE_GROUNDED,SOURCE_EXTRACTED,RECONSTRUCTED,2026-09-03T06:11:17Z
RECON-LSR-0283,GRP-Safety performa-P26,"PEOPLE (ACTS): Use of Protective Methods: Failure to warn of hazard PROCESS (CONDITIONS): Tools, Equipment, Materials and Products: Inadequate maintenance/inspection/testing PROCESS (CONDITIONS): Organizational: Inadequate hazard identification or risk assessment DATE: 30 Sep 2025 COUNTRY: Germany FUNCTION: Drilling CAUSE: Dropped objects ACTIVITY: Drilling, workover, well operations",SECONARY LIFE-SAVING RULE:  Bypassing safety controls,Safety performance indicators – 2025 data.pdf,26,LSR-CAND-000296,Bypassing Safety Controls,UNKNOWN,"[""Bypassing Safety Controls""]",IOGP_STAGE37A1,SOURCE_GROUNDED,SOURCE_EXTRACTED,RECONSTRUCTED,2026-09-03T06:11:17Z
RECON-LSR-0284,GRP-Safety performa-P27,"PEOPLE (ACTS): Following Procedures: Improper position (in the line of fire) PEOPLE (ACTS): Use of Protective Methods: Equipment or materials not secured PROCESS (CONDITIONS): Tools, Equipment, Materials and Products: Inadequate design/specification/management PROCESS (CONDITIONS): Tools, Equipment, Materials and Products: Inadequate/defective tools/equipment/ materials/products PROCESS (CONDITIONS): Organizational: Inadequate hazard identification or risk assessment DATE: 08 Oct 2025 FUNCTION: Drilling",PRIMARY LIFE-SAVING RULE:  Line of fire,Safety performance indicators – 2025 data.pdf,27,LSR-CAND-000297,Line of Fire,UNKNOWN,"[""Line of Fire""]",IOGP_STAGE37A1,SOURCE_GROUNDED,SOURCE_EXTRACTED,RECONSTRUCTED,2026-09-03T06:11:17Z
RECON-LSR-0285,GRP-Safety performa-P27,"PEOPLE (ACTS): Following Procedures: Improper position (in the line of fire) PEOPLE (ACTS): Use of Protective Methods: Equipment or materials not secured PROCESS (CONDITIONS): Tools, Equipment, Materials and Products: Inadequate design/specification/management PROCESS (CONDITIONS): Tools, Equipment, Materials and Products: Inadequate/defective tools/equipment/ materials/products PROCESS (CONDITIONS): Organizational: Inadequate hazard identification or risk assessment DATE: 08 Oct 2025 FUNCTION: Drilling",SECONARY LIFE-SAVING RULE:  Safe mechanical lifting,Safety performance indicators – 2025 data.pdf,27,LSR-CAND-000298,Safe Mechanical Lifting,UNKNOWN,"[""Safe Mechanical Lifting""]",IOGP_STAGE37A1,SOURCE_GROUNDED,SOURCE_EXTRACTED,RECONSTRUCTED,2026-09-03T06:11:18Z
RECON-LSR-0286,GRP-Safety performa-P28,"ensure safe accessibility, visibility, and controlled load movement. Stop-work authority must be reinforced culturally to empower all personnel to intervene. Competence verification prior to mobilisation and clearer integration of procedures into workflow are essential to prevent recurrence. PEOPLE (ACTS): Following Procedures: Deviation unintentional (by individual or group) PEOPLE (ACTS): Following Procedures: Improper position (in the line of fire) PROCESS (CONDITIONS): Tools, Equipment, Materials and Products: Inadequate design/specification/management PROCESS (CONDITIONS): Work Place Hazards: Congestion, clutter or restricted motion PROCESS (CONDITIONS): Organizational: Inadequate training/competence",PRIMARY LIFE-SAVING RULE:  Line of fire,Safety performance indicators – 2025 data.pdf,28,LSR-CAND-000299,Line of Fire,UNKNOWN,"[""Line of Fire""]",IOGP_STAGE37A1,SOURCE_GROUNDED,SOURCE_EXTRACTED,RECONSTRUCTED,2026-09-03T06:11:18Z
RECON-LSR-0287,GRP-Safety performa-P28,"ensure safe accessibility, visibility, and controlled load movement. Stop-work authority must be reinforced culturally to empower all personnel to intervene. Competence verification prior to mobilisation and clearer integration of procedures into workflow are essential to prevent recurrence. PEOPLE (ACTS): Following Procedures: Deviation unintentional (by individual or group) PEOPLE (ACTS): Following Procedures: Improper position (in the line of fire) PROCESS (CONDITIONS): Tools, Equipment, Materials and Products: Inadequate design/specification/management PROCESS (CONDITIONS): Work Place Hazards: Congestion, clutter or restricted motion PROCESS (CONDITIONS): Organizational: Inadequate training/competence",SECONARY LIFE-SAVING RULE:  Working at height,Safety performance indicators – 2025 data.pdf,28,LSR-CAND-000300,Working at Height,UNKNOWN,"[""Working at Height""]",IOGP_STAGE37A1,SOURCE_GROUNDED,SOURCE_EXTRACTED,RECONSTRUCTED,2026-09-03T06:11:18Z
RECON-LSR-0288,GRP-Safety performa-P29,PEOPLE (ACTS): Following Procedures: Improper position (in the line of fire) PEOPLE (ACTS): Use of Protective Methods: Equipment or materials not secured PROCESS (CONDITIONS): Protective Systems: Inadequate/defective guards or protective barriers PROCESS (CONDITIONS): Organizational: Inadequate hazard identification or risk assessment PROCESS (CONDITIONS): Organizational: Inadequate supervision DATE: 24 Apr 2025 FUNCTION: Construction CAUSE: Falls from height,PRIMARY LIFE-SAVING RULE:  Working at height,Safety performance indicators – 2025 data.pdf,29,LSR-CAND-000301,Working at Height,UNKNOWN,"[""Working at Height""]",IOGP_STAGE37A1,SOURCE_GROUNDED,SOURCE_EXTRACTED,RECONSTRUCTED,2026-09-03T06:11:18Z
RECON-LSR-0289,GRP-Safety performa-P29,PEOPLE (ACTS): Following Procedures: Improper position (in the line of fire) PEOPLE (ACTS): Use of Protective Methods: Equipment or materials not secured PROCESS (CONDITIONS): Protective Systems: Inadequate/defective guards or protective barriers PROCESS (CONDITIONS): Organizational: Inadequate hazard identification or risk assessment PROCESS (CONDITIONS): Organizational: Inadequate supervision DATE: 24 Apr 2025 FUNCTION: Construction CAUSE: Falls from height,SECONARY LIFE-SAVING RULE:  Line of fire,Safety performance indicators – 2025 data.pdf,29,LSR-CAND-000302,Line of Fire,UNKNOWN,"[""Line of Fire""]",IOGP_STAGE37A1,SOURCE_GROUNDED,SOURCE_EXTRACTED,RECONSTRUCTED,2026-09-03T06:11:18Z
RECON-LSR-0290,GRP-Safety performa-P30,"DATE: 31 Mar 2025 COUNTRY: Romania FUNCTION: Production CAUSE: Dropped objects ACTIVITY: Drilling, workover, well operations Sucker rod broke consequently elevator dropped. WHAT WENT WRONG: Overpull due to wax caused the sucker rod to break, impact ejected the elevator out of the hook.",PRIMARY LIFE-SAVING RULE:  Line of fire,Safety performance indicators – 2025 data.pdf,30,LSR-CAND-000303,Line of Fire,UNKNOWN,"[""Line of Fire""]",IOGP_STAGE37A1,SOURCE_GROUNDED,SOURCE_EXTRACTED,RECONSTRUCTED,2026-09-03T06:11:18Z
RECON-LSR-0291,GRP-Safety performa-P30,"DATE: 31 Mar 2025 COUNTRY: Romania FUNCTION: Production CAUSE: Dropped objects ACTIVITY: Drilling, workover, well operations Sucker rod broke consequently elevator dropped. WHAT WENT WRONG: Overpull due to wax caused the sucker rod to break, impact ejected the elevator out of the hook.",SECONARY LIFE-SAVING RULE:  Bypassing safety controls,Safety performance indicators – 2025 data.pdf,30,LSR-CAND-000304,Bypassing Safety Controls,UNKNOWN,"[""Bypassing Safety Controls""]",IOGP_STAGE37A1,SOURCE_GROUNDED,SOURCE_EXTRACTED,RECONSTRUCTED,2026-09-03T06:11:19Z
RECON-LSR-0292,GRP-Safety performa-P30,"DATE: 31 Mar 2025 COUNTRY: Romania FUNCTION: Production CAUSE: Dropped objects ACTIVITY: Drilling, workover, well operations Sucker rod broke consequently elevator dropped. WHAT WENT WRONG: Overpull due to wax caused the sucker rod to break, impact ejected the elevator out of the hook.",PRIMARY LIFE-SAVING RULE:  Line of fire,Safety performance indicators – 2025 data.pdf,30,LSR-CAND-000305,Line of Fire,UNKNOWN,"[""Line of Fire""]",IOGP_STAGE37A1,SOURCE_GROUNDED,SOURCE_EXTRACTED,RECONSTRUCTED,2026-09-03T06:11:19Z
RECON-LSR-0293,GRP-Safety performa-P30,"DATE: 31 Mar 2025 COUNTRY: Romania FUNCTION: Production CAUSE: Dropped objects ACTIVITY: Drilling, workover, well operations Sucker rod broke consequently elevator dropped. WHAT WENT WRONG: Overpull due to wax caused the sucker rod to break, impact ejected the elevator out of the hook.",SECONARY LIFE-SAVING RULE:  Safe mechanical lifting,Safety performance indicators – 2025 data.pdf,30,LSR-CAND-000306,Safe Mechanical Lifting,UNKNOWN,"[""Safe Mechanical Lifting""]",IOGP_STAGE37A1,SOURCE_GROUNDED,SOURCE_EXTRACTED,RECONSTRUCTED,2026-09-03T06:11:19Z
RECON-LSR-0294,GRP-Safety performa-P31,"• No information passed to crane operator that the hook was in the skip and there were issues with disconnecting it. • No crane motion instruction should have been issued by the banksman to the crane operator whilst the slinger was in the line of fire position. • Poor communications led to assumption by crane operator that the hook was free. • Banksman did not instruct Slinger to move out of Line of Fire prior to instructing Crane Op to go ""Up on your line"". CORRECTIVE ACTIONS AND RECOMMENDATIONS: There is no such thing as a routine activity – there are only repeat activities under different conditions that each needs to be understood and risk assessed. Maintain vigilance at all times.",PRIMARY LIFE-SAVING RULE:  Bypassing safety controls,Safety performance indicators – 2025 data.pdf,31,LSR-CAND-000307,Bypassing Safety Controls,UNKNOWN,"[""Bypassing Safety Controls""]",IOGP_STAGE37A1,SOURCE_GROUNDED,SOURCE_EXTRACTED,RECONSTRUCTED,2026-09-03T06:11:19Z
RECON-LSR-0295,GRP-Safety performa-P31,"• No information passed to crane operator that the hook was in the skip and there were issues with disconnecting it. • No crane motion instruction should have been issued by the banksman to the crane operator whilst the slinger was in the line of fire position. • Poor communications led to assumption by crane operator that the hook was free. • Banksman did not instruct Slinger to move out of Line of Fire prior to instructing Crane Op to go ""Up on your line"". CORRECTIVE ACTIONS AND RECOMMENDATIONS: There is no such thing as a routine activity – there are only repeat activities under different conditions that each needs to be understood and risk assessed. Maintain vigilance at all times.",SECONARY LIFE-SAVING RULE:  Work authorization,Safety performance indicators – 2025 data.pdf,31,LSR-CAND-000308,Work Authorization,UNKNOWN,"[""Work Authorization""]",IOGP_STAGE37A1,SOURCE_GROUNDED,SOURCE_EXTRACTED,RECONSTRUCTED,2026-09-03T06:11:19Z
RECON-LSR-0296,GRP-Safety performa-P32,"DATE: 14 Oct 2025 FUNCTION: Construction CAUSE: Caught in, under or between (excl. dropped objects) ACTIVITY: Lifting, crane, rigging, deck operations Jack failed, with load moving towards personnel. No injuries however fatality as worst case potential outcome. WHAT WENT WRONG: Failure of lifting equipment. CORRECTIVE ACTIONS AND RECOMMENDATIONS:",PRIMARY LIFE-SAVING RULE:  Safe mechanical lifting,Safety performance indicators – 2025 data.pdf,32,LSR-CAND-000309,Safe Mechanical Lifting,UNKNOWN,"[""Safe Mechanical Lifting""]",IOGP_STAGE37A1,SOURCE_GROUNDED,SOURCE_EXTRACTED,RECONSTRUCTED,2026-09-03T06:11:19Z
RECON-LSR-0297,GRP-Safety performa-P32,"DATE: 14 Oct 2025 FUNCTION: Construction CAUSE: Caught in, under or between (excl. dropped objects) ACTIVITY: Lifting, crane, rigging, deck operations Jack failed, with load moving towards personnel. No injuries however fatality as worst case potential outcome. WHAT WENT WRONG: Failure of lifting equipment. CORRECTIVE ACTIONS AND RECOMMENDATIONS:",SECONARY LIFE-SAVING RULE:  Line of fire,Safety performance indicators – 2025 data.pdf,32,LSR-CAND-000310,Line of Fire,UNKNOWN,"[""Line of Fire""]",IOGP_STAGE37A1,SOURCE_GROUNDED,SOURCE_EXTRACTED,RECONSTRUCTED,2026-09-03T06:11:20Z
RECON-LSR-0298,GRP-Safety performa-P32,"DATE: 14 Oct 2025 FUNCTION: Construction CAUSE: Caught in, under or between (excl. dropped objects) ACTIVITY: Lifting, crane, rigging, deck operations Jack failed, with load moving towards personnel. No injuries however fatality as worst case potential outcome. WHAT WENT WRONG: Failure of lifting equipment. CORRECTIVE ACTIONS AND RECOMMENDATIONS:",PRIMARY LIFE-SAVING RULE:  Working at height,Safety performance indicators – 2025 data.pdf,32,LSR-CAND-000311,Working at Height,UNKNOWN,"[""Working at Height""]",IOGP_STAGE37A1,SOURCE_GROUNDED,SOURCE_EXTRACTED,RECONSTRUCTED,2026-09-03T06:11:21Z
RECON-LSR-0299,GRP-Safety performa-P32,"DATE: 14 Oct 2025 FUNCTION: Construction CAUSE: Caught in, under or between (excl. dropped objects) ACTIVITY: Lifting, crane, rigging, deck operations Jack failed, with load moving towards personnel. No injuries however fatality as worst case potential outcome. WHAT WENT WRONG: Failure of lifting equipment. CORRECTIVE ACTIONS AND RECOMMENDATIONS:",SECONARY LIFE-SAVING RULE:  Line of fire,Safety performance indicators – 2025 data.pdf,32,LSR-CAND-000312,Line of Fire,UNKNOWN,"[""Line of Fire""]",IOGP_STAGE37A1,SOURCE_GROUNDED,SOURCE_EXTRACTED,RECONSTRUCTED,2026-09-03T06:11:21Z
RECON-LSR-0300,GRP-Safety performa-P33,"DATE: 18 Oct 2025 FUNCTION: Construction CAUSE: Dropped objects ACTIVITY: Construction, commissioning, decommissioning Scaffold pole dropped to deck during handling operations. No injuries however dropped object calculator indicates fatality as worst case potential outcome. WHAT WENT WRONG: Scaffold pole dropped to deck below during handling activities.",PRIMARY LIFE-SAVING RULE:  Working at height,Safety performance indicators – 2025 data.pdf,33,LSR-CAND-000313,Working at Height,UNKNOWN,"[""Working at Height""]",IOGP_STAGE37A1,SOURCE_GROUNDED,SOURCE_EXTRACTED,RECONSTRUCTED,2026-09-03T06:11:21Z
RECON-LSR-0301,GRP-Safety performa-P33,"DATE: 18 Oct 2025 FUNCTION: Construction CAUSE: Dropped objects ACTIVITY: Construction, commissioning, decommissioning Scaffold pole dropped to deck during handling operations. No injuries however dropped object calculator indicates fatality as worst case potential outcome. WHAT WENT WRONG: Scaffold pole dropped to deck below during handling activities.",SECONARY LIFE-SAVING RULE:  Line of fire,Safety performance indicators – 2025 data.pdf,33,LSR-CAND-000314,Line of Fire,UNKNOWN,"[""Line of Fire""]",IOGP_STAGE37A1,SOURCE_GROUNDED,SOURCE_EXTRACTED,RECONSTRUCTED,2026-09-03T06:11:21Z
RECON-LSR-0302,GRP-Safety performa-P34,"DATE: 05 Mar 2025 COUNTRY: Netherlands FUNCTION: Production CAUSE: Caught in, under or between (excl. dropped objects) ACTIVITY: Lifting, crane, rigging, deck operations A forklift driver’s ankle was struck by a spreader bar during offloading from a truck at the logistics base. There were no lifting pockets welded onto the bar. In past lifting operations, the spreader bar had been placed on wooden blocks on the truck bed and lifted directly on the forks of a forklift. This time the wooden blocks were not in place.",PRIMARY LIFE-SAVING RULE:  Safe mechanical lifting,Safety performance indicators – 2025 data.pdf,34,LSR-CAND-000315,Safe Mechanical Lifting,UNKNOWN,"[""Safe Mechanical Lifting""]",IOGP_STAGE37A1,SOURCE_GROUNDED,SOURCE_EXTRACTED,RECONSTRUCTED,2026-09-03T06:11:21Z
RECON-LSR-0303,GRP-Safety performa-P34,"DATE: 05 Mar 2025 COUNTRY: Netherlands FUNCTION: Production CAUSE: Caught in, under or between (excl. dropped objects) ACTIVITY: Lifting, crane, rigging, deck operations A forklift driver’s ankle was struck by a spreader bar during offloading from a truck at the logistics base. There were no lifting pockets welded onto the bar. In past lifting operations, the spreader bar had been placed on wooden blocks on the truck bed and lifted directly on the forks of a forklift. This time the wooden blocks were not in place.",SECONARY LIFE-SAVING RULE:  Line of fire,Safety performance indicators – 2025 data.pdf,34,LSR-CAND-000316,Line of Fire,UNKNOWN,"[""Line of Fire""]",IOGP_STAGE37A1,SOURCE_GROUNDED,SOURCE_EXTRACTED,RECONSTRUCTED,2026-09-03T06:11:22Z
RECON-LSR-0304,GRP-Safety performa-P35,"PROCESS (CONDITIONS): Organizational: Inadequate hazard identification or risk assessment PROCESS (CONDITIONS): Organizational: Inadequate supervision DATE: 01 Sep 2025 FUNCTION: Drilling CAUSE: Falls from height ACTIVITY: Construction, commissioning, decommissioning On an offshore drilling rig, on 1 September 2025, personnel and marine crew were installing handrails on top of a unit on the main deck. Handrail sections (60–90 kg) were lifted by deck crane to the top of the unit, where an operator",PRIMARY LIFE-SAVING RULE:  Working at height,Safety performance indicators – 2025 data.pdf,35,LSR-CAND-000317,Working at Height,UNKNOWN,"[""Working at Height""]",IOGP_STAGE37A1,SOURCE_GROUNDED,SOURCE_EXTRACTED,RECONSTRUCTED,2026-09-03T06:11:22Z
RECON-LSR-0305,GRP-Safety performa-P35,"PROCESS (CONDITIONS): Organizational: Inadequate hazard identification or risk assessment PROCESS (CONDITIONS): Organizational: Inadequate supervision DATE: 01 Sep 2025 FUNCTION: Drilling CAUSE: Falls from height ACTIVITY: Construction, commissioning, decommissioning On an offshore drilling rig, on 1 September 2025, personnel and marine crew were installing handrails on top of a unit on the main deck. Handrail sections (60–90 kg) were lifted by deck crane to the top of the unit, where an operator",SECONARY LIFE-SAVING RULE:  Work authorization,Safety performance indicators – 2025 data.pdf,35,LSR-CAND-000318,Work Authorization,UNKNOWN,"[""Work Authorization""]",IOGP_STAGE37A1,SOURCE_GROUNDED,SOURCE_EXTRACTED,RECONSTRUCTED,2026-09-03T06:11:22Z
RECON-LSR-0306,GRP-Safety performa-P36,"PEOPLE (ACTS): Following Procedures: Improper position (in the line of fire) PEOPLE (ACTS): Use of Tools, Equipment, Materials and Products: Improper use/position of tools/equipment/ materials/products PEOPLE (ACTS): Use of Protective Methods: Personal Protective Equipment not used or used improperly PROCESS (CONDITIONS): Tools, Equipment, Materials and Products: Inadequate design/specification/management PROCESS (CONDITIONS): Organizational: Inadequate training/competence PROCESS (CONDITIONS): Organizational: Inadequate work standards/procedures PROCESS (CONDITIONS): Organizational: Inadequate hazard identification or risk assessment",PRIMARY LIFE-SAVING RULE:  Safe mechanical lifting,Safety performance indicators – 2025 data.pdf,36,LSR-CAND-000319,Safe Mechanical Lifting,UNKNOWN,"[""Safe Mechanical Lifting""]",IOGP_STAGE37A1,SOURCE_GROUNDED,SOURCE_EXTRACTED,RECONSTRUCTED,2026-09-03T06:11:22Z
RECON-LSR-0307,GRP-Safety performa-P36,"PEOPLE (ACTS): Following Procedures: Improper position (in the line of fire) PEOPLE (ACTS): Use of Tools, Equipment, Materials and Products: Improper use/position of tools/equipment/ materials/products PEOPLE (ACTS): Use of Protective Methods: Personal Protective Equipment not used or used improperly PROCESS (CONDITIONS): Tools, Equipment, Materials and Products: Inadequate design/specification/management PROCESS (CONDITIONS): Organizational: Inadequate training/competence PROCESS (CONDITIONS): Organizational: Inadequate work standards/procedures PROCESS (CONDITIONS): Organizational: Inadequate hazard identification or risk assessment",SECONARY LIFE-SAVING RULE:  Line of fire,Safety performance indicators – 2025 data.pdf,36,LSR-CAND-000320,Line of Fire,UNKNOWN,"[""Line of Fire""]",IOGP_STAGE37A1,SOURCE_GROUNDED,SOURCE_EXTRACTED,RECONSTRUCTED,2026-09-03T06:11:22Z
RECON-LSR-0308,GRP-Safety performa-P37,"DATE: 02 Apr 2025 FUNCTION: Production CAUSE: Dropped objects ACTIVITY: Lifting, crane, rigging, deck operations Collision between northern crane and derrick resulting in falling objects. WHAT WENT WRONG: Three objects fell after the north crane collided with the derrick. The crane operator had been planning to perform lubrication of the slewing ring with the logistics discipline responsible for some time, but this was changed to the",PRIMARY LIFE-SAVING RULE:  Safe mechanical lifting,Safety performance indicators – 2025 data.pdf,37,LSR-CAND-000321,Safe Mechanical Lifting,UNKNOWN,"[""Safe Mechanical Lifting""]",IOGP_STAGE37A1,SOURCE_GROUNDED,SOURCE_EXTRACTED,RECONSTRUCTED,2026-09-03T06:11:23Z
RECON-LSR-0309,GRP-Safety performa-P37,"DATE: 02 Apr 2025 FUNCTION: Production CAUSE: Dropped objects ACTIVITY: Lifting, crane, rigging, deck operations Collision between northern crane and derrick resulting in falling objects. WHAT WENT WRONG: Three objects fell after the north crane collided with the derrick. The crane operator had been planning to perform lubrication of the slewing ring with the logistics discipline responsible for some time, but this was changed to the",SECONARY LIFE-SAVING RULE:  Line of fire,Safety performance indicators – 2025 data.pdf,37,LSR-CAND-000322,Line of Fire,UNKNOWN,"[""Line of Fire""]",IOGP_STAGE37A1,SOURCE_GROUNDED,SOURCE_EXTRACTED,RECONSTRUCTED,2026-09-03T06:11:23Z
RECON-LSR-0310,GRP-Safety performa-P38,"DATE: 29 Aug 2025 FUNCTION: Production CAUSE: Exposure noise, chemical, biological, vibration, extreme temperature ACTIVITY: Maintenance, inspection, testing Two personnel experienced symptoms of severe oxygen deficiency during inspection work, but managed to self- evacuate safely. Subsequent measurements confirmed low oxygen levels inside the enclosure, linked to nitrogen ingress from the turbine seal system combined with a lack of ventilation. WHAT WENT WRONG:",PRIMARY LIFE-SAVING RULE:  Bypassing safety controls,Safety performance indicators – 2025 data.pdf,38,LSR-CAND-000323,Bypassing Safety Controls,UNKNOWN,"[""Bypassing Safety Controls""]",IOGP_STAGE37A1,SOURCE_GROUNDED,SOURCE_EXTRACTED,RECONSTRUCTED,2026-09-03T06:11:23Z
RECON-LSR-0311,GRP-Safety performa-P38,"DATE: 29 Aug 2025 FUNCTION: Production CAUSE: Exposure noise, chemical, biological, vibration, extreme temperature ACTIVITY: Maintenance, inspection, testing Two personnel experienced symptoms of severe oxygen deficiency during inspection work, but managed to self- evacuate safely. Subsequent measurements confirmed low oxygen levels inside the enclosure, linked to nitrogen ingress from the turbine seal system combined with a lack of ventilation. WHAT WENT WRONG:",SECONARY LIFE-SAVING RULE:  Work authorization,Safety performance indicators – 2025 data.pdf,38,LSR-CAND-000324,Work Authorization,UNKNOWN,"[""Work Authorization""]",IOGP_STAGE37A1,SOURCE_GROUNDED,SOURCE_EXTRACTED,RECONSTRUCTED,2026-09-03T06:11:23Z
RECON-LSR-0312,GRP-Safety performa-P39,"DATE: 02 Jul 2025 FUNCTION: Construction CAUSE: Dropped objects ACTIVITY: Lifting, crane, rigging, deck operations During preparations for installing a 20’’ sealing ring on the platform on 2 July 2025, a technician tested the ring for fit before the lift operation. The 7.1 kg ring slipped from the technician’s hands and fell 6.35 meters to the deck below, landing approximately two meters from a mechanic who was grinding at deck level. The ring then bounced and struck the mechanic on the arm. The mechanic received a first-aid level impact with no observable injury. The",PRIMARY LIFE-SAVING RULE:  Line of fire,Safety performance indicators – 2025 data.pdf,39,LSR-CAND-000325,Line of Fire,UNKNOWN,"[""Line of Fire""]",IOGP_STAGE37A1,SOURCE_GROUNDED,SOURCE_EXTRACTED,RECONSTRUCTED,2026-09-03T06:11:23Z
RECON-LSR-0313,GRP-Safety performa-P39,"DATE: 02 Jul 2025 FUNCTION: Construction CAUSE: Dropped objects ACTIVITY: Lifting, crane, rigging, deck operations During preparations for installing a 20’’ sealing ring on the platform on 2 July 2025, a technician tested the ring for fit before the lift operation. The 7.1 kg ring slipped from the technician’s hands and fell 6.35 meters to the deck below, landing approximately two meters from a mechanic who was grinding at deck level. The ring then bounced and struck the mechanic on the arm. The mechanic received a first-aid level impact with no observable injury. The",SECONARY LIFE-SAVING RULE:  Working at height,Safety performance indicators – 2025 data.pdf,39,LSR-CAND-000326,Working at Height,UNKNOWN,"[""Working at Height""]",IOGP_STAGE37A1,SOURCE_GROUNDED,SOURCE_EXTRACTED,RECONSTRUCTED,2026-09-03T06:11:24Z
RECON-LSR-0314,GRP-Safety performa-P40,"DATE: 11 Jul 2025 FUNCTION: Production CAUSE: Falls from height ACTIVITY: Transport - Water, incl. marine activity Gangway disconnect during personnel transfer. WHAT WENT WRONG: • Inadequate control over maintenance. CORRECTIVE ACTIONS AND RECOMMENDATIONS:",PRIMARY LIFE-SAVING RULE:  Working at height,Safety performance indicators – 2025 data.pdf,40,LSR-CAND-000327,Working at Height,UNKNOWN,"[""Working at Height""]",IOGP_STAGE37A1,SOURCE_GROUNDED,SOURCE_EXTRACTED,RECONSTRUCTED,2026-09-03T06:11:24Z
RECON-LSR-0315,GRP-Safety performa-P40,"DATE: 11 Jul 2025 FUNCTION: Production CAUSE: Falls from height ACTIVITY: Transport - Water, incl. marine activity Gangway disconnect during personnel transfer. WHAT WENT WRONG: • Inadequate control over maintenance. CORRECTIVE ACTIONS AND RECOMMENDATIONS:",SECONARY LIFE-SAVING RULE:  Line of fire,Safety performance indicators – 2025 data.pdf,40,LSR-CAND-000328,Line of Fire,UNKNOWN,"[""Line of Fire""]",IOGP_STAGE37A1,SOURCE_GROUNDED,SOURCE_EXTRACTED,RECONSTRUCTED,2026-09-03T06:11:24Z
RECON-LSR-0316,GRP-Safety performa-P41,"DATE: 09 Sep 2025 COUNTRY: Bahrain FUNCTION: Drilling CAUSE: Dropped objects ACTIVITY: Lifting, crane, rigging, deck operations During the night shift, the crew attempted to release an anchor latch tool from a permanent packer using a straight pull of 60 klbs (including 55 klbs string weight) without success. Following contractors’ procedures, the string was tensioned with 5 klbs over string weight and rotated manually, but no movement was observed. Based on",PRIMARY LIFE-SAVING RULE:  Line of fire,Safety performance indicators – 2025 data.pdf,41,LSR-CAND-000329,Line of Fire,UNKNOWN,"[""Line of Fire""]",IOGP_STAGE37A1,SOURCE_GROUNDED,SOURCE_EXTRACTED,RECONSTRUCTED,2026-09-03T06:11:24Z
RECON-LSR-0317,GRP-Safety performa-P41,"DATE: 09 Sep 2025 COUNTRY: Bahrain FUNCTION: Drilling CAUSE: Dropped objects ACTIVITY: Lifting, crane, rigging, deck operations During the night shift, the crew attempted to release an anchor latch tool from a permanent packer using a straight pull of 60 klbs (including 55 klbs string weight) without success. Following contractors’ procedures, the string was tensioned with 5 klbs over string weight and rotated manually, but no movement was observed. Based on",SECONARY LIFE-SAVING RULE:  Safe mechanical lifting,Safety performance indicators – 2025 data.pdf,41,LSR-CAND-000330,Safe Mechanical Lifting,UNKNOWN,"[""Safe Mechanical Lifting""]",IOGP_STAGE37A1,SOURCE_GROUNDED,SOURCE_EXTRACTED,RECONSTRUCTED,2026-09-03T06:11:25Z
RECON-LSR-0318,GRP-Safety performa-P42,"Operators and service providers shall operate strictly within their defined scopes of work, with no overreach beyond assigned responsibilities. PEOPLE (ACTS): Following Procedures: Improper position (in the line of fire) PEOPLE (ACTS): Following Procedures: Improper lifting or loading PEOPLE (ACTS): Use of Protective Methods: Failure to warn of hazard PEOPLE (ACTS): Use of Protective Methods: Equipment or materials not secured PROCESS (CONDITIONS): Tools, Equipment, Materials and Products: Inadequate design/specification/management PROCESS (CONDITIONS): Organizational: Inadequate work standards/procedures",PRIMARY LIFE-SAVING RULE:  Working at height,Safety performance indicators – 2025 data.pdf,42,LSR-CAND-000331,Working at Height,UNKNOWN,"[""Working at Height""]",IOGP_STAGE37A1,SOURCE_GROUNDED,SOURCE_EXTRACTED,RECONSTRUCTED,2026-09-03T06:11:25Z
RECON-LSR-0319,GRP-Safety performa-P42,"Operators and service providers shall operate strictly within their defined scopes of work, with no overreach beyond assigned responsibilities. PEOPLE (ACTS): Following Procedures: Improper position (in the line of fire) PEOPLE (ACTS): Following Procedures: Improper lifting or loading PEOPLE (ACTS): Use of Protective Methods: Failure to warn of hazard PEOPLE (ACTS): Use of Protective Methods: Equipment or materials not secured PROCESS (CONDITIONS): Tools, Equipment, Materials and Products: Inadequate design/specification/management PROCESS (CONDITIONS): Organizational: Inadequate work standards/procedures",SECONARY LIFE-SAVING RULE:  Line of fire,Safety performance indicators – 2025 data.pdf,42,LSR-CAND-000332,Line of Fire,UNKNOWN,"[""Line of Fire""]",IOGP_STAGE37A1,SOURCE_GROUNDED,SOURCE_EXTRACTED,RECONSTRUCTED,2026-09-03T06:11:25Z
RECON-LSR-0320,GRP-Safety performa-P43,"DATE: 04 Jun 2025 FUNCTION: Production CAUSE: Exposure electrical ACTIVITY: Maintenance, inspection, testing During maintenance activities, an electrical arc occurred in Switch Rack 6 LV, resulting in electrical burns to two electrical technicians. The injured personnel received immediate evacuation to the clinic for initial medical attention before being transferred to the Hospital for further treatment. WHAT WENT WRONG:",PRIMARY LIFE-SAVING RULE:  Work authorization,Safety performance indicators – 2025 data.pdf,43,LSR-CAND-000333,Work Authorization,UNKNOWN,"[""Work Authorization""]",IOGP_STAGE37A1,SOURCE_GROUNDED,SOURCE_EXTRACTED,RECONSTRUCTED,2026-09-03T06:11:25Z
RECON-LSR-0321,GRP-Safety performa-P43,"DATE: 04 Jun 2025 FUNCTION: Production CAUSE: Exposure electrical ACTIVITY: Maintenance, inspection, testing During maintenance activities, an electrical arc occurred in Switch Rack 6 LV, resulting in electrical burns to two electrical technicians. The injured personnel received immediate evacuation to the clinic for initial medical attention before being transferred to the Hospital for further treatment. WHAT WENT WRONG:",SECONARY LIFE-SAVING RULE:  Line of fire,Safety performance indicators – 2025 data.pdf,43,LSR-CAND-000334,Line of Fire,UNKNOWN,"[""Line of Fire""]",IOGP_STAGE37A1,SOURCE_GROUNDED,SOURCE_EXTRACTED,RECONSTRUCTED,2026-09-03T06:11:26Z
RECON-LSR-0322,GRP-Safety performa-P43,"DATE: 04 Jun 2025 FUNCTION: Production CAUSE: Exposure electrical ACTIVITY: Maintenance, inspection, testing During maintenance activities, an electrical arc occurred in Switch Rack 6 LV, resulting in electrical burns to two electrical technicians. The injured personnel received immediate evacuation to the clinic for initial medical attention before being transferred to the Hospital for further treatment. WHAT WENT WRONG:",PRIMARY LIFE-SAVING RULE:  Energy isolation,Safety performance indicators – 2025 data.pdf,43,LSR-CAND-000335,Energy Isolation,UNKNOWN,"[""Energy Isolation""]",IOGP_STAGE37A1,SOURCE_GROUNDED,SOURCE_EXTRACTED,RECONSTRUCTED,2026-09-03T06:11:26Z
RECON-LSR-0323,GRP-Safety performa-P43,"DATE: 04 Jun 2025 FUNCTION: Production CAUSE: Exposure electrical ACTIVITY: Maintenance, inspection, testing During maintenance activities, an electrical arc occurred in Switch Rack 6 LV, resulting in electrical burns to two electrical technicians. The injured personnel received immediate evacuation to the clinic for initial medical attention before being transferred to the Hospital for further treatment. WHAT WENT WRONG:",SECONARY LIFE-SAVING RULE:  Work authorization,Safety performance indicators – 2025 data.pdf,43,LSR-CAND-000336,Work Authorization,UNKNOWN,"[""Work Authorization""]",IOGP_STAGE37A1,SOURCE_GROUNDED,SOURCE_EXTRACTED,RECONSTRUCTED,2026-09-03T06:11:26Z
RECON-LSR-0324,GRP-Safety performa-P44,"CORRECTIVE ACTIONS AND RECOMMENDATIONS: 1. Ensure that all potentially Live systems are isolated prior to starting work. 2. Have approved PTW and supporting documents for the task. 3. Improve hazard awareness. PEOPLE (ACTS): Following Procedures: Improper position (in the line of fire) PEOPLE (ACTS): Use of Tools, Equipment, Materials and Products: Servicing of energized equipment/inadequate energy isolation PEOPLE (ACTS): Use of Protective Methods: Inadequate use of safety systems",PRIMARY LIFE-SAVING RULE:  Working at height,Safety performance indicators – 2025 data.pdf,44,LSR-CAND-000337,Working at Height,UNKNOWN,"[""Working at Height""]",IOGP_STAGE37A1,SOURCE_GROUNDED,SOURCE_EXTRACTED,RECONSTRUCTED,2026-09-03T06:11:26Z
RECON-LSR-0325,GRP-Safety performa-P44,"CORRECTIVE ACTIONS AND RECOMMENDATIONS: 1. Ensure that all potentially Live systems are isolated prior to starting work. 2. Have approved PTW and supporting documents for the task. 3. Improve hazard awareness. PEOPLE (ACTS): Following Procedures: Improper position (in the line of fire) PEOPLE (ACTS): Use of Tools, Equipment, Materials and Products: Servicing of energized equipment/inadequate energy isolation PEOPLE (ACTS): Use of Protective Methods: Inadequate use of safety systems",SECONARY LIFE-SAVING RULE:  Line of fire,Safety performance indicators – 2025 data.pdf,44,LSR-CAND-000338,Line of Fire,UNKNOWN,"[""Line of Fire""]",IOGP_STAGE37A1,SOURCE_GROUNDED,SOURCE_EXTRACTED,RECONSTRUCTED,2026-09-03T06:11:27Z
RECON-LSR-0326,GRP-Safety performa-P45,PEOPLE (ACTS): Following Procedures: Improper position (in the line of fire) PEOPLE (ACTS): Use of Protective Methods: Failure to warn of hazard PEOPLE (ACTS): Use of Protective Methods: Inadequate use of safety systems PEOPLE (ACTS): Use of Protective Methods: Personal Protective Equipment not used or used improperly PEOPLE (ACTS): Inattention/Lack of Awareness: Lack of attention/distracted by other concerns/stress PROCESS (CONDITIONS): Organizational: Inadequate training/competence PROCESS (CONDITIONS): Organizational: Inadequate hazard identification or risk assessment DATE: 07 May 2025,PRIMARY LIFE-SAVING RULE:  Working at height,Safety performance indicators – 2025 data.pdf,45,LSR-CAND-000339,Working at Height,UNKNOWN,"[""Working at Height""]",IOGP_STAGE37A1,SOURCE_GROUNDED,SOURCE_EXTRACTED,RECONSTRUCTED,2026-09-03T06:11:27Z
RECON-LSR-0327,GRP-Safety performa-P45,PEOPLE (ACTS): Following Procedures: Improper position (in the line of fire) PEOPLE (ACTS): Use of Protective Methods: Failure to warn of hazard PEOPLE (ACTS): Use of Protective Methods: Inadequate use of safety systems PEOPLE (ACTS): Use of Protective Methods: Personal Protective Equipment not used or used improperly PEOPLE (ACTS): Inattention/Lack of Awareness: Lack of attention/distracted by other concerns/stress PROCESS (CONDITIONS): Organizational: Inadequate training/competence PROCESS (CONDITIONS): Organizational: Inadequate hazard identification or risk assessment DATE: 07 May 2025,SECONARY LIFE-SAVING RULE:  Line of fire,Safety performance indicators – 2025 data.pdf,45,LSR-CAND-000340,Line of Fire,UNKNOWN,"[""Line of Fire""]",IOGP_STAGE37A1,SOURCE_GROUNDED,SOURCE_EXTRACTED,RECONSTRUCTED,2026-09-03T06:11:27Z
RECON-LSR-0328,GRP-Safety performa-P46,"DATE: 05 Feb 2025 FUNCTION: Drilling CAUSE: Dropped objects ACTIVITY: Lifting, crane, rigging, deck operations A forklift operator was pulling a service hose from the backyard to the rig location, the operator raised the boom to a higher position. During this operation, the boom came into contact with a deadline data cable positioned approximately 5 meters high on overhead line stands. As a result, the cable fell and sustained minor damage. There were no injuries or harm to personnel",PRIMARY LIFE-SAVING RULE:  Safe mechanical lifting,Safety performance indicators – 2025 data.pdf,46,LSR-CAND-000341,Safe Mechanical Lifting,UNKNOWN,"[""Safe Mechanical Lifting""]",IOGP_STAGE37A1,SOURCE_GROUNDED,SOURCE_EXTRACTED,RECONSTRUCTED,2026-09-03T06:11:27Z
RECON-LSR-0329,GRP-Safety performa-P46,"DATE: 05 Feb 2025 FUNCTION: Drilling CAUSE: Dropped objects ACTIVITY: Lifting, crane, rigging, deck operations A forklift operator was pulling a service hose from the backyard to the rig location, the operator raised the boom to a higher position. During this operation, the boom came into contact with a deadline data cable positioned approximately 5 meters high on overhead line stands. As a result, the cable fell and sustained minor damage. There were no injuries or harm to personnel",SECONARY LIFE-SAVING RULE:  Line of fire,Safety performance indicators – 2025 data.pdf,46,LSR-CAND-000342,Line of Fire,UNKNOWN,"[""Line of Fire""]",IOGP_STAGE37A1,SOURCE_GROUNDED,SOURCE_EXTRACTED,RECONSTRUCTED,2026-09-03T06:11:28Z
RECON-LSR-0330,GRP-Safety performa-P47,"DATE: 20 Sep 2025 FUNCTION: Drilling CAUSE: Dropped objects ACTIVITY: Lifting, crane, rigging, deck operations During space-out of the traveling block to function-test the power tong, the Driller hoisted the traveling block with the working string. When the string was about 2 meters above the rig floor, the Driller applied the brake. At that moment, the traveling block and working string suddenly moved down to the rig floor. Work string landed on the slip and travelling block stopped moving where the brake was activated.",PRIMARY LIFE-SAVING RULE:  Safe mechanical lifting,Safety performance indicators – 2025 data.pdf,47,LSR-CAND-000343,Safe Mechanical Lifting,UNKNOWN,"[""Safe Mechanical Lifting""]",IOGP_STAGE37A1,SOURCE_GROUNDED,SOURCE_EXTRACTED,RECONSTRUCTED,2026-09-03T06:11:28Z
RECON-LSR-0331,GRP-Safety performa-P47,"DATE: 20 Sep 2025 FUNCTION: Drilling CAUSE: Dropped objects ACTIVITY: Lifting, crane, rigging, deck operations During space-out of the traveling block to function-test the power tong, the Driller hoisted the traveling block with the working string. When the string was about 2 meters above the rig floor, the Driller applied the brake. At that moment, the traveling block and working string suddenly moved down to the rig floor. Work string landed on the slip and travelling block stopped moving where the brake was activated.",SECONARY LIFE-SAVING RULE:  Line of fire,Safety performance indicators – 2025 data.pdf,47,LSR-CAND-000344,Line of Fire,UNKNOWN,"[""Line of Fire""]",IOGP_STAGE37A1,SOURCE_GROUNDED,SOURCE_EXTRACTED,RECONSTRUCTED,2026-09-03T06:11:28Z
RECON-LSR-0332,GRP-Safety performa-P48,"DATE: 08 Apr 2025 FUNCTION: Production CAUSE: Pressure release ACTIVITY: Maintenance, inspection, testing A contractor mechanical field service representative and mechanical team had disconnected the export gas compressor gas turbine’s primary and secondary flexible fuel gas hoses. After disconnecting the hoses, the contractor field service representative was on the back side of the gas turbine while the mechanical technicians were on the front side. While lying beneath the gas turbine to check the water wash drain tube under the gas",PRIMARY LIFE-SAVING RULE:  Energy isolation,Safety performance indicators – 2025 data.pdf,48,LSR-CAND-000345,Energy Isolation,UNKNOWN,"[""Energy Isolation""]",IOGP_STAGE37A1,SOURCE_GROUNDED,SOURCE_EXTRACTED,RECONSTRUCTED,2026-09-03T06:11:28Z
RECON-LSR-0333,GRP-Safety performa-P48,"DATE: 08 Apr 2025 FUNCTION: Production CAUSE: Pressure release ACTIVITY: Maintenance, inspection, testing A contractor mechanical field service representative and mechanical team had disconnected the export gas compressor gas turbine’s primary and secondary flexible fuel gas hoses. After disconnecting the hoses, the contractor field service representative was on the back side of the gas turbine while the mechanical technicians were on the front side. While lying beneath the gas turbine to check the water wash drain tube under the gas",SECONARY LIFE-SAVING RULE:  Line of fire,Safety performance indicators – 2025 data.pdf,48,LSR-CAND-000346,Line of Fire,UNKNOWN,"[""Line of Fire""]",IOGP_STAGE37A1,SOURCE_GROUNDED,SOURCE_EXTRACTED,RECONSTRUCTED,2026-09-03T06:11:29Z
RECON-LSR-0334,GRP-Safety performa-P49,"DATE: 22 Nov 2025 FUNCTION: Production CAUSE: Struck by (not dropped object) ACTIVITY: Production operations Company pickup truck collided with a concrete barrier at a diversion point. WHAT WENT WRONG: The pick-up deflected into the opposite lane and debris from the barrier struck a company bus, shattering the left- Following the accident, the Involved Person (IP) was taken for a medical assessment to check for any internal",PRIMARY LIFE-SAVING RULE:  Driving,Safety performance indicators – 2025 data.pdf,49,LSR-CAND-000347,Driving,UNKNOWN,"[""Driving""]",IOGP_STAGE37A1,SOURCE_GROUNDED,SOURCE_EXTRACTED,RECONSTRUCTED,2026-09-03T06:11:29Z
RECON-LSR-0335,GRP-Safety performa-P49,"DATE: 22 Nov 2025 FUNCTION: Production CAUSE: Struck by (not dropped object) ACTIVITY: Production operations Company pickup truck collided with a concrete barrier at a diversion point. WHAT WENT WRONG: The pick-up deflected into the opposite lane and debris from the barrier struck a company bus, shattering the left- Following the accident, the Involved Person (IP) was taken for a medical assessment to check for any internal",SECONARY LIFE-SAVING RULE:  Line of fire,Safety performance indicators – 2025 data.pdf,49,LSR-CAND-000348,Line of Fire,UNKNOWN,"[""Line of Fire""]",IOGP_STAGE37A1,SOURCE_GROUNDED,SOURCE_EXTRACTED,RECONSTRUCTED,2026-09-03T06:11:29Z
RECON-LSR-0336,GRP-Safety performa-P50,"DATE: 22 Mar 2025 FUNCTION: Construction CAUSE: Dropped objects ACTIVITY: Construction, commissioning, decommissioning A steel structure crew was modifying a permanent grating platform handrail when a crowbar (weight approximately 0.72kg) fell from the platform (height 20 metres) and landed on the ground below in an unbarricaded area. No person injury occurred or was reported. WHAT WENT WRONG:",PRIMARY LIFE-SAVING RULE:  Working at height,Safety performance indicators – 2025 data.pdf,50,LSR-CAND-000349,Working at Height,UNKNOWN,"[""Working at Height""]",IOGP_STAGE37A1,SOURCE_GROUNDED,SOURCE_EXTRACTED,RECONSTRUCTED,2026-09-03T06:11:29Z
RECON-LSR-0337,GRP-Safety performa-P50,"DATE: 22 Mar 2025 FUNCTION: Construction CAUSE: Dropped objects ACTIVITY: Construction, commissioning, decommissioning A steel structure crew was modifying a permanent grating platform handrail when a crowbar (weight approximately 0.72kg) fell from the platform (height 20 metres) and landed on the ground below in an unbarricaded area. No person injury occurred or was reported. WHAT WENT WRONG:",SECONARY LIFE-SAVING RULE:  Line of fire,Safety performance indicators – 2025 data.pdf,50,LSR-CAND-000350,Line of Fire,UNKNOWN,"[""Line of Fire""]",IOGP_STAGE37A1,SOURCE_GROUNDED,SOURCE_EXTRACTED,RECONSTRUCTED,2026-09-03T06:11:30Z
RECON-LSR-0338,GRP-Safety performa-P51,"DATE: 24 Mar 2025 FUNCTION: Construction CAUSE: Dropped objects ACTIVITY: Construction, commissioning, decommissioning A gate door (two sections) of the Blasting Shop toppled over due to strong winds (approximately 16m/s). Each door section measures 7.5m x 4m and weighs approx. 425kg. They landed on the ground and came to rest on a pipe stand, resulting in damage to the cladding and frame. The incident occurred next to a pedestrian walkway, but no personnel were in the vicinity at the time. No personal Injury was reported",PRIMARY LIFE-SAVING RULE:  Line of fire,Safety performance indicators – 2025 data.pdf,51,LSR-CAND-000351,Line of Fire,UNKNOWN,"[""Line of Fire""]",IOGP_STAGE37A1,SOURCE_GROUNDED,SOURCE_EXTRACTED,RECONSTRUCTED,2026-09-03T06:11:30Z
RECON-LSR-0339,GRP-Safety performa-P51,"DATE: 24 Mar 2025 FUNCTION: Construction CAUSE: Dropped objects ACTIVITY: Construction, commissioning, decommissioning A gate door (two sections) of the Blasting Shop toppled over due to strong winds (approximately 16m/s). Each door section measures 7.5m x 4m and weighs approx. 425kg. They landed on the ground and came to rest on a pipe stand, resulting in damage to the cladding and frame. The incident occurred next to a pedestrian walkway, but no personnel were in the vicinity at the time. No personal Injury was reported",SECONARY LIFE-SAVING RULE:  Bypassing safety controls,Safety performance indicators – 2025 data.pdf,51,LSR-CAND-000352,Bypassing Safety Controls,UNKNOWN,"[""Bypassing Safety Controls""]",IOGP_STAGE37A1,SOURCE_GROUNDED,SOURCE_EXTRACTED,RECONSTRUCTED,2026-09-03T06:11:30Z
RECON-LSR-0340,GRP-Safety performa-P52,"DATE: 19 Mar 2025 FUNCTION: Construction CAUSE: Dropped objects ACTIVITY: Transport - Land A trailer driver was transporting six concrete barriers (3.5t each) on a flatbed trailer. The barriers were stacked in two rows (three in each row), with one cargo lashing belt securing two concrete barriers each. While the trailer was travelling on the bumpy road, the driver noticed that one of the lashing belts securing the rear concrete barriers had broken, causing the load to shift slightly towards the edge of the trailer. He pulled over to address the situation.",PRIMARY LIFE-SAVING RULE:  Bypassing safety controls,Safety performance indicators – 2025 data.pdf,52,LSR-CAND-000353,Bypassing Safety Controls,UNKNOWN,"[""Bypassing Safety Controls""]",IOGP_STAGE37A1,SOURCE_GROUNDED,SOURCE_EXTRACTED,RECONSTRUCTED,2026-09-03T06:11:30Z
RECON-LSR-0341,GRP-Safety performa-P52,"DATE: 19 Mar 2025 FUNCTION: Construction CAUSE: Dropped objects ACTIVITY: Transport - Land A trailer driver was transporting six concrete barriers (3.5t each) on a flatbed trailer. The barriers were stacked in two rows (three in each row), with one cargo lashing belt securing two concrete barriers each. While the trailer was travelling on the bumpy road, the driver noticed that one of the lashing belts securing the rear concrete barriers had broken, causing the load to shift slightly towards the edge of the trailer. He pulled over to address the situation.",SECONARY LIFE-SAVING RULE:  Line of fire,Safety performance indicators – 2025 data.pdf,52,LSR-CAND-000354,Line of Fire,UNKNOWN,"[""Line of Fire""]",IOGP_STAGE37A1,SOURCE_GROUNDED,SOURCE_EXTRACTED,RECONSTRUCTED,2026-09-03T06:11:31Z
RECON-LSR-0342,GRP-Safety performa-P53,"DATE: 07 Sep 2025 FUNCTION: Construction CAUSE: Exposure electrical ACTIVITY: Construction, commissioning, decommissioning During welding activities, the fire watch for the naked flame activity received an electrical shock when attempting to shift an electrical welding rod oven. WHAT WENT WRONG: The fire watch, henceforth referred to as the injured person (IP), collapsed after receiving the shock, and the",PRIMARY LIFE-SAVING RULE:  Energy isolation,Safety performance indicators – 2025 data.pdf,53,LSR-CAND-000355,Energy Isolation,UNKNOWN,"[""Energy Isolation""]",IOGP_STAGE37A1,SOURCE_GROUNDED,SOURCE_EXTRACTED,RECONSTRUCTED,2026-09-03T06:11:31Z
RECON-LSR-0343,GRP-Safety performa-P53,"DATE: 07 Sep 2025 FUNCTION: Construction CAUSE: Exposure electrical ACTIVITY: Construction, commissioning, decommissioning During welding activities, the fire watch for the naked flame activity received an electrical shock when attempting to shift an electrical welding rod oven. WHAT WENT WRONG: The fire watch, henceforth referred to as the injured person (IP), collapsed after receiving the shock, and the",SECONARY LIFE-SAVING RULE:  Line of fire,Safety performance indicators – 2025 data.pdf,53,LSR-CAND-000356,Line of Fire,UNKNOWN,"[""Line of Fire""]",IOGP_STAGE37A1,SOURCE_GROUNDED,SOURCE_EXTRACTED,RECONSTRUCTED,2026-09-03T06:11:31Z
RECON-LSR-0344,GRP-Safety performa-P54,"DATE: 01 Jun 2025 FUNCTION: Construction CAUSE: Pressure release ACTIVITY: Lifting, crane, rigging, deck operations A telehandler operator was moving a 714kg pipe spool when he observed a trailer blocking his access. The operator pulled the telehandler over to the side waiting for the trailer to move away. When the trailer moved, the operator started to reverse the telehandler. After reversing approximately 2 metres, the front right tyre of the telehandler failed and exploded. The release of pressure ejected the tyre 7 metres away from the telehandler. The primary",PRIMARY LIFE-SAVING RULE:  Line of fire,Safety performance indicators – 2025 data.pdf,54,LSR-CAND-000357,Line of Fire,UNKNOWN,"[""Line of Fire""]",IOGP_STAGE37A1,SOURCE_GROUNDED,SOURCE_EXTRACTED,RECONSTRUCTED,2026-09-03T06:11:32Z
RECON-LSR-0345,GRP-Safety performa-P54,"DATE: 01 Jun 2025 FUNCTION: Construction CAUSE: Pressure release ACTIVITY: Lifting, crane, rigging, deck operations A telehandler operator was moving a 714kg pipe spool when he observed a trailer blocking his access. The operator pulled the telehandler over to the side waiting for the trailer to move away. When the trailer moved, the operator started to reverse the telehandler. After reversing approximately 2 metres, the front right tyre of the telehandler failed and exploded. The release of pressure ejected the tyre 7 metres away from the telehandler. The primary",SECONARY LIFE-SAVING RULE:  Bypassing safety controls,Safety performance indicators – 2025 data.pdf,54,LSR-CAND-000358,Bypassing Safety Controls,UNKNOWN,"[""Bypassing Safety Controls""]",IOGP_STAGE37A1,SOURCE_GROUNDED,SOURCE_EXTRACTED,RECONSTRUCTED,2026-09-03T06:11:32Z
RECON-LSR-0346,GRP-Safety performa-P55,"DATE: 11 Jan 2025 FUNCTION: Construction CAUSE: Struck by (not dropped object) ACTIVITY: Lifting, crane, rigging, deck operations An 800-ton crawler crane and a 280-ton crawler crane had concluded lifting operations and were idle. A civil crew requested the 800-ton crane operator to reposition the hook so they could avoid working under it. While slewing, the boom tip section of the 800-ton crawler crane contacted the wire rope of the stationary 280-ton crawler crane. The crane was operating within a barricaded area. No visible damage was found on both crawler cranes, and there were",PRIMARY LIFE-SAVING RULE:  Safe mechanical lifting,Safety performance indicators – 2025 data.pdf,55,LSR-CAND-000359,Safe Mechanical Lifting,UNKNOWN,"[""Safe Mechanical Lifting""]",IOGP_STAGE37A1,SOURCE_GROUNDED,SOURCE_EXTRACTED,RECONSTRUCTED,2026-09-03T06:11:32Z
RECON-LSR-0347,GRP-Safety performa-P55,"DATE: 11 Jan 2025 FUNCTION: Construction CAUSE: Struck by (not dropped object) ACTIVITY: Lifting, crane, rigging, deck operations An 800-ton crawler crane and a 280-ton crawler crane had concluded lifting operations and were idle. A civil crew requested the 800-ton crane operator to reposition the hook so they could avoid working under it. While slewing, the boom tip section of the 800-ton crawler crane contacted the wire rope of the stationary 280-ton crawler crane. The crane was operating within a barricaded area. No visible damage was found on both crawler cranes, and there were",SECONARY LIFE-SAVING RULE:  Line of fire,Safety performance indicators – 2025 data.pdf,55,LSR-CAND-000360,Line of Fire,UNKNOWN,"[""Line of Fire""]",IOGP_STAGE37A1,SOURCE_GROUNDED,SOURCE_EXTRACTED,RECONSTRUCTED,2026-09-03T06:11:33Z
RECON-LSR-0348,GRP-Safety performa-P56,"DATE: 15 Jul 2025 FUNCTION: Drilling CAUSE: Dropped objects ACTIVITY: Drilling, workover, well operations While a Wellhead Engineer was installing a side outlet valve at the wellhead deck, a Floor Man was preparing downhole guides on the upper deck level, but one down hole guide clamp, weighing 7 kg, slipped and dropped through open hatch and hit the right middle side of the hard hat above the brim and landed in the grating, causing the IP to fall on to the grating resulting in bruises to his right forehead and injury to his right knee.",PRIMARY LIFE-SAVING RULE:  Work authorization,Safety performance indicators – 2025 data.pdf,56,LSR-CAND-000361,Work Authorization,UNKNOWN,"[""Work Authorization""]",IOGP_STAGE37A1,SOURCE_GROUNDED,SOURCE_EXTRACTED,RECONSTRUCTED,2026-09-03T06:11:34Z
RECON-LSR-0349,GRP-Safety performa-P56,"DATE: 15 Jul 2025 FUNCTION: Drilling CAUSE: Dropped objects ACTIVITY: Drilling, workover, well operations While a Wellhead Engineer was installing a side outlet valve at the wellhead deck, a Floor Man was preparing downhole guides on the upper deck level, but one down hole guide clamp, weighing 7 kg, slipped and dropped through open hatch and hit the right middle side of the hard hat above the brim and landed in the grating, causing the IP to fall on to the grating resulting in bruises to his right forehead and injury to his right knee.",SECONARY LIFE-SAVING RULE:  Line of fire,Safety performance indicators – 2025 data.pdf,56,LSR-CAND-000362,Line of Fire,UNKNOWN,"[""Line of Fire""]",IOGP_STAGE37A1,SOURCE_GROUNDED,SOURCE_EXTRACTED,RECONSTRUCTED,2026-09-03T06:11:35Z
RECON-LSR-0350,GRP-Safety performa-P57,"DATE: 21 Dec 2025 FUNCTION: Production CAUSE: Exposure electrical ACTIVITY: Excavation, trenching, ground disturbance Power cable damage during excavation. WHAT WENT WRONG: The incident resulted from inadequate excavation planning, including missing cable markers, an overly shallow trial pit that failed to expose the deeper 11 kV cable, the absence of cable detection tools, and the use of mechanical",PRIMARY LIFE-SAVING RULE:  Line of fire,Safety performance indicators – 2025 data.pdf,57,LSR-CAND-000363,Line of Fire,UNKNOWN,"[""Line of Fire""]",IOGP_STAGE37A1,SOURCE_GROUNDED,SOURCE_EXTRACTED,RECONSTRUCTED,2026-09-03T06:11:36Z
RECON-LSR-0351,GRP-Safety performa-P57,"DATE: 21 Dec 2025 FUNCTION: Production CAUSE: Exposure electrical ACTIVITY: Excavation, trenching, ground disturbance Power cable damage during excavation. WHAT WENT WRONG: The incident resulted from inadequate excavation planning, including missing cable markers, an overly shallow trial pit that failed to expose the deeper 11 kV cable, the absence of cable detection tools, and the use of mechanical",SECONARY LIFE-SAVING RULE:  Work authorization,Safety performance indicators – 2025 data.pdf,57,LSR-CAND-000364,Work Authorization,UNKNOWN,"[""Work Authorization""]",IOGP_STAGE37A1,SOURCE_GROUNDED,SOURCE_EXTRACTED,RECONSTRUCTED,2026-09-03T06:11:36Z
RECON-LSR-0352,GRP-Safety performa-P58,"DATE: 03 Sep 2025 FUNCTION: Construction CAUSE: Caught in, under or between (excl. dropped objects) ACTIVITY: Construction, commissioning, decommissioning Workers were unloading sandbags from the bucket of a wheel loader. While unloading the sandbags, a worker’s left foot was under the loader’s bucket. The bucket was inadvertently lowered, resulting in a crush injury to the worker (hereinafter referred to as the injured person or IP). WHAT WENT WRONG:",PRIMARY LIFE-SAVING RULE:  Safe mechanical lifting,Safety performance indicators – 2025 data.pdf,58,LSR-CAND-000365,Safe Mechanical Lifting,UNKNOWN,"[""Safe Mechanical Lifting""]",IOGP_STAGE37A1,SOURCE_GROUNDED,SOURCE_EXTRACTED,RECONSTRUCTED,2026-09-03T06:11:37Z
RECON-LSR-0353,GRP-Safety performa-P58,"DATE: 03 Sep 2025 FUNCTION: Construction CAUSE: Caught in, under or between (excl. dropped objects) ACTIVITY: Construction, commissioning, decommissioning Workers were unloading sandbags from the bucket of a wheel loader. While unloading the sandbags, a worker’s left foot was under the loader’s bucket. The bucket was inadvertently lowered, resulting in a crush injury to the worker (hereinafter referred to as the injured person or IP). WHAT WENT WRONG:",SECONARY LIFE-SAVING RULE:  Line of fire,Safety performance indicators – 2025 data.pdf,58,LSR-CAND-000366,Line of Fire,UNKNOWN,"[""Line of Fire""]",IOGP_STAGE37A1,SOURCE_GROUNDED,SOURCE_EXTRACTED,RECONSTRUCTED,2026-09-03T06:11:37Z
RECON-LSR-0354,GRP-Safety performa-P59,"DATE: 30 Apr 2025 FUNCTION: Construction CAUSE: Dropped objects ACTIVITY: Transport - Land On 30/04/2025, a High Potential (HIPO) occurred when a crane’s counterweight of 15 tonnes fell off the trailer due to failure in the securing belt. The trailer was moving from the laydown area to the well-pad. No personnel injuries WHAT WENT WRONG: • The trailer was hired from supplier/vendor for material transportation and driver was not aware of the road",PRIMARY LIFE-SAVING RULE:  Driving,Safety performance indicators – 2025 data.pdf,59,LSR-CAND-000367,Driving,UNKNOWN,"[""Driving""]",IOGP_STAGE37A1,SOURCE_GROUNDED,SOURCE_EXTRACTED,RECONSTRUCTED,2026-09-03T06:11:38Z
RECON-LSR-0355,GRP-Safety performa-P59,"DATE: 30 Apr 2025 FUNCTION: Construction CAUSE: Dropped objects ACTIVITY: Transport - Land On 30/04/2025, a High Potential (HIPO) occurred when a crane’s counterweight of 15 tonnes fell off the trailer due to failure in the securing belt. The trailer was moving from the laydown area to the well-pad. No personnel injuries WHAT WENT WRONG: • The trailer was hired from supplier/vendor for material transportation and driver was not aware of the road",SECONARY LIFE-SAVING RULE:  Line of fire,Safety performance indicators – 2025 data.pdf,59,LSR-CAND-000368,Line of Fire,UNKNOWN,"[""Line of Fire""]",IOGP_STAGE37A1,SOURCE_GROUNDED,SOURCE_EXTRACTED,RECONSTRUCTED,2026-09-03T06:11:38Z
RECON-LSR-0356,GRP-Safety performa-P60,"DATE: 14 Apr 2025 FUNCTION: Drilling CAUSE: Dropped objects ACTIVITY: Lifting, crane, rigging, deck operations After completing the second gyro survey, the crew began rigging down. On the platform deck, a tugger line was attached to the gyro tool as secondary retention. The tool was lifted to the rig floor using the wireline. Once above the rotary table, the wireline gooseneck was installed on top of the tool. As the tugger was spooled in to take the tool’s weight, its swivel caught the gooseneck, pulling it off. The gooseneck, weighing 2.3 kg, fell approximately 50 ft",PRIMARY LIFE-SAVING RULE:  Safe mechanical lifting,Safety performance indicators – 2025 data.pdf,60,LSR-CAND-000369,Safe Mechanical Lifting,UNKNOWN,"[""Safe Mechanical Lifting""]",IOGP_STAGE37A1,SOURCE_GROUNDED,SOURCE_EXTRACTED,RECONSTRUCTED,2026-09-03T06:11:39Z
RECON-LSR-0357,GRP-Safety performa-P60,"DATE: 14 Apr 2025 FUNCTION: Drilling CAUSE: Dropped objects ACTIVITY: Lifting, crane, rigging, deck operations After completing the second gyro survey, the crew began rigging down. On the platform deck, a tugger line was attached to the gyro tool as secondary retention. The tool was lifted to the rig floor using the wireline. Once above the rotary table, the wireline gooseneck was installed on top of the tool. As the tugger was spooled in to take the tool’s weight, its swivel caught the gooseneck, pulling it off. The gooseneck, weighing 2.3 kg, fell approximately 50 ft",SECONARY LIFE-SAVING RULE:  Line of fire,Safety performance indicators – 2025 data.pdf,60,LSR-CAND-000370,Line of Fire,UNKNOWN,"[""Line of Fire""]",IOGP_STAGE37A1,SOURCE_GROUNDED,SOURCE_EXTRACTED,RECONSTRUCTED,2026-09-03T06:11:39Z
RECON-LSR-0358,GRP-Safety performa-P61,"DATE: 16 Apr 2025 FUNCTION: Drilling CAUSE: Dropped objects ACTIVITY: Lifting, crane, rigging, deck operations During racking-back a 7” landing joint using the Monkey board forward pullback tugger, the line parted, causing the parted hook and line to fall from the Monkey board to the rig floor. No one was injured or struck by the dropped object. 3 crew members were in the Red Zone at the time of the Dropped Object. Hook weighed 0.75kg and dropped WHAT WENT WRONG:",PRIMARY LIFE-SAVING RULE:  Line of fire,Safety performance indicators – 2025 data.pdf,61,LSR-CAND-000371,Line of Fire,UNKNOWN,"[""Line of Fire""]",IOGP_STAGE37A1,SOURCE_GROUNDED,SOURCE_EXTRACTED,RECONSTRUCTED,2026-09-03T06:11:40Z
RECON-LSR-0359,GRP-Safety performa-P61,"DATE: 16 Apr 2025 FUNCTION: Drilling CAUSE: Dropped objects ACTIVITY: Lifting, crane, rigging, deck operations During racking-back a 7” landing joint using the Monkey board forward pullback tugger, the line parted, causing the parted hook and line to fall from the Monkey board to the rig floor. No one was injured or struck by the dropped object. 3 crew members were in the Red Zone at the time of the Dropped Object. Hook weighed 0.75kg and dropped WHAT WENT WRONG:",SECONARY LIFE-SAVING RULE:  Safe mechanical lifting,Safety performance indicators – 2025 data.pdf,61,LSR-CAND-000372,Safe Mechanical Lifting,UNKNOWN,"[""Safe Mechanical Lifting""]",IOGP_STAGE37A1,SOURCE_GROUNDED,SOURCE_EXTRACTED,RECONSTRUCTED,2026-09-03T06:11:40Z
RECON-LSR-0360,GRP-Safety performa-P62,"DATE: 15 Jul 2025 FUNCTION: Drilling CAUSE: Falls from height ACTIVITY: Drilling, workover, well operations The rig crew were in the process of nipple down the bell nipple mandrel. While positioning the multi purpose crane for installing the bell nipple lifting slings the man basket (354kg), which was holding 2 persons, dislodged from the main structure of the crane and fell approx.16.5m to the top deck of the platform. Neither of the 2 persons fell as they were suspended by their harness and inertia reels. Both personnel were recovered in 2 minutes. One of the 2",PRIMARY LIFE-SAVING RULE:  Safe mechanical lifting,Safety performance indicators – 2025 data.pdf,62,LSR-CAND-000373,Safe Mechanical Lifting,UNKNOWN,"[""Safe Mechanical Lifting""]",IOGP_STAGE37A1,SOURCE_GROUNDED,SOURCE_EXTRACTED,RECONSTRUCTED,2026-09-03T06:11:41Z
RECON-LSR-0361,GRP-Safety performa-P62,"DATE: 15 Jul 2025 FUNCTION: Drilling CAUSE: Falls from height ACTIVITY: Drilling, workover, well operations The rig crew were in the process of nipple down the bell nipple mandrel. While positioning the multi purpose crane for installing the bell nipple lifting slings the man basket (354kg), which was holding 2 persons, dislodged from the main structure of the crane and fell approx.16.5m to the top deck of the platform. Neither of the 2 persons fell as they were suspended by their harness and inertia reels. Both personnel were recovered in 2 minutes. One of the 2",SECONARY LIFE-SAVING RULE:  Line of fire,Safety performance indicators – 2025 data.pdf,62,LSR-CAND-000374,Line of Fire,UNKNOWN,"[""Line of Fire""]",IOGP_STAGE37A1,SOURCE_GROUNDED,SOURCE_EXTRACTED,RECONSTRUCTED,2026-09-03T06:11:41Z
RECON-LSR-0362,GRP-Safety performa-P63,"PROCESS (CONDITIONS): Organizational: Inadequate work standards/procedures PROCESS (CONDITIONS): Organizational: Inadequate hazard identification or risk assessment PROCESS (CONDITIONS): Organizational: Inadequate communication PROCESS (CONDITIONS): Organizational: Poor leadership/organizational culture PROCESS (CONDITIONS): Organizational: Failure to report/learn from events DATE: 12 May 2025 FUNCTION: Production CAUSE: Caught in, under or between (excl. dropped objects)",PRIMARY LIFE-SAVING RULE:  Line of fire,Safety performance indicators – 2025 data.pdf,63,LSR-CAND-000375,Line of Fire,UNKNOWN,"[""Line of Fire""]",IOGP_STAGE37A1,SOURCE_GROUNDED,SOURCE_EXTRACTED,RECONSTRUCTED,2026-09-03T06:11:41Z
RECON-LSR-0363,GRP-Safety performa-P63,"PROCESS (CONDITIONS): Organizational: Inadequate work standards/procedures PROCESS (CONDITIONS): Organizational: Inadequate hazard identification or risk assessment PROCESS (CONDITIONS): Organizational: Inadequate communication PROCESS (CONDITIONS): Organizational: Poor leadership/organizational culture PROCESS (CONDITIONS): Organizational: Failure to report/learn from events DATE: 12 May 2025 FUNCTION: Production CAUSE: Caught in, under or between (excl. dropped objects)",SECONARY LIFE-SAVING RULE:  Safe mechanical lifting,Safety performance indicators – 2025 data.pdf,63,LSR-CAND-000376,Safe Mechanical Lifting,UNKNOWN,"[""Safe Mechanical Lifting""]",IOGP_STAGE37A1,SOURCE_GROUNDED,SOURCE_EXTRACTED,RECONSTRUCTED,2026-09-03T06:11:42Z
RECON-LSR-0364,GRP-Safety performa-P64,"PROCESS (CONDITIONS): Organizational: Inadequate hazard identification or risk assessment PROCESS (CONDITIONS): Organizational: Inadequate communication DATE: 28 Oct 2025 FUNCTION: Production CAUSE: Falls from height ACTIVITY: Construction, commissioning, decommissioning Two project contractors were observed working outside the handrail on structural beams approximately 30 meters above sea level. They were without the required fall-prevention barriers or authorized permits. Both individuals",PRIMARY LIFE-SAVING RULE:  Working at height,Safety performance indicators – 2025 data.pdf,64,LSR-CAND-000377,Working at Height,UNKNOWN,"[""Working at Height""]",IOGP_STAGE37A1,SOURCE_GROUNDED,SOURCE_EXTRACTED,RECONSTRUCTED,2026-09-03T06:11:42Z
RECON-LSR-0365,GRP-Safety performa-P64,"PROCESS (CONDITIONS): Organizational: Inadequate hazard identification or risk assessment PROCESS (CONDITIONS): Organizational: Inadequate communication DATE: 28 Oct 2025 FUNCTION: Production CAUSE: Falls from height ACTIVITY: Construction, commissioning, decommissioning Two project contractors were observed working outside the handrail on structural beams approximately 30 meters above sea level. They were without the required fall-prevention barriers or authorized permits. Both individuals",SECONARY LIFE-SAVING RULE:  Line of fire,Safety performance indicators – 2025 data.pdf,64,LSR-CAND-000378,Line of Fire,UNKNOWN,"[""Line of Fire""]",IOGP_STAGE37A1,SOURCE_GROUNDED,SOURCE_EXTRACTED,RECONSTRUCTED,2026-09-03T06:11:42Z
RECON-LSR-0366,GRP-Safety performa-P65,"DATE: 25 Jul 2025 FUNCTION: Production CAUSE: Pressure release ACTIVITY: Maintenance, inspection, testing IP was working alone and attempted to disconnect a 2"" airline which was pressurized. An assumption was made that line was de-pressurized without being verified - line was still connected to an air compressor. Upon release, hose kicked back striking IPs hand and helmet. WHAT WENT WRONG:",PRIMARY LIFE-SAVING RULE:  Energy isolation,Safety performance indicators – 2025 data.pdf,65,LSR-CAND-000379,Energy Isolation,UNKNOWN,"[""Energy Isolation""]",IOGP_STAGE37A1,SOURCE_GROUNDED,SOURCE_EXTRACTED,RECONSTRUCTED,2026-09-03T06:11:43Z
RECON-LSR-0367,GRP-Safety performa-P65,"DATE: 25 Jul 2025 FUNCTION: Production CAUSE: Pressure release ACTIVITY: Maintenance, inspection, testing IP was working alone and attempted to disconnect a 2"" airline which was pressurized. An assumption was made that line was de-pressurized without being verified - line was still connected to an air compressor. Upon release, hose kicked back striking IPs hand and helmet. WHAT WENT WRONG:",SECONARY LIFE-SAVING RULE:  Line of fire,Safety performance indicators – 2025 data.pdf,65,LSR-CAND-000380,Line of Fire,UNKNOWN,"[""Line of Fire""]",IOGP_STAGE37A1,SOURCE_GROUNDED,SOURCE_EXTRACTED,RECONSTRUCTED,2026-09-03T06:11:43Z
RECON-LSR-0368,GRP-Safety performa-P66,"DATE: 20 May 2025 FUNCTION: Production CAUSE: Explosion, fire or burns ACTIVITY: Maintenance, inspection, testing On May 20, 2025, a worker was engaged in repositioning a spec blind from the closed to the open position on the flare line, in preparation to de-isolate the unit for commissioning activities. During this activity, the worker was exposed to a gas/energy release from the down steam side of the isolated gate valve at the open flange pair. Worker required rescue from heights and was provided onsite first aid; worker was transported to a local hospital for",PRIMARY LIFE-SAVING RULE:  Energy isolation,Safety performance indicators – 2025 data.pdf,66,LSR-CAND-000381,Energy Isolation,UNKNOWN,"[""Energy Isolation""]",IOGP_STAGE37A1,SOURCE_GROUNDED,SOURCE_EXTRACTED,RECONSTRUCTED,2026-09-03T06:11:43Z
RECON-LSR-0369,GRP-Safety performa-P66,"DATE: 20 May 2025 FUNCTION: Production CAUSE: Explosion, fire or burns ACTIVITY: Maintenance, inspection, testing On May 20, 2025, a worker was engaged in repositioning a spec blind from the closed to the open position on the flare line, in preparation to de-isolate the unit for commissioning activities. During this activity, the worker was exposed to a gas/energy release from the down steam side of the isolated gate valve at the open flange pair. Worker required rescue from heights and was provided onsite first aid; worker was transported to a local hospital for",SECONARY LIFE-SAVING RULE:  Line of fire,Safety performance indicators – 2025 data.pdf,66,LSR-CAND-000382,Line of Fire,UNKNOWN,"[""Line of Fire""]",IOGP_STAGE37A1,SOURCE_GROUNDED,SOURCE_EXTRACTED,RECONSTRUCTED,2026-09-03T06:11:43Z
RECON-LSR-0370,GRP-Safety performa-P67,"DATE: 28 Feb 2025 FUNCTION: Production CAUSE: Exposure noise, chemical, biological, vibration, extreme temperature ACTIVITY: Transport - Land During a fluid-hauling task, water transfer to a tank truck was completed and the hose was disconnected. A valve was found not fully closed, and hot fluid sprayed during subsequent valve manipulation. The job was stopped, emergency medical response was initiated, and the well/site was shut down to support response and control the WHAT WENT WRONG:",PRIMARY LIFE-SAVING RULE:  Line of fire,Safety performance indicators – 2025 data.pdf,67,LSR-CAND-000383,Line of Fire,UNKNOWN,"[""Line of Fire""]",IOGP_STAGE37A1,SOURCE_GROUNDED,SOURCE_EXTRACTED,RECONSTRUCTED,2026-09-03T06:11:44Z
RECON-LSR-0371,GRP-Safety performa-P67,"DATE: 28 Feb 2025 FUNCTION: Production CAUSE: Exposure noise, chemical, biological, vibration, extreme temperature ACTIVITY: Transport - Land During a fluid-hauling task, water transfer to a tank truck was completed and the hose was disconnected. A valve was found not fully closed, and hot fluid sprayed during subsequent valve manipulation. The job was stopped, emergency medical response was initiated, and the well/site was shut down to support response and control the WHAT WENT WRONG:",SECONARY LIFE-SAVING RULE:  Energy isolation,Safety performance indicators – 2025 data.pdf,67,LSR-CAND-000384,Energy Isolation,UNKNOWN,"[""Energy Isolation""]",IOGP_STAGE37A1,SOURCE_GROUNDED,SOURCE_EXTRACTED,RECONSTRUCTED,2026-09-03T06:11:44Z
RECON-LSR-0372,GRP-Safety performa-P68,"DATE: 15 Oct 2025 FUNCTION: Construction CAUSE: Dropped objects ACTIVITY: Construction, commissioning, decommissioning During offloading of a delivery of structural steel, a stacked load became unstable while the final securement strap was being removed. A beam fell from the trailer and struck a worker. Emergency response was initiated, the beam was removed from contact, and the worker was transported for medical assessment and treatment. WHAT WENT WRONG:",PRIMARY LIFE-SAVING RULE:  Line of fire,Safety performance indicators – 2025 data.pdf,68,LSR-CAND-000385,Line of Fire,UNKNOWN,"[""Line of Fire""]",IOGP_STAGE37A1,SOURCE_GROUNDED,SOURCE_EXTRACTED,RECONSTRUCTED,2026-09-03T06:11:44Z
RECON-LSR-0373,GRP-Safety performa-P68,"DATE: 15 Oct 2025 FUNCTION: Construction CAUSE: Dropped objects ACTIVITY: Construction, commissioning, decommissioning During offloading of a delivery of structural steel, a stacked load became unstable while the final securement strap was being removed. A beam fell from the trailer and struck a worker. Emergency response was initiated, the beam was removed from contact, and the worker was transported for medical assessment and treatment. WHAT WENT WRONG:",SECONARY LIFE-SAVING RULE:  Bypassing safety controls,Safety performance indicators – 2025 data.pdf,68,LSR-CAND-000386,Bypassing Safety Controls,UNKNOWN,"[""Bypassing Safety Controls""]",IOGP_STAGE37A1,SOURCE_GROUNDED,SOURCE_EXTRACTED,RECONSTRUCTED,2026-09-03T06:11:45Z
RECON-LSR-0374,GRP-Safety performa-P68,"DATE: 15 Oct 2025 FUNCTION: Construction CAUSE: Dropped objects ACTIVITY: Construction, commissioning, decommissioning During offloading of a delivery of structural steel, a stacked load became unstable while the final securement strap was being removed. A beam fell from the trailer and struck a worker. Emergency response was initiated, the beam was removed from contact, and the worker was transported for medical assessment and treatment. WHAT WENT WRONG:",PRIMARY LIFE-SAVING RULE:  Energy isolation,Safety performance indicators – 2025 data.pdf,68,LSR-CAND-000387,Energy Isolation,UNKNOWN,"[""Energy Isolation""]",IOGP_STAGE37A1,SOURCE_GROUNDED,SOURCE_EXTRACTED,RECONSTRUCTED,2026-09-03T06:11:45Z
RECON-LSR-0375,GRP-Safety performa-P68,"DATE: 15 Oct 2025 FUNCTION: Construction CAUSE: Dropped objects ACTIVITY: Construction, commissioning, decommissioning During offloading of a delivery of structural steel, a stacked load became unstable while the final securement strap was being removed. A beam fell from the trailer and struck a worker. Emergency response was initiated, the beam was removed from contact, and the worker was transported for medical assessment and treatment. WHAT WENT WRONG:",SECONARY LIFE-SAVING RULE:  Line of fire,Safety performance indicators – 2025 data.pdf,68,LSR-CAND-000388,Line of Fire,UNKNOWN,"[""Line of Fire""]",IOGP_STAGE37A1,SOURCE_GROUNDED,SOURCE_EXTRACTED,RECONSTRUCTED,2026-09-03T06:11:45Z
RECON-LSR-0376,GRP-Safety performa-P69,WHAT WENT WRONG: Axis pump hand opened a valve and allowed wellbore pressure to energize the hose resulting in it whipping and striking the IP. CORRECTIVE ACTIONS AND RECOMMENDATIONS: Improper sequence of steps (valve alignment) which resulted in an unintended release of pressure to the kelly hose striking the Floorhand. PEOPLE (ACTS): Following Procedures: Deviation unintentional (by individual or group) PEOPLE (ACTS): Following Procedures: Improper position (in the line of fire),PRIMARY LIFE-SAVING RULE:  Energy isolation,Safety performance indicators – 2025 data.pdf,69,LSR-CAND-000389,Energy Isolation,UNKNOWN,"[""Energy Isolation""]",IOGP_STAGE37A1,SOURCE_GROUNDED,SOURCE_EXTRACTED,RECONSTRUCTED,2026-09-03T06:11:46Z
RECON-LSR-0377,GRP-Safety performa-P69,WHAT WENT WRONG: Axis pump hand opened a valve and allowed wellbore pressure to energize the hose resulting in it whipping and striking the IP. CORRECTIVE ACTIONS AND RECOMMENDATIONS: Improper sequence of steps (valve alignment) which resulted in an unintended release of pressure to the kelly hose striking the Floorhand. PEOPLE (ACTS): Following Procedures: Deviation unintentional (by individual or group) PEOPLE (ACTS): Following Procedures: Improper position (in the line of fire),SECONARY LIFE-SAVING RULE:  Line of fire,Safety performance indicators – 2025 data.pdf,69,LSR-CAND-000390,Line of Fire,UNKNOWN,"[""Line of Fire""]",IOGP_STAGE37A1,SOURCE_GROUNDED,SOURCE_EXTRACTED,RECONSTRUCTED,2026-09-03T06:11:46Z
RECON-LSR-0378,GRP-Safety performa-P70,"PEOPLE (ACTS): Following Procedures: Improper position (in the line of fire) PEOPLE (ACTS): Use of Tools, Equipment, Materials and Products: Servicing of energized equipment/inadequate energy isolation PROCESS (CONDITIONS): Protective Systems: Inadequate/defective guards or protective barriers DATE: 08 Apr 2025 FUNCTION: Production CAUSE: Dropped objects ACTIVITY: Lifting, crane, rigging, deck operations",PRIMARY LIFE-SAVING RULE:  Safe mechanical lifting,Safety performance indicators – 2025 data.pdf,70,LSR-CAND-000391,Safe Mechanical Lifting,UNKNOWN,"[""Safe Mechanical Lifting""]",IOGP_STAGE37A1,SOURCE_GROUNDED,SOURCE_EXTRACTED,RECONSTRUCTED,2026-09-03T06:11:46Z
RECON-LSR-0379,GRP-Safety performa-P70,"PEOPLE (ACTS): Following Procedures: Improper position (in the line of fire) PEOPLE (ACTS): Use of Tools, Equipment, Materials and Products: Servicing of energized equipment/inadequate energy isolation PROCESS (CONDITIONS): Protective Systems: Inadequate/defective guards or protective barriers DATE: 08 Apr 2025 FUNCTION: Production CAUSE: Dropped objects ACTIVITY: Lifting, crane, rigging, deck operations",SECONARY LIFE-SAVING RULE:  Line of fire,Safety performance indicators – 2025 data.pdf,70,LSR-CAND-000392,Line of Fire,UNKNOWN,"[""Line of Fire""]",IOGP_STAGE37A1,SOURCE_GROUNDED,SOURCE_EXTRACTED,RECONSTRUCTED,2026-09-03T06:11:47Z
RECON-LSR-0380,GRP-Safety performa-P70,"PEOPLE (ACTS): Following Procedures: Improper position (in the line of fire) PEOPLE (ACTS): Use of Tools, Equipment, Materials and Products: Servicing of energized equipment/inadequate energy isolation PROCESS (CONDITIONS): Protective Systems: Inadequate/defective guards or protective barriers DATE: 08 Apr 2025 FUNCTION: Production CAUSE: Dropped objects ACTIVITY: Lifting, crane, rigging, deck operations",PRIMARY LIFE-SAVING RULE:  Work authorization,Safety performance indicators – 2025 data.pdf,70,LSR-CAND-000393,Work Authorization,UNKNOWN,"[""Work Authorization""]",IOGP_STAGE37A1,SOURCE_GROUNDED,SOURCE_EXTRACTED,RECONSTRUCTED,2026-09-03T06:11:47Z
RECON-LSR-0381,GRP-Safety performa-P70,"PEOPLE (ACTS): Following Procedures: Improper position (in the line of fire) PEOPLE (ACTS): Use of Tools, Equipment, Materials and Products: Servicing of energized equipment/inadequate energy isolation PROCESS (CONDITIONS): Protective Systems: Inadequate/defective guards or protective barriers DATE: 08 Apr 2025 FUNCTION: Production CAUSE: Dropped objects ACTIVITY: Lifting, crane, rigging, deck operations",SECONARY LIFE-SAVING RULE:  Confined space,Safety performance indicators – 2025 data.pdf,70,LSR-CAND-000394,Confined Space,UNKNOWN,"[""Confined Space""]",IOGP_STAGE37A1,SOURCE_GROUNDED,SOURCE_EXTRACTED,RECONSTRUCTED,2026-09-03T06:11:47Z
RECON-LSR-0382,GRP-Safety performa-P71,WHAT WENT WRONG: Work performed under confined space entry and hot work permits occurred more than 2 hours after permits were initially issued and was not revalidated prior to beginning work. CORRECTIVE ACTIONS AND RECOMMENDATIONS: All permits must be revalidated if work is not started within a maximum of 2 hours of issue or if there is a break in the work of 2 hours or more. Makes necessary tests for flammable and/or other hazardous conditions immediately prior to the start of hot work or when work is suspended for more than 2 hours. PEOPLE (ACTS): Following Procedures: Deviation unintentional (by individual or group),PRIMARY LIFE-SAVING RULE:  Work authorization,Safety performance indicators – 2025 data.pdf,71,LSR-CAND-000395,Work Authorization,UNKNOWN,"[""Work Authorization""]",IOGP_STAGE37A1,SOURCE_GROUNDED,SOURCE_EXTRACTED,RECONSTRUCTED,2026-09-03T06:11:47Z
RECON-LSR-0383,GRP-Safety performa-P71,WHAT WENT WRONG: Work performed under confined space entry and hot work permits occurred more than 2 hours after permits were initially issued and was not revalidated prior to beginning work. CORRECTIVE ACTIONS AND RECOMMENDATIONS: All permits must be revalidated if work is not started within a maximum of 2 hours of issue or if there is a break in the work of 2 hours or more. Makes necessary tests for flammable and/or other hazardous conditions immediately prior to the start of hot work or when work is suspended for more than 2 hours. PEOPLE (ACTS): Following Procedures: Deviation unintentional (by individual or group),SECONARY LIFE-SAVING RULE:  Line of fire,Safety performance indicators – 2025 data.pdf,71,LSR-CAND-000396,Line of Fire,UNKNOWN,"[""Line of Fire""]",IOGP_STAGE37A1,SOURCE_GROUNDED,SOURCE_EXTRACTED,RECONSTRUCTED,2026-09-03T06:11:47Z
RECON-LSR-0384,GRP-Safety performa-P72,"DATE: 13 Aug 2025 FUNCTION: Unspecified CAUSE: Struck by (not dropped object) ACTIVITY: Drilling, workover, well operations While changing out tong heads during an ESP install, the IP’s right arm came into contact with the actuating lever, activating the tongs. IP’s left forearm was struck by the rotation of the tongs. WHAT WENT WRONG: PTO was not disengaged before starting to change tubing head.",PRIMARY LIFE-SAVING RULE:  Energy isolation,Safety performance indicators – 2025 data.pdf,72,LSR-CAND-000397,Energy Isolation,UNKNOWN,"[""Energy Isolation""]",IOGP_STAGE37A1,SOURCE_GROUNDED,SOURCE_EXTRACTED,RECONSTRUCTED,2026-09-03T06:11:48Z
RECON-LSR-0385,GRP-Safety performa-P72,"DATE: 13 Aug 2025 FUNCTION: Unspecified CAUSE: Struck by (not dropped object) ACTIVITY: Drilling, workover, well operations While changing out tong heads during an ESP install, the IP’s right arm came into contact with the actuating lever, activating the tongs. IP’s left forearm was struck by the rotation of the tongs. WHAT WENT WRONG: PTO was not disengaged before starting to change tubing head.",SECONARY LIFE-SAVING RULE:  Line of fire,Safety performance indicators – 2025 data.pdf,72,LSR-CAND-000398,Line of Fire,UNKNOWN,"[""Line of Fire""]",IOGP_STAGE37A1,SOURCE_GROUNDED,SOURCE_EXTRACTED,RECONSTRUCTED,2026-09-03T06:11:48Z
RECON-LSR-0386,GRP-Safety performa-P73,"DATE: 14 Oct 2025 FUNCTION: Drilling CAUSE: Falls from height ACTIVITY: Lifting, crane, rigging, deck operations A worker fell approximately 16 feet from an aerial work platform onto a Christmas tree cart. The incident occurred while the worker was using a rope tied to the basket to pull an umbilical and create slack for a storm loop. The rope failed under tension, releasing stored energy that transferred to the basket. This sudden release caused the basket to jolt, ejecting the worker.",PRIMARY LIFE-SAVING RULE:  Working at height,Safety performance indicators – 2025 data.pdf,73,LSR-CAND-000399,Working at Height,UNKNOWN,"[""Working at Height""]",IOGP_STAGE37A1,SOURCE_GROUNDED,SOURCE_EXTRACTED,RECONSTRUCTED,2026-09-03T06:11:48Z
RECON-LSR-0387,GRP-Safety performa-P73,"DATE: 14 Oct 2025 FUNCTION: Drilling CAUSE: Falls from height ACTIVITY: Lifting, crane, rigging, deck operations A worker fell approximately 16 feet from an aerial work platform onto a Christmas tree cart. The incident occurred while the worker was using a rope tied to the basket to pull an umbilical and create slack for a storm loop. The rope failed under tension, releasing stored energy that transferred to the basket. This sudden release caused the basket to jolt, ejecting the worker.",SECONARY LIFE-SAVING RULE:  Line of fire,Safety performance indicators – 2025 data.pdf,73,LSR-CAND-000400,Line of Fire,UNKNOWN,"[""Line of Fire""]",IOGP_STAGE37A1,SOURCE_GROUNDED,SOURCE_EXTRACTED,RECONSTRUCTED,2026-09-03T06:11:48Z
RECON-LSR-0388,GRP-Safety performa-P74,"DATE: 05 Aug 2025 FUNCTION: Production CAUSE: Exposure electrical ACTIVITY: Maintenance, inspection, testing While adjusting the ultra-high-pressure water blasting equipment in close proximity to normally energized cable trays, in three separate instances, two workers reported experiencing electrical shock sensations upon contacting the cable trays. WHAT WENT WRONG:",PRIMARY LIFE-SAVING RULE:  Energy isolation,Safety performance indicators – 2025 data.pdf,74,LSR-CAND-000401,Energy Isolation,UNKNOWN,"[""Energy Isolation""]",IOGP_STAGE37A1,SOURCE_GROUNDED,SOURCE_EXTRACTED,RECONSTRUCTED,2026-09-03T06:11:48Z
RECON-LSR-0389,GRP-Safety performa-P74,"DATE: 05 Aug 2025 FUNCTION: Production CAUSE: Exposure electrical ACTIVITY: Maintenance, inspection, testing While adjusting the ultra-high-pressure water blasting equipment in close proximity to normally energized cable trays, in three separate instances, two workers reported experiencing electrical shock sensations upon contacting the cable trays. WHAT WENT WRONG:",SECONARY LIFE-SAVING RULE:  Line of fire,Safety performance indicators – 2025 data.pdf,74,LSR-CAND-000402,Line of Fire,UNKNOWN,"[""Line of Fire""]",IOGP_STAGE37A1,SOURCE_GROUNDED,SOURCE_EXTRACTED,RECONSTRUCTED,2026-09-03T06:11:48Z
RECON-LSR-0390,GRP-Safety performa-P75,"DATE: 21 Apr 2025 COUNTRY: Azerbaijan FUNCTION: Drilling CAUSE: Caught in, under or between (excl. dropped objects) ACTIVITY: Office, warehouse, accommodation, catering Following heavy rainfall, landslide occurred in the area behind the ten wagon-type cabins (accommodation, canteen, washing, changing, and rest facilities) located at the oil well site. A ground instability and multiple surface cracks were identified in the surrounding area.",PRIMARY LIFE-SAVING RULE:  Line of fire,Safety performance indicators – 2025 data.pdf,75,LSR-CAND-000403,Line of Fire,UNKNOWN,"[""Line of Fire""]",IOGP_STAGE37A1,SOURCE_GROUNDED,SOURCE_EXTRACTED,RECONSTRUCTED,2026-09-03T06:11:49Z
RECON-LSR-0391,GRP-Safety performa-P75,"DATE: 21 Apr 2025 COUNTRY: Azerbaijan FUNCTION: Drilling CAUSE: Caught in, under or between (excl. dropped objects) ACTIVITY: Office, warehouse, accommodation, catering Following heavy rainfall, landslide occurred in the area behind the ten wagon-type cabins (accommodation, canteen, washing, changing, and rest facilities) located at the oil well site. A ground instability and multiple surface cracks were identified in the surrounding area.",SECONARY LIFE-SAVING RULE:  Bypassing safety controls,Safety performance indicators – 2025 data.pdf,75,LSR-CAND-000404,Bypassing Safety Controls,UNKNOWN,"[""Bypassing Safety Controls""]",IOGP_STAGE37A1,SOURCE_GROUNDED,SOURCE_EXTRACTED,RECONSTRUCTED,2026-09-03T06:11:49Z
RECON-LSR-0392,GRP-Safety performa-P76,"DATE: 13 Jul 2025 COUNTRY: Kazakhstan FUNCTION: Production CAUSE: Exposure noise, chemical, biological, vibration, extreme temperature ACTIVITY: Maintenance, inspection, testing Contractor personnel were performing a scheduled calibration of a flow meter in accordance with the preventive maintenance plan. During the calibration process, the technician initiated pressure stabilization by draining fluid through the",PRIMARY LIFE-SAVING RULE:  Energy isolation,Safety performance indicators – 2025 data.pdf,76,LSR-CAND-000405,Energy Isolation,UNKNOWN,"[""Energy Isolation""]",IOGP_STAGE37A1,SOURCE_GROUNDED,SOURCE_EXTRACTED,RECONSTRUCTED,2026-09-03T06:11:49Z
RECON-LSR-0393,GRP-Safety performa-P76,"DATE: 13 Jul 2025 COUNTRY: Kazakhstan FUNCTION: Production CAUSE: Exposure noise, chemical, biological, vibration, extreme temperature ACTIVITY: Maintenance, inspection, testing Contractor personnel were performing a scheduled calibration of a flow meter in accordance with the preventive maintenance plan. During the calibration process, the technician initiated pressure stabilization by draining fluid through the",SECONARY LIFE-SAVING RULE:  Line of fire,Safety performance indicators – 2025 data.pdf,76,LSR-CAND-000406,Line of Fire,UNKNOWN,"[""Line of Fire""]",IOGP_STAGE37A1,SOURCE_GROUNDED,SOURCE_EXTRACTED,RECONSTRUCTED,2026-09-03T06:11:49Z
RECON-LSR-0394,GRP-Safety performa-P77,"DATE: 01 Aug 2025 COUNTRY: Azerbaijan FUNCTION: Drilling CAUSE: Dropped objects ACTIVITY: Lifting, crane, rigging, deck operations A dropped object incident occurred while lowering an overdrive with the casing joint held stationary in the elevator. The mud saver (component of overdrive) contacted top of the liner joint in the rotary, causing failure at the connection to the mandrel. The mud saver (~40 kg) fell ~14 meters to the rig floor.",PRIMARY LIFE-SAVING RULE:  Safe mechanical lifting,Safety performance indicators – 2025 data.pdf,77,LSR-CAND-000407,Safe Mechanical Lifting,UNKNOWN,"[""Safe Mechanical Lifting""]",IOGP_STAGE37A1,SOURCE_GROUNDED,SOURCE_EXTRACTED,RECONSTRUCTED,2026-09-03T06:11:49Z
RECON-LSR-0395,GRP-Safety performa-P77,"DATE: 01 Aug 2025 COUNTRY: Azerbaijan FUNCTION: Drilling CAUSE: Dropped objects ACTIVITY: Lifting, crane, rigging, deck operations A dropped object incident occurred while lowering an overdrive with the casing joint held stationary in the elevator. The mud saver (component of overdrive) contacted top of the liner joint in the rotary, causing failure at the connection to the mandrel. The mud saver (~40 kg) fell ~14 meters to the rig floor.",SECONARY LIFE-SAVING RULE:  Line of fire,Safety performance indicators – 2025 data.pdf,77,LSR-CAND-000408,Line of Fire,UNKNOWN,"[""Line of Fire""]",IOGP_STAGE37A1,SOURCE_GROUNDED,SOURCE_EXTRACTED,RECONSTRUCTED,2026-09-03T06:11:49Z
RECON-LSR-0396,GRP-Safety performa-P78,"DATE: 31 Jan 2025 COUNTRY: Azerbaijan FUNCTION: Production CAUSE: Water related, drowning ACTIVITY: Diving (incl. decompression), subsea, ROV During the installation of a subsea telescopic clamp on the well shaft beneath the offshore platform, the Diving Service team encountered a safety-critical situation when a support vessel unexpectedly approached the platform, despite all established safety measures being in place. The vessel’s captain was promptly contacted and informed",PRIMARY LIFE-SAVING RULE:  Bypassing safety controls,Safety performance indicators – 2025 data.pdf,78,LSR-CAND-000409,Bypassing Safety Controls,UNKNOWN,"[""Bypassing Safety Controls""]",IOGP_STAGE37A1,SOURCE_GROUNDED,SOURCE_EXTRACTED,RECONSTRUCTED,2026-09-03T06:11:49Z
RECON-LSR-0397,GRP-Safety performa-P78,"DATE: 31 Jan 2025 COUNTRY: Azerbaijan FUNCTION: Production CAUSE: Water related, drowning ACTIVITY: Diving (incl. decompression), subsea, ROV During the installation of a subsea telescopic clamp on the well shaft beneath the offshore platform, the Diving Service team encountered a safety-critical situation when a support vessel unexpectedly approached the platform, despite all established safety measures being in place. The vessel’s captain was promptly contacted and informed",SECONARY LIFE-SAVING RULE:  Work authorization,Safety performance indicators – 2025 data.pdf,78,LSR-CAND-000410,Work Authorization,UNKNOWN,"[""Work Authorization""]",IOGP_STAGE37A1,SOURCE_GROUNDED,SOURCE_EXTRACTED,RECONSTRUCTED,2026-09-03T06:11:50Z
RECON-LSR-0398,GRP-Safety performa-P79,"DATE: 14 Mar 2025 COUNTRY: Azerbaijan FUNCTION: Production CAUSE: Water related, drowning ACTIVITY: Diving (incl. decompression), subsea, ROV During the inspection of the 8-inch subsea oil and gas pipeline located between offshore platforms, diving operations were in progress and a scheduled descent from the diving vessel had commenced. Approximately 15 minutes after the diver entered the water, the vessel’s mechanic reported hull damage resulting in",PRIMARY LIFE-SAVING RULE:  Work authorization,Safety performance indicators – 2025 data.pdf,79,LSR-CAND-000411,Work Authorization,UNKNOWN,"[""Work Authorization""]",IOGP_STAGE37A1,SOURCE_GROUNDED,SOURCE_EXTRACTED,RECONSTRUCTED,2026-09-03T06:11:50Z
RECON-LSR-0399,GRP-Safety performa-P79,"DATE: 14 Mar 2025 COUNTRY: Azerbaijan FUNCTION: Production CAUSE: Water related, drowning ACTIVITY: Diving (incl. decompression), subsea, ROV During the inspection of the 8-inch subsea oil and gas pipeline located between offshore platforms, diving operations were in progress and a scheduled descent from the diving vessel had commenced. Approximately 15 minutes after the diver entered the water, the vessel’s mechanic reported hull damage resulting in",SECONARY LIFE-SAVING RULE:  Bypassing safety controls,Safety performance indicators – 2025 data.pdf,79,LSR-CAND-000412,Bypassing Safety Controls,UNKNOWN,"[""Bypassing Safety Controls""]",IOGP_STAGE37A1,SOURCE_GROUNDED,SOURCE_EXTRACTED,RECONSTRUCTED,2026-09-03T06:11:50Z
RECON-LSR-0400,GRP-Safety performa-P80,"DATE: 20 Sep 2025 COUNTRY: Argentina FUNCTION: Production CAUSE: Pressure release ACTIVITY: Maintenance, inspection, testing While performing orifice change on a choke valve, the choke bean was ejected toward the operator´s position. WHAT WENT WRONG: 1. The required safety procedures and standards for the task were not applied.",PRIMARY LIFE-SAVING RULE:  Energy isolation,Safety performance indicators – 2025 data.pdf,80,LSR-CAND-000413,Energy Isolation,UNKNOWN,"[""Energy Isolation""]",IOGP_STAGE37A1,SOURCE_GROUNDED,SOURCE_EXTRACTED,RECONSTRUCTED,2026-09-03T06:11:50Z
RECON-LSR-0401,GRP-Safety performa-P80,"DATE: 20 Sep 2025 COUNTRY: Argentina FUNCTION: Production CAUSE: Pressure release ACTIVITY: Maintenance, inspection, testing While performing orifice change on a choke valve, the choke bean was ejected toward the operator´s position. WHAT WENT WRONG: 1. The required safety procedures and standards for the task were not applied.",SECONARY LIFE-SAVING RULE:  Line of fire,Safety performance indicators – 2025 data.pdf,80,LSR-CAND-000414,Line of Fire,UNKNOWN,"[""Line of Fire""]",IOGP_STAGE37A1,SOURCE_GROUNDED,SOURCE_EXTRACTED,RECONSTRUCTED,2026-09-03T06:11:50Z
RECON-LSR-0402,GRP-Safety performa-P81,"DATE: 27 Apr 2025 COUNTRY: Argentina FUNCTION: Construction CAUSE: Dropped objects ACTIVITY: Lifting, crane, rigging, deck operations Contractor personnel were working on the installation of a 12-inch spool at ground level, while it was being held in a lifting operation. For causes yet to be determined, an actuated valve (SDV) located near the installation area - resting vertically on the ground and not involved in the lifting operation - lost its vertical stability and fell, resulting",PRIMARY LIFE-SAVING RULE:  Safe mechanical lifting,Safety performance indicators – 2025 data.pdf,81,LSR-CAND-000415,Safe Mechanical Lifting,UNKNOWN,"[""Safe Mechanical Lifting""]",IOGP_STAGE37A1,SOURCE_GROUNDED,SOURCE_EXTRACTED,RECONSTRUCTED,2026-09-03T06:11:51Z
RECON-LSR-0403,GRP-Safety performa-P81,"DATE: 27 Apr 2025 COUNTRY: Argentina FUNCTION: Construction CAUSE: Dropped objects ACTIVITY: Lifting, crane, rigging, deck operations Contractor personnel were working on the installation of a 12-inch spool at ground level, while it was being held in a lifting operation. For causes yet to be determined, an actuated valve (SDV) located near the installation area - resting vertically on the ground and not involved in the lifting operation - lost its vertical stability and fell, resulting",SECONARY LIFE-SAVING RULE:  Line of fire,Safety performance indicators – 2025 data.pdf,81,LSR-CAND-000416,Line of Fire,UNKNOWN,"[""Line of Fire""]",IOGP_STAGE37A1,SOURCE_GROUNDED,SOURCE_EXTRACTED,RECONSTRUCTED,2026-09-03T06:11:51Z
RECON-LSR-0404,GRP-Safety performa-P82,"DATE: 23 May 2025 COUNTRY: Argentina FUNCTION: Construction CAUSE: Struck by (not dropped object) ACTIVITY: Transport - Land Crew shuttle collision during a braking manoeuvre, the shuttle initially collided with the vehicle in front, then crossed into the oncoming lane and was struck on the right side by a semi-trailer truck traveling in the opposite WHAT WENT WRONG:",PRIMARY LIFE-SAVING RULE:  Driving,Safety performance indicators – 2025 data.pdf,82,LSR-CAND-000417,Driving,UNKNOWN,"[""Driving""]",IOGP_STAGE37A1,SOURCE_GROUNDED,SOURCE_EXTRACTED,RECONSTRUCTED,2026-09-03T06:11:51Z
RECON-LSR-0405,GRP-Safety performa-P82,"DATE: 23 May 2025 COUNTRY: Argentina FUNCTION: Construction CAUSE: Struck by (not dropped object) ACTIVITY: Transport - Land Crew shuttle collision during a braking manoeuvre, the shuttle initially collided with the vehicle in front, then crossed into the oncoming lane and was struck on the right side by a semi-trailer truck traveling in the opposite WHAT WENT WRONG:",SECONARY LIFE-SAVING RULE:  Line of fire,Safety performance indicators – 2025 data.pdf,82,LSR-CAND-000418,Line of Fire,UNKNOWN,"[""Line of Fire""]",IOGP_STAGE37A1,SOURCE_GROUNDED,SOURCE_EXTRACTED,RECONSTRUCTED,2026-09-03T06:11:51Z
RECON-LSR-0406,GRP-Safety performa-P82,"DATE: 23 May 2025 COUNTRY: Argentina FUNCTION: Construction CAUSE: Struck by (not dropped object) ACTIVITY: Transport - Land Crew shuttle collision during a braking manoeuvre, the shuttle initially collided with the vehicle in front, then crossed into the oncoming lane and was struck on the right side by a semi-trailer truck traveling in the opposite WHAT WENT WRONG:",PRIMARY LIFE-SAVING RULE:  Driving,Safety performance indicators – 2025 data.pdf,82,LSR-CAND-000419,Driving,UNKNOWN,"[""Driving""]",IOGP_STAGE37A1,SOURCE_GROUNDED,SOURCE_EXTRACTED,RECONSTRUCTED,2026-09-03T06:11:51Z
RECON-LSR-0407,GRP-Safety performa-P82,"DATE: 23 May 2025 COUNTRY: Argentina FUNCTION: Construction CAUSE: Struck by (not dropped object) ACTIVITY: Transport - Land Crew shuttle collision during a braking manoeuvre, the shuttle initially collided with the vehicle in front, then crossed into the oncoming lane and was struck on the right side by a semi-trailer truck traveling in the opposite WHAT WENT WRONG:",SECONARY LIFE-SAVING RULE:  Line of fire,Safety performance indicators – 2025 data.pdf,82,LSR-CAND-000420,Line of Fire,UNKNOWN,"[""Line of Fire""]",IOGP_STAGE37A1,SOURCE_GROUNDED,SOURCE_EXTRACTED,RECONSTRUCTED,2026-09-03T06:11:51Z
RECON-LSR-0408,GRP-Safety performa-P83,"WHAT WENT WRONG: Detaching of a truck tyre. CORRECTIVE ACTIONS AND RECOMMENDATIONS: Review the maintenance plan to ensure actions that guarantee the compliance of all wheel hub components. PEOPLE (ACTS): Following Procedures: Improper position (in the line of fire) PEOPLE (ACTS): Use of Protective Methods: Equipment or materials not secured PROCESS (CONDITIONS): Tools, Equipment, Materials and Products: Inadequate/defective tools/equipment/ materials/products",PRIMARY LIFE-SAVING RULE:  Line of fire,Safety performance indicators – 2025 data.pdf,83,LSR-CAND-000421,Line of Fire,UNKNOWN,"[""Line of Fire""]",IOGP_STAGE37A1,SOURCE_GROUNDED,SOURCE_EXTRACTED,RECONSTRUCTED,2026-09-03T06:11:51Z
RECON-LSR-0409,GRP-Safety performa-P83,"WHAT WENT WRONG: Detaching of a truck tyre. CORRECTIVE ACTIONS AND RECOMMENDATIONS: Review the maintenance plan to ensure actions that guarantee the compliance of all wheel hub components. PEOPLE (ACTS): Following Procedures: Improper position (in the line of fire) PEOPLE (ACTS): Use of Protective Methods: Equipment or materials not secured PROCESS (CONDITIONS): Tools, Equipment, Materials and Products: Inadequate/defective tools/equipment/ materials/products",SECONARY LIFE-SAVING RULE:  Working at height,Safety performance indicators – 2025 data.pdf,83,LSR-CAND-000422,Working at Height,UNKNOWN,"[""Working at Height""]",IOGP_STAGE37A1,SOURCE_GROUNDED,SOURCE_EXTRACTED,RECONSTRUCTED,2026-09-03T06:11:52Z
RECON-LSR-0410,GRP-Safety performa-P84,"DATE: 21 Mar 2025 COUNTRY: Ecuador FUNCTION: Production CAUSE: Falls from height ACTIVITY: Lifting, crane, rigging, deck operations During maintenance work at a Generation Unit, the mechanical technician suffered a fall from height, falling to a lower level from the engine access platform. WHAT WENT WRONG:",PRIMARY LIFE-SAVING RULE:  Safe mechanical lifting,Safety performance indicators – 2025 data.pdf,84,LSR-CAND-000423,Safe Mechanical Lifting,UNKNOWN,"[""Safe Mechanical Lifting""]",IOGP_STAGE37A1,SOURCE_GROUNDED,SOURCE_EXTRACTED,RECONSTRUCTED,2026-09-03T06:11:52Z
RECON-LSR-0411,GRP-Safety performa-P84,"DATE: 21 Mar 2025 COUNTRY: Ecuador FUNCTION: Production CAUSE: Falls from height ACTIVITY: Lifting, crane, rigging, deck operations During maintenance work at a Generation Unit, the mechanical technician suffered a fall from height, falling to a lower level from the engine access platform. WHAT WENT WRONG:",SECONARY LIFE-SAVING RULE:  Working at height,Safety performance indicators – 2025 data.pdf,84,LSR-CAND-000424,Working at Height,UNKNOWN,"[""Working at Height""]",IOGP_STAGE37A1,SOURCE_GROUNDED,SOURCE_EXTRACTED,RECONSTRUCTED,2026-09-03T06:11:52Z
RECON-LSR-0412,GRP-Safety performa-P85,"DATE: 31 Oct 2025 FUNCTION: Construction CAUSE: Explosion, fire or burns ACTIVITY: Construction, commissioning, decommissioning During the heating of an 18-inch pipe to remove the coating, the worker placed the torch at the entrance of the 18- inch pipe. When attempting to light the torch with a manual spark igniter, a flammable atmosphere was created, causing a flash fire that resulted in first and second-degree burns to the worker's face after being hit sideways by a flash fire in the manufacturing workshop area.",PRIMARY LIFE-SAVING RULE:  Line of fire,Safety performance indicators – 2025 data.pdf,85,LSR-CAND-000425,Line of Fire,UNKNOWN,"[""Line of Fire""]",IOGP_STAGE37A1,SOURCE_GROUNDED,SOURCE_EXTRACTED,RECONSTRUCTED,2026-09-03T06:11:52Z
RECON-LSR-0413,GRP-Safety performa-P85,"DATE: 31 Oct 2025 FUNCTION: Construction CAUSE: Explosion, fire or burns ACTIVITY: Construction, commissioning, decommissioning During the heating of an 18-inch pipe to remove the coating, the worker placed the torch at the entrance of the 18- inch pipe. When attempting to light the torch with a manual spark igniter, a flammable atmosphere was created, causing a flash fire that resulted in first and second-degree burns to the worker's face after being hit sideways by a flash fire in the manufacturing workshop area.",SECONARY LIFE-SAVING RULE:  Hot work,Safety performance indicators – 2025 data.pdf,85,LSR-CAND-000426,Hot Work,UNKNOWN,"[""Hot Work""]",IOGP_STAGE37A1,SOURCE_GROUNDED,SOURCE_EXTRACTED,RECONSTRUCTED,2026-09-03T06:11:52Z
RECON-LSR-0414,GRP-Safety performa-P86,"DATE: 04 Feb 2025 FUNCTION: Drilling CAUSE: Dropped objects ACTIVITY: Drilling, workover, well operations During production tubing running operations on the drilling rig, four metallic components fell from height while using the catline system. • Objects dropped from approximately 40 m height • 2 × 1.8 kg (≈ 706 J each)",PRIMARY LIFE-SAVING RULE:  Line of fire,Safety performance indicators – 2025 data.pdf,86,LSR-CAND-000427,Line of Fire,UNKNOWN,"[""Line of Fire""]",IOGP_STAGE37A1,SOURCE_GROUNDED,SOURCE_EXTRACTED,RECONSTRUCTED,2026-09-03T06:11:52Z
RECON-LSR-0415,GRP-Safety performa-P86,"DATE: 04 Feb 2025 FUNCTION: Drilling CAUSE: Dropped objects ACTIVITY: Drilling, workover, well operations During production tubing running operations on the drilling rig, four metallic components fell from height while using the catline system. • Objects dropped from approximately 40 m height • 2 × 1.8 kg (≈ 706 J each)",SECONARY LIFE-SAVING RULE:  Work authorization,Safety performance indicators – 2025 data.pdf,86,LSR-CAND-000428,Work Authorization,UNKNOWN,"[""Work Authorization""]",IOGP_STAGE37A1,SOURCE_GROUNDED,SOURCE_EXTRACTED,RECONSTRUCTED,2026-09-03T06:11:53Z
RECON-LSR-0416,GRP-Safety performa-P87,"DATE: 18 Jan 2025 FUNCTION: Drilling CAUSE: Dropped objects ACTIVITY: Lifting, crane, rigging, deck operations During load handling with the crane (Knuckle Boom Crane #1), after positioning a container on the deck and removing the sling from the crane hook, while moving the boom to connect the sling to another nearby load, the tip of Knuckle Boom Crane #1 collided with the joint of the other crane (Pipe Handling Crane) located in the center of the pipe deck, causing a load cell from KBC #1 to fall onto the top of a container on the pipe deck.",PRIMARY LIFE-SAVING RULE:  Line of fire,Safety performance indicators – 2025 data.pdf,87,LSR-CAND-000429,Line of Fire,UNKNOWN,"[""Line of Fire""]",IOGP_STAGE37A1,SOURCE_GROUNDED,SOURCE_EXTRACTED,RECONSTRUCTED,2026-09-03T06:11:53Z
RECON-LSR-0417,GRP-Safety performa-P87,"DATE: 18 Jan 2025 FUNCTION: Drilling CAUSE: Dropped objects ACTIVITY: Lifting, crane, rigging, deck operations During load handling with the crane (Knuckle Boom Crane #1), after positioning a container on the deck and removing the sling from the crane hook, while moving the boom to connect the sling to another nearby load, the tip of Knuckle Boom Crane #1 collided with the joint of the other crane (Pipe Handling Crane) located in the center of the pipe deck, causing a load cell from KBC #1 to fall onto the top of a container on the pipe deck.",SECONARY LIFE-SAVING RULE:  Safe mechanical lifting,Safety performance indicators – 2025 data.pdf,87,LSR-CAND-000430,Safe Mechanical Lifting,UNKNOWN,"[""Safe Mechanical Lifting""]",IOGP_STAGE37A1,SOURCE_GROUNDED,SOURCE_EXTRACTED,RECONSTRUCTED,2026-09-03T06:11:53Z
RECON-LSR-0418,GRP-Safety performa-P87,"DATE: 18 Jan 2025 FUNCTION: Drilling CAUSE: Dropped objects ACTIVITY: Lifting, crane, rigging, deck operations During load handling with the crane (Knuckle Boom Crane #1), after positioning a container on the deck and removing the sling from the crane hook, while moving the boom to connect the sling to another nearby load, the tip of Knuckle Boom Crane #1 collided with the joint of the other crane (Pipe Handling Crane) located in the center of the pipe deck, causing a load cell from KBC #1 to fall onto the top of a container on the pipe deck.",PRIMARY LIFE-SAVING RULE:  Line of fire,Safety performance indicators – 2025 data.pdf,87,LSR-CAND-000431,Line of Fire,UNKNOWN,"[""Line of Fire""]",IOGP_STAGE37A1,SOURCE_GROUNDED,SOURCE_EXTRACTED,RECONSTRUCTED,2026-09-03T06:11:53Z
RECON-LSR-0419,GRP-Safety performa-P87,"DATE: 18 Jan 2025 FUNCTION: Drilling CAUSE: Dropped objects ACTIVITY: Lifting, crane, rigging, deck operations During load handling with the crane (Knuckle Boom Crane #1), after positioning a container on the deck and removing the sling from the crane hook, while moving the boom to connect the sling to another nearby load, the tip of Knuckle Boom Crane #1 collided with the joint of the other crane (Pipe Handling Crane) located in the center of the pipe deck, causing a load cell from KBC #1 to fall onto the top of a container on the pipe deck.",SECONARY LIFE-SAVING RULE:  Work authorization,Safety performance indicators – 2025 data.pdf,87,LSR-CAND-000432,Work Authorization,UNKNOWN,"[""Work Authorization""]",IOGP_STAGE37A1,SOURCE_GROUNDED,SOURCE_EXTRACTED,RECONSTRUCTED,2026-09-03T06:11:53Z
RECON-LSR-0420,GRP-Safety performa-P88,• Work scope changed without risk assessment. • JSA/permit requirements were not properly followed (not signed by all participants). • Poor communication and coordination between personnel during the lift. CORRECTIVE ACTIONS AND RECOMMENDATIONS: • Only trained and authorised personnel should operate catline/hoisting equipment. • Conduct a risk assessment and update the JSA whenever the work scope changes. • Verify communication and clear roles between workers before lifting activities. • Ensure lifting of tools uses appropriate lifting containers and certified lifting methods.,PRIMARY LIFE-SAVING RULE:  Work authorization,Safety performance indicators – 2025 data.pdf,88,LSR-CAND-000433,Work Authorization,UNKNOWN,"[""Work Authorization""]",IOGP_STAGE37A1,SOURCE_GROUNDED,SOURCE_EXTRACTED,RECONSTRUCTED,2026-09-03T06:11:53Z
RECON-LSR-0421,GRP-Safety performa-P88,• Work scope changed without risk assessment. • JSA/permit requirements were not properly followed (not signed by all participants). • Poor communication and coordination between personnel during the lift. CORRECTIVE ACTIONS AND RECOMMENDATIONS: • Only trained and authorised personnel should operate catline/hoisting equipment. • Conduct a risk assessment and update the JSA whenever the work scope changes. • Verify communication and clear roles between workers before lifting activities. • Ensure lifting of tools uses appropriate lifting containers and certified lifting methods.,SECONARY LIFE-SAVING RULE:  Hot work,Safety performance indicators – 2025 data.pdf,88,LSR-CAND-000434,Hot Work,UNKNOWN,"[""Hot Work""]",IOGP_STAGE37A1,SOURCE_GROUNDED,SOURCE_EXTRACTED,RECONSTRUCTED,2026-09-03T06:11:54Z
RECON-LSR-0422,GRP-Safety performa-P89,"• Allow hot cloths to cool in a ventilated metal container or spread individually -do not pile them. • Provide training on spontaneous combustion risks (especially oils, solvents, and hydrocarbons). • Establish procedures for laundering and disposal of contaminated rags. • Provide dedicated fire-safe storage bins for used cleaning cloths. PEOPLE (ACTS): Inattention/Lack of Awareness: Improper decision making or lack of judgment PROCESS (CONDITIONS): Organizational: Inadequate work standards/procedures PROCESS (CONDITIONS): Organizational: Inadequate hazard identification or risk assessment DATE: 27 Dec 2025",PRIMARY LIFE-SAVING RULE:  Work authorization,Safety performance indicators – 2025 data.pdf,89,LSR-CAND-000435,Work Authorization,UNKNOWN,"[""Work Authorization""]",IOGP_STAGE37A1,SOURCE_GROUNDED,SOURCE_EXTRACTED,RECONSTRUCTED,2026-09-03T06:11:54Z
RECON-LSR-0423,GRP-Safety performa-P89,"• Allow hot cloths to cool in a ventilated metal container or spread individually -do not pile them. • Provide training on spontaneous combustion risks (especially oils, solvents, and hydrocarbons). • Establish procedures for laundering and disposal of contaminated rags. • Provide dedicated fire-safe storage bins for used cleaning cloths. PEOPLE (ACTS): Inattention/Lack of Awareness: Improper decision making or lack of judgment PROCESS (CONDITIONS): Organizational: Inadequate work standards/procedures PROCESS (CONDITIONS): Organizational: Inadequate hazard identification or risk assessment DATE: 27 Dec 2025",SECONARY LIFE-SAVING RULE:  Hot work,Safety performance indicators – 2025 data.pdf,89,LSR-CAND-000436,Hot Work,UNKNOWN,"[""Hot Work""]",IOGP_STAGE37A1,SOURCE_GROUNDED,SOURCE_EXTRACTED,RECONSTRUCTED,2026-09-03T06:11:54Z
RECON-LSR-0424,GRP-Safety performa-P90,"PEOPLE (ACTS): Inattention/Lack of Awareness: Improper decision making or lack of judgment PROCESS (CONDITIONS): Organizational: Inadequate work standards/procedures PROCESS (CONDITIONS): Organizational: Inadequate hazard identification or risk assessment DATE: 16 Apr 2025 FUNCTION: Production CAUSE: Struck by (not dropped object) ACTIVITY: Lifting, crane, rigging, deck operations A forklift traveling in reverse moved toward the spotter during the warehouse exit manoeuvre.",PRIMARY LIFE-SAVING RULE:  Line of fire,Safety performance indicators – 2025 data.pdf,90,LSR-CAND-000437,Line of Fire,UNKNOWN,"[""Line of Fire""]",IOGP_STAGE37A1,SOURCE_GROUNDED,SOURCE_EXTRACTED,RECONSTRUCTED,2026-09-03T06:11:54Z
RECON-LSR-0425,GRP-Safety performa-P90,"PEOPLE (ACTS): Inattention/Lack of Awareness: Improper decision making or lack of judgment PROCESS (CONDITIONS): Organizational: Inadequate work standards/procedures PROCESS (CONDITIONS): Organizational: Inadequate hazard identification or risk assessment DATE: 16 Apr 2025 FUNCTION: Production CAUSE: Struck by (not dropped object) ACTIVITY: Lifting, crane, rigging, deck operations A forklift traveling in reverse moved toward the spotter during the warehouse exit manoeuvre.",SECONARY LIFE-SAVING RULE:  Bypassing safety controls,Safety performance indicators – 2025 data.pdf,90,LSR-CAND-000438,Bypassing Safety Controls,UNKNOWN,"[""Bypassing Safety Controls""]",IOGP_STAGE37A1,SOURCE_GROUNDED,SOURCE_EXTRACTED,RECONSTRUCTED,2026-09-03T06:11:54Z
RECON-LSR-0426,GRP-Safety performa-P90,"PEOPLE (ACTS): Inattention/Lack of Awareness: Improper decision making or lack of judgment PROCESS (CONDITIONS): Organizational: Inadequate work standards/procedures PROCESS (CONDITIONS): Organizational: Inadequate hazard identification or risk assessment DATE: 16 Apr 2025 FUNCTION: Production CAUSE: Struck by (not dropped object) ACTIVITY: Lifting, crane, rigging, deck operations A forklift traveling in reverse moved toward the spotter during the warehouse exit manoeuvre.",PRIMARY LIFE-SAVING RULE:  Energy isolation,Safety performance indicators – 2025 data.pdf,90,LSR-CAND-000439,Energy Isolation,UNKNOWN,"[""Energy Isolation""]",IOGP_STAGE37A1,SOURCE_GROUNDED,SOURCE_EXTRACTED,RECONSTRUCTED,2026-09-03T06:11:54Z
RECON-LSR-0427,GRP-Safety performa-P90,"PEOPLE (ACTS): Inattention/Lack of Awareness: Improper decision making or lack of judgment PROCESS (CONDITIONS): Organizational: Inadequate work standards/procedures PROCESS (CONDITIONS): Organizational: Inadequate hazard identification or risk assessment DATE: 16 Apr 2025 FUNCTION: Production CAUSE: Struck by (not dropped object) ACTIVITY: Lifting, crane, rigging, deck operations A forklift traveling in reverse moved toward the spotter during the warehouse exit manoeuvre.",SECONARY LIFE-SAVING RULE:  Line of fire,Safety performance indicators – 2025 data.pdf,90,LSR-CAND-000440,Line of Fire,UNKNOWN,"[""Line of Fire""]",IOGP_STAGE37A1,SOURCE_GROUNDED,SOURCE_EXTRACTED,RECONSTRUCTED,2026-09-03T06:11:55Z
