record_id,incident_group_id,incident_text,lsr_primary,lsr_secondary,lsr_labels,label_cardinality,label_count,source_documents,source_pages,source_record_ids,source_evidence,dataset_origin,lsr_label_provenance,reconstruction_method,group_status,created_at,is_synthetic,parent_record_id,parent_incident_group_id,generation_method,parent_source_document,parent_source_pages,parent_source_record_ids
INCIDENT-GOLD-0001,GRP-Safety performa-P10,"and the motor was found to have high case drain leakage of hydraulic oil, possibly due to scoring that was observed on the hydraulic motor port plate. It is likely these two factors combined resulted in the load dropping. CORRECTIVE ACTIONS AND RECOMMENDATIONS: With a new motor, new CBV fitted, new brake installed, the fault could not be recreated. New hydraulic oil was cleaned and installed into the crane. A full set of assurance checks carried out including a proof load test. The following are longer term recommendations. • Install pressure compensation sandwich valves under each direction control valve, to prevent the increase in flow and in turn increase in pressure in the auxiliary and slew circuits being shared between the operating functions","[""Safe Mechanical Lifting"", ""Line of Fire""]",[],"[""Line of Fire"", ""Safe Mechanical Lifting""]",MULTI,2,"[""Safety performance indicators \u2013 2024 data.pdf"", ""Safety performance indicators \u2013 2025 data.pdf""]",[10],"[""LSR-CAND-000013"", ""LSR-CAND-000014"", ""LSR-CAND-000255"", ""LSR-CAND-000256""]",PRIMARY LIFE-SAVING RULE:  Safe mechanical lifting | SECONARY LIFE-SAVING RULE:  Line of fire,IOGP_STAGE37A1,SOURCE_GROUNDED,SOURCE_EXTRACTED,REVIEW_REQUIRED,2026-09-03T06:19:44Z,False,,,,,,
INCIDENT-GOLD-0002,GRP-Safety performa-P100,"PROCESS (CONDITIONS): Tools, Equipment, Materials and Products: Inadequate design/specification/management PROCESS (CONDITIONS): Organizational: Inadequate training/competence PROCESS (CONDITIONS): Organizational: Inadequate work standards/procedures PROCESS (CONDITIONS): Organizational: Inadequate hazard identification or risk assessment PROCESS (CONDITIONS): Organizational: Inadequate communication PROCESS (CONDITIONS): Organizational: Inadequate supervision DATE: 14 May 2024 COUNTRY: Azerbaijan","[""Line of Fire"", ""Bypassing Safety Controls""]",[],"[""Bypassing Safety Controls"", ""Line of Fire""]",MULTI,2,"[""Safety performance indicators \u2013 2024 data.pdf""]",[100],"[""LSR-CAND-000207"", ""LSR-CAND-000208""]",PRIMARY LIFE-SAVING RULE:  Line of fire | SECONARY LIFE-SAVING RULE:  Bypassing safety controls,IOGP_STAGE37A1,SOURCE_GROUNDED,SOURCE_EXTRACTED,REVIEW_REQUIRED,2026-09-03T06:19:44Z,False,,,,,,
INCIDENT-GOLD-0003,GRP-Safety performa-P101,"DATE: 18 May 2024 COUNTRY: Azerbaijan FUNCTION: Unspecified CAUSE: Dropped objects ACTIVITY: Maintenance, inspection, testing Mechanic used a hydraulic jack to support the vehicle and tried to start repair work beneath the car. Jack failed and mechanic just managed to get aside. WHAT WENT WRONG:","[""Safe Mechanical Lifting"", ""Line of Fire""]",[],"[""Line of Fire"", ""Safe Mechanical Lifting""]",MULTI,2,"[""Safety performance indicators \u2013 2024 data.pdf""]",[101],"[""LSR-CAND-000209"", ""LSR-CAND-000210"", ""LSR-CAND-000211""]",PRIMARY LIFE-SAVING RULE:  Safe mechanical lifting | SECONARY LIFE-SAVING RULE:  Line of fire | PRIMARY LIFE-SAVING RULE:  Line of fire,IOGP_STAGE37A1,SOURCE_GROUNDED,SOURCE_EXTRACTED,REVIEW_REQUIRED,2026-09-03T06:19:44Z,False,,,,,,
INCIDENT-GOLD-0006,GRP-Safety performa-P105,"PROCESS (CONDITIONS): Tools, Equipment, Materials and Products: Inadequate design/specification/management PROCESS (CONDITIONS): Tools, Equipment, Materials and Products: Inadequate maintenance/inspection/testing PROCESS (CONDITIONS): Organizational: Inadequate work standards/procedures PROCESS (CONDITIONS): Organizational: Inadequate hazard identification or risk assessment PROCESS (CONDITIONS): Organizational: Inadequate supervision DATE: 21 Dec 2024 COUNTRY: Azerbaijan FUNCTION: Production","[""Hot Work"", ""Bypassing Safety Controls""]",[],"[""Bypassing Safety Controls"", ""Hot Work""]",MULTI,2,"[""Safety performance indicators \u2013 2024 data.pdf""]",[105],"[""LSR-CAND-000219"", ""LSR-CAND-000220""]",PRIMARY LIFE-SAVING RULE:  Hot work | SECONARY LIFE-SAVING RULE:  Bypassing safety controls,IOGP_STAGE37A1,SOURCE_GROUNDED,SOURCE_EXTRACTED,REVIEW_REQUIRED,2026-09-03T06:19:44Z,False,,,,,,
INCIDENT-GOLD-0007,GRP-Safety performa-P106,"DATE: 20 Sep 2024 COUNTRY: Azerbaijan FUNCTION: Production CAUSE: Falls from height ACTIVITY: Transport – Water, incl. marine activity While the worker was getting off the support vessel onto the boarding platform of the offshore platform, he tripped and fell towards the sea. At the last moment, a rescue sailor on the boarding platform grabbed the worker's clothes and pulled him onto the platform.",Line of Fire,[],"[""Line of Fire""]",SINGLE,1,"[""Safety performance indicators \u2013 2024 data.pdf""]",[106],"[""LSR-CAND-000221""]",PRIMARY LIFE-SAVING RULE:  Line of fire,IOGP_STAGE37A1,SOURCE_GROUNDED,SOURCE_EXTRACTED,VALIDATED,2026-09-03T06:19:44Z,False,,,,,,
INCIDENT-GOLD-0008,GRP-Safety performa-P108,"DATE: 16 May 2024 COUNTRY: Azerbaijan FUNCTION: Production CAUSE: Water related, drowning ACTIVITY: Transport – Water, incl. marine activity Contractor ship with company passengers on the deck ran aground 8.3 km from the coast. Support ships were immediately deployed to the area and the passengers were evacuated ashore. WHAT WENT WRONG:","[""Work Authorization"", ""Bypassing Safety Controls""]",[],"[""Bypassing Safety Controls"", ""Work Authorization""]",MULTI,2,"[""Safety performance indicators \u2013 2024 data.pdf""]",[108],"[""LSR-CAND-000224"", ""LSR-CAND-000225"", ""LSR-CAND-000226""]",PRIMARY LIFE-SAVING RULE:  Work authorization | SECONARY LIFE-SAVING RULE:  Bypassing safety controls,IOGP_STAGE37A1,SOURCE_GROUNDED,SOURCE_EXTRACTED,REVIEW_REQUIRED,2026-09-03T06:19:44Z,False,,,,,,
INCIDENT-GOLD-0009,GRP-Safety performa-P109,"PEOPLE (ACTS): Following Procedures: Deviation unintentional (by individual or group) PEOPLE (ACTS): Use of Protective Methods: Failure to warn of hazard PROCESS (CONDITIONS): Tools, Equipment, Materials and Products: Inadequate design/specification/management PROCESS (CONDITIONS): Organizational: Inadequate work standards/procedures PROCESS (CONDITIONS): Organizational: Inadequate hazard identification or risk assessment PROCESS (CONDITIONS): Organizational: Inadequate communication DATE: 09 Oct 2024 COUNTRY: Azerbaijan","[""Safe Mechanical Lifting"", ""Line of Fire""]",[],"[""Line of Fire"", ""Safe Mechanical Lifting""]",MULTI,2,"[""Safety performance indicators \u2013 2024 data.pdf""]",[109],"[""LSR-CAND-000227"", ""LSR-CAND-000228""]",PRIMARY LIFE-SAVING RULE:  Safe mechanical lifting | SECONARY LIFE-SAVING RULE:  Line of fire,IOGP_STAGE37A1,SOURCE_GROUNDED,SOURCE_EXTRACTED,REVIEW_REQUIRED,2026-09-03T06:19:44Z,False,,,,,,
INCIDENT-GOLD-0010,GRP-Safety performa-P11,"CORRECTIVE ACTIONS AND RECOMMENDATIONS: Some of the actions recommended are: • Update vendor training requirement in the contracts, which should include wire rope training for persons involved in crane inspections on the FPSO. • Review and update crane maintenance strategy to include auxiliary rope boom rest protection, frequency of rope change-out, suitable rope and sheath gauge to be used as a tool for measuring rope wear, etc. • Install adequate auxiliary rope boom rest protection. PEOPLE (ACTS): Following Procedures: Improper position (in the line of fire)","[""Line of Fire"", ""Driving"", ""Energy Isolation""]",[],"[""Driving"", ""Line of Fire"", ""Energy Isolation""]",MULTI,3,"[""Safety performance indicators \u2013 2024 data.pdf"", ""Safety performance indicators \u2013 2025 data.pdf""]",[11],"[""LSR-CAND-000015"", ""LSR-CAND-000257"", ""LSR-CAND-000258"", ""LSR-CAND-000259"", ""LSR-CAND-000260""]",PRIMARY LIFE-SAVING RULE:  Line of fire | PRIMARY LIFE-SAVING RULE:  Driving | SECONARY LIFE-SAVING RULE:  Line of fire | PRIMARY LIFE-SAVING RULE:  Energy isolation,IOGP_STAGE37A1,SOURCE_GROUNDED,SOURCE_EXTRACTED,REVIEW_REQUIRED,2026-09-03T06:19:44Z,False,,,,,,
INCIDENT-GOLD-0011,GRP-Safety performa-P110,"SOUTH & CENTRAL AMERICA ONSHORE DATE: 07 Dec 2024 COUNTRY: Argentina FUNCTION: Drilling CAUSE: Dropped objects ACTIVITY: Lifting, crane, rigging, deck operations During the final stage of connecting the tubing hanger to the well head, a 3 ton object fell due to the failure of the WHAT WENT WRONG:","[""Safe Mechanical Lifting"", ""Line of Fire""]",[],"[""Line of Fire"", ""Safe Mechanical Lifting""]",MULTI,2,"[""Safety performance indicators \u2013 2024 data.pdf""]",[110],"[""LSR-CAND-000229"", ""LSR-CAND-000230"", ""LSR-CAND-000231""]",PRIMARY LIFE-SAVING RULE:  Safe mechanical lifting | SECONARY LIFE-SAVING RULE:  Line of fire | PRIMARY LIFE-SAVING RULE:  Line of fire,IOGP_STAGE37A1,SOURCE_GROUNDED,SOURCE_EXTRACTED,REVIEW_REQUIRED,2026-09-03T06:19:44Z,False,,,,,,
INCIDENT-GOLD-0013,GRP-Safety performa-P112,"• Contractor worked under a generic permit to work (PTW), not addressing excavations. • Contractor did not have an excavation procedure. • Company required simultaneous operations (SIMOPS) controls not implemented. • No access control at the well pad (no lock and/or authorization). CORRECTIVE ACTIONS AND RECOMMENDATIONS: There were gaps in procedures (PTW/SIMOP) not captured previously by assurance system. A similar incident occurred in the past and no corrective actions were taken. Learning from incidents and assurance effectiveness is critical for reducing incident probability.",Hot Work,[],"[""Hot Work""]",SINGLE,1,"[""Safety performance indicators \u2013 2024 data.pdf""]",[112],"[""LSR-CAND-000234""]",PRIMARY LIFE-SAVING RULE:  Hot work,IOGP_STAGE37A1,SOURCE_GROUNDED,SOURCE_EXTRACTED,VALIDATED,2026-09-03T06:19:44Z,False,,,,,,
INCIDENT-GOLD-0016,GRP-Safety performa-P115,"PROCESS (CONDITIONS): Organizational: Inadequate work standards/procedures PROCESS (CONDITIONS): Organizational: Inadequate hazard identification or risk assessment DATE: 02 Feb 2024 FUNCTION: Production CAUSE: Caught in, under or between (excl. dropped objects) ACTIVITY: Maintenance, inspection, testing The employee reported to the infirmary along with his supervisor, informing that during the maintenance of the starting air compressor, he suffered an impact from the engine's propeller on the fourth digit of his left hand,",Line of Fire,[],"[""Line of Fire""]",SINGLE,1,"[""Safety performance indicators \u2013 2024 data.pdf""]",[115],"[""LSR-CAND-000239""]",PRIMARY LIFE-SAVING RULE:  Line of fire,IOGP_STAGE37A1,SOURCE_GROUNDED,SOURCE_EXTRACTED,VALIDATED,2026-09-03T06:19:44Z,False,,,,,,
INCIDENT-GOLD-0017,GRP-Safety performa-P116,"PEOPLE (ACTS): Following Procedures: Improper position (in the line of fire) PROCESS (CONDITIONS): Protective Systems: Inadequate/defective Personal Protective Equipment PROCESS (CONDITIONS): Tools, Equipment, Materials and Products: Inadequate design/specification/management PROCESS (CONDITIONS): Organizational: Inadequate hazard identification or risk assessment DATE: 19 Apr 2024 FUNCTION: Production CAUSE: Dropped objects ACTIVITY: Lifting, crane, rigging, deck operations","[""Safe Mechanical Lifting"", ""Line of Fire""]",[],"[""Line of Fire"", ""Safe Mechanical Lifting""]",MULTI,2,"[""Safety performance indicators \u2013 2024 data.pdf""]",[116],"[""LSR-CAND-000240"", ""LSR-CAND-000241""]",PRIMARY LIFE-SAVING RULE:  Safe mechanical lifting | SECONARY LIFE-SAVING RULE:  Line of fire,IOGP_STAGE37A1,SOURCE_GROUNDED,SOURCE_EXTRACTED,REVIEW_REQUIRED,2026-09-03T06:19:44Z,False,,,,,,
INCIDENT-GOLD-0019,GRP-Safety performa-P118,"DATE: 01 Mar 2024 COUNTRY: Trinidad and Tobago FUNCTION: Production CAUSE: Pressure release ACTIVITY: Maintenance, inspection, testing During a routine field visit, it was identified that a 2-inch pipe spool associated with the Low-Pressure Flare Header was installed, which sits outside the boundary isolation, as per approved isolation plan. The spool piece in question appears to have been installed during the removal and replacement of piping scope of work on the glycol","[""Work Authorization"", ""Energy Isolation""]",[],"[""Energy Isolation"", ""Work Authorization""]",MULTI,2,"[""Safety performance indicators \u2013 2024 data.pdf""]",[118],"[""LSR-CAND-000244"", ""LSR-CAND-000245""]",PRIMARY LIFE-SAVING RULE:  Work authorization | SECONARY LIFE-SAVING RULE:  Energy isolation,IOGP_STAGE37A1,SOURCE_GROUNDED,SOURCE_EXTRACTED,REVIEW_REQUIRED,2026-09-03T06:19:44Z,False,,,,,,
INCIDENT-GOLD-0020,GRP-Safety performa-P12,"3. During test digging, the excavator bucket contacted a buried 11 kVA composite electrical cable, causing a dent 4. Excavator use in close proximity to unidentified/poorly defined underground assets introduced a line-strike CORRECTIVE ACTIONS AND RECOMMENDATIONS: 1. Mechanical excavation (excavators) must not be used near unknown or insufficiently verified buried utilities. 2. Probing results identifying multiple underground facilities must trigger manual excavation only. 3. As-built drawings must be accurate, up-to-date, and detailed, especially regarding depth and horizontal spacing. 4. When indications are unclear, stop work and escalate for engineering verification. PEOPLE (ACTS): Following Procedures: Improper position (in the line of fire)","[""Line of Fire"", ""Safe Mechanical Lifting""]",[],"[""Line of Fire"", ""Safe Mechanical Lifting""]",MULTI,2,"[""Safety performance indicators \u2013 2024 data.pdf"", ""Safety performance indicators \u2013 2025 data.pdf""]",[12],"[""LSR-CAND-000016"", ""LSR-CAND-000261"", ""LSR-CAND-000262""]",PRIMARY LIFE-SAVING RULE:  Line of fire | PRIMARY LIFE-SAVING RULE:  Safe mechanical lifting | SECONARY LIFE-SAVING RULE:  Line of fire,IOGP_STAGE37A1,SOURCE_GROUNDED,SOURCE_EXTRACTED,REVIEW_REQUIRED,2026-09-03T06:19:44Z,False,,,,,,
INCIDENT-GOLD-0021,GRP-Safety performa-P13,"DATE: 16 Apr 2024 FUNCTION: Production CAUSE: Dropped objects ACTIVITY: Maintenance, inspection, testing An anomaly was observed during routine plant inspections. A large flat metal sheet was found resting on the forward refuge roof. Subsequent investigation revealed that this section was a cable tray cover dislodged from the pipe rack above the forward machinery, with a drop trajectory indicating its passage across a walkway. The cover weighed approximately 20kg, and its landing point on the forward refuge area roof was 13.356m from the pipe rack","[""Line of Fire"", ""Work Authorization""]",[],"[""Line of Fire"", ""Work Authorization""]",MULTI,2,"[""Safety performance indicators \u2013 2024 data.pdf"", ""Safety performance indicators \u2013 2025 data.pdf""]",[13],"[""LSR-CAND-000017"", ""LSR-CAND-000018"", ""LSR-CAND-000263"", ""LSR-CAND-000264""]",PRIMARY LIFE-SAVING RULE:  Line of fire | SECONARY LIFE-SAVING RULE:  Work authorization,IOGP_STAGE37A1,SOURCE_GROUNDED,SOURCE_EXTRACTED,REVIEW_REQUIRED,2026-09-03T06:19:44Z,False,,,,,,
INCIDENT-GOLD-0022,GRP-Safety performa-P14,"the old one which had a dislodged tulip in 2017. Original equipment manufacturer (OEM) did not advise on the potential for chattering as well as its impact on the HP flare tip’s structural integrity even though it was clear that this had been experienced on similar models. If this had been communicated at the onset, then the no flare chattering ranges would have been instituted to mitigate plate failure. CORRECTIVE ACTIONS AND RECOMMENDATIONS: Review available flare tip remediation options and decide on the replacement plan. PEOPLE (ACTS): Following Procedures: Improper position (in the line of fire) PROCESS (CONDITIONS): Tools, Equipment, Materials and Products: Inadequate design/specification/management","[""Bypassing Safety Controls"", ""Line of Fire"", ""Safe Mechanical Lifting""]",[],"[""Bypassing Safety Controls"", ""Line of Fire"", ""Safe Mechanical Lifting""]",MULTI,3,"[""Safety performance indicators \u2013 2024 data.pdf"", ""Safety performance indicators \u2013 2025 data.pdf""]",[14],"[""LSR-CAND-000019"", ""LSR-CAND-000265"", ""LSR-CAND-000266""]",PRIMARY LIFE-SAVING RULE:  Bypassing safety controls | PRIMARY LIFE-SAVING RULE:  Line of fire | SECONARY LIFE-SAVING RULE:  Safe mechanical lifting,IOGP_STAGE37A1,SOURCE_GROUNDED,SOURCE_EXTRACTED,REVIEW_REQUIRED,2026-09-03T06:19:44Z,False,,,,,,
INCIDENT-GOLD-0023,GRP-Safety performa-P15,"DATE: 02 Dec 2025 FUNCTION: Production CAUSE: Struck by (not dropped object) ACTIVITY: Lifting, crane, rigging, deck operations While parking the starboard (STBD) crane following routine lifting operations, the crane boom was brought down into the boom rest abruptly rather than in a controlled manner. This sudden placement generated an unexpected impact load on the crane structure, producing a loud bang that was heard in the vicinity of the crane pedestal and surrounding areas.","[""Working at Height"", ""Line of Fire"", ""Safe Mechanical Lifting""]",[],"[""Line of Fire"", ""Safe Mechanical Lifting"", ""Working at Height""]",MULTI,3,"[""Safety performance indicators \u2013 2024 data.pdf"", ""Safety performance indicators \u2013 2025 data.pdf""]",[15],"[""LSR-CAND-000020"", ""LSR-CAND-000021"", ""LSR-CAND-000267"", ""LSR-CAND-000268""]",PRIMARY LIFE-SAVING RULE:  Working at height | SECONARY LIFE-SAVING RULE:  Line of fire | PRIMARY LIFE-SAVING RULE:  Line of fire | SECONARY LIFE-SAVING RULE:  Safe mechanical lifting,IOGP_STAGE37A1,SOURCE_GROUNDED,SOURCE_EXTRACTED,REVIEW_REQUIRED,2026-09-03T06:19:44Z,False,,,,,,
INCIDENT-GOLD-0024,GRP-Safety performa-P16,"DATE: 18 Mar 2025 COUNTRY: Mauritania FUNCTION: Production CAUSE: Pressure release ACTIVITY: Maintenance, inspection, testing Contractor carrying out repairs on the Scale Inhibitor Injection system, the system was understood to have been depressurised. As the contractor started to release an end cap, the cap was projected downwards under pressure. The cap went directly downwards into a section of plant close to a walkway. This could have had potential to impact","[""Energy Isolation"", ""Work Authorization"", ""Working at Height"", ""Line of Fire""]",[],"[""Line of Fire"", ""Energy Isolation"", ""Working at Height"", ""Work Authorization""]",MULTI,4,"[""Safety performance indicators \u2013 2024 data.pdf"", ""Safety performance indicators \u2013 2025 data.pdf""]",[16],"[""LSR-CAND-000022"", ""LSR-CAND-000023"", ""LSR-CAND-000024"", ""LSR-CAND-000269"", ""LSR-CAND-000270""]",PRIMARY LIFE-SAVING RULE:  Energy isolation | SECONARY LIFE-SAVING RULE:  Work authorization | PRIMARY LIFE-SAVING RULE:  Working at height | SECONARY LIFE-SAVING RULE:  Line of fire,IOGP_STAGE37A1,SOURCE_GROUNDED,SOURCE_EXTRACTED,REVIEW_REQUIRED,2026-09-03T06:19:44Z,False,,,,,,
INCIDENT-GOLD-0025,GRP-Safety performa-P17,"DATE: 18 Nov 2025 COUNTRY: Namibia FUNCTION: Drilling CAUSE: Dropped objects ACTIVITY: Lifting, crane, rigging, deck operations Flex Joint strikes handrail creating 2 Dropped Objects. During the removal of the Flex Joint from the Riser Feeding Machine (RFM) using the starboard crane, the aft sling of the Flex Joint became hung up on the RFM bucket. As the lift continued, the sling suddenly released, causing the Flex Joint to swing unexpectedly.","[""Energy Isolation"", ""Line of Fire"", ""Safe Mechanical Lifting""]",[],"[""Line of Fire"", ""Energy Isolation"", ""Safe Mechanical Lifting""]",MULTI,3,"[""Safety performance indicators \u2013 2024 data.pdf"", ""Safety performance indicators \u2013 2025 data.pdf""]",[17],"[""LSR-CAND-000025"", ""LSR-CAND-000026"", ""LSR-CAND-000027"", ""LSR-CAND-000028"", ""LSR-CAND-000271"", ""LSR-CAND-000272""]",PRIMARY LIFE-SAVING RULE:  Energy isolation | SECONARY LIFE-SAVING RULE:  Line of fire | PRIMARY LIFE-SAVING RULE:  Safe mechanical lifting,IOGP_STAGE37A1,SOURCE_GROUNDED,SOURCE_EXTRACTED,REVIEW_REQUIRED,2026-09-03T06:19:44Z,False,,,,,,
INCIDENT-GOLD-0027,GRP-Safety performa-P19,"DATE: 26 Aug 2024 COUNTRY: New Zealand FUNCTION: Production CAUSE: Caught in, under or between (excl. dropped objects) ACTIVITY: Drilling, workover, well operations IP had advised his colleague he was going to carry out continuity testing on the electric submersible pump (ESP) cable, which was on the hydraulically energised spooler. The spooler was not in use at this time. When carrying out the continuity testing, the conductor reading was low and the cable was cleaned with electrical","[""Energy Isolation"", ""Line of Fire"", ""Safe Mechanical Lifting""]",[],"[""Line of Fire"", ""Energy Isolation"", ""Safe Mechanical Lifting""]",MULTI,3,"[""Safety performance indicators \u2013 2024 data.pdf"", ""Safety performance indicators \u2013 2025 data.pdf""]",[19],"[""LSR-CAND-000029"", ""LSR-CAND-000030"", ""LSR-CAND-000031"", ""LSR-CAND-000032"", ""LSR-CAND-000275"", ""LSR-CAND-000276""]",PRIMARY LIFE-SAVING RULE:  Energy isolation | SECONARY LIFE-SAVING RULE:  Line of fire | PRIMARY LIFE-SAVING RULE:  Line of fire | SECONARY LIFE-SAVING RULE:  Safe mechanical lifting | PRIMARY LIFE-SAVING RULE:  Safe mechanical lifting,IOGP_STAGE37A1,SOURCE_GROUNDED,SOURCE_EXTRACTED,REVIEW_REQUIRED,2026-09-03T06:19:44Z,False,,,,,,
INCIDENT-GOLD-0031,GRP-Safety performa-P23,"ASIA/AUSTRALASIA ONSHORE CORRECTIVE ACTIONS AND RECOMMENDATIONS: • Ensure positive isolation of process equipment/lines prior to conducting hot work. • Ensure adequate procedures for hot work (job method statements with sufficient level of detail; adequate decontamination procedures, adequate safe isolation procedures). • Ensure contractor alignment on high-risk activities as part of PTW process. PROCESS (CONDITIONS): Work Place Hazards: Hazardous atmosphere (explosive/toxic/asphyxiant) PROCESS (CONDITIONS): Organizational: Inadequate work standards/procedures","[""Working at Height"", ""Line of Fire"", ""Safe Mechanical Lifting""]",[],"[""Line of Fire"", ""Safe Mechanical Lifting"", ""Working at Height""]",MULTI,3,"[""Safety performance indicators \u2013 2024 data.pdf"", ""Safety performance indicators \u2013 2025 data.pdf""]",[23],"[""LSR-CAND-000038"", ""LSR-CAND-000039"", ""LSR-CAND-000287"", ""LSR-CAND-000288""]",PRIMARY LIFE-SAVING RULE:  Working at height | SECONARY LIFE-SAVING RULE:  Line of fire | PRIMARY LIFE-SAVING RULE:  Safe mechanical lifting,IOGP_STAGE37A1,SOURCE_GROUNDED,SOURCE_EXTRACTED,REVIEW_REQUIRED,2026-09-03T06:19:44Z,False,,,,,,
INCIDENT-GOLD-0033,GRP-Safety performa-P25,"DATE: 17 Jun 2024 COUNTRY: Indonesia FUNCTION: Production CAUSE: Pressure release ACTIVITY: Production operations While conducting routine patrol, production operator noticed hissing sound around production cooler on main deck. He then reported to central control room (CCR) operator via radio. Production operator and instrument technician proceed to main deck and confirmed gas leak was coming from 8” elbow outlet production cooler bay. Offshore","[""Line of Fire"", ""Working at Height"", ""Energy Isolation""]",[],"[""Line of Fire"", ""Energy Isolation"", ""Working at Height""]",MULTI,3,"[""Safety performance indicators \u2013 2024 data.pdf"", ""Safety performance indicators \u2013 2025 data.pdf""]",[25],"[""LSR-CAND-000043"", ""LSR-CAND-000291"", ""LSR-CAND-000292"", ""LSR-CAND-000293"", ""LSR-CAND-000294""]",PRIMARY LIFE-SAVING RULE:  Line of fire | PRIMARY LIFE-SAVING RULE:  Working at height | SECONARY LIFE-SAVING RULE:  Line of fire | PRIMARY LIFE-SAVING RULE:  Energy isolation,IOGP_STAGE37A1,SOURCE_GROUNDED,SOURCE_EXTRACTED,REVIEW_REQUIRED,2026-09-03T06:19:44Z,False,,,,,,
INCIDENT-GOLD-0034,GRP-Safety performa-P26,"WHAT WENT WRONG: Due to current and swell directions, the messenger rope got entangled with the vessel’s tire fenders. As the vessel was clearing the area, the crew was instructed to clear the deck. A crew member (IP), looking for shelter, went under the crash rail, misjudging it as a safe place. The IP noticed tension in the hawser assembly and looked over the bulwark to investigate and at that moment the messenger rope lashed down on the back of the IP’s helmet which caused him to fall forward and hit his face against the vessel’s bulwark. CORRECTIVE ACTIONS AND RECOMMENDATIONS: • Ensure job safety analysis (JSA) for this activity is revised to incorporate safe haven risk of entanglement.","[""Safe Mechanical Lifting"", ""Line of Fire"", ""Bypassing Safety Controls""]",[],"[""Bypassing Safety Controls"", ""Line of Fire"", ""Safe Mechanical Lifting""]",MULTI,3,"[""Safety performance indicators \u2013 2024 data.pdf"", ""Safety performance indicators \u2013 2025 data.pdf""]",[26],"[""LSR-CAND-000044"", ""LSR-CAND-000045"", ""LSR-CAND-000295"", ""LSR-CAND-000296""]",PRIMARY LIFE-SAVING RULE:  Safe mechanical lifting | SECONARY LIFE-SAVING RULE:  Line of fire | PRIMARY LIFE-SAVING RULE:  Line of fire | SECONARY LIFE-SAVING RULE:  Bypassing safety controls,IOGP_STAGE37A1,SOURCE_GROUNDED,SOURCE_EXTRACTED,REVIEW_REQUIRED,2026-09-03T06:19:44Z,False,,,,,,
INCIDENT-GOLD-0035,GRP-Safety performa-P27,"• Ambiguous lift plan, due to different sections with conflicting descriptions. • Inadequate equipment knowledge: any equipment that is not industry norm should be considered non-standard and should not expect crew and rigging inspectors to have in-depth knowledge of the equipment. Non-standard equipment should be specified in the scope along with original equipment manufacturer (OEM) instructions. • Inadequacy in terms of having a mature culture of intervention and supervision within the site. CORRECTIVE ACTIONS AND RECOMMENDATIONS: • Lessons learned from incidents should be communicated properly. A register of these should be available for • Any equipment that is not industry norm should be considered non-standard and should not expect crew and","[""Line of Fire"", ""Safe Mechanical Lifting""]",[],"[""Line of Fire"", ""Safe Mechanical Lifting""]",MULTI,2,"[""Safety performance indicators \u2013 2024 data.pdf"", ""Safety performance indicators \u2013 2025 data.pdf""]",[27],"[""LSR-CAND-000046"", ""LSR-CAND-000297"", ""LSR-CAND-000298""]",PRIMARY LIFE-SAVING RULE:  Line of fire | SECONARY LIFE-SAVING RULE:  Safe mechanical lifting,IOGP_STAGE37A1,SOURCE_GROUNDED,SOURCE_EXTRACTED,REVIEW_REQUIRED,2026-09-03T06:19:44Z,False,,,,,,
INCIDENT-GOLD-0037,GRP-Safety performa-P29,PEOPLE (ACTS): Following Procedures: Improper position (in the line of fire) PEOPLE (ACTS): Use of Protective Methods: Equipment or materials not secured PROCESS (CONDITIONS): Protective Systems: Inadequate/defective guards or protective barriers PROCESS (CONDITIONS): Organizational: Inadequate hazard identification or risk assessment PROCESS (CONDITIONS): Organizational: Inadequate supervision DATE: 24 Apr 2025 FUNCTION: Construction CAUSE: Falls from height,"[""Working at Height"", ""Line of Fire""]",[],"[""Line of Fire"", ""Working at Height""]",MULTI,2,"[""Safety performance indicators \u2013 2025 data.pdf""]",[29],"[""LSR-CAND-000301"", ""LSR-CAND-000302""]",PRIMARY LIFE-SAVING RULE:  Working at height | SECONARY LIFE-SAVING RULE:  Line of fire,IOGP_STAGE37A1,SOURCE_GROUNDED,SOURCE_EXTRACTED,REVIEW_REQUIRED,2026-09-03T06:19:44Z,False,,,,,,
INCIDENT-GOLD-0038,GRP-Safety performa-P30,"DATE: 31 Mar 2025 COUNTRY: Romania FUNCTION: Production CAUSE: Dropped objects ACTIVITY: Drilling, workover, well operations Sucker rod broke consequently elevator dropped. WHAT WENT WRONG: Overpull due to wax caused the sucker rod to break, impact ejected the elevator out of the hook.","[""Line of Fire"", ""Bypassing Safety Controls"", ""Safe Mechanical Lifting""]",[],"[""Bypassing Safety Controls"", ""Line of Fire"", ""Safe Mechanical Lifting""]",MULTI,3,"[""Safety performance indicators \u2013 2025 data.pdf""]",[30],"[""LSR-CAND-000303"", ""LSR-CAND-000304"", ""LSR-CAND-000305"", ""LSR-CAND-000306""]",PRIMARY LIFE-SAVING RULE:  Line of fire | SECONARY LIFE-SAVING RULE:  Bypassing safety controls | SECONARY LIFE-SAVING RULE:  Safe mechanical lifting,IOGP_STAGE37A1,SOURCE_GROUNDED,SOURCE_EXTRACTED,REVIEW_REQUIRED,2026-09-03T06:19:44Z,False,,,,,,
INCIDENT-GOLD-0039,GRP-Safety performa-P31,"• No information passed to crane operator that the hook was in the skip and there were issues with disconnecting it. • No crane motion instruction should have been issued by the banksman to the crane operator whilst the slinger was in the line of fire position. • Poor communications led to assumption by crane operator that the hook was free. • Banksman did not instruct Slinger to move out of Line of Fire prior to instructing Crane Op to go ""Up on your line"". CORRECTIVE ACTIONS AND RECOMMENDATIONS: There is no such thing as a routine activity – there are only repeat activities under different conditions that each needs to be understood and risk assessed. Maintain vigilance at all times.","[""Bypassing Safety Controls"", ""Line of Fire"", ""Work Authorization""]",[],"[""Bypassing Safety Controls"", ""Line of Fire"", ""Work Authorization""]",MULTI,3,"[""Safety performance indicators \u2013 2024 data.pdf"", ""Safety performance indicators \u2013 2025 data.pdf""]",[31],"[""LSR-CAND-000053"", ""LSR-CAND-000054"", ""LSR-CAND-000307"", ""LSR-CAND-000308""]",PRIMARY LIFE-SAVING RULE:  Bypassing safety controls | PRIMARY LIFE-SAVING RULE:  Line of fire | SECONARY LIFE-SAVING RULE:  Work authorization,IOGP_STAGE37A1,SOURCE_GROUNDED,SOURCE_EXTRACTED,REVIEW_REQUIRED,2026-09-03T06:19:44Z,False,,,,,,
INCIDENT-GOLD-0040,GRP-Safety performa-P32,"The incident occurred shortly before the end of the shift (scheduled end of shift 18:00, time of the incident 17:50). The employee concerned had started his shift at 12:00p.m due to the journey to the scheduled start of the shift. WHAT WENT WRONG: IMMEDIATE CAUSE: Substandard conditions and information. Inadequate product/service design. Inadequate communication and information. CORRECTIVE ACTIONS AND RECOMMENDATIONS:","[""Energy Isolation"", ""Line of Fire"", ""Safe Mechanical Lifting"", ""Working at Height""]",[],"[""Line of Fire"", ""Energy Isolation"", ""Safe Mechanical Lifting"", ""Working at Height""]",MULTI,4,"[""Safety performance indicators \u2013 2024 data.pdf"", ""Safety performance indicators \u2013 2025 data.pdf""]",[32],"[""LSR-CAND-000055"", ""LSR-CAND-000056"", ""LSR-CAND-000309"", ""LSR-CAND-000310"", ""LSR-CAND-000311"", ""LSR-CAND-000312""]",PRIMARY LIFE-SAVING RULE:  Energy isolation | SECONARY LIFE-SAVING RULE:  Line of fire | PRIMARY LIFE-SAVING RULE:  Safe mechanical lifting | PRIMARY LIFE-SAVING RULE:  Working at height,IOGP_STAGE37A1,SOURCE_GROUNDED,SOURCE_EXTRACTED,REVIEW_REQUIRED,2026-09-03T06:19:44Z,False,,,,,,
INCIDENT-GOLD-0041,GRP-Safety performa-P33,"PEOPLE (ACTS): Following Procedures: Deviation intentional (by individual or group) PEOPLE (ACTS): Following Procedures: Improper position (in the line of fire) PROCESS (CONDITIONS): Protective Systems: Inadequate/defective guards or protective barriers DATE: 18 Mar 2024 COUNTRY: Hungary FUNCTION: Production CAUSE: Exposure electrical ACTIVITY: Excavation, trenching, ground disturbance","[""Work Authorization"", ""Line of Fire"", ""Working at Height""]",[],"[""Line of Fire"", ""Working at Height"", ""Work Authorization""]",MULTI,3,"[""Safety performance indicators \u2013 2024 data.pdf"", ""Safety performance indicators \u2013 2025 data.pdf""]",[33],"[""LSR-CAND-000057"", ""LSR-CAND-000058"", ""LSR-CAND-000313"", ""LSR-CAND-000314""]",PRIMARY LIFE-SAVING RULE:  Work authorization | SECONARY LIFE-SAVING RULE:  Line of fire | PRIMARY LIFE-SAVING RULE:  Working at height,IOGP_STAGE37A1,SOURCE_GROUNDED,SOURCE_EXTRACTED,REVIEW_REQUIRED,2026-09-03T06:19:44Z,False,,,,,,
INCIDENT-GOLD-0042,GRP-Safety performa-P34,"DATE: 05 Mar 2025 COUNTRY: Netherlands FUNCTION: Production CAUSE: Caught in, under or between (excl. dropped objects) ACTIVITY: Lifting, crane, rigging, deck operations A forklift driver’s ankle was struck by a spreader bar during offloading from a truck at the logistics base. There were no lifting pockets welded onto the bar. In past lifting operations, the spreader bar had been placed on wooden blocks on the truck bed and lifted directly on the forks of a forklift. This time the wooden blocks were not in place.","[""Line of Fire"", ""Energy Isolation"", ""Safe Mechanical Lifting""]",[],"[""Line of Fire"", ""Energy Isolation"", ""Safe Mechanical Lifting""]",MULTI,3,"[""Safety performance indicators \u2013 2024 data.pdf"", ""Safety performance indicators \u2013 2025 data.pdf""]",[34],"[""LSR-CAND-000059"", ""LSR-CAND-000060"", ""LSR-CAND-000315"", ""LSR-CAND-000316""]",PRIMARY LIFE-SAVING RULE:  Line of fire | SECONARY LIFE-SAVING RULE:  Energy isolation | PRIMARY LIFE-SAVING RULE:  Safe mechanical lifting | SECONARY LIFE-SAVING RULE:  Line of fire,IOGP_STAGE37A1,SOURCE_GROUNDED,SOURCE_EXTRACTED,REVIEW_REQUIRED,2026-09-03T06:19:44Z,False,,,,,,
INCIDENT-GOLD-0043,GRP-Safety performa-P35,"PROCESS (CONDITIONS): Organizational: Inadequate hazard identification or risk assessment PROCESS (CONDITIONS): Organizational: Inadequate supervision DATE: 01 Sep 2025 FUNCTION: Drilling CAUSE: Falls from height ACTIVITY: Construction, commissioning, decommissioning On an offshore drilling rig, on 1 September 2025, personnel and marine crew were installing handrails on top of a unit on the main deck. Handrail sections (60–90 kg) were lifted by deck crane to the top of the unit, where an operator","[""Working at Height"", ""Safe Mechanical Lifting"", ""Work Authorization""]",[],"[""Safe Mechanical Lifting"", ""Working at Height"", ""Work Authorization""]",MULTI,3,"[""Safety performance indicators \u2013 2024 data.pdf"", ""Safety performance indicators \u2013 2025 data.pdf""]",[35],"[""LSR-CAND-000061"", ""LSR-CAND-000062"", ""LSR-CAND-000317"", ""LSR-CAND-000318""]",PRIMARY LIFE-SAVING RULE:  Working at height | SECONARY LIFE-SAVING RULE:  Safe mechanical lifting | SECONARY LIFE-SAVING RULE:  Work authorization,IOGP_STAGE37A1,SOURCE_GROUNDED,SOURCE_EXTRACTED,REVIEW_REQUIRED,2026-09-03T06:19:44Z,False,,,,,,
INCIDENT-GOLD-0044,GRP-Safety performa-P36,"PEOPLE (ACTS): Following Procedures: Improper position (in the line of fire) PEOPLE (ACTS): Use of Tools, Equipment, Materials and Products: Improper use/position of tools/equipment/ materials/products PEOPLE (ACTS): Use of Protective Methods: Personal Protective Equipment not used or used improperly PROCESS (CONDITIONS): Tools, Equipment, Materials and Products: Inadequate design/specification/management PROCESS (CONDITIONS): Organizational: Inadequate training/competence PROCESS (CONDITIONS): Organizational: Inadequate work standards/procedures PROCESS (CONDITIONS): Organizational: Inadequate hazard identification or risk assessment","[""Energy Isolation"", ""Work Authorization"", ""Safe Mechanical Lifting"", ""Line of Fire""]",[],"[""Line of Fire"", ""Energy Isolation"", ""Safe Mechanical Lifting"", ""Work Authorization""]",MULTI,4,"[""Safety performance indicators \u2013 2024 data.pdf"", ""Safety performance indicators \u2013 2025 data.pdf""]",[36],"[""LSR-CAND-000063"", ""LSR-CAND-000064"", ""LSR-CAND-000319"", ""LSR-CAND-000320""]",PRIMARY LIFE-SAVING RULE:  Energy isolation | SECONARY LIFE-SAVING RULE:  Work authorization | PRIMARY LIFE-SAVING RULE:  Safe mechanical lifting | SECONARY LIFE-SAVING RULE:  Line of fire,IOGP_STAGE37A1,SOURCE_GROUNDED,SOURCE_EXTRACTED,REVIEW_REQUIRED,2026-09-03T06:19:44Z,False,,,,,,
INCIDENT-GOLD-0045,GRP-Safety performa-P37,"DATE: 02 Apr 2025 FUNCTION: Production CAUSE: Dropped objects ACTIVITY: Lifting, crane, rigging, deck operations Collision between northern crane and derrick resulting in falling objects. WHAT WENT WRONG: Three objects fell after the north crane collided with the derrick. The crane operator had been planning to perform lubrication of the slewing ring with the logistics discipline responsible for some time, but this was changed to the","[""Working at Height"", ""Line of Fire"", ""Safe Mechanical Lifting""]",[],"[""Line of Fire"", ""Safe Mechanical Lifting"", ""Working at Height""]",MULTI,3,"[""Safety performance indicators \u2013 2024 data.pdf"", ""Safety performance indicators \u2013 2025 data.pdf""]",[37],"[""LSR-CAND-000065"", ""LSR-CAND-000066"", ""LSR-CAND-000321"", ""LSR-CAND-000322""]",PRIMARY LIFE-SAVING RULE:  Working at height | SECONARY LIFE-SAVING RULE:  Line of fire | PRIMARY LIFE-SAVING RULE:  Safe mechanical lifting,IOGP_STAGE37A1,SOURCE_GROUNDED,SOURCE_EXTRACTED,REVIEW_REQUIRED,2026-09-03T06:19:44Z,False,,,,,,
INCIDENT-GOLD-0046,GRP-Safety performa-P38,"DATE: 29 Aug 2025 FUNCTION: Production CAUSE: Exposure noise, chemical, biological, vibration, extreme temperature ACTIVITY: Maintenance, inspection, testing Two personnel experienced symptoms of severe oxygen deficiency during inspection work, but managed to self- evacuate safely. Subsequent measurements confirmed low oxygen levels inside the enclosure, linked to nitrogen ingress from the turbine seal system combined with a lack of ventilation. WHAT WENT WRONG:","[""Working at Height"", ""Bypassing Safety Controls"", ""Work Authorization""]",[],"[""Bypassing Safety Controls"", ""Working at Height"", ""Work Authorization""]",MULTI,3,"[""Safety performance indicators \u2013 2024 data.pdf"", ""Safety performance indicators \u2013 2025 data.pdf""]",[38],"[""LSR-CAND-000067"", ""LSR-CAND-000068"", ""LSR-CAND-000323"", ""LSR-CAND-000324""]",PRIMARY LIFE-SAVING RULE:  Working at height | SECONARY LIFE-SAVING RULE:  Bypassing safety controls | PRIMARY LIFE-SAVING RULE:  Bypassing safety controls | SECONARY LIFE-SAVING RULE:  Work authorization,IOGP_STAGE37A1,SOURCE_GROUNDED,SOURCE_EXTRACTED,REVIEW_REQUIRED,2026-09-03T06:19:44Z,False,,,,,,
INCIDENT-GOLD-0047,GRP-Safety performa-P39,"DATE: 02 Jul 2025 FUNCTION: Construction CAUSE: Dropped objects ACTIVITY: Lifting, crane, rigging, deck operations During preparations for installing a 20’’ sealing ring on the platform on 2 July 2025, a technician tested the ring for fit before the lift operation. The 7.1 kg ring slipped from the technician’s hands and fell 6.35 meters to the deck below, landing approximately two meters from a mechanic who was grinding at deck level. The ring then bounced and struck the mechanic on the arm. The mechanic received a first-aid level impact with no observable injury. The","[""Bypassing Safety Controls"", ""Line of Fire"", ""Safe Mechanical Lifting"", ""Working at Height""]",[],"[""Bypassing Safety Controls"", ""Line of Fire"", ""Safe Mechanical Lifting"", ""Working at Height""]",MULTI,4,"[""Safety performance indicators \u2013 2024 data.pdf"", ""Safety performance indicators \u2013 2025 data.pdf""]",[39],"[""LSR-CAND-000069"", ""LSR-CAND-000070"", ""LSR-CAND-000071"", ""LSR-CAND-000072"", ""LSR-CAND-000325"", ""LSR-CAND-000326""]",PRIMARY LIFE-SAVING RULE:  Bypassing safety controls | SECONARY LIFE-SAVING RULE:  Line of fire | PRIMARY LIFE-SAVING RULE:  Safe mechanical lifting | PRIMARY LIFE-SAVING RULE:  Line of fire | SECONARY LIFE-SAVING RULE:  Working at height,IOGP_STAGE37A1,SOURCE_GROUNDED,SOURCE_EXTRACTED,REVIEW_REQUIRED,2026-09-03T06:19:44Z,False,,,,,,
INCIDENT-GOLD-0048,GRP-Safety performa-P40,WHAT WENT WRONG: An incorrect/old maintenance manual was referred to in the maintenance system. The daily check list was incomplete. A swivel hook without a swivel bearing had been used which did not effectively prevent the transfer of rotational force from the load to the piston rod. The design of the set screws which should secure the piston rod from coming loose from the piston was inadequate. CORRECTIVE ACTIONS AND RECOMMENDATIONS: Ensure detailed specification of what type of swivel to be used. Update the daily inspection requirements and implement a routine ensuring the latest maintenance manuals are available in the maintenance system at all times.,"[""Safe Mechanical Lifting"", ""Line of Fire"", ""Working at Height""]",[],"[""Line of Fire"", ""Safe Mechanical Lifting"", ""Working at Height""]",MULTI,3,"[""Safety performance indicators \u2013 2024 data.pdf"", ""Safety performance indicators \u2013 2025 data.pdf""]",[40],"[""LSR-CAND-000073"", ""LSR-CAND-000074"", ""LSR-CAND-000327"", ""LSR-CAND-000328""]",PRIMARY LIFE-SAVING RULE:  Safe mechanical lifting | SECONARY LIFE-SAVING RULE:  Line of fire | PRIMARY LIFE-SAVING RULE:  Working at height,IOGP_STAGE37A1,SOURCE_GROUNDED,SOURCE_EXTRACTED,REVIEW_REQUIRED,2026-09-03T06:19:44Z,False,,,,,,
INCIDENT-GOLD-0049,GRP-Safety performa-P41,"CORRECTIVE ACTIONS AND RECOMMENDATIONS: • Ensure the dimensions of the plates to make up a floor for the containers are fit for purpose (no overhang). • An installation procedure for correct placement of floor plates to be developed. Follow-up checks to be implemented. PEOPLE (ACTS): Following Procedures: Deviation intentional (by individual or group) PEOPLE (ACTS): Following Procedures: Improper lifting or loading PEOPLE (ACTS): Use of Tools, Equipment, Materials and Products: Improper use/position of tools/equipment/ materials/products PEOPLE (ACTS): Use of Protective Methods: Failure to warn of hazard","[""Safe Mechanical Lifting"", ""Line of Fire""]",[],"[""Line of Fire"", ""Safe Mechanical Lifting""]",MULTI,2,"[""Safety performance indicators \u2013 2024 data.pdf"", ""Safety performance indicators \u2013 2025 data.pdf""]",[41],"[""LSR-CAND-000075"", ""LSR-CAND-000076"", ""LSR-CAND-000329"", ""LSR-CAND-000330""]",PRIMARY LIFE-SAVING RULE:  Safe mechanical lifting | SECONARY LIFE-SAVING RULE:  Line of fire | PRIMARY LIFE-SAVING RULE:  Line of fire | SECONARY LIFE-SAVING RULE:  Safe mechanical lifting,IOGP_STAGE37A1,SOURCE_GROUNDED,SOURCE_EXTRACTED,REVIEW_REQUIRED,2026-09-03T06:19:44Z,False,,,,,,
INCIDENT-GOLD-0050,GRP-Safety performa-P42,"CORRECTIVE ACTIONS AND RECOMMENDATIONS: A cross learning initiative was implemented at all offshore installations to conduct a one-hour time-out for safety on all shifts based on the established ""Safety Alert"" created following the incident. Focus on requirements related to blind driving and form of communication during planning and pre-job interviews. Follow up on any findings revealed during this time-out was also part of the initiative. The incident was investigated internally. Local recommendations were given within the following five areas: • Fulfilling the role of operational responsible person – lifting operations. • Training in handling of the hatch arrangement and lifting operations in the shaft.","[""Energy Isolation"", ""Bypassing Safety Controls"", ""Working at Height"", ""Line of Fire""]",[],"[""Bypassing Safety Controls"", ""Line of Fire"", ""Energy Isolation"", ""Working at Height""]",MULTI,4,"[""Safety performance indicators \u2013 2024 data.pdf"", ""Safety performance indicators \u2013 2025 data.pdf""]",[42],"[""LSR-CAND-000077"", ""LSR-CAND-000078"", ""LSR-CAND-000331"", ""LSR-CAND-000332""]",PRIMARY LIFE-SAVING RULE:  Energy isolation | SECONARY LIFE-SAVING RULE:  Bypassing safety controls | PRIMARY LIFE-SAVING RULE:  Working at height | SECONARY LIFE-SAVING RULE:  Line of fire,IOGP_STAGE37A1,SOURCE_GROUNDED,SOURCE_EXTRACTED,REVIEW_REQUIRED,2026-09-03T06:19:44Z,False,,,,,,
INCIDENT-GOLD-0051,GRP-Safety performa-P43,"DATE: 03 Mar 2024 FUNCTION: Drilling CAUSE: Caught in, under or between (excl. dropped objects) ACTIVITY: Drilling, workover, well operations When waiting for equipment to be lowered from the top drive to the rig floor during a period of maintenance, a member of the drill crew leant back against the operating lever for the z-back (pipe racking system) turntable at the end of the pipe skate, causing the table to turn and trap their foot. The IP was transferred to the sick bay for assessment and taken to hospital by coastguard helicopter later that evening. Operations were suspended and a","[""Line of Fire"", ""Energy Isolation"", ""Work Authorization""]",[],"[""Line of Fire"", ""Energy Isolation"", ""Work Authorization""]",MULTI,3,"[""Safety performance indicators \u2013 2024 data.pdf"", ""Safety performance indicators \u2013 2025 data.pdf""]",[43],"[""LSR-CAND-000079"", ""LSR-CAND-000080"", ""LSR-CAND-000333"", ""LSR-CAND-000334"", ""LSR-CAND-000335"", ""LSR-CAND-000336""]",PRIMARY LIFE-SAVING RULE:  Line of fire | SECONARY LIFE-SAVING RULE:  Energy isolation | PRIMARY LIFE-SAVING RULE:  Work authorization | SECONARY LIFE-SAVING RULE:  Line of fire | PRIMARY LIFE-SAVING RULE:  Energy isolation | SECONARY LIFE-SAVING RULE:  Work authorization,IOGP_STAGE37A1,SOURCE_GROUNDED,SOURCE_EXTRACTED,REVIEW_REQUIRED,2026-09-03T06:19:44Z,False,,,,,,
INCIDENT-GOLD-0052,GRP-Safety performa-P44,"DATE: 30 Jul 2024 FUNCTION: Production CAUSE: Caught in, under or between (excl. dropped objects) ACTIVITY: Maintenance, inspection, testing During non-invasive temperature monitoring of the west crane engine, as part of repair commissioning, the engineer observed an oil filter leaking (this is a known leak). Whilst investigating the leak the IP placed his hand in an area not protected by the radiator fan guard (engine running) resulting in the hand making contact with the radiator fan resulting in significant injury to fingers of his left-hand and required Medevac to hospital.","[""Energy Isolation"", ""Line of Fire"", ""Safe Mechanical Lifting"", ""Working at Height""]",[],"[""Line of Fire"", ""Energy Isolation"", ""Safe Mechanical Lifting"", ""Working at Height""]",MULTI,4,"[""Safety performance indicators \u2013 2024 data.pdf"", ""Safety performance indicators \u2013 2025 data.pdf""]",[44],"[""LSR-CAND-000081"", ""LSR-CAND-000082"", ""LSR-CAND-000083"", ""LSR-CAND-000084"", ""LSR-CAND-000337"", ""LSR-CAND-000338""]",PRIMARY LIFE-SAVING RULE:  Energy isolation | SECONARY LIFE-SAVING RULE:  Line of fire | PRIMARY LIFE-SAVING RULE:  Safe mechanical lifting | PRIMARY LIFE-SAVING RULE:  Working at height,IOGP_STAGE37A1,SOURCE_GROUNDED,SOURCE_EXTRACTED,REVIEW_REQUIRED,2026-09-03T06:19:44Z,False,,,,,,
INCIDENT-GOLD-0053,GRP-Safety performa-P45,PEOPLE (ACTS): Following Procedures: Improper position (in the line of fire) PEOPLE (ACTS): Use of Protective Methods: Failure to warn of hazard PEOPLE (ACTS): Use of Protective Methods: Inadequate use of safety systems PEOPLE (ACTS): Use of Protective Methods: Personal Protective Equipment not used or used improperly PEOPLE (ACTS): Inattention/Lack of Awareness: Lack of attention/distracted by other concerns/stress PROCESS (CONDITIONS): Organizational: Inadequate training/competence PROCESS (CONDITIONS): Organizational: Inadequate hazard identification or risk assessment DATE: 07 May 2025,"[""Line of Fire"", ""Working at Height""]",[],"[""Line of Fire"", ""Working at Height""]",MULTI,2,"[""Safety performance indicators \u2013 2024 data.pdf"", ""Safety performance indicators \u2013 2025 data.pdf""]",[45],"[""LSR-CAND-000085"", ""LSR-CAND-000339"", ""LSR-CAND-000340""]",PRIMARY LIFE-SAVING RULE:  Line of fire | PRIMARY LIFE-SAVING RULE:  Working at height | SECONARY LIFE-SAVING RULE:  Line of fire,IOGP_STAGE37A1,SOURCE_GROUNDED,SOURCE_EXTRACTED,REVIEW_REQUIRED,2026-09-03T06:19:44Z,False,,,,,,
INCIDENT-GOLD-0056,GRP-Safety performa-P48,"DATE: 08 Apr 2025 FUNCTION: Production CAUSE: Pressure release ACTIVITY: Maintenance, inspection, testing A contractor mechanical field service representative and mechanical team had disconnected the export gas compressor gas turbine’s primary and secondary flexible fuel gas hoses. After disconnecting the hoses, the contractor field service representative was on the back side of the gas turbine while the mechanical technicians were on the front side. While lying beneath the gas turbine to check the water wash drain tube under the gas","[""Safe Mechanical Lifting"", ""Line of Fire"", ""Energy Isolation""]",[],"[""Line of Fire"", ""Energy Isolation"", ""Safe Mechanical Lifting""]",MULTI,3,"[""Safety performance indicators \u2013 2024 data.pdf"", ""Safety performance indicators \u2013 2025 data.pdf""]",[48],"[""LSR-CAND-000089"", ""LSR-CAND-000090"", ""LSR-CAND-000345"", ""LSR-CAND-000346""]",PRIMARY LIFE-SAVING RULE:  Safe mechanical lifting | SECONARY LIFE-SAVING RULE:  Line of fire | PRIMARY LIFE-SAVING RULE:  Energy isolation,IOGP_STAGE37A1,SOURCE_GROUNDED,SOURCE_EXTRACTED,REVIEW_REQUIRED,2026-09-03T06:19:44Z,False,,,,,,
INCIDENT-GOLD-0057,GRP-Safety performa-P49,"PEOPLE (ACTS): Following Procedures: Deviation unintentional (by individual or group) PEOPLE (ACTS): Following Procedures: Improper position (in the line of fire) PEOPLE (ACTS): Following Procedures: Improper lifting or loading PEOPLE (ACTS): Use of Tools, Equipment, Materials and Products: Improper use/position of tools/equipment/ materials/products PROCESS (CONDITIONS): Protective Systems: Inadequate/defective warning systems/safety devices PROCESS (CONDITIONS): Organizational: Inadequate hazard identification or risk assessment DATE: 01 Apr 2024","[""Safe Mechanical Lifting"", ""Line of Fire"", ""Driving""]",[],"[""Driving"", ""Line of Fire"", ""Safe Mechanical Lifting""]",MULTI,3,"[""Safety performance indicators \u2013 2024 data.pdf"", ""Safety performance indicators \u2013 2025 data.pdf""]",[49],"[""LSR-CAND-000091"", ""LSR-CAND-000092"", ""LSR-CAND-000347"", ""LSR-CAND-000348""]",PRIMARY LIFE-SAVING RULE:  Safe mechanical lifting | SECONARY LIFE-SAVING RULE:  Line of fire | PRIMARY LIFE-SAVING RULE:  Driving,IOGP_STAGE37A1,SOURCE_GROUNDED,SOURCE_EXTRACTED,REVIEW_REQUIRED,2026-09-03T06:19:44Z,False,,,,,,
INCIDENT-GOLD-0059,GRP-Safety performa-P50,"2. Avoid sharp edges: - ensure that no tools being lifted have sharp edges, as these can deteriorate lifting belts. 3. Alternative lifting gear: - consider using different types of lifting gear, such as pulling clamps or two-side lifting clamps, to enhance safety and efficiency. 4. Coiled tubing mounting unit: - evaluate the feasibility of using a coiled tubing mounting unit to avoid the need for feeding coiled tubing into the injector head.","[""Confined Space"", ""Bypassing Safety Controls"", ""Working at Height"", ""Line of Fire""]",[],"[""Bypassing Safety Controls"", ""Line of Fire"", ""Working at Height"", ""Confined Space""]",MULTI,4,"[""Safety performance indicators \u2013 2024 data.pdf"", ""Safety performance indicators \u2013 2025 data.pdf""]",[50],"[""LSR-CAND-000093"", ""LSR-CAND-000094"", ""LSR-CAND-000349"", ""LSR-CAND-000350""]",PRIMARY LIFE-SAVING RULE:  Confined space | SECONARY LIFE-SAVING RULE:  Bypassing safety controls | PRIMARY LIFE-SAVING RULE:  Working at height | SECONARY LIFE-SAVING RULE:  Line of fire,IOGP_STAGE37A1,SOURCE_GROUNDED,SOURCE_EXTRACTED,REVIEW_REQUIRED,2026-09-03T06:19:44Z,False,,,,,,
INCIDENT-GOLD-0060,GRP-Safety performa-P51,"DATE: 24 Mar 2025 FUNCTION: Construction CAUSE: Dropped objects ACTIVITY: Construction, commissioning, decommissioning A gate door (two sections) of the Blasting Shop toppled over due to strong winds (approximately 16m/s). Each door section measures 7.5m x 4m and weighs approx. 425kg. They landed on the ground and came to rest on a pipe stand, resulting in damage to the cladding and frame. The incident occurred next to a pedestrian walkway, but no personnel were in the vicinity at the time. No personal Injury was reported","[""Working at Height"", ""Line of Fire"", ""Bypassing Safety Controls""]",[],"[""Bypassing Safety Controls"", ""Line of Fire"", ""Working at Height""]",MULTI,3,"[""Safety performance indicators \u2013 2024 data.pdf"", ""Safety performance indicators \u2013 2025 data.pdf""]",[51],"[""LSR-CAND-000095"", ""LSR-CAND-000096"", ""LSR-CAND-000351"", ""LSR-CAND-000352""]",PRIMARY LIFE-SAVING RULE:  Working at height | SECONARY LIFE-SAVING RULE:  Line of fire | PRIMARY LIFE-SAVING RULE:  Line of fire | SECONARY LIFE-SAVING RULE:  Bypassing safety controls,IOGP_STAGE37A1,SOURCE_GROUNDED,SOURCE_EXTRACTED,REVIEW_REQUIRED,2026-09-03T06:19:44Z,False,,,,,,
INCIDENT-GOLD-0061,GRP-Safety performa-P52,"• Supervisors have been instructed to actively monitor scaffolding activities to ensure adherence to safety protocols and proper risk management practices. • Realistic task schedules are established to prevent time pressures that may lead to shortcut actions. • All scaffolding activities are closely linked to the Work Permit system, ensuring strict compliance with outlined safety requirements before work commences. PEOPLE (ACTS): Following Procedures: Improper position (in the line of fire) PROCESS (CONDITIONS): Organizational: Inadequate training/competence PROCESS (CONDITIONS): Organizational: Inadequate work standards/procedures","[""Line of Fire"", ""Bypassing Safety Controls""]",[],"[""Bypassing Safety Controls"", ""Line of Fire""]",MULTI,2,"[""Safety performance indicators \u2013 2024 data.pdf"", ""Safety performance indicators \u2013 2025 data.pdf""]",[52],"[""LSR-CAND-000097"", ""LSR-CAND-000353"", ""LSR-CAND-000354""]",PRIMARY LIFE-SAVING RULE:  Line of fire | PRIMARY LIFE-SAVING RULE:  Bypassing safety controls | SECONARY LIFE-SAVING RULE:  Line of fire,IOGP_STAGE37A1,SOURCE_GROUNDED,SOURCE_EXTRACTED,REVIEW_REQUIRED,2026-09-03T06:19:44Z,False,,,,,,
INCIDENT-GOLD-0062,GRP-Safety performa-P53,"PROCESS (CONDITIONS): Organizational: Inadequate work standards/procedures PROCESS (CONDITIONS): Organizational: Inadequate hazard identification or risk assessment PROCESS (CONDITIONS): Organizational: Inadequate supervision DATE: 24 Feb 2024 FUNCTION: Drilling CAUSE: Exposure noise, chemical, biological, vibration, extreme temperature ACTIVITY: Drilling, workover, well operations During well control killing operation by bleeding pressure through choke manifold to flow back tank. Driller smelled","[""Bypassing Safety Controls"", ""Line of Fire"", ""Energy Isolation""]",[],"[""Bypassing Safety Controls"", ""Line of Fire"", ""Energy Isolation""]",MULTI,3,"[""Safety performance indicators \u2013 2024 data.pdf"", ""Safety performance indicators \u2013 2025 data.pdf""]",[53],"[""LSR-CAND-000098"", ""LSR-CAND-000099"", ""LSR-CAND-000100"", ""LSR-CAND-000355"", ""LSR-CAND-000356""]",PRIMARY LIFE-SAVING RULE:  Bypassing safety controls | SECONARY LIFE-SAVING RULE:  Line of fire | PRIMARY LIFE-SAVING RULE:  Energy isolation,IOGP_STAGE37A1,SOURCE_GROUNDED,SOURCE_EXTRACTED,REVIEW_REQUIRED,2026-09-03T06:19:44Z,False,,,,,,
INCIDENT-GOLD-0063,GRP-Safety performa-P54,"DATE: 01 Jun 2025 FUNCTION: Construction CAUSE: Pressure release ACTIVITY: Lifting, crane, rigging, deck operations A telehandler operator was moving a 714kg pipe spool when he observed a trailer blocking his access. The operator pulled the telehandler over to the side waiting for the trailer to move away. When the trailer moved, the operator started to reverse the telehandler. After reversing approximately 2 metres, the front right tyre of the telehandler failed and exploded. The release of pressure ejected the tyre 7 metres away from the telehandler. The primary","[""Safe Mechanical Lifting"", ""Line of Fire"", ""Bypassing Safety Controls""]",[],"[""Bypassing Safety Controls"", ""Line of Fire"", ""Safe Mechanical Lifting""]",MULTI,3,"[""Safety performance indicators \u2013 2024 data.pdf"", ""Safety performance indicators \u2013 2025 data.pdf""]",[54],"[""LSR-CAND-000101"", ""LSR-CAND-000102"", ""LSR-CAND-000357"", ""LSR-CAND-000358""]",PRIMARY LIFE-SAVING RULE:  Safe mechanical lifting | SECONARY LIFE-SAVING RULE:  Line of fire | PRIMARY LIFE-SAVING RULE:  Line of fire | SECONARY LIFE-SAVING RULE:  Bypassing safety controls,IOGP_STAGE37A1,SOURCE_GROUNDED,SOURCE_EXTRACTED,REVIEW_REQUIRED,2026-09-03T06:19:44Z,False,,,,,,
INCIDENT-GOLD-0064,GRP-Safety performa-P55,"DATE: 11 Jan 2025 FUNCTION: Construction CAUSE: Struck by (not dropped object) ACTIVITY: Lifting, crane, rigging, deck operations An 800-ton crawler crane and a 280-ton crawler crane had concluded lifting operations and were idle. A civil crew requested the 800-ton crane operator to reposition the hook so they could avoid working under it. While slewing, the boom tip section of the 800-ton crawler crane contacted the wire rope of the stationary 280-ton crawler crane. The crane was operating within a barricaded area. No visible damage was found on both crawler cranes, and there were","[""Driving"", ""Line of Fire"", ""Safe Mechanical Lifting""]",[],"[""Driving"", ""Line of Fire"", ""Safe Mechanical Lifting""]",MULTI,3,"[""Safety performance indicators \u2013 2024 data.pdf"", ""Safety performance indicators \u2013 2025 data.pdf""]",[55],"[""LSR-CAND-000103"", ""LSR-CAND-000104"", ""LSR-CAND-000105"", ""LSR-CAND-000106"", ""LSR-CAND-000359"", ""LSR-CAND-000360""]",PRIMARY LIFE-SAVING RULE:  Driving | SECONARY LIFE-SAVING RULE:  Line of fire | PRIMARY LIFE-SAVING RULE:  Line of fire | SECONARY LIFE-SAVING RULE:  Safe mechanical lifting | PRIMARY LIFE-SAVING RULE:  Safe mechanical lifting,IOGP_STAGE37A1,SOURCE_GROUNDED,SOURCE_EXTRACTED,REVIEW_REQUIRED,2026-09-03T06:19:44Z,False,,,,,,
INCIDENT-GOLD-0066,GRP-Safety performa-P57,"DATE: 23 Aug 2024 FUNCTION: Production CAUSE: Explosion, fire or burns ACTIVITY: Maintenance, inspection, testing On 23 Aug 2024 at around 15:30hrs, there was an explosion in the gas chromatograph (GC) lab, which resulted in property damage and burns to a lab analyst. The incident occurred while the lab analyst was calibrating a total sulphur analyzer. During the calibration of the total sulphur analyzer, LPG was released from the cylinder used for the calibration, and the vaporized LPG came into contact with an ignition source causing an explosion and fire.","[""Energy Isolation"", ""Line of Fire"", ""Work Authorization""]",[],"[""Line of Fire"", ""Energy Isolation"", ""Work Authorization""]",MULTI,3,"[""Safety performance indicators \u2013 2024 data.pdf"", ""Safety performance indicators \u2013 2025 data.pdf""]",[57],"[""LSR-CAND-000109"", ""LSR-CAND-000110"", ""LSR-CAND-000363"", ""LSR-CAND-000364""]",PRIMARY LIFE-SAVING RULE:  Energy isolation | SECONARY LIFE-SAVING RULE:  Line of fire | PRIMARY LIFE-SAVING RULE:  Line of fire | SECONARY LIFE-SAVING RULE:  Work authorization,IOGP_STAGE37A1,SOURCE_GROUNDED,SOURCE_EXTRACTED,REVIEW_REQUIRED,2026-09-03T06:19:44Z,False,,,,,,
INCIDENT-GOLD-0067,GRP-Safety performa-P58,"DATE: 03 Sep 2025 FUNCTION: Construction CAUSE: Caught in, under or between (excl. dropped objects) ACTIVITY: Construction, commissioning, decommissioning Workers were unloading sandbags from the bucket of a wheel loader. While unloading the sandbags, a worker’s left foot was under the loader’s bucket. The bucket was inadvertently lowered, resulting in a crush injury to the worker (hereinafter referred to as the injured person or IP). WHAT WENT WRONG:","[""Work Authorization"", ""Line of Fire"", ""Safe Mechanical Lifting""]",[],"[""Line of Fire"", ""Safe Mechanical Lifting"", ""Work Authorization""]",MULTI,3,"[""Safety performance indicators \u2013 2024 data.pdf"", ""Safety performance indicators \u2013 2025 data.pdf""]",[58],"[""LSR-CAND-000112"", ""LSR-CAND-000113"", ""LSR-CAND-000365"", ""LSR-CAND-000366""]",PRIMARY LIFE-SAVING RULE:  Work authorization | SECONARY LIFE-SAVING RULE:  Line of fire | PRIMARY LIFE-SAVING RULE:  Safe mechanical lifting,IOGP_STAGE37A1,SOURCE_GROUNDED,SOURCE_EXTRACTED,REVIEW_REQUIRED,2026-09-03T06:19:44Z,False,,,,,,
INCIDENT-GOLD-0068,GRP-Safety performa-P59,"DATE: 30 Apr 2025 FUNCTION: Construction CAUSE: Dropped objects ACTIVITY: Transport - Land On 30/04/2025, a High Potential (HIPO) occurred when a crane’s counterweight of 15 tonnes fell off the trailer due to failure in the securing belt. The trailer was moving from the laydown area to the well-pad. No personnel injuries WHAT WENT WRONG: • The trailer was hired from supplier/vendor for material transportation and driver was not aware of the road","[""Driving"", ""Line of Fire"", ""Energy Isolation""]",[],"[""Driving"", ""Line of Fire"", ""Energy Isolation""]",MULTI,3,"[""Safety performance indicators \u2013 2024 data.pdf"", ""Safety performance indicators \u2013 2025 data.pdf""]",[59],"[""LSR-CAND-000114"", ""LSR-CAND-000115"", ""LSR-CAND-000116"", ""LSR-CAND-000117"", ""LSR-CAND-000367"", ""LSR-CAND-000368""]",PRIMARY LIFE-SAVING RULE:  Driving | SECONARY LIFE-SAVING RULE:  Line of fire | PRIMARY LIFE-SAVING RULE:  Line of fire | SECONARY LIFE-SAVING RULE:  Energy isolation,IOGP_STAGE37A1,SOURCE_GROUNDED,SOURCE_EXTRACTED,REVIEW_REQUIRED,2026-09-03T06:19:44Z,False,,,,,,
INCIDENT-GOLD-0069,GRP-Safety performa-P6,"DATE: 01 May 2025 FUNCTION: Drilling CAUSE: Struck by (not dropped object) ACTIVITY: Lifting, crane, rigging, deck operations At around 4am on 1st of May, the two men on the crane were assigned to a new location. The operation involved depositing the counterweights. Following a counter-order from the supervisor, they had to carry out a final lift before going on to the new location. The spider chains were replaced on the counterweights. As the chains are lifted, one of the hooks gets caught in the guide of the counterweight. When the chains come off, they have a spring","[""Line of Fire"", ""Safe Mechanical Lifting""]",[],"[""Line of Fire"", ""Safe Mechanical Lifting""]",MULTI,2,"[""Safety performance indicators \u2013 2024 data.pdf"", ""Safety performance indicators \u2013 2025 data.pdf""]",[6],"[""LSR-CAND-000005"", ""LSR-CAND-000248"", ""LSR-CAND-000249""]",PRIMARY LIFE-SAVING RULE:  Line of fire | PRIMARY LIFE-SAVING RULE:  Safe mechanical lifting | SECONARY LIFE-SAVING RULE:  Line of fire,IOGP_STAGE37A1,SOURCE_GROUNDED,SOURCE_EXTRACTED,REVIEW_REQUIRED,2026-09-03T06:19:44Z,False,,,,,,
INCIDENT-GOLD-0071,GRP-Safety performa-P61,"• Conduct hazard identification and mitigation before entering the incident scene for data collection. • Discuss solutions with the blower manufacturer to prevent impeller rotation during installation and • Update the energy isolation program and training to include incident findings and emphasise “Lock, Block & Bleed.” • Communicate incident findings to all site personnel during Toolbox Talks. PEOPLE (ACTS): Following Procedures: Improper position (in the line of fire) PROCESS (CONDITIONS): Organizational: Inadequate work standards/procedures DATE: 10 Feb 2024 FUNCTION: Construction","[""Driving"", ""Line of Fire"", ""Safe Mechanical Lifting""]",[],"[""Driving"", ""Line of Fire"", ""Safe Mechanical Lifting""]",MULTI,3,"[""Safety performance indicators \u2013 2024 data.pdf"", ""Safety performance indicators \u2013 2025 data.pdf""]",[61],"[""LSR-CAND-000120"", ""LSR-CAND-000371"", ""LSR-CAND-000372""]",PRIMARY LIFE-SAVING RULE:  Driving | PRIMARY LIFE-SAVING RULE:  Line of fire | SECONARY LIFE-SAVING RULE:  Safe mechanical lifting,IOGP_STAGE37A1,SOURCE_GROUNDED,SOURCE_EXTRACTED,REVIEW_REQUIRED,2026-09-03T06:19:44Z,False,,,,,,
INCIDENT-GOLD-0073,GRP-Safety performa-P63,"PROCESS (CONDITIONS): Organizational: Inadequate work standards/procedures PROCESS (CONDITIONS): Organizational: Inadequate hazard identification or risk assessment PROCESS (CONDITIONS): Organizational: Inadequate communication PROCESS (CONDITIONS): Organizational: Poor leadership/organizational culture PROCESS (CONDITIONS): Organizational: Failure to report/learn from events DATE: 12 May 2025 FUNCTION: Production CAUSE: Caught in, under or between (excl. dropped objects)","[""Line of Fire"", ""Safe Mechanical Lifting""]",[],"[""Line of Fire"", ""Safe Mechanical Lifting""]",MULTI,2,"[""Safety performance indicators \u2013 2025 data.pdf""]",[63],"[""LSR-CAND-000375"", ""LSR-CAND-000376""]",PRIMARY LIFE-SAVING RULE:  Line of fire | SECONARY LIFE-SAVING RULE:  Safe mechanical lifting,IOGP_STAGE37A1,SOURCE_GROUNDED,SOURCE_EXTRACTED,REVIEW_REQUIRED,2026-09-03T06:19:44Z,False,,,,,,
INCIDENT-GOLD-0074,GRP-Safety performa-P64,"PROCESS (CONDITIONS): Organizational: Inadequate hazard identification or risk assessment PROCESS (CONDITIONS): Organizational: Inadequate communication DATE: 28 Oct 2025 FUNCTION: Production CAUSE: Falls from height ACTIVITY: Construction, commissioning, decommissioning Two project contractors were observed working outside the handrail on structural beams approximately 30 meters above sea level. They were without the required fall-prevention barriers or authorized permits. Both individuals","[""Line of Fire"", ""Working at Height""]",[],"[""Line of Fire"", ""Working at Height""]",MULTI,2,"[""Safety performance indicators \u2013 2024 data.pdf"", ""Safety performance indicators \u2013 2025 data.pdf""]",[64],"[""LSR-CAND-000125"", ""LSR-CAND-000377"", ""LSR-CAND-000378""]",PRIMARY LIFE-SAVING RULE:  Line of fire | PRIMARY LIFE-SAVING RULE:  Working at height | SECONARY LIFE-SAVING RULE:  Line of fire,IOGP_STAGE37A1,SOURCE_GROUNDED,SOURCE_EXTRACTED,REVIEW_REQUIRED,2026-09-03T06:19:44Z,False,,,,,,
INCIDENT-GOLD-0075,GRP-Safety performa-P65,"DATE: 13 Apr 2024 FUNCTION: Drilling CAUSE: Dropped objects ACTIVITY: Lifting, crane, rigging, deck operations Hybrid bridge plug dropped onto drill floor while lifting; during lifting operations, hybrid bridge plug was lifted horizontally from cantilever to the drill floor by port aft crane. Top Drive System (TDS) elevators were latched onto the top of hybrid bridge plug and lifted to vertical position in order to disconnect crane wire sling. As soon as hybrid bridge plug was close to vertical position, the running tool released causing the hybrid bridge plug to drop on the rig","[""Safe Mechanical Lifting"", ""Line of Fire"", ""Energy Isolation""]",[],"[""Line of Fire"", ""Energy Isolation"", ""Safe Mechanical Lifting""]",MULTI,3,"[""Safety performance indicators \u2013 2024 data.pdf"", ""Safety performance indicators \u2013 2025 data.pdf""]",[65],"[""LSR-CAND-000126"", ""LSR-CAND-000127"", ""LSR-CAND-000379"", ""LSR-CAND-000380""]",PRIMARY LIFE-SAVING RULE:  Safe mechanical lifting | SECONARY LIFE-SAVING RULE:  Line of fire | PRIMARY LIFE-SAVING RULE:  Energy isolation,IOGP_STAGE37A1,SOURCE_GROUNDED,SOURCE_EXTRACTED,REVIEW_REQUIRED,2026-09-03T06:19:44Z,False,,,,,,
INCIDENT-GOLD-0077,GRP-Safety performa-P67,"DATE: 28 Feb 2025 FUNCTION: Production CAUSE: Exposure noise, chemical, biological, vibration, extreme temperature ACTIVITY: Transport - Land During a fluid-hauling task, water transfer to a tank truck was completed and the hose was disconnected. A valve was found not fully closed, and hot fluid sprayed during subsequent valve manipulation. The job was stopped, emergency medical response was initiated, and the well/site was shut down to support response and control the WHAT WENT WRONG:","[""Bypassing Safety Controls"", ""Line of Fire"", ""Energy Isolation""]",[],"[""Bypassing Safety Controls"", ""Line of Fire"", ""Energy Isolation""]",MULTI,3,"[""Safety performance indicators \u2013 2024 data.pdf"", ""Safety performance indicators \u2013 2025 data.pdf""]",[67],"[""LSR-CAND-000130"", ""LSR-CAND-000131"", ""LSR-CAND-000383"", ""LSR-CAND-000384""]",PRIMARY LIFE-SAVING RULE:  Bypassing safety controls | SECONARY LIFE-SAVING RULE:  Line of fire | PRIMARY LIFE-SAVING RULE:  Line of fire | SECONARY LIFE-SAVING RULE:  Energy isolation,IOGP_STAGE37A1,SOURCE_GROUNDED,SOURCE_EXTRACTED,REVIEW_REQUIRED,2026-09-03T06:19:44Z,False,,,,,,
INCIDENT-GOLD-0079,GRP-Safety performa-P69,"DATE: 30 Jan 2024 FUNCTION: Construction CAUSE: Struck by (not dropped object) ACTIVITY: Transport – Water, incl. marine activity Dive support vessel contacted with non-commissioned platform: the saturation diving vessel was positioned 750 meters southeast of the affected platform, awaiting favourable weather conditions. The vessel's dynamic positioning (DP) system was engaged, with yaw under automatic control and surge and sway managed via joystick control. The senior dynamic positioning operator made a surge adjustment on the joystick to counteract the wind and sea forces","[""Bypassing Safety Controls"", ""Line of Fire"", ""Energy Isolation""]",[],"[""Bypassing Safety Controls"", ""Line of Fire"", ""Energy Isolation""]",MULTI,3,"[""Safety performance indicators \u2013 2024 data.pdf"", ""Safety performance indicators \u2013 2025 data.pdf""]",[69],"[""LSR-CAND-000133"", ""LSR-CAND-000134"", ""LSR-CAND-000389"", ""LSR-CAND-000390""]",PRIMARY LIFE-SAVING RULE:  Bypassing safety controls | SECONARY LIFE-SAVING RULE:  Line of fire | PRIMARY LIFE-SAVING RULE:  Energy isolation,IOGP_STAGE37A1,SOURCE_GROUNDED,SOURCE_EXTRACTED,REVIEW_REQUIRED,2026-09-03T06:19:44Z,False,,,,,,
INCIDENT-GOLD-0080,GRP-Safety performa-P7,"DATE: 18 Aug 2025 FUNCTION: Drilling CAUSE: Struck by (not dropped object) ACTIVITY: Lifting, crane, rigging, deck operations On 18 August 2025, a team was installing a 6-inch pipe over a 35-metre section between two lines. This pipe was also to be used during WO operations. During the operation, the team separated a 6-inch pipe from a 2-inch pipe, both of which had previously been tied together with cords. During the lifting phase, the cords were gradually cut to separate the two pipes. When the third cord was cut, the tension accumulated in the 6-inch pipe, which was","[""Energy Isolation"", ""Line of Fire"", ""Work Authorization""]",[],"[""Line of Fire"", ""Energy Isolation"", ""Work Authorization""]",MULTI,3,"[""Safety performance indicators \u2013 2024 data.pdf"", ""Safety performance indicators \u2013 2025 data.pdf""]",[7],"[""LSR-CAND-000006"", ""LSR-CAND-000007"", ""LSR-CAND-000008"", ""LSR-CAND-000250"", ""LSR-CAND-000251""]",PRIMARY LIFE-SAVING RULE:  Energy isolation | SECONARY LIFE-SAVING RULE:  Line of fire | PRIMARY LIFE-SAVING RULE:  Line of fire | SECONARY LIFE-SAVING RULE:  Work authorization,IOGP_STAGE37A1,SOURCE_GROUNDED,SOURCE_EXTRACTED,REVIEW_REQUIRED,2026-09-03T06:19:44Z,False,,,,,,
INCIDENT-GOLD-0081,GRP-Safety performa-P70,"NORTH AMERICA ONSHORE DATE: 16 Jun 2024 FUNCTION: Drilling CAUSE: Caught in, under or between (excl. dropped objects) ACTIVITY: Drilling, workover, well operations While laying out 114.3mm tubing, the injured person (IP) was assisting the floor hand with the tubing tongs and clamps. As the floor hand hoisted the tubing tongs to install them on the stump, the IP grabbed the handle of the open tong door latch to guide the tongs into place, but the tongs were not properly aligned with the stump. When","[""Line of Fire"", ""Bypassing Safety Controls"", ""Safe Mechanical Lifting"", ""Work Authorization"", ""Confined Space""]",[],"[""Bypassing Safety Controls"", ""Line of Fire"", ""Safe Mechanical Lifting"", ""Work Authorization"", ""Confined Space""]",MULTI,5,"[""Safety performance indicators \u2013 2024 data.pdf"", ""Safety performance indicators \u2013 2025 data.pdf""]",[70],"[""LSR-CAND-000135"", ""LSR-CAND-000136"", ""LSR-CAND-000137"", ""LSR-CAND-000391"", ""LSR-CAND-000392"", ""LSR-CAND-000393"", ""LSR-CAND-000394""]",PRIMARY LIFE-SAVING RULE:  Line of fire | SECONARY LIFE-SAVING RULE:  Bypassing safety controls | PRIMARY LIFE-SAVING RULE:  Safe mechanical lifting | SECONARY LIFE-SAVING RULE:  Line of fire | PRIMARY LIFE-SAVING RULE:  Work authorization | SECONARY LIFE-SAVING RULE:  Confined space,IOGP_STAGE37A1,SOURCE_GROUNDED,SOURCE_EXTRACTED,REVIEW_REQUIRED,2026-09-03T06:19:44Z,False,,,,,,
INCIDENT-GOLD-0083,GRP-Safety performa-P72,"DATE: 14 Mar 2024 FUNCTION: Drilling CAUSE: Caught in, under or between (excl. dropped objects) ACTIVITY: Lifting, crane, rigging, deck operations A forklift was tipped on its side after attempting to unload a high-pressure hose off the back of a frac pump. The forklift operator was lifting one end of the hose while the pump was pulled forward. The end of the hose that was laying on the back of the pump was caught on the hose rack and pulled the forklift with it. No injuries were reported. WHAT WENT WRONG:","[""Safe Mechanical Lifting"", ""Line of Fire"", ""Energy Isolation""]",[],"[""Line of Fire"", ""Energy Isolation"", ""Safe Mechanical Lifting""]",MULTI,3,"[""Safety performance indicators \u2013 2024 data.pdf"", ""Safety performance indicators \u2013 2025 data.pdf""]",[72],"[""LSR-CAND-000139"", ""LSR-CAND-000140"", ""LSR-CAND-000141"", ""LSR-CAND-000142"", ""LSR-CAND-000397"", ""LSR-CAND-000398""]",PRIMARY LIFE-SAVING RULE:  Safe mechanical lifting | SECONARY LIFE-SAVING RULE:  Line of fire | PRIMARY LIFE-SAVING RULE:  Energy isolation,IOGP_STAGE37A1,SOURCE_GROUNDED,SOURCE_EXTRACTED,REVIEW_REQUIRED,2026-09-03T06:19:44Z,False,,,,,,
INCIDENT-GOLD-0085,GRP-Safety performa-P74,"DATE: 05 Apr 2024 FUNCTION: Drilling CAUSE: Dropped objects ACTIVITY: Lifting, crane, rigging, deck operations A wellhead spool and stinger was dropped from the top of the wellhead due to improper rigging. A two-leg chain listing sling that was missing the safety hook latches were used to lift. One of the hooks came loose as the crane lowered the stinger into position causing the stinger to fall to the ground. No injuries were reported. WHAT WENT WRONG:","[""Safe Mechanical Lifting"", ""Line of Fire"", ""Bypassing Safety Controls"", ""Energy Isolation""]",[],"[""Bypassing Safety Controls"", ""Line of Fire"", ""Energy Isolation"", ""Safe Mechanical Lifting""]",MULTI,4,"[""Safety performance indicators \u2013 2024 data.pdf"", ""Safety performance indicators \u2013 2025 data.pdf""]",[74],"[""LSR-CAND-000147"", ""LSR-CAND-000148"", ""LSR-CAND-000149"", ""LSR-CAND-000150"", ""LSR-CAND-000401"", ""LSR-CAND-000402""]",PRIMARY LIFE-SAVING RULE:  Safe mechanical lifting | SECONARY LIFE-SAVING RULE:  Line of fire | PRIMARY LIFE-SAVING RULE:  Bypassing safety controls | SECONARY LIFE-SAVING RULE:  Safe mechanical lifting | PRIMARY LIFE-SAVING RULE:  Energy isolation,IOGP_STAGE37A1,SOURCE_GROUNDED,SOURCE_EXTRACTED,REVIEW_REQUIRED,2026-09-03T06:19:44Z,False,,,,,,
INCIDENT-GOLD-0086,GRP-Safety performa-P75,"DATE: 21 Apr 2025 COUNTRY: Azerbaijan FUNCTION: Drilling CAUSE: Caught in, under or between (excl. dropped objects) ACTIVITY: Office, warehouse, accommodation, catering Following heavy rainfall, landslide occurred in the area behind the ten wagon-type cabins (accommodation, canteen, washing, changing, and rest facilities) located at the oil well site. A ground instability and multiple surface cracks were identified in the surrounding area.","[""Bypassing Safety Controls"", ""Line of Fire"", ""Energy Isolation""]",[],"[""Bypassing Safety Controls"", ""Line of Fire"", ""Energy Isolation""]",MULTI,3,"[""Safety performance indicators \u2013 2024 data.pdf"", ""Safety performance indicators \u2013 2025 data.pdf""]",[75],"[""LSR-CAND-000151"", ""LSR-CAND-000152"", ""LSR-CAND-000153"", ""LSR-CAND-000154"", ""LSR-CAND-000403"", ""LSR-CAND-000404""]",PRIMARY LIFE-SAVING RULE:  Bypassing safety controls | SECONARY LIFE-SAVING RULE:  Line of fire | PRIMARY LIFE-SAVING RULE:  Line of fire | SECONARY LIFE-SAVING RULE:  Energy isolation | SECONARY LIFE-SAVING RULE:  Bypassing safety controls,IOGP_STAGE37A1,SOURCE_GROUNDED,SOURCE_EXTRACTED,REVIEW_REQUIRED,2026-09-03T06:19:44Z,False,,,,,,
INCIDENT-GOLD-0088,GRP-Safety performa-P77,"CORRECTIVE ACTIONS AND RECOMMENDATIONS: • Retro fit all rigs with upgraded pin design/concept that makes inspections easier to get right, and harder to miss. Also cut windows/doors where able, to make hard to inspect items easier to see. • Implement an inspection checklist that is performed by rig leadership after any work is performed on the • Contractors daily startup inspection will be updated to identify “must observes” specific to the drum brake inspection. • Required to tie in the COFO to disc assist (if present) in addition to the main brake as a best practice. PEOPLE (ACTS): Following Procedures: Improper position (in the line of fire) PEOPLE (ACTS): Use of Protective Methods: Disabled or removed guards, warning systems or safety devices","[""Line of Fire"", ""Safe Mechanical Lifting""]",[],"[""Line of Fire"", ""Safe Mechanical Lifting""]",MULTI,2,"[""Safety performance indicators \u2013 2024 data.pdf"", ""Safety performance indicators \u2013 2025 data.pdf""]",[77],"[""LSR-CAND-000159"", ""LSR-CAND-000407"", ""LSR-CAND-000408""]",PRIMARY LIFE-SAVING RULE:  Line of fire | PRIMARY LIFE-SAVING RULE:  Safe mechanical lifting | SECONARY LIFE-SAVING RULE:  Line of fire,IOGP_STAGE37A1,SOURCE_GROUNDED,SOURCE_EXTRACTED,REVIEW_REQUIRED,2026-09-03T06:19:44Z,False,,,,,,
INCIDENT-GOLD-0089,GRP-Safety performa-P78,"DATE: 31 Jan 2025 COUNTRY: Azerbaijan FUNCTION: Production CAUSE: Water related, drowning ACTIVITY: Diving (incl. decompression), subsea, ROV During the installation of a subsea telescopic clamp on the well shaft beneath the offshore platform, the Diving Service team encountered a safety-critical situation when a support vessel unexpectedly approached the platform, despite all established safety measures being in place. The vessel’s captain was promptly contacted and informed","[""Energy Isolation"", ""Line of Fire"", ""Bypassing Safety Controls"", ""Work Authorization""]",[],"[""Bypassing Safety Controls"", ""Line of Fire"", ""Energy Isolation"", ""Work Authorization""]",MULTI,4,"[""Safety performance indicators \u2013 2024 data.pdf"", ""Safety performance indicators \u2013 2025 data.pdf""]",[78],"[""LSR-CAND-000160"", ""LSR-CAND-000161"", ""LSR-CAND-000162"", ""LSR-CAND-000163"", ""LSR-CAND-000409"", ""LSR-CAND-000410""]",PRIMARY LIFE-SAVING RULE:  Energy isolation | SECONARY LIFE-SAVING RULE:  Line of fire | PRIMARY LIFE-SAVING RULE:  Bypassing safety controls | SECONARY LIFE-SAVING RULE:  Work authorization,IOGP_STAGE37A1,SOURCE_GROUNDED,SOURCE_EXTRACTED,REVIEW_REQUIRED,2026-09-03T06:19:44Z,False,,,,,,
INCIDENT-GOLD-0090,GRP-Safety performa-P79,"that they were getting gas in the combustor and seeing a flame. After burning for approximately 1-2 minutes the flowback tank to flash back and ruptured causing damage to the tank. No LOC reported. No injury reported. Stop work was initiated and operations was halted. No other damage reported. WHAT WENT WRONG: CORRECTIVE ACTIONS AND RECOMMENDATIONS: PROCESS (CONDITIONS): Tools, Equipment, Materials and Products: Inadequate design/specification/management PROCESS (CONDITIONS): Organizational: Inadequate work standards/procedures PROCESS (CONDITIONS): Organizational: Inadequate hazard identification or risk assessment","[""Work Authorization"", ""Line of Fire"", ""Bypassing Safety Controls""]",[],"[""Bypassing Safety Controls"", ""Line of Fire"", ""Work Authorization""]",MULTI,3,"[""Safety performance indicators \u2013 2024 data.pdf"", ""Safety performance indicators \u2013 2025 data.pdf""]",[79],"[""LSR-CAND-000164"", ""LSR-CAND-000165"", ""LSR-CAND-000411"", ""LSR-CAND-000412""]",PRIMARY LIFE-SAVING RULE:  Work authorization | SECONARY LIFE-SAVING RULE:  Line of fire | SECONARY LIFE-SAVING RULE:  Bypassing safety controls,IOGP_STAGE37A1,SOURCE_GROUNDED,SOURCE_EXTRACTED,REVIEW_REQUIRED,2026-09-03T06:19:44Z,False,,,,,,
INCIDENT-GOLD-0091,GRP-Safety performa-P8,"DATE: 19 Jan 2025 FUNCTION: Construction CAUSE: Explosion, fire or burns ACTIVITY: Maintenance, inspection, testing On January 19, 2025, during restart attempts of the HP-A Gas Compressor following corrective maintenance, an unusually loud noise was heard from the exhaust. Seconds later, the fire alarm was triggered, and it was observed that the exhaust structure had fallen off. Technicians in the vicinity immediately pressed the compressor’s emergency stop button and evacuated the facility. Simultaneously, the emergency response team was activated, and","[""Work Authorization"", ""Bypassing Safety Controls""]",[],"[""Bypassing Safety Controls"", ""Work Authorization""]",MULTI,2,"[""Safety performance indicators \u2013 2025 data.pdf""]",[8],"[""LSR-CAND-000252"", ""LSR-CAND-000253""]",PRIMARY LIFE-SAVING RULE:  Work authorization | SECONARY LIFE-SAVING RULE:  Bypassing safety controls,IOGP_STAGE37A1,SOURCE_GROUNDED,SOURCE_EXTRACTED,REVIEW_REQUIRED,2026-09-03T06:19:44Z,False,,,,,,
INCIDENT-GOLD-0092,GRP-Safety performa-P80,"PROCESS (CONDITIONS): Tools, Equipment, Materials and Products: Inadequate/defective tools/equipment/ materials/products PROCESS (CONDITIONS): Organizational: Inadequate training/competence PROCESS (CONDITIONS): Organizational: Inadequate hazard identification or risk assessment DATE: 02 Jul 2024 FUNCTION: Production CAUSE: Exposure electrical ACTIVITY: Maintenance, inspection, testing","[""Energy Isolation"", ""Line of Fire""]",[],"[""Line of Fire"", ""Energy Isolation""]",MULTI,2,"[""Safety performance indicators \u2013 2024 data.pdf"", ""Safety performance indicators \u2013 2025 data.pdf""]",[80],"[""LSR-CAND-000166"", ""LSR-CAND-000167"", ""LSR-CAND-000168"", ""LSR-CAND-000413"", ""LSR-CAND-000414""]",PRIMARY LIFE-SAVING RULE:  Energy isolation | SECONARY LIFE-SAVING RULE:  Line of fire | PRIMARY LIFE-SAVING RULE:  Line of fire,IOGP_STAGE37A1,SOURCE_GROUNDED,SOURCE_EXTRACTED,REVIEW_REQUIRED,2026-09-03T06:19:44Z,False,,,,,,
INCIDENT-GOLD-0093,GRP-Safety performa-P81,"DATE: 27 Apr 2025 COUNTRY: Argentina FUNCTION: Construction CAUSE: Dropped objects ACTIVITY: Lifting, crane, rigging, deck operations Contractor personnel were working on the installation of a 12-inch spool at ground level, while it was being held in a lifting operation. For causes yet to be determined, an actuated valve (SDV) located near the installation area - resting vertically on the ground and not involved in the lifting operation - lost its vertical stability and fell, resulting","[""Safe Mechanical Lifting"", ""Line of Fire""]",[],"[""Line of Fire"", ""Safe Mechanical Lifting""]",MULTI,2,"[""Safety performance indicators \u2013 2024 data.pdf"", ""Safety performance indicators \u2013 2025 data.pdf""]",[81],"[""LSR-CAND-000169"", ""LSR-CAND-000170"", ""LSR-CAND-000415"", ""LSR-CAND-000416""]",PRIMARY LIFE-SAVING RULE:  Safe mechanical lifting | SECONARY LIFE-SAVING RULE:  Line of fire,IOGP_STAGE37A1,SOURCE_GROUNDED,SOURCE_EXTRACTED,REVIEW_REQUIRED,2026-09-03T06:19:44Z,False,,,,,,
INCIDENT-GOLD-0094,GRP-Safety performa-P82,"NORTH AMERICA OFFSHORE DATE: 28 Nov 2024 FUNCTION: Drilling CAUSE: Dropped objects ACTIVITY: Drilling, workover, well operations During singling in hole 5"" drill pipe, the Driller retracted the top drive system (TDS) dolly at rig floor level and observed a dropped steel plate from the TDS to the port side of the drill floor. Operations suspended, well secured, carry out DROPS inspection and observed that the roller bracket mounting plate had sheared in several spots.","[""Line of Fire"", ""Driving""]",[],"[""Driving"", ""Line of Fire""]",MULTI,2,"[""Safety performance indicators \u2013 2024 data.pdf"", ""Safety performance indicators \u2013 2025 data.pdf""]",[82],"[""LSR-CAND-000171"", ""LSR-CAND-000417"", ""LSR-CAND-000418"", ""LSR-CAND-000419"", ""LSR-CAND-000420""]",PRIMARY LIFE-SAVING RULE:  Line of fire | PRIMARY LIFE-SAVING RULE:  Driving | SECONARY LIFE-SAVING RULE:  Line of fire,IOGP_STAGE37A1,SOURCE_GROUNDED,SOURCE_EXTRACTED,REVIEW_REQUIRED,2026-09-03T06:19:44Z,False,,,,,,
INCIDENT-GOLD-0096,GRP-Safety performa-P84,"DATE: 26 Dec 2024 FUNCTION: Drilling CAUSE: Unspecified – Other ACTIVITY: Drilling, workover, well operations A 5 7/8"" drill pipe came off the catwalk and came to rest on the cantilever deck. There were no personnel at risk during the incident. At 14:15, while laying out joint #63 of 5 7/8"" drill pipe onto the catwalk machine, the joint came off the catwalk After opening the elevators and raising the catwalk arm, the joint bounced off the catwalk machine, slid down the","[""Line of Fire"", ""Safe Mechanical Lifting"", ""Working at Height""]",[],"[""Line of Fire"", ""Safe Mechanical Lifting"", ""Working at Height""]",MULTI,3,"[""Safety performance indicators \u2013 2024 data.pdf"", ""Safety performance indicators \u2013 2025 data.pdf""]",[84],"[""LSR-CAND-000173"", ""LSR-CAND-000423"", ""LSR-CAND-000424""]",PRIMARY LIFE-SAVING RULE:  Line of fire | PRIMARY LIFE-SAVING RULE:  Safe mechanical lifting | SECONARY LIFE-SAVING RULE:  Working at height,IOGP_STAGE37A1,SOURCE_GROUNDED,SOURCE_EXTRACTED,REVIEW_REQUIRED,2026-09-03T06:19:44Z,False,,,,,,
INCIDENT-GOLD-0097,GRP-Safety performa-P85,"DATE: 19 Mar 2024 FUNCTION: Drilling CAUSE: Dropped objects ACTIVITY: Maintenance, inspection, testing Electrical workers had completed work in the crown and were preparing to return from level 4 (144' level) in the derrick to the drill floor level via the derrick elevator. As the inner derrick elevator doors opened, the workers heard a noise and observed the lower section of the elevator door become dislodged and descend 43 ft to the derrick level 3 (101' level). No personnel were in the derrick level where the dropped object occurred.","[""Line of Fire"", ""Work Authorization"", ""Hot Work""]",[],"[""Line of Fire"", ""Work Authorization"", ""Hot Work""]",MULTI,3,"[""Safety performance indicators \u2013 2024 data.pdf"", ""Safety performance indicators \u2013 2025 data.pdf""]",[85],"[""LSR-CAND-000174"", ""LSR-CAND-000175"", ""LSR-CAND-000176"", ""LSR-CAND-000425"", ""LSR-CAND-000426""]",PRIMARY LIFE-SAVING RULE:  Line of fire | SECONARY LIFE-SAVING RULE:  Work authorization | SECONARY LIFE-SAVING RULE:  Hot work,IOGP_STAGE37A1,SOURCE_GROUNDED,SOURCE_EXTRACTED,REVIEW_REQUIRED,2026-09-03T06:19:44Z,False,,,,,,
INCIDENT-GOLD-0102,GRP-Safety performa-P9,"DATE: 25 Mar 2025 FUNCTION: Unspecified CAUSE: Dropped objects ACTIVITY: Office, warehouse, accommodation, catering During a heavy rainstorm, two aluminium composite panels (component of the external cladding material for the Office building) dislodged and dropped. The two (2) panels, each weighing 9.8kgs and measuring 1.11x1.49ms, dropped from about a height of 22.35 meters. The fallen panels were found Infront of the South Wing Power room, and the affected area was promptly cordoned off to prevent further hazards. Additionally, multiple panels were","[""Energy Isolation"", ""Line of Fire"", ""Safe Mechanical Lifting""]",[],"[""Line of Fire"", ""Energy Isolation"", ""Safe Mechanical Lifting""]",MULTI,3,"[""Safety performance indicators \u2013 2024 data.pdf"", ""Safety performance indicators \u2013 2025 data.pdf""]",[9],"[""LSR-CAND-000009"", ""LSR-CAND-000010"", ""LSR-CAND-000011"", ""LSR-CAND-000012"", ""LSR-CAND-000254""]",PRIMARY LIFE-SAVING RULE:  Energy isolation | SECONARY LIFE-SAVING RULE:  Line of fire | PRIMARY LIFE-SAVING RULE:  Safe mechanical lifting | PRIMARY LIFE-SAVING RULE:  Line of fire,IOGP_STAGE37A1,SOURCE_GROUNDED,SOURCE_EXTRACTED,REVIEW_REQUIRED,2026-09-03T06:19:44Z,False,,,,,,
INCIDENT-GOLD-0103,GRP-Safety performa-P90,"PEOPLE (ACTS): Inattention/Lack of Awareness: Improper decision making or lack of judgment PROCESS (CONDITIONS): Organizational: Inadequate work standards/procedures PROCESS (CONDITIONS): Organizational: Inadequate hazard identification or risk assessment DATE: 16 Apr 2025 FUNCTION: Production CAUSE: Struck by (not dropped object) ACTIVITY: Lifting, crane, rigging, deck operations A forklift traveling in reverse moved toward the spotter during the warehouse exit manoeuvre.","[""Line of Fire"", ""Bypassing Safety Controls"", ""Energy Isolation""]",[],"[""Bypassing Safety Controls"", ""Line of Fire"", ""Energy Isolation""]",MULTI,3,"[""Safety performance indicators \u2013 2024 data.pdf"", ""Safety performance indicators \u2013 2025 data.pdf""]",[90],"[""LSR-CAND-000186"", ""LSR-CAND-000187"", ""LSR-CAND-000437"", ""LSR-CAND-000438"", ""LSR-CAND-000439"", ""LSR-CAND-000440""]",PRIMARY LIFE-SAVING RULE:  Line of fire | SECONARY LIFE-SAVING RULE:  Bypassing safety controls | PRIMARY LIFE-SAVING RULE:  Energy isolation | SECONARY LIFE-SAVING RULE:  Line of fire,IOGP_STAGE37A1,SOURCE_GROUNDED,SOURCE_EXTRACTED,REVIEW_REQUIRED,2026-09-03T06:19:44Z,False,,,,,,
INCIDENT-GOLD-0105,GRP-Safety performa-P92,"DATE: 27 May 2024 COUNTRY: Azerbaijan FUNCTION: Production CAUSE: Explosion, fire or burns ACTIVITY: Maintenance, inspection, testing Scaffold board decking erected by the contractor to carry out insulation work between the plant's reactors caught fire which was extinguished by staff with a fire extinguisher. WHAT WENT WRONG:","[""Hot Work"", ""Work Authorization""]",[],"[""Work Authorization"", ""Hot Work""]",MULTI,2,"[""Safety performance indicators \u2013 2024 data.pdf""]",[92],"[""LSR-CAND-000189"", ""LSR-CAND-000190"", ""LSR-CAND-000191""]",PRIMARY LIFE-SAVING RULE:  Hot work | PRIMARY LIFE-SAVING RULE:  Work authorization | SECONARY LIFE-SAVING RULE:  Hot work,IOGP_STAGE37A1,SOURCE_GROUNDED,SOURCE_EXTRACTED,REVIEW_REQUIRED,2026-09-03T06:19:44Z,False,,,,,,
INCIDENT-GOLD-0107,GRP-Safety performa-P94,"DATE: 26 May 2024 COUNTRY: Azerbaijan FUNCTION: Production CAUSE: Explosion, fire or burns ACTIVITY: Unspecified – other A fire was observed near an oil pipeline in public area. The Fire Department was called to the scene and the fire was WHAT WENT WRONG: • Lack of supervision,","[""Work Authorization"", ""Line of Fire""]",[],"[""Line of Fire"", ""Work Authorization""]",MULTI,2,"[""Safety performance indicators \u2013 2024 data.pdf""]",[94],"[""LSR-CAND-000195"", ""LSR-CAND-000196""]",PRIMARY LIFE-SAVING RULE:  Work authorization | SECONARY LIFE-SAVING RULE:  Line of fire,IOGP_STAGE37A1,SOURCE_GROUNDED,SOURCE_EXTRACTED,REVIEW_REQUIRED,2026-09-03T06:19:44Z,False,,,,,,
INCIDENT-GOLD-0108,GRP-Safety performa-P95,"PEOPLE (ACTS): Following Procedures: Deviation unintentional (by individual or group) PEOPLE (ACTS): Use of Tools, Equipment, Materials and Products: Servicing of energized equipment/inadequate energy isolation PROCESS (CONDITIONS): Organizational: Inadequate work standards/procedures PROCESS (CONDITIONS): Organizational: Inadequate hazard identification or risk assessment PROCESS (CONDITIONS): Organizational: Inadequate communication PROCESS (CONDITIONS): Organizational: Inadequate supervision DATE: 09 Feb 2024",Line of Fire,[],"[""Line of Fire""]",SINGLE,1,"[""Safety performance indicators \u2013 2024 data.pdf""]",[95],"[""LSR-CAND-000197""]",PRIMARY LIFE-SAVING RULE:  Line of fire,IOGP_STAGE37A1,SOURCE_GROUNDED,SOURCE_EXTRACTED,VALIDATED,2026-09-03T06:19:44Z,False,,,,,,
INCIDENT-GOLD-0111,GRP-Safety performa-P98,WHAT WENT WRONG: • Inadequate contractor management procedure. • Inadequate work planning. • Inadequate scaffold inspection methods. CORRECTIVE ACTIONS AND RECOMMENDATIONS: • Contractor management procedure to be enforced. •  All scaffolds erected must be inspected periodically by competent persons. PEOPLE (ACTS): Use of Protective Methods: Failure to warn of hazard,"[""Working at Height"", ""Line of Fire""]",[],"[""Line of Fire"", ""Working at Height""]",MULTI,2,"[""Safety performance indicators \u2013 2024 data.pdf""]",[98],"[""LSR-CAND-000203"", ""LSR-CAND-000204""]",PRIMARY LIFE-SAVING RULE:  Working at height | SECONARY LIFE-SAVING RULE:  Line of fire,IOGP_STAGE37A1,SOURCE_GROUNDED,SOURCE_EXTRACTED,REVIEW_REQUIRED,2026-09-03T06:19:44Z,False,,,,,,
INCIDENT-GOLD-0112,GRP-Safety performa-P99,"PEOPLE (ACTS): Following Procedures: Deviation unintentional (by individual or group) PEOPLE (ACTS): Following Procedures: Improper position (in the line of fire) PEOPLE (ACTS): Following Procedures: Improper lifting or loading PEOPLE (ACTS): Use of Protective Methods: Personal Protective Equipment not used or used improperly PROCESS (CONDITIONS): Protective Systems: Inadequate/defective guards or protective barriers PROCESS (CONDITIONS): Work Place Hazards: Inadequate surfaces, floors, walkways or roads PROCESS (CONDITIONS): Organizational: Inadequate training/competence PROCESS (CONDITIONS): Organizational: Inadequate work standards/procedures","[""Working at Height"", ""Work Authorization""]",[],"[""Working at Height"", ""Work Authorization""]",MULTI,2,"[""Safety performance indicators \u2013 2024 data.pdf""]",[99],"[""LSR-CAND-000205"", ""LSR-CAND-000206""]",PRIMARY LIFE-SAVING RULE:  Working at height | SECONARY LIFE-SAVING RULE:  Work authorization,IOGP_STAGE37A1,SOURCE_GROUNDED,SOURCE_EXTRACTED,REVIEW_REQUIRED,2026-09-03T06:19:44Z,False,,,,,,
SYN-LSR-R-00001,SYN-R-GRP-GRP-Safety performa-P112,"Learning from incidents and assurance effectiveness is critical for reducing incident probability.. • Contractor worked under a generic permit to work (PTW), not addressing excavations. • Contractor did not have an excavation procedure. • Company required simultaneous operations (SIMOPS) controls not implemented. • No access control at the well pad (no lock and/or authorization). CORRECTIVE ACTIONS AND RECOMMENDATIONS: There were gaps in procedures (PTW/SIMOP) not captured previously by assurance system. A similar incident occurred in the past and no corrective actions were taken",Hot Work,[],"[""Hot Work""]",SINGLE,1,,,,,,DERIVED_FROM_SOURCE_GROUNDED_PARENT,,,2026-09-03T06:36:28Z,True,INCIDENT-GOLD-0013,GRP-Safety performa-P112,CONTROLLED_AUGMENTATION_QUALITY_CORRECTED,"[""Safety performance indicators \u2013 2024 data.pdf""]",[112],"[""LSR-CAND-000234""]"
SYN-LSR-R-00002,SYN-R-GRP-GRP-Safety performa-P10,"• Install pressure compensation sandwich valves under each direction control valve, to prevent the increase in flow and in turn increase in pressure in the auxiliary and slew circuits being shared between the operating functions. and the motor was found to have high case drain leakage of hydraulic oil, possibly due to scoring that was observed on the hydraulic motor port plate. It is likely these two factors combined resulted in the load dropping. CORRECTIVE ACTIONS AND RECOMMENDATIONS: With a new motor, new CBV fitted, new brake installed, the fault could not be recreated. New hydraulic oil was cleaned and installed into the crane. A full set of assurance checks carried out including a proof load test. The following are longer term recommendations","[""Safe Mechanical Lifting"", ""Line of Fire""]",[],"[""Line of Fire"", ""Safe Mechanical Lifting""]",MULTI,2,,,,,,DERIVED_FROM_SOURCE_GROUNDED_PARENT,,,2026-09-03T06:36:28Z,True,INCIDENT-GOLD-0001,GRP-Safety performa-P10,CONTROLLED_AUGMENTATION_QUALITY_CORRECTED,"[""Safety performance indicators \u2013 2024 data.pdf"", ""Safety performance indicators \u2013 2025 data.pdf""]",[10],"[""LSR-CAND-000013"", ""LSR-CAND-000014"", ""LSR-CAND-000255"", ""LSR-CAND-000256""]"
SYN-LSR-R-00003,SYN-R-GRP-GRP-Safety performa-P101,"DATE: 18 May 2024 COUNTRY: Azerbaijan FUNCTION: Unspecified CAUSE: Dropped objects ACTIVITY: Maintenance, inspection, testing Mechanic used a hydraulic jack to support the transport unit and tried to start repair work beneath the car. Jack failed and mechanic just managed to get aside. WHAT WENT WRONG:","[""Safe Mechanical Lifting"", ""Line of Fire""]",[],"[""Line of Fire"", ""Safe Mechanical Lifting""]",MULTI,2,,,,,,DERIVED_FROM_SOURCE_GROUNDED_PARENT,,,2026-09-03T06:36:28Z,True,INCIDENT-GOLD-0003,GRP-Safety performa-P101,CONTROLLED_AUGMENTATION_QUALITY_CORRECTED,"[""Safety performance indicators \u2013 2024 data.pdf""]",[101],"[""LSR-CAND-000209"", ""LSR-CAND-000210"", ""LSR-CAND-000211""]"
SYN-LSR-R-00004,SYN-R-GRP-GRP-Safety performa-P106,"DATE: 20 Sep 2024 COUNTRY: Azerbaijan FUNCTION: Production CAUSE: Falls from height ACTIVITY: Transport – Water, incl. marine activity While the operator was getting off the support vessel onto the boarding platform of the offshore platform, he tripped and fell towards the sea. At the last moment, a rescue sailor on the boarding platform grabbed the operator's clothes and pulled him onto the platform.",Line of Fire,[],"[""Line of Fire""]",SINGLE,1,,,,,,DERIVED_FROM_SOURCE_GROUNDED_PARENT,,,2026-09-03T06:36:28Z,True,INCIDENT-GOLD-0007,GRP-Safety performa-P106,CONTROLLED_AUGMENTATION_QUALITY_CORRECTED,"[""Safety performance indicators \u2013 2024 data.pdf""]",[106],"[""LSR-CAND-000221""]"
SYN-LSR-R-00005,SYN-R-GRP-GRP-Safety performa-P108,"WHAT WENT WRONG:. DATE: 16 May 2024 COUNTRY: Azerbaijan FUNCTION: Production CAUSE: Water related, drowning ACTIVITY: Transport – Water, incl. marine activity Contractor ship with company passengers on the deck ran aground 8.3 km from the coast. Support ships were immediately deployed to the area and the passengers were evacuated ashore","[""Work Authorization"", ""Bypassing Safety Controls""]",[],"[""Bypassing Safety Controls"", ""Work Authorization""]",MULTI,2,,,,,,DERIVED_FROM_SOURCE_GROUNDED_PARENT,,,2026-09-03T06:36:28Z,True,INCIDENT-GOLD-0008,GRP-Safety performa-P108,CONTROLLED_AUGMENTATION_QUALITY_CORRECTED,"[""Safety performance indicators \u2013 2024 data.pdf""]",[108],"[""LSR-CAND-000224"", ""LSR-CAND-000225"", ""LSR-CAND-000226""]"
SYN-LSR-R-00006,SYN-R-GRP-GRP-Safety performa-P11,"PEOPLE (ACTS): Following Procedures: Improper position (in the line of fire). CORRECTIVE ACTIONS AND RECOMMENDATIONS: Some of the actions recommended are: • Update vendor training requirement in the contracts, which should include wire rope training for persons involved in crane inspections on the FPSO. • Review and update crane maintenance strategy to include auxiliary rope boom rest protection, frequency of rope change-out, suitable rope and sheath gauge to be used as a tool for measuring rope wear, etc. • Install adequate auxiliary rope boom rest protection","[""Line of Fire"", ""Driving"", ""Energy Isolation""]",[],"[""Driving"", ""Line of Fire"", ""Energy Isolation""]",MULTI,3,,,,,,DERIVED_FROM_SOURCE_GROUNDED_PARENT,,,2026-09-03T06:36:28Z,True,INCIDENT-GOLD-0010,GRP-Safety performa-P11,CONTROLLED_AUGMENTATION_QUALITY_CORRECTED,"[""Safety performance indicators \u2013 2024 data.pdf"", ""Safety performance indicators \u2013 2025 data.pdf""]",[11],"[""LSR-CAND-000015"", ""LSR-CAND-000257"", ""LSR-CAND-000258"", ""LSR-CAND-000259"", ""LSR-CAND-000260""]"
SYN-LSR-R-00007,SYN-R-GRP-GRP-Safety performa-P115,"dropped objects) ACTIVITY: Maintenance, inspection, testing The employee reported to the infirmary along with his supervisor, informing that during the maintenance of the starting air compressor, he suffered an impact from the engine's propeller on the fourth digit of his left hand,. PROCESS (CONDITIONS): Organizational: Inadequate work standards/procedures PROCESS (CONDITIONS): Organizational: Inadequate hazard identification or risk assessment DATE: 02 Feb 2024 FUNCTION: Production CAUSE: Caught in, under or between (excl",Line of Fire,[],"[""Line of Fire""]",SINGLE,1,,,,,,DERIVED_FROM_SOURCE_GROUNDED_PARENT,,,2026-09-03T06:36:28Z,True,INCIDENT-GOLD-0016,GRP-Safety performa-P115,CONTROLLED_AUGMENTATION_QUALITY_CORRECTED,"[""Safety performance indicators \u2013 2024 data.pdf""]",[115],"[""LSR-CAND-000239""]"
SYN-LSR-R-00008,SYN-R-GRP-GRP-Safety performa-P118,"The spool piece in question appears to have been installed during the removal and replacement of piping scope of work on the glycol. DATE: 01 Mar 2024 COUNTRY: Trinidad and Tobago FUNCTION: Production CAUSE: Pressure release ACTIVITY: Maintenance, inspection, testing During a routine field visit, it was identified that a 2-inch pipe spool associated with the Low-Pressure Flare Header was installed, which sits outside the boundary isolation, as per approved isolation plan","[""Work Authorization"", ""Energy Isolation""]",[],"[""Energy Isolation"", ""Work Authorization""]",MULTI,2,,,,,,DERIVED_FROM_SOURCE_GROUNDED_PARENT,,,2026-09-03T06:36:28Z,True,INCIDENT-GOLD-0019,GRP-Safety performa-P118,CONTROLLED_AUGMENTATION_QUALITY_CORRECTED,"[""Safety performance indicators \u2013 2024 data.pdf""]",[118],"[""LSR-CAND-000244"", ""LSR-CAND-000245""]"
SYN-LSR-R-00009,SYN-R-GRP-GRP-Safety performa-P12,"PEOPLE (ACTS): Following Procedures: Improper position (in the line of fire). 3. During test digging, the excavator bucket contacted a buried 11 kVA composite electrical cable, causing a dent 4. Excavator use in close proximity to unidentified/poorly defined underground assets introduced a line-strike CORRECTIVE ACTIONS AND RECOMMENDATIONS: 1. Mechanical excavation (excavators) must not be used near unknown or insufficiently verified buried utilities. 2. Probing results identifying multiple underground facilities must trigger manual excavation only. 3. As-built drawings must be accurate, up-to-date, and detailed, especially regarding depth and horizontal spacing. 4. When indications are unclear, stop work and escalate for engineering verification","[""Line of Fire"", ""Safe Mechanical Lifting""]",[],"[""Line of Fire"", ""Safe Mechanical Lifting""]",MULTI,2,,,,,,DERIVED_FROM_SOURCE_GROUNDED_PARENT,,,2026-09-03T06:36:28Z,True,INCIDENT-GOLD-0020,GRP-Safety performa-P12,CONTROLLED_AUGMENTATION_QUALITY_CORRECTED,"[""Safety performance indicators \u2013 2024 data.pdf"", ""Safety performance indicators \u2013 2025 data.pdf""]",[12],"[""LSR-CAND-000016"", ""LSR-CAND-000261"", ""LSR-CAND-000262""]"
SYN-LSR-R-00010,SYN-R-GRP-GRP-Safety performa-P13,"The cover weighed approximately 20kg, and its landing point on the forward refuge area roof was 13.356m from the pipe rack. DATE: 16 Apr 2024 FUNCTION: Production CAUSE: Dropped objects ACTIVITY: Maintenance, inspection, testing An anomaly was observed during routine plant inspections. A large flat metal sheet was found resting on the forward refuge roof. Subsequent investigation revealed that this section was a cable tray cover dislodged from the pipe rack above the forward machinery, with a drop trajectory indicating its passage across a walkway","[""Line of Fire"", ""Work Authorization""]",[],"[""Line of Fire"", ""Work Authorization""]",MULTI,2,,,,,,DERIVED_FROM_SOURCE_GROUNDED_PARENT,,,2026-09-03T06:36:28Z,True,INCIDENT-GOLD-0021,GRP-Safety performa-P13,CONTROLLED_AUGMENTATION_QUALITY_CORRECTED,"[""Safety performance indicators \u2013 2024 data.pdf"", ""Safety performance indicators \u2013 2025 data.pdf""]",[13],"[""LSR-CAND-000017"", ""LSR-CAND-000018"", ""LSR-CAND-000263"", ""LSR-CAND-000264""]"
SYN-LSR-R-00011,SYN-R-GRP-GRP-Safety performa-P14,"PEOPLE (ACTS): Following Procedures: Improper position (in the line of fire) PROCESS (CONDITIONS): Tools, Equipment, Materials and Products: Inadequate design/specification/management. the old one which had a dislodged tulip in 2017. Original equipment manufacturer (OEM) did not advise on the potential for chattering as well as its impact on the HP flare tip’s structural integrity even though it was clear that this had been experienced on similar models. If this had been communicated at the onset, then the no flare chattering ranges would have been instituted to mitigate plate failure. CORRECTIVE ACTIONS AND RECOMMENDATIONS: Review available flare tip remediation options and decide on the replacement plan","[""Bypassing Safety Controls"", ""Line of Fire"", ""Safe Mechanical Lifting""]",[],"[""Bypassing Safety Controls"", ""Line of Fire"", ""Safe Mechanical Lifting""]",MULTI,3,,,,,,DERIVED_FROM_SOURCE_GROUNDED_PARENT,,,2026-09-03T06:36:28Z,True,INCIDENT-GOLD-0022,GRP-Safety performa-P14,CONTROLLED_AUGMENTATION_QUALITY_CORRECTED,"[""Safety performance indicators \u2013 2024 data.pdf"", ""Safety performance indicators \u2013 2025 data.pdf""]",[14],"[""LSR-CAND-000019"", ""LSR-CAND-000265"", ""LSR-CAND-000266""]"
SYN-LSR-R-00012,SYN-R-GRP-GRP-Safety performa-P15,"This sudden placement generated an unexpected impact load on the crane structure, producing a loud bang that was heard in the vicinity of the crane pedestal and surrounding areas.. DATE: 02 Dec 2025 FUNCTION: Production CAUSE: Struck by (not dropped object) ACTIVITY: Lifting, crane, rigging, deck operations While parking the starboard (STBD) crane following routine lifting operations, the crane boom was brought down into the boom rest abruptly rather than in a controlled manner","[""Working at Height"", ""Line of Fire"", ""Safe Mechanical Lifting""]",[],"[""Line of Fire"", ""Safe Mechanical Lifting"", ""Working at Height""]",MULTI,3,,,,,,DERIVED_FROM_SOURCE_GROUNDED_PARENT,,,2026-09-03T06:36:28Z,True,INCIDENT-GOLD-0023,GRP-Safety performa-P15,CONTROLLED_AUGMENTATION_QUALITY_CORRECTED,"[""Safety performance indicators \u2013 2024 data.pdf"", ""Safety performance indicators \u2013 2025 data.pdf""]",[15],"[""LSR-CAND-000020"", ""LSR-CAND-000021"", ""LSR-CAND-000267"", ""LSR-CAND-000268""]"
SYN-LSR-R-00013,SYN-R-GRP-GRP-Safety performa-P16,"This could have had potential to impact. DATE: 18 Mar 2025 COUNTRY: Mauritania FUNCTION: Production CAUSE: Pressure release ACTIVITY: Maintenance, inspection, testing Contractor carrying out repairs on the Scale Inhibitor Injection system, the system was understood to have been depressurised. As the contractor started to release an end cap, the cap was projected downwards under pressure. The cap went directly downwards into a section of plant close to a walkway","[""Energy Isolation"", ""Work Authorization"", ""Working at Height"", ""Line of Fire""]",[],"[""Line of Fire"", ""Energy Isolation"", ""Working at Height"", ""Work Authorization""]",MULTI,4,,,,,,DERIVED_FROM_SOURCE_GROUNDED_PARENT,,,2026-09-03T06:36:28Z,True,INCIDENT-GOLD-0024,GRP-Safety performa-P16,CONTROLLED_AUGMENTATION_QUALITY_CORRECTED,"[""Safety performance indicators \u2013 2024 data.pdf"", ""Safety performance indicators \u2013 2025 data.pdf""]",[16],"[""LSR-CAND-000022"", ""LSR-CAND-000023"", ""LSR-CAND-000024"", ""LSR-CAND-000269"", ""LSR-CAND-000270""]"
SYN-LSR-R-00014,SYN-R-GRP-GRP-Safety performa-P17,"As the lift continued, the sling suddenly released, causing the Flex Joint to swing unexpectedly.. DATE: 18 Nov 2025 COUNTRY: Namibia FUNCTION: Drilling CAUSE: Dropped objects ACTIVITY: Lifting, crane, rigging, deck operations Flex Joint strikes handrail creating 2 Dropped Objects. During the removal of the Flex Joint from the Riser Feeding Machine (RFM) using the starboard crane, the aft sling of the Flex Joint became hung up on the RFM bucket","[""Energy Isolation"", ""Line of Fire"", ""Safe Mechanical Lifting""]",[],"[""Line of Fire"", ""Energy Isolation"", ""Safe Mechanical Lifting""]",MULTI,3,,,,,,DERIVED_FROM_SOURCE_GROUNDED_PARENT,,,2026-09-03T06:36:28Z,True,INCIDENT-GOLD-0025,GRP-Safety performa-P17,CONTROLLED_AUGMENTATION_QUALITY_CORRECTED,"[""Safety performance indicators \u2013 2024 data.pdf"", ""Safety performance indicators \u2013 2025 data.pdf""]",[17],"[""LSR-CAND-000025"", ""LSR-CAND-000026"", ""LSR-CAND-000027"", ""LSR-CAND-000028"", ""LSR-CAND-000271"", ""LSR-CAND-000272""]"
SYN-LSR-R-00015,SYN-R-GRP-GRP-Safety performa-P19,"When carrying out the continuity testing, the conductor reading was low and the cable was cleaned with electrical. DATE: 26 Aug 2024 COUNTRY: New Zealand FUNCTION: Production CAUSE: Caught in, under or between (excl. dropped objects) ACTIVITY: Drilling, workover, well operations IP had advised his colleague he was going to carry out continuity testing on the electric submersible pump (ESP) cable, which was on the hydraulically energised spooler. The spooler was not in use at this time","[""Energy Isolation"", ""Line of Fire"", ""Safe Mechanical Lifting""]",[],"[""Line of Fire"", ""Energy Isolation"", ""Safe Mechanical Lifting""]",MULTI,3,,,,,,DERIVED_FROM_SOURCE_GROUNDED_PARENT,,,2026-09-03T06:36:28Z,True,INCIDENT-GOLD-0027,GRP-Safety performa-P19,CONTROLLED_AUGMENTATION_QUALITY_CORRECTED,"[""Safety performance indicators \u2013 2024 data.pdf"", ""Safety performance indicators \u2013 2025 data.pdf""]",[19],"[""LSR-CAND-000029"", ""LSR-CAND-000030"", ""LSR-CAND-000031"", ""LSR-CAND-000032"", ""LSR-CAND-000275"", ""LSR-CAND-000276""]"
SYN-LSR-R-00016,SYN-R-GRP-GRP-Safety performa-P23,"PROCESS (CONDITIONS): Work Place Hazards: Hazardous atmosphere (explosive/toxic/asphyxiant) PROCESS (CONDITIONS): Organizational: Inadequate work standards/procedures. ASIA/AUSTRALASIA ONSHORE CORRECTIVE ACTIONS AND RECOMMENDATIONS: • Ensure positive isolation of process equipment/lines prior to conducting hot work. • Ensure adequate procedures for hot work (job method statements with sufficient level of detail; adequate decontamination procedures, adequate safe isolation procedures). • Ensure contractor alignment on high-risk activities as part of PTW process","[""Working at Height"", ""Line of Fire"", ""Safe Mechanical Lifting""]",[],"[""Line of Fire"", ""Safe Mechanical Lifting"", ""Working at Height""]",MULTI,3,,,,,,DERIVED_FROM_SOURCE_GROUNDED_PARENT,,,2026-09-03T06:36:28Z,True,INCIDENT-GOLD-0031,GRP-Safety performa-P23,CONTROLLED_AUGMENTATION_QUALITY_CORRECTED,"[""Safety performance indicators \u2013 2024 data.pdf"", ""Safety performance indicators \u2013 2025 data.pdf""]",[23],"[""LSR-CAND-000038"", ""LSR-CAND-000039"", ""LSR-CAND-000287"", ""LSR-CAND-000288""]"
SYN-LSR-R-00017,SYN-R-GRP-GRP-Safety performa-P25,"DATE: 17 Jun 2024 COUNTRY: Indonesia FUNCTION: Production CAUSE: Pressure release ACTIVITY: Production operations While conducting routine patrol, production operator noticed hissing sound around production cooler on main deck. He then reported to central control room (CCR) operator via radio. Production operator and instrument field specialist proceed to main deck and confirmed gas leak was coming from 8” elbow outlet production cooler bay. Offshore","[""Line of Fire"", ""Working at Height"", ""Energy Isolation""]",[],"[""Line of Fire"", ""Energy Isolation"", ""Working at Height""]",MULTI,3,,,,,,DERIVED_FROM_SOURCE_GROUNDED_PARENT,,,2026-09-03T06:36:28Z,True,INCIDENT-GOLD-0033,GRP-Safety performa-P25,CONTROLLED_AUGMENTATION_QUALITY_CORRECTED,"[""Safety performance indicators \u2013 2024 data.pdf"", ""Safety performance indicators \u2013 2025 data.pdf""]",[25],"[""LSR-CAND-000043"", ""LSR-CAND-000291"", ""LSR-CAND-000292"", ""LSR-CAND-000293"", ""LSR-CAND-000294""]"
SYN-LSR-R-00018,SYN-R-GRP-GRP-Safety performa-P26,"CORRECTIVE ACTIONS AND RECOMMENDATIONS: • Ensure job safety analysis (JSA) for this activity is revised to incorporate safe haven risk of entanglement.. WHAT WENT WRONG: Due to current and swell directions, the messenger rope got entangled with the vessel’s tire fenders. As the vessel was clearing the area, the crew was instructed to clear the deck. A crew member (IP), looking for shelter, went under the crash rail, misjudging it as a safe place. The IP noticed tension in the hawser assembly and looked over the bulwark to investigate and at that moment the messenger rope lashed down on the back of the IP’s helmet which caused him to fall forward and hit his face against the vessel’s bulwark","[""Safe Mechanical Lifting"", ""Line of Fire"", ""Bypassing Safety Controls""]",[],"[""Bypassing Safety Controls"", ""Line of Fire"", ""Safe Mechanical Lifting""]",MULTI,3,,,,,,DERIVED_FROM_SOURCE_GROUNDED_PARENT,,,2026-09-03T06:36:28Z,True,INCIDENT-GOLD-0034,GRP-Safety performa-P26,CONTROLLED_AUGMENTATION_QUALITY_CORRECTED,"[""Safety performance indicators \u2013 2024 data.pdf"", ""Safety performance indicators \u2013 2025 data.pdf""]",[26],"[""LSR-CAND-000044"", ""LSR-CAND-000045"", ""LSR-CAND-000295"", ""LSR-CAND-000296""]"
SYN-LSR-R-00019,SYN-R-GRP-GRP-Safety performa-P27,"A register of these should be available for • Any equipment that is not industry norm should be considered non-standard and should not expect crew and. • Ambiguous lift plan, due to different sections with conflicting descriptions. • Inadequate equipment knowledge: any equipment that is not industry norm should be considered non-standard and should not expect crew and rigging inspectors to have in-depth knowledge of the equipment. Non-standard equipment should be specified in the scope along with original equipment manufacturer (OEM) instructions. • Inadequacy in terms of having a mature culture of intervention and supervision within the site. CORRECTIVE ACTIONS AND RECOMMENDATIONS: • Lessons learned from incidents should be communicated properly","[""Line of Fire"", ""Safe Mechanical Lifting""]",[],"[""Line of Fire"", ""Safe Mechanical Lifting""]",MULTI,2,,,,,,DERIVED_FROM_SOURCE_GROUNDED_PARENT,,,2026-09-03T06:36:28Z,True,INCIDENT-GOLD-0035,GRP-Safety performa-P27,CONTROLLED_AUGMENTATION_QUALITY_CORRECTED,"[""Safety performance indicators \u2013 2024 data.pdf"", ""Safety performance indicators \u2013 2025 data.pdf""]",[27],"[""LSR-CAND-000046"", ""LSR-CAND-000297"", ""LSR-CAND-000298""]"
SYN-LSR-R-00020,SYN-R-GRP-GRP-Safety performa-P30,"WHAT WENT WRONG: Overpull due to wax caused the sucker rod to break, impact ejected the elevator out of the hook.. DATE: 31 Mar 2025 COUNTRY: Romania FUNCTION: Production CAUSE: Dropped objects ACTIVITY: Drilling, workover, well operations Sucker rod broke consequently elevator dropped","[""Line of Fire"", ""Bypassing Safety Controls"", ""Safe Mechanical Lifting""]",[],"[""Bypassing Safety Controls"", ""Line of Fire"", ""Safe Mechanical Lifting""]",MULTI,3,,,,,,DERIVED_FROM_SOURCE_GROUNDED_PARENT,,,2026-09-03T06:36:28Z,True,INCIDENT-GOLD-0038,GRP-Safety performa-P30,CONTROLLED_AUGMENTATION_QUALITY_CORRECTED,"[""Safety performance indicators \u2013 2025 data.pdf""]",[30],"[""LSR-CAND-000303"", ""LSR-CAND-000304"", ""LSR-CAND-000305"", ""LSR-CAND-000306""]"
SYN-LSR-R-00021,SYN-R-GRP-GRP-Safety performa-P31,"Maintain vigilance at all times.. • No information passed to crane operator that the hook was in the skip and there were issues with disconnecting it. • No crane motion instruction should have been issued by the banksman to the crane operator whilst the slinger was in the line of fire position. • Poor communications led to assumption by crane operator that the hook was free. • Banksman did not instruct Slinger to move out of Line of Fire prior to instructing Crane Op to go ""Up on your line"". CORRECTIVE ACTIONS AND RECOMMENDATIONS: There is no such thing as a routine activity – there are only repeat activities under different conditions that each needs to be understood and risk assessed","[""Bypassing Safety Controls"", ""Line of Fire"", ""Work Authorization""]",[],"[""Bypassing Safety Controls"", ""Line of Fire"", ""Work Authorization""]",MULTI,3,,,,,,DERIVED_FROM_SOURCE_GROUNDED_PARENT,,,2026-09-03T06:36:28Z,True,INCIDENT-GOLD-0039,GRP-Safety performa-P31,CONTROLLED_AUGMENTATION_QUALITY_CORRECTED,"[""Safety performance indicators \u2013 2024 data.pdf"", ""Safety performance indicators \u2013 2025 data.pdf""]",[31],"[""LSR-CAND-000053"", ""LSR-CAND-000054"", ""LSR-CAND-000307"", ""LSR-CAND-000308""]"
SYN-LSR-R-00022,SYN-R-GRP-GRP-Safety performa-P32,"CORRECTIVE ACTIONS AND RECOMMENDATIONS:. The incident occurred shortly before the end of the shift (scheduled end of shift 18:00, time of the incident 17:50). The employee concerned had started his shift at 12:00p.m due to the journey to the scheduled start of the shift. WHAT WENT WRONG: IMMEDIATE CAUSE: Substandard conditions and information. Inadequate product/service design. Inadequate communication and information","[""Energy Isolation"", ""Line of Fire"", ""Safe Mechanical Lifting"", ""Working at Height""]",[],"[""Line of Fire"", ""Energy Isolation"", ""Safe Mechanical Lifting"", ""Working at Height""]",MULTI,4,,,,,,DERIVED_FROM_SOURCE_GROUNDED_PARENT,,,2026-09-03T06:36:28Z,True,INCIDENT-GOLD-0040,GRP-Safety performa-P32,CONTROLLED_AUGMENTATION_QUALITY_CORRECTED,"[""Safety performance indicators \u2013 2024 data.pdf"", ""Safety performance indicators \u2013 2025 data.pdf""]",[32],"[""LSR-CAND-000055"", ""LSR-CAND-000056"", ""LSR-CAND-000309"", ""LSR-CAND-000310"", ""LSR-CAND-000311"", ""LSR-CAND-000312""]"
SYN-LSR-R-00023,SYN-R-GRP-GRP-Safety performa-P34,"This time the wooden blocks were not in place.. DATE: 05 Mar 2025 COUNTRY: Netherlands FUNCTION: Production CAUSE: Caught in, under or between (excl. dropped objects) ACTIVITY: Lifting, crane, rigging, deck operations A forklift driver’s ankle was struck by a spreader bar during offloading from a truck at the logistics base. There were no lifting pockets welded onto the bar. In past lifting operations, the spreader bar had been placed on wooden blocks on the truck bed and lifted directly on the forks of a forklift","[""Line of Fire"", ""Energy Isolation"", ""Safe Mechanical Lifting""]",[],"[""Line of Fire"", ""Energy Isolation"", ""Safe Mechanical Lifting""]",MULTI,3,,,,,,DERIVED_FROM_SOURCE_GROUNDED_PARENT,,,2026-09-03T06:36:28Z,True,INCIDENT-GOLD-0042,GRP-Safety performa-P34,CONTROLLED_AUGMENTATION_QUALITY_CORRECTED,"[""Safety performance indicators \u2013 2024 data.pdf"", ""Safety performance indicators \u2013 2025 data.pdf""]",[34],"[""LSR-CAND-000059"", ""LSR-CAND-000060"", ""LSR-CAND-000315"", ""LSR-CAND-000316""]"
SYN-LSR-R-00024,SYN-R-GRP-GRP-Safety performa-P35,"Handrail sections (60–90 kg) were lifted by deck crane to the top of the unit, where an operator. PROCESS (CONDITIONS): Organizational: Inadequate hazard identification or risk assessment PROCESS (CONDITIONS): Organizational: Inadequate supervision DATE: 01 Sep 2025 FUNCTION: Drilling CAUSE: Falls from height ACTIVITY: Construction, commissioning, decommissioning On an offshore drilling rig, on 1 September 2025, personnel and marine crew were installing handrails on top of a unit on the main deck","[""Working at Height"", ""Safe Mechanical Lifting"", ""Work Authorization""]",[],"[""Safe Mechanical Lifting"", ""Working at Height"", ""Work Authorization""]",MULTI,3,,,,,,DERIVED_FROM_SOURCE_GROUNDED_PARENT,,,2026-09-03T06:36:28Z,True,INCIDENT-GOLD-0043,GRP-Safety performa-P35,CONTROLLED_AUGMENTATION_QUALITY_CORRECTED,"[""Safety performance indicators \u2013 2024 data.pdf"", ""Safety performance indicators \u2013 2025 data.pdf""]",[35],"[""LSR-CAND-000061"", ""LSR-CAND-000062"", ""LSR-CAND-000317"", ""LSR-CAND-000318""]"
SYN-LSR-R-00025,SYN-R-GRP-GRP-Safety performa-P37,"The crane operator had been planning to perform lubrication of the slewing ring with the logistics discipline responsible for some time, but this was changed to the. DATE: 02 Apr 2025 FUNCTION: Production CAUSE: Dropped objects ACTIVITY: Lifting, crane, rigging, deck operations Collision between northern crane and derrick resulting in falling objects. WHAT WENT WRONG: Three objects fell after the north crane collided with the derrick","[""Working at Height"", ""Line of Fire"", ""Safe Mechanical Lifting""]",[],"[""Line of Fire"", ""Safe Mechanical Lifting"", ""Working at Height""]",MULTI,3,,,,,,DERIVED_FROM_SOURCE_GROUNDED_PARENT,,,2026-09-03T06:36:28Z,True,INCIDENT-GOLD-0045,GRP-Safety performa-P37,CONTROLLED_AUGMENTATION_QUALITY_CORRECTED,"[""Safety performance indicators \u2013 2024 data.pdf"", ""Safety performance indicators \u2013 2025 data.pdf""]",[37],"[""LSR-CAND-000065"", ""LSR-CAND-000066"", ""LSR-CAND-000321"", ""LSR-CAND-000322""]"
SYN-LSR-R-00026,SYN-R-GRP-GRP-Safety performa-P38,"WHAT WENT WRONG:. DATE: 29 Aug 2025 FUNCTION: Production CAUSE: Exposure noise, chemical, biological, vibration, extreme temperature ACTIVITY: Maintenance, inspection, testing Two personnel experienced symptoms of severe oxygen deficiency during inspection work, but managed to self- evacuate safely. Subsequent measurements confirmed low oxygen levels inside the enclosure, linked to nitrogen ingress from the turbine seal system combined with a lack of ventilation","[""Working at Height"", ""Bypassing Safety Controls"", ""Work Authorization""]",[],"[""Bypassing Safety Controls"", ""Working at Height"", ""Work Authorization""]",MULTI,3,,,,,,DERIVED_FROM_SOURCE_GROUNDED_PARENT,,,2026-09-03T06:36:28Z,True,INCIDENT-GOLD-0046,GRP-Safety performa-P38,CONTROLLED_AUGMENTATION_QUALITY_CORRECTED,"[""Safety performance indicators \u2013 2024 data.pdf"", ""Safety performance indicators \u2013 2025 data.pdf""]",[38],"[""LSR-CAND-000067"", ""LSR-CAND-000068"", ""LSR-CAND-000323"", ""LSR-CAND-000324""]"
SYN-LSR-R-00027,SYN-R-GRP-GRP-Safety performa-P39,"DATE: 02 Jul 2025 FUNCTION: Construction CAUSE: Dropped objects ACTIVITY: Lifting, crane, rigging, deck operations During preparations for installing a 20’’ sealing ring on the platform on 2 July 2025, a field specialist tested the ring for fit before the lift operation. The 7.1 kg ring slipped from the field specialist’s hands and fell 6.35 meters to the deck below, landing approximately two meters from a mechanic who was grinding at deck level. The ring then bounced and struck the mechanic on the arm. The mechanic received a first-aid level impact with no observable injury. The","[""Bypassing Safety Controls"", ""Line of Fire"", ""Safe Mechanical Lifting"", ""Working at Height""]",[],"[""Bypassing Safety Controls"", ""Line of Fire"", ""Safe Mechanical Lifting"", ""Working at Height""]",MULTI,4,,,,,,DERIVED_FROM_SOURCE_GROUNDED_PARENT,,,2026-09-03T06:36:28Z,True,INCIDENT-GOLD-0047,GRP-Safety performa-P39,CONTROLLED_AUGMENTATION_QUALITY_CORRECTED,"[""Safety performance indicators \u2013 2024 data.pdf"", ""Safety performance indicators \u2013 2025 data.pdf""]",[39],"[""LSR-CAND-000069"", ""LSR-CAND-000070"", ""LSR-CAND-000071"", ""LSR-CAND-000072"", ""LSR-CAND-000325"", ""LSR-CAND-000326""]"
SYN-LSR-R-00028,SYN-R-GRP-GRP-Safety performa-P40,Update the daily inspection requirements and implement a routine ensuring the latest maintenance manuals are available in the maintenance system at all times.. WHAT WENT WRONG: An incorrect/old maintenance manual was referred to in the maintenance system. The daily check list was incomplete. A swivel hook without a swivel bearing had been used which did not effectively prevent the transfer of rotational force from the load to the piston rod. The design of the set screws which should secure the piston rod from coming loose from the piston was inadequate. CORRECTIVE ACTIONS AND RECOMMENDATIONS: Ensure detailed specification of what type of swivel to be used,"[""Safe Mechanical Lifting"", ""Line of Fire"", ""Working at Height""]",[],"[""Line of Fire"", ""Safe Mechanical Lifting"", ""Working at Height""]",MULTI,3,,,,,,DERIVED_FROM_SOURCE_GROUNDED_PARENT,,,2026-09-03T06:36:28Z,True,INCIDENT-GOLD-0048,GRP-Safety performa-P40,CONTROLLED_AUGMENTATION_QUALITY_CORRECTED,"[""Safety performance indicators \u2013 2024 data.pdf"", ""Safety performance indicators \u2013 2025 data.pdf""]",[40],"[""LSR-CAND-000073"", ""LSR-CAND-000074"", ""LSR-CAND-000327"", ""LSR-CAND-000328""]"
SYN-LSR-R-00029,SYN-R-GRP-GRP-Safety performa-P41,"PEOPLE (ACTS): Following Procedures: Deviation intentional (by individual or group) PEOPLE (ACTS): Following Procedures: Improper lifting or loading PEOPLE (ACTS): Use of Tools, Equipment, Materials and Products: Improper use/position of tools/equipment/ materials/products PEOPLE (ACTS): Use of Protective Methods: Failure to warn of hazard. CORRECTIVE ACTIONS AND RECOMMENDATIONS: • Ensure the dimensions of the plates to make up a floor for the containers are fit for purpose (no overhang). • An installation procedure for correct placement of floor plates to be developed. Follow-up checks to be implemented","[""Safe Mechanical Lifting"", ""Line of Fire""]",[],"[""Line of Fire"", ""Safe Mechanical Lifting""]",MULTI,2,,,,,,DERIVED_FROM_SOURCE_GROUNDED_PARENT,,,2026-09-03T06:36:28Z,True,INCIDENT-GOLD-0049,GRP-Safety performa-P41,CONTROLLED_AUGMENTATION_QUALITY_CORRECTED,"[""Safety performance indicators \u2013 2024 data.pdf"", ""Safety performance indicators \u2013 2025 data.pdf""]",[41],"[""LSR-CAND-000075"", ""LSR-CAND-000076"", ""LSR-CAND-000329"", ""LSR-CAND-000330""]"
SYN-LSR-R-00030,SYN-R-GRP-GRP-Safety performa-P42,"• Training in handling of the hatch arrangement and lifting operations in the shaft.. CORRECTIVE ACTIONS AND RECOMMENDATIONS: A cross learning initiative was implemented at all offshore installations to conduct a one-hour time-out for safety on all shifts based on the established ""Safety Alert"" created following the incident. Focus on requirements related to blind driving and form of communication during planning and pre-job interviews. Follow up on any findings revealed during this time-out was also part of the initiative. The incident was investigated internally. Local recommendations were given within the following five areas: • Fulfilling the role of operational responsible person – lifting operations","[""Energy Isolation"", ""Bypassing Safety Controls"", ""Working at Height"", ""Line of Fire""]",[],"[""Bypassing Safety Controls"", ""Line of Fire"", ""Energy Isolation"", ""Working at Height""]",MULTI,4,,,,,,DERIVED_FROM_SOURCE_GROUNDED_PARENT,,,2026-09-03T06:36:28Z,True,INCIDENT-GOLD-0050,GRP-Safety performa-P42,CONTROLLED_AUGMENTATION_QUALITY_CORRECTED,"[""Safety performance indicators \u2013 2024 data.pdf"", ""Safety performance indicators \u2013 2025 data.pdf""]",[42],"[""LSR-CAND-000077"", ""LSR-CAND-000078"", ""LSR-CAND-000331"", ""LSR-CAND-000332""]"
SYN-LSR-R-00031,SYN-R-GRP-GRP-Safety performa-P43,"Operations were suspended and a. DATE: 03 Mar 2024 FUNCTION: Drilling CAUSE: Caught in, under or between (excl. dropped objects) ACTIVITY: Drilling, workover, well operations When waiting for equipment to be lowered from the top drive to the rig floor during a period of maintenance, a member of the drill crew leant back against the operating lever for the z-back (pipe racking system) turntable at the end of the pipe skate, causing the table to turn and trap their foot. The IP was transferred to the sick bay for assessment and taken to hospital by coastguard helicopter later that evening","[""Line of Fire"", ""Energy Isolation"", ""Work Authorization""]",[],"[""Line of Fire"", ""Energy Isolation"", ""Work Authorization""]",MULTI,3,,,,,,DERIVED_FROM_SOURCE_GROUNDED_PARENT,,,2026-09-03T06:36:28Z,True,INCIDENT-GOLD-0051,GRP-Safety performa-P43,CONTROLLED_AUGMENTATION_QUALITY_CORRECTED,"[""Safety performance indicators \u2013 2024 data.pdf"", ""Safety performance indicators \u2013 2025 data.pdf""]",[43],"[""LSR-CAND-000079"", ""LSR-CAND-000080"", ""LSR-CAND-000333"", ""LSR-CAND-000334"", ""LSR-CAND-000335"", ""LSR-CAND-000336""]"
SYN-LSR-R-00032,SYN-R-GRP-GRP-Safety performa-P44,"Whilst investigating the leak the IP placed his hand in an area not protected by the radiator fan guard (engine running) resulting in the hand making contact with the radiator fan resulting in significant injury to fingers of his left-hand and required Medevac to hospital.. DATE: 30 Jul 2024 FUNCTION: Production CAUSE: Caught in, under or between (excl. dropped objects) ACTIVITY: Maintenance, inspection, testing During non-invasive temperature monitoring of the west crane engine, as part of repair commissioning, the engineer observed an oil filter leaking (this is a known leak)","[""Energy Isolation"", ""Line of Fire"", ""Safe Mechanical Lifting"", ""Working at Height""]",[],"[""Line of Fire"", ""Energy Isolation"", ""Safe Mechanical Lifting"", ""Working at Height""]",MULTI,4,,,,,,DERIVED_FROM_SOURCE_GROUNDED_PARENT,,,2026-09-03T06:36:28Z,True,INCIDENT-GOLD-0052,GRP-Safety performa-P44,CONTROLLED_AUGMENTATION_QUALITY_CORRECTED,"[""Safety performance indicators \u2013 2024 data.pdf"", ""Safety performance indicators \u2013 2025 data.pdf""]",[44],"[""LSR-CAND-000081"", ""LSR-CAND-000082"", ""LSR-CAND-000083"", ""LSR-CAND-000084"", ""LSR-CAND-000337"", ""LSR-CAND-000338""]"
SYN-LSR-R-00033,SYN-R-GRP-GRP-Safety performa-P48,"DATE: 08 Apr 2025 FUNCTION: Production CAUSE: Pressure release ACTIVITY: Maintenance, inspection, testing A contractor mechanical field service representative and mechanical team had unclipped the export gas compressor gas turbine’s primary and secondary flexible fuel gas hoses. After disconnecting the hoses, the contractor field service representative was on the back side of the gas turbine while the mechanical technicians were on the front side. While lying beneath the gas turbine to check the water wash drain tube under the gas","[""Safe Mechanical Lifting"", ""Line of Fire"", ""Energy Isolation""]",[],"[""Line of Fire"", ""Energy Isolation"", ""Safe Mechanical Lifting""]",MULTI,3,,,,,,DERIVED_FROM_SOURCE_GROUNDED_PARENT,,,2026-09-03T06:36:28Z,True,INCIDENT-GOLD-0056,GRP-Safety performa-P48,CONTROLLED_AUGMENTATION_QUALITY_CORRECTED,"[""Safety performance indicators \u2013 2024 data.pdf"", ""Safety performance indicators \u2013 2025 data.pdf""]",[48],"[""LSR-CAND-000089"", ""LSR-CAND-000090"", ""LSR-CAND-000345"", ""LSR-CAND-000346""]"
SYN-LSR-R-00034,SYN-R-GRP-GRP-Safety performa-P50,"Coiled tubing mounting unit: - evaluate the feasibility of using a coiled tubing mounting unit to avoid the need for feeding coiled tubing into the injector head.. 2. Avoid sharp edges: - ensure that no tools being lifted have sharp edges, as these can deteriorate lifting belts. 3. Alternative lifting gear: - consider using different types of lifting gear, such as pulling clamps or two-side lifting clamps, to enhance safety and efficiency. 4","[""Confined Space"", ""Bypassing Safety Controls"", ""Working at Height"", ""Line of Fire""]",[],"[""Bypassing Safety Controls"", ""Line of Fire"", ""Working at Height"", ""Confined Space""]",MULTI,4,,,,,,DERIVED_FROM_SOURCE_GROUNDED_PARENT,,,2026-09-03T06:36:28Z,True,INCIDENT-GOLD-0059,GRP-Safety performa-P50,CONTROLLED_AUGMENTATION_QUALITY_CORRECTED,"[""Safety performance indicators \u2013 2024 data.pdf"", ""Safety performance indicators \u2013 2025 data.pdf""]",[50],"[""LSR-CAND-000093"", ""LSR-CAND-000094"", ""LSR-CAND-000349"", ""LSR-CAND-000350""]"
SYN-LSR-R-00035,SYN-R-GRP-GRP-Safety performa-P51,"No personal Injury was reported. DATE: 24 Mar 2025 FUNCTION: Construction CAUSE: Dropped objects ACTIVITY: Construction, commissioning, decommissioning A gate door (two sections) of the Blasting Shop toppled over due to strong winds (approximately 16m/s). Each door section measures 7.5m x 4m and weighs approx. 425kg. They landed on the ground and came to rest on a pipe stand, resulting in damage to the cladding and frame. The incident occurred next to a pedestrian walkway, but no personnel were in the vicinity at the time","[""Working at Height"", ""Line of Fire"", ""Bypassing Safety Controls""]",[],"[""Bypassing Safety Controls"", ""Line of Fire"", ""Working at Height""]",MULTI,3,,,,,,DERIVED_FROM_SOURCE_GROUNDED_PARENT,,,2026-09-03T06:36:28Z,True,INCIDENT-GOLD-0060,GRP-Safety performa-P51,CONTROLLED_AUGMENTATION_QUALITY_CORRECTED,"[""Safety performance indicators \u2013 2024 data.pdf"", ""Safety performance indicators \u2013 2025 data.pdf""]",[51],"[""LSR-CAND-000095"", ""LSR-CAND-000096"", ""LSR-CAND-000351"", ""LSR-CAND-000352""]"
SYN-LSR-R-00036,SYN-R-GRP-GRP-Safety performa-P52,"• Supervisors have been instructed to actively monitor elevated work structure activities to ensure adherence to safety protocols and proper risk management practices. • Realistic task schedules are established to prevent time pressures that may lead to shortcut actions. • All elevated work structure activities are closely linked to the Work Permit system, ensuring strict compliance with outlined safety requirements before work commences. PEOPLE (ACTS): Following Procedures: Improper position (in the line of fire) PROCESS (CONDITIONS): Organizational: Inadequate training/competence PROCESS (CONDITIONS): Organizational: Inadequate work standards/procedures","[""Line of Fire"", ""Bypassing Safety Controls""]",[],"[""Bypassing Safety Controls"", ""Line of Fire""]",MULTI,2,,,,,,DERIVED_FROM_SOURCE_GROUNDED_PARENT,,,2026-09-03T06:36:28Z,True,INCIDENT-GOLD-0061,GRP-Safety performa-P52,CONTROLLED_AUGMENTATION_QUALITY_CORRECTED,"[""Safety performance indicators \u2013 2024 data.pdf"", ""Safety performance indicators \u2013 2025 data.pdf""]",[52],"[""LSR-CAND-000097"", ""LSR-CAND-000353"", ""LSR-CAND-000354""]"
SYN-LSR-R-00037,SYN-R-GRP-GRP-Safety performa-P53,"Driller smelled. PROCESS (CONDITIONS): Organizational: Inadequate work standards/procedures PROCESS (CONDITIONS): Organizational: Inadequate hazard identification or risk assessment PROCESS (CONDITIONS): Organizational: Inadequate supervision DATE: 24 Feb 2024 FUNCTION: Drilling CAUSE: Exposure noise, chemical, biological, vibration, extreme temperature ACTIVITY: Drilling, workover, well operations During well control killing operation by bleeding pressure through choke manifold to flow back tank","[""Bypassing Safety Controls"", ""Line of Fire"", ""Energy Isolation""]",[],"[""Bypassing Safety Controls"", ""Line of Fire"", ""Energy Isolation""]",MULTI,3,,,,,,DERIVED_FROM_SOURCE_GROUNDED_PARENT,,,2026-09-03T06:36:28Z,True,INCIDENT-GOLD-0062,GRP-Safety performa-P53,CONTROLLED_AUGMENTATION_QUALITY_CORRECTED,"[""Safety performance indicators \u2013 2024 data.pdf"", ""Safety performance indicators \u2013 2025 data.pdf""]",[53],"[""LSR-CAND-000098"", ""LSR-CAND-000099"", ""LSR-CAND-000100"", ""LSR-CAND-000355"", ""LSR-CAND-000356""]"
SYN-LSR-R-00038,SYN-R-GRP-GRP-Safety performa-P54,"The primary. DATE: 01 Jun 2025 FUNCTION: Construction CAUSE: Pressure release ACTIVITY: Lifting, crane, rigging, deck operations A telehandler operator was moving a 714kg pipe spool when he observed a trailer blocking his access. The operator pulled the telehandler over to the side waiting for the trailer to move away. When the trailer moved, the operator started to reverse the telehandler. After reversing approximately 2 metres, the front right tyre of the telehandler failed and exploded. The release of pressure ejected the tyre 7 metres away from the telehandler","[""Safe Mechanical Lifting"", ""Line of Fire"", ""Bypassing Safety Controls""]",[],"[""Bypassing Safety Controls"", ""Line of Fire"", ""Safe Mechanical Lifting""]",MULTI,3,,,,,,DERIVED_FROM_SOURCE_GROUNDED_PARENT,,,2026-09-03T06:36:28Z,True,INCIDENT-GOLD-0063,GRP-Safety performa-P54,CONTROLLED_AUGMENTATION_QUALITY_CORRECTED,"[""Safety performance indicators \u2013 2024 data.pdf"", ""Safety performance indicators \u2013 2025 data.pdf""]",[54],"[""LSR-CAND-000101"", ""LSR-CAND-000102"", ""LSR-CAND-000357"", ""LSR-CAND-000358""]"
SYN-LSR-R-00039,SYN-R-GRP-GRP-Safety performa-P55,"No visible damage was found on both crawler cranes, and there were. DATE: 11 Jan 2025 FUNCTION: Construction CAUSE: Struck by (not dropped object) ACTIVITY: Lifting, crane, rigging, deck operations An 800-ton crawler crane and a 280-ton crawler crane had concluded lifting operations and were idle. A civil crew requested the 800-ton crane operator to reposition the hook so they could avoid working under it. While slewing, the boom tip section of the 800-ton crawler crane contacted the wire rope of the stationary 280-ton crawler crane. The crane was operating within a barricaded area","[""Driving"", ""Line of Fire"", ""Safe Mechanical Lifting""]",[],"[""Driving"", ""Line of Fire"", ""Safe Mechanical Lifting""]",MULTI,3,,,,,,DERIVED_FROM_SOURCE_GROUNDED_PARENT,,,2026-09-03T06:36:28Z,True,INCIDENT-GOLD-0064,GRP-Safety performa-P55,CONTROLLED_AUGMENTATION_QUALITY_CORRECTED,"[""Safety performance indicators \u2013 2024 data.pdf"", ""Safety performance indicators \u2013 2025 data.pdf""]",[55],"[""LSR-CAND-000103"", ""LSR-CAND-000104"", ""LSR-CAND-000105"", ""LSR-CAND-000106"", ""LSR-CAND-000359"", ""LSR-CAND-000360""]"
SYN-LSR-R-00040,SYN-R-GRP-GRP-Safety performa-P57,"During the calibration of the total sulphur analyzer, LPG was released from the cylinder used for the calibration, and the vaporized LPG came into contact with an ignition source causing an explosion and fire.. DATE: 23 Aug 2024 FUNCTION: Production CAUSE: Explosion, fire or burns ACTIVITY: Maintenance, inspection, testing On 23 Aug 2024 at around 15:30hrs, there was an explosion in the gas chromatograph (GC) lab, which resulted in property damage and burns to a lab analyst. The incident occurred while the lab analyst was calibrating a total sulphur analyzer","[""Energy Isolation"", ""Line of Fire"", ""Work Authorization""]",[],"[""Line of Fire"", ""Energy Isolation"", ""Work Authorization""]",MULTI,3,,,,,,DERIVED_FROM_SOURCE_GROUNDED_PARENT,,,2026-09-03T06:36:28Z,True,INCIDENT-GOLD-0066,GRP-Safety performa-P57,CONTROLLED_AUGMENTATION_QUALITY_CORRECTED,"[""Safety performance indicators \u2013 2024 data.pdf"", ""Safety performance indicators \u2013 2025 data.pdf""]",[57],"[""LSR-CAND-000109"", ""LSR-CAND-000110"", ""LSR-CAND-000363"", ""LSR-CAND-000364""]"
SYN-LSR-R-00041,SYN-R-GRP-GRP-Safety performa-P58,"DATE: 03 Sep 2025 FUNCTION: Construction CAUSE: Caught in, under or between (excl. dropped objects) ACTIVITY: Construction, commissioning, decommissioning Workers were unloading sandbags from the bucket of a wheel loader. While unloading the sandbags, a operator’s left foot was under the loader’s bucket. The bucket was inadvertently lowered, resulting in a crush injury to the operator (hereinafter referred to as the injured person or IP). WHAT WENT WRONG:","[""Work Authorization"", ""Line of Fire"", ""Safe Mechanical Lifting""]",[],"[""Line of Fire"", ""Safe Mechanical Lifting"", ""Work Authorization""]",MULTI,3,,,,,,DERIVED_FROM_SOURCE_GROUNDED_PARENT,,,2026-09-03T06:36:28Z,True,INCIDENT-GOLD-0067,GRP-Safety performa-P58,CONTROLLED_AUGMENTATION_QUALITY_CORRECTED,"[""Safety performance indicators \u2013 2024 data.pdf"", ""Safety performance indicators \u2013 2025 data.pdf""]",[58],"[""LSR-CAND-000112"", ""LSR-CAND-000113"", ""LSR-CAND-000365"", ""LSR-CAND-000366""]"
SYN-LSR-R-00042,SYN-R-GRP-GRP-Safety performa-P59,"No personnel injuries WHAT WENT WRONG: • The trailer was hired from supplier/vendor for material transportation and driver was not aware of the road. DATE: 30 Apr 2025 FUNCTION: Construction CAUSE: Dropped objects ACTIVITY: Transport - Land On 30/04/2025, a High Potential (HIPO) occurred when a crane’s counterweight of 15 tonnes fell off the trailer due to failure in the securing belt. The trailer was moving from the laydown area to the well-pad","[""Driving"", ""Line of Fire"", ""Energy Isolation""]",[],"[""Driving"", ""Line of Fire"", ""Energy Isolation""]",MULTI,3,,,,,,DERIVED_FROM_SOURCE_GROUNDED_PARENT,,,2026-09-03T06:36:28Z,True,INCIDENT-GOLD-0068,GRP-Safety performa-P59,CONTROLLED_AUGMENTATION_QUALITY_CORRECTED,"[""Safety performance indicators \u2013 2024 data.pdf"", ""Safety performance indicators \u2013 2025 data.pdf""]",[59],"[""LSR-CAND-000114"", ""LSR-CAND-000115"", ""LSR-CAND-000116"", ""LSR-CAND-000117"", ""LSR-CAND-000367"", ""LSR-CAND-000368""]"
SYN-LSR-R-00043,SYN-R-GRP-GRP-Safety performa-P6,"When the chains come off, they have a spring. DATE: 01 May 2025 FUNCTION: Drilling CAUSE: Struck by (not dropped object) ACTIVITY: Lifting, crane, rigging, deck operations At around 4am on 1st of May, the two men on the crane were assigned to a new location. The operation involved depositing the counterweights. Following a counter-order from the supervisor, they had to carry out a final lift before going on to the new location. The spider chains were replaced on the counterweights. As the chains are lifted, one of the hooks gets caught in the guide of the counterweight","[""Line of Fire"", ""Safe Mechanical Lifting""]",[],"[""Line of Fire"", ""Safe Mechanical Lifting""]",MULTI,2,,,,,,DERIVED_FROM_SOURCE_GROUNDED_PARENT,,,2026-09-03T06:36:28Z,True,INCIDENT-GOLD-0069,GRP-Safety performa-P6,CONTROLLED_AUGMENTATION_QUALITY_CORRECTED,"[""Safety performance indicators \u2013 2024 data.pdf"", ""Safety performance indicators \u2013 2025 data.pdf""]",[6],"[""LSR-CAND-000005"", ""LSR-CAND-000248"", ""LSR-CAND-000249""]"
SYN-LSR-R-00044,SYN-R-GRP-GRP-Safety performa-P61,"PEOPLE (ACTS): Following Procedures: Improper position (in the line of fire) PROCESS (CONDITIONS): Organizational: Inadequate work standards/procedures DATE: 10 Feb 2024 FUNCTION: Construction. • Conduct hazard identification and mitigation before entering the incident scene for data collection. • Discuss solutions with the blower manufacturer to prevent impeller rotation during installation and • Update the energy isolation program and training to include incident findings and emphasise “Lock, Block & Bleed.” • Communicate incident findings to all site personnel during Toolbox Talks","[""Driving"", ""Line of Fire"", ""Safe Mechanical Lifting""]",[],"[""Driving"", ""Line of Fire"", ""Safe Mechanical Lifting""]",MULTI,3,,,,,,DERIVED_FROM_SOURCE_GROUNDED_PARENT,,,2026-09-03T06:36:28Z,True,INCIDENT-GOLD-0071,GRP-Safety performa-P61,CONTROLLED_AUGMENTATION_QUALITY_CORRECTED,"[""Safety performance indicators \u2013 2024 data.pdf"", ""Safety performance indicators \u2013 2025 data.pdf""]",[61],"[""LSR-CAND-000120"", ""LSR-CAND-000371"", ""LSR-CAND-000372""]"
SYN-LSR-R-00045,SYN-R-GRP-GRP-Safety performa-P63,"dropped objects). PROCESS (CONDITIONS): Organizational: Inadequate work standards/procedures PROCESS (CONDITIONS): Organizational: Inadequate hazard identification or risk assessment PROCESS (CONDITIONS): Organizational: Inadequate communication PROCESS (CONDITIONS): Organizational: Poor leadership/organizational culture PROCESS (CONDITIONS): Organizational: Failure to report/learn from events DATE: 12 May 2025 FUNCTION: Production CAUSE: Caught in, under or between (excl","[""Line of Fire"", ""Safe Mechanical Lifting""]",[],"[""Line of Fire"", ""Safe Mechanical Lifting""]",MULTI,2,,,,,,DERIVED_FROM_SOURCE_GROUNDED_PARENT,,,2026-09-03T06:36:28Z,True,INCIDENT-GOLD-0073,GRP-Safety performa-P63,CONTROLLED_AUGMENTATION_QUALITY_CORRECTED,"[""Safety performance indicators \u2013 2025 data.pdf""]",[63],"[""LSR-CAND-000375"", ""LSR-CAND-000376""]"
SYN-LSR-R-00046,SYN-R-GRP-GRP-Safety performa-P64,"Both individuals. PROCESS (CONDITIONS): Organizational: Inadequate hazard identification or risk assessment PROCESS (CONDITIONS): Organizational: Inadequate communication DATE: 28 Oct 2025 FUNCTION: Production CAUSE: Falls from height ACTIVITY: Construction, commissioning, decommissioning Two project contractors were observed working outside the handrail on structural beams approximately 30 meters above sea level. They were without the required fall-prevention barriers or authorized permits","[""Line of Fire"", ""Working at Height""]",[],"[""Line of Fire"", ""Working at Height""]",MULTI,2,,,,,,DERIVED_FROM_SOURCE_GROUNDED_PARENT,,,2026-09-03T06:36:28Z,True,INCIDENT-GOLD-0074,GRP-Safety performa-P64,CONTROLLED_AUGMENTATION_QUALITY_CORRECTED,"[""Safety performance indicators \u2013 2024 data.pdf"", ""Safety performance indicators \u2013 2025 data.pdf""]",[64],"[""LSR-CAND-000125"", ""LSR-CAND-000377"", ""LSR-CAND-000378""]"
SYN-LSR-R-00047,SYN-R-GRP-GRP-Safety performa-P65,"As soon as hybrid bridge plug was close to vertical position, the running tool released causing the hybrid bridge plug to drop on the rig. DATE: 13 Apr 2024 FUNCTION: Drilling CAUSE: Dropped objects ACTIVITY: Lifting, crane, rigging, deck operations Hybrid bridge plug dropped onto drill floor while lifting; during lifting operations, hybrid bridge plug was lifted horizontally from cantilever to the drill floor by port aft crane. Top Drive System (TDS) elevators were latched onto the top of hybrid bridge plug and lifted to vertical position in order to disconnect crane wire sling","[""Safe Mechanical Lifting"", ""Line of Fire"", ""Energy Isolation""]",[],"[""Line of Fire"", ""Energy Isolation"", ""Safe Mechanical Lifting""]",MULTI,3,,,,,,DERIVED_FROM_SOURCE_GROUNDED_PARENT,,,2026-09-03T06:36:28Z,True,INCIDENT-GOLD-0075,GRP-Safety performa-P65,CONTROLLED_AUGMENTATION_QUALITY_CORRECTED,"[""Safety performance indicators \u2013 2024 data.pdf"", ""Safety performance indicators \u2013 2025 data.pdf""]",[65],"[""LSR-CAND-000126"", ""LSR-CAND-000127"", ""LSR-CAND-000379"", ""LSR-CAND-000380""]"
SYN-LSR-R-00048,SYN-R-GRP-GRP-Safety performa-P67,"DATE: 28 Feb 2025 FUNCTION: Production CAUSE: Exposure noise, chemical, biological, vibration, extreme temperature ACTIVITY: Transport - Land During a fluid-hauling task, water transfer to a tank truck was completed and the hose was unclipped. A valve was found not fully closed, and hot fluid sprayed during subsequent valve manipulation. The job was stopped, emergency medical response was initiated, and the well/site was shut down to support response and control the WHAT WENT WRONG:","[""Bypassing Safety Controls"", ""Line of Fire"", ""Energy Isolation""]",[],"[""Bypassing Safety Controls"", ""Line of Fire"", ""Energy Isolation""]",MULTI,3,,,,,,DERIVED_FROM_SOURCE_GROUNDED_PARENT,,,2026-09-03T06:36:28Z,True,INCIDENT-GOLD-0077,GRP-Safety performa-P67,CONTROLLED_AUGMENTATION_QUALITY_CORRECTED,"[""Safety performance indicators \u2013 2024 data.pdf"", ""Safety performance indicators \u2013 2025 data.pdf""]",[67],"[""LSR-CAND-000130"", ""LSR-CAND-000131"", ""LSR-CAND-000383"", ""LSR-CAND-000384""]"
SYN-LSR-R-00049,SYN-R-GRP-GRP-Safety performa-P69,"The senior dynamic positioning operator made a surge adjustment on the joystick to counteract the wind and sea forces. DATE: 30 Jan 2024 FUNCTION: Construction CAUSE: Struck by (not dropped object) ACTIVITY: Transport – Water, incl. marine activity Dive support vessel contacted with non-commissioned platform: the saturation diving vessel was positioned 750 meters southeast of the affected platform, awaiting favourable weather conditions. The vessel's dynamic positioning (DP) system was engaged, with yaw under automatic control and surge and sway managed via joystick control","[""Bypassing Safety Controls"", ""Line of Fire"", ""Energy Isolation""]",[],"[""Bypassing Safety Controls"", ""Line of Fire"", ""Energy Isolation""]",MULTI,3,,,,,,DERIVED_FROM_SOURCE_GROUNDED_PARENT,,,2026-09-03T06:36:28Z,True,INCIDENT-GOLD-0079,GRP-Safety performa-P69,CONTROLLED_AUGMENTATION_QUALITY_CORRECTED,"[""Safety performance indicators \u2013 2024 data.pdf"", ""Safety performance indicators \u2013 2025 data.pdf""]",[69],"[""LSR-CAND-000133"", ""LSR-CAND-000134"", ""LSR-CAND-000389"", ""LSR-CAND-000390""]"
SYN-LSR-R-00050,SYN-R-GRP-GRP-Safety performa-P7,"When the third cord was cut, the tension accumulated in the 6-inch pipe, which was. DATE: 18 Aug 2025 FUNCTION: Drilling CAUSE: Struck by (not dropped object) ACTIVITY: Lifting, crane, rigging, deck operations On 18 August 2025, a team was installing a 6-inch pipe over a 35-metre section between two lines. This pipe was also to be used during WO operations. During the operation, the team separated a 6-inch pipe from a 2-inch pipe, both of which had previously been tied together with cords. During the lifting phase, the cords were gradually cut to separate the two pipes","[""Energy Isolation"", ""Line of Fire"", ""Work Authorization""]",[],"[""Line of Fire"", ""Energy Isolation"", ""Work Authorization""]",MULTI,3,,,,,,DERIVED_FROM_SOURCE_GROUNDED_PARENT,,,2026-09-03T06:36:28Z,True,INCIDENT-GOLD-0080,GRP-Safety performa-P7,CONTROLLED_AUGMENTATION_QUALITY_CORRECTED,"[""Safety performance indicators \u2013 2024 data.pdf"", ""Safety performance indicators \u2013 2025 data.pdf""]",[7],"[""LSR-CAND-000006"", ""LSR-CAND-000007"", ""LSR-CAND-000008"", ""LSR-CAND-000250"", ""LSR-CAND-000251""]"
SYN-LSR-R-00051,SYN-R-GRP-GRP-Safety performa-P70,"When. NORTH AMERICA ONSHORE DATE: 16 Jun 2024 FUNCTION: Drilling CAUSE: Caught in, under or between (excl. dropped objects) ACTIVITY: Drilling, workover, well operations While laying out 114.3mm tubing, the injured person (IP) was assisting the floor hand with the tubing tongs and clamps. As the floor hand hoisted the tubing tongs to install them on the stump, the IP grabbed the handle of the open tong door latch to guide the tongs into place, but the tongs were not properly aligned with the stump","[""Line of Fire"", ""Bypassing Safety Controls"", ""Safe Mechanical Lifting"", ""Work Authorization"", ""Confined Space""]",[],"[""Bypassing Safety Controls"", ""Line of Fire"", ""Safe Mechanical Lifting"", ""Work Authorization"", ""Confined Space""]",MULTI,5,,,,,,DERIVED_FROM_SOURCE_GROUNDED_PARENT,,,2026-09-03T06:36:28Z,True,INCIDENT-GOLD-0081,GRP-Safety performa-P70,CONTROLLED_AUGMENTATION_QUALITY_CORRECTED,"[""Safety performance indicators \u2013 2024 data.pdf"", ""Safety performance indicators \u2013 2025 data.pdf""]",[70],"[""LSR-CAND-000135"", ""LSR-CAND-000136"", ""LSR-CAND-000137"", ""LSR-CAND-000391"", ""LSR-CAND-000392"", ""LSR-CAND-000393"", ""LSR-CAND-000394""]"
SYN-LSR-R-00052,SYN-R-GRP-GRP-Safety performa-P72,"WHAT WENT WRONG:. DATE: 14 Mar 2024 FUNCTION: Drilling CAUSE: Caught in, under or between (excl. dropped objects) ACTIVITY: Lifting, crane, rigging, deck operations A forklift was tipped on its side after attempting to unload a high-pressure hose off the back of a frac pump. The forklift operator was lifting one end of the hose while the pump was pulled forward. The end of the hose that was laying on the back of the pump was caught on the hose rack and pulled the forklift with it. No injuries were reported","[""Safe Mechanical Lifting"", ""Line of Fire"", ""Energy Isolation""]",[],"[""Line of Fire"", ""Energy Isolation"", ""Safe Mechanical Lifting""]",MULTI,3,,,,,,DERIVED_FROM_SOURCE_GROUNDED_PARENT,,,2026-09-03T06:36:28Z,True,INCIDENT-GOLD-0083,GRP-Safety performa-P72,CONTROLLED_AUGMENTATION_QUALITY_CORRECTED,"[""Safety performance indicators \u2013 2024 data.pdf"", ""Safety performance indicators \u2013 2025 data.pdf""]",[72],"[""LSR-CAND-000139"", ""LSR-CAND-000140"", ""LSR-CAND-000141"", ""LSR-CAND-000142"", ""LSR-CAND-000397"", ""LSR-CAND-000398""]"
SYN-LSR-R-00053,SYN-R-GRP-GRP-Safety performa-P74,"WHAT WENT WRONG:. DATE: 05 Apr 2024 FUNCTION: Drilling CAUSE: Dropped objects ACTIVITY: Lifting, crane, rigging, deck operations A wellhead spool and stinger was dropped from the top of the wellhead due to improper rigging. A two-leg chain listing sling that was missing the safety hook latches were used to lift. One of the hooks came loose as the crane lowered the stinger into position causing the stinger to fall to the ground. No injuries were reported","[""Safe Mechanical Lifting"", ""Line of Fire"", ""Bypassing Safety Controls"", ""Energy Isolation""]",[],"[""Bypassing Safety Controls"", ""Line of Fire"", ""Energy Isolation"", ""Safe Mechanical Lifting""]",MULTI,4,,,,,,DERIVED_FROM_SOURCE_GROUNDED_PARENT,,,2026-09-03T06:36:28Z,True,INCIDENT-GOLD-0085,GRP-Safety performa-P74,CONTROLLED_AUGMENTATION_QUALITY_CORRECTED,"[""Safety performance indicators \u2013 2024 data.pdf"", ""Safety performance indicators \u2013 2025 data.pdf""]",[74],"[""LSR-CAND-000147"", ""LSR-CAND-000148"", ""LSR-CAND-000149"", ""LSR-CAND-000150"", ""LSR-CAND-000401"", ""LSR-CAND-000402""]"
SYN-LSR-R-00054,SYN-R-GRP-GRP-Safety performa-P75,"A ground instability and multiple surface cracks were identified in the surrounding area.. DATE: 21 Apr 2025 COUNTRY: Azerbaijan FUNCTION: Drilling CAUSE: Caught in, under or between (excl. dropped objects) ACTIVITY: Office, warehouse, accommodation, catering Following heavy rainfall, landslide occurred in the area behind the ten wagon-type cabins (accommodation, canteen, washing, changing, and rest facilities) located at the oil well site","[""Bypassing Safety Controls"", ""Line of Fire"", ""Energy Isolation""]",[],"[""Bypassing Safety Controls"", ""Line of Fire"", ""Energy Isolation""]",MULTI,3,,,,,,DERIVED_FROM_SOURCE_GROUNDED_PARENT,,,2026-09-03T06:36:28Z,True,INCIDENT-GOLD-0086,GRP-Safety performa-P75,CONTROLLED_AUGMENTATION_QUALITY_CORRECTED,"[""Safety performance indicators \u2013 2024 data.pdf"", ""Safety performance indicators \u2013 2025 data.pdf""]",[75],"[""LSR-CAND-000151"", ""LSR-CAND-000152"", ""LSR-CAND-000153"", ""LSR-CAND-000154"", ""LSR-CAND-000403"", ""LSR-CAND-000404""]"
SYN-LSR-R-00055,SYN-R-GRP-GRP-Safety performa-P77,"PEOPLE (ACTS): Following Procedures: Improper position (in the line of fire) PEOPLE (ACTS): Use of Protective Methods: Disabled or removed guards, warning systems or safety devices. CORRECTIVE ACTIONS AND RECOMMENDATIONS: • Retro fit all rigs with upgraded pin design/concept that makes inspections easier to get right, and harder to miss. Also cut windows/doors where able, to make hard to inspect items easier to see. • Implement an inspection checklist that is performed by rig leadership after any work is performed on the • Contractors daily startup inspection will be updated to identify “must observes” specific to the drum brake inspection. • Required to tie in the COFO to disc assist (if present) in addition to the main brake as a best practice","[""Line of Fire"", ""Safe Mechanical Lifting""]",[],"[""Line of Fire"", ""Safe Mechanical Lifting""]",MULTI,2,,,,,,DERIVED_FROM_SOURCE_GROUNDED_PARENT,,,2026-09-03T06:36:28Z,True,INCIDENT-GOLD-0088,GRP-Safety performa-P77,CONTROLLED_AUGMENTATION_QUALITY_CORRECTED,"[""Safety performance indicators \u2013 2024 data.pdf"", ""Safety performance indicators \u2013 2025 data.pdf""]",[77],"[""LSR-CAND-000159"", ""LSR-CAND-000407"", ""LSR-CAND-000408""]"
SYN-LSR-R-00056,SYN-R-GRP-GRP-Safety performa-P78,"The vessel’s captain was promptly contacted and informed. DATE: 31 Jan 2025 COUNTRY: Azerbaijan FUNCTION: Production CAUSE: Water related, drowning ACTIVITY: Diving (incl. decompression), subsea, ROV During the installation of a subsea telescopic clamp on the well shaft beneath the offshore platform, the Diving Service team encountered a safety-critical situation when a support vessel unexpectedly approached the platform, despite all established safety measures being in place","[""Energy Isolation"", ""Line of Fire"", ""Bypassing Safety Controls"", ""Work Authorization""]",[],"[""Bypassing Safety Controls"", ""Line of Fire"", ""Energy Isolation"", ""Work Authorization""]",MULTI,4,,,,,,DERIVED_FROM_SOURCE_GROUNDED_PARENT,,,2026-09-03T06:36:28Z,True,INCIDENT-GOLD-0089,GRP-Safety performa-P78,CONTROLLED_AUGMENTATION_QUALITY_CORRECTED,"[""Safety performance indicators \u2013 2024 data.pdf"", ""Safety performance indicators \u2013 2025 data.pdf""]",[78],"[""LSR-CAND-000160"", ""LSR-CAND-000161"", ""LSR-CAND-000162"", ""LSR-CAND-000163"", ""LSR-CAND-000409"", ""LSR-CAND-000410""]"
SYN-LSR-R-00057,SYN-R-GRP-GRP-Safety performa-P79,"WHAT WENT WRONG: CORRECTIVE ACTIONS AND RECOMMENDATIONS: PROCESS (CONDITIONS): Tools, Equipment, Materials and Products: Inadequate design/specification/management PROCESS (CONDITIONS): Organizational: Inadequate work standards/procedures PROCESS (CONDITIONS): Organizational: Inadequate hazard identification or risk assessment. that they were getting gas in the combustor and seeing a flame. After burning for approximately 1-2 minutes the flowback tank to flash back and ruptured causing damage to the tank. No LOC reported. No injury reported. Stop work was initiated and operations was halted. No other damage reported","[""Work Authorization"", ""Line of Fire"", ""Bypassing Safety Controls""]",[],"[""Bypassing Safety Controls"", ""Line of Fire"", ""Work Authorization""]",MULTI,3,,,,,,DERIVED_FROM_SOURCE_GROUNDED_PARENT,,,2026-09-03T06:36:28Z,True,INCIDENT-GOLD-0090,GRP-Safety performa-P79,CONTROLLED_AUGMENTATION_QUALITY_CORRECTED,"[""Safety performance indicators \u2013 2024 data.pdf"", ""Safety performance indicators \u2013 2025 data.pdf""]",[79],"[""LSR-CAND-000164"", ""LSR-CAND-000165"", ""LSR-CAND-000411"", ""LSR-CAND-000412""]"
SYN-LSR-R-00058,SYN-R-GRP-GRP-Safety performa-P8,"Simultaneously, the emergency response team was activated, and. DATE: 19 Jan 2025 FUNCTION: Construction CAUSE: Explosion, fire or burns ACTIVITY: Maintenance, inspection, testing On January 19, 2025, during restart attempts of the HP-A Gas Compressor following corrective maintenance, an unusually loud noise was heard from the exhaust. Seconds later, the fire alarm was triggered, and it was observed that the exhaust structure had fallen off. Technicians in the vicinity immediately pressed the compressor’s emergency stop button and evacuated the facility","[""Work Authorization"", ""Bypassing Safety Controls""]",[],"[""Bypassing Safety Controls"", ""Work Authorization""]",MULTI,2,,,,,,DERIVED_FROM_SOURCE_GROUNDED_PARENT,,,2026-09-03T06:36:28Z,True,INCIDENT-GOLD-0091,GRP-Safety performa-P8,CONTROLLED_AUGMENTATION_QUALITY_CORRECTED,"[""Safety performance indicators \u2013 2025 data.pdf""]",[8],"[""LSR-CAND-000252"", ""LSR-CAND-000253""]"
SYN-LSR-R-00059,SYN-R-GRP-GRP-Safety performa-P81,"For causes yet to be determined, an actuated valve (SDV) located near the installation area - resting vertically on the ground and not involved in the lifting operation - lost its vertical stability and fell, resulting. DATE: 27 Apr 2025 COUNTRY: Argentina FUNCTION: Construction CAUSE: Dropped objects ACTIVITY: Lifting, crane, rigging, deck operations Contractor personnel were working on the installation of a 12-inch spool at ground level, while it was being held in a lifting operation","[""Safe Mechanical Lifting"", ""Line of Fire""]",[],"[""Line of Fire"", ""Safe Mechanical Lifting""]",MULTI,2,,,,,,DERIVED_FROM_SOURCE_GROUNDED_PARENT,,,2026-09-03T06:36:28Z,True,INCIDENT-GOLD-0093,GRP-Safety performa-P81,CONTROLLED_AUGMENTATION_QUALITY_CORRECTED,"[""Safety performance indicators \u2013 2024 data.pdf"", ""Safety performance indicators \u2013 2025 data.pdf""]",[81],"[""LSR-CAND-000169"", ""LSR-CAND-000170"", ""LSR-CAND-000415"", ""LSR-CAND-000416""]"
SYN-LSR-R-00060,SYN-R-GRP-GRP-Safety performa-P82,"Operations suspended, well secured, carry out DROPS inspection and observed that the roller bracket mounting plate had sheared in several spots.. NORTH AMERICA OFFSHORE DATE: 28 Nov 2024 FUNCTION: Drilling CAUSE: Dropped objects ACTIVITY: Drilling, workover, well operations During singling in hole 5"" drill pipe, the Driller retracted the top drive system (TDS) dolly at rig floor level and observed a dropped steel plate from the TDS to the port side of the drill floor","[""Line of Fire"", ""Driving""]",[],"[""Driving"", ""Line of Fire""]",MULTI,2,,,,,,DERIVED_FROM_SOURCE_GROUNDED_PARENT,,,2026-09-03T06:36:28Z,True,INCIDENT-GOLD-0094,GRP-Safety performa-P82,CONTROLLED_AUGMENTATION_QUALITY_CORRECTED,"[""Safety performance indicators \u2013 2024 data.pdf"", ""Safety performance indicators \u2013 2025 data.pdf""]",[82],"[""LSR-CAND-000171"", ""LSR-CAND-000417"", ""LSR-CAND-000418"", ""LSR-CAND-000419"", ""LSR-CAND-000420""]"
SYN-LSR-R-00061,SYN-R-GRP-GRP-Safety performa-P84,"At 14:15, while laying out joint #63 of 5 7/8"" drill pipe onto the catwalk machine, the joint came off the catwalk After opening the elevators and raising the catwalk arm, the joint bounced off the catwalk machine, slid down the. DATE: 26 Dec 2024 FUNCTION: Drilling CAUSE: Unspecified – Other ACTIVITY: Drilling, workover, well operations A 5 7/8"" drill pipe came off the catwalk and came to rest on the cantilever deck. There were no personnel at risk during the incident","[""Line of Fire"", ""Safe Mechanical Lifting"", ""Working at Height""]",[],"[""Line of Fire"", ""Safe Mechanical Lifting"", ""Working at Height""]",MULTI,3,,,,,,DERIVED_FROM_SOURCE_GROUNDED_PARENT,,,2026-09-03T06:36:28Z,True,INCIDENT-GOLD-0096,GRP-Safety performa-P84,CONTROLLED_AUGMENTATION_QUALITY_CORRECTED,"[""Safety performance indicators \u2013 2024 data.pdf"", ""Safety performance indicators \u2013 2025 data.pdf""]",[84],"[""LSR-CAND-000173"", ""LSR-CAND-000423"", ""LSR-CAND-000424""]"
SYN-LSR-R-00062,SYN-R-GRP-GRP-Safety performa-P85,"No personnel were in the derrick level where the dropped object occurred.. DATE: 19 Mar 2024 FUNCTION: Drilling CAUSE: Dropped objects ACTIVITY: Maintenance, inspection, testing Electrical workers had completed work in the crown and were preparing to return from level 4 (144' level) in the derrick to the drill floor level via the derrick elevator. As the inner derrick elevator doors opened, the workers heard a noise and observed the lower section of the elevator door become dislodged and descend 43 ft to the derrick level 3 (101' level)","[""Line of Fire"", ""Work Authorization"", ""Hot Work""]",[],"[""Line of Fire"", ""Work Authorization"", ""Hot Work""]",MULTI,3,,,,,,DERIVED_FROM_SOURCE_GROUNDED_PARENT,,,2026-09-03T06:36:28Z,True,INCIDENT-GOLD-0097,GRP-Safety performa-P85,CONTROLLED_AUGMENTATION_QUALITY_CORRECTED,"[""Safety performance indicators \u2013 2024 data.pdf"", ""Safety performance indicators \u2013 2025 data.pdf""]",[85],"[""LSR-CAND-000174"", ""LSR-CAND-000175"", ""LSR-CAND-000176"", ""LSR-CAND-000425"", ""LSR-CAND-000426""]"
SYN-LSR-R-00063,SYN-R-GRP-GRP-Safety performa-P9,"Additionally, multiple panels were. DATE: 25 Mar 2025 FUNCTION: Unspecified CAUSE: Dropped objects ACTIVITY: Office, warehouse, accommodation, catering During a heavy rainstorm, two aluminium composite panels (component of the external cladding material for the Office building) dislodged and dropped. The two (2) panels, each weighing 9.8kgs and measuring 1.11x1.49ms, dropped from about a height of 22.35 meters. The fallen panels were found Infront of the South Wing Power room, and the affected area was promptly cordoned off to prevent further hazards","[""Energy Isolation"", ""Line of Fire"", ""Safe Mechanical Lifting""]",[],"[""Line of Fire"", ""Energy Isolation"", ""Safe Mechanical Lifting""]",MULTI,3,,,,,,DERIVED_FROM_SOURCE_GROUNDED_PARENT,,,2026-09-03T06:36:28Z,True,INCIDENT-GOLD-0102,GRP-Safety performa-P9,CONTROLLED_AUGMENTATION_QUALITY_CORRECTED,"[""Safety performance indicators \u2013 2024 data.pdf"", ""Safety performance indicators \u2013 2025 data.pdf""]",[9],"[""LSR-CAND-000009"", ""LSR-CAND-000010"", ""LSR-CAND-000011"", ""LSR-CAND-000012"", ""LSR-CAND-000254""]"
SYN-LSR-R-00064,SYN-R-GRP-GRP-Safety performa-P92,"WHAT WENT WRONG:. DATE: 27 May 2024 COUNTRY: Azerbaijan FUNCTION: Production CAUSE: Explosion, fire or burns ACTIVITY: Maintenance, inspection, testing Scaffold board decking erected by the contractor to carry out insulation work between the plant's reactors caught fire which was extinguished by staff with a fire extinguisher","[""Hot Work"", ""Work Authorization""]",[],"[""Work Authorization"", ""Hot Work""]",MULTI,2,,,,,,DERIVED_FROM_SOURCE_GROUNDED_PARENT,,,2026-09-03T06:36:28Z,True,INCIDENT-GOLD-0105,GRP-Safety performa-P92,CONTROLLED_AUGMENTATION_QUALITY_CORRECTED,"[""Safety performance indicators \u2013 2024 data.pdf""]",[92],"[""LSR-CAND-000189"", ""LSR-CAND-000190"", ""LSR-CAND-000191""]"
SYN-LSR-R-00065,SYN-R-GRP-GRP-Safety performa-P94,"The Fire Department was called to the scene and the fire was WHAT WENT WRONG: • Lack of supervision,. DATE: 26 May 2024 COUNTRY: Azerbaijan FUNCTION: Production CAUSE: Explosion, fire or burns ACTIVITY: Unspecified – other A fire was observed near an oil pipeline in public area","[""Work Authorization"", ""Line of Fire""]",[],"[""Line of Fire"", ""Work Authorization""]",MULTI,2,,,,,,DERIVED_FROM_SOURCE_GROUNDED_PARENT,,,2026-09-03T06:36:28Z,True,INCIDENT-GOLD-0107,GRP-Safety performa-P94,CONTROLLED_AUGMENTATION_QUALITY_CORRECTED,"[""Safety performance indicators \u2013 2024 data.pdf""]",[94],"[""LSR-CAND-000195"", ""LSR-CAND-000196""]"
SYN-LSR-R-00066,SYN-R-GRP-GRP-Safety performa-P98,PEOPLE (ACTS): Use of Protective Methods: Failure to warn of hazard. WHAT WENT WRONG: • Inadequate contractor management procedure. • Inadequate work planning. • Inadequate scaffold inspection methods. CORRECTIVE ACTIONS AND RECOMMENDATIONS: • Contractor management procedure to be enforced. •  All scaffolds erected must be inspected periodically by competent persons,"[""Working at Height"", ""Line of Fire""]",[],"[""Line of Fire"", ""Working at Height""]",MULTI,2,,,,,,DERIVED_FROM_SOURCE_GROUNDED_PARENT,,,2026-09-03T06:36:28Z,True,INCIDENT-GOLD-0111,GRP-Safety performa-P98,CONTROLLED_AUGMENTATION_QUALITY_CORRECTED,"[""Safety performance indicators \u2013 2024 data.pdf""]",[98],"[""LSR-CAND-000203"", ""LSR-CAND-000204""]"
