record_id,source,narrative,label_count,lsr_label_provenance,lsr_bypassing_safety_controls,lsr_confined_space,lsr_driving,lsr_energy_isolation,lsr_hot_work,lsr_line_of_fire,lsr_safe_mechanical_lifting,lsr_toxic_gas___hazardous_substance,lsr_working_at_height
OILPS_IOGP_HPE_0001,IOGP_HPE,"On Thursday March 13th, 2025, the crew change bus had a road accident. It was 18h30 and after a heavy rain at the 
time of the incident.
The bus driver was driving too close to the road edge to avoid potholes of the road section. While doing so a part of 
the road edge collapsed under the right front bus tire making the bus end its trajectory on the pipelines on the side 
of the road with 28 pax on board.
Immediate action: 
• An alcohol test was performed (negative).
• The TAG removed. 
• Rearranged work because of restricted mobility due to ankle sprain.",0,SOURCE_GROUNDED,0,0,0,0,0,0,0,0,0
OILPS_IOGP_HPE_0002,IOGP_HPE,"At around 4am on 1st of May, the two men on the crane were assigned to a new location. The operation involved 
depositing the counterweights. Following a counter-order from the supervisor, they had to carry out a final lift 
before going on to the new location. The spider chains were replaced on the counterweights. As the chains are 
lifted, one of the hooks gets caught in the guide of the counterweight. When the chains come off, they have a spring 
effect. The banksman can't reasonably control three of them and the fourth spins around him with his back lower. 
The spider chain hit the banksman at the back. The IP received pain killer treatment before transferring to hospital 
by chopper. The IP suffered a permanent impairment injury.",0,SOURCE_GROUNDED,0,0,0,0,0,0,0,0,0
OILPS_IOGP_HPE_0003,IOGP_HPE,"On 18 August 2025, a team was installing a 6-inch pipe over a 35-metre section between two lines. This pipe was 
also to be used during WO operations. During the operation, the team separated a 6-inch pipe from a 2-inch pipe, 
both of which had previously been tied together with cords. During the lifting phase, the cords were gradually cut 
to separate the two pipes. When the third cord was cut, the tension accumulated in the 6-inch pipe, which was 
bent at the time, was suddenly released. The pipe rebounded and struck an operator's right leg between the ankle 
and knee, causing an open fracture. The supervisor was immediately informed, the control room was alerted, and 
emergency procedures were quickly implemented.",0,SOURCE_GROUNDED,0,0,0,0,0,0,0,0,0
OILPS_IOGP_HPE_0004,IOGP_HPE,"On January 19, 2025, during restart attempts of the HP-A Gas Compressor following corrective maintenance, 
an unusually loud noise was heard from the exhaust. Seconds later, the fire alarm was triggered, and it was 
observed that the exhaust structure had fallen off. Technicians in the vicinity immediately pressed the compressor’s 
emergency stop button and evacuated the facility. Simultaneously, the emergency response team was activated, and 
the on-scene commander initiated a full facility shutdown using a manual call point near the compressor building. 
Once the source of the loud noise was confirmed to be the HP-A compressor, with the exhaust lying on the ground, 
the area was cordoned off, and an investigation was launched. The compressor was manually shut down, and the 
ESD-1 emergency stop was activated.",0,SOURCE_GROUNDED,0,0,0,0,0,0,0,0,0
OILPS_IOGP_HPE_0005,IOGP_HPE,"During a heavy rainstorm, two aluminium composite panels (component of the external cladding material for the 
Office building) dislodged and dropped. The two (2) panels, each weighing 9.8kgs and measuring 1.11x1.49ms, 
dropped from about a height of 22.35 meters. The fallen panels were found Infront of the South Wing Power room, 
and the affected area was promptly cordoned off to prevent further hazards. Additionally, multiple panels were 
observed hanging loosely, posing a potential safety risk to occupants and visitors.",0,SOURCE_GROUNDED,0,0,0,0,0,0,0,0,0
OILPS_IOGP_HPE_0006,IOGP_HPE,"At about 02:21hrs, while rig crew was picking 4” drill pipe, a single drill pipe was picked from Catwalk to the rig 
floor with Air winch tugger. The IP removed thread protector from the single pipe while another floorman attempted 
to guide the pipe into the mouse hole. The pipe missed the mouse hole, hit the rig floor and also hit the IP on his 
right ear and shoulder. IP was move to Clinic.",0,SOURCE_GROUNDED,0,0,0,0,0,0,0,0,0
OILPS_IOGP_HPE_0007,IOGP_HPE,"At about 10:30 hours, a company-owned light vehicle in a security convoy travelling veered off the road and collided 
with an electric pole. The driver and accompanying customer were safely evacuated and transported to the Clinic for 
appropriate medical evaluation / attention.",0,SOURCE_GROUNDED,0,0,0,0,0,0,0,0,0
OILPS_IOGP_HPE_0008,IOGP_HPE,"On 3rd June 2025, at about 2:15pm, during a test digging on a 6"" test line right of way, the excavator bucket made 
contact with a buried 11KVA composite electrical cable. The incident resulted in a dent/superficial cut on the cable.",0,SOURCE_GROUNDED,0,0,0,0,0,0,0,0,0
OILPS_IOGP_HPE_0009,IOGP_HPE,Release of propane from a temp. storage tank.,0,SOURCE_GROUNDED,0,0,0,0,0,0,0,0,0
OILPS_IOGP_HPE_0010,IOGP_HPE,"A 9 kg metal plate detached from the conveyor railway and fell approximately 6.5–10 m onto the deck below.
No personnel were struck; however, dropped-object energy indicated fatality potential.
The plate was originally installed as a dropped-object prevention measure. Over time it deteriorated and was 
displaced due to a misaligned and stretched conveyor belt, which pushed the plate out of position.
Operations on the starboard conveyor were stopped, the area below was barricaded, and a rope-access inspection 
of similar installations was initiated.",0,SOURCE_GROUNDED,0,0,0,0,0,0,0,0,0
OILPS_IOGP_HPE_0011,IOGP_HPE,"At approximately 06:30, lifting operations were being conducted to move spools from the main deck to the cellar/
sub-cellar deck.
Because no direct lifting path existed, the crew chose to lift the load through a slickline hatch, which constituted 
a complex lift and was not covered by the approved PTW. The crane operator had no line of sight and was 
communicating by radio only.
During lifting, the hook snagged the hatch plate. The rigger, who was standing on the hatch cover to guide the load, 
attempted to stop the lift. The plate dislodged and the rigger fell approximately 6.5 m to the deck below.
The injured person was medevaced with serious injuries. The event had clear fatality potential.",0,SOURCE_GROUNDED,0,0,0,0,0,0,0,0,0
OILPS_IOGP_HPE_0012,IOGP_HPE,"While parking the starboard (STBD) crane following routine lifting operations, the crane boom was brought down 
into the boom rest abruptly rather than in a controlled manner. This sudden placement generated an unexpected 
impact load on the crane structure, producing a loud bang that was heard in the vicinity of the crane pedestal and 
surrounding areas.
The abrupt motion and resulting impact load may have introduced a shock event into the crane’s hydraulic or 
electrical systems. A process shutdown occurred minutes after this impact, and although the causal link has not yet 
been fully established, the timing suggests the crane event may have contributed to or triggered the shutdown.",0,SOURCE_GROUNDED,0,0,0,0,0,0,0,0,0
OILPS_IOGP_HPE_0013,IOGP_HPE,"Contractor carrying out repairs on the Scale Inhibitor Injection system, the system was understood to have been 
depressurised. As the contractor started to release an end cap, the cap was projected downwards under pressure. 
The cap went directly downwards into a section of plant close to a walkway. This could have had potential to impact 
personnel.",0,SOURCE_GROUNDED,0,0,0,0,0,0,0,0,0
OILPS_IOGP_HPE_0014,IOGP_HPE,"Flex Joint strikes handrail creating 2 Dropped Objects. During the removal of the Flex Joint from the Riser Feeding 
Machine (RFM) using the starboard crane, the aft sling of the Flex Joint became hung up on the RFM bucket. As the 
lift continued, the sling suddenly released, causing the Flex Joint to swing unexpectedly.
The uncontrolled movement resulted in the Flex Joint striking and damaging the RFM track and the associated 
emergency-stop device. The Flex Joint then continued its swing path until coming to rest against the starboard-side 
handrail.
The impact dislodged two sections of the handrail, weighing 2.4 kg and 4.6 kg, corresponding to 377 Joules and 722 
Joules of potential energy respectively. Both handrail sections fell approximately 16 metres to the Riser Deck below.",0,SOURCE_GROUNDED,0,0,0,0,0,0,0,0,0
OILPS_IOGP_HPE_0015,IOGP_HPE,"Operator observed a concrete block on the tray of a flatbed truck and attempted to pick it up with the Front-end 
Loader tynes (pallet forks). The operator misjudged the fork tyne pockets of the pallet the concrete block was sitting 
on and inadvertently pushed the concrete block off the side of the flatbed truck. 
The concrete block weighed ~1.3 tonne and fell ~1.4m before rolling onto its side and coming to rest on the ground 
near a container on the opposite side of the flatbed truck.",0,SOURCE_GROUNDED,0,0,0,0,0,0,0,0,0
OILPS_IOGP_HPE_0016,IOGP_HPE,"During pallet racking activities in the warehouse, a forklift was in the process of lifting a pallet to the third shelf. The 
load backrest of the forklift inadvertently contacted another pallet directly above (load approximately 240kg) stored 
on the fourth shelf which dislodged and fell approximately 5.6m to grade. No personnel were injured. There was one 
nearby person 7 meters away.",0,SOURCE_GROUNDED,0,0,0,0,0,0,0,0,0
OILPS_IOGP_HPE_0017,IOGP_HPE,"IP1 observed visible bulging of a drain hose and proceeded to disconnect it. Although the associated compressor 
had been isolated, the hose remained connected to the main drainage manifold, which was linked to 24 
compressors.
The hose remained pressurized, and upon disconnection it struck the IP1 on the left hand and lower leg, and 
subsequently impacting IP2’s hand as they attempted to assist. As a result, IP1 and IP2 were injured.",0,SOURCE_GROUNDED,0,0,0,0,0,0,0,0,0
OILPS_IOGP_HPE_0018,IOGP_HPE,"Whilst departing the north berth of the supply base wharf, the contractor inspection maintenance repair vessel 
began moving starboard and aft whilst the forward fender was being lifted and recovered using the vessel’s crane.
20
Safety performance indicators – 2025 data: High potential event reports
===PAGE_21===
ASIA/AUSTRALASIA ONSHORE",0,SOURCE_GROUNDED,0,0,0,0,0,0,0,0,0
OILPS_IOGP_HPE_0019,IOGP_HPE,"A crew member stepped out of a cherry picker while connecting a hydraulic hose to the Annular BOP, lost balance, 
and fell onto the cellar-pit grating. Subsequent hospital evaluation confirmed a left zygomatic bone fracture.",0,SOURCE_GROUNDED,0,0,0,0,0,0,0,0,0
OILPS_IOGP_HPE_0020,IOGP_HPE,"2-7/8"" tubing was released from the lifting cap and hit the back of the right shoulder.",0,SOURCE_GROUNDED,0,0,0,0,0,0,0,0,0
OILPS_IOGP_HPE_0021,IOGP_HPE,"During hot work activities to replace process lines, the flange of a service water line was broken. This resulted in a 
release of water followed by a hydrocarbon/water emulsion. There was no CO/LEL detected and the material was 
removed by flushing with service water. Despite a very minor, intermittent liquid release (droplets) from the open 
line, work activities continued to cut an upstream service water line. About 10-15 minutes later, a fire ignited from 
the open process nozzle.",0,SOURCE_GROUNDED,0,0,0,0,0,0,0,0,0
OILPS_IOGP_HPE_0022,IOGP_HPE,Fly jib on mobile crane fell to the floor.,0,SOURCE_GROUNDED,0,0,0,0,0,0,0,0,0
OILPS_IOGP_HPE_0023,IOGP_HPE,"Whilst lifting a pennant on deck as part of a lifting activity (~56.2m length, static weight 16.2 mT), a tagline was in 
a basket arrangement around the rigging to provide stability. The tagline had a single wrap on the generator lifting 
frame, used as an anchor point. During the lift, the involved person who had been on deck dogging the load in a safe 
location, moved to a location positioned between the generator and stored deck boards.
As the generator tilted, it trapped the involved person against a stack of wooden deck boards. The involved person 
received an injury that required Medevac to an onshore medical facility for further treatment.",0,SOURCE_GROUNDED,0,0,0,0,0,0,0,0,0
OILPS_IOGP_HPE_0024,IOGP_HPE,Employee fell into well cellar.,0,SOURCE_GROUNDED,0,0,0,0,0,0,0,0,0
OILPS_IOGP_HPE_0025,IOGP_HPE,Cut through live supply line.,0,SOURCE_GROUNDED,0,0,0,0,0,0,0,0,0
OILPS_IOGP_HPE_0026,IOGP_HPE,"When filling a mud tank with brine to prepare for cleaning of the tank, the transfer hose became dislodged, fell 
towards the ground (2.6m) and began to whip. The hose struck the pump operator’s leg, who suffered a ruptured 
Achilles tendon. The operator required surgery, classifying this as a Lost Work Day Case under IOGP guidelines. The 
incident is considered high potential, as the heavy hose coupling could have caused a fatality if it struck the head of 
the injured person when it fell.",0,SOURCE_GROUNDED,0,0,0,0,0,0,0,0,0
OILPS_IOGP_HPE_0027,IOGP_HPE,"On 8 October 2025 on an offshore rig, a lifting operation was underway to land an 11.8 m, 2.67 ton bottom hole 
assembly (BHA) into a storage basket on the riser deck. During the final positioning, the BHA made a sudden 
uncontrolled movement. The forward end either contacted the basket edge, rotating the load toward the injured 
person, or the crane made an unintended movement. The injured person was positioned in a narrow space between 
riser guide posts with no escape route available. He had earlier climbed onto adjacent baskets and manually guided 
the load several times to open covers in the inner basket. The BHA struck him in the chest and compressed him 
against another basket. Emergency response was immediate, and medical evacuation was carried out via search 
and rescue (SAR) helicopter. The investigation identified multiple human, organisational, technical, and task-related 
contributors including lack of hands-free lifting, trainee crane operator without supervision, congested deck layout, 
communication challenges, inadequate planning, and procedural non-compliance.",0,SOURCE_GROUNDED,0,0,0,0,0,0,0,0,0
OILPS_IOGP_HPE_0028,IOGP_HPE,"An operator was removing a grating panel with manual handling hooks on the weather deck. 
During the operation, the grating unhooked from the manual handling tools and fell through the opening, hit a cable 
gate before landing on the underlying deck, approximately 10 meters below. The grating measures 1x1 meter and 
weighs 52,4 kg which gives a kinetic energy of 5149, 44 Joules. No one was injured, but under slightly changed 
circumstances people could have been in the line of fire as the deck was not cordoned off and there was a work 
team close to the area where it dropped.",0,SOURCE_GROUNDED,0,0,0,0,0,0,0,0,0
OILPS_IOGP_HPE_0029,IOGP_HPE,A worker was seriously injured when he fell from a height of 4.4 metres.,0,SOURCE_GROUNDED,0,0,0,0,0,0,0,0,0
OILPS_IOGP_HPE_0030,IOGP_HPE,Sucker rod broke consequently elevator dropped.,0,SOURCE_GROUNDED,0,0,0,0,0,0,0,0,0
OILPS_IOGP_HPE_0031,IOGP_HPE,"During platform crane lifting operations to land a container on the main deck North landing, the IP sustained 
a crush/impact injury to shoulder/ribs. The crane and container were made safe and the individual treated by 
platform advanced first aider followed by coastguard medevac for further assessment.",0,SOURCE_GROUNDED,0,0,0,0,0,0,0,0,0
OILPS_IOGP_HPE_0032,IOGP_HPE,Loss of Primary Containment – Methanol Release.,0,SOURCE_GROUNDED,0,0,0,0,0,0,0,0,0
OILPS_IOGP_HPE_0033,IOGP_HPE,"Jack failed, with load moving towards personnel. No injuries however fatality as worst case potential outcome.",0,SOURCE_GROUNDED,0,0,0,0,0,0,0,0,0
OILPS_IOGP_HPE_0034,IOGP_HPE,"Scaffold pole dropped to deck during handling operations. No injuries however dropped object calculator indicates 
fatality as worst case potential outcome.",0,SOURCE_GROUNDED,0,0,0,0,0,0,0,0,0
OILPS_IOGP_HPE_0036,IOGP_HPE,"A forklift driver’s ankle was struck by a spreader bar during offloading from a truck at the logistics base. There 
were no lifting pockets welded onto the bar. In past lifting operations, the spreader bar had been placed on wooden 
blocks on the truck bed and lifted directly on the forks of a forklift. This time the wooden blocks were not in place. 
The truck driver and the forklift driver decided to lift the spreader bar off the truck by hooking hoisting slings 
attached to the spreader bar and to the forklift forks, crossing them to reduce the length of the slings. During 
hoisting, the spreader bar rotated and swung into the forklift cabin, hitting the driver’s ankle. The forklift cabin door 
had been left open to improve communication between the drivers.",0,SOURCE_GROUNDED,0,0,0,0,0,0,0,0,0
OILPS_IOGP_HPE_0037,IOGP_HPE,"On an offshore drilling rig, on 1 September 2025, personnel and marine crew were installing handrails on top of a 
unit on the main deck. Handrail sections (60–90 kg) were lifted by deck crane to the top of the unit, where an operator 
worked at height to receive and install them, using fall-arrest equipment. The operator initially attached his lanyard 
to the stairs, then to handrail, and later to another section to reach the final corner section. To fit the last section, he 
had to lift and adjust some of the handrail. The locking pins were weakly retained and the chain/carabiner secondary 
securing arrangement did not prevent them from sliding out. The section of the handrail tilted and fell, pulling the 
operator with it. He fell approximately 4.3 m to deck, landing partly on the fallen handrail. The incident resulted in an 
LTI and a dropped object with calculated energy of 2733 J, with assessed potential for a single fatality.",0,SOURCE_GROUNDED,0,0,0,0,0,0,0,0,0
OILPS_IOGP_HPE_0038,IOGP_HPE,"In connection with a pigging operation on an offshore installation, several pigs weighing 35 - 40 kg were lowered 
from a scaffold using rope, as the pig receiver was placed 5m above the turret deck. When the last pig was being 
lowered, the knot loosened, and the pig fell onto the turret deck and then bounced outside the barrier and down 
onto the tank deck. No one was injured and there was no significant material damage.",0,SOURCE_GROUNDED,0,0,0,0,0,0,0,0,0
OILPS_IOGP_HPE_0039,IOGP_HPE,Collision between northern crane and derrick resulting in falling objects.,0,SOURCE_GROUNDED,0,0,0,0,0,0,0,0,0
OILPS_IOGP_HPE_0040,IOGP_HPE,"Two personnel experienced symptoms of severe oxygen deficiency during inspection work, but managed to self-
evacuate safely. Subsequent measurements confirmed low oxygen levels inside the enclosure, linked to nitrogen 
ingress from the turbine seal system combined with a lack of ventilation.",0,SOURCE_GROUNDED,0,0,0,0,0,0,0,0,0
OILPS_IOGP_HPE_0041,IOGP_HPE,"During preparations for installing a 20’’ sealing ring on the platform on 2 July 2025, a technician tested the ring 
for fit before the lift operation. The 7.1 kg ring slipped from the technician’s hands and fell 6.35 meters to the deck 
below, landing approximately two meters from a mechanic who was grinding at deck level. The ring then bounced 
and struck the mechanic on the arm. The mechanic received a first-aid level impact with no observable injury. The 
event had a severe potential for fatality due to the weight and fall height. The ring had been brought into the elevated 
work area earlier than planned, the area was insufficiently barricaded, and the test occurred without notification to 
the crew below. Multiple procedural, communication and barrier-management weaknesses contributed.",0,SOURCE_GROUNDED,0,0,0,0,0,0,0,0,0
OILPS_IOGP_HPE_0042,IOGP_HPE,Gangway disconnect during personnel transfer.,0,SOURCE_GROUNDED,0,0,0,0,0,0,0,0,0
OILPS_IOGP_HPE_0043,IOGP_HPE,"During the night shift, the crew attempted to release an anchor latch tool from a permanent packer using a straight 
pull of 60 klbs (including 55 klbs string weight) without success. Following contractors’ procedures, the string 
was tensioned with 5 klbs over string weight and rotated manually, but no movement was observed. Based on 
contractors’ instructions, power tongs were partially used due to the absence of a power swivel on site.
During the sixth right-hand turn with a 5 klbs overpull, the 2-7/8"" tubing coupling connected to the safety valve backed 
off and fell approximately 21 ft onto the rig floor, then a further 14 ft to the ground. At the same time, the tubing string 
settled approximately 6 ft into the packer. The combined weight of the coupling and safety valve was 36.5 kg.",0,SOURCE_GROUNDED,0,0,0,0,0,0,0,0,0
OILPS_IOGP_HPE_0044,IOGP_HPE,"While dismantling a scaffold, a contractor accidentally dropped a scaffold board. The board struck a 0.5-inch, 32-bar 
pressurized tube, causing physical damage to the tube and resulting in a gas leak.",0,SOURCE_GROUNDED,0,0,0,0,0,0,0,0,0
OILPS_IOGP_HPE_0045,IOGP_HPE,"During maintenance activities, an electrical arc occurred in Switch Rack 6 LV, resulting in electrical burns to two 
electrical technicians. The injured personnel received immediate evacuation to the clinic for initial medical attention 
before being transferred to the Hospital for further treatment.",0,SOURCE_GROUNDED,0,0,0,0,0,0,0,0,0
OILPS_IOGP_HPE_0046,IOGP_HPE,"A contractor working in the Telecoms room at Central Control Building was found removing a light fixture from the 
ceiling without ensuring the power was fully isolated. The light was part of an energized circuit, switched off only at 
the local lighting switch. With the light removed, the exposed flex had bare copper ends, live and hanging from the 
ceiling. The worker, on metal steps, was at risk of electrocution if someone had entered and switched on the lights",0,SOURCE_GROUNDED,0,0,0,0,0,0,0,0,0
OILPS_IOGP_HPE_0047,IOGP_HPE,"Observed that a Contractor Scaffolder working at 12m height on a Piperack without using his fall protection, 
standing on the hanging scaffold platform without using his double lanyards attached to a suitable anchor point and 
there was no handrail in place for fall prevention.",0,SOURCE_GROUNDED,0,0,0,0,0,0,0,0,0
OILPS_IOGP_HPE_0048,IOGP_HPE,"A Contractor scaffolder was dismantling a scaffold by removing a 3m high scaffold standard at a height of 11.5m, 
without using lanyards and passing the scaffold standard to a colleague below.",0,SOURCE_GROUNDED,0,0,0,0,0,0,0,0,0
OILPS_IOGP_HPE_0049,IOGP_HPE,"A forklift operator was pulling a service hose from the backyard to the rig location, the operator raised the boom 
to a higher position. During this operation, the boom came into contact with a deadline data cable positioned 
approximately 5 meters high on overhead line stands. As a result, the cable fell and sustained minor damage. There 
were no injuries or harm to personnel",0,SOURCE_GROUNDED,0,0,0,0,0,0,0,0,0
OILPS_IOGP_HPE_0050,IOGP_HPE,"During space-out of the traveling block to function-test the power tong, the Driller hoisted the traveling block with 
the working string. When the string was about 2 meters above the rig floor, the Driller applied the brake. At that 
moment, the traveling block and working string suddenly moved down to the rig floor. Work string landed on the slip 
and travelling block stopped moving where the brake was activated.",0,SOURCE_GROUNDED,0,0,0,0,0,0,0,0,0
OILPS_IOGP_HPE_0051,IOGP_HPE,"A contractor mechanical field service representative and mechanical team had disconnected the export gas 
compressor gas turbine’s primary and secondary flexible fuel gas hoses. After disconnecting the hoses, the 
contractor field service representative was on the back side of the gas turbine while the mechanical technicians 
were on the front side. While lying beneath the gas turbine to check the water wash drain tube under the gas 
turbine, pressure was released, causing the loose hoses to swing.",0,SOURCE_GROUNDED,0,0,0,0,0,0,0,0,0
OILPS_IOGP_HPE_0052,IOGP_HPE,Company pickup truck collided with a concrete barrier at a diversion point.,0,SOURCE_GROUNDED,0,0,0,0,0,0,0,0,0
OILPS_IOGP_HPE_0053,IOGP_HPE,"A steel structure crew was modifying a permanent grating platform handrail when a crowbar (weight approximately 
0.72kg) fell from the platform (height 20 metres) and landed on the ground below in an unbarricaded area. No 
person injury occurred or was reported.",0,SOURCE_GROUNDED,0,0,0,0,0,0,0,0,0
OILPS_IOGP_HPE_0054,IOGP_HPE,"A gate door (two sections) of the Blasting Shop toppled over due to strong winds (approximately 16m/s). Each door 
section measures 7.5m x 4m and weighs approx. 425kg. They landed on the ground and came to rest on a pipe 
stand, resulting in damage to the cladding and frame. The incident occurred next to a pedestrian walkway, but no 
personnel were in the vicinity at the time. No personal Injury was reported",0,SOURCE_GROUNDED,0,0,0,0,0,0,0,0,0
OILPS_IOGP_HPE_0055,IOGP_HPE,"A trailer driver was transporting six concrete barriers (3.5t each) on a flatbed trailer. The barriers were stacked in 
two rows (three in each row), with one cargo lashing belt securing two concrete barriers each. While the trailer was 
travelling on the bumpy road, the driver noticed that one of the lashing belts securing the rear concrete barriers 
had broken, causing the load to shift slightly towards the edge of the trailer. He pulled over to address the situation. 
Fortunately, no injuries or damage occurred.",0,SOURCE_GROUNDED,0,0,0,0,0,0,0,0,0
OILPS_IOGP_HPE_0056,IOGP_HPE,"During welding activities, the fire watch for the naked flame activity received an electrical shock when attempting to 
shift an electrical welding rod oven.",0,SOURCE_GROUNDED,0,0,0,0,0,0,0,0,0
OILPS_IOGP_HPE_0057,IOGP_HPE,"A telehandler operator was moving a 714kg pipe spool when he observed a trailer blocking his access. The operator 
pulled the telehandler over to the side waiting for the trailer to move away. When the trailer moved, the operator 
started to reverse the telehandler. After reversing approximately 2 metres, the front right tyre of the telehandler 
failed and exploded. The release of pressure ejected the tyre 7 metres away from the telehandler. The primary 
locking rim (weight 19.3kg) and the secondary locking rim (weight 2.3kg) were ejected from the split rim, causing 
the primary locking rim to land 50 metres away and the secondary locking rim to land 70 metres away. No injuries 
were reported. The Flagman and Rigger were positioned behind the telehandler approximately 5 metres away.",0,SOURCE_GROUNDED,0,0,0,0,0,0,0,0,0
OILPS_IOGP_HPE_0058,IOGP_HPE,"An 800-ton crawler crane and a 280-ton crawler crane had concluded lifting operations and were idle. A civil crew 
requested the 800-ton crane operator to reposition the hook so they could avoid working under it. While slewing, the 
boom tip section of the 800-ton crawler crane contacted the wire rope of the stationary 280-ton crawler crane. The 
crane was operating within a barricaded area. No visible damage was found on both crawler cranes, and there were 
no injuries",0,SOURCE_GROUNDED,0,0,0,0,0,0,0,0,0
OILPS_IOGP_HPE_0059,IOGP_HPE,"While a Wellhead Engineer was installing a side outlet valve at the wellhead deck, a Floor Man was preparing 
downhole guides on the upper deck level, but one down hole guide clamp, weighing 7 kg, slipped and dropped 
through open hatch and hit the right middle side of the hard hat above the brim and landed in the grating, causing 
the IP to fall on to the grating resulting in bruises to his right forehead and injury to his right knee.",0,SOURCE_GROUNDED,0,0,0,0,0,0,0,0,0
OILPS_IOGP_HPE_0060,IOGP_HPE,Power cable damage during excavation.,0,SOURCE_GROUNDED,0,0,0,0,0,0,0,0,0
OILPS_IOGP_HPE_0061,IOGP_HPE,"Workers were unloading sandbags from the bucket of a wheel loader. While unloading the sandbags, a worker’s left 
foot was under the loader’s bucket. The bucket was inadvertently lowered, resulting in a crush injury to the worker 
(hereinafter referred to as the injured person or IP).",0,SOURCE_GROUNDED,0,0,0,0,0,0,0,0,0
OILPS_IOGP_HPE_0062,IOGP_HPE,"On 30/04/2025, a High Potential (HIPO) occurred when a crane’s counterweight of 15 tonnes fell off the trailer due 
to failure in the securing belt. The trailer was moving from the laydown area to the well-pad. No personnel injuries 
were reported.",0,SOURCE_GROUNDED,0,0,0,0,0,0,0,0,0
OILPS_IOGP_HPE_0063,IOGP_HPE,"After completing the second gyro survey, the crew began rigging down. On the platform deck, a tugger line was 
attached to the gyro tool as secondary retention. The tool was lifted to the rig floor using the wireline. Once above 
the rotary table, the wireline gooseneck was installed on top of the tool. As the tugger was spooled in to take the 
tool’s weight, its swivel caught the gooseneck, pulling it off. The gooseneck, weighing 2.3 kg, fell approximately 50 ft 
from the rotary table to the platform deck.",0,SOURCE_GROUNDED,0,0,0,0,0,0,0,0,0
OILPS_IOGP_HPE_0064,IOGP_HPE,"During racking-back a 7” landing joint using the Monkey board forward pullback tugger, the line parted, causing 
the parted hook and line to fall from the Monkey board to the rig floor. No one was injured or struck by the dropped 
object. 3 crew members were in the Red Zone at the time of the Dropped Object. Hook weighed 0.75kg and dropped 
83ft approx.",0,SOURCE_GROUNDED,0,0,0,0,0,0,0,0,0
OILPS_IOGP_HPE_0065,IOGP_HPE,"The rig crew were in the process of nipple down the bell nipple mandrel. While positioning the multi purpose crane 
for installing the bell nipple lifting slings the man basket (354kg), which was holding 2 persons, dislodged from the 
main structure of the crane and fell approx.16.5m to the top deck of the platform. Neither of the 2 persons fell as 
they were suspended by their harness and inertia reels. Both personnel were recovered in 2 minutes. One of the 2 
personnel received first aid treatment for slight swelling.",0,SOURCE_GROUNDED,0,0,0,0,0,0,0,0,0
OILPS_IOGP_HPE_0066,IOGP_HPE,"During the workboat transfer operation, workboat was transferred from the laydown area to the transport vessel 
main deck and positioned in its transport cradle. During final positioning, the vessel could not remain steady. As a 
result, the workboat swung into a nearby Cargo Carrying Unit (CCU), causing damage to the hull. A crew member 
handling a tag line was exposed to risk and was nearly caught between the CCU and the swinging workboat.",0,SOURCE_GROUNDED,0,0,0,0,0,0,0,0,0
OILPS_IOGP_HPE_0067,IOGP_HPE,"Two project contractors were observed working outside the handrail on structural beams approximately 30 meters 
above sea level. They were without the required fall-prevention barriers or authorized permits. Both individuals 
faced an uncontrolled fall-from-height hazard, posing a significant risk where survivability is minimal and multiple 
fatalities could occur.",0,SOURCE_GROUNDED,0,0,0,0,0,0,0,0,0
OILPS_IOGP_HPE_0068,IOGP_HPE,"IP was working alone and attempted to disconnect a 2"" airline which was pressurized. An assumption was made 
that line was de-pressurized without being verified - line was still connected to an air compressor. Upon release, 
hose kicked back striking IPs hand and helmet.",0,SOURCE_GROUNDED,0,0,0,0,0,0,0,0,0
OILPS_IOGP_HPE_0069,IOGP_HPE,"On May 20, 2025, a worker was engaged in repositioning a spec blind from the closed to the open position on the 
flare line, in preparation to de-isolate the unit for commissioning activities. During this activity, the worker was 
exposed to a gas/energy release from the down steam side of the isolated gate valve at the open flange pair. Worker 
required rescue from heights and was provided onsite first aid; worker was transported to a local hospital for 
further medical assessment where it was determined worker sustained bruised ribs and a concussion. Worker was 
released from hospital the same day.",0,SOURCE_GROUNDED,0,0,0,0,0,0,0,0,0
OILPS_IOGP_HPE_0070,IOGP_HPE,"During a fluid-hauling task, water transfer to a tank truck was completed and the hose was disconnected. A valve 
was found not fully closed, and hot fluid sprayed during subsequent valve manipulation. The job was stopped, 
emergency medical response was initiated, and the well/site was shut down to support response and control the 
release.",0,SOURCE_GROUNDED,0,0,0,0,0,0,0,0,0
OILPS_IOGP_HPE_0071,IOGP_HPE,"During offloading of a delivery of structural steel, a stacked load became unstable while the final securement strap 
was being removed. A beam fell from the trailer and struck a worker. Emergency response was initiated, the beam 
was removed from contact, and the worker was transported for medical assessment and treatment.",0,SOURCE_GROUNDED,0,0,0,0,0,0,0,0,0
OILPS_IOGP_HPE_0072,IOGP_HPE,"Crew was killing the well with Axis Reverse Unit when the Axis Pump Hand appears to have engaged valves in 
the incorrect order allowing pressure to exit well bore through a disconnected 2” hose at the rig floor. Pressure 
estimated to be 600 psi. Loose end of hose whipped and struck one individual on the top of their hard hat.
NORTH AMERICA ONSHORE
68
Safety performance indicators – 2025 data: High potential event reports
===PAGE_69===",0,SOURCE_GROUNDED,0,0,0,0,0,0,0,0,0
OILPS_IOGP_HPE_0073,IOGP_HPE,"A Mechanic and an E-Tech were repairing a section of the natural gas manifold on frac pump. The employees were 
replacing a section on the manifold referred to as a pistol. After the repairs were made the employees opened 
the natural gas supply valve to supply the gas manifold on the pump. The mechanic stepped up onto a platform to 
open the main ball valve of the natural gas manifold to allow the pump to start burning the natural gas as fuel. As 
the mechanic (IP) opened the main ball valve, both employees heard a loud pop noise. The top of the low-pressure 
regulator (VDR) broke away from its base and struck the mechanic in the head above his right eye causing a 
laceration. The top of the VDR is made of aluminum and weighs approximately 1lb/~454g. The IP was evaluated at a 
local emergency room, and the IP received 8 sutures to close the laceration.",0,SOURCE_GROUNDED,0,0,0,0,0,0,0,0,0
OILPS_IOGP_HPE_0074,IOGP_HPE,"IP contacted by 2 3/8"" joint of pipe.",0,SOURCE_GROUNDED,0,0,0,0,0,0,0,0,0
OILPS_IOGP_HPE_0075,IOGP_HPE,"A flash fire occurred during the demolition of internal components in the first-stage knockout drum (module C2) at 
the facility.
NORTH AMERICA ONSHORE
70
Safety performance indicators – 2025 data: High potential event reports
===PAGE_71===",0,SOURCE_GROUNDED,0,0,0,0,0,0,0,0,0
OILPS_IOGP_HPE_0076,IOGP_HPE,"While releasing the tubing hanger, after a BOP test, unknown pressure had built up below the tubing hanger 
assembly causing it to lift up out of the BOP stack and fall to the ground.",0,SOURCE_GROUNDED,0,0,0,0,0,0,0,0,0
OILPS_IOGP_HPE_0077,IOGP_HPE,"While changing out tong heads during an ESP install, the IP’s right arm came into contact with the actuating lever, 
activating the tongs. IP’s left forearm was struck by the rotation of the tongs.",0,SOURCE_GROUNDED,0,0,0,0,0,0,0,0,0
OILPS_IOGP_HPE_0078,IOGP_HPE,"A worker fell approximately 16 feet from an aerial work platform onto a Christmas tree cart. The incident occurred 
while the worker was using a rope tied to the basket to pull an umbilical and create slack for a storm loop. The rope 
failed under tension, releasing stored energy that transferred to the basket. This sudden release caused the basket 
to jolt, ejecting the worker.",0,SOURCE_GROUNDED,0,0,0,0,0,0,0,0,0
OILPS_IOGP_HPE_0079,IOGP_HPE,"While adjusting the ultra-high-pressure water blasting equipment in close proximity to normally energized cable 
trays, in three separate instances, two workers reported experiencing electrical shock sensations upon contacting 
the cable trays.",0,SOURCE_GROUNDED,0,0,0,0,0,0,0,0,0
OILPS_IOGP_HPE_0080,IOGP_HPE,"Following heavy rainfall, landslide occurred in the area behind the ten wagon-type cabins (accommodation, canteen, 
washing, changing, and rest facilities) located at the oil well site. A ground instability and multiple surface cracks 
were identified in the surrounding area.
Personnel were immediately informed of the hazardous ground conditions and instructed to remain vigilant and 
exercise caution.
As a preventive control measure, the wagon-type units were relocated to a safer area to eliminate the risk of impact 
from further ground movement.",0,SOURCE_GROUNDED,0,0,0,0,0,0,0,0,0
OILPS_IOGP_HPE_0081,IOGP_HPE,"Contractor personnel were performing a scheduled calibration of a flow meter in accordance with the preventive 
maintenance plan.
During the calibration process, the technician initiated pressure stabilization by draining fluid through the 
designated drainage line. To enhance the drainage process, the technician also opted to use an additional line and 
proceeded to remove the plug at the end of that line.
Upon removal of the plug, an uncontrolled release of oil containing H2S occurred. Work was stopped immediately. 
Workers H2S detectors activated, donned respirators and evacuated the area.",0,SOURCE_GROUNDED,0,0,0,0,0,0,0,0,0
OILPS_IOGP_HPE_0082,IOGP_HPE,"A dropped object incident occurred while lowering an overdrive with the casing joint held stationary in the elevator. 
The mud saver (component of overdrive) contacted top of the liner joint in the rotary, causing failure at the 
connection to the mandrel. The mud saver (~40 kg) fell ~14 meters to the rig floor.
Two personnel were in the red zone at the time (required for the task).",0,SOURCE_GROUNDED,0,0,0,0,0,0,0,0,0
OILPS_IOGP_HPE_0083,IOGP_HPE,"During the installation of a subsea telescopic clamp on the well shaft beneath the offshore platform, the Diving 
Service team encountered a safety-critical situation when a support vessel unexpectedly approached the platform, 
despite all established safety measures being in place. The vessel’s captain was promptly contacted and informed 
that underwater diving operations were in progress.",0,SOURCE_GROUNDED,0,0,0,0,0,0,0,0,0
OILPS_IOGP_HPE_0084,IOGP_HPE,"During the inspection of the 8-inch subsea oil and gas pipeline located between offshore platforms, diving 
operations were in progress and a scheduled descent from the diving vessel had commenced.
Approximately 15 minutes after the diver entered the water, the vessel’s mechanic reported hull damage resulting in 
water ingress into the engine room.
The diver was immediately recovered from the water, and the vessel proceeded toward the platform, where it was 
safely moored at the docking bridge.
Following the safe disembarkation of personnel, the damaged vessel was towed to the onshore port by an assisting 
tugboat.",0,SOURCE_GROUNDED,0,0,0,0,0,0,0,0,0
OILPS_IOGP_HPE_0085,IOGP_HPE,"While performing orifice change on a choke valve, the choke bean was ejected toward the operator´s position.",0,SOURCE_GROUNDED,0,0,0,0,0,0,0,0,0
OILPS_IOGP_HPE_0086,IOGP_HPE,"Contractor personnel were working on the installation of a 12-inch spool at ground level, while it was being held 
in a lifting operation. For causes yet to be determined, an actuated valve (SDV) located near the installation area - 
resting vertically on the ground and not involved in the lifting operation - lost its vertical stability and fell, resulting 
in a person being crushed between the valve and the skid structure.",0,SOURCE_GROUNDED,0,0,0,0,0,0,0,0,0
OILPS_IOGP_HPE_0087,IOGP_HPE,"Crew shuttle collision during a braking manoeuvre, the shuttle initially collided with the vehicle in front, then 
crossed into the oncoming lane and was struck on the right side by a semi-trailer truck traveling in the opposite 
direction.",0,SOURCE_GROUNDED,0,0,0,0,0,0,0,0,0
OILPS_IOGP_HPE_0088,IOGP_HPE,"During the movement of the workover rig truck from one well to another, the rear tyre on one of the truck’s axles 
completely detached, resulting in an impact with the injection line of a well, with no visible damage.
SOUTH & CENTRAL AMERICA ONSHORE
82
Safety performance indicators – 2025 data: High potential event reports
===PAGE_83===",0,SOURCE_GROUNDED,0,0,0,0,0,0,0,0,0
OILPS_IOGP_HPE_0089,IOGP_HPE,"During the dismantling of scaffolding in a 45° angular configuration, assembler 01 had to apply excessive force 
to loosen a remaining clamp (exposed to the weather) using a ratchet wrench, causing the bolt to shear and 
subsequently break. With the sudden opening of the clamp, the tube (3.65 kg) slipped from his left hand, fell, and 
slid along the structure, traveling a lateral distance of approximately 4.5 meters, striking the back of assembler 04s 
helmet on the lower level, resulting in a superficial cut to the scalp.",0,SOURCE_GROUNDED,0,0,0,0,0,0,0,0,0
OILPS_IOGP_HPE_0090,IOGP_HPE,"During maintenance work at a Generation Unit, the mechanical technician suffered a fall from height, falling to a 
lower level from the engine access platform.",0,SOURCE_GROUNDED,0,0,0,0,0,0,0,0,0
OILPS_IOGP_HPE_0091,IOGP_HPE,"During the heating of an 18-inch pipe to remove the coating, the worker placed the torch at the entrance of the 18-
inch pipe. When attempting to light the torch with a manual spark igniter, a flammable atmosphere was created, 
causing a flash fire that resulted in first and second-degree burns to the worker's face after being hit sideways by a 
flash fire in the manufacturing workshop area.",0,SOURCE_GROUNDED,0,0,0,0,0,0,0,0,0
OILPS_IOGP_HPE_0092,IOGP_HPE,"During production tubing running operations on the drilling rig, four metallic components fell from height while 
using the catline system.
• Objects dropped from approximately 40 m height
• 2 × 1.8 kg (≈ 706 J each)
• 2 × 10.4 kg (≈ 4,076 J each)
The falling energy was sufficient to cause a fatality.
No injuries occurred, but this qualifies as a High Potential Event (HIPO) due to the severe dropped-object energy.",0,SOURCE_GROUNDED,0,0,0,0,0,0,0,0,0
OILPS_IOGP_HPE_0093,IOGP_HPE,"During load handling with the crane (Knuckle Boom Crane #1), after positioning a container on the deck and 
removing the sling from the crane hook, while moving the boom to connect the sling to another nearby load, the tip 
of Knuckle Boom Crane #1 collided with the joint of the other crane (Pipe Handling Crane) located in the center of 
the pipe deck, causing a load cell from KBC #1 to fall onto the top of a container on the pipe deck.",0,SOURCE_GROUNDED,0,0,0,0,0,0,0,0,0
OILPS_IOGP_HPE_0094,IOGP_HPE,"On 22 March at approximately 08:45, a tool bag was lifted from the rig floor to the derrick using catline #02 during 
equipment mobilisation.
When the bag reached the derrickman’s platform level, it suddenly accelerated upward, struck the sheave, the bag 
handles failed, and the bag and tools fell, impacting a container on the deck below.
No injuries occurred, but the dropped object had fatality potential.",0,SOURCE_GROUNDED,0,0,0,0,0,0,0,0,0
OILPS_IOGP_HPE_0095,IOGP_HPE,"On 17 November at approximately 09:40, the smoke detector in the laundry room activated after several cleaning 
cloths spontaneously combusted shortly after being removed from a dryer and placed on the floor.
The fire brigade responded immediately and extinguished the fire using CO₂ and dry powder extinguishers.
No injuries or asset damage occurred, but the event had potential for a serious fire and smoke exposure.",0,SOURCE_GROUNDED,0,0,0,0,0,0,0,0,0
OILPS_IOGP_HPE_0096,IOGP_HPE,"On 27 December at approximately 07:30, cleaning cloths contaminated with cooking oil were washed and dried in 
the laundry.
After drying, the cloths were placed on the floor inside an open bag next to other cloths. Later, all laundry 
ventilation, exhaust, and air-conditioning systems were switched off while the room was unattended.
At approximately 13:15, the cloths began releasing smoke and an incipient fire developed. The steward used a dry 
chemical extinguisher and the fire brigade extinguished the fire.
No injuries or damage occurred, but the event had serious fire potential.",0,SOURCE_GROUNDED,0,0,0,0,0,0,0,0,0
OILPS_IOGP_HPE_0097,IOGP_HPE,A forklift traveling in reverse moved toward the spotter during the warehouse exit manoeuvre.,0,SOURCE_GROUNDED,0,0,0,0,0,0,0,0,0
OILPS_IOGP_HPE_0098,IOGP_HPE,"During a pull-out operation on the platform, an uncommanded movement of the vessel’s aft reel occurred, exposing 
a worker to a potentially fatal risk.",0,SOURCE_GROUNDED,0,0,0,0,0,0,0,0,0
OILPS_IOGP_SPI_0001,IOGP_SPI,"Operator was alerted of LEL levels in the parameter of the condensate tank. It was identified that the tank was 
overflowing condensate.",0,SOURCE_GROUNDED,0,0,0,0,0,0,0,0,0
OILPS_IOGP_SPI_0002,IOGP_SPI,"On 9th November 2025 at about 1427hrs during a routine draining operation, there was loss of primary containment 
at the saver pit that went into the slot jetty area. Immediate action taken: 
1. Draining stopped. 
2. The outlet sluice gate was immediately closed. 
3. A containment boom deployed at the slot jetty.",0,SOURCE_GROUNDED,0,0,0,0,0,0,0,0,0
OILPS_IOGP_SPI_0003,IOGP_SPI,"At approximately 11:50 AM, a gas release was observed in the vicinity. The incident was reported by the surfer boat 
Captain who observed visible gas bubbles breaking the sea surface along the pipelines route. 
Subsea team started a sonar survey to locate any abnormalities on the gas lines in the area. The Subsea team 
widened the survey area and focused on 8” gas line and detected a gas release from this line which was confirmed 
to be the source of the observed bubbling.",0,SOURCE_GROUNDED,0,0,0,0,0,0,0,0,0
OILPS_IOGP_SPI_0004,IOGP_SPI,"On February 28, 2025, around 9:00am field Operators, upon arrival at the field, spotted a gas leak bubbling a 
few meters from the well jackets. No oil sheen noticed, only gas bubbles. Later we found out to be related to a 
temporary abandoned well.",0,SOURCE_GROUNDED,0,0,0,0,0,0,0,0,0
OILPS_IOGP_FATAL_0005,IOGP_FATAL,"At approximately 03:10 AM, crews were performing flange management on the water 16’’ and 18” lines and 
installation of the blind flange on the 24” overboard line for hydrotest. During the process, crew encountered a clash 
with an abandoned open 18” line and started hot cutting the 18” line to make room to install a blind flange. Fire 
broke out at worksite, resulting in 17 people injured and 1 person missing.",0,SOURCE_GROUNDED,0,0,0,0,0,0,0,0,0
OILPS_IOGP_SPI_0006,IOGP_SPI,"During normal operations, an oil level regulation valve suddenly closed.
This event led to instabilities in both the production and produced water networks.
These instabilities led to a deterioration in the quality of the treated produced water, part of which is continuously 
discharged into the sea.
An oil sheen was observed at sea, with an estimated volume of approximately 2m³ of oil.",0,SOURCE_GROUNDED,0,0,0,0,0,0,0,0,0
OILPS_IOGP_SPI_0007,IOGP_SPI,"On 04 September 2025, an uncontrolled release of approximately 1,064 kg of hydrocarbon and inert gas mixture 
occurred from the cargo tank vent lines on an FPSO, resulting in Emergency Shutdown activation. The release was 
caused by valves 64HCV0001 and 64HCV0002 opening unexpectedly during a reboot of controller.",0,SOURCE_GROUNDED,0,0,0,0,0,0,0,0,0
OILPS_IOGP_SPI_0008,IOGP_SPI,"At approximately 0523 hrs. on November 8, 2025, an unusual sound was observed at the facility. Upon investigation, 
operations identified a fire on the upper section of the Auto-Thermal Reformer Unit 1 (ATR1). The Emergency 
Response Team (ERT) was immediately deployed to the location. In accordance with the plant’s safety and control 
systems, ATR Units 1 and 2 as well as ASU Units 1 and 2 underwent automatic shutdowns due to inter-unit 
protective logic. The fire was fully extinguished by approximately 0630 hrs. There was no injury to personnel.",0,SOURCE_GROUNDED,0,0,0,0,0,0,0,0,0
OILPS_IOGP_SPI_0009,IOGP_SPI,"23 Sep 2025, 2:58 AM: Pressure drop (~6 psi) was detected during condensate shipping. Operations halted and 
security alerted.
Early Response: 
BY Security Control Room (BYSCR) coordinated with Quick Response Team (QRT), local police, and pipeline officer. 
Foot patrols conducted (6:00–9:45 AM). No abnormality observed; shipping resumed at 11:50 AM after GTCL 
confirmation.
Community Alert & Spill Confirmation (5:15–5:37 PM): 
Community reported condensate smell: shipping stopped. QRT confirmed spill at site.
Escalation: 
5:38 PM: Incident Management Team (IMT) activated; Emergency Response Team (ERT 1) formed at 6:20 PM.
7:04 PM: Significant spill spread to low-lying land and canal waterways. ERT 1 left the necessary preparation, tools/ 
logistics, for incident site at 7:30 pm (2-hour journey).
9:05 PM: Fire breakout reported; ERT 1 diverted to extinguish fire at bridge.
9:10 PM: Fire Service & Civil Defense (FSCD) engaged; fire extinguished by 10:20 PM with joint effort.
Leak Source & Containment:
11:55 PM: Leak source identified (illegal tapping with ball valve); area blocked with heavy soil. 
24 Sep, 12:55 PM: The area was secured, and containment measures were implemented. Eventually, the leak was 
plugged, and 22. bbl condensate was recovered. Approximately 173 bbl condensate spill occurred.
Third party injuries: 
Media reported three community members critically burned during the fire: hospitalized. 
Tragically, three members of a nearby community, despite intensive care, passed away (two on 28 Sep, one on 1 
Oct). The incident resulted in environmental contamination, property damage, and third-party loss of life.",0,SOURCE_GROUNDED,0,0,0,0,0,0,0,0,0
OILPS_IOGP_FATAL_0010,IOGP_FATAL,Fatal fire following premature restart during PSV maintenance.,0,SOURCE_GROUNDED,0,0,0,0,0,0,0,0,0
OILPS_IOGP_FATAL_0011,IOGP_FATAL,Fatality during Well Surveillance.,0,SOURCE_GROUNDED,0,0,0,0,0,0,0,0,0
OILPS_IOGP_SPI_0012,IOGP_SPI,Export pipeline’s 8” leak at valve station.,0,SOURCE_GROUNDED,0,0,0,0,0,0,0,0,0
OILPS_IOGP_SPI_0013,IOGP_SPI,Bottom column experienced leaks at bleeder valve and caused a vapor cloud.,0,SOURCE_GROUNDED,0,0,0,0,0,0,0,0,0
OILPS_IOGP_SPI_0014,IOGP_SPI,Fire due to leak from 14” incoming piping in absorber of CO2 removal unit.,0,SOURCE_GROUNDED,0,0,0,0,0,0,0,0,0
OILPS_IOGP_SPI_0015,IOGP_SPI,"During subsea flushing activities on flowline, an estimated volume ranging between 1.58 - 16.15m³ of liquid 
hydrocarbon was discharged to the marine environment. This resulted in an intermittent surface sheen on the 
ocean with an area of ~2x2km.",0,SOURCE_GROUNDED,0,0,0,0,0,0,0,0,0
OILPS_IOGP_SPI_0016,IOGP_SPI,"A loss of hydraulic pressure was detected on a subsea system and troubleshooting indicated a subsea hydraulic 
flying lead had disconnected. The impacted well was shut in, methanol supply was isolated, and the system was 
depressurized while further inspection and investigation continued.",0,SOURCE_GROUNDED,0,0,0,0,0,0,0,0,0
OILPS_IOGP_SPI_0017,IOGP_SPI,Gas release due to full bore rupture 4” gas lift near platform.,0,SOURCE_GROUNDED,0,0,0,0,0,0,0,0,0
OILPS_IOGP_SPI_0018,IOGP_SPI,"A leak of Corrosion Inhibitor (CI) occurred at one of the remote wellhead platforms. The source of the leak was 
identified at the bleed ring plug of the storage tank’s level transmitter, which had become dislodged and came off 
from the fitting. The leak was isolated, and an estimated 4,600 litres of CI was released from the tank.",0,SOURCE_GROUNDED,0,0,0,0,0,0,0,0,0
OILPS_IOGP_FATAL_0019,IOGP_FATAL,"A steam release from an auxiliary steam line 14” occurred resulted in three (3) smoke detectors at the air intake 
activated that subsequently triggered the General Alarm. The Emergency Response Team was immediately 
mobilised to the scene. At the time of release members of the Engine Room immediately responded when radio 
calls were not answered.
Deceased Person (Maintenance Operator) was found unconscious near the Marine Gas Oil (MGO) tank and distilled 
water pump. The DP was brought to FPSO Hospital and was confirmed with ISOS Doctor as deceased.
Incident investigation is underway with the scheduled completion date in April 2026.",0,SOURCE_GROUNDED,0,0,0,0,0,0,0,0,0
OILPS_IOGP_SPI_0020,IOGP_SPI,"The puncture is on the pipeline between #6 and #7, approx. 100 m from the #6 collector. The powerfully flowing gas 
completely carried away the soil from the backbone pipeline. Since we were not able to identify which backbone 
pipeline had a puncture at first, we closed all wells at the #6 collecting station at 09:30. VO, TO, OK are running next 
to each other. After identifying the faulty pipeline, we started depressurizing the #7 collecting station. The leaked 
gas could be 10000 Nm3. The restart of the #6 wells is currently in progress. #6 daily production: Br: 685.4 m3/d 
N: 22.5 m3/d, OK: 13,700 Nm3/d, sg: 90,100 Nm3/d. From the #7 collector, the OK gas is distributed towards the 
station, through which it arrives at the gas plant.",0,SOURCE_GROUNDED,0,0,0,0,0,0,0,0,0
OILPS_IOGP_SPI_0021,IOGP_SPI,"An incident occurred during the transfer of an amine solution from a truck to a storage tank. The transfer 
was performed using a corrugated flexible hose connected to the truck with a threaded coupling and to the 
tank with a metal clamp. The end of the transfer was verified by observing hose vibrations generated during 
nitrogen displacement operations. After completing the transfer, one operator closed the nitrogen valve used for 
pressurization toward the truck and visually confirmed closure of the amine discharge valve on the truck. The 
second operator entered the containment area to close the tank valves. After closing the needle valve located near 
the tank, while attempting to close the ball valve, the hose suddenly detached from the nozzle, causing an amine 
splash that hit the operator’s face through a gap between the visor and the chin. While attempting to wash at the 
eyewash station, the operator rubbed his face and eyes with contaminated hands, worsening the injury. He was 
immediately assisted by a colleague, taken to the infirmary, and then transported to the emergency room.",0,SOURCE_GROUNDED,0,0,0,0,0,0,0,0,0
OILPS_IOGP_SPI_0022,IOGP_SPI,"After completing the loading of a vacuum truck from the pit located on the premises, a fire broke out between 
the shed and the truck cabin while the engine was running. The fire affected the truck cabin, and its driver and 
production operator suffered burns to the head.",0,SOURCE_GROUNDED,0,0,0,0,0,0,0,0,0
OILPS_IOGP_SPI_0023,IOGP_SPI,Loss of Primary Containment – Methanol Release from T-67114,0,SOURCE_GROUNDED,0,0,0,0,0,0,0,0,0
OILPS_IOGP_SPI_0024,IOGP_SPI,"During permanent plugging, the 13 3/8’’ casing was cut with open BOP at 510 m after all barriers had towards 
all flowing units had been established below cutting depth. A significant volume of trapped gas was released and 
entered the rig floor and shaker area triggering gas alarms and ESD sequences. Diverter and annular were then 
closed and well secured.",0,SOURCE_GROUNDED,0,0,0,0,0,0,0,0,0
OILPS_IOGP_SPI_0025,IOGP_SPI,"While performing maintenance to refill the lubrication oil reservoir, the operator disassembled the camlock 
coupling on the filling nozzle. During this process, oil unexpectedly sprayed back from the system.
The tank level dropped rapidly, prompting the operator to activate the emergency stop for the turbine to prevent 
further escalation. Two people were exposed to oil splashes and oil vapors.",0,SOURCE_GROUNDED,0,0,0,0,0,0,0,0,0
OILPS_IOGP_SPI_0026,IOGP_SPI,"Two operators were preparing the well (gas lift) for maintenance. During preparation, the operators were supposed 
to bleed down the pressure on an isolated segment. Communication was made with the control room, and the 
pressure on the equalize manifold was requested. It was then communicated over the radio that the equalize 
manifold was opened to the flare. The IP understood this as the entire segment being open for bleeding to the flare, 
while in reality, only the equalize manifold was open. This resulted in a limited pipe segment remaining without its 
pressure being bled off. The IP then opened a hose with a mounted “manometer manifold” at the end to prepare 
for N2 purging. The hose was lying on the deck. As the IP stepped back over the “manometer manifold,” the hose 
ruptured, and the IP was struck by pressure and the hose on both legs.",0,SOURCE_GROUNDED,0,0,0,0,0,0,0,0,0
OILPS_IOGP_SPI_0027,IOGP_SPI,"Gas Lift Line had a major leak due to external corrosion - MGI Header also had a minor leak as a result of being 
impacted from the leak of the Gas Lift Line.",0,SOURCE_GROUNDED,0,0,0,0,0,0,0,0,0
OILPS_IOGP_SPI_0028,IOGP_SPI,"• Leak first detected at 17:19 on 12th Nov.
• Line isolated at 18:25 on 12th Nov and start depressurizing through burn pit.
• Line at zero pressure @ 06:00 on 13th Nov
while leak no personal were in field.",0,SOURCE_GROUNDED,0,0,0,0,0,0,0,0,0
OILPS_IOGP_SPI_0029,IOGP_SPI,"During a routine condensate tanker loading operation at Loading Bay, an overfill occurred resulting in an 
estimated loss of 1040 kg of condensate. The event resulted from the failure of the High-High level switch, which 
did not initiate the automatic system shutdown as designed. The abnormal condition was identified through 
CCTV monitoring, which revealed the product overflow. Immediate intervention was undertaken by activating the 
emergency shutdown push button, thereby halting loading operations.
Safety performance indicators – Process safety events – 2025 data
25

===PAGE_26===",0,SOURCE_GROUNDED,0,0,0,0,0,0,0,0,0
OILPS_IOGP_SPI_0030,IOGP_SPI,"Crude oil leak from a 6” line coming from oil wells and going to a facility. The line was isolated. The total volume 
spilled is 20bbls.",0,SOURCE_GROUNDED,0,0,0,0,0,0,0,0,0
OILPS_IOGP_SPI_0031,IOGP_SPI,"Crude oil leak from a 6’’ underground line coming from oil well and going to Gathering center. The line was isolated. 
The total volume spilled is 10 bbls.",0,SOURCE_GROUNDED,0,0,0,0,0,0,0,0,0
OILPS_IOGP_SPI_0032,IOGP_SPI,"Crude oil leak from a line coming from T-Junction and going central processing unit. The line was isolated. The 
total volume spilled is 10 bbls.",0,SOURCE_GROUNDED,0,0,0,0,0,0,0,0,0
OILPS_IOGP_SPI_0033,IOGP_SPI,"Several gas-detection alarms were triggered at a remote manifold station during evening operations, followed 
shortly by a report from field personnel of a major leak accompanied by a loud noise. All associated wells were 
remotely shut in, and the affected lines were manually isolated.",0,SOURCE_GROUNDED,0,0,0,0,0,0,0,0,0
OILPS_IOGP_SPI_0034,IOGP_SPI,Flammable hydrocarbon released due to 30-LT0012A (1/2inch nipple) detached.,0,SOURCE_GROUNDED,0,0,0,0,0,0,0,0,0
OILPS_IOGP_SPI_0035,IOGP_SPI,"On 17 April 2025, at 09:15 AM, during plant round, an operator observed an abnormal sound. Upon further 
inspection of the area, a vapor cloud and condensate leak were identified in Unit-84 from the Slug Catcher Filter 
area, (2’’ Line at upstream of 84-BDV-01.19).
Shift Supervisor/MCR Panel were immediately informed about the leak. The operator pulled the MAC, activated the 
deluge system, and provided a water curtain as per the Shift Supervisor’s direction. Plant emergency shutdown was 
initiated; the leaking section was isolated by closing ESVs and depressurized through the PCV on the Pre-Flash 
Drum to flare.
On inspection, a major hole, around 3” equivalent leak size was identified upstream of BDV01.19.
This leak triggered a Tier-2 Emergency Response, with personnel evacuating. 70 personnel were evaluated by the 
medical team, with toxic clips detecting 5ppm H2S at an occupied area, ~1.3Km away from the leak location. Of the 
personnel evaluated for gas exposure, 29 were classified as First Aid cases.
Safety performance indicators – Process safety events – 2025 data
29

===PAGE_30===",0,SOURCE_GROUNDED,0,0,0,0,0,0,0,0,0
OILPS_IOGP_SPI_0036,IOGP_SPI,"At 08:55 am on the 11th of October a line of sight gas detector located on the production mezz deck indicated High 
High gas at which point the Control Room Operator (CRO) activated the Fire & Gas alarm and all personnel were 
instructed to go to muster. Additional gas detectors indicating High on the production deck location at which point 
the OIM instructed the CRO to activate the Emergency Shut Down due to the number of detectors that had been 
activated on Production Mezz Deck and Production Deck.",0,SOURCE_GROUNDED,0,0,0,0,0,0,0,0,0
OILPS_IOGP_SPI_0037,IOGP_SPI,"During a scheduled GLSDV function test, the Well head maintenance team confirmed normal operating 
conditions before detecting a hissing sound at the riser line while leaving the platform. The leak was 
immediately reported, and a manual Emergency Shutdown (ESD) was initiated from the boat landing, 
followed by safe crew evacuation. A subsequent inspection with SCBA confirmed all wells and riser SDVs had 
tripped, and additional isolations were applied.",0,SOURCE_GROUNDED,0,0,0,0,0,0,0,0,0
OILPS_IOGP_SPI_0038,IOGP_SPI,"On 11th March 2025 at 2030, a gas leak was reported from the wellhead platform Chemical Inject (CI) Quill. 
The leak continued for about 6 days due to the passing emergency shutdown valve. The hydrocarbon gas at 85 
– 90 barg with 0.8 mol % H2S leaked from a 3 mm weep hole.",0,SOURCE_GROUNDED,0,0,0,0,0,0,0,0,0
OILPS_IOGP_SPI_0039,IOGP_SPI,"On 31st May 2025 at 20:45hr, a loud jetting sound from heard from unmanned offshore platform. Emergency 
shutdown (ESD) was initiated from at 21:05 hr. The operating pressure of the isolated pressure differential 
transmitter (PDT) line decreased from 104 barg to 82 barg within 1 hour following ESD activation. The line with PDT 
was operating at 104 barg and 60°C with 0.8 mol% of H2S. The static inventory of 7550kg depleted and pressure 
dropped from 104 barg to 0 barg over 15 hours.",0,SOURCE_GROUNDED,0,0,0,0,0,0,0,0,0
OILPS_IOGP_SPI_0040,IOGP_SPI,"During this operation, the handle and stem assembly of the 3-way valve, operating under an oil pressure of 55 bar, 
detached from the valve body and struck one operator on the lower left side of the face, causing a facial injury. The 
assisting operator sustained mild facial swelling due to oil exposure to the face and left eye.
32
Safety performance indicators – Process safety events – 2025 data
===PAGE_33===",0,SOURCE_GROUNDED,0,0,0,0,0,0,0,0,0
OILPS_IOGP_SPI_0041,IOGP_SPI,"An H2S alarm was received at a facility, and operations responded to investigate. A wellhead was found venting sour 
gas, and the release was stopped by manually closing valves.",0,SOURCE_GROUNDED,0,0,0,0,0,0,0,0,0
OILPS_IOGP_SPI_0043,IOGP_SPI,"An uncontrolled release to surface occurred at a thermal well pad, and incident management resources were 
activated to support response and stabilization. The investigation is ongoing.",0,SOURCE_GROUNDED,0,0,0,0,0,0,0,0,0
OILPS_IOGP_SPI_0044,IOGP_SPI,"An operator identified abnormal pressure conditions on a CO2 injection system and confirmed a pipeline failure on a 
CO2 flexpipe segment. The release was isolated and response actions were initiated.",0,SOURCE_GROUNDED,0,0,0,0,0,0,0,0,0
OILPS_IOGP_SPI_0045,IOGP_SPI,"Operator noticed that the tap was in the open position. Release had overflowed onto the building floor. Small 
amounts of oil had leaked onto the ground outside the building.",0,SOURCE_GROUNDED,0,0,0,0,0,0,0,0,0
OILPS_IOGP_SPI_0046,IOGP_SPI,Operator observed oil spilling from tank.,0,SOURCE_GROUNDED,0,0,0,0,0,0,0,0,0
OILPS_IOGP_SPI_0047,IOGP_SPI,Release occurred from water dump bypass valve.,0,SOURCE_GROUNDED,0,0,0,0,0,0,0,0,0
OILPS_IOGP_FATAL_0048,IOGP_FATAL,"The worker was holding the position of Trainee with a service company, while performing activities on the 18” 
floating gate valve located on the inlet line to the separator at the Gas Transportation Processing Centre, was struck 
in the front right hip by a metallic component. He was transported to the medical office located outside the facility, 
where he was attended by the on-duty physician, who declared him deceased at 10:30 hours.",0,SOURCE_GROUNDED,0,0,0,0,0,0,0,0,0
OILPS_IOGP_SPI_0049,IOGP_SPI,"During a drone inspection along the Right of Way of the 16” Ø crude oil pipeline, a loss of containment was detected 
at km 31+812, which was subsequently confirmed by pipeline personnel, in a low-lying flood-prone area. Provisional 
repair work was initiated with the installation of a clamp; however, at 20:00 h it was determined that the clamp 
could not be installed because the assessment indicated a longitudinal weld failure of approximately 60 cm, caused 
by electric resistance welding, located at the 7 o’clock position.",0,SOURCE_GROUNDED,0,0,0,0,0,0,0,0,0
OILPS_IOGP_SPI_0050,IOGP_SPI,"A leak was detected on the 3” Ø liquids line toward the battery limit, which is currently out of operation.
Actions: It was verified that the valves of the liquids circuit were closed; the area around the central rack where the 
line runs was barricaded, and maintenance and inspection personnel were notified for evaluation.",0,SOURCE_GROUNDED,0,0,0,0,0,0,0,0,0
OILPS_IOGP_SPI_0051,IOGP_SPI,"A loss of containment was detected on the Right of way of the 16” Ø oil-gas pipeline that runs from the #1 
Separation Battery to the interconnection of the 16” Ø oil-gas pipeline (L2) at the AT of the #2 Separation Battery 
(km 2+169). Together with the operations personnel, operational adjustments were carried out to shut in the wells, 
proceeding to isolate the section of the 16” Ø oil-gas pipeline from #1 Separation Battery to the AT of #2 Separation 
Battery, taking the 16” Ø (L2) oil-gas pipeline out of service in order to begin a controlled depressurization.",0,SOURCE_GROUNDED,0,0,0,0,0,0,0,0,0
OILPS_IOGP_SPI_0052,IOGP_SPI,"At 18:00 hrs on 11/30/2025, on-call personnel notified the Production Supervisor via radio about an event in the 
measurement tank (TM) area, detecting on site the passage of liquids in the suction valve from TM-1 to the RA-11 
oily register, which caused an increase in levels in the API dam and RA-05 oily registers (separator area), RA-12 
(measuring tank dam) and S/N registers in the area of pumps with hydrocarbon spillage on the ground of these 
areas, immediately an attempt was made to pump with the Internal Combustion Motor Pump 03 (MBCI-03) in a 
discontinuous manner due to the low suction pressure, so the suction valve of the TM-1 was dismantled. managing 
to contain the passage of liquid to the API dam and oily registers with diversion of oil to the TM containment dam 
and later pumping to the vertical tanks through the pump (MBCI-03).",0,SOURCE_GROUNDED,0,0,0,0,0,0,0,0,0
OILPS_IOGP_SPI_0053,IOGP_SPI,"While completing a frac, fluid released from a valve and the cellar area.",0,SOURCE_GROUNDED,0,0,0,0,0,0,0,0,0
OILPS_IOGP_SPI_0054,IOGP_SPI,"While pulling out of hole, swedge below the lubricator unexpectedly released.",0,SOURCE_GROUNDED,0,0,0,0,0,0,0,0,0
OILPS_IOGP_SPI_0055,IOGP_SPI,"While fracking, a fire occurred from a frac pump.",0,SOURCE_GROUNDED,0,0,0,0,0,0,0,0,0
OILPS_IOGP_SPI_0056,IOGP_SPI,"During tree-up operations on the well, surface equipment failed, resulting in a loss of containment and an injury to a 
contractor’s employee. The injured person was transported to a medical facility for treatment.",0,SOURCE_GROUNDED,0,0,0,0,0,0,0,0,0
OILPS_IOGP_SPI_0057,IOGP_SPI,"Based on witness statements and post incident evidence. On 5/9/2025, at approximately 12:30 hours, a gas leak 
occurred on the gas filter separator located at the Compressor Station. A vapor cloud formed until it contacted an 
unknown ignition source. The vapor cloud “exploded” and caused a fire which damaged the adjacent glycol reboiler 
along with other equipment.",0,SOURCE_GROUNDED,0,0,0,0,0,0,0,0,0
OILPS_IOGP_SPI_0058,IOGP_SPI,"Compressor blowdown led to a release of 251,284 Kg (9,289 MSCF) of natural gas into the atmosphere.
The event was classified a tier 1 LOC.
This event was caught by our methane flyover program.",0,SOURCE_GROUNDED,0,0,0,0,0,0,0,0,0
OILPS_IOGP_SPI_0059,IOGP_SPI,"At approximately 3:15 pm on Thursday, July 3rd it was reported that a vacuum truck operator was skimming oil into 
the oil tank. During this process the oil tank started leaking out of the pinhole at the bottom of the silver 2nd oil tank.
Safety performance indicators – Process safety events – 2025 data
45

===PAGE_46===",0,SOURCE_GROUNDED,0,0,0,0,0,0,0,0,0
OILPS_IOGP_SPI_0060,IOGP_SPI,"The water line was clogged with solids causing oil tanks to overfill. This resulted in a spill to a lined berm and 
adjacent pad of 68.5 bbls of crude oil, of which 66 bbls were recovered.",0,SOURCE_GROUNDED,0,0,0,0,0,0,0,0,0
OILPS_IOGP_SPI_0061,IOGP_SPI,"Responding to volume anomalies, a Reliability Operator (RO) and Senior Reliability Operator (SRO) discovered 
surfaced emulsion in an offsite right-of-way. A 6” emulsion line leak was discovered on an emulsion line to a 
production facility offsite. Approximate dimensions of surface impacts is a l-shape stream with low lying pools 500 
feet by 700 feet with varying widths in low spots (10’-100’) traveling northwest from the line.",0,SOURCE_GROUNDED,0,0,0,0,0,0,0,0,0
OILPS_IOGP_FATAL_0062,IOGP_FATAL,"A contract crew was in the process of cleaning a sales oil line for new pad tie-in work as part of a pipeline 
infrastructure project when a crewmember was injured during work with a sales oil pig receiver resulting in a 
fatality.",0,SOURCE_GROUNDED,0,0,0,0,0,0,0,0,0
OILPS_IOGP_SPI_0063,IOGP_SPI,"Crew were in the process of installing an injection quill/H2S analyser probe into a valve positioned on top of the 
sales gas line in the dehydration building. As part of the installation process they loosened a 1” bull plug positioned 
on top of the valve (facing straight up approx. 3-3.5 ft. from the ceiling), once the plug was loose gas started to 
release, worker exited the ladder opening the door to ventilate, decision was made to continue to loosen the plug 
to relieve what they assumed was excess pressure. As they continued to loosen the plug it released from the valve 
lodging itself in the ceiling of the building with gas releasing into the building the workers exited the building 
activating the ESD.
Safety performance indicators – Process safety events – 2025 data
47

===PAGE_48===",0,SOURCE_GROUNDED,0,0,0,0,0,0,0,0,0
OILPS_IOGP_SPI_0064,IOGP_SPI,"Contractor repairing methanol pump caused 3/8” line to part, releasing gas; check valve and fitting failed; no injuries.",0,SOURCE_GROUNDED,0,0,0,0,0,0,0,0,0
OILPS_IOGP_SPI_0065,IOGP_SPI,"Contract crew loosening 2” ball valve body caused 40 bbl scavenger spill into impermeable containment; no waters 
affected.
48
Safety performance indicators – Process safety events – 2025 data
===PAGE_49===",0,SOURCE_GROUNDED,0,0,0,0,0,0,0,0,0
OILPS_IOGP_SPI_0066,IOGP_SPI,Malfunctioning dump valve caused skim tank carryover spilling 30.43 bbl oil; area to be remediated.,0,SOURCE_GROUNDED,0,0,0,0,0,0,0,0,0
OILPS_IOGP_SPI_0067,IOGP_SPI,"Tank thief hatch released 18 bbl oil due to transmitter and pump malfunctions; all oil recovered in containment.
Safety performance indicators – Process safety events – 2025 data
49

===PAGE_50===",0,SOURCE_GROUNDED,0,0,0,0,0,0,0,0,0
OILPS_IOGP_SPI_0068,IOGP_SPI,"6” PSV froze open releasing oil, water, and 2,628 KCF gas; spill occurred on private land and will be remediated.",0,SOURCE_GROUNDED,0,0,0,0,0,0,0,0,0
OILPS_IOGP_SPI_0069,IOGP_SPI,"Frozen 2” line valve broke releasing 134 bbl oil and 6 bbl water; partial recovery completed.
50
Safety performance indicators – Process safety events – 2025 data
===PAGE_51===",0,SOURCE_GROUNDED,0,0,0,0,0,0,0,0,0
OILPS_IOGP_SPI_0070,IOGP_SPI,Frozen 3” load line valve ejected ball releasing 211 bbl oil; oil migrated slightly off pad; remediation ongoing.,0,SOURCE_GROUNDED,0,0,0,0,0,0,0,0,0
OILPS_IOGP_SPI_0071,IOGP_SPI,Small tornado damaged causing 113 KCF gas release from broken scrubber inlet; well shut in.,0,SOURCE_GROUNDED,0,0,0,0,0,0,0,0,0
OILPS_IOGP_SPI_0072,IOGP_SPI,Two corrosion failures on 10” transfer line caused total 838.29 bbl oil release; repairs and remediation underway.,0,SOURCE_GROUNDED,0,0,0,0,0,0,0,0,0
OILPS_IOGP_SPI_0073,IOGP_SPI,"Gasket failure on 24” valve caused 4,800 KCF gas release; station evacuated and shut in remotely.",0,SOURCE_GROUNDED,0,0,0,0,0,0,0,0,0
OILPS_IOGP_SPI_0074,IOGP_SPI,Comms failure at tank battery caused 110 bbl PO release from water tank thief hatch; all product recovered.,0,SOURCE_GROUNDED,0,0,0,0,0,0,0,0,0
OILPS_IOGP_SPI_0075,IOGP_SPI,Pump housing failure from foreign object caused spill of 8.92 bbl oil and 2.97 bbl water; contained and recovered.,0,SOURCE_GROUNDED,0,0,0,0,0,0,0,0,0
OILPS_IOGP_SPI_0076,IOGP_SPI,"PSV lifted causing 43.485 Kscf gas release and light misting; liquids were minimal.
54
Safety performance indicators – Process safety events – 2025 data
===PAGE_55===",0,SOURCE_GROUNDED,0,0,0,0,0,0,0,0,0
OILPS_IOGP_SPI_0077,IOGP_SPI,Release of 16.7 bbl oil found during recycling; fluids remained onsite and recovered.,0,SOURCE_GROUNDED,0,0,0,0,0,0,0,0,0
OILPS_IOGP_SPI_0078,IOGP_SPI,"Glycol pump failure released 483 kcf gas over 3.75 hours; site shut down and isolated.
Safety performance indicators – Process safety events – 2025 data
55

===PAGE_56===",0,SOURCE_GROUNDED,0,0,0,0,0,0,0,0,0
OILPS_IOGP_SPI_0079,IOGP_SPI,Plant operator found 6” valve leaking causing 9.5 kcf natural gas release; area barricaded.,0,SOURCE_GROUNDED,0,0,0,0,0,0,0,0,0
OILPS_IOGP_SPI_0080,IOGP_SPI,"Flare system ignited fluid after shutdown causing 9 bbl oil and 1 bbl water release; burned off onsite.
56
Safety performance indicators – Process safety events – 2025 data
===PAGE_57===",0,SOURCE_GROUNDED,0,0,0,0,0,0,0,0,0
OILPS_IOGP_SPI_0081,IOGP_SPI,Corrosion pinhole caused spill of 68.13 bbl oil and 158.97 bbl water; remediation to follow.,0,SOURCE_GROUNDED,0,0,0,0,0,0,0,0,0
OILPS_IOGP_SPI_0082,IOGP_SPI,Failed gasket on 8” flange caused 145 bbl oil spill; majority recovered; no water impacted.,0,SOURCE_GROUNDED,0,0,0,0,0,0,0,0,0
OILPS_IOGP_SPI_0083,IOGP_SPI,Truck loading error released 46.8 bbl oil; contained onsite and recovered.,0,SOURCE_GROUNDED,0,0,0,0,0,0,0,0,0
OILPS_IOGP_SPI_0084,IOGP_SPI,Power outage restart caused piping separation and fire at compressor station; no injuries.,0,SOURCE_GROUNDED,0,0,0,0,0,0,0,0,0
OILPS_IOGP_SPI_0085,IOGP_SPI,Discharge line failure released 108 KCF gas; site blown down and isolated.,0,SOURCE_GROUNDED,0,0,0,0,0,0,0,0,0
OILPS_IOGP_SPI_0086,IOGP_SPI,Internal corrosion on tester oil leg caused 21.5 bbl spill; remediation planned.,0,SOURCE_GROUNDED,0,0,0,0,0,0,0,0,0
OILPS_IOGP_SPI_0087,IOGP_SPI,Nipple failure on third stage PSV caused 320 KCF gas release; operator shut down on discovery.,0,SOURCE_GROUNDED,0,0,0,0,0,0,0,0,0
OILPS_IOGP_SPI_0088,IOGP_SPI,Seal failure caused 180 bbl oil release; fully recovered in containment.,0,SOURCE_GROUNDED,0,0,0,0,0,0,0,0,0
OILPS_IOGP_SPI_0089,IOGP_SPI,Gas buster controller failure released 20 bbl oil; fully recovered.,0,SOURCE_GROUNDED,0,0,0,0,0,0,0,0,0
OILPS_IOGP_SPI_0090,IOGP_SPI,Pressure transmitter failure released 355 bbl oil; 250 bbl recovered.,0,SOURCE_GROUNDED,0,0,0,0,0,0,0,0,0
OILPS_IOGP_SPI_0091,IOGP_SPI,2” valve left open released 2.29M lbs gas; operator closed valve; no waters affected.,0,SOURCE_GROUNDED,0,0,0,0,0,0,0,0,0
OILPS_IOGP_SPI_0092,IOGP_SPI,Vibration-related nipple failure released 23 bbl oil; partial recovery completed.,0,SOURCE_GROUNDED,0,0,0,0,0,0,0,0,0
OILPS_IOGP_SPI_0093,IOGP_SPI,"Vibration failure on lease automatic custody transfer 130 discharge pressure transmitter caused 80 bbl oil spill; 60 
bbl recovered.",0,SOURCE_GROUNDED,0,0,0,0,0,0,0,0,0
OILPS_IOGP_SPI_0094,IOGP_SPI,Glycol pump nipple failure released ~1 gallon glycol and 137.8 kscf gas; fluid collected for disposal.,0,SOURCE_GROUNDED,0,0,0,0,0,0,0,0,0
OILPS_IOGP_SPI_0095,IOGP_SPI,"Bottom valve sand blockage masked fluid level, releasing 43 bbl oil during manway opening; no injuries.",0,SOURCE_GROUNDED,0,0,0,0,0,0,0,0,0
OILPS_IOGP_SPI_0096,IOGP_SPI,"Failure of 1/2 inch nipple on PSV line released 26,279 lbs CO2 inside compressor building; safety systems worked 
and unit shut down.",0,SOURCE_GROUNDED,0,0,0,0,0,0,0,0,0
OILPS_IOGP_SPI_0097,IOGP_SPI,"Sour water pre-filter O-ring leak triggered H2S alarms; facility isolated, ventilated, and area reclassified from air-
pack available to carry zone.",0,SOURCE_GROUNDED,0,0,0,0,0,0,0,0,0
OILPS_IOGP_SPI_0098,IOGP_SPI,"Head gasket failure on first stage cylinder released 2,948 lbs CO2; no hazardous atmosphere detected and no 
personnel affected.",0,SOURCE_GROUNDED,0,0,0,0,0,0,0,0,0
OILPS_IOGP_SPI_0099,IOGP_SPI,Gasket failure on Test Treater #1 released 17.6 bbl oil inside building and 4.5 bbl outside; all contained and recovered.,0,SOURCE_GROUNDED,0,0,0,0,0,0,0,0,0
OILPS_IOGP_SPI_0100,IOGP_SPI,"Operator heard leak sound and slight H2S odor in compressor building; evacuated and compressor shut down; 
trending later showed 2.6 ppm.",0,SOURCE_GROUNDED,0,0,0,0,0,0,0,0,0
OILPS_IOGP_SPI_0101,IOGP_SPI,"Recycle pump suction valve and check valve failed, releasing 0.31 bbl oil inside building and 17.8 bbl outside; 
contained within facility.",0,SOURCE_GROUNDED,0,0,0,0,0,0,0,0,0
OILPS_IOGP_SPI_0102,IOGP_SPI,"Foreman found small head gasket leak on HP compressor #4 cylinder; compressor shut down; trending later 
showed 1.2 ppm.",0,SOURCE_GROUNDED,0,0,0,0,0,0,0,0,0
OILPS_IOGP_SPI_0103,IOGP_SPI,"Fiberglass flowline failure released 7,067.35 lbs CO2 in ROW; no off-site impact.
68
Safety performance indicators – Process safety events – 2025 data
===PAGE_69===",0,SOURCE_GROUNDED,0,0,0,0,0,0,0,0,0
OILPS_IOGP_SPI_0104,IOGP_SPI,1-inch equalization line leak released CO2/H2S at 320 lb/hr (14.5 lb/hr H2S).,0,SOURCE_GROUNDED,0,0,0,0,0,0,0,0,0
OILPS_IOGP_SPI_0105,IOGP_SPI,"Fiberglass flowline failed releasing 6,141 lbs CO2 in ROW; Tier 1 event; no off-site impact.
Safety performance indicators – Process safety events – 2025 data
69

===PAGE_70===",0,SOURCE_GROUNDED,0,0,0,0,0,0,0,0,0
OILPS_IOGP_SPI_0106,IOGP_SPI,Water tank overpressure launched tank 250 ft and released 290 bbl water inside berms; investigation ongoing.,0,SOURCE_GROUNDED,0,0,0,0,0,0,0,0,0
OILPS_IOGP_SPI_0107,IOGP_SPI,"Production tank load line 3-inch valve failed releasing 228.56 bbl crude into berms; operator isolated line; fluids 
remained contained.",0,SOURCE_GROUNDED,0,0,0,0,0,0,0,0,0
OILPS_IOGP_SPI_0108,IOGP_SPI,"Pressure gauge failure compressor released ~3,180 lb/hr CO2; detected during operations; no monitors alarmed.",0,SOURCE_GROUNDED,0,0,0,0,0,0,0,0,0
OILPS_IOGP_SPI_0109,IOGP_SPI,"The operator left pump bleed valve open after failed priming, causing sump overflow contained in unlined berm.",0,SOURCE_GROUNDED,0,0,0,0,0,0,0,0,0
OILPS_IOGP_SPI_0110,IOGP_SPI,Failed suction-side valve filled sump and spilled 84 bbl oil inside unlined containment; 76 bbl recovered.,0,SOURCE_GROUNDED,0,0,0,0,0,0,0,0,0
OILPS_IOGP_SPI_0111,IOGP_SPI,"Power/coms loss caused tanks to run over, releasing oil/water inside firewall and small amount on pad; recovery 
done.",0,SOURCE_GROUNDED,0,0,0,0,0,0,0,0,0
OILPS_IOGP_SPI_0112,IOGP_SPI,SDV failed to close causing spill in unlined containment; inlet valve shut and recovery initiated.,0,SOURCE_GROUNDED,0,0,0,0,0,0,0,0,0
OILPS_IOGP_SPI_0113,IOGP_SPI,"Tank leaked due to internal corrosion, spilling 111 bbl. oil inside unlined berm; 17 bbl. recovered.",0,SOURCE_GROUNDED,0,0,0,0,0,0,0,0,0
OILPS_IOGP_SPI_0114,IOGP_SPI,Power loss caused inlet valve to fail open and tanks overflowed; manual valve closed until power restored.,0,SOURCE_GROUNDED,0,0,0,0,0,0,0,0,0
OILPS_IOGP_SPI_0115,IOGP_SPI,"Coms loss caused skim tanks to overflow; tank sticks, transmitter, and pressure switches replaced.",0,SOURCE_GROUNDED,0,0,0,0,0,0,0,0,0
OILPS_IOGP_SPI_0116,IOGP_SPI,"PLC programming loss prevented alarms/shut-ins, causing overflow; inlet shut manually and remediation started.",0,SOURCE_GROUNDED,0,0,0,0,0,0,0,0,0
OILPS_IOGP_SPI_0117,IOGP_SPI,Check valve failure on transfer pumps caused thief hatch releases and overfilled three water tanks.,0,SOURCE_GROUNDED,0,0,0,0,0,0,0,0,0
OILPS_IOGP_SPI_0118,IOGP_SPI,"Lightning strike caused salt water disposal unit (SWD) tank fire, burning 18.75 bbl. oil and damaging multiple tanks 
before extinguished.",0,SOURCE_GROUNDED,0,0,0,0,0,0,0,0,0
OILPS_IOGP_SPI_0119,IOGP_SPI,"Fire on Oct 3, 2025; wells shut in and fire extinguished without injuries.",0,SOURCE_GROUNDED,0,0,0,0,0,0,0,0,0
OILPS_IOGP_SPI_0120,IOGP_SPI,Oxidizer/acid job miscommunication led to overpressure event ejecting wellhead; procedural gaps documented.,0,SOURCE_GROUNDED,0,0,0,0,0,0,0,0,0
OILPS_IOGP_SPI_0121,IOGP_SPI,"Pipeline Lease Automatic Custody Transfer (LACT) unit leak from nipple under flow meter spilled 33 bbl. on pad; 30 
bbl. recovered.",0,SOURCE_GROUNDED,0,0,0,0,0,0,0,0,0
OILPS_IOGP_SPI_0122,IOGP_SPI,Contractor vehicle hit gas injection blowdown riser releasing gas; compressor shut in and no injuries.,0,SOURCE_GROUNDED,0,0,0,0,0,0,0,0,0
OILPS_IOGP_SPI_0123,IOGP_SPI,"During hot water flush, well started unloading, and the PSV released on the LP separator.",0,SOURCE_GROUNDED,0,0,0,0,0,0,0,0,0
OILPS_IOGP_SPI_0124,IOGP_SPI,Oil hauler failed to check his truck before loading and spilled.,0,SOURCE_GROUNDED,0,0,0,0,0,0,0,0,0
OILPS_IOGP_SPI_0125,IOGP_SPI,Oil released from a pump.,0,SOURCE_GROUNDED,0,0,0,0,0,0,0,0,0
OILPS_IOGP_SPI_0126,IOGP_SPI,Cooler pressure safety valve released.,0,SOURCE_GROUNDED,0,0,0,0,0,0,0,0,0
OILPS_IOGP_SPI_0127,IOGP_SPI,"During batch treatment on the flowline, a gas lift line was misidentified as the flowline. A bull plug was misidentified 
and opened.",0,SOURCE_GROUNDED,0,0,0,0,0,0,0,0,0
OILPS_IOGP_SPI_0128,IOGP_SPI,"Upon arriving for rounds, operator discovered that the flowline had developed a leak underground and was flowing 
to the surface.",0,SOURCE_GROUNDED,0,0,0,0,0,0,0,0,0
OILPS_IOGP_SPI_0129,IOGP_SPI,"Drain valve on air eliminator opened, and spill occurred.",0,SOURCE_GROUNDED,0,0,0,0,0,0,0,0,0
OILPS_IOGP_SPI_0131,IOGP_SPI,"Lightning strike on tanks, and fire followed.",0,SOURCE_GROUNDED,0,0,0,0,0,0,0,0,0
OILPS_IOGP_SPI_0132,IOGP_SPI,Tanks overflow due to level switch error.,0,SOURCE_GROUNDED,0,0,0,0,0,0,0,0,0
OILPS_IOGP_SPI_0133,IOGP_SPI,Pressure safety valve released on low pressure sweep line.,0,SOURCE_GROUNDED,0,0,0,0,0,0,0,0,0
OILPS_IOGP_SPI_0134,IOGP_SPI,"A localized flash fire occurred inside the injection compressor’s 1st stage knockout (KO) drum within a central 
facility. Personnel had entered the drum to clean and demolish internal components in preparation for system 
upgrades. Non-intrinsically safe lighting and tools had been permitted under a hot work permit along with 
appropriate confined space entry permit. Flammable vapors ignited resulting in burns.",0,SOURCE_GROUNDED,0,0,0,0,0,0,0,0,0
OILPS_IOGP_SPI_0135,IOGP_SPI,A hole developed on the bottom side of the slop tank.,0,SOURCE_GROUNDED,0,0,0,0,0,0,0,0,0
OILPS_IOGP_SPI_0136,IOGP_SPI,Recirculation pump inlet valve was left open.,0,SOURCE_GROUNDED,0,0,0,0,0,0,0,0,0
OILPS_IOGP_SPI_0137,IOGP_SPI,"Tubing head penetrator failed, resulting in a release.",0,SOURCE_GROUNDED,0,0,0,0,0,0,0,0,0
OILPS_IOGP_SPI_0138,IOGP_SPI,"Discharge line that had a 1” riser with a 1” ball valve was accidentally run over. Upon striking the riser, it broke off, 
and gas began to release.",0,SOURCE_GROUNDED,0,0,0,0,0,0,0,0,0
OILPS_IOGP_SPI_0139,IOGP_SPI,Test treater sight glass broke.,0,SOURCE_GROUNDED,0,0,0,0,0,0,0,0,0
OILPS_IOGP_SPI_0140,IOGP_SPI,Valve nipple backed out of threads due to vibration on piping.,0,SOURCE_GROUNDED,0,0,0,0,0,0,0,0,0
OILPS_IOGP_SPI_0141,IOGP_SPI,"Water tank ruptured on the top due to overpressure from a mechanical fault on a water control valve on production 
separator.",0,SOURCE_GROUNDED,0,0,0,0,0,0,0,0,0
OILPS_IOGP_SPI_0142,IOGP_SPI,"While releasing pressure on a pipe, the pipe rotated and contacted with person, causing injury.",0,SOURCE_GROUNDED,0,0,0,0,0,0,0,0,0
OILPS_IOGP_SPI_0143,IOGP_SPI,The circulation pump seal failed resulting in a spill.,0,SOURCE_GROUNDED,0,0,0,0,0,0,0,0,0
OILPS_IOGP_SPI_0145,IOGP_SPI,"Incident 1: A threaded test port for a pressure relief valve on a compressor system failed due to fatigue induced by 
vibration.",0,SOURCE_GROUNDED,0,0,0,0,0,0,0,0,0
OILPS_IOGP_SPI_0147,IOGP_SPI,"During seal replacement on a condensate pump, a valve was left open post-maintenance, leading to condensate 
release.",0,SOURCE_GROUNDED,0,0,0,0,0,0,0,0,0
OILPS_IOGP_SPI_0148,IOGP_SPI,"After bringing the well online following a frac hit, there was a release downstream of the 90-degree choke on the 
high-pressure separator.",0,SOURCE_GROUNDED,0,0,0,0,0,0,0,0,0
OILPS_IOGP_SPI_0149,IOGP_SPI,Cylinder valve cover on a compressor was ejected off allowing a release of gas through the open cylinder.,0,SOURCE_GROUNDED,0,0,0,0,0,0,0,0,0
OILPS_IOGP_SPI_0150,IOGP_SPI,"While bringing a compressor back online, a fire started at the front of the compressor.",0,SOURCE_GROUNDED,0,0,0,0,0,0,0,0,0
OILPS_IOGP_SPI_0151,IOGP_SPI,"While trenching to lay an electrical line, equipment contacted a high-pressure gas injection line.",0,SOURCE_GROUNDED,0,0,0,0,0,0,0,0,0
OILPS_IOGP_SPI_0152,IOGP_SPI,Leak found on pipeline during operator visit.,0,SOURCE_GROUNDED,0,0,0,0,0,0,0,0,0
OILPS_IOGP_SPI_0153,IOGP_SPI,Two heaters caught fire and sustained damage.,0,SOURCE_GROUNDED,0,0,0,0,0,0,0,0,0
OILPS_IOGP_SPI_0154,IOGP_SPI,"41.312 crude oil released, 32 bbls being in containment and 8.7 out. It happened because the seal on transfer pump 
blew out, right after a new one was installed on the same day as spill happened.",0,SOURCE_GROUNDED,0,0,0,0,0,0,0,0,0
OILPS_IOGP_SPI_0155,IOGP_SPI,"A fire incident occurred at the Central Tank Battery (CTB), with preliminary assessments indicating that the origin 
point was Lease Automatic Custody Transfer (LACT) unit Pump B. The ignition source remains undetermined at 
this time. The fire resulted in extensive damage to The LACT system, adjacent storage tanks, and MCC building. The 
estimated product involved with the incident is approximately 182 barrels of crude oil.",0,SOURCE_GROUNDED,0,0,0,0,0,0,0,0,0
OILPS_IOGP_SPI_0156,IOGP_SPI,"During an offshore cargo offloading operation, a leak was identified on a cargo pump and offloading was suspended. 
The pump was shut down, the receiving vessel was disconnected, and response actions were taken; an estimated 
volume of oil was released from the pump area.",0,SOURCE_GROUNDED,0,0,0,0,0,0,0,0,0
OILPS_IOGP_SPI_0157,IOGP_SPI,"During a walkthrough on the platform, a worker who was holding the position of Helper C perceived an abnormal 
noise near the fuel gas regulation package, which operates at 74 kg/cm². Upon inspecting the package, he identified 
the presence of gas in a 2” Ø x 600# line located on the mezzanine of the first level.
As he inspected the line more closely, he detected a loss of containment at the threaded connection between the 2” 
Ø x 600# line and the 2” x 600# coupling. He proceeded to tighten the 2” Ø coupling to the 2” Ø pipe, observing that 
the gas emission gradually decreased. Immediately afterward, the threaded coupling detached, leaving his left palm 
exposed to the gas coming out of the pipe.
He immediately informed the Control Room and secured the residual gas system. With support from the first aid 
brigade of the Processing Centre, he was transferred, conscious and walking on his own, from platform to the 
Processing Centre via lateral flight for medical attention.",0,SOURCE_GROUNDED,0,0,0,0,0,0,0,0,0
OILPS_IOGP_SPI_0158,IOGP_SPI,"The subsea support vessel reported that during ballast removal activities on the Line, diving personnel identified, 
during the 06:00 technical schedule, a loss of containment located 57 cm from the field joint.
Subsequently, while continuing cleaning activities for resizing, a second loss of containment was identified 25 
cm from the field joint, also in the direction of platform. Personnel from the platform carried out operational 
adjustments to reduce the operating pressure of the outlet pipeline from the platform to the terminal from 23 to 20 
kg/cm². The quantification of the iridescence area and volume is in progress, with environmental impact yet to be 
determined.",0,SOURCE_GROUNDED,0,0,0,0,0,0,0,0,0
OILPS_IOGP_SPI_0159,IOGP_SPI,"The worker, holding the position of Plant Specialist Operator, was splashed with hot liquid (amine). He was 
transported via regular flight to the hospital for evaluation by a specialist. His health condition is stable, and one day 
of medical leave was issued.",0,SOURCE_GROUNDED,0,0,0,0,0,0,0,0,0
OILPS_IOGP_SPI_0160,IOGP_SPI,"During a commissioning pressure test on newly installed equipment, the system failed to hold pressure. A field 
inspection identified a small leak from a tubing union fitting below a platform. The associated pump was shut down 
and the system pressure was safely relieved.",0,SOURCE_GROUNDED,0,0,0,0,0,0,0,0,0
OILPS_IOGP_SPI_0161,IOGP_SPI,"During late-afternoon operations, a small-diameter tubing connection failed resulting in a nitrogen release from 
a high-pressure nitrogen line. A nearby worker was startled by the sudden release and injured his shoulder while 
moving away from the area.",0,SOURCE_GROUNDED,0,0,0,0,0,0,0,0,0
OILPS_IOGP_SPI_0162,IOGP_SPI,"A fire occurred at the diesel pumping station caused by a product release due to high vibration from the pump’s 
mechanical seal at an operating temperature of 250-260°C.",0,SOURCE_GROUNDED,0,0,0,0,0,0,0,0,0
OILPS_IOGP_SPI_0163,IOGP_SPI,A water-clay-gas mixture blowout was observed to erupt from an abandoned onshore well.,0,SOURCE_GROUNDED,0,0,0,0,0,0,0,0,0
OILPS_IOGP_SPI_0164,IOGP_SPI,"Contractor personnel were performing a scheduled calibration of a flow meter in accordance with the preventive 
maintenance plan.
During the calibration process, the technician-initiated pressure stabilization by draining fluid through the 
designated drainage line. To enhance the drainage process, the technician also opted to use an additional line and 
proceeded to remove the plug at the end of that line.
Upon removal of the plug, an uncontrolled release of oil containing H2S occurred. Work was stopped immediately. 
Contractor workers H2S detectors activated, donned respirators and evacuated the area.",0,SOURCE_GROUNDED,0,0,0,0,0,0,0,0,0
OILPS_IOGP_SPI_0165,IOGP_SPI,"A sour gas release occurred at high pressure gas separator. The release occurred while business partners were 
removing a pressure safety valve for inspection and recertification. While cracking a flange, two workers were 
exposed to H2S. As a result, one worker lost consciousness, the other was exposed and became dizzy but remained 
conscious. The exposed workers were not wearing required Self-Contained Breathing Apparatus.",0,SOURCE_GROUNDED,0,0,0,0,0,0,0,0,0
OILPS_IOGP_SPI_0166,IOGP_SPI,"At 4:10 pm an emergency operator called to report that security, while patrolling the area, reported a gas smell 
along the road, at 100m distance from the Security gate. It was a fuel gas release from a 2” FG line during well 
preparation for MRM.",0,SOURCE_GROUNDED,0,0,0,0,0,0,0,0,0
OILPS_IOGP_SPI_0167,IOGP_SPI,"Oil patches were observed from the helicopter. Later it was confirmed that a leak had occurred from the subsea 20” 
pipeline.",0,SOURCE_GROUNDED,0,0,0,0,0,0,0,0,0
OILPS_IOGP_SPI_0168,IOGP_SPI,"Gas release occurred from 8” blinded flange on TEG contactor due to the degradation of incorrect designed rubber 
gasket left installed.",0,SOURCE_GROUNDED,0,0,0,0,0,0,0,0,0
OILPS_IOGP_SPI_0169,IOGP_SPI,"Personnel arrive at the gas pipeline in order to uncover two valves. The excavator begins digging until the pipe 
is identified, then proceeds to remove the metal flag. As the material is removed, the valve fails, releasing gas 
pressure.",0,SOURCE_GROUNDED,0,0,0,0,0,0,0,0,0
OILPS_IOGP_SPI_0170,IOGP_SPI,"During fibre optic installation work, an 8” pipe was broken by a backhoe excavator.",0,SOURCE_GROUNDED,0,0,0,0,0,0,0,0,0
OILPS_IOGP_SPI_0171,IOGP_SPI,"Gas leak in manifold (measurement bridge), in the plant during production bypass to different gas transport 
company. Subsequently, the plant shutdown and blowdown were executed, successfully stopping the leak.",0,SOURCE_GROUNDED,0,0,0,0,0,0,0,0,0
OILPS_IOGP_SPI_0172,IOGP_SPI,A gas leak occurred as a result of a crack in a nipple on the 4-inch line associated with the globe valve.,0,SOURCE_GROUNDED,0,0,0,0,0,0,0,0,0
OILPS_IOGP_SPI_0173,IOGP_SPI,"During normal operations, a failure occurred in the vent header drainage system, causing liquid carryover to the 
flare. No material damage or personal injuries were reported; only soil contamination was recorded in the area 
adjacent to the flare.",0,SOURCE_GROUNDED,0,0,0,0,0,0,0,0,0
OILPS_IOGP_SPI_0174,IOGP_SPI,"Loss of primary containment of petroleum through the safety vent of a tank, visually identified by the area operator. 
The event occurred during the release of heat exchanger, due to the alignment valve to tank remaining open.",0,SOURCE_GROUNDED,0,0,0,0,0,0,0,0,0
OILPS_IOGP_SPI_0175,IOGP_SPI,"During a routine water drainage operation on a LPG Sphere, the drain valve remained open, allowing LPG to be 
released through this pipeline.",0,SOURCE_GROUNDED,0,0,0,0,0,0,0,0,0
OILPS_IOGP_SPI_0176,IOGP_SPI,"Explosion and fire during a propane leak, resulting in burns to an employee who was performing routine activities in 
the laboratory. The source of the flammable gas comes from Process Unit, and is used to perform analyses of 100% 
evaporated LPG residue.",0,SOURCE_GROUNDED,0,0,0,0,0,0,0,0,0
OILPS_IOGP_SPI_0177,IOGP_SPI,"During the annulus damping operation, draining the gas from the annulus to the test plant and replacing it with 9.8 
ppg inhibited water-based complementary fluid, methane gas was detected on the deck through two gas sensors – 
one installed internally in the fan house (ventilation room) detected 100% of the LEL (lower explosive limit) of CH4 
and another externally, in an adjacent room, detected 55% of the LEL of CH4, these rooms that suck air to the stern 
port column and pontoon of the unit",0,SOURCE_GROUNDED,0,0,0,0,0,0,0,0,0
OILPS_IOGP_SPI_0178,IOGP_SPI,"On March 7th, 2025, the platform experienced a major process safety incident when the hinge pin of the dome 
on a Cargo Tank starboard catastrophically failed. The rupture of the hinge pin resulted in the complete loss of 
mechanical restraint of the dome, causing the dome cover to fully open and exposing the entire tank opening to 
atmosphere. This structural failure led to the uncontrolled release of a flammable gas mixture directly onto the deck.
The plant’s gas detection system was activated, initiating an emergency shutdown (ESD). Personnel were mustered 
in the accommodation module; however, a continuous flammable gas cloud was extending laterally across the full 
width of the platform, spanning from one side to the other. As a result, access to the muster location necessarily 
required personnel to pass through the flammable gas cloud.
The tanks were depressurized both through the fully open dome, which was already providing an unrestricted 
release path, and by remotely opening the vent stacks. Despite these depressurization measures, the uncontrolled 
release continued for nearly one hour, until the tanks were fully vented and pressure equalized with the atmosphere.
Fortunately, there were no injuries, fires, explosions, or environmental impacts. Nevertheless, production was 
halted, and personnel were exposed to significant risk due to the prolonged presence of a flammable atmosphere 
across the installation.",0,SOURCE_GROUNDED,0,0,0,0,0,0,0,0,0
OILPS_IOGP_SPI_0179,IOGP_SPI,"A severe industrial accident occurred on an offshore production platform during gas import operations. At the 
time, the platform was in the process of decommissioning, with most production systems already shut down and 
being readied for dismantling; only the gas import line remained operational to supply the power generator. On 
the morning of the incident, this last active pipeline ruptured after years of progressive corrosion, which developed 
specifically on its upper surface - an area exposed to salty water dripping through an unsealed opening between 
decks directly above. Because the line was installed in an elevated position, the most recent inspections did not fully 
address the upper side, allowing a localized, severe corrosion spot on the top of the pipe to go undetected. When the 
rupture finally occurred, a large volume of flammable gas was released and quickly ignited, resulting in a powerful 
jet fire and vapor cloud explosion. Multiple workers were injured, rescue efforts were hampered by equipment 
failures and communication problems, and the event resulted in significant material damage and evacuation of the 
platform.
Safety performance indicators – Process safety events – 2025 data
113

===PAGE_114===",0,SOURCE_GROUNDED,0,0,0,0,0,0,0,0,0
OILPS_IOGP_SPI_0180,IOGP_SPI,"During routine gas injection operations on an offshore production unit, a sudden drop in pressure and an increase 
in flow were detected in one of the flexible gas injection lines. Upon investigation, it was discovered that the line had 
ruptured at a deep-water connector, leading to an uncontrolled release of flammable gas mixture. The event did 
not result in injuries or environmental impact but caused significant material loss. Following the detection, the gas 
injection was manually stopped to contain the release, and remote inspections confirmed the subsea failure.",0,SOURCE_GROUNDED,0,0,0,0,0,0,0,0,0
OILPS_IOGP_SPI_0181,IOGP_SPI,"During a fluid recirculation operation between storage tanks, an unintended release of crude oil occurred into the 
sea. The operation aimed to measure hydrogen sulfide levels present in a slop tank, routing the fluid through an 
analyzer. It was later discovered that oil from the oil phase from the tank, had passed through the discharge system 
due to the failure in a valve, resulting in a significant environmental impact.",0,SOURCE_GROUNDED,0,0,0,0,0,0,0,0,0
OILPS_IOGP_SPI_0182,IOGP_SPI,"A significant release of flammable gas occurred in a subsea production system when the small-diameter pipe 
responsible for chemical injection instrumentation failed completely. The incident went initially unnoticed by 
automatic safety systems. The escape of gas was eventually discovered during scheduled activities using remotely 
operated equipment for another purpose. The event resulted in a discharge of a large volume of gas into the sea; no 
injuries or direct material impact were reported.",0,SOURCE_GROUNDED,0,0,0,0,0,0,0,0,0
OILPS_IOGP_SPI_0183,IOGP_SPI,"During a planned maintenance activity to replace fasteners on a gas injection pipeline, a high-pressure release of a 
flammable gas mixture occurred. The release happened as the maintenance crew attempted to perform a sequence 
of ‘hot bolting,’ a procedure involving the removal and replacement of bolts on a flange while the pipeline remained 
pressurized. Due to failures in procedural adherence and execution, the flange opened unexpectedly, resulting in a 
jet of cold, pressurized gas that struck workers, causing eye injuries and requiring urgent medical evacuation.",0,SOURCE_GROUNDED,0,0,0,0,0,0,0,0,0
OILPS_IOGP_SPI_0184,IOGP_SPI,"At approximately 05:45, a rupture occurred in a gas lift riser pipeline. Gas detectors on the unit identified the 
presence of a gas cloud, which triggered an emergency shutdown of the facility, resulting in the immediate halt of 
production operations. Personnel were promptly relocated to designated muster points as a precautionary measure.
Firefighting and oil recovery vessels were deployed to the site for monitoring and response. An emergency response 
structure was mobilized at the operations center. A subsea construction vessel equipped with a remotely operated 
vehicle (ROV) was assigned to inspect the risers on the offshore platform to identify the source of the leak.
Continuous monitoring of gas sensors confirmed that the gas detection had ceased. The rupture in the gas lift riser 
is currently under investigation. Further laboratory analysis of the damaged riser is required to determine the root 
cause, and the event remains under investigation pending these results.",0,SOURCE_GROUNDED,0,0,0,0,0,0,0,0,0
OILPS_IOGP_SPI_0185,IOGP_SPI,"A chemical operator was performing a transfer and dosing operation of a caustic product into a cooling water 
system in an industrial plant. During the disconnection of a hose used for product injection (in an improvised 
location), residual pressure caused the chemical to splash onto the operator’s face and over his protective coverall. 
In reaction, the operator jumped from a portable ladder (about 1.5 meters high), resulting in a twisted ankle in 
addition to the chemical burn. The worker received immediate first aid and required medical attention, leading to 
time off work.",0,SOURCE_GROUNDED,0,0,0,0,0,0,0,0,0
OILPS_IOGP_SPI_0186,IOGP_SPI,"During the maintenance activity to remove instrumentation from a gas export pipeline, a manual valve stem 
detached, leading to the release of flammable gas. The gas leak was detected by multiple gas sensors, prompting 
a manual emergency shutdown of the facility, which included depressurization procedures and safe evacuation of 
personnel. No injuries or environmental damage occurred, and the incident was managed according to emergency 
response protocols.",0,SOURCE_GROUNDED,0,0,0,0,0,0,0,0,0
OILPS_IOGP_SPI_0187,IOGP_SPI,"Night shift production supervisor was assisting projects instrumentation persons to put probe of Test separator 
outlet base sediment and water analyser in place as part of the equipment commissioning. During the operation, 
as reported in his statement all steps as per manual was followed. Unfortunately he encountered a few issues, the 
probe was very hard to handling/move. Finally, he decided to come down the stepladder and the same time the 
probe gland and trail dislodged from its original position resulting in crude oil leak on deck and splashed on the 
production supervisor’s body.",0,SOURCE_GROUNDED,0,0,0,0,0,0,0,0,0
OILPS_IOGP_FATAL_0188,IOGP_FATAL,"The release occurred on the well choke valve due to sand erosion. The combination of high water and sand 
production introduced complex fluid dynamics within the choke leading to erosion of the plug, preferential flow 
across the trim and erosion of the choke’s outlet body.",0,SOURCE_GROUNDED,0,0,0,0,0,0,0,0,0
OILPS_IOGP_FATAL_0189,IOGP_FATAL,"Crews were performing flange management on the water 16’’ and 18’ lines and installation of the blind flange on 
the 24’ overboard line for hydrotest. During the process, crew encountered a clash with an abandoned open 18’ line 
and started hot cutting the 18’ line to make room to install a blind flange. Fire broke out at worksite, resulting in 17 
people injured (including first aid cases) and 1 person missing.",0,SOURCE_GROUNDED,0,0,0,0,0,0,0,0,0
OILPS_IOGP_FATAL_0191,IOGP_FATAL,Worker died due to (allegedly) being hit by a surface test line while carrying out well surveillance work.,0,SOURCE_GROUNDED,0,0,0,0,0,0,0,0,0
OILPS_IOGP_FATAL_0192,IOGP_FATAL,"On 22 October 2025 at approximately 1615 hours, smoke alarm detectors were triggered in the engine room. 
Personnel on Board (POB) mustering and engine room reported one missing person. Emergency Response 
Team (ERT) deployed to the location and found one engine room operator unconscious, adjacent to steam plant. 
Additionally, there was sign of steam release found at site. Despite prompt medical attention by the onboard 
medical team, the individual was subsequently pronounced deceased. The affected equipment and piping were 
isolated.",0,SOURCE_GROUNDED,0,0,0,0,0,0,0,0,0
OILPS_IOGP_FATAL_0193,IOGP_FATAL,"The contractor worker, 50 years old, while performing activities on an 18” floating gate valve located at the inlet 
line to separator at the Gas Transportation Processing Centre, was struck by a metal element in the right front hip. 
He was transported to the clinic located outside the facility, where the on-duty physician declared him deceased at 
10:30 h.",0,SOURCE_GROUNDED,0,0,0,0,0,0,0,0,0
OILPS_IOGP_FATAL_0194,IOGP_FATAL,"Around 10 minutes into clearing/removal activities a high energy release occurred ejecting the contents of the 
piping assembly including the pig, fatally striking a contract worker in the head.",0,SOURCE_GROUNDED,0,0,0,0,0,0,0,0,0
OILPS_IOGP_FATAL_0195,IOGP_FATAL,"For the fuel gas pipeline was under preparation for cleaning pigging activity, contractor employees went to the 
location for cleaning pigging activity. During the process, an explosion (without fire) occurred, sand and carbon were 
scattered in the area. This led to the collapse of the valve pit along with its structure, resulting in one contractor 
employee fatality, one contractor employee injury (left leg ankle fracture) and damage to the property. The injured 
employees were shifted to company clinic and then to hospital. One contractor employee was declared dead by the 
hospital and another contractor employee was injured.",0,SOURCE_GROUNDED,0,0,0,0,0,0,0,0,0
OILPS_IOGP_SPI_0196,IOGP_SPI,Fire incident occurred at the lube oil breather valve on the crankcase of Gas Lift Compressor.,0,SOURCE_GROUNDED,0,0,0,0,0,0,0,0,0
OILPS_IOGP_SPI_0198,IOGP_SPI,"An incident occurred at NGL Loading Bay involving the overfilling of a truck and subsequent spill of NGL. The event 
resulted from the failure of the High-High level switch, which did not initiate the automatic system shutdown as 
designed. The abnormal condition was identified through CCTV monitoring, which revealed the product overflow. 
Immediate intervention was undertaken by activating the emergency shutdown push button, thereby halting loading 
operations.",0,SOURCE_GROUNDED,0,0,0,0,0,0,0,0,0
OILPS_IOGP_SPI_0201,IOGP_SPI,"Crew was killing the well with Axis Reverse Unit when the Axis Pump Hand appears to have engaged valves in 
the incorrect order allowing pressure to exit well bore through a disconnected 2” hose at the rig floor. Pressure 
estimated to be 600 psi. Loose end of hose whipped and struck one individual on the top of their hard hat.",0,SOURCE_GROUNDED,0,0,0,0,0,0,0,0,0
OILPS_IOGP_SPI_0202,IOGP_SPI,"A flash fire occurred during the demolition of internal components in the first-stage knockout drum (module C2) at 
the facility.
136
Safety performance indicators – Process safety events – 2025 data
===PAGE_137===",0,SOURCE_GROUNDED,0,0,0,0,0,0,0,0,0
OILPS_IOGP_SPI_0205,IOGP_SPI,"On 7th July 2025 at 15:03 hrs, a hydrocarbon gas release occurred onboard the FPSO from anti-surge valve (part 
of the gas compression system). Gas detectors were activated and an Emergency Shutdown Level 2 (ESD-2) was 
triggered, resulting in a full production shutdown. The Emergency Response Team confirmed stem leakage on the 
anti-surge valve.
The valve was isolated and inspected. Only remnants of stem packing were found. A temporary in-situ repair 
was attempted using graphite split and braided rings, but the installation sequence was incorrect. The valve was 
therefore not leak-tested and sent onshore for further assessment.",0,SOURCE_GROUNDED,0,0,0,0,0,0,0,0,0
OILPS_IOGP_SPI_0208,IOGP_SPI,"During hot work activities to replace process lines, the flange of a service water line was broken. This resulted in a 
release of water followed by a hydrocarbon/water emulsion. There was no CO/LEL detected and the material was 
removed by flushing with service water. Despite a very minor, intermittent liquid release (droplets) from the open 
line, work activities continued to cut an upstream service water line. About 10-15 minutes later, a fire ignited from 
the open process nozzle.
142
Safety performance indicators – Process safety events – 2025 data
===PAGE_143===",0,SOURCE_GROUNDED,0,0,0,0,0,0,0,0,0
OILPS_IOGP_SPI_0209,IOGP_SPI,"A 1 inch thermal isolator coupling failed on a line that is used to mount an ultraviolet light flame detector to the hot 
oil heater. After the coupling failed, 
the detector separated, and the released hydrocarbons ignited within the burner chamber. This triggered 2 
independent Infrared flame detectors alarming causing a unit shutdown and ultimately cascaded to an emergency 
shut down (including blowdown). As designed, the local hot oil heater deluge and foam system successfully 
activated. No personnel were injured from this event.",0,SOURCE_GROUNDED,0,0,0,0,0,0,0,0,0
OILPS_IOGP_SPI_0210,IOGP_SPI,"During station shutdown, while troubleshooting on the Emergency Shut Down (ESD) actuator valve to reconfirm 
either it’s opened or closed for readiness of purging activity by bleeding N2 supply to close the ESD actuator valve. 
They reintroduced N2 again to the actuator to open the valve to see whether the indicator of ESD valve change to 
open position. However, the introduction of N2 caused the actuator end cap ejected.",0,SOURCE_GROUNDED,0,0,0,0,0,0,0,0,0
OILPS_IOGP_SPI_0211,IOGP_SPI,"During Booster compressor (BC) commissioning, the operator observed a smoldering fire in the engine exhaust 
elbow. The operator immediately shut down the BC unit and extinguished the fire using a portable extinguisher.",0,SOURCE_GROUNDED,0,0,0,0,0,0,0,0,0
OILPS_IOGP_SPI_0215,IOGP_SPI,"A gas leak was detected from the BV bypass of the liquid filter due to a flange plug snapping out. The leak was 
successfully stopped, the area was declared safe, and all necessary safety protocols were followed. Operations 
resumed as normal. No injuries or damage/loss occurred as a result of this release.
Safety performance indicators – Process safety events – 2025 data
147

===PAGE_148===",0,SOURCE_GROUNDED,0,0,0,0,0,0,0,0,0
OILPS_IOGP_SPI_0217,IOGP_SPI,"During preparations to install and test a blowout preventer (BOP) on a re-entry well, a downhole isolation 
arrangement was in place and surface checks indicated no pressure. While the work sequence was progressing 
toward BOP pressure/function testing, the well flowed and released steam and reservoir fluids to surface. 
Personnel evacuated the immediate area and the well was shut in using the BOP blind rams; the release lasted 
approximately four minutes.",0,SOURCE_GROUNDED,0,0,0,0,0,0,0,0,0
OILPS_IOGP_SPI_0219,IOGP_SPI,"A manual emergency shutdown was initiated following a report of a valve flange leakage in a relief line to the flare 
header. Investigation after shutdown concluded that the flange fasteners were under-torqued.",0,SOURCE_GROUNDED,0,0,0,0,0,0,0,0,0
OILPS_IOGP_SPI_0220,IOGP_SPI,"During the movement of the workover rig truck from one well to another, the rear tyre on one of the truck’s axles 
completely detached, resulting in an impact with the injection line of a well, with no visible damage.",0,SOURCE_GROUNDED,0,0,0,0,0,0,0,0,0
OILPS_OSHA_03315,OSHA,"An employee was rotating a lifted bonnet when their finger was pinched between the fork and valve, resulting in a right middle fingertip amputation.",0,PROJECT_ANNOTATED_AI_ASSISTED,0,0,0,0,0,0,0,0,0
OILPS_OSHA_03450,OSHA,An employee was refueling a pump when a flash fire occurred and burned the employee's left arm. The employee was hospitalized.,1,PROJECT_ANNOTATED_AI_ASSISTED,0,0,0,0,1,0,0,0,0
OILPS_OSHA_03931,OSHA,"Employees were working to re-install a 500-pound shear cylinder (20 x 40 ). They took the cylinder off a pallet and laid it vertically on the ground. Using nylon straps, they rigged the cylinder through eyelets to lift it with a forklift and place it back in the machine. The injured employee grabbed the cylinder and went to rotate it. The cylinder tipped over and landed on the injured employee's leg, fracturing bones in their lower leg and foot. The employee was hospitalized and required surgery.",1,PROJECT_ANNOTATED_AI_ASSISTED,0,0,0,0,0,0,1,0,0
OILPS_OSHA_01215,OSHA,"An employee was filling a tanker trailer with used oil that was being pumped from a larger stationary tank. He climbed the trailer-mounted ladder to open the dome hatch to check on the filling process. When he released one of the dome hatch cover clips, the lid was blown open from built-up pressure inside the tank. He was thrown from the ladder to the ground, hitting his head and neck and requiring hospitalization.",2,PROJECT_ANNOTATED_AI_ASSISTED,0,0,0,1,0,0,0,0,1
OILPS_OSHA_01341,OSHA,"An employee was using an air hose to blow air through a waterline to a well when the hose came loose from the strap that secured it to the water pump. The end of the hose struck the employee's left shoulder area, fracturing his collarbone.",0,PROJECT_ANNOTATED_AI_ASSISTED,0,0,0,0,0,0,0,0,0
OILPS_OSHA_00367,OSHA,An employee was working on a heater when the fuel gas system detonated and caused a flash fire. The employee was burned on the right side of the face and ear.,1,PROJECT_ANNOTATED_AI_ASSISTED,0,0,0,0,1,0,0,0,0
OILPS_OSHA_00779,OSHA,An employee was hospitalized after sustaining an electrical shock while unscrewing a light bulb on a training rig.,0,PROJECT_ANNOTATED_AI_ASSISTED,0,0,0,0,0,0,0,0,0
OILPS_OSHA_02280,OSHA,"Employees were at site to plug a well and were pulling casing from the well and laying them on a skid. An employee who was standing on a metal bench/stool lost his footing. The case fell off the rack and struck him in the right leg, breaking his tibia and fibula. He was hospitalized and had surgery.",0,PROJECT_ANNOTATED_AI_ASSISTED,0,0,0,0,0,0,0,0,0
OILPS_OSHA_02559,OSHA,"An employee was lowering a transfer hose between two liquid cargo barges. The winch started to free-spool and the hand crank came out of its seat. The employee was putting the hand crank back in to stop the winch from free-spooling, when the gears on the winch caused a partial amputation of a finger on the right hand and a fracture.",1,PROJECT_ANNOTATED_AI_ASSISTED,0,0,0,0,0,0,1,0,0
OILPS_OSHA_01198,OSHA,"An employee was using a forklift to move a bale, weighing approximately 1000 lbs., to a c-can for storage. When the employee unsecured the bale from the forklift, the bale fell off the forklift and onto the employee, fracturing his ankles.",1,PROJECT_ANNOTATED_AI_ASSISTED,0,0,0,0,0,0,1,0,0
OILPS_OSHA_03194,OSHA,"A crane's auxiliary line was tangled with its anti-two-block device's weight. An employee pulled on the line to free it; the slack released, and his left little fingertip was caught between the weight and the line. The fingertip was amputated.",1,PROJECT_ANNOTATED_AI_ASSISTED,0,0,0,0,0,0,1,0,0
OILPS_OSHA_00042,OSHA,At 9:00AM an employee was working on an oil field energy services tanker removing a camlock cap. Pressure was on the cap when it was removed. It blew off and struck the employee in the face injuring his jaw and damaging his teeth. The employee was transferred to different hospitals before receiving treatment. The employee was hospitalized one night in Bismarck.,1,PROJECT_ANNOTATED_AI_ASSISTED,0,0,0,1,0,0,0,0,0
OILPS_OSHA_03559,OSHA,"An employee was drawing off an asphalt cement sample when the hot asphalt splashed onto the employee's face, resulting in burns.",0,PROJECT_ANNOTATED_AI_ASSISTED,0,0,0,0,0,0,0,0,0
OILPS_OSHA_03082,OSHA,An employee was moving a welding machine when it tipped over and crushed the fingers on his right hand. Part of a finger was medically amputated.,1,PROJECT_ANNOTATED_AI_ASSISTED,0,0,0,0,1,0,0,0,0
OILPS_OSHA_03143,OSHA,An employee was handling a hydraulic skid cylinder using a forklift. His left hand was pinched between the cylinder pad eye and the skid guide slots. He suffered partial amputations to the ring and middle fingers.,1,PROJECT_ANNOTATED_AI_ASSISTED,0,0,0,0,0,0,1,0,0
OILPS_OSHA_01834,OSHA,"An employee was trying to re-light the pilot light on a combustor. It failed to ignite, then ignited when the door to the box was opened. A flash fire burned the employee's hands and face.",1,PROJECT_ANNOTATED_AI_ASSISTED,0,0,0,0,1,0,0,0,0
OILPS_OSHA_01053,OSHA,"An employee was welding a 10-inch pipe when the jack stand that was supporting the pipe sank into the ground, causing the pipe to strike and break the employee's left femur.",1,PROJECT_ANNOTATED_AI_ASSISTED,0,0,0,0,1,0,0,0,0
OILPS_OSHA_04229,OSHA,An employee was testing a breaker that energizes a dryer when the breaker tripped. There was a propane leak from the dryer that went into the conduit and bypassed the conduit sealer that was connected to a Motor Control Center (MCC). The employee contacted the control board and instructed them turned on the dryer when the MCC exploded. The employee sustained an injury and the amputation of his right foot.,2,PROJECT_ANNOTATED_AI_ASSISTED,1,0,0,1,0,0,0,0,0
OILPS_OSHA_00158,OSHA,"An employee was adjusting a belt on a power washer. While checking the tension, the pump turned back on. This kicked the wrench away from the employee's hand and pulled his hand into the machine. His right little fingertip was amputated, and his right thumb was lacerated.",0,PROJECT_ANNOTATED_AI_ASSISTED,0,0,0,0,0,0,0,0,0
OILPS_OSHA_03590,OSHA,"On November 29, 2023, a digger derrick truck pulled an existing utility pole vertically out of the ground. After maneuvering the pole around an obstruction, the base of the pole was lowered. The operator of the digger derrick then released the pole tongs on top of the pole to begin lowering the pole to the ground using the winch line. As the pole approached the position where the chain would be readjusted to a center balance position, the pole kicked out at the base, striking an employee's right leg. The employee was hospitalized with fractures to their tibia and fibula.",3,PROJECT_ANNOTATED_AI_ASSISTED,0,0,1,0,0,0,1,0,1
OILPS_OSHA_02688,OSHA,"A hoist was being used to move a 700 lbs. object. While holding a chain to help direct the object, an employee tripped and was struck by the object. The employee suffered a head/scalp injury, an injury to the left hand, and a left pinky finger injury. The employee required surgery for all injuries.",2,PROJECT_ANNOTATED_AI_ASSISTED,0,0,0,0,0,1,1,0,0
OILPS_OSHA_03277,OSHA,"On December 12, 2022, an employee was tying over a gas line using an impact gun when the gun caused sparks that resulted in a flash fire. The employee suffered burns to their face and hands.",1,PROJECT_ANNOTATED_AI_ASSISTED,0,0,0,0,1,0,0,0,0
OILPS_OSHA_02405,OSHA,"Employees were working to remove and change the air swivel on the down the hole hammer (DTH) machine. They were using a 60"" pipe wrench weighing 60lbs. to loosen the drill steel by over-torqueing the pipe wrench and wedging it against the mast while rotating the drill steel in a counter direction. After some attempts, the DTH operator approached to help Employee 2. The drill then rotated and the pipe wrench contacted the right side of Employee 2's face, knocking him to the ground. The wrench then struck the DTH operator on the hard hat. Both employees were taken to the hospital. The DTH operator was released from the hospital after an evaluation. Employee 2 was hospitalized with multiple fractures to his jaw and cheek bone on the right side of the face.",1,PROJECT_ANNOTATED_AI_ASSISTED,0,0,0,0,0,0,0,0,1
OILPS_OSHA_02197,OSHA,Two employees were moving a 2-inch iron pipe to their acid pump truck when the injured employee's right ring finger was caught between the pipe and the pipe rack it rested on. He suffered an open fracture to the fingertip.,2,PROJECT_ANNOTATED_AI_ASSISTED,0,0,1,0,0,0,0,1,0
OILPS_OSHA_00208,OSHA,"An employee suffered an amputation injury while rigging up a top drive at or near Parshall, North Dakota.",1,PROJECT_ANNOTATED_AI_ASSISTED,0,0,0,0,0,0,1,0,0
OILPS_OSHA_02211,OSHA,"An employee was attempting to close a manual valve after flushing a hydraulic choke. When the manual valve would not close, he went to retrieve a tool (wrench) to help close the valve and tripped over a flow line. He fell to the ground and broke his left arm.",1,PROJECT_ANNOTATED_AI_ASSISTED,0,0,0,1,0,0,0,0,0
OILPS_OSHA_03919,OSHA,An employee was walking back to the office when they tripped on a Christmas tree storage bag and fell to the floor. The employee sustained fractures to their clavicle and humerus.,0,PROJECT_ANNOTATED_AI_ASSISTED,0,0,0,0,0,0,0,0,0
OILPS_OSHA_01996,OSHA,At approximately 4:30 p.m. there was an explosion and fire while starting up a unit at a refinery. One employee was burned on the face.,1,PROJECT_ANNOTATED_AI_ASSISTED,0,0,0,0,1,0,0,0,0
OILPS_OSHA_02642,OSHA,An employee was retrieving boxes from the roof of an interior lab/office. The employee fell through the roof approximately 10 feet to the floor below. The employee suffered a fractured left femur and patella as well as head lacerations.,1,PROJECT_ANNOTATED_AI_ASSISTED,0,0,0,0,0,0,0,0,1
OILPS_OSHA_01816,OSHA,"Between 9:00 and 10:00 a.m. on October 3, 2018, an employee was guiding the butt of a wooden electrical pole, which was being lifted by the winch of a digger derrick. The employee's neck came into contact with the pole as it was being grabbed by the pole claws; the top of the pole moved into (or close to) overhead high-voltage electrical lines. The employee suffered a 69,000-volt electrical shock down the body and out his foot.",2,PROJECT_ANNOTATED_AI_ASSISTED,0,0,0,0,0,0,1,0,1
OILPS_OSHA_03848,OSHA,"During fuel delivery to bulk storage tanks from a tanker truck, fuel vapors met with an ignition source, causing the service station attached to the diked tank area to explode and set all seven fuel storage tanks in the diked area on fire. One tank over pressurized from the fire and exploded, propelling the tank into the next property. The two employees on site received severe burns to their face and body from the explosion and were hospitalized.",2,PROJECT_ANNOTATED_AI_ASSISTED,0,0,1,0,1,0,0,0,0
OILPS_OSHA_03204,OSHA,An employee was run over by a telehandler. The employee suffered a broken pelvis and was hospitalized.,1,PROJECT_ANNOTATED_AI_ASSISTED,0,0,0,0,0,0,1,0,0
OILPS_OSHA_02824,OSHA,An employee was filling forklift cylinders with propane gas when the nozzle connected to the cylinder released and the employee was burned by the propane gas.,1,PROJECT_ANNOTATED_AI_ASSISTED,0,0,0,0,0,0,1,0,0
OILPS_OSHA_01181,OSHA,"An employee was attempting to replace a gasket in a valve on a separator trailer when he fell and struck a tire rim that was on the ground, breaking ribs and suffering spleen damage.",1,PROJECT_ANNOTATED_AI_ASSISTED,0,1,0,0,0,0,0,0,0
OILPS_OSHA_00353,OSHA,An employee fractured his hand while connecting a trailer when his hand got caught in the trailer's hydraulic cylinder.,1,PROJECT_ANNOTATED_AI_ASSISTED,0,0,0,0,0,1,0,0,0
OILPS_OSHA_00543,OSHA,"An employee in a bucket truck was dismantling powerlines when he was electric shocked, suffering burns to both hands. He was hospitalized overnight.",1,PROJECT_ANNOTATED_AI_ASSISTED,0,0,1,0,0,0,0,0,0
OILPS_OSHA_01229,OSHA,"An employee fell while installing safety clamps. During the fall, the employee's left pinky finger was caught and partially amputated between a safety clamp and a pipe.",0,PROJECT_ANNOTATED_AI_ASSISTED,0,0,0,0,0,0,0,0,0
OILPS_OSHA_02622,OSHA,An employee was taking pressure readings on a hull when his right foot fell into the hull opening where grating had been removed. The employee was hospitalized with broken ribs and torn tissue in his knee.,1,PROJECT_ANNOTATED_AI_ASSISTED,0,0,0,1,0,0,0,0,0
OILPS_OSHA_02720,OSHA,An employee was acting as a ground guide for a vehicle as it backed up. The vehicle struck him and broke his left tibia and fibula.,1,PROJECT_ANNOTATED_AI_ASSISTED,0,0,1,0,0,0,0,0,0
OILPS_OSHA_02343,OSHA,An employee suffered a 480-volt shock while investigating a power outage in a production area.,0,PROJECT_ANNOTATED_AI_ASSISTED,0,0,0,0,0,0,0,0,0
OILPS_OSHA_03637,OSHA,"An employee was attempting to clear blockage from a clogged line when a valve closed on his left middle fingertip, resulting in an amputation.",1,PROJECT_ANNOTATED_AI_ASSISTED,0,0,0,1,0,0,0,0,0
OILPS_OSHA_02495,OSHA,"An employee was acting as a spotter for the loading of a rig pump. The employee tried to remove a pin that was in the way of the resting point of the pump and his right thumb was caught in a pinch point, resulting in an amputation of the thumb at the first knuckle.",1,PROJECT_ANNOTATED_AI_ASSISTED,0,0,0,0,0,1,0,0,0
OILPS_OSHA_03828,OSHA,"An employee was setting time to the gear. The employee was manually rotating the upper gear when his left ring and little fingers were crushed between the upper and lower gears, resulting in distal amputations.",0,PROJECT_ANNOTATED_AI_ASSISTED,0,0,0,0,0,0,0,0,0
OILPS_OSHA_03521,OSHA,"Employees were at a closed 3-inch loop pipe to test meters. The system had a leak and the injured employee went to fix it. The injured employee was removing a valve when he was struck in the head with approximately 50 psi of air pressure. He was knocked into a chain link fence, sustained a concussion and had a seizure due to the injury. He was hospitalized.",1,PROJECT_ANNOTATED_AI_ASSISTED,0,0,0,1,0,0,0,0,0
OILPS_OSHA_00660,OSHA,"An employee exited the rear of a flatbed semi-trailer onto an unpaved county road, and fractured his left tibia and was hospitalized.",0,PROJECT_ANNOTATED_AI_ASSISTED,0,0,0,0,0,0,0,0,0
OILPS_OSHA_01253,OSHA,"A crew was attempting to line up a catwalk with a vee-door. An employee's left hand was resting on the catwalk. The employee signaled the driller on the controls to move the catwalk. The vee-door, which was resting on the catwalk, then shook free and swung down, smashing the employee's left pinky finger.",0,PROJECT_ANNOTATED_AI_ASSISTED,0,0,0,0,0,0,0,0,0
OILPS_OSHA_00983,OSHA,"An employee had entered a confined space in a reactor when he slipped on catalyst support media. As he fell, catalyst support beams (fire brick stacks) weighing approximately 80 to 100 pounds also fell and struck his legs, fracturing his right ankle, right fibula, and left fibula.",1,PROJECT_ANNOTATED_AI_ASSISTED,0,1,0,0,0,0,0,0,0
OILPS_OSHA_00037,OSHA,"Employee was injured while performing a ""cold cut"" on a 6"" metal pipe of a gathering system. Employee was burned on the face, both arms, and knees. Employee was using a striker from the welding equipment and possibly ignited natural gas.",1,PROJECT_ANNOTATED_AI_ASSISTED,0,0,0,0,1,0,0,0,0
OILPS_OSHA_00193,OSHA,"An employee suffered an amputation injury when a valve slipped and pinched the employee's finger between the valve and the frame of the truck at or near Micahlucas 2-5H in Dunn County, North Dakota.",1,PROJECT_ANNOTATED_AI_ASSISTED,0,0,1,0,0,0,0,0,0
OILPS_OSHA_01608,OSHA,An employee was performing rigging down to move the rig and began experiencing symptoms of heat-related illness including cramps.,1,PROJECT_ANNOTATED_AI_ASSISTED,0,0,0,0,0,0,1,0,0
OILPS_OSHA_03735,OSHA,An employee was connecting pipe when they missed stabbing the pipe into the stump and the drill kept moving downward. The pipe casing then bowed and struck him in the face. The employee sustained a fracture.,0,PROJECT_ANNOTATED_AI_ASSISTED,0,0,0,0,0,0,0,0,0
OILPS_OSHA_03753,OSHA,"An employee was installing a safety cable on a flowline during a drilling operation. A forklift operator manipulated the boom to allow some slack in the strap to set the flowline box in the flowline trough. The employee had his hands on the strap to manipulate the box and set it down in the flowline trough. His left foot was forward while attempting to gain leverage when the flowline box shifted and struck his left foot and ankle area, resulting in a laceration to the top of his foot requiring hospitalization.",2,PROJECT_ANNOTATED_AI_ASSISTED,0,0,0,1,0,0,1,0,0
OILPS_OSHA_01473,OSHA,"An employee was taking samples and reading gauges when the sight glass blew out on a flake caustic line. The blow-out caused lacerations to the employee's arm, face, and chest and chemical burns to his face and right hand.",1,PROJECT_ANNOTATED_AI_ASSISTED,0,0,0,0,0,0,0,1,0
OILPS_OSHA_01328,OSHA,"An employee was removing a fitting from an accumulator. Pressure was still in the safety bottle at the time. When he got down to the final threads, the fitting blew off, striking him in the face and neck. He suffered a facial contusion, orbital fracture, eye hematoma, and eyelid and neck lacerations.",1,PROJECT_ANNOTATED_AI_ASSISTED,0,0,0,1,0,0,0,0,0
OILPS_OSHA_01828,OSHA,"An employee was operating an iron roughneck while moving drill pipes when a pipe struck his fingers against the iron roughneck's control box, resulting in a partial amputation of the left ring fingertip. The employee's hand was outside the equipment at the time of the incident.",0,PROJECT_ANNOTATED_AI_ASSISTED,0,0,0,0,0,0,0,0,0
OILPS_OSHA_02147,OSHA,"An employee was working with another employee on top of an oil storage tank at a field site, dismantling piping and attachments to the tank. They had removed a piece of 4-inch vent piping and were attempting to throw the pipe to the ground. While they were throwing the pipe from the tank top, the pipe caught the harness of the injured employee, causing him to fall 15 feet to the ground. He broke his right wrist and pelvis. The employee's fall protection harness was not tied off at the time of the incident.",1,PROJECT_ANNOTATED_AI_ASSISTED,0,0,0,0,0,0,0,0,1
OILPS_OSHA_02403,OSHA,An employee sustained an electrical shock from an overhead line as he was leaving a lease road.,0,PROJECT_ANNOTATED_AI_ASSISTED,0,0,0,0,0,0,0,0,0
OILPS_OSHA_00506,OSHA,An employee received an injury to the right middle finger that required surgery and hospitalization. The employee's finger was caught between a pump plunger and the catwalk when the pump plunger fell to the catwalk.,0,PROJECT_ANNOTATED_AI_ASSISTED,0,0,0,0,0,0,0,0,0
OILPS_OSHA_02468,OSHA,"Employees were working to remove a blow-out preventer (BOP) by dragging it with a tandem bed truck on the BOP skid from between two rig subs during rig-down operations. An employee was spotting the BOP skid as it was being pulled out by a tandem bed truck so it did not contact the rig sub's cylinders. He was standing on each side of the BOP skid directly beside the gas well cellar that the BOP had been removed from in order to watch the skid pass the cylinders and communicate with the bed truck operator as he pulled the skid away from the spotters. At the time, the well cellar guards had been removed from around the BOP, as is required to disconnect the BOP and lay it over on the skid. The employee stepped back into the cellar opening and fell 4 feet down onto a metal work platform and toe board, resulting in a broken collar bone, broken ribs, and a punctured lung.",2,PROJECT_ANNOTATED_AI_ASSISTED,0,0,1,0,0,0,0,0,1
OILPS_OSHA_03150,OSHA,"On the morning of July 21, 2022, two employees were at a stacked rig, removing 4-inch high-pressure piping. They began to break the nuts loose on the saddle clamp bolts under the valve tree. As they were breaking loose the last nut, the piping suddenly rotated in the saddle clamp and the transducer valve tree (about 4 feet tall, weighing 250 pounds) pivoted 90 degrees toward the ground and landed on one of the employees. The hammer union ears at the top of the valve tree struck him in the middle of the shoulder and back, causing contusions.",1,PROJECT_ANNOTATED_AI_ASSISTED,0,0,0,1,0,0,0,0,0
OILPS_OSHA_03336,OSHA,"An employee was doing welding work on a cylinder. The cylinder fell from a skid frame. As the employee went to catch it, it partially amputated the bottom of his left middle finger.",2,PROJECT_ANNOTATED_AI_ASSISTED,0,0,0,0,1,0,0,0,1
OILPS_OSHA_01666,OSHA,An employee was working in an area with an open-ended line when hot steam/water splashed on his back.,0,PROJECT_ANNOTATED_AI_ASSISTED,0,0,0,0,0,0,0,0,0
OILPS_OSHA_01419,OSHA,An employee was moving a large job site tool. The tool fell and caught his right hand resulting in amputation of the pinky fingertip.,0,PROJECT_ANNOTATED_AI_ASSISTED,0,0,0,0,0,0,0,0,0
OILPS_OSHA_01634,OSHA,"An employee was steadying a road boring machine as it was loaded onto the back of a truck. The employee's right index finger was in a pinch point when the machine was lowered onto the finger, crushing it and requiring a medical amputation.",2,PROJECT_ANNOTATED_AI_ASSISTED,0,0,1,0,0,1,0,0,0
OILPS_OSHA_02831,OSHA,"During routine maintenance of the bonnet end cap on a blowout preventer, the cap fell and smashed an employee's right ring finger against another ram bonnet. The finger was amputated.",1,PROJECT_ANNOTATED_AI_ASSISTED,0,0,0,1,0,0,0,0,0
OILPS_OSHA_03652,OSHA,An employee was working to set a drive pin on an S-hook so a forklift could pick up a part and bring it to the paint department. The employee's left middle finger was pinched between the pin and the S-hook resulting in a partial amputation.,1,PROJECT_ANNOTATED_AI_ASSISTED,0,0,0,0,0,0,1,0,0
OILPS_OSHA_04164,OSHA,"An employee was watching the landing joint being lowered into the rotary table when it clipped the slip bowl, causing the slip bowl to flip over and strike the employee's legs. The employee's right femur was fractured and they sustained a fracture to the left leg below the knee. The employee was hospitalized.",0,PROJECT_ANNOTATED_AI_ASSISTED,0,0,0,0,0,0,0,0,0
OILPS_OSHA_03002,OSHA,"An employee was troubleshooting a compressor that had shut down. The employee believed that a 1-inch choke nipple was plugged and drained fluids via the dump line to check the choke nipple. The employee then loosened a union and a flash fire occurred, burning the employee's hands and face.",2,PROJECT_ANNOTATED_AI_ASSISTED,0,0,0,1,1,0,0,0,0
OILPS_OSHA_02145,OSHA,"An employee was working on the controller drive for the down hole equipment when he received an electrical shock, resulting in burns to the right thumb and left forearm and face.",0,PROJECT_ANNOTATED_AI_ASSISTED,0,0,0,0,0,0,0,0,0
OILPS_OSHA_03342,OSHA,"While working at a fueling station, an employee was inside an underground sump hole with safety cones blocking off the area. He stood up in preparation to get out of the hole when a truck drove over the hole. The wheel of the vehicle was stuck in the hole and trapped the employee against the inside of the hole, putting pressure on the employee's upper torso.",2,PROJECT_ANNOTATED_AI_ASSISTED,0,0,1,1,0,0,0,0,0
OILPS_OSHA_00407,OSHA,"An employee removed a blow out preventer (BOP) from a well head. The BOP was suspended by the rig. While suspended, the BOP started rotating catching the employee's left ring fingertip between the BOP and the stationary well head resulting in amputation.",0,PROJECT_ANNOTATED_AI_ASSISTED,0,0,0,0,0,0,0,0,0
OILPS_OSHA_00771,OSHA,"An employee was working on the ground aligning the bottom of a 13 3/8"" casing joint into the drilling rig v-door by hand. A winch on the rig floor was lifting the joint top through the v-door. The winch line was lowered causing the bottom of the pipe to slide into the injured employee's left foot resulting in a compound ankle fracture.",1,PROJECT_ANNOTATED_AI_ASSISTED,0,0,0,0,0,0,1,0,0
OILPS_OSHA_03216,OSHA,"An employee was offloading asphalt from a truck to a tank. As the system was pressurized, hot asphalt struck the employee in the face and chest. The employee suffered burns to the face and chest, as well as a broken sternum and ribs. The employee was hospitalized.",1,PROJECT_ANNOTATED_AI_ASSISTED,0,0,1,0,0,0,0,0,0
OILPS_OSHA_04122,OSHA,"On July 17, 2925, an employee was working on a computer inside a vehicle when they began experiencing symptoms of carbon monoxide poisoning, resulting in hospitalization.",1,PROJECT_ANNOTATED_AI_ASSISTED,0,0,1,0,0,0,0,0,0
OILPS_OSHA_00603,OSHA,An employee was injured when condensate spontaneously released while the employee was starting up a coker.,0,PROJECT_ANNOTATED_AI_ASSISTED,0,0,0,0,0,0,0,0,0
OILPS_OSHA_01949,OSHA,"An employee was walking in packed snow when the employee slipped and fell to the ground, suffering a fractured right femur.",0,PROJECT_ANNOTATED_AI_ASSISTED,0,0,0,0,0,0,0,0,0
OILPS_OSHA_00982,OSHA,"While loading water from a pipeline into a trailer, an employee was struck by a pipeline pig that ejected out of the pipeline. The employee suffered a broken ankle and leg.",1,PROJECT_ANNOTATED_AI_ASSISTED,0,0,0,0,0,1,0,0,0
OILPS_OSHA_00908,OSHA,"On February 19, 2017, an employee slid down a containment mat and struck a pressure gauge on the wellhead while attempting to pull slack in a wire line. He suffered a rib injury that required hospitalization.",1,PROJECT_ANNOTATED_AI_ASSISTED,0,0,0,1,0,0,0,0,0
OILPS_OSHA_03507,OSHA,An employee was mixing mud when he began to feel dizzy due to dehydration from the heat.,0,PROJECT_ANNOTATED_AI_ASSISTED,0,0,0,0,0,0,0,0,0
OILPS_OSHA_02736,OSHA,"An employee was attempting to adjust the housing on the tip of a spray gun when the trigger was engaged, causing the ceramic coating to go through the employee's glove into his left index finger, resulting in an injury that required surgery.",0,PROJECT_ANNOTATED_AI_ASSISTED,0,0,0,0,0,0,0,0,0
OILPS_OSHA_00013,OSHA,"At the facility shop area, an employee tripped over his feet and fell on an industrial sized valve stem used in hydrofracking (a piece of sharp equipment) and lacerated his abdomen. This injury required hospitalization for two days.",0,PROJECT_ANNOTATED_AI_ASSISTED,0,0,0,0,0,0,0,0,0
OILPS_OSHA_02738,OSHA,"The sheaves of the crane were frozen due to ice and snow conditions, which caused a backlash with the auxiliary cable of the crane. The operator attempted to straighten out the backlash on the superstructure near the drum. The frozen sheave freed itself, allowing the cable to run, and the operator's right arm got tangled in the cable. The operator sustained an open fracture of the humerus and a dislocation of the radius.",1,PROJECT_ANNOTATED_AI_ASSISTED,0,0,0,0,0,0,1,0,0
OILPS_OSHA_01557,OSHA,"An employee had unstrapped some downhole tools that were brought to a wellsite. While another employee was going to get a forklift, the load shifted and smashed his finger between the load and the rub rail, resulting in a finger amputation.",1,PROJECT_ANNOTATED_AI_ASSISTED,0,0,0,0,0,0,1,0,0
OILPS_OSHA_03569,OSHA,"Two employees were removing residual hot mix asphalt with a torch inside a silo before mixing a new batch of asphalt. The asphalt became hot enough to ignite fumes inside the silo, which resulted in a flash fire. Both employees sustained burns to their hands, arms, and face.",1,PROJECT_ANNOTATED_AI_ASSISTED,0,0,0,0,1,0,0,0,0
OILPS_OSHA_01306,OSHA,"On 11/16/2017, two employees were attempting to clear a hydrate formation in a gas pipeline at a tank battery when flammable gases and vapors ignited, causing significant burns to both employees.",1,PROJECT_ANNOTATED_AI_ASSISTED,0,0,0,0,1,0,0,0,0
OILPS_OSHA_00818,OSHA,"An employee was working on the rig floor when a traveling block fell and struck him, fracturing his clavicle and ribs.",0,PROJECT_ANNOTATED_AI_ASSISTED,0,0,0,0,0,0,0,0,0
OILPS_OSHA_03246,OSHA,"An employee was driving an all-terrain vehicle to inspect a well. The vehicle struck an uneven surface, ejecting the employee from the vehicle to the ground. The employee sustained bilateral leg fractures.",1,PROJECT_ANNOTATED_AI_ASSISTED,0,0,1,0,0,0,0,0,0
OILPS_OSHA_04178,OSHA,"An employee was helping an operator to pull a cable off a winch. The operator pulled in the line when it hooked some tree brush. The brush then whipped around and struck the employee's arm, resulting in a broken arm.",1,PROJECT_ANNOTATED_AI_ASSISTED,0,0,0,0,0,0,1,0,0
OILPS_OSHA_00418,OSHA,"An employee was working on a crew, installing and pressure-testing PVC lines for a sewage line. The PVC pipe struck the employee's face, causing severe damage.",1,PROJECT_ANNOTATED_AI_ASSISTED,0,0,0,1,0,0,0,0,0
OILPS_OSHA_02763,OSHA,"An employee was dumping a mini dumpster, mounted on a forklift, into a large trash container. When the mini dumpster tipped, the employee's finger was caught between it and the forklift's forks. The employee's fingertip was amputated.",1,PROJECT_ANNOTATED_AI_ASSISTED,0,0,0,0,0,0,1,0,0
OILPS_OSHA_03487,OSHA,"An employee was loading asphalt from a storage tank into a tanker truck from an above ground asphalt loading rack. After removing the loading spout from the tanker and placing a bucket drip pan under it, the employee stepped onto the crows nest of the truck to close the loading hatch. Residual asphalt (approximately 370 degrees F) in the loading line spilled out of the spout, into the bucket, and splashed down onto the employee below. The employee sustained second-degree burns to the back of his head, neck, ears, and side of his face near the jawline. The employee was hospitalized.",1,PROJECT_ANNOTATED_AI_ASSISTED,0,0,1,0,0,0,0,0,0
OILPS_OSHA_01491,OSHA,The injured employee was preparing samples for testing and was processing nitric acid and oil and gas samples in a glass container when the glass container exploded resulting in burns and puncture wounds to the employee's hands and arms.,1,PROJECT_ANNOTATED_AI_ASSISTED,0,0,0,0,0,0,0,1,0
OILPS_OSHA_00230,OSHA,"On or about 3 June 2015, at approximately 1825 hours, an AR Daniel Construction employee was hospitalized due to an injury acquired at the jobsite. The employee was working in a trench under the railroad tracks located at Grand and 3rd street in Amarillo, Texas, when he was struck in the face by a piece of angle iron that was being used to hoist the pipeline that he was working near. The angle iron was inside the pipe, and a line was tied to the angle iron to hoist the pipe up enough for the employee to remove wood planking from underneath it. The angle iron became dislodged and struck him, causing multiple facial fractures and lacerations.",2,PROJECT_ANNOTATED_AI_ASSISTED,0,0,0,0,0,1,1,0,0
OILPS_OSHA_03987,OSHA,An employee was on a ladder welding when a piece of slag fell onto his sweater which caught fire. The employee sustained burns to the upper body.,2,PROJECT_ANNOTATED_AI_ASSISTED,0,0,0,0,1,0,0,0,1
OILPS_OSHA_02648,OSHA,An employee was operating a forklift at a well site and was hospitalized for heat stress.,1,PROJECT_ANNOTATED_AI_ASSISTED,0,0,0,0,0,0,1,0,0
OILPS_OSHA_02487,OSHA,"Employees at an oil rig were breaking down its blowout preventers. After removing the preventers from the wellhead, they put a wooden board on the ground to set the preventer on and keep it from getting muddy. When one employee unhooked his tagline from a preventer, the preventer shifted and the locking stem on its top struck the top of the employee's left boot. He suffered a laceration to the foot and two broken toes.",2,PROJECT_ANNOTATED_AI_ASSISTED,0,0,0,1,0,0,1,0,0
OILPS_OSHA_02823,OSHA,An employee was walking through an open area when high winds caused a crane boom to collapse. Debris struck the employee and broke the employee's right tibia and left foot.,1,PROJECT_ANNOTATED_AI_ASSISTED,0,0,0,0,0,0,1,0,0
OILPS_OSHA_02233,OSHA,"An employee was completing a fluid treatment process. The employee had just closed a 4-inch valve on a ""T"" manifold when he tripped and fell forward, striking the shin of his right leg against a valve handle and then landing on the ground. The employee's right leg sustained a spiral fracture requiring hospitalization and surgery.",1,PROJECT_ANNOTATED_AI_ASSISTED,0,0,0,1,0,0,0,0,0
OILPS_OSHA_00637,OSHA,"On or about 7/6/16, at 17:45 hours, an employee had been working outside at several oilfield locations in high heat conditions when he began feeling ill and collapsed. He was hospitalized for heat exhaustion.",0,PROJECT_ANNOTATED_AI_ASSISTED,0,0,0,0,0,0,0,0,0
OILPS_OSHA_03038,OSHA,"An employee was walking toward a pump on which he was installing a new suction manifold. He tripped over the old manifold, lying on the ground, and fell. He suffered a compound fracture to the left forearm and was hospitalized.",1,PROJECT_ANNOTATED_AI_ASSISTED,0,0,0,1,0,0,0,0,0
OILPS_OSHA_03413,OSHA,"On May 4, 2023, an employee was cutting a catwalk platform with a torch. When the pressure released, the platform fell back toward the employee and knocked him off his feet. The platform then landed on his leg, resulting in a fracture.",2,PROJECT_ANNOTATED_AI_ASSISTED,0,0,0,1,1,0,0,0,0
OILPS_OSHA_02161,OSHA,"An employee was resetting a breaker on an electric motor when an electrical arc occurred resulting in burns to the employee's right ear, right hand, thumb, and index finger.",1,PROJECT_ANNOTATED_AI_ASSISTED,0,0,0,1,0,0,0,0,0
OILPS_OSHA_00043,OSHA,"On 1/21/15 at about 16:20 pm a worker was hit by the tongs on his right arm, chest, and leg. He was transported to OU Medical Center where his right hand was amputated. Immediately before the accident the drilling line was stuck. The snub line connected to the tongs snapped causing the tongs to swing around and hit the worker.",1,PROJECT_ANNOTATED_AI_ASSISTED,0,0,0,0,0,1,0,0,0
OILPS_OSHA_02709,OSHA,An employee was climbing a ladder with guard rails to access the rig floor. The ladder twisted to one side causing the employee to fall to the ground. The employee sustained displaced vertebrae in the neck and bruising and soreness.,1,PROJECT_ANNOTATED_AI_ASSISTED,0,0,0,0,0,0,0,0,1
OILPS_OSHA_02916,OSHA,"An employee was welding a tank battery in the field when the welding torch ignited flammable gasses, causing an explosion that resulted in second and third degree burns to both hands and their face.",1,PROJECT_ANNOTATED_AI_ASSISTED,0,0,0,0,1,0,0,0,0
OILPS_OSHA_02649,OSHA,An employee slipped and fell to the ground while exiting a water truck via the ladder. The employee was hospitalized for a foot/ankle injury.,2,PROJECT_ANNOTATED_AI_ASSISTED,0,0,1,0,0,0,0,0,1
OILPS_OSHA_01375,OSHA,"An employee was blowing off pressure on a field natural gas compressor when a pipe about 3 feet long pulled out of the threads and hit the employee, causing blunt force trauma to the face, arm, and shoulder.",1,PROJECT_ANNOTATED_AI_ASSISTED,0,0,0,1,0,0,0,0,0
OILPS_OSHA_02882,OSHA,"An employee was pushing the forks of a forklift to widen their position. He needed to get the forks around the hook it sits in. Once it cleared the hook, the fork slid quickly, catching the employee's right middle finger against the headache rack support. The finger was amputated.",1,PROJECT_ANNOTATED_AI_ASSISTED,0,0,0,0,0,0,1,0,0
OILPS_OSHA_03577,OSHA,"After running a survey and putting air back on the hole, two employees were standing in the doorway of the doghouse watching the flow line to see if there was a gas flare. The pilot light for the flow line was not ignited. The injured employee used a propane torch to igniting the pilot light. A flash fire resulted due to down-hole gas that had come out of the flow line. The injured employee sustained second degree burns to their face, forearms, and hands.",1,PROJECT_ANNOTATED_AI_ASSISTED,0,0,0,0,1,0,0,0,0
OILPS_OSHA_02805,OSHA,An employee tripped going over a containment curb and fell. A Unistrut clip caused a laceration and degloving injury to his abdomen.,0,PROJECT_ANNOTATED_AI_ASSISTED,0,0,0,0,0,0,0,0,0
OILPS_OSHA_01113,OSHA,"On July 22, 2017, an employee was hooking up a holiday detector to scan a pipe for any bare metal when he received an electrical shock on the hand and fell to the ground. He was hospitalized.",0,PROJECT_ANNOTATED_AI_ASSISTED,0,0,0,0,0,0,0,0,0
OILPS_OSHA_02946,OSHA,"An employee was putting a pipe in place and pushing on a rotating sucker rod, which caught his glove and wrapped his arm around the rod. The employee sustained multiple arm fractures.",0,PROJECT_ANNOTATED_AI_ASSISTED,0,0,0,0,0,0,0,0,0
OILPS_OSHA_03151,OSHA,"An employee was about to change out the choke parts to fix a leaking choke on the belly dump of a gas production unit (GPU). While the choke was being unbolted, pressure came through it, blowing the employee backward and causing lacerations and broken bones in their face.",1,PROJECT_ANNOTATED_AI_ASSISTED,0,0,0,1,0,0,0,0,0
OILPS_OSHA_03763,OSHA,Employees were lowering material into a dumpster using a digger derrick truck. The injured employee jumped into the dumpster to remove a strap from the pallet. Their right tibia was fractured when their leg contacted the bottom of the dumpster.,2,PROJECT_ANNOTATED_AI_ASSISTED,0,0,1,0,0,0,0,0,1
OILPS_OSHA_04051,OSHA,"A skid steer operator was attaching a skid steer's bucket loaded with concrete (estimated to be up to 500 pounds) to a machine. The injured employee was reaching in front of the bucket to move pieces of broken concrete when the bucket fell on his right arm, catching it between the bucket and concrete. The employee sustained a fractured arm and thumb, a laceration to the index finger, and an avulsion to their middle finger.",0,PROJECT_ANNOTATED_AI_ASSISTED,0,0,0,0,0,0,0,0,0
OILPS_OSHA_01518,OSHA,"An employee was standing on planking located on the top buck of a two-end frame, tubular-welded frame scaffold when one of the scaffold planks broke, causing the employee to fall 10 feet to the ground below. The employee suffered a fractured hip and two fractured ribs.",2,PROJECT_ANNOTATED_AI_ASSISTED,0,0,0,0,0,0,1,0,1
OILPS_OSHA_00556,OSHA,An employee was repairing a flow pipe when he tripped and fell backward with the flow pipe on his body. He fractured his left ankle.,0,PROJECT_ANNOTATED_AI_ASSISTED,0,0,0,0,0,0,0,0,0
OILPS_OSHA_01668,OSHA,"An employee was about to climb a 15-foot chain ladder to exit a horizontal vessel. When he stepped onto the ladder, it became unstable and he fell. He landed on his back on the vessel's floor, suffering multiple broken vertebrae.",1,PROJECT_ANNOTATED_AI_ASSISTED,0,0,0,0,0,0,0,0,1
OILPS_OSHA_03697,OSHA,"A crew of two was attempting to blind/isolate the loop to the re-slurry control valve to the north rise. As the employees were loosening the bolts to open the pipe and placing the blind, a valve that was holding back the slurry opened. This released the hot slurry (640 degrees Fahrenheit) onto the employees performing the work. Both employees sustained thermal burns from the slurry and were hospitalized.",0,PROJECT_ANNOTATED_AI_ASSISTED,0,0,0,0,0,0,0,0,0
OILPS_OSHA_03833,OSHA,"Three employees were removing a cover from an oil well storage tank. Some of the bolts were corroded, so the employees used an electric grinder to remove the bolts. Sparks from the grinding wheel ignited liquid/fumes inside the tank, causing the tank to explode. One employee received severe burns to over 70% of their body.",1,PROJECT_ANNOTATED_AI_ASSISTED,0,0,0,0,1,0,0,0,0
OILPS_OSHA_02896,OSHA,An employee was replacing the valve on a frac pump. Fingers on his left hand were caught in the pump's moving pistons and injured; the middle finger required surgery.,1,PROJECT_ANNOTATED_AI_ASSISTED,0,0,0,0,0,1,0,0,0
OILPS_OSHA_03788,OSHA,An employee was walking up the steps to shut off a sprayer when he fell from the steps. The employee injured his right heel and fractured his left tibia and was hospitalized.,1,PROJECT_ANNOTATED_AI_ASSISTED,0,0,0,0,0,0,0,0,1
OILPS_OSHA_02927,OSHA,An oil derrick hand fell off the oil derrick platform and struck the derrick during the fall resulting in a fractured back.,1,PROJECT_ANNOTATED_AI_ASSISTED,0,0,0,0,0,0,0,0,1
OILPS_OSHA_04031,OSHA,An employee was under the rig floor adjusting a chain on the slips when his finger became caught between the chain and the blowout preventer (BOP). The employee sustained the amputation of his finger.,1,PROJECT_ANNOTATED_AI_ASSISTED,0,0,0,1,0,0,0,0,0
OILPS_OSHA_03553,OSHA,An employee was checking fluid levels on a mast/power pack unit. The employee was on a ladder trying to access a catwalk when they slipped on a wet rung and fell 5 feet to the ground. The employee sustained a fractured hip.,1,PROJECT_ANNOTATED_AI_ASSISTED,0,0,0,0,0,0,0,0,1
OILPS_OSHA_01480,OSHA,"An employee was troubleshooting a problem with a chemical pump. During a fracturing operation, the employee disconnected a chemical hose that was under pressure. Chemicals released and entered the employee's right eye, causing a chemical burn.",1,PROJECT_ANNOTATED_AI_ASSISTED,0,0,0,1,0,0,0,0,0
OILPS_OSHA_03979,OSHA,"An employee was in a trench, welding/installing a new pipe that was being held up using an excavator. The excavator arm rotated, and the employee was pinned between the pipe and the trench box. The employee suffered three broken ribs and a collapsed lung.",1,PROJECT_ANNOTATED_AI_ASSISTED,0,0,0,0,1,0,0,0,0
OILPS_OSHA_01325,OSHA,"An employee was attempting to climb up an angle iron piece of a substructure when he slipped and fell backward 4 feet to the ground, suffering a spiral fracture to his right ankle.",1,PROJECT_ANNOTATED_AI_ASSISTED,0,0,0,0,0,0,0,0,1
OILPS_OSHA_01267,OSHA,"Two employees were moving 40-foot long pipes (30 inches in diameter and weighing over 1,000 lbs.) on an elevated pipe rack into the pipe coating facility. While moving the last pipe, one employee's right hand was caught between a stationary pipe and the moving pipe, partially amputating his right ring fingertip and avulsing his right long fingernail with a nailbed laceration. He was hospitalized overnight.",0,PROJECT_ANNOTATED_AI_ASSISTED,0,0,0,0,0,0,0,0,0
OILPS_OSHA_01500,OSHA,An employee slipped and fell on ice in the parking lot. He injured his knee and required surgery.,0,PROJECT_ANNOTATED_AI_ASSISTED,0,0,0,0,0,0,0,0,0
OILPS_OSHA_01749,OSHA,"An employee was on the catwalk of a mixing plant at a completed well site. He was burned by a fire, centered on a forklift and a flowback tank that was releasing natural gas. He suffered second- and third-degree burns to his right hand and arm to the shoulder, his left hand, and his back on the right side. He also suffered second-degree burns to the right side of his face (excluding the eyes) and first-degree burns to his forehead. Personal protective equipment and flame-retardant pants were being worn, but not a flame-retardant shirt.",1,PROJECT_ANNOTATED_AI_ASSISTED,0,0,0,0,0,0,1,0,0
OILPS_OSHA_00163,OSHA,"On or about 12 April 2015, at approximately 1410 hours, an employee amputated the distal portion of his left-hand, index phalanges (no bone involved). He was installing a hydraulic cylinder on a drilling rig when the cylinder he was holding swung laterally, pinching his distal phalanges between the cylinder and the drilling rig structure.",0,PROJECT_ANNOTATED_AI_ASSISTED,0,0,0,0,0,0,0,0,0
OILPS_OSHA_01757,OSHA,"An employee was washing an oil and gas drilling rig when he experienced heat stress and cramping due to dehydration, requiring hospitalization.",0,PROJECT_ANNOTATED_AI_ASSISTED,0,0,0,0,0,0,0,0,0
OILPS_OSHA_02554,OSHA,"An employee was guiding/lowering a Kelly hose off to the side of the work floor with a winch line when a counterweight slid down the winch line and struck the employee's left hand, causing an open fracture that required hospitalization.",2,PROJECT_ANNOTATED_AI_ASSISTED,0,0,0,0,0,1,1,0,0
OILPS_OSHA_02972,OSHA,An employee was removing nuts from a pump unit. The employee slipped and their right index fingertip was crushed between the pump and a rachet. The fingertip was amputated.,0,PROJECT_ANNOTATED_AI_ASSISTED,0,0,0,0,0,0,0,0,0
OILPS_OSHA_02585,OSHA,"While tasked with checking inventory in the warehouse, an employee was stung on the left thigh by an insect. The employee was hospitalized.",0,PROJECT_ANNOTATED_AI_ASSISTED,0,0,0,0,0,0,0,0,0
OILPS_OSHA_03458,OSHA,"Employees were cleaning a storage tank for petroleum. Employee 1 was inside the tank and employee 2 was outside the tank approximately 30 to 40 feet away when a flash fire occurred. The force of the fire/explosion threw employee 1 into a wall. Employee 1 sustained fractures to the left collar bone and left ribs, a dislocated right elbow, a lacerated left ear, and burns. Employee 2 sustained second-and-third- degree burns to the face, chest, hands, and fingers.",1,PROJECT_ANNOTATED_AI_ASSISTED,0,0,0,0,1,0,0,0,0
OILPS_OSHA_00309,OSHA,"An employee was performing normal work duties doing a ""meter run"" when he started to feel badly and went to the Arnett office. Employees/management at that location thought the employee was suffering from heat related issues and called an ambulance. The employee was treated at the hospital for heat stress.",0,PROJECT_ANNOTATED_AI_ASSISTED,0,0,0,0,0,0,0,0,0
OILPS_OSHA_01196,OSHA,"An employee and driver were unloading a frac tank from a winch truck. While trying to unhook the winch cable from the tank, the driver tightened the winch cable instead of loosening it, pinching the employee's finger between the cable and rear roller. The employee's right index fingertip was amputated.",2,PROJECT_ANNOTATED_AI_ASSISTED,0,0,1,0,0,0,1,0,0
OILPS_OSHA_03368,OSHA,"An employee opened the hatch on an oil tank. The exposure to hydrogen sulfide and other gases caused the employee to become ill, dizzy, and lightheaded; the employee was hospitalized.",2,PROJECT_ANNOTATED_AI_ASSISTED,0,1,0,0,0,0,0,1,0
OILPS_OSHA_03184,OSHA,"A dump truck was trying to avoid rocks on a trail when its left-side wheels left the trail. The truck rolled about three times, and the driver suffered a neck strain, bumps and bruises, a laceration to the forehead that required stitches, and a laceration to the right forearm.",1,PROJECT_ANNOTATED_AI_ASSISTED,0,0,1,0,0,0,0,0,0
OILPS_OSHA_03023,OSHA,"A valve stem had been stood up against the blades of a forklift so an employee could take a measurement. It slid down the forklift fork, striking the employee's left hand and partially amputating the index fingertip.",1,PROJECT_ANNOTATED_AI_ASSISTED,0,0,0,0,0,0,1,0,0
OILPS_OSHA_04040,OSHA,"An employee was removing a gasket from the top of the open hatch of a heater treater to make weir adjustments on the low pressure vessel when metal-on-metal contact caused a spark that ignited residual gasses. The employee sustained burns to their face, neck and hands.",2,PROJECT_ANNOTATED_AI_ASSISTED,0,0,0,1,1,0,0,0,0
OILPS_OSHA_03371,OSHA,An employee was assisting a rig crew with stabbing drill pipe into a rotating head. The employee's fingertips became caught between the rotating rubber head and a trip nipple causing lacerations to four fingertips on the left hand and partial amputations to his right ring and little fingers.,0,PROJECT_ANNOTATED_AI_ASSISTED,0,0,0,0,0,0,0,0,0
OILPS_OSHA_02744,OSHA,"On February 17, 2021, an employee was completing rounds through a natural gas planet when he slipped and fell on an ice spot. He was hospitalized, having suffered a broken left hip.",0,PROJECT_ANNOTATED_AI_ASSISTED,0,0,0,0,0,0,0,0,0
OILPS_OSHA_00355,OSHA,"An employee was standing on top of an excavation area flagging a trench box in when the ground gave way. The employee fell inside the trench, hitting the left side of his head and back, breaking four ribs, and bruising his head.",0,PROJECT_ANNOTATED_AI_ASSISTED,0,0,0,0,0,0,0,0,0
OILPS_OSHA_04079,OSHA,An employee was inventorying hammer mill screens when the screens fell on the employee. The employee sustained a laceration to their leg requiring hospitalization.,0,PROJECT_ANNOTATED_AI_ASSISTED,0,0,0,0,0,0,0,0,0
OILPS_OSHA_03140,OSHA,"An employee was on a table trying to push a block of cardboard paper. The employee fell from the table to the ground about 3 feet below, suffering a broken leg.",1,PROJECT_ANNOTATED_AI_ASSISTED,0,0,0,0,0,0,0,0,1
OILPS_OSHA_02163,OSHA,"An employee was at the side of a truck (a pulling unit) removing tools. As the pole on the unit was extended, the elevator came unclasped off the hook, fell, and struck the employee on the side of his head. He suffered a skull fracture.",1,PROJECT_ANNOTATED_AI_ASSISTED,0,0,1,0,0,0,0,0,0
OILPS_OSHA_02102,OSHA,"An employee was tightening the packing bolts on a beam pumping unit in the oil field by using an air impact wrench when the head of the unit, while in a down stroke, came in contact with the impact wrench forcing it downward and mashing the tool against the left index finger. The employee sustained a partial amputation of the left index fingertip.",0,PROJECT_ANNOTATED_AI_ASSISTED,0,0,0,0,0,0,0,0,0
OILPS_OSHA_02967,OSHA,An employee tripped and twisted his ankle while stepping down from a machine. He suffered a displaced fracture to the right fibula and a sprained ligament in the right ankle.,0,PROJECT_ANNOTATED_AI_ASSISTED,0,0,0,0,0,0,0,0,0
OILPS_OSHA_01245,OSHA,"An employee was greasing valves when he lost his footing and fell backward on a fluid pumping trailer. While he was falling, his right leg was caught in a 6-inch gap between the bumper and trailer, breaking his right fibula and tibia.",1,PROJECT_ANNOTATED_AI_ASSISTED,0,0,0,0,0,1,0,0,0
OILPS_OSHA_01418,OSHA,"An employee was sitting on a haul trailer when an ATV backed into him pinning him against the haul trailer. The employee was hospitalized for a fractured right femur, a broken nose and a one-inch laceration on his right check.",0,PROJECT_ANNOTATED_AI_ASSISTED,0,0,0,0,0,0,0,0,0
OILPS_OSHA_00837,OSHA,"An employee had just finished lifting a shale bin using two loaders (one with a stinger, chain, and lifting equipment) in order to place matting underneath. Once the matting was in place, the employee directed the loader to lower the bin until there was enough slack in the lifting chain to remove it. As the employee grabbed the eye of the lifting chain to unhook it, the operator of the loader bumped the controls with his knee, causing the chain to tighten and pinch the employee's right middle finger between the bin and the chain. The employee's right middle finger was amputated between the middle and upper joint, and the employee was hospitalized.",0,PROJECT_ANNOTATED_AI_ASSISTED,0,0,0,0,0,0,0,0,0
OILPS_OSHA_00998,OSHA,"While using a tag line to move a pipe, an employee lost control of the tag line. The employee's right arm was then caught between the pipe and a drilling rig, breaking it.",0,PROJECT_ANNOTATED_AI_ASSISTED,0,0,0,0,0,0,0,0,0
OILPS_OSHA_00455,OSHA,An employee was welding a trailer fender. The tire burst and debris struck the welding mask causing a facial laceration and temporary vision impairment. The injured employee was hospitalized.,2,PROJECT_ANNOTATED_AI_ASSISTED,0,0,0,1,1,0,0,0,0
OILPS_OSHA_00719,OSHA,"On September 07, 2016, at approximately 2:00 AM, an employee was unloading a fluid trailer during fluid service operations. While he was disconnecting a hose, pressure released and he fell to the ground, sustaining a head injury.",1,PROJECT_ANNOTATED_AI_ASSISTED,0,0,0,1,0,0,0,0,0
OILPS_OSHA_01960,OSHA,"Employees were attempting to lift and move a cellar cover in order to install a work platform in the cellar for a welder. The cover came into contact with the blowout preventer spool, causing it to fall back. An employee's right middle finger was caught between the cellar cover and the tin horn, causing an amputation to the first knuckle.",1,PROJECT_ANNOTATED_AI_ASSISTED,0,0,0,1,0,0,0,0,0
OILPS_OSHA_00065,OSHA,An employee at a remote Marathon Oil jobsite was pressure testing pipe when he was struck-by 9500psi of water when bolts broke on the flange connecting two pipes causing the high pressure water to strike the employee and one other sub-contractor's employee who were standing approximately 15 feet away.,1,PROJECT_ANNOTATED_AI_ASSISTED,0,0,0,1,0,0,0,0,0
OILPS_OSHA_03181,OSHA,An employee was sprayed with 12.5 percent sodium hypochlorite when a line burst on a pumping unit. The employee suffered a chemical burn.,1,PROJECT_ANNOTATED_AI_ASSISTED,0,0,0,1,0,0,0,0,0
OILPS_OSHA_04127,OSHA,An employee was conducting field work at a customer's drilling rig when he became dehydrated. The employee was hospitalized.,0,PROJECT_ANNOTATED_AI_ASSISTED,0,0,0,0,0,0,0,0,0
OILPS_OSHA_00824,OSHA,An employee was tripping out rods on a servicing rig when his hand was caught above the rod transfer case near the swivel. His right arm was then caught and fractured on the rod transfer.,0,PROJECT_ANNOTATED_AI_ASSISTED,0,0,0,0,0,0,0,0,0
OILPS_OSHA_03473,OSHA,"An employee was transferring diesel fuel from a 4,500 gallon fuel transport wagon to a semi-truck. Diesel fuel vapors and static caused an explosion/fire, resulting in burns to the employee's face and upper torso.",2,PROJECT_ANNOTATED_AI_ASSISTED,0,0,1,0,1,0,0,0,0
OILPS_OSHA_02680,OSHA,An employee was working on the rig floor. Equipment fell to the rig floor and the employee jumped off the rig onto the ground suffering a compound fracture to the right ankle.,0,PROJECT_ANNOTATED_AI_ASSISTED,0,0,0,0,0,0,0,0,0
OILPS_OSHA_02488,OSHA,"An employee was standing behind a winch truck. The truck rolled back and ran over the employee's left leg. The employee suffered a thigh injury, a head laceration, and bruising to the right-side ribs.",2,PROJECT_ANNOTATED_AI_ASSISTED,0,0,1,0,0,0,1,0,0
OILPS_OSHA_01955,OSHA,"An employee was redressing a compact setting tool and had it in a vise. He put the mandrel in the sleeve and attempted to screw the mandrel onto the tool. When he let go of the mandrel with his right hand, it fell. As he attempted to catch the mandrel and sleeve, he stumbled and the mandrel struck/pinched his finger on the floor, resulting in a left middle fingertip amputation.",0,PROJECT_ANNOTATED_AI_ASSISTED,0,0,0,0,0,0,0,0,0
OILPS_OSHA_03456,OSHA,"An employee was using a roustabout. As he was lowering the hook for the cable and pulling the slack out of it, the lift began to tip over. The employee went to move out of the way but tripped and fell in the process. The lift then fell on the employee, lacerating his left leg and abdomen.",0,PROJECT_ANNOTATED_AI_ASSISTED,0,0,0,0,0,0,0,0,0
OILPS_OSHA_01097,OSHA,"While rigging down after working for 12 hours, an employee began feeling weak and displaying signs of heat exhaustion. The employee was hospitalized.",1,PROJECT_ANNOTATED_AI_ASSISTED,0,0,0,0,0,0,1,0,0
OILPS_OSHA_02867,OSHA,"An employee was using a pressure washer to clean the inside of a fertilizer tank containing ammonium polyphosphate solution when the pressurized steam punctured his left big toe, resulting in infection and hospitalization.",1,PROJECT_ANNOTATED_AI_ASSISTED,0,0,0,1,0,0,0,0,0
OILPS_OSHA_01950,OSHA,An employee was struck on the lower left leg by two joints of pipe.,0,PROJECT_ANNOTATED_AI_ASSISTED,0,0,0,0,0,0,0,0,0
OILPS_OSHA_03968,OSHA,An employee was working on the motor of a reclaimer that recycles drilling fluid when they received an electrical shock and burns.,0,PROJECT_ANNOTATED_AI_ASSISTED,0,0,0,0,0,0,0,0,0
OILPS_OSHA_03290,OSHA,"Employees were performing a tubing integrity test. As they were blowing down the pressure from the casing, the nipple assembly came off the casing valve flange onto the ground. The nipple threads and casing valve flange threads failed with the pressure, causing the employees to be pushed to the ground. The injured employee sustained a head injury and was hospitalized.",1,PROJECT_ANNOTATED_AI_ASSISTED,0,0,0,1,0,0,0,0,0
OILPS_OSHA_00039,OSHA,"Employee was working from a ladder with a tool, repairing a conveyor belt system. Weight shifted and the employee tried to regain balance by stepping to the second step. Employee lost footing and fell to the ground, fracturing his femur.",1,PROJECT_ANNOTATED_AI_ASSISTED,0,0,0,0,0,0,0,0,1
OILPS_OSHA_00076,OSHA,"An employee of SM Fencing & Energy Services, Inc. lost his eye sight after receiving a head injury. The employee slipped on the ice at the project site while carrying a railroad tie. After the employee fell to the ground, the railroad tie fell on his head.",0,PROJECT_ANNOTATED_AI_ASSISTED,0,0,0,0,0,0,0,0,0
OILPS_OSHA_02939,OSHA,"On November 16, 2021, a truck driver was removing straps from a load of utility poles on a flatbed trailer. When he removed the last strap, the top pole on the load rolled off and struck the left side of his body, crushing his left wrist and the lower part of his left leg. He was hospitalized, and the leg was medically amputated below the knee. He also suffered a brain injury and two fingers were medically amputated.",1,PROJECT_ANNOTATED_AI_ASSISTED,0,0,1,0,0,0,0,0,0
OILPS_OSHA_04104,OSHA,An employee was starting to work on the change of a conveyor belt and experienced symptoms of heat exhaustion due to high temperatures. The employee was hospitalized with heat exhaustion and dehydration.,0,PROJECT_ANNOTATED_AI_ASSISTED,0,0,0,0,0,0,0,0,0
OILPS_OSHA_03501,OSHA,An employee was loading a railcar when a flash fire occurred. The employee sustained first- and second-degree burns to the left side of the body.,1,PROJECT_ANNOTATED_AI_ASSISTED,0,0,0,0,1,0,0,0,0
OILPS_OSHA_03467,OSHA,"An employee was in the mixing room when an asphalt truck arrived to be unloaded. The employee began the procedure for unloading the truck and went outside to the truck to ensure the valve was closed, remove the cap, and attach a hose from the truck to the tanks outside of the mixing room. The cap came off the truck due to pressure behind it and sprayed the employee with the hot asphalt. They sustained burns to the hands, arms, torso, and upper legs.",2,PROJECT_ANNOTATED_AI_ASSISTED,0,0,1,1,0,0,0,0,0
OILPS_OSHA_01759,OSHA,"An employee was part of a crew that was attempting to remove a Christmas tree from a well head when a high-pressure release and blowout occurred. The Christmas tree fell on and broke the employee's leg, requiring hospitalization.",1,PROJECT_ANNOTATED_AI_ASSISTED,0,0,0,1,0,0,0,0,0
OILPS_OSHA_00430,OSHA,An employee stepped into an uncovered hole and sprained their back.,0,PROJECT_ANNOTATED_AI_ASSISTED,0,0,0,0,0,0,0,0,0
OILPS_OSHA_01935,OSHA,"While working on a natural gas drilling rig, an employee sustained a partial amputation to their little finger.",0,PROJECT_ANNOTATED_AI_ASSISTED,0,0,0,0,0,0,0,0,0
OILPS_OSHA_01734,OSHA,"An employee was setting up five mud tanks and a mud pump. While he was hooking up the fifth mud tank to the fourth mud tank, a gap formed between the hose to the union. He inched the cable over multiple times to close the gap. Then, the driver lifted the mud tank up, which caused the cable line to pull the employee's finger between the truck roller, resulting in an amputation of the end of his left index finger.",1,PROJECT_ANNOTATED_AI_ASSISTED,0,0,1,0,0,0,0,0,0
OILPS_OSHA_03638,OSHA,"An employee was attempting a lift with a crane and caught their left index finger between two shells (36-inch diameter cylinder vessels), resulting in amputation.",1,PROJECT_ANNOTATED_AI_ASSISTED,0,0,0,0,0,0,1,0,0
OILPS_OSHA_00282,OSHA,An employee suffered heat exhaustion and was given IV fluids. The employee was kept in the hospital for observation.,0,PROJECT_ANNOTATED_AI_ASSISTED,0,0,0,0,0,0,0,0,0
OILPS_OSHA_03802,OSHA,"The injured employee was working on the drill floor assisting to repair the oil well. The employee was using hydraulic-operated tongs when a piece inside the tongs came loose. The employee was fixing it when the lever that powers the tool was hit and the hydraulic tongs crushed his left ring finger, resulting in an amputation above the second joint.",0,PROJECT_ANNOTATED_AI_ASSISTED,0,0,0,0,0,0,0,0,0
OILPS_OSHA_02481,OSHA,"An employee was driving an ATV when it ran over a fallen tree branch. The branch popped up and went through the ATV's floor, striking the employee. The employee suffered a broken arm, a bleeding spleen and liver, and a head laceration.",0,PROJECT_ANNOTATED_AI_ASSISTED,0,0,0,0,0,0,0,0,0
OILPS_OSHA_00440,OSHA,"An employee was welding two sections of pipe on top of a skid platform. The skid platform (2 feet high) collapsed, and the pipe rolled onto the employee's lower leg, fracturing the right ankle. The employee was hospitalized overnight.",1,PROJECT_ANNOTATED_AI_ASSISTED,0,0,0,0,1,0,0,0,0
OILPS_OSHA_02965,OSHA,An employee was replacing a drill rig's transfer case. The case shifted and amputated the tip of the employee's right index finger.,0,PROJECT_ANNOTATED_AI_ASSISTED,0,0,0,0,0,0,0,0,0
OILPS_OSHA_01487,OSHA,"An employee was exiting a rock crusher and getting onto a 6-foot step ladder. He was holding onto the handrail while getting his feet onto the ladder. His feet were on the second rung from the top when the ladder kicked out from underneath him. He held onto the handrail momentarily and then fell 4 to 5 feet to the ground (gravel pad), breaking his left wrist and suffering a small compression fracture in his lower back. He was hospitalized.",1,PROJECT_ANNOTATED_AI_ASSISTED,0,0,0,0,0,0,0,0,1
OILPS_OSHA_03877,OSHA,"An employee fell off a fixed ladder platform through an open gate, landing about 15-16 feet below. He struck his head, suffered a knee injury, and was hospitalized.",1,PROJECT_ANNOTATED_AI_ASSISTED,0,0,0,0,0,0,0,0,1
OILPS_OSHA_02123,OSHA,An employee had been operating a pumping unit at a salt water disposal facility when a fire/explosion occurred. The employee sustained third degree burns to 60 percent of his body.,1,PROJECT_ANNOTATED_AI_ASSISTED,0,0,0,0,1,0,0,0,0
OILPS_OSHA_01160,OSHA,An employee was adjusting the high/low switch on his truck-mounted welder. He was turning around when he lost his footing because it had just rained and his truck bed was slick. He went to steady himself and reached to grab onto something with his hands. His right hand slid underneath the cowling of his welder and two fingers were severely lacerated by the motor fan blades. He was hospitalized.,1,PROJECT_ANNOTATED_AI_ASSISTED,0,0,1,0,0,0,0,0,0
OILPS_OSHA_02491,OSHA,"As a crane truck was rigging down, an employee's hand was caught between the outrigger and the crane. Three fingers on the employee's right hand were crushed and the employee was hospitalized.",2,PROJECT_ANNOTATED_AI_ASSISTED,0,0,1,0,0,0,1,0,0
OILPS_OSHA_03635,OSHA,"On January 6, 2024, an employee was making a swivel connection involving a winch line. As the joint was being tightened, the threads became sticky. The employee was shaking the winch line to loosen it when the bridle caught on the line and wrapped around his finger. His middle finger was amputated past the fingernail and before the first knuckle.",1,PROJECT_ANNOTATED_AI_ASSISTED,0,0,0,0,0,0,1,0,0
OILPS_OSHA_01741,OSHA,"An employee was standing on the ground observing pole line construction when he began showing signs of heat exhaustion, requiring hospitalization.",0,PROJECT_ANNOTATED_AI_ASSISTED,0,0,0,0,0,0,0,0,0
OILPS_OSHA_03719,OSHA,"On May 2, 2024, an employee was dumping a hopper into a bigger dumpster when his left ring finger got caught by the hopper and was amputated.",0,PROJECT_ANNOTATED_AI_ASSISTED,0,0,0,0,0,0,0,0,0
OILPS_OSHA_03148,OSHA,"An employee was stepping from a ladder to an elevated work platform, when they slipped and fell 22 feet to the ground. The employee sustained a fractured right leg that required hospitalization.",1,PROJECT_ANNOTATED_AI_ASSISTED,0,0,0,0,0,0,0,0,1
OILPS_OSHA_01017,OSHA,"An employee was opening the oil tank hatch when a spark ignited the material inside the tank. The employee sustained burns to the face, back and hands.",1,PROJECT_ANNOTATED_AI_ASSISTED,0,0,0,0,1,0,0,0,0
OILPS_OSHA_02531,OSHA,"During rig down, an employee was attempting to move a hose supported on a spreader bar. The hose came free from the spreader bar and swung into a machine, and the employee's left little finger was caught between the hose and the machine. The distal phalanx of the left pinky finger had to be medically amputated.",2,PROJECT_ANNOTATED_AI_ASSISTED,0,0,0,1,0,0,1,0,0
OILPS_OSHA_01322,OSHA,An employee slipped and fell while walking on a partially constructed walkway beam. His right leg became wedged and fractured on a support brace during the fall.,0,PROJECT_ANNOTATED_AI_ASSISTED,0,0,0,0,0,0,0,0,0
OILPS_OSHA_00602,OSHA,"An employee climbed a ladder to assess the next level of a metal roof. He stepped on a shingle and fell 8 feet through the roof to the ground, breaking his right index finger, left middle finger, right hip, and back.",1,PROJECT_ANNOTATED_AI_ASSISTED,0,0,0,0,0,0,0,0,1
OILPS_OSHA_00673,OSHA,"An employee was securing a stand of drilling pipe with a chain wrench when the wrench broke and hit his hand, breaking his wrist and finger.",0,PROJECT_ANNOTATED_AI_ASSISTED,0,0,0,0,0,0,0,0,0
OILPS_OSHA_04168,OSHA,"An employee was making rounds to collect readings from petroleum tanks. He followed a pathway that had several ground-level protrusions from decommissioned pipe conduits, electrical grounding, and a support strut. The employee tripped on a conduit stub, lost his balance, and fell, landing on his left hip. He was hospitalized with a broken left hip.",0,PROJECT_ANNOTATED_AI_ASSISTED,0,0,0,0,0,0,0,0,0
OILPS_OSHA_03360,OSHA,Two employees were working on a perforating gun when it detonated in the shop. One employee suffered burns to the hands and hearing loss. The other employee's left hand was amputated and they sustained burns to the upper torso. Both employees were hospitalized.,0,PROJECT_ANNOTATED_AI_ASSISTED,0,0,0,0,0,0,0,0,0
OILPS_OSHA_03014,OSHA,"An employee was pressure washing pipes when the fitting on the spray wand broke and the hot water contacted the employee, resulting in burns to his stomach and thighs.",1,PROJECT_ANNOTATED_AI_ASSISTED,0,0,0,1,0,0,0,0,0
OILPS_OSHA_00197,OSHA,"An employee delivering and removing skids was injured while unloading 12-inch clamps from the flatbed of the truck. The clamps got caught on the employee's clothing and pulled him off of the truck, injuring his lower back.",1,PROJECT_ANNOTATED_AI_ASSISTED,0,0,1,0,0,0,0,0,0
OILPS_OSHA_04008,OSHA,"An employee was performing a hot tap. The employee set a completion plug in preparation of removing the completion plug stopple tool. The tool was not completely set, and gas pressure and metal debris were released from the blow out. The employee sustained multiple contusions and abrasions to the chest, neck and face area, loss of eyes, and finger amputations.",1,PROJECT_ANNOTATED_AI_ASSISTED,0,0,0,1,0,0,0,0,0
OILPS_OSHA_00852,OSHA,An employee was transferring water at high pressure through a hose. The hose failed and a jet of water knocked the employee through the air approximately 150 feet. When the employee landed on the ground he suffered a shoulder injury.,1,PROJECT_ANNOTATED_AI_ASSISTED,0,0,0,1,0,0,0,0,0
OILPS_OSHA_00058,OSHA,"An employee welding a cable guide pipe to a tank containing road tar suffered burns to his right side legs, arm, neck, and face when the contents of the tank caught on fire.",1,PROJECT_ANNOTATED_AI_ASSISTED,0,0,0,0,1,0,0,0,0
OILPS_OSHA_02633,OSHA,A crew of five employees used two forklifts along with a telehandler to load and carry pipe that had been cut into 125-foot sections from the fuel pier to the parking lot for painting. The injured employee was guiding the pipe while it was being moved by the forklift. The pipe struck a bush and began swaying and the injured employee's hand was caught between the pipe and the building next to it. The employee's right ring and pinky fingers were amputated.,1,PROJECT_ANNOTATED_AI_ASSISTED,0,0,0,0,0,0,1,0,0
OILPS_OSHA_01003,OSHA,An employee was welding pipes when his left index and middle finger were caught and amputated in a pipe clamp.,1,PROJECT_ANNOTATED_AI_ASSISTED,0,0,0,0,1,0,0,0,0
OILPS_OSHA_00451,OSHA,"Two employees were fusing two sections of polyline. When the fusing device was activated, the area became engulfed in flames. Both employees were hospitalized with burns to the face and hands.",0,PROJECT_ANNOTATED_AI_ASSISTED,0,0,0,0,0,0,0,0,0
OILPS_OSHA_00060,OSHA,"Pipeline was being cleaned using a pig. The pig shot out of the pipeline and struck the employee, causing injuries to the lower part of his body.",0,PROJECT_ANNOTATED_AI_ASSISTED,0,0,0,0,0,0,0,0,0
OILPS_OSHA_00063,OSHA,A maintenance employee slipped on ice while applying salt to ice on the ground in the fenced-in yard of the facility. He slipped and broke his left fibula and dislocated his left ankle.,0,PROJECT_ANNOTATED_AI_ASSISTED,0,0,0,0,0,0,0,0,0
OILPS_OSHA_00860,OSHA,An employee was replacing a natural gas pipeline when he slipped on ice and fractured his left ankle.,0,PROJECT_ANNOTATED_AI_ASSISTED,0,0,0,0,0,0,0,0,0
OILPS_OSHA_00690,OSHA,An employee was performing well test operations and experienced heat exhaustion. The employee was hospitalized.,0,PROJECT_ANNOTATED_AI_ASSISTED,0,0,0,0,0,0,0,0,0
OILPS_OSHA_04227,OSHA,"An employee was on a scaffold while painting a ceiling when he fell off the scaffold to the floor, resulting in a fractured right wrist and an injured left brow.",1,PROJECT_ANNOTATED_AI_ASSISTED,0,0,0,0,0,0,0,0,1
OILPS_OSHA_00575,OSHA,"An employee was welding on the access door to a 21,000 gallon tank containing an asphalt product identified as AC. A flame was observed, by the spotter, moments before a blast. The welder was blown into the air and landed on the platform. The welder sustained burns and was hospitalized.",1,PROJECT_ANNOTATED_AI_ASSISTED,0,0,0,0,1,0,0,0,0
OILPS_OSHA_02466,OSHA,An employee was opening the top steam vent on the main fractionator. The trapped hot condensate from the vent leaked out and landed on the employee's back and shoulders. The employee was hospitalized with second degree burns.,0,PROJECT_ANNOTATED_AI_ASSISTED,0,0,0,0,0,0,0,0,0
OILPS_OSHA_01559,OSHA,"An employee finished rigging and was walking in an area where a crew was loading an exchanger bundle on a trailer when the load shifted, pinning the employee between the active load and an adjacent stationary load. The employee suffered a fractured left femur and pelvis.",1,PROJECT_ANNOTATED_AI_ASSISTED,0,0,0,0,0,0,1,0,0
OILPS_OSHA_03791,OSHA,"Two employees were looking for steel tubing in the yard. Employee 1 knelt down to read the size numbers on the tubing. Employee 2 pulled out a piece of tubing and then tripped over a white mesh bag of parts from a delivery. The tubing was dropped on employee 1's right middle finger, amputating the fingertip.",0,PROJECT_ANNOTATED_AI_ASSISTED,0,0,0,0,0,0,0,0,0
OILPS_OSHA_02232,OSHA,An employee was using a sandblasting gun on a pipeline. The gun hit his right arm and the sandblast media caused an open wound on the forearm.,0,PROJECT_ANNOTATED_AI_ASSISTED,0,0,0,0,0,0,0,0,0
OILPS_OSHA_02760,OSHA,Two employees were unloading and loading propane cylinders. A leaking propane tank was placed in front of a makeshift structure. Propane gas accumulated within the structure and an explosion occurred. Both employees suffered second and third degree burns that required hospitalization.,1,PROJECT_ANNOTATED_AI_ASSISTED,0,0,0,0,1,0,0,0,0
OILPS_OSHA_02229,OSHA,An employee was cleaning a tank of sand using a high-pressure water hose. The high-pressure water ran across his right foot and cut the big toe.,1,PROJECT_ANNOTATED_AI_ASSISTED,0,0,0,1,0,0,0,0,0
OILPS_OSHA_02915,OSHA,An employee was bitten on the wrist by an insect. He went into anaphylactic shock later that day and collapsed. He was hospitalized.,0,PROJECT_ANNOTATED_AI_ASSISTED,0,0,0,0,0,0,0,0,0
OILPS_OSHA_01543,OSHA,An employee was lighting a cutting torch to remove an out-of-service tank when a second tank ignited. The employee suffered a broken leg and second degree burns to the face.,1,PROJECT_ANNOTATED_AI_ASSISTED,0,0,0,0,1,0,0,0,0
OILPS_OSHA_03550,OSHA,An employee was removing a thread protector off the end of an alloy when the alloy shifted and pinched their finger between it and the catwalk. The employee sustained an open fracture of the left index finger and a fingertip amputation.,0,PROJECT_ANNOTATED_AI_ASSISTED,0,0,0,0,0,0,0,0,0
OILPS_OSHA_02948,OSHA,"An employee was loading a dozer into a trailer when he fell off the dozer onto the trailer platform and then onto the ground, resulting in a laceration to his left elbow.",0,PROJECT_ANNOTATED_AI_ASSISTED,0,0,0,0,0,0,0,0,0
OILPS_OSHA_04141,OSHA,"An employee was using a cutting torch to heat up bolts that had seized up. The bolts caught on fire in a flash burn, and the employee suffered burns to the arms and elbows.",1,PROJECT_ANNOTATED_AI_ASSISTED,0,0,0,0,1,0,0,0,0
OILPS_OSHA_00192,OSHA,"An employee received flash fire burns while working on a non-functioning vaporizer at the 13-mile, full-service terminal vicinity in Williston, North Dakota.",1,PROJECT_ANNOTATED_AI_ASSISTED,0,0,0,0,1,0,0,0,0
OILPS_OSHA_02050,OSHA,An employee was about to flip a breaker when he suffered a burn to his right hand.,1,PROJECT_ANNOTATED_AI_ASSISTED,0,0,0,1,0,0,0,0,0
OILPS_OSHA_00919,OSHA,An employee was transferring product from a top tote tank to the bottom tote tank when the leg of the top tote tank shifted causing the top tote tank to pinch the employee's right thumb between the top tote tank and the bottom tote tank spark arrestor. The employee suffered a partial amputation to his right thumb.,1,PROJECT_ANNOTATED_AI_ASSISTED,0,0,0,0,1,0,0,0,0
OILPS_OSHA_02441,OSHA,An employee was picking up a bushing when it amputated the tip of his middle finger.,0,PROJECT_ANNOTATED_AI_ASSISTED,0,0,0,0,0,0,0,0,0
OILPS_OSHA_04064,OSHA,"An employee was latching a gooseneck trailer onto a truck. His left hand was caught at the point of attachment, and he suffered a partial amputation to the finger at the first knuckle.",1,PROJECT_ANNOTATED_AI_ASSISTED,0,0,1,0,0,0,0,0,0
OILPS_OSHA_03723,OSHA,"An employee was performing abrasive blasting on two six-inch pipes. While rolling the pipe in the kneeling position, the blast nozzle engaged. They sustained an abrasion of the right inner thigh from the abrasive blasting media contacting them at 95 PSI.",1,PROJECT_ANNOTATED_AI_ASSISTED,0,0,0,1,0,0,0,0,0
OILPS_OSHA_03583,OSHA,"An employee was loading glycerol byproduct into a trailer. A plunger valve slipped out of his hand, lacerating his right ring finger and amputating the fingertip.",0,PROJECT_ANNOTATED_AI_ASSISTED,0,0,0,0,0,0,0,0,0
OILPS_OSHA_02853,OSHA,"An employee was performing maintenance on a load cell. Their right hand was on an RPM sensor of rotating weights when the pump jack cycled on, resulting in amputation of three fingertips on the employee's right hand.",0,PROJECT_ANNOTATED_AI_ASSISTED,0,0,0,0,0,0,0,0,0
OILPS_OSHA_03348,OSHA,"An employee's left little finger was pinched between a wrench and a forklift bucket, resulting in an amputation.",1,PROJECT_ANNOTATED_AI_ASSISTED,0,0,0,0,0,0,1,0,0
OILPS_OSHA_03797,OSHA,"An employee was positioning a pipe for welding when his left middle finger got pinched between the pipe and a spacer, resulting in a fingertip amputation.",1,PROJECT_ANNOTATED_AI_ASSISTED,0,0,0,0,1,0,0,0,0
OILPS_OSHA_00620,OSHA,An employee was operating a service rig with a snubbing crew when a flash fire or explosion occurred and severely burned the employee.,1,PROJECT_ANNOTATED_AI_ASSISTED,0,0,0,0,1,0,0,0,0
OILPS_OSHA_04111,OSHA,"An employee was walking around equipment, tripped over hydraulic lines and fell to the ground. The employee sustained a broken hip.",0,PROJECT_ANNOTATED_AI_ASSISTED,0,0,0,0,0,0,0,0,0
OILPS_OSHA_03796,OSHA,"A crew was dismantling a rig. They were closing the split spider after removing it from the casing when the injured employee's left hand was caught between the split spider and the rig's master bushing, which was also on the rig's floor. The employee suffered a laceration to the middle finger and fractures to the middle and ring fingers.",0,PROJECT_ANNOTATED_AI_ASSISTED,0,0,0,0,0,0,0,0,0
OILPS_OSHA_00389,OSHA,"The employee was walking, tripped over a wooden pallet, and fell breaking his hip.",0,PROJECT_ANNOTATED_AI_ASSISTED,0,0,0,0,0,0,0,0,0
OILPS_OSHA_02917,OSHA,"An employee was climbing up a rough-terrain crane. He hit his hard hat on the jib above him, lost his balance, and fell to the crane deck and then to the ground about 4.5 feet below the deck. He suffered rib fractures.",1,PROJECT_ANNOTATED_AI_ASSISTED,0,0,0,0,0,0,1,0,0
OILPS_OSHA_02225,OSHA,An employee had finished two coke oven charges and was hospitalized for heat exhaustion after his shift.,0,PROJECT_ANNOTATED_AI_ASSISTED,0,0,0,0,0,0,0,0,0
OILPS_OSHA_03033,OSHA,"An employee fell from the top of a trailer loaded with bundles of tubes. He landed on the concrete walking surface 61 inches below, breaking two ribs and suffering shoulder, back, and lung injuries.",1,PROJECT_ANNOTATED_AI_ASSISTED,0,0,0,0,0,0,0,0,1
OILPS_OSHA_02421,OSHA,An employee was power washing the shop when he was struck by a reversing forklift that ran over and broke his right leg.,2,PROJECT_ANNOTATED_AI_ASSISTED,0,0,0,0,0,1,1,0,0
OILPS_OSHA_03633,OSHA,"An employee was repairing an artificial lift. The employee opened a valve on the lift that caused a rapid release of energy, and the employee was struck by an object. The employee suffered fractures to the skull, right orbital socket, and right cheek. The employee was hospitalized.",1,PROJECT_ANNOTATED_AI_ASSISTED,0,0,0,0,0,1,0,0,0
OILPS_OSHA_01434,OSHA,An employee was walking into the dog house to warm up and closed the door on her hand resulting in a fractured right thumb.,0,PROJECT_ANNOTATED_AI_ASSISTED,0,0,0,0,0,0,0,0,0
OILPS_OSHA_00388,OSHA,"The employee was welding from a spider lift. While moving the spider lift from one location to another, the employee got his hand caught between the handrail and a steel plate resulting in the loss of the left ring fingertip (bone exposed).",1,PROJECT_ANNOTATED_AI_ASSISTED,0,0,0,0,1,0,0,0,0
OILPS_OSHA_02536,OSHA,"An employee was pressure washing a piece of drilling equipment when he slightly slipped, lost his balance, and ran the tip of the pressure washer wand across his foot, causing an injection wound. He was hospitalized with a foot laceration from the high-pressure water.",1,PROJECT_ANNOTATED_AI_ASSISTED,0,0,0,1,0,0,0,0,0
OILPS_OSHA_03581,OSHA,"An employee was near a hybrid separator when it malfunctioned, resulting in a flash fire that burned the employee's upper body.",2,PROJECT_ANNOTATED_AI_ASSISTED,0,1,0,0,1,0,0,0,0
OILPS_OSHA_03767,OSHA,"An employee was delivering lubricant to a customer location. After the employee had pulled a lubricant hose from the tanker and inserted the nozzle into the tank, the employee turned around and tripped over an engine stand, resulting in a fall. The employee's right hip was fractured.",0,PROJECT_ANNOTATED_AI_ASSISTED,0,0,0,0,0,0,0,0,0
OILPS_OSHA_01905,OSHA,"An employee was rigging down a well servicing rig. As the derrick was lowered, it severed his right index finger and thumb under the knuckle. He was hospitalized.",2,PROJECT_ANNOTATED_AI_ASSISTED,0,0,0,0,0,0,1,0,1
OILPS_OSHA_02170,OSHA,"An employee was restarting a vapor combustion unit when a burner lit, causing a flash fire. The employee suffered second degree burns.",1,PROJECT_ANNOTATED_AI_ASSISTED,0,0,0,0,1,0,0,0,0
OILPS_OSHA_01361,OSHA,An employee fell from a flatbed trailer to the ground while securing a load. He landed on his right leg and injured his pelvis.,1,PROJECT_ANNOTATED_AI_ASSISTED,0,0,0,0,0,0,0,0,1
OILPS_OSHA_02786,OSHA,"An employee was inspecting a pipeline after hydroblasting. The employee was blasted with a sudden burst of high-pressure steam, suffering burns to the shoulders, hands, and knees.",1,PROJECT_ANNOTATED_AI_ASSISTED,0,0,0,1,0,0,0,0,0
OILPS_OSHA_01645,OSHA,"On June 25, 2018, an employee was using a sling to offload 120-gallon tanks from the back of a truck. He fell from the truck to the ground, sustaining a lumbar compression fracture.",3,PROJECT_ANNOTATED_AI_ASSISTED,0,0,1,0,0,0,1,0,1
OILPS_OSHA_02962,OSHA,"Employee 1 was operating a dozer's winch from inside the cabin. While attempting to unhook from a D-ring, he had to loosen the tension of the cable. Upon doing so, employee 2 walked over to the winch and grabbed the cable with her left hand. When employee 1 moved the controls to spool out the winch, employee 2's left hand was pulled into the cables. Employee 2 sustained a broken left ring finger and a partial amputation to her left little finger.",1,PROJECT_ANNOTATED_AI_ASSISTED,0,0,0,0,0,0,1,0,0
OILPS_OSHA_02996,OSHA,"An employee was removing bolts from a wellhead tree when the tree fell onto his left leg, resulting in lower leg fractures.",1,PROJECT_ANNOTATED_AI_ASSISTED,0,0,0,1,0,0,0,0,0
OILPS_OSHA_00630,OSHA,"An employee was helping to remove sand from holding tanks during hydraulic fracturing treatment rigging breakdown. A pipe containing an auger was being used to remove sand from a tank. There was an opening at the end to allow the sand to drop from the pipe, and the employee thought the pipe was stopped up. While inspecting the opening, the employee's left-hand index finger was amputated to the distal joint and the middle finger was severely lacerated by the rotating auger inside the pipe.",1,PROJECT_ANNOTATED_AI_ASSISTED,0,0,0,0,0,0,1,0,0
OILPS_OSHA_03660,OSHA,"An employee was holding a back-pressure regulator. A pipe came apart (under tension from a forklift) and injured the employee's left hand, lacerating and fracturing the index finger.",2,PROJECT_ANNOTATED_AI_ASSISTED,0,0,0,1,0,0,1,0,0
OILPS_OSHA_00436,OSHA,On 11/22/2015 at 11:50 a.m. an employee was isolating the gas line to identify the point of a suspected ice plug. He walked over to the meter when the hammer union on a two inch gas line disconnected and the pipe struck his leg injuring the tibia and fibula.,0,PROJECT_ANNOTATED_AI_ASSISTED,0,0,0,0,0,0,0,0,0
OILPS_OSHA_00816,OSHA,"An employee was working on the engine of a compressor when a flash fire occurred, burning the employee's hands and face. He was hospitalized.",1,PROJECT_ANNOTATED_AI_ASSISTED,0,0,0,0,1,0,0,0,0
OILPS_OSHA_01078,OSHA,"On July 3, 2017, an employee was installing PVC pipe and using a chop saw when the employee experienced heat stress and heat exhaustion symptoms. The employee was hospitalized.",0,PROJECT_ANNOTATED_AI_ASSISTED,0,0,0,0,0,0,0,0,0
OILPS_OSHA_02673,OSHA,"An employee was running a line moling machine to clean the inside of pipe. When the employee went to pressure up the system using a 20-k water line, water from the hose injected into the pinky finger on his left hand.",1,PROJECT_ANNOTATED_AI_ASSISTED,0,0,0,1,0,0,0,0,0
OILPS_OSHA_01353,OSHA,"An employee was attempting to adjust a glycol wrap on a pipe when it shifted. High-pressure water then exited the pipe and struck the employee, knocking him to the ground and breaking his ulna.",1,PROJECT_ANNOTATED_AI_ASSISTED,0,0,0,1,0,0,0,0,0
OILPS_OSHA_00049,OSHA,"An employee was on the stabbing board to hang the tong line. He unhooked the derrick climber from his harness and when he let go of it he was hit in the mouth, lost his footing, and fell even though his lanyard was attached. His face hit the standpipe of the derrick and the 3 foot fall injured his back.",2,PROJECT_ANNOTATED_AI_ASSISTED,0,0,0,0,0,1,0,0,1
OILPS_OSHA_00014,OSHA,"Employee was working from the derrick monkey board latching and unlatching tubing. As he was unlatching the elevator that has horns and a locking mechanism, the employee's harness got caught on the horns. The horns pulled the harness and pulled him down causing small fractures in his knees that required surgery.",1,PROJECT_ANNOTATED_AI_ASSISTED,0,0,0,0,0,0,0,0,1
OILPS_OSHA_02522,OSHA,"An employee was checking for a seam under a suspended pipe. The sling holding the pipe shifted and the pipe lowered onto his right index finger, crushing the tip. The fingertip was amputated past the nail.",1,PROJECT_ANNOTATED_AI_ASSISTED,0,0,0,0,0,0,1,0,0
OILPS_OSHA_03694,OSHA,An employee was sprayed with hot water when a nearby bleeder valve was under pressure that caused the valve to release. This resulted in burns to their legs and lower torso.,1,PROJECT_ANNOTATED_AI_ASSISTED,0,0,0,1,0,0,0,0,0
OILPS_OSHA_01060,OSHA,"An employee was rigging some 2-inch manifold piping near a well head when some of the piping tipped and struck the employee's lower left leg, causing a compound fracture.",2,PROJECT_ANNOTATED_AI_ASSISTED,0,0,0,1,0,0,1,0,0
OILPS_OSHA_01885,OSHA,An employee was ventilating a building containing a gas leak and the gases ignited when the employee opened the door. The employee suffered first degree burns to the face and neck and second degree burns to both hands.,1,PROJECT_ANNOTATED_AI_ASSISTED,0,0,0,0,1,0,0,0,0
OILPS_OSHA_03827,OSHA,"An employee was replacing the well house. After installing the new well house, the employee drilled a 2- to 3-inch hole in the side of the well house to run a 2-inch pipe. The employee inserted the pipe into the hole and secured it inside the well house. The employee then traveled outside the well house to apply tape onto the threaded section of the new pipe. The employee used his left index finger to hold the tape on the threads. The pipe section inside the well house fell from its support and the employee's finger was lacerated, resulting in a fingertip amputation.",1,PROJECT_ANNOTATED_AI_ASSISTED,0,0,0,0,0,0,0,0,1
OILPS_OSHA_01023,OSHA,An employee was welding outside when he experienced leg and arm cramps. He was hospitalized due to heat stress and dehydration.,1,PROJECT_ANNOTATED_AI_ASSISTED,0,0,0,0,1,0,0,0,0
OILPS_OSHA_00578,OSHA,An employee was on the forks of a forklift installing anti-pigeon spikes on the ceiling when his finger was crushed between the forklift and a beam.,1,PROJECT_ANNOTATED_AI_ASSISTED,0,0,0,0,0,0,1,0,0
OILPS_OSHA_00040,OSHA,An employee suffered a back injury when a hopper that was being lifted by a forklift fell on the employee.,1,PROJECT_ANNOTATED_AI_ASSISTED,0,0,0,0,0,0,1,0,0
OILPS_OSHA_00438,OSHA,"An employee was installing casing joints in a well using tongs when the bite of the tongs malfunctioned and the tongs bucked unexpectedly. The employee's hand got crushed between the tongs and the derrick, causing hand fractures.",1,PROJECT_ANNOTATED_AI_ASSISTED,0,0,0,0,0,0,0,0,1
OILPS_OSHA_01693,OSHA,"While welding a tab to the end of a pipe, an employee was struck in the head by another pipe that was being moved laterally by another employee. The employee suffered an epidural hematoma.",1,PROJECT_ANNOTATED_AI_ASSISTED,0,0,0,0,1,0,0,0,0
OILPS_OSHA_04005,OSHA,"An employee was running a pig through a water line to clear the ice. The pig caused the 12-inch water line to whip and strike the employee, resulting in a head laceration and broken leg.",1,PROJECT_ANNOTATED_AI_ASSISTED,0,0,0,0,0,1,0,0,0
OILPS_OSHA_04003,OSHA,"An employee was walking the floor of a rig when a plug from an assembly on the rig came under pressure and blew off, striking the employee in their left thigh and resulting in an open fracture of the femur.",1,PROJECT_ANNOTATED_AI_ASSISTED,0,0,0,1,0,0,0,0,0
OILPS_OSHA_01653,OSHA,An employee was cutting the coke or removing the coke from the drum to the loading area. Steam was released during the coke cutting process and the employee suffered burns to the neck/jawline and hand/wrist areas.,0,PROJECT_ANNOTATED_AI_ASSISTED,0,0,0,0,0,0,0,0,0
OILPS_OSHA_04158,OSHA,"An employee was delivering a load to a customer location. As the employee made a right-hand turn onto a road, the tractor trailer tracked off the roadway and overturned. The employee sustained bleeding on the brain, a fractured collarbone, and a fractured finger.",1,PROJECT_ANNOTATED_AI_ASSISTED,0,0,1,0,0,0,0,0,0
OILPS_OSHA_03742,OSHA,A crew was pulling pipe out of the hole and laying pipe/joint one at a time. The injured employee was laying down a drill collar after removing it when the collar swung and pinched their left little finger against a stationary part. The finger was amputated at the first joint.,0,PROJECT_ANNOTATED_AI_ASSISTED,0,0,0,0,0,0,0,0,0
OILPS_OSHA_00427,OSHA,"An employee was working in front of the side boom when the employee tripped and fell. The side boom moved forward several feet, and the boom track ran over the employee, fracturing their right leg and foot.",0,PROJECT_ANNOTATED_AI_ASSISTED,0,0,0,0,0,0,0,0,0
OILPS_OSHA_02339,OSHA,An employee was standing on the side of a skid plate while waiting for a welding box to be delivered. A second employee was driving a golf cart to bring the first employee the welding box. The welding box fell onto the accelerator pedal while the driver was approaching the first employee. The golf cart then struck the first employee on the back of his right leg and pushed him onto the skid plate. He sustained a fractured leg.,2,PROJECT_ANNOTATED_AI_ASSISTED,0,0,1,0,1,0,0,0,0
OILPS_OSHA_01923,OSHA,"An employee was performing maintenance on a heater treater. When he opened the heater treater door an explosion occurred. The employee sustained hand, body, and face burns.",1,PROJECT_ANNOTATED_AI_ASSISTED,0,0,0,0,1,0,0,0,0
OILPS_OSHA_03483,OSHA,"An employee was painting pipeline risers. After he completed painting, the employee was cleaning the paint sprayer nozzle with mineral spirits (petroleum base solvent used as paint thinner) when his right hand slipped, causing cleaning solvent to inject into the lower front portion of his left middle finger. The employee was hospitalized and had surgery.",0,PROJECT_ANNOTATED_AI_ASSISTED,0,0,0,0,0,0,0,0,0
OILPS_OSHA_01348,OSHA,An employee stepped into an area where hot condensate was present and sustained a condensate burn to the lower right leg.,0,PROJECT_ANNOTATED_AI_ASSISTED,0,0,0,0,0,0,0,0,0
OILPS_OSHA_03589,OSHA,An employee removed the spark plugs and was rotating an engine to evacuate condensate from the cylinders. An unknown source ignited the condensate and natural gas. The employee sustained burns to the back of his hands and upper leg area.,1,PROJECT_ANNOTATED_AI_ASSISTED,0,0,0,0,1,0,0,0,0
OILPS_OSHA_00576,OSHA,An employee was using a pressure washer at an oil and gas site. The water pressure was approximately 1400 psi. He lost control of the hose and the wand struck the employee's left hand causing a laceration between the thumb and wrist. The employee was hospitalized overnight.,1,PROJECT_ANNOTATED_AI_ASSISTED,0,0,0,1,0,0,0,0,0
OILPS_OSHA_02476,OSHA,"A maintenance employee was attempting to repair/replace an inoperative breaker to a hot oil furnace when an electrical arc flash occurred, causing first degree burns to the employee's hands.",1,PROJECT_ANNOTATED_AI_ASSISTED,0,0,0,1,0,0,0,0,0
OILPS_OSHA_02861,OSHA,"On July 26, 2021, an employee was hydroblasting using a 5,500 psi water blast gun with a 66-inch barrel. The barrel was run across the top of his left boot, lacerating the top of the foot. He was hospitalized, requiring cleaning and stitches for the wound.",1,PROJECT_ANNOTATED_AI_ASSISTED,0,0,0,1,0,0,0,0,0
OILPS_OSHA_01187,OSHA,"An employee was at the top of a fixed ladder mounted on the interior of a 10-foot deep trench box. It was raining and the employee's feet and the ladder were wet. The employee slipped off the ladder and fell onto his back on the plywood flooring of the excavation, sustaining a back injury.",1,PROJECT_ANNOTATED_AI_ASSISTED,0,0,0,0,0,0,0,0,1
OILPS_OSHA_02361,OSHA,"On October 15, 2019, an employee was attempting to secure a barge when his right hand was crushed and lacerated by the winch wheel.",1,PROJECT_ANNOTATED_AI_ASSISTED,0,0,0,0,0,0,1,0,0
OILPS_OSHA_02318,OSHA,"An employee was standing on the floor of a drilling rig while hooking up a Kelly hose to a pipe. The hose struck him below the left shoulder blade, and he rolled off the rig and fell to the ground. He suffered kidney trauma, broken ribs, and a liver laceration.",0,PROJECT_ANNOTATED_AI_ASSISTED,0,0,0,0,0,0,0,0,0
OILPS_OSHA_02044,OSHA,An employee was preparing to load asphalt into a truck. The employee was about to line up the hose into the opening of the truck when the asphalt in the tanker flashed causing second degree burns to the employee's face and arms.,1,PROJECT_ANNOTATED_AI_ASSISTED,0,0,1,0,0,0,0,0,0
OILPS_OSHA_03476,OSHA,An employee was exposed to hydrogen sulfide while loading crude oil. The employee was hospitalized.,2,PROJECT_ANNOTATED_AI_ASSISTED,0,1,0,0,0,0,0,1,0
OILPS_OSHA_03937,OSHA,An employee was handing a hot welding torch to his employer when the welding tip touched the employee's left hand between the knuckle and wrist. The employee sustained a burn to the hand.,1,PROJECT_ANNOTATED_AI_ASSISTED,0,0,0,0,1,0,0,0,0
OILPS_OSHA_00950,OSHA,"An employee was cutting a fallen tree that was laying on a telephone cable. When the tree was cut, pressure was released on the telephone cable, which sprung back up and threw the limb toward the employee. He suffered a contusion to the right side of his face.",1,PROJECT_ANNOTATED_AI_ASSISTED,0,0,0,1,0,0,0,0,0
OILPS_OSHA_03485,OSHA,"An employee was pressure washing a gas compression unit when they stepped off a 3-foot high skid and fell to the ground, sustaining an ankle fracture.",1,PROJECT_ANNOTATED_AI_ASSISTED,0,0,0,1,0,0,0,0,0
OILPS_OSHA_01941,OSHA,"A foreman and his crew were about to take a section of a crane hook and move it into position. The foreman stopped work, noticing something wrong, and the pipe shifted and struck his hands while they were on the handrail. He suffered amputation injuries to his left ring and little fingers.",1,PROJECT_ANNOTATED_AI_ASSISTED,0,0,0,0,0,0,1,0,0
OILPS_OSHA_03730,OSHA,"An employee was signaling a forklift operator as a 20-foot-long, 4-inch-thick section of steel pipe was lowered. The pipe came loose and fell striking the employee's head and shoulder. The employee sustained a head laceration and fractured ribs.",1,PROJECT_ANNOTATED_AI_ASSISTED,0,0,0,0,0,0,1,0,0
OILPS_OSHA_01664,OSHA,"An employee was driving a side-boom operator across a temporary bridge. The bridge collapsed and the machine rolled slightly and came to rest at about a 45 degree angle. As the employee disconnected his seat belt, he fell from the machine and landed in the creek bed on his back. The fall caused hairline fractures to his scapula and a rib.",1,PROJECT_ANNOTATED_AI_ASSISTED,0,0,0,0,0,0,0,0,1
OILPS_OSHA_02187,OSHA,"An employee was removing a transducer when high pressure fluid struck his hand, penetrating his skin.",1,PROJECT_ANNOTATED_AI_ASSISTED,0,0,0,1,0,0,0,0,0
OILPS_OSHA_02670,OSHA,"An employee was using a rake to grade hot asphalt in a parking lot. The employee tripped over a car stop and fell onto the hot asphalt, suffering second- and third-degree burns to the lower back and arm. The employee was hospitalized.",0,PROJECT_ANNOTATED_AI_ASSISTED,0,0,0,0,0,0,0,0,0
OILPS_OSHA_03091,OSHA,"An employee was lifting a 100-pound exhaust manifold off an engine using a service truck crane. While he was maneuvering the manifold toward the bed of his truck, it struck his left index finger and caught it against a pressure relief valve. He suffered a laceration and fracture to the finger and was hospitalized.",3,PROJECT_ANNOTATED_AI_ASSISTED,0,0,1,1,0,0,1,0,0
OILPS_OSHA_01659,OSHA,"An employee was operating a blender. Noticing that a booster pump was running, he began walking toward it to turn it off. The booster pump deadheaded, causing pressure and steam to build up in the line, and as the employee approached an 8-inch suction hose broke loose from the pump and struck him in the lower left leg. He suffered a compound fracture to the left leg and second-degree steam burns to the torso.",1,PROJECT_ANNOTATED_AI_ASSISTED,0,0,0,1,0,0,0,0,0
OILPS_OSHA_01826,OSHA,"An employee was offloading hydrochloric acid (15% concentration) when the employee was sprayed in the face, suffering acid burns to the face and eyes.",1,PROJECT_ANNOTATED_AI_ASSISTED,0,0,0,0,0,0,0,1,0
OILPS_OSHA_02570,OSHA,"An employee was climbing down a ladder on a tanker truck. The pneumatic guardrail system on the top of the truck retracted and struck the employee. The employee fell to the ground, suffering broken bones.",2,PROJECT_ANNOTATED_AI_ASSISTED,0,0,1,0,0,0,0,0,1
OILPS_OSHA_01754,OSHA,"An employee slipped and twisted his right ankle while attempting to carry a 50-pound bag of seed, fracturing his fibula and tibia.",0,PROJECT_ANNOTATED_AI_ASSISTED,0,0,0,0,0,0,0,0,0
OILPS_OSHA_01781,OSHA,"During the breaking of a connection, an employee was holding a ""mud bucket"" against a pipe to minimize the splashing of mud on an oil rig floor. As the two pieces of pipe were moved apart, a spray of mud caused the employee to fall and hit his head on a piece of equipment behind him. He suffered a scalp laceration and a skull fracture.",0,PROJECT_ANNOTATED_AI_ASSISTED,0,0,0,0,0,0,0,0,0
OILPS_OSHA_03667,OSHA,"An employee was trying to restart an engine on a compressor that went down. The engine flywheel and starter were not aligned. The employee attempted to use a bar to roll over the flywheel when built-up air pressure caused the entire engine to roll over. The bar then slammed into the employee's left arm, resulting in an injury.",1,PROJECT_ANNOTATED_AI_ASSISTED,0,0,0,1,0,0,0,0,0
OILPS_OSHA_02951,OSHA,An employee was climbing a fixed ladder. The employee fell about 9 feet to the concrete floor and suffered a right hip fracture and right leg fractures.,1,PROJECT_ANNOTATED_AI_ASSISTED,0,0,0,0,0,0,0,0,1
OILPS_OSHA_02635,OSHA,"An employee was working at a treatment facility construction site. A flatbed had transported a single platform about 1 mile to the site. The platform was strapped onto the flatbed and had wood blocks to keep it from moving. During the transport, one of the pieces of wood vibrated out of position. When the employee released the ratcheted straps, the tubular steel frame platform toppled over and off the flatbed. The platform struck and broke his left leg. He was hospitalized and had surgery.",1,PROJECT_ANNOTATED_AI_ASSISTED,0,0,0,0,0,0,1,0,0
OILPS_OSHA_01333,OSHA,"An employee was operating a vacuum truck when the hose became disconnected and began spraying hot fluid. A fire and then explosion occurred, and the employee suffered serious burns.",2,PROJECT_ANNOTATED_AI_ASSISTED,0,0,1,0,1,0,0,0,0
OILPS_OSHA_03795,OSHA,An employee was filling a 150-gallon water tank on a drilling rig truck. The pressure of the hose at the water station threw the employee from the platform to the ground 4.5 feet below. The employee suffered broken ribs and a head injury and was hospitalized.,2,PROJECT_ANNOTATED_AI_ASSISTED,0,0,1,1,0,0,0,0,0
OILPS_OSHA_03239,OSHA,"During the filming of a television scene, an employee tripped on the electrical cord for a Christmas tree. She fell to the floor and suffered a broken left hip.",0,PROJECT_ANNOTATED_AI_ASSISTED,0,0,0,0,0,0,0,0,0
OILPS_OSHA_01898,OSHA,An employee slipped on ice/snow and broke his ankle.,0,PROJECT_ANNOTATED_AI_ASSISTED,0,0,0,0,0,0,0,0,0
OILPS_OSHA_00678,OSHA,"An employee was performing tank gauging on a produced water tank. After opening the tank's thief hatch, the employee was exposed to hydrogen sulfide, suffering headaches and nausea.",2,PROJECT_ANNOTATED_AI_ASSISTED,0,1,0,0,0,0,0,1,0
OILPS_OSHA_00585,OSHA,"An employee was grinding on a structural handrail for a work platform with a grating floor. The employee lost control of the grinder, which lacerated and fractured his left index finger. His left index fingertip was surgically amputated.",1,PROJECT_ANNOTATED_AI_ASSISTED,0,0,0,0,1,0,0,0,0
OILPS_OSHA_00748,OSHA,"An employee slipped on water droplets on the floor and fell, breaking her left hip and right ankle.",0,PROJECT_ANNOTATED_AI_ASSISTED,0,0,0,0,0,0,0,0,0
OILPS_OSHA_00088,OSHA,"On or before February 19, 2015, an employee slipped and fell on ice while carrying a 2-inch x 30-foot-long piece of pipe, resulting in a tibia/fibula fracture to the right leg.",0,PROJECT_ANNOTATED_AI_ASSISTED,0,0,0,0,0,0,0,0,0
OILPS_OSHA_01005,OSHA,An employee was helping to sandblast an underground pipe with a hose and sandblasting wand when the wand pointed at his arm and released sandblasting material under high pressure. He suffered a serious arm abrasion.,1,PROJECT_ANNOTATED_AI_ASSISTED,0,0,0,1,0,0,0,0,0
OILPS_OSHA_01606,OSHA,An employee was hospitalized due to heat exhaustion.,0,PROJECT_ANNOTATED_AI_ASSISTED,0,0,0,0,0,0,0,0,0
OILPS_OSHA_03388,OSHA,"Two employees were working on an empty above-ground 2,500-barrel crude oil tank. Employee 1 was welding while employee 2 was watching. Employee 1 saw fire behind the welding smoke and notified employee 2. Before they could get off the tank, they both fell in the tank and sustained burns from the fire.",1,PROJECT_ANNOTATED_AI_ASSISTED,0,0,0,0,1,0,0,0,0
OILPS_OSHA_01046,OSHA,"An employee was standing on the wheel well of a sweeper vehicle. He was checking the radiator water level immediately after shutting the machine down. As he was filling the radiator with water, it began to bubble up, so he dismounted the machine. He landed oddly on the ground and fractured his left leg above the ankle.",1,PROJECT_ANNOTATED_AI_ASSISTED,0,0,1,0,0,0,0,0,0
OILPS_OSHA_00275,OSHA,"A crane was removing a heater from a platform. The heater was lifted up to tighten the chains before resuming the lift, but the heater stack (7 ft. pipe) broke off of the heater. The broken piece struck an employee, who suffered a severe concussion and broken bones in the neck.",1,PROJECT_ANNOTATED_AI_ASSISTED,0,0,0,0,0,0,1,0,0
OILPS_OSHA_03212,OSHA,An employee was transferring an oil/gas scrubber into a scrap bin. The employee's arm was caught and broken between the scrubber and the wall of the bin.,0,PROJECT_ANNOTATED_AI_ASSISTED,0,0,0,0,0,0,0,0,0
OILPS_OSHA_01486,OSHA,"Employees were working at a steam/hot water-filled drain box and had removed the cover for the drain box. An employee was walking into the area to hook up a vacuum truck when he stepped into the uncovered drain box. He suffered burns to both lower legs, requiring hospitalization.",1,PROJECT_ANNOTATED_AI_ASSISTED,0,0,1,0,0,0,0,0,0
OILPS_OSHA_03366,OSHA,"An employee was participating in work over rig operations. As they were tying ahead, they were caught in the spool and sustained fractures of the tibia, fibula, scapula, and pelvis.",1,PROJECT_ANNOTATED_AI_ASSISTED,0,0,0,0,0,1,0,0,0
OILPS_OSHA_00991,OSHA,An employee was struck in the shoulder by a casing pipe during a well completion operation. The employee then suffered a reaction to painkillers.,0,PROJECT_ANNOTATED_AI_ASSISTED,0,0,0,0,0,0,0,0,0
OILPS_OSHA_03067,OSHA,An employee was assisting with moving a length of pipe. The employee tripped and was run over by an excavator resulting in fractures to the lower body.,0,PROJECT_ANNOTATED_AI_ASSISTED,0,0,0,0,0,0,0,0,0
OILPS_OSHA_02645,OSHA,"On September 9, 2020, an employee was attempting to start a vibrating tamper in order to continue compacting backfill material in a completed excavation. The employee pulled the starter cord multiple times. After the pull which started the engine, the pull cord of the vibrating tamper did not recoil correctly. The employee gathered the excess cord in his left hand in order to prevent an additional slip, trip, or fall hazard. When he engaged the throttle of the machine with his right hand, the pull cord retracted, wrapped around the employee s left thumb, and caused a partial amputation of the thumb tip.",0,PROJECT_ANNOTATED_AI_ASSISTED,0,0,0,0,0,0,0,0,0
OILPS_OSHA_02844,OSHA,An employee was attempting to free a hydraulic line. When the coil tubing was freed it struck the employee in the head causing a skull fracture and a laceration that required stitches.,0,PROJECT_ANNOTATED_AI_ASSISTED,0,0,0,0,0,0,0,0,0
OILPS_OSHA_02549,OSHA,"An employee had unloaded a tracked drill rig off of a trailer and started to drill when the employee's pant leg became caught in the drill auger. As a result, the employee suffered a fracture to the left fibula with contusions and a hematoma, requiring hospitalization.",1,PROJECT_ANNOTATED_AI_ASSISTED,0,0,0,0,0,1,0,0,0
OILPS_OSHA_02384,OSHA,An employee was in the office shutting down for the day. The employee impacted the back of their head on an unknown object and was hospitalized with a head injury.,0,PROJECT_ANNOTATED_AI_ASSISTED,0,0,0,0,0,0,0,0,0
OILPS_OSHA_02806,OSHA,"A crew had put their tools down after pressure-washing the outsides of two oil tanks. As they walked away, one of the tanks exploded. One of the employees suffered second- and third-degree burns on the back, from the waist up.",1,PROJECT_ANNOTATED_AI_ASSISTED,0,0,0,1,0,0,0,0,0
OILPS_OSHA_02708,OSHA,"An employee was standing within proximity of the drilling pipes as the pipes were being tightened with a wrench and the bucket of a mini excavator. The wrench that was held in place by the excavator bucket slipped, causing the drill pipe to move uncontrollably and strike the employee in the head. The employee sustained a concussion and a cut/laceration.",0,PROJECT_ANNOTATED_AI_ASSISTED,0,0,0,0,0,0,0,0,0
OILPS_OSHA_02381,OSHA,"An employee was attempting to tack weld and repair a tubular steel livestock gate. The gate was in a bind due to a broken component and was positioned in such a way that a gap was present between the broken component and anchoring rail. As the employee placed the left hand on the anchoring rail, it dropped, pinching the soft tissue of the employee's left index finger between the component and anchor. As the employee pulled the hand back, the employee's left index finger was amputated (without bone loss).",1,PROJECT_ANNOTATED_AI_ASSISTED,0,0,0,0,0,0,1,0,0
OILPS_OSHA_01886,OSHA,An employee's hand was on a cable that was being used to lift a pipe from a rig when his finger was amputated.,0,PROJECT_ANNOTATED_AI_ASSISTED,0,0,0,0,0,0,0,0,0
OILPS_OSHA_02719,OSHA,"At 1:24 p.m. on January 11, 2021, an employee was assisting with curbside Christmas tree pickup when he slipped on ice and fell backward, striking the back of his head on the side of the truck and then on the ground. The employee suffered a left parietal non-displaced skull fracture.",1,PROJECT_ANNOTATED_AI_ASSISTED,0,0,1,0,0,0,0,0,0
OILPS_OSHA_03166,OSHA,"An employee was pushing back a stand of drill pipe on a rig floor. He slipped and fell forward, putting his hands out in front of him to brace his fall. The drill pipe moved back slightly and pinched his right index and middle fingers against the rig floor, resulting in the amputation of the two fingertips above the first knuckle.",0,PROJECT_ANNOTATED_AI_ASSISTED,0,0,0,0,0,0,0,0,0
OILPS_OSHA_00269,OSHA,An employee was inside a manhole when a 2x4 fell into the hole and hit the top of his finger that was grasping the ladder amputating it.,1,PROJECT_ANNOTATED_AI_ASSISTED,0,0,0,0,0,0,0,0,1
OILPS_OSHA_00018,OSHA,"Employee slipped on ice and broke femur while working on well site in the vicinity of the Anderson 1-4-H location near Williston, North Dakota.",0,PROJECT_ANNOTATED_AI_ASSISTED,0,0,0,0,0,0,0,0,0
OILPS_OSHA_00810,OSHA,An employee was loading out components of a stacked drilling rig when a beam flipped over and struck the employee. The employee suffered a broken leg and fractured ribs.,0,PROJECT_ANNOTATED_AI_ASSISTED,0,0,0,0,0,0,0,0,0
OILPS_OSHA_02035,OSHA,"Two employees were in a trailer. A lit cigarette ignited gas that had leaked from a propane tank in the trailer, causing an explosion. Both employees suffered second-and third- degree burns to the hands, arms, and face.",1,PROJECT_ANNOTATED_AI_ASSISTED,0,0,0,0,1,0,0,0,0
OILPS_OSHA_03651,OSHA,"An employee was walking along a narrow rural roadway toward the back of a digger derrick truck as another digger derrick truck was moving forward from the opposite direction, passing the parked vehicle. The employee's foot was run over by the tire of the vehicle. The employee sustained fractures to the top of the right foot and a dislocated big toe.",2,PROJECT_ANNOTATED_AI_ASSISTED,0,0,1,0,0,0,0,0,1
OILPS_OSHA_01146,OSHA,"An employee was servicing an oil rig when a rod transfer became hung up, came loose, and struck the employee, knocking him out of a rod basket. He landed face first on a tubing board and broke his leg, jaw, nose, and other facial bones.",0,PROJECT_ANNOTATED_AI_ASSISTED,0,0,0,0,0,0,0,0,0
OILPS_OSHA_00068,OSHA,"An employee was injured and hospitalized after stepping into a containment dike sump area. The containment area is approximately 18 inches deep and is siphoned out of the sump with a steam siphon. At the time of the incident, the siphon was plugged in, which resulted in steam being diverted back into the sump and the water being heated. The employee was burned from about his left knee to his left foot.",0,PROJECT_ANNOTATED_AI_ASSISTED,0,0,0,0,0,0,0,0,0
OILPS_OSHA_00589,OSHA,"While stepping onto an assembly, an employee tripped on the edge and fell forward. The employee's jaw struck an angle iron and broke in three places.",0,PROJECT_ANNOTATED_AI_ASSISTED,0,0,0,0,0,0,0,0,0
OILPS_OSHA_00978,OSHA,"An employee was on top of the tanker truck loading fuel into the tanker. The vapors ignited causing an explosion and throwing the employee 20 feet into the air. The employee suffered third degree burns, broken bones and internal bleeding.",2,PROJECT_ANNOTATED_AI_ASSISTED,0,0,1,0,1,0,0,0,0
OILPS_OSHA_00994,OSHA,"While climbing a ladder to an acid gas/ammonia gas drum platform, an employee missed the second rung from the top of the ladder and fell approximately 7 feet. The employee suffered a fractured hip and lacerated elbow.",2,PROJECT_ANNOTATED_AI_ASSISTED,0,0,0,0,0,0,0,1,1
OILPS_OSHA_02782,OSHA,"An employee arrived at a location to shut some production wells. While walking through the location, the employee tripped on a 1-inch piece of pipe and fell to the ground on their right side. The employee sustained a fractured hip requiring hospitalization.",0,PROJECT_ANNOTATED_AI_ASSISTED,0,0,0,0,0,0,0,0,0
OILPS_OSHA_02185,OSHA,"An employee was replacing catalyst parts in the heat and became ill due to heat exhaustion, requiring hospitalization.",0,PROJECT_ANNOTATED_AI_ASSISTED,0,0,0,0,0,0,0,0,0
OILPS_OSHA_01687,OSHA,"An employee was working outside on July 17, 2018, preparing for the next day's job when he started not feeling well. The next day, July 18, 2018, the employee was at a customer location working and started vomiting and was unable to keep any fluids down. The employee was hospitalized for heat exhaustion and renal failure.",0,PROJECT_ANNOTATED_AI_ASSISTED,0,0,0,0,0,0,0,0,0
OILPS_OSHA_02089,OSHA,"An employee was vacuuming catalyst inside a confined space. A piece of the catalyst rolled down from the pile and struck his leg, breaking the femur. He was hospitalized.",1,PROJECT_ANNOTATED_AI_ASSISTED,0,1,0,0,0,0,0,0,0
OILPS_OSHA_00100,OSHA,"An employee was attaching a compressor to a skid with a pneumatic impact driver. The employee's finger got caught in the driver, which tore off his fingertip; the injury did not involve the bone.",2,PROJECT_ANNOTATED_AI_ASSISTED,0,0,1,0,0,1,0,0,0
OILPS_OSHA_02026,OSHA,An employee was flushing out the coil tubing due to a frozen line. He started hammering on the line and it broke apart. He was struck in the chest by the high pressure hose.,1,PROJECT_ANNOTATED_AI_ASSISTED,0,0,0,1,0,0,0,0,0
OILPS_OSHA_03126,OSHA,"An employee was tasked with offloading a marine vessel. He was resetting the loading arm back into place when his left hand was caught between the load arm head and a fixed dock component, amputating his index and middle fingertips.",0,PROJECT_ANNOTATED_AI_ASSISTED,0,0,0,0,0,0,0,0,0
OILPS_OSHA_02971,OSHA,"An employee was on a landing above a frac tank. The employee put a strap stick into the tank; when it hit the bottom of the tank, the fluids in the tank ignited. The flash fire caused the employee to jump or fall, and he suffered two broken legs as well as burns to the arm.",1,PROJECT_ANNOTATED_AI_ASSISTED,0,0,0,0,1,0,0,0,0
OILPS_OSHA_00097,OSHA,Employee was changing out a piece of pipe while installing underground conduits on a directional drilling rig. He was struck by a wrench. The employee was taken to the hospital with injuries to his forearm.,1,PROJECT_ANNOTATED_AI_ASSISTED,0,0,0,0,0,1,0,0,0
OILPS_OSHA_01278,OSHA,"Two employees were removing ball valves. When the employees began to install the gaskets, a flash fire occurred. One employee suffered burns to the face.",1,PROJECT_ANNOTATED_AI_ASSISTED,0,0,0,0,1,0,0,0,0
OILPS_OSHA_01763,OSHA,"An employee was dismantling a lubricant barrel with a torch when it exploded. The explosive force blew out the bottom of the drum, which flew up and struck the employee's face, smashing the welding helmet he was wearing, sending him backwards, and causing him to hit his head on the concrete floor. He suffered facial lacerations, a skull fracture, and bleeding on the brain.",1,PROJECT_ANNOTATED_AI_ASSISTED,0,0,0,0,1,0,0,0,0
OILPS_OSHA_00773,OSHA,"Employees were installing grating that consisted of 4 sheets (approximately 4 feet by 5 feet), cumulatively weighing approximately 800 pounds. When the employees disconnected the load from the crane, they realized the corner of the grating rested on the edge of an existing guard rail toe plate. The injured employee attempted to lift the grating upwards while his coworker used a spud wrench to shift the grating off the toe plate. The grating shifted and caught the injured employee's left index finger between the grating and structural steel. He suffered an avulsion to his left index finger flesh beneath his fingertip, which was crushed and cut. He required surgery and was hospitalized overnight.",1,PROJECT_ANNOTATED_AI_ASSISTED,0,0,0,0,0,0,1,0,0
OILPS_OSHA_02945,OSHA,"An employee was removing a high-density polyethylene (HDPE) flange from a steel host pipe that had an HDPE liner installed. As the liner seal was broken, a puff of gas that was trapped in the annular space between the liner and steel pipe was released and ignited. The fire caused second degree burns to the employee's wrists and face.",0,PROJECT_ANNOTATED_AI_ASSISTED,0,0,0,0,0,0,0,0,0
OILPS_OSHA_02138,OSHA,Two employees were welding pipe when the 9x9 steel welding hut blew over due to a microburst. One employee was hospitalized for a fractured leg and hip.,1,PROJECT_ANNOTATED_AI_ASSISTED,0,0,0,0,1,0,0,0,0
OILPS_OSHA_03552,OSHA,"At a remote location, the injured employee was running a pig through the pipeline when the pig became stuck. As the employee was venting gas to the atmosphere to free the pig, a spark ignited the gas vapors, causing the employee to sustain second-degree burns to their face and left elbow.",1,PROJECT_ANNOTATED_AI_ASSISTED,0,0,0,0,1,0,0,0,0
OILPS_OSHA_00583,OSHA,"Two employees were setting a steel beam that was attached to the choker of a crane. The crane operator picked up the beam and started cabling up. As the beam started rising, it became caught on part of the structure. The crane continued to pull up. The beam broke loose from the structure that it was caught on and swung free, striking the two employees. One of the employees was hospitalized with fractured ribs, pulmonary contusions, and a collapsed lung.",1,PROJECT_ANNOTATED_AI_ASSISTED,0,0,0,0,0,0,1,0,0
OILPS_OSHA_02325,OSHA,An employee was helping re-spool the winch line on a tubing tester truck when the line caught his right hand. Four fingers were amputated.,2,PROJECT_ANNOTATED_AI_ASSISTED,0,0,1,0,0,0,1,0,0
OILPS_OSHA_03357,OSHA,"Employee 1 was setting up his survey instrument at the edge of a concrete apron surrounding an 11-foot-deep concrete utility vault with a 9x9 steel access cover/lid. Employee 2, then walked behind employee 1, stepping onto the steel vault access cover/lid. The cover gave way, causing employee 2 and the steel vault cover to fall into the vault approximately 11 feet below. Employee 1 fell 8 feet, striking an existing pipeline valve located within the vault. Employee 2 was hospitalized for fractures to the ribs on the left side. Employee 1 did not require hospitalization.",2,PROJECT_ANNOTATED_AI_ASSISTED,0,1,0,0,0,0,0,0,1
OILPS_OSHA_01723,OSHA,An employee was working outdoors and became ill due to heat exhaustion.,0,PROJECT_ANNOTATED_AI_ASSISTED,0,0,0,0,0,0,0,0,0
OILPS_OSHA_02436,OSHA,An employee was walking toward equipment when the employee tripped on a 2-inch pipe on the ground. The employee hit their nose and upper lip and suffered a dislocated shoulder.,0,PROJECT_ANNOTATED_AI_ASSISTED,0,0,0,0,0,0,0,0,0
OILPS_OSHA_01782,OSHA,"While an employee was using a manual post driver, his left middle finger was trapped between the driver and a post. The fingertip was crushed; he was hospitalized, and the tip was medically amputated.",1,PROJECT_ANNOTATED_AI_ASSISTED,0,0,1,0,0,0,0,0,0
OILPS_OSHA_02027,OSHA,The rig crew was topping off the well with fluid when the operator noticed that the gauge was reading 0 psi. The rig operator leaned over the well head to check for flow inside the well head when an ice plug that had formed released from the well head and struck the employee in the face. The employee suffered injuries to his face and eyes.,1,PROJECT_ANNOTATED_AI_ASSISTED,0,0,0,1,0,0,0,0,0
OILPS_OSHA_02047,OSHA,"At about 11:20 a.m. on March 14, 2019, a truck driver was working on top of a tractor trailer to check the fuel level. A gust of wind blew the employee off the top of the trailer. The employee suffered broken bones and was hospitalized.",1,PROJECT_ANNOTATED_AI_ASSISTED,0,0,1,0,0,0,0,0,0
OILPS_OSHA_04139,OSHA,An employee was performing gas service work outdoors in extreme heat when they became ill. The employee was hospitalized with dehydration.,0,PROJECT_ANNOTATED_AI_ASSISTED,0,0,0,0,0,0,0,0,0
OILPS_OSHA_00285,OSHA,An employee was hospitalized for complications due to a muscle injury after working on the battery.,0,PROJECT_ANNOTATED_AI_ASSISTED,0,0,0,0,0,0,0,0,0
OILPS_OSHA_01540,OSHA,"Employees were rigging down and started removing fluid from a line. They placed a clamp at one end of the line, but the clamp loosened and two employees were struck. One employee was hospitalized with internal injuries.",1,PROJECT_ANNOTATED_AI_ASSISTED,0,0,0,0,0,0,1,0,0
OILPS_OSHA_02560,OSHA,"Three employees were cleaning a heater treater when a gas build-up caused an explosion in the building. Two of the employees received minor injuries; the third was hospitalized, having suffered a severe laceration across the forehead, burns to the face and neck, and a fractured spine.",1,PROJECT_ANNOTATED_AI_ASSISTED,0,0,0,0,1,0,0,0,0
OILPS_OSHA_00321,OSHA,"An employee was installing light posts when the derrick truck swung the light post and contacted the power line behind them. The trailer holding the post became energized, and the employee received severe electrical burns.",2,PROJECT_ANNOTATED_AI_ASSISTED,0,0,1,0,0,0,0,0,1
OILPS_OSHA_00368,OSHA,"An employee was repairing a cooling fan and replacing the fan belt. The employee was using a screw driver to put the belt on when it slipped, catching the employee's finger between the pulley and fan belt. The employee's left fingertip was amputated.",1,PROJECT_ANNOTATED_AI_ASSISTED,0,0,1,0,0,0,0,0,0
OILPS_OSHA_01467,OSHA,"An employee was moving a panel switch to the open position on a 480-volt motor control center breaker when an electrical arc flash occurred, burning the employee's eyes, face, neck, and hands.",1,PROJECT_ANNOTATED_AI_ASSISTED,0,0,0,1,0,0,0,0,0
OILPS_OSHA_00474,OSHA,"An employee was offloading iron from a trailer when the employee's right index finger got caught between a 4-inch iron, which fell from above, and the edge of the trailer.",1,PROJECT_ANNOTATED_AI_ASSISTED,0,0,0,0,0,0,0,0,1
OILPS_OSHA_01706,OSHA,"The governor on a portable welder had been replaced. While an employee was checking the wiring behind the governor, a coolant fan blade broke his left index finger and caused tendon damage and lacerations on the other fingers.",0,PROJECT_ANNOTATED_AI_ASSISTED,0,0,0,0,0,0,0,0,0
OILPS_OSHA_00277,OSHA,"An employee got caught between a trailer and truck while directing the truck driver to back up. The employee's leg was crushed, and the employee was hospitalized.",1,PROJECT_ANNOTATED_AI_ASSISTED,0,0,1,0,0,0,0,0,0
OILPS_OSHA_01177,OSHA,An employee suffered an electric shock and/or burns on the hands and fingers while installing distribution lines.,0,PROJECT_ANNOTATED_AI_ASSISTED,0,0,0,0,0,0,0,0,0
OILPS_OSHA_04225,OSHA,"The injured employee was inserting the nozzle of a tubing tester into the testing bars when the tubing tester lowered the bars. The injured employee's finger was crushed between the nozzle and the wiper plate, resulting in amputation of the distal right index fingertip.",0,PROJECT_ANNOTATED_AI_ASSISTED,0,0,0,0,0,0,0,0,0
OILPS_OSHA_01050,OSHA,"An employee was welding on a mud pump when an explosion occurred. A pipe cap blew off and hit his stomach, injuring his spleen.",1,PROJECT_ANNOTATED_AI_ASSISTED,0,0,0,0,1,0,0,0,0
OILPS_OSHA_02355,OSHA,"An employee was a spotter for a forklift operator. He was walking backwards when he stumbled and fell to the ground. The forklift driver stopped and the load (pit liner material roll) rolled off the forks, striking the employee and breaking his legs.",2,PROJECT_ANNOTATED_AI_ASSISTED,0,0,1,0,0,0,1,0,0
OILPS_OSHA_01842,OSHA,"An employee was flagging trucks into a job site when a pickup truck drove through the construction zone and struck the employee, who suffered two broken ribs and a bruised elbow.",1,PROJECT_ANNOTATED_AI_ASSISTED,0,0,1,0,0,0,0,0,0
OILPS_OSHA_03986,OSHA,"An employee was walking across a concrete parking lot when they slipped and fell on a patch of ice, resulting in a fractured leg.",0,PROJECT_ANNOTATED_AI_ASSISTED,0,0,0,0,0,0,0,0,0
OILPS_OSHA_01175,OSHA,"An employee was opening a high-pressure relief valve with a pressure bar. He was pulling down on the bar when it gave way, causing him to fall on the second bar. He tore his left triceps and bicep.",1,PROJECT_ANNOTATED_AI_ASSISTED,0,0,0,1,0,0,0,0,0
OILPS_OSHA_01036,OSHA,"On June 5, 2017, an employee was rebuilding a bench cylinder when pressure began building in the cylinder and released. The cylinder then struck the employee in the abdomen and pushed the employee into a locker. The employee suffered internal bleeding and crushing injuries, requiring hospitalization.",1,PROJECT_ANNOTATED_AI_ASSISTED,0,0,0,1,0,0,0,0,0
OILPS_OSHA_03594,OSHA,"An employee was preparing a pump for maintenance. When the employee removed a cover, chemicals were released into the air. The employee was exposed to hydrogen sulfide and methyl mercaptan and was hospitalized.",2,PROJECT_ANNOTATED_AI_ASSISTED,0,1,0,0,0,0,0,1,0
OILPS_OSHA_01603,OSHA,"An employee was attaching a tong to a pipe when his left leg was caught in the tong pull line and the drill string, resulting in a left leg amputation.",1,PROJECT_ANNOTATED_AI_ASSISTED,0,0,0,0,0,1,0,0,0
OILPS_OSHA_03145,OSHA,An employee was checking around a work area. The employee tripped on a ground rod that was sticking up about 2 inches from the ground and suffered a broken left knee.,0,PROJECT_ANNOTATED_AI_ASSISTED,0,0,0,0,0,0,0,0,0
OILPS_OSHA_03511,OSHA,Employees were engaging in horseplay when the injured employee lost his balance and fell from the back of a digger derrick truck to the ground. The employee's leg was fractured in two places.,2,PROJECT_ANNOTATED_AI_ASSISTED,0,0,1,0,0,0,0,0,1
OILPS_OSHA_03596,OSHA,"An employee was cleaning a sight glass on a gas separation machine that was located on top of a self contained/self evacuating tank. When the valve that connected the well bore to the gas separation machine was opened, gas/vapor ignited, causing a flash fire that burned the employee's face and hands.",1,PROJECT_ANNOTATED_AI_ASSISTED,0,0,0,0,1,0,0,0,0
OILPS_OSHA_03680,OSHA,An employee was trying to lower the level on a condensate boiler by opening a pump case drain line. The plugged condensate line shifted unexpectedly and pinched the employee's left hand against a stanchion. The employee suffered burns to the hand.,0,PROJECT_ANNOTATED_AI_ASSISTED,0,0,0,0,0,0,0,0,0
OILPS_OSHA_03207,OSHA,"A drill collar was being lowered from a higher elevation pad next to the location where the rig was located. An employee placed a board as a chock under the drill collar. As the forklift forks were being removed from under the collar, the collar started to roll. The drill collar caught the right edge of the employee's boot and began to pull his leg under the collar. The employee sustained compound fractures to both bones in his lower right leg.",1,PROJECT_ANNOTATED_AI_ASSISTED,0,0,0,0,0,0,1,0,0
OILPS_OSHA_02064,OSHA,"An employee was lowering the boom of the manlift. The manlift basket became entangled with a rope attached to a pulley used to hoist screens and tools to the top of the plant. As the manlift descended it put tension on the rope which broke the gantry frame. A section of the frame struck the employee's head/shoulder area. The employee lost consciousness and sustained multiple fractures to his skull, face, shoulder and ribs. The employee was wearing personal protective equipment at the time.",1,PROJECT_ANNOTATED_AI_ASSISTED,0,0,0,0,0,0,1,0,0
OILPS_OSHA_04066,OSHA,"Three employees were assembling a mast for a mobile rig derrick. Each of the two sections are approximately 60 feet long. The lower mast was positioned on stands. The upper mast was supported by an overhead crane. The injured employee was standing at the base on the lower mast behind the winch skid. He was using a crane and a winch that is mounted on a forklift skid to slide the top mast into the lower mast. The upper section of the mast became misaligned and the force from the crane and winch operations caused the mast to shift 4 feet. This caused the winch skid to shift 4 feet back as well, pinning the employee's left foot between the base of the winch and the base of the forklift mast. The employee sustained two fractures in his foot.",2,PROJECT_ANNOTATED_AI_ASSISTED,0,0,0,0,0,0,1,0,1
OILPS_OSHA_01347,OSHA,Employees had finished clearing trees for a pipeline and were walking back to the trucks. The injured employee slipped and fell to the ground after stepping on a rock covered with leaves. The employee suffered a broken leg and was hospitalized.,0,PROJECT_ANNOTATED_AI_ASSISTED,0,0,0,0,0,0,0,0,0
OILPS_OSHA_03472,OSHA,"An employee was adjusting the operator console to raise it to a higher level. He removed the bracket that connects the console to the rail system so he could begin raising it. The console shifted, causing the employee to fall 10 feet, resulting in a shoulder fracture and head laceration.",0,PROJECT_ANNOTATED_AI_ASSISTED,0,0,0,0,0,0,0,0,0
OILPS_OSHA_03409,OSHA,"An employee was opening a hatch on a bulk cement truck when pressure inside of the truck caused the hatch cover to slide off and up, striking the employee. The employee sustained a non-displaced pelvis fracture, a right linear temporal fracture and a subdural hematoma.",2,PROJECT_ANNOTATED_AI_ASSISTED,0,0,1,1,0,0,0,0,0
OILPS_OSHA_03943,OSHA,An employee was removing a clamp from the electrical submersible pump string of a laydown machine when their left index finger was caught between the clamp and the machine. The employee sustained a partial amputation between the first knuckle and the fingernail.,0,PROJECT_ANNOTATED_AI_ASSISTED,0,0,0,0,0,0,0,0,0
OILPS_OSHA_00970,OSHA,An employee was using a chain to winch an object when the chain snapped and a tow cable smashed through the window and broke the employee's right arm.,1,PROJECT_ANNOTATED_AI_ASSISTED,0,0,0,0,0,0,1,0,0
OILPS_OSHA_02274,OSHA,An employee was assisting a customer to position a shaker basket on a shaker skid utilizing a forklift operated by the customer. Three of the employee's fingers on the left hand were caught and injured between the shaker basket and the cross support of the shaker skid.,1,PROJECT_ANNOTATED_AI_ASSISTED,0,0,0,0,0,0,1,0,0
OILPS_OSHA_02314,OSHA,A truck driver along with another employee had just finished draining a tanker. They were unhooking the hose from the tanker when hot liquid asphalt struck the driver's arm causing severe burns. The driver was hospitalized.,1,PROJECT_ANNOTATED_AI_ASSISTED,0,0,1,0,0,0,0,0,0
OILPS_OSHA_00308,OSHA,An employee was overcome by heat stress while conducting oil-well servicing operations.,0,PROJECT_ANNOTATED_AI_ASSISTED,0,0,0,0,0,0,0,0,0
OILPS_OSHA_03134,OSHA,"An employee was rebuilding a setting tool, attempting to seat the lower cylinder onto the cylinder head by tapping the setting tool onto the trailer floor. As the employee pushed down on the setting tool, the mandrel stroked in the setting sleeve and pinched and amputated their right middle finger.",0,PROJECT_ANNOTATED_AI_ASSISTED,0,0,0,0,0,0,0,0,0
OILPS_OSHA_01947,OSHA,"A crew was rigging down when a winch line became hung up on the operations platform. The platform then failed and an employee was caught between the rails and control panel, suffering bodily contusions.",1,PROJECT_ANNOTATED_AI_ASSISTED,0,0,0,0,0,0,1,0,0
OILPS_OSHA_01971,OSHA,A pressure gauge was removed while observing a pressure survey on the crude unit and an employee received first and second degree burns.,1,PROJECT_ANNOTATED_AI_ASSISTED,0,0,0,1,0,0,0,0,0
OILPS_OSHA_03398,OSHA,"An employee was standing on the rig, spooling the line, when the tubing line got caught around both ankles. The unit engaged and he sustained a left ankle fracture and right ankle sprain.",0,PROJECT_ANNOTATED_AI_ASSISTED,0,0,0,0,0,0,0,0,0
OILPS_OSHA_03491,OSHA,"Employees were filling 55-gallon drums of finished lubricant from a cook kettle. The injured employee was operating the kettle valve when the seal on the filter basket failed under pressure, spraying the employee with 300-400-degree F lubricant. The employee sustained second-and third-degree burns to 20% of the body, including his chest, arms, and legs and was hospitalized.",1,PROJECT_ANNOTATED_AI_ASSISTED,0,0,0,1,0,0,0,0,0
OILPS_OSHA_02539,OSHA,An employee was troubleshooting the dehydration unit at the compressor station when he sustained burns to the hand and face from a fire. He was hospitalized.,0,PROJECT_ANNOTATED_AI_ASSISTED,0,0,0,0,0,0,0,0,0
OILPS_OSHA_01753,OSHA,"An employee was aligning/guiding a workover rig onto a well-head using a spacing cable when his left ring finger was caught between the spacing cable and the rod blowout preventer, resulting in a fingertip amputation.",1,PROJECT_ANNOTATED_AI_ASSISTED,0,0,0,1,0,0,0,0,0
OILPS_OSHA_03260,OSHA,"An employee was using a high-pressure hose to wash a tank. The valve at the end of the hose broke due to the pressure, causing the hose to then strike the employee in the throat. The employee sustained severe injuries to the pharynx and neck.",1,PROJECT_ANNOTATED_AI_ASSISTED,0,0,0,1,0,0,0,0,0
OILPS_OSHA_04052,OSHA,"An employee was using a motorized saw to cut the top off a test barrel. His left glove got caught and pulled into the saw, resulting in amputation of the index fingertip. The employee was hospitalized.",0,PROJECT_ANNOTATED_AI_ASSISTED,0,0,0,0,0,0,0,0,0
OILPS_OSHA_02850,OSHA,"An employee was detaching a 200-pound bale at or near an oil well site. He tripped on a rock and fell backward and the bale fell on his abdomen, causing internal bleeding.",0,PROJECT_ANNOTATED_AI_ASSISTED,0,0,0,0,0,0,0,0,0
OILPS_OSHA_04070,OSHA,"An employee was replacing a seized gearbox on an oil well using a breaker bar. After the breaker bar broke the gearbox loose, the bar struck the employee in the face, causing a fractured nasal bone and a laceration from the crown of the nose to above the right eye. The employee was hospitalized.",1,PROJECT_ANNOTATED_AI_ASSISTED,0,0,0,1,0,0,0,0,0
OILPS_OSHA_03520,OSHA,"Employees were installing an inline pole to increase the ground clearance of a sagging power line. Once the new pole was in place, the employee in the bucket truck attached the energized line to the jib on the new pole. As the employees finished emplacing the new pole, the energized line (7,620 volts) broke loose from the jib on the new pole. Due to the sag in the energized wire, it dropped low enough to contact the boom of the digger derrick truck. Two employees standing next to the truck sustained an electrical shock.",2,PROJECT_ANNOTATED_AI_ASSISTED,0,0,1,0,0,0,0,0,1
OILPS_OSHA_01138,OSHA,"An employee was installing an outrigger on a frac unit. The employee climbed a ladder to install the top pivot pin while a loader was positioning the outrigger. The top pin would not fully slide into place because the bottom pin's eye was not aligned properly. The employee dismounted the ladder and pushed the lower part of the outrigger to align the pins and eyes with the mount. When the employee placed the lower pin into the eyes, the top pin fell through the eyes and struck the employee's right hand, smashing the index and middle fingers.",1,PROJECT_ANNOTATED_AI_ASSISTED,0,0,0,0,0,0,0,0,1
OILPS_OSHA_02067,OSHA,An employee was cutting welding wire from a welding machine's welding head when he was struck from behind by the welding machine boom and knocked into a steel pipe that was being loaded onto the welding rack. He suffered a ruptured intestine and torn ligament in the right leg.,1,PROJECT_ANNOTATED_AI_ASSISTED,0,0,0,0,1,0,0,0,0
OILPS_OSHA_04162,OSHA,An employee was preparing an oven for charging and cracked the seal of the jump lid to release pressure. Flames unexpectedly released from the oven and burned the employee's right ring and little fingers. The employee sustained second-degree burns.,1,PROJECT_ANNOTATED_AI_ASSISTED,0,0,0,1,0,0,0,0,0
OILPS_OSHA_00319,OSHA,An employee was installing a pump during the fracking process when he felt lightheaded and began vomiting. He started having heat cramps and was hospitalized after suffering severe dehydration while operating equipment outside with temperatures of 105F.,0,PROJECT_ANNOTATED_AI_ASSISTED,0,0,0,0,0,0,0,0,0
OILPS_OSHA_00864,OSHA,An employee was found unresponsive inside of a trailer with a running generator. He was hospitalized for carbon monoxide exposure.,0,PROJECT_ANNOTATED_AI_ASSISTED,0,0,0,0,0,0,0,0,0
OILPS_OSHA_02262,OSHA,"An employee was pressure washing a roll-off box when the employee contacted the pressurized water, suffering a left foot injury.",1,PROJECT_ANNOTATED_AI_ASSISTED,0,0,0,1,0,0,0,0,0
OILPS_OSHA_02480,OSHA,"Two electricians were troubleshooting an HVAC (condenser) unit in a control room. Both employees went to the control room and applied group lockout to a single disconnect rated at 250 VDC power. After locking out the power to the control room and condenser unit, the employees began troubleshooting several deficiencies they observed while looking through the control panel. After repairing those items, the two employees removed the locks and validated that the repairs were working. The employees observed everything working as required except the HVAC compressor. The injured employee went up to the condenser area on an elevated walking surface that was covered in blaze which is a byproduct of the coke produced at the plant. The accumulation of blaze created an uneven surface. The employee had to remove an exterior covering or guard to validate that 250 VDC was coming from the thermostat to the junction box on the compressor motor. The employee squatted down and lost his balance before checking for 250 VDC. The employee reached to catch himself and in doing so grabbed the belts that drive the compressor motor. When contact was made, the motor began running and the employee's left hand was pulled through the pulleys amputating his left middle and ring fingers.",1,PROJECT_ANNOTATED_AI_ASSISTED,0,0,0,1,0,0,0,0,0
OILPS_OSHA_02207,OSHA,"An employee was working on trucks when his shop rag ignited from a spark, causing his clothing to catch on fire. He sustained burns on his arms and legs and was hospitalized.",1,PROJECT_ANNOTATED_AI_ASSISTED,0,0,0,0,1,0,0,0,0
OILPS_OSHA_00357,OSHA,"On September 14, 2015, at approximately 10:30am, a worker suffered an amputation of the left pinky finger just above the palm while unloading pipe from a pipe trailer. The employee was standing towards the tractor side of the trailer and a side boom with sling was unloading the pipe. The load was lowered near the tractor in an effort to raise the pipe above the back stanchion on the trailer. As the pipe slowly moved, the load struck a stanchion or DOT fender and the employee's hand was crushed in the load of pipe. No tag line was used.",1,PROJECT_ANNOTATED_AI_ASSISTED,0,0,0,0,0,0,1,0,0
OILPS_OSHA_00172,OSHA,"An employee fell from a tractor and struck her head on the ground, resulting in a concussion. She was hospitalized overnight.",1,PROJECT_ANNOTATED_AI_ASSISTED,0,0,0,0,0,0,0,0,1
OILPS_OSHA_02379,OSHA,An employee was operating a four-wheeler to take soil samples when it hit a rock. The four-wheeler rolled over onto the employee's left leg fracturing the fibula and tibia.,0,PROJECT_ANNOTATED_AI_ASSISTED,0,0,0,0,0,0,0,0,0
OILPS_OSHA_02785,OSHA,"An employee was collecting a sample at a closed loop station. Recently installed tubing came loose, spraying the employee with spent acid. The employee suffered second-degree burns to the right forearm and left wrist.",1,PROJECT_ANNOTATED_AI_ASSISTED,0,0,0,0,0,0,0,1,0
OILPS_OSHA_00800,OSHA,"An employee was preparing to install pipe into a bore hole when the pipe began bouncing on cribbing. He put his right hand underneath the pipe, and his right pinky fingertip was pinched and amputated between the pipe and the cribbing.",0,PROJECT_ANNOTATED_AI_ASSISTED,0,0,0,0,0,0,0,0,0
OILPS_OSHA_02144,OSHA,An employee was entering a production line to weld a tab on a pipe when the employee's left leg (between the ankle and knee) was caught and injured between a steel pipe and a roller breaker.,1,PROJECT_ANNOTATED_AI_ASSISTED,0,0,0,1,0,0,0,0,0
OILPS_OSHA_04033,OSHA,"An employee was about to dump sand from a hopper, raised on the forks of a forklift. As the hopper's weight shifted forward and it began to dump, the employee's left middle finger was pinched between the forklift fork and the metal frame of the hopper. The fingertip was crushed, and the employee underwent a medical amputation at the first knuckle.",1,PROJECT_ANNOTATED_AI_ASSISTED,0,0,0,0,0,0,1,0,0
OILPS_OSHA_00035,OSHA,Two employees were burned when a bubble tower exploded creating a flash fire during maintenance work on a well site.,1,PROJECT_ANNOTATED_AI_ASSISTED,0,0,0,0,1,0,0,0,0
OILPS_OSHA_03045,OSHA,"On April 7, 2022, an employee was conducting a high-pressure wash of a frack tank when oil and gas frack water entered their eyes, resulting in blindness in the right eye. An eyewash station was not available at the time.",1,PROJECT_ANNOTATED_AI_ASSISTED,0,0,0,1,0,0,0,0,0
OILPS_OSHA_04028,OSHA,An employee was walking by an equipment battery (tank battery) when a leak occurred around a heater that caused a flash fire. He was wearing flame-resistant clothing and sustained burns to his palms and back.,1,PROJECT_ANNOTATED_AI_ASSISTED,0,0,0,0,1,0,0,0,0
OILPS_OSHA_03349,OSHA,"An employee was preparing to work on a flare when it discharged oil. The oil struck the employee, causing burns to the body, wrist, and hand.",0,PROJECT_ANNOTATED_AI_ASSISTED,0,0,0,0,0,0,0,0,0
OILPS_OSHA_01432,OSHA,"An employee was using a spray wand connected to a hot water pressure washer to open up a frozen produce water tank. The produce water vented hydrocarbon vapors near the hot water pressure washer causing a fire. Two employees received second and third degree burns to the face, neck and hands.",1,PROJECT_ANNOTATED_AI_ASSISTED,0,0,0,1,0,0,0,0,0
OILPS_OSHA_02538,OSHA,An employee was spotting for a backhoe when its track struck the employee. The employee's left leg was amputated from the knee down.,0,PROJECT_ANNOTATED_AI_ASSISTED,0,0,0,0,0,0,0,0,0
OILPS_OSHA_03120,OSHA,"An employee was cleaning a derrick with a power washer. The employee slipped on a wet surface while untangling the power washer hose. As he reached out to catch himself, part of the derrick caught his right little finger and removed the flesh, exposing the bone.",1,PROJECT_ANNOTATED_AI_ASSISTED,0,0,0,0,0,0,0,0,1
OILPS_OSHA_03980,OSHA,An employee slipped on ice in a gravel parking lot and fell to the ground. The employee suffered a broken right hip.,0,PROJECT_ANNOTATED_AI_ASSISTED,0,0,0,0,0,0,0,0,0
OILPS_OSHA_02359,OSHA,"A Kinder Morgan employee accessed the top of a truck during a loading operation. When he opened the dome lid, alkylate pressure released and propelled him onto the truck rack roof, then to the ground below. He suffered multiple fractures and a torn artery in the skull, requiring hospitalization.",3,PROJECT_ANNOTATED_AI_ASSISTED,0,0,1,1,0,0,0,0,1
OILPS_OSHA_00343,OSHA,"An employee was conducting work on the 60-feet-high platform of an oil derrick, operating rigging to move piping into position. The employee became sick, vomited, experienced cramps, and was eventually hospitalized for heat-related health issues.",2,PROJECT_ANNOTATED_AI_ASSISTED,0,0,0,0,0,0,1,0,1
OILPS_OSHA_01926,OSHA,"An employee was rinsing the inside of a tank with water from a 1-inch hose. The water pressure surged and the hose whipped around. Its metal nozzle struck the employee's head and face, causing a fracture to the right mandible, a head laceration on the right side of the head behind the ear, and trauma to the right side of the head.",1,PROJECT_ANNOTATED_AI_ASSISTED,0,0,0,1,0,0,0,0,0
OILPS_OSHA_00959,OSHA,An employee was working inside the shop when a propane leak caused an explosion. The employee suffered third degree burns.,1,PROJECT_ANNOTATED_AI_ASSISTED,0,0,0,0,1,0,0,0,0
OILPS_OSHA_03950,OSHA,"Employees were welding and sandblasting a heat treater. A flash fire occurred inside the tank, and an employee suffered burns to the face and a wrist.",1,PROJECT_ANNOTATED_AI_ASSISTED,0,0,0,0,1,0,0,0,0
OILPS_OSHA_00467,OSHA,"An employee was hydrostatic pressure-testing a section of pipeline when a pipe coupling separated and struck him in the face, lacerating his upper lip and causing dental trauma.",1,PROJECT_ANNOTATED_AI_ASSISTED,0,0,0,1,0,0,0,0,0
OILPS_OSHA_00346,OSHA,"An employee was disassembling a one-tier tubular scaffold. The employee removed the cross bracing first. When a coworker removed the planks, the scaffold members came down and struck the employee, causing back and pelvis bruises.",2,PROJECT_ANNOTATED_AI_ASSISTED,0,0,0,0,0,0,1,0,1
OILPS_OSHA_00522,OSHA,"Two employees were installing a protective goal post for overhead power lines when the post made contact with the energized line, causing the employees to receive an electrical shock.",0,PROJECT_ANNOTATED_AI_ASSISTED,0,0,0,0,0,0,0,0,0
OILPS_OSHA_00033,OSHA,Employee received an electric shock when he placed his wrench near an energized bolt on a conductor he was removing.,0,PROJECT_ANNOTATED_AI_ASSISTED,0,0,0,0,0,0,0,0,0
OILPS_OSHA_02600,OSHA,"An employee stepped out of a pickup truck, which began to move. The employee fell and the truck ran over the employee's right leg, causing tibia and fibula fractures that required surgery.",1,PROJECT_ANNOTATED_AI_ASSISTED,0,0,1,0,0,0,0,0,0
OILPS_OSHA_00310,OSHA,"An employee was pinning tubing together to skid the rig. The employee's hands were placed between the two pieces, and the left pinky and ring fingers got pinched. Both fingers were surgically amputated.",0,PROJECT_ANNOTATED_AI_ASSISTED,0,0,0,0,0,0,0,0,0
OILPS_OSHA_02353,OSHA,"An employee was hoisting a propane tank when the chain rigging caught the employee's hand, resulting in an index finger amputation.",1,PROJECT_ANNOTATED_AI_ASSISTED,0,0,0,0,0,0,1,0,0
OILPS_OSHA_01218,OSHA,"An employee was in a boat, inspecting a pipeline, when the boat hit something in the water and ejected the employee from the seat. The employee hit the boat floor and suffered a forehead laceration and fractured left wrist.",0,PROJECT_ANNOTATED_AI_ASSISTED,0,0,0,0,0,0,0,0,0
OILPS_OSHA_02286,OSHA,"Employees were moving a pipeline inspection tool barrel. The injured employee was pulling on the rigging in order to allow a forklift to move the barrel through an open door. As the barrel was coming through the door, the rigging slipped off the fork and the barrel landed on the employee's foot. The employee's two left toes adjacent to his big toe were amputated.",1,PROJECT_ANNOTATED_AI_ASSISTED,0,0,0,0,0,0,1,0,0
OILPS_OSHA_02714,OSHA,"While walking at grade under an asphalt rail car loading rack, an employee tripped on concrete that was protruding from the walkway. The employee fell and sustained five broken ribs.",0,PROJECT_ANNOTATED_AI_ASSISTED,0,0,0,0,0,0,0,0,0
OILPS_OSHA_03108,OSHA,"An employee was making confined space entries to clean a tank when they began to experience symptoms of heat-related illness, cramps, and heat exhaustion. The employee was hospitalized.",1,PROJECT_ANNOTATED_AI_ASSISTED,0,1,0,0,0,0,0,0,0
OILPS_OSHA_00334,OSHA,"While an employee was moving a small pile of hot material with a bobcat, a flash of steam entered the cab of the bobcat. The employee exited the cab and tripped into a pool of hot water, receiving first and second degree burns and requiring hospitalization.",0,PROJECT_ANNOTATED_AI_ASSISTED,0,0,0,0,0,0,0,0,0
OILPS_OSHA_02214,OSHA,An employee was guiding a load being lifted by a crane. The employee's right little finger was caught between the crane hook and the load and partially amputated.,1,PROJECT_ANNOTATED_AI_ASSISTED,0,0,0,0,0,0,1,0,0
OILPS_OSHA_03253,OSHA,"A crew was on a drilling floor making a drill pipe connection. One employee was using a 5-foot bar with the pipe tongs, to apply pressure, to make the pipe fitting tight. The bar slipped and struck the employee in the chest, resulting in rib fractures to the right side.",1,PROJECT_ANNOTATED_AI_ASSISTED,0,0,0,1,0,0,0,0,0
OILPS_OSHA_03894,OSHA,"The injured employee was holding tubing while another employee used a sledgehammer to straighten out a bent tube. The roof that was being lifted fell down with the piping and crushed the injured employee's left thumb, resulting in amputation.",1,PROJECT_ANNOTATED_AI_ASSISTED,0,0,0,0,0,0,0,0,1
OILPS_OSHA_03593,OSHA,"An employee was assisting with moving a 12-inch PVC pipe. The pipe shifted, pinching the employee's left index finger against a support post. The employee's finger was fractured.",0,PROJECT_ANNOTATED_AI_ASSISTED,0,0,0,0,0,0,0,0,0
OILPS_OSHA_01966,OSHA,"An employee was unpacking boxes at a receiving table. The employee tripped on a cable that had dropped off the table and fell, suffering a broken hip. The employee was hospitalized.",0,PROJECT_ANNOTATED_AI_ASSISTED,0,0,0,0,0,0,0,0,0
OILPS_OSHA_00212,OSHA,"An employee suffered a hand injury while performing routine maintenance on a pump jack at or near Pierre Creek Nelson 44-23 HR in McKenzie County, North Dakota.",0,PROJECT_ANNOTATED_AI_ASSISTED,0,0,0,0,0,0,0,0,0
OILPS_OSHA_03426,OSHA,"An employee was inspecting noise from a pumping unit. As he went to push on the belt guard, the employee was pinned between the crank arm and the base of the unit, resulting in a lacerated liver, and bruising to the chest, arms, back, and shoulders.",0,PROJECT_ANNOTATED_AI_ASSISTED,0,0,0,0,0,0,0,0,0
OILPS_OSHA_04002,OSHA,"While fueling a truck, an employee observed a pool of liquid, then noticed mist coming from a pipe. The employee developed respiratory symptoms resembling those of ammonia exposure.",1,PROJECT_ANNOTATED_AI_ASSISTED,0,0,1,0,0,0,0,0,0
OILPS_OSHA_03976,OSHA,"An employee was on a 4-foot podium ladder when the wind blew it over. He fell, and his left middle fingertip was amputated.",1,PROJECT_ANNOTATED_AI_ASSISTED,0,0,0,0,0,0,0,0,1
OILPS_OSHA_02663,OSHA,"An employee was applying pipe identification to a pipe moving along a v-roller line. A support frame failed and the pipe fell over, injuring the employee's hips/pelvis and leg.",0,PROJECT_ANNOTATED_AI_ASSISTED,0,0,0,0,0,0,0,0,0
OILPS_OSHA_00702,OSHA,An employee was repairing a meter run and began to experience cramping. The employee was hospitalized for heat exhaustion.,0,PROJECT_ANNOTATED_AI_ASSISTED,0,0,0,0,0,0,0,0,0
OILPS_OSHA_03359,OSHA,"An employee removed plywood that was covering a hole so that a crane could fly in a flange. The employee fell through the hole in the floor, contacting a flange approximately 41 inches below. The employee then fell approximately 47 inches, contacting an aluminum step stool, before falling approximately 19 inches to the ground. The employee was hospitalized with a spinal injury that required surgery.",1,PROJECT_ANNOTATED_AI_ASSISTED,0,0,0,0,0,0,1,0,0
OILPS_OSHA_03071,OSHA,"An employee was performing maintenance on a forklift when they fell approximately 2 feet off the forklift and landed on a tote, resulting in multiple fractured ribs.",1,PROJECT_ANNOTATED_AI_ASSISTED,0,0,0,0,0,0,1,0,0
OILPS_OSHA_00604,OSHA,An employee hoisted the lubricator up off a well head using a winch and was inspecting the tool stream. The winch malfunctioned and continued to raise the lubricator up which was 8 feet long. It was raised approximately 15 feet off the ground. The cable snapped and the lubricator fell striking the employee and causing a laceration to his chest approximately 6-8 inches long and 1 1/2 inches deep.,1,PROJECT_ANNOTATED_AI_ASSISTED,0,0,0,0,0,0,1,0,0
OILPS_OSHA_03066,OSHA,An employee was placing chemical hoses at the top of the tub of a blender. His right ring finger was pinched inside an inlet valve actuator and was amputated to the first joint.,0,PROJECT_ANNOTATED_AI_ASSISTED,0,0,0,0,0,0,0,0,0
OILPS_OSHA_00502,OSHA,"An employee was helping an aerial access driver load multiple mobile light plants that were off-rent onto an aerial access trailer. The employee was bent down in a squat position, attempting to adjust the tongue of a mobile light tower, when the aerial access driver put his back against the rear light plant and shoved it forward. The employee's index finger was caught between the transport trailer deck and tongue of the mobile light tower, amputating the left index fingertip.",1,PROJECT_ANNOTATED_AI_ASSISTED,0,0,1,0,0,0,0,0,0
OILPS_OSHA_00795,OSHA,"An employee was driving downhill to return a UTV (utility terrain vehicle) to a truck when he lost control and capsized, breaking 11 ribs.",1,PROJECT_ANNOTATED_AI_ASSISTED,0,0,1,0,0,0,0,0,0
OILPS_OSHA_02721,OSHA,"An employee was operating a drill press when their glove got caught in the drill, resulting in an amputation of the left pinky finger.",1,PROJECT_ANNOTATED_AI_ASSISTED,0,0,0,0,0,1,0,0,0
OILPS_OSHA_02619,OSHA,A forklift collision broke an employee's heel and ankle.,2,PROJECT_ANNOTATED_AI_ASSISTED,0,0,1,0,0,0,1,0,0
OILPS_OSHA_00514,OSHA,"A valve cap, under pressure, struck an employee in the upper left arm resulting in a fractured arm and flesh loss.",1,PROJECT_ANNOTATED_AI_ASSISTED,0,0,0,1,0,0,0,0,0
OILPS_OSHA_01939,OSHA,"Two employees were helping welders by holding a 16"" flange when a flash fire occurred. The first employee suffered a puncture wound from a vent pipe and burns to the face. The second employee suffered burns to the back of his neck, his back, and his right arm.",1,PROJECT_ANNOTATED_AI_ASSISTED,0,0,0,0,1,0,0,0,0
OILPS_OSHA_00600,OSHA,"An employee was plumbing in a separator on a natural gas line that had pressure in it. The line blew up and knocked the employee to the ground, spraying him with dirt and rocks. He fractured his skull and suffered cuts to his arms.",2,PROJECT_ANNOTATED_AI_ASSISTED,0,1,0,1,0,0,0,0,0
OILPS_OSHA_03917,OSHA,"A employee was anchoring a heavy pipe into a rack when the pipe slipped. The pipe pinched his left hand and middle finger when he went to catch it, resulting in an amputation of the middle finger above the middle knuckle.",0,PROJECT_ANNOTATED_AI_ASSISTED,0,0,0,0,0,0,0,0,0
OILPS_OSHA_02051,OSHA,An employee was re-dressing a setting tool. The employee's right little finger was caught between the setting sleeve and a mandrel porthole. The tip was amputated.,0,PROJECT_ANNOTATED_AI_ASSISTED,0,0,0,0,0,0,0,0,0
OILPS_OSHA_00125,OSHA,An employee was transferring product from a tote to a truck when static caused vapors to ignite. The employee was burned on the abdomen and face and has a possible broken ankle.,1,PROJECT_ANNOTATED_AI_ASSISTED,0,0,1,0,0,0,0,0,0
OILPS_OSHA_02519,OSHA,An employee assisting in hydro-excavation operations sustained injuries to the left foot from a pressure washer being operated by another employee. The injured employee sustained lacerations on the left foot a few inches above the ankle and between the little toe and the fourth toe.,1,PROJECT_ANNOTATED_AI_ASSISTED,0,0,0,1,0,0,0,0,0
OILPS_OSHA_00836,OSHA,An employee was loading an empty coil tubing reel onto a trailer using a crane. The reel fell off the trailer and struck the employee breaking the tibia and fibula.,1,PROJECT_ANNOTATED_AI_ASSISTED,0,0,0,0,0,0,1,0,0
OILPS_OSHA_02269,OSHA,"After work (installing wellheads and valves in the field), an employee suffered severe heat exhaustion and cramping and was hospitalized.",0,PROJECT_ANNOTATED_AI_ASSISTED,0,0,0,0,0,0,0,0,0
OILPS_OSHA_00465,OSHA,"An employee was setting pipes on the ground and working on pipe support. The ground fell out, causing the pipes to slip and crush the employee's right leg.",1,PROJECT_ANNOTATED_AI_ASSISTED,0,0,0,0,0,1,0,0,0
OILPS_OSHA_01394,OSHA,"An employee fell from the top of a truck and landed on the ground, breaking his leg in two places and requiring surgery.",2,PROJECT_ANNOTATED_AI_ASSISTED,0,0,1,0,0,0,0,0,1
OILPS_OSHA_03981,OSHA,"An employee was operating a gate valve. The handwheel kicked back and struck his arm, breaking the forearm and wrist. The employee was hospitalized, requiring surgery.",0,PROJECT_ANNOTATED_AI_ASSISTED,0,0,0,0,0,0,0,0,0
OILPS_OSHA_03815,OSHA,"An employee was opening a hatch on the top portion of a tanker truck. They tripped and fell approximately 8 feet to the ground, sustaining fractures to multiple ribs and their right wrist, as well as a punctured lung.",1,PROJECT_ANNOTATED_AI_ASSISTED,0,0,1,0,0,0,0,0,0
OILPS_OSHA_02348,OSHA,"An employee fell while walking on a sidewalk. The employee's right shoulder hit a welding machine, causing a fracture to the right upper arm.",1,PROJECT_ANNOTATED_AI_ASSISTED,0,0,0,0,1,0,0,0,0
OILPS_OSHA_00758,OSHA,"An employee was starting a pressure washer when a plug from the block valve blew out and struck the employee in the face, fracturing the left cheek and jaw.",1,PROJECT_ANNOTATED_AI_ASSISTED,0,0,0,1,0,0,0,0,0
OILPS_OSHA_03751,OSHA,"An employee approached the driver of a semi truck with a belly dumper trailer to notify them that they smelled burning brakes. While the employee was checking the front brakes, the brakes released and the truck rolled backward over their leg. The employee sustained a fractured leg, ankle, and toe.",1,PROJECT_ANNOTATED_AI_ASSISTED,0,0,1,0,0,0,0,0,0
OILPS_OSHA_03711,OSHA,"On April 29, 2024, at around 8:45 AM, an employee was making a fuel delivery to a 300-gallon fuel tank that was located on top of pea gravel at a customer's site. The gravel started to shift during the delivery and the employee jumped from their step ladder about 24-30 inches to the gravel to avoid the tank and then fell. The employee sustained a laceration to their left eyebrow and three broken ribs on their left side.",2,PROJECT_ANNOTATED_AI_ASSISTED,0,0,0,0,1,0,0,0,1
OILPS_OSHA_03620,OSHA,"An employee was installing a compressor piston. He tripped and fell backward while the piston was in his lap. As he landed, the little finger of his left hand became caught between the piston and compressor piping resulting in a partial amputation of the fingertip. The employee required stitches and the fingertip was reattached.",0,PROJECT_ANNOTATED_AI_ASSISTED,0,0,0,0,0,0,0,0,0
OILPS_OSHA_01863,OSHA,"An employee was pulling serial numbers off a hydraulic valve. The strap that was being used to hold the valve snapped and the valve fell, pinning the employee against a forklift. The employee suffered broken ribs and was hospitalized.",1,PROJECT_ANNOTATED_AI_ASSISTED,0,0,0,0,0,0,1,0,0
OILPS_OSHA_00867,OSHA,An employee was pulling an LP gas hose to fill a residential LP tank and slipped on ice and fell breaking his hip.,0,PROJECT_ANNOTATED_AI_ASSISTED,0,0,0,0,0,0,0,0,0
OILPS_OSHA_00171,OSHA,An employee working on the drilling floor was picking up the jerk chain for the tongs when the driller applied tension to the chain. The employee got the fingers of his left hand pinched between the headache post and the chain.,0,PROJECT_ANNOTATED_AI_ASSISTED,0,0,0,0,0,0,0,0,0
OILPS_OSHA_03097,OSHA,"An employee was troubleshooting an electrical problem at a well site. The employee touched an electrical panel with an impact wrench when an electrical arc occurred, resulting in burns to the employee's right hand and forearm.",0,PROJECT_ANNOTATED_AI_ASSISTED,0,0,0,0,0,0,0,0,0
OILPS_OSHA_04155,OSHA,An employee was performing winching operations on a flatbed when their left hand was pinched between a winch hook and a nylon bridle resulting in the amputation of his left index finger.,1,PROJECT_ANNOTATED_AI_ASSISTED,0,0,0,0,0,0,1,0,0
OILPS_OSHA_02369,OSHA,"While attaching a lifting sling to a truck, an employee was struck by a backhoe bucket. The employee suffered a right hip injury.",3,PROJECT_ANNOTATED_AI_ASSISTED,0,0,1,0,0,1,1,0,0
OILPS_OSHA_04220,OSHA,An employee was retrieving a Christmas tree from a shelf using a ladder. He missed a step and fell to the concrete floor. He sustained injury to his head and wrist.,1,PROJECT_ANNOTATED_AI_ASSISTED,0,0,0,0,0,0,0,0,1
OILPS_OSHA_00108,OSHA,A contractor hired to replace an old pipeline damaged it with a backhoe and created a leak. There was a trench about 3 feet deep and 18 inches wide. The injured employee was on scene to evaluate the leak. He moved from one side of the trench to the other. The soil on the opposite side gave way and exposed a tree root; he hit his chin on that root. The employee broke two bones in his left leg about 2 inches from his ankle.,0,PROJECT_ANNOTATED_AI_ASSISTED,0,0,0,0,0,0,0,0,0
OILPS_OSHA_02443,OSHA,"An employee fell from a rolling ladder while operating a valve, landing on a concrete surface about 4 feet below. The employee suffered a broken left femur and a dislocated right elbow and was hospitalized, undergoing surgery.",1,PROJECT_ANNOTATED_AI_ASSISTED,0,0,0,0,0,0,0,0,1
OILPS_OSHA_00027,OSHA,"On 1/14/2015 at approximately 11:23a.m. an employee was using a blow down system on a National 340 pump to blow out water in the hard line. Once the 4 inch suction hose was drained, the suction hose was disconnected and a cam lock was placed on the suction hose coming from the pump. The four inch butterfly valve for the suction was left open allowing air to pressure up against the cam lock cap. The employee used this system to build air and blow down the fluid in the tubing line to the tank. The employee was standing in front of the manifold and slightly to the right approximately one foot away. When the employee opened up the manifold, the cam lock cap popped free hitting him in the shin.",1,PROJECT_ANNOTATED_AI_ASSISTED,0,0,0,1,0,0,0,0,0
OILPS_OSHA_03624,OSHA,"An employee was moving a piece of an I-beam for welding when it rolled off the cribbing. The employee went to catch it when it fell and crushed the employee's finger, resulting in a partial amputation.",1,PROJECT_ANNOTATED_AI_ASSISTED,0,0,0,0,1,0,0,0,0
OILPS_OSHA_04212,OSHA,"An employee had been unloading tires from the back of a pickup truck. The employee went to step down out of the back of the pickup truck and stepped on the lift gate in a vertical position. The lift gate tipped and employee fell, impacting their side on the upright liftgate. The employee sustained five fractured ribs and a punctured right lung. The employee was hospitalized.",1,PROJECT_ANNOTATED_AI_ASSISTED,0,0,1,0,0,0,0,0,0
OILPS_OSHA_02357,OSHA,"While cleaning equipment prior to rig down, an employee was working with a rig contractor to rig down a centrifuge slide with a forklift. The employee was sitting on a beam under the centrifuge and behind the slide when the slide slipped off the forklift, swinging and pinning the employee against the beam of the centrifuge. He sustained a fractured tibia and fibula just below the left knee.",1,PROJECT_ANNOTATED_AI_ASSISTED,0,0,0,0,0,0,1,0,0
OILPS_OSHA_00727,OSHA,"While climbing off a work platform, an employee lost his grip on the side rail and his leg was caught between the rail and platform. His leg was severed and required hospitalization.",0,PROJECT_ANNOTATED_AI_ASSISTED,0,0,0,0,0,0,0,0,0
OILPS_OSHA_01168,OSHA,"An employee was attempting to reposition the fork on a telehandler. His right pinky finger was between the fork and the mounting bracket when the fork shifted and swung back, crushing his pinky finger.",1,PROJECT_ANNOTATED_AI_ASSISTED,0,0,0,0,0,0,1,0,0
OILPS_OSHA_03850,OSHA,An employee was shocked while checking a breaker with a meter. The employee sustained a burn to their left middle finger.,1,PROJECT_ANNOTATED_AI_ASSISTED,0,0,0,1,0,0,0,0,0
OILPS_OSHA_01398,OSHA,"An employee was driving a street sweeper down a well pad access road when he applied the brakes, slid into a ditch, hit a mound, went airborne, and rolled two times. He suffered fractured ribs, a collapsed lung, and a fractured pelvis.",0,PROJECT_ANNOTATED_AI_ASSISTED,0,0,0,0,0,0,0,0,0
OILPS_OSHA_03065,OSHA,"Two employees were trying to adjust a 1,500-pound accumulator. It tipped over and caught one of the employees, breaking his right leg.",0,PROJECT_ANNOTATED_AI_ASSISTED,0,0,0,0,0,0,0,0,0
OILPS_OSHA_00394,OSHA,"An employee working in the maintenance garage was conducting an oil change on a vehicle and was looking for a drum to collect the oil. The employee and another employee found a partially full drum that was labeled as methanol. The employees thought the drum potentially contained water. They took the drum outside and poured some of the contents on the ground. The employee that was conducting the oil change applied a lighter to the material on the ground. The material caught on fire. As the other employee was attempting to move the drum out of the area, some of the liquid exited the drum, and was ignited by the fire on the ground. The employee that was conducting the oil change suffered second degree burns to his right leg from the knee to the ankle.",1,PROJECT_ANNOTATED_AI_ASSISTED,0,0,1,0,0,0,0,0,0
OILPS_OSHA_00521,OSHA,"On 2/20/2016, at around 4:00 p.m., an employee was using a machine called a planner to prep the poly pipe for welding repairs when a short burst of flame occurred. The employee received second degree burns to the side of the face and neck and was hospitalized overnight.",2,PROJECT_ANNOTATED_AI_ASSISTED,0,0,0,1,1,0,0,0,0
OILPS_OSHA_02118,OSHA,"An employee was going to heat up a burrito in the dog house (work trailer). When the employee went to turn on the stove/cook top, a flash fire occurred due to gas accumulation. The employee sustained burns to the face and neck, and had second degree burns on both hands.",1,PROJECT_ANNOTATED_AI_ASSISTED,0,0,0,0,1,0,0,0,0
OILPS_OSHA_01964,OSHA,"While checking on equipment on the back of a welding truck, an employee fell off the back of the truck to the ground about 36 inches below. The employee suffered multiple fractures and was hospitalized.",2,PROJECT_ANNOTATED_AI_ASSISTED,0,0,1,0,1,0,0,0,0
OILPS_OSHA_03107,OSHA,Two employees were loosening a union. One of the employees was striking the union to loosen it when the ball valve broke off the pipe on the pressure side. The ball valve struck the employee's head and knocked him over. His head landed on a piece of piping.,1,PROJECT_ANNOTATED_AI_ASSISTED,0,0,0,1,0,0,0,0,0
OILPS_OSHA_01190,OSHA,"An employee was putting a tire on a vehicle when the jack slipped and struck his left wrist, causing six fractures.",1,PROJECT_ANNOTATED_AI_ASSISTED,0,0,1,0,0,0,0,0,0
OILPS_OSHA_02105,OSHA,"On April 23, 2019, an employee was testing the voltage on a 34.5-kV, 4160/2400 step-down transformer when an arc flash burned the upper right part of his body. He was hospitalized.",1,PROJECT_ANNOTATED_AI_ASSISTED,0,0,0,1,0,0,0,0,0
OILPS_OSHA_00399,OSHA,"An employee was making welding repairs to one of the pad eyes on a 30 inch Blow Out Preventer (BOP). The task required the employee to place the BOP on a table positioner. While welding the 14,000 lbs. piece, it fell from the table crushing the employee's left foot.",2,PROJECT_ANNOTATED_AI_ASSISTED,0,0,0,0,1,0,0,0,1
OILPS_OSHA_04116,OSHA,An employee was helping to load a truck. A pipe in the truck began shifting and he went to try to grab it when he fell backward to the ground and broke an arm.,1,PROJECT_ANNOTATED_AI_ASSISTED,0,0,1,0,0,0,0,0,0
OILPS_OSHA_03173,OSHA,"An employee was performing backflow operations at a tank battery. After shutting a valve, pressure built in the line causing the line to rupture. The employee was standing near the line when it ruptured and their right arm and the right side of their torso were struck by hot oil, water, and sand (approximately 147 degrees) resulting in severe burns requiring hospitalization.",2,PROJECT_ANNOTATED_AI_ASSISTED,0,0,0,1,0,1,0,0,0
OILPS_OSHA_00272,OSHA,"Employees were rigging down the workover rig at about 11:30 a.m., on July 5, when an employee's right thumb and first finger were caught between the derrick tip section and stop plate. The employee's thumb had to be surgically amputated.",2,PROJECT_ANNOTATED_AI_ASSISTED,0,0,0,0,0,0,1,0,1
OILPS_OSHA_00868,OSHA,"An employee was waiting inside of his vehicle for the pipe to pull through and heard the equipment make an erratic sound. The employee stepped out of his vehicle to check on the pulling equipment. As he approached the cable pulling equipment, the cable released from its guide/pulley and whipped back and forth striking the employee and breaking an arm.",1,PROJECT_ANNOTATED_AI_ASSISTED,0,0,1,0,0,0,0,0,0
OILPS_OSHA_00176,OSHA,"An employee was attaching drill pipe to elevators using his hands. His fingers got stuck between the elevator and the drill pipe, which broke two fingers (pointer and middle finger of the right hand).",0,PROJECT_ANNOTATED_AI_ASSISTED,0,0,0,0,0,0,0,0,0
OILPS_OSHA_03152,OSHA,An employee was working on the rig floor when they began to experience dizziness and cramping in their legs and arms due to dehydration and heat stress. The employee was hospitalized.,0,PROJECT_ANNOTATED_AI_ASSISTED,0,0,0,0,0,0,0,0,0
OILPS_OSHA_01938,OSHA,"An engine backfired and ignited gas in the building, causing an explosion and fire that burned an employee's face and neck.",1,PROJECT_ANNOTATED_AI_ASSISTED,0,0,0,0,1,0,0,0,0
OILPS_OSHA_04189,OSHA,"An employee was refilling a bottle with a cleaning solution when bleach entered the bottle and it exploded. The employee inhaled the fumes and experienced difficulty breathing and burns to her throat, resulting in hospitalization.",0,PROJECT_ANNOTATED_AI_ASSISTED,0,0,0,0,0,0,0,0,0
OILPS_OSHA_02304,OSHA,"An employee was operating a hand grinder. When the employee stood up to respond to another employee, the cord/plug of the hand grinder struck him in the neck. The employee was hospitalized and received stitches in the neck area.",0,PROJECT_ANNOTATED_AI_ASSISTED,0,0,0,0,0,0,0,0,0
OILPS_OSHA_02435,OSHA,"Two employees were observing a crew who was in the process of reconfiguring a well head. Trapped pressure was released within the well and blew shrapnel (nuts, bolt, plastic parts of the inside of the valves that are part of the well head tree) at the two employees. One employee received an amputation injury to his right thumb. The other employee received shrapnel injuries to his body requiring him to be hospitalized and undergo surgery to remove the shrapnel.",1,PROJECT_ANNOTATED_AI_ASSISTED,0,0,0,1,0,0,0,0,0
OILPS_OSHA_02202,OSHA,An employee was cleaning oil off the floor of a turbine unit with a pressure washer at a compressor station when he began to feel dizzy and later experienced headaches. He was hospitalized for heat exhaustion.,1,PROJECT_ANNOTATED_AI_ASSISTED,0,0,0,1,0,0,0,0,0
OILPS_OSHA_02644,OSHA,"An employee entered the subfloor to survey the area before submitting a plan for repair. There is a submersible pump and an electrical outlet for the pump to plug into under the subfloor. The employee touched an electrical source and sustained an electrical shock. The employee sustained a burn injury, internal damage, and was rendered unconscious. The employee was hospitalized.",0,PROJECT_ANNOTATED_AI_ASSISTED,0,0,0,0,0,0,0,0,0
OILPS_OSHA_03395,OSHA,A crew was removing bolts from the pump's spool piece and rigging the hoist to hold the elevated spool piece out. The crew replaced the witch's hat inside the pump and began to reinstall the spool piece when a burst of fire came out of the pipe and struck the injured employee's face and hand resulting in burns.,2,PROJECT_ANNOTATED_AI_ASSISTED,0,0,0,1,0,0,1,0,0
OILPS_OSHA_01716,OSHA,"An employee slipped while working on a blowout preventer, falling about 2 feet to the ground and suffering a broken thumb.",1,PROJECT_ANNOTATED_AI_ASSISTED,0,0,0,1,0,0,0,0,0
OILPS_OSHA_02411,OSHA,"While working on a saltwater disposal system, an employee was checking the rotation of a pump and noticed the oil tank was bulging at the bottom. The employee ran to get away from it when a flash fire erupted. The employee sustained second degree burns to the face, lower back, and both hands.",1,PROJECT_ANNOTATED_AI_ASSISTED,0,0,0,0,1,0,0,0,0
OILPS_OSHA_03721,OSHA,"An employee was walking down stairs when she tripped and fell, injuring her left leg and ankle.",0,PROJECT_ANNOTATED_AI_ASSISTED,0,0,0,0,0,0,0,0,0
OILPS_OSHA_01942,OSHA,An employee was walking on the company road to work when he was struck by another employee who was driving a car away from the premises. He suffered a spinal injury and head laceration.,1,PROJECT_ANNOTATED_AI_ASSISTED,0,0,0,0,0,1,0,0,0
OILPS_OSHA_02093,OSHA,"An employee was helping to move a piece of casing off a guide wire from a rig. The casing was on a pipe rack. As the pipe was pushed to move it out of the guide wire, the pipe rolled and caught his right hand, pinching his middle finger and resulting in partial amputation of the fingertip.",0,PROJECT_ANNOTATED_AI_ASSISTED,0,0,0,0,0,0,0,0,0
OILPS_OSHA_02774,OSHA,"At 2:17 p.m. on March 29, 2021, an employee fell while stepping out of a tractor. He landed on the ground and suffered a broken left hip.",0,PROJECT_ANNOTATED_AI_ASSISTED,0,0,0,0,0,0,0,0,0
OILPS_OSHA_00584,OSHA,"At 9:00 AM, on 5/10/16, an employee and a coworker were preparing to replace a malfunctioning gauge board on an asphalt tank. They transferred contents from the malfunctioning tank to another tank and shut down the malfunctioning tank. Every energy source was off/locked out. Using an impact wrench, the employee began loosening/removing the bolts holding the manway cover on the tank. After he loosened several bolts, some hot liquid asphalt splashed out from behind the cover onto the concrete pad and onto his hands, arms, and legs. He suffered second and third degree burns to both arms, hands, and legs, requiring hospitalization and surgery.",1,PROJECT_ANNOTATED_AI_ASSISTED,0,1,0,0,0,0,0,0,0
OILPS_OSHA_00665,OSHA,"While performing well servicing operations, an employee became lightheaded and began vomiting. He was hospitalized for dehydration.",0,PROJECT_ANNOTATED_AI_ASSISTED,0,0,0,0,0,0,0,0,0
OILPS_OSHA_02023,OSHA,An employee slipped and fell on icy ground while unloading a down hole pump off of a trailer. The employee sustained a fractured hip.,0,PROJECT_ANNOTATED_AI_ASSISTED,0,0,0,0,0,0,0,0,0
OILPS_OSHA_00661,OSHA,An employee was working in an oilfield cleaning a sand hopper. He got caught in a hydraulic gate fracturing both femurs.,1,PROJECT_ANNOTATED_AI_ASSISTED,0,0,0,0,0,1,0,0,0
OILPS_OSHA_01604,OSHA,"Employees were putting rebar together with chicken wire at a construction site when one employee became ill and dizzy, requiring hospitalization for heat exhaustion.",0,PROJECT_ANNOTATED_AI_ASSISTED,0,0,0,0,0,0,0,0,0
OILPS_OSHA_02734,OSHA,"An employee was dismounting from the bumper of a pickup truck. As the employee was stepping off, the bumper components slipped out from under him, causing him to fall to the ground. The employee sustained a closed fracture of his left ankle, requiring surgery.",1,PROJECT_ANNOTATED_AI_ASSISTED,0,0,1,0,0,0,0,0,0
OILPS_OSHA_03674,OSHA,Employees were installing a manual start switch on a 480-volt variable speed drive motor controller on a saltwater disposal (SWD) well control panel when an arc flash occurred. Two employee sustained burns and were hospitalized.,1,PROJECT_ANNOTATED_AI_ASSISTED,0,0,0,1,0,0,0,0,0
OILPS_OSHA_03671,OSHA,An employee was lowering elevators while trying to couple a joint of tubing coming from a well. The employee's right hand was caught in a pinch point resulting in amputation of the ring fingertip.,1,PROJECT_ANNOTATED_AI_ASSISTED,0,0,0,0,0,1,0,0,0
OILPS_OSHA_02432,OSHA,"An employee was on top of a coil, trying to align its head end with its tail end for stationary welding. The coil clamp was lowered onto the employee's left foot, amputating the big toe.",1,PROJECT_ANNOTATED_AI_ASSISTED,0,0,0,0,1,0,0,0,0
OILPS_OSHA_02131,OSHA,"An employee was setting up a board over a 3-foot deep excavation so that he could access the control valve to stop a leak. The employee fell into the excavation that was filled with hot water and suffered burns to the feet, leg and knee.",0,PROJECT_ANNOTATED_AI_ASSISTED,0,0,0,0,0,0,0,0,0
OILPS_OSHA_02201,OSHA,An employee was pumping chemicals in a hot oiler pump truck. A chemical reaction caused an explosion that propelled the employee into the back of another vehicle. The employee suffered facial contusions.,2,PROJECT_ANNOTATED_AI_ASSISTED,0,0,1,0,1,0,0,0,0
OILPS_OSHA_00102,OSHA,"An employee was draining condensate out of the treater line when a flash fire occurred, causing second degree burns.",1,PROJECT_ANNOTATED_AI_ASSISTED,0,0,0,0,1,0,0,0,0
OILPS_OSHA_02776,OSHA,An employee sustained a partial left index finger amputation when high winds caused the compressor building door to slam on the employee's finger.,0,PROJECT_ANNOTATED_AI_ASSISTED,0,0,0,0,0,0,0,0,0
OILPS_OSHA_01359,OSHA,Two employees were working on a forklift due to a belt issue. The injured employee was working on the belt when the other employee started the forklift. The belt and pulley in the forklift motor then amputated the injured employee's right index fingertip.,1,PROJECT_ANNOTATED_AI_ASSISTED,0,0,0,0,0,0,1,0,0
OILPS_OSHA_02095,OSHA,"An employee was bleeding down injection lines, using a 36-inch pipe wrench, to let hydrates thaw overnight. A valve was opened and pressure (about 900 psi) was released, causing a section of pipe to come loose and strike the employee's leg above the knee. He was hospitalized.",1,PROJECT_ANNOTATED_AI_ASSISTED,0,0,0,1,0,0,0,0,0
OILPS_OSHA_02351,OSHA,"An employee was removing a ""Christmas tree"" fitting from a pressurized wax tank. The pressure in the wax tank caused the wax to burst from the fitting and onto the employee. The employee was hospitalized for burns to the body.",1,PROJECT_ANNOTATED_AI_ASSISTED,0,0,0,1,0,0,0,0,0
OILPS_OSHA_01380,OSHA,"On January 11, 2018, at approximately 11:00 a.m., an employee was attempting to drive an ATV up a steep incline when it tipped over backwards. He was hospitalized with a fractured lower vertebra and internal bleeding.",0,PROJECT_ANNOTATED_AI_ASSISTED,0,0,0,0,0,0,0,0,0
OILPS_OSHA_02236,OSHA,An employee experienced heat stress.,0,PROJECT_ANNOTATED_AI_ASSISTED,0,0,0,0,0,0,0,0,0
OILPS_OSHA_02438,OSHA,"An employee was lowering a scaffold board using a rope and pulley assembly when the board slipped out of the rope and fell. The board caught a tangle in the rope and caused the hook end of the rope to shoot upward, where it hit the employee in the face and head. The employee suffered a probable fracture or concussion and tissue damage in the right eye area.",1,PROJECT_ANNOTATED_AI_ASSISTED,0,0,0,0,0,0,0,0,1
OILPS_OSHA_02385,OSHA,"An employee was exiting a truck when he lost his footing while descending the cab stairs. He fell to the ground and injured his left elbow, requiring hospitalization.",1,PROJECT_ANNOTATED_AI_ASSISTED,0,0,1,0,0,0,0,0,0
OILPS_OSHA_00804,OSHA,"An employee was dispatched to an oil and gas weld site to pick up produced water. When he made it to the worksite, he set his truck in position, connected the hose, and engaged the vacuum pump. A fire then occurred, causing second and third degree burns to both of his arms and part of his torso, as well as minor burns to his neck, face, and ear.",1,PROJECT_ANNOTATED_AI_ASSISTED,0,0,1,0,0,0,0,0,0
OILPS_OSHA_00286,OSHA,"On July 17, 2015, at approximately 1:45pm, an employee was hospitalized after suffering two broken bones to his lower left leg. Before the incident, the employee was standing on the third rung of a 12-foot stepladder, tightening bolts on a flange with a torque wrench. While applying pressure to the wrench, a reducer on the wrench broke, causing the employee to lose his balance. As he stepped down 34"" to the gravel surface, he landed awkwardly on his left foot, causing fractures.",1,PROJECT_ANNOTATED_AI_ASSISTED,0,0,0,1,0,0,0,0,0
OILPS_OSHA_01674,OSHA,An employee was hospitalized from heat exhaustion.,0,PROJECT_ANNOTATED_AI_ASSISTED,0,0,0,0,0,0,0,0,0
OILPS_OSHA_03358,OSHA,"Employees were pulling up piping on a workover rig. The anchor on the piping got caught on the slip, then the slip got caught on the work floor, pulling it up while the employee was standing on it. When the work floor broke away from the slip, the flooring fell back down to the ground. This caused the employee to fall and sustain a right leg fracture that required hospitalization.",0,PROJECT_ANNOTATED_AI_ASSISTED,0,0,0,0,0,0,0,0,0
OILPS_OSHA_01171,OSHA,"An employee was using a portable grinder with a wire brush wheel to clean a metallic natural gas pipe in preparation for welding. The flow of natural gas had been stopped with a metallic stopper pin. As the employee was using the grinder, the stopper pin became dislodged from a seated position, resulting in a brief ignition of the natural gas. The employee suffered first and second degree burns to the right side of his face and nose.",2,PROJECT_ANNOTATED_AI_ASSISTED,0,0,0,0,1,1,0,0,0
OILPS_OSHA_00128,OSHA,An employee was opening a gate when the last finger of the employee's left hand was pinched in a roller; the fingertip was amputated.,0,PROJECT_ANNOTATED_AI_ASSISTED,0,0,0,0,0,0,0,0,0
OILPS_OSHA_03208,OSHA,"Two employees were performing routine maintenance activities on instrumentation equipment when a caustic line going into an instrument began to release sodium hydroxide and propane, resulting in burns to the face and upper body due to contact with sodium hydroxide. Both employees were hospitalized.",1,PROJECT_ANNOTATED_AI_ASSISTED,0,0,0,0,0,0,0,1,0
OILPS_OSHA_03247,OSHA,"An employee was repairing a pack installation under tension. Upon pushing the pack, the employee sustained a left calf strain and was hospitalized.",0,PROJECT_ANNOTATED_AI_ASSISTED,0,0,0,0,0,0,0,0,0
OILPS_OSHA_00946,OSHA,"An employee was tracing an acetonitrile solution pipeline to verify which pipe was leaking from the pipe rack when he came into contact with the chemical mist. He experienced a headache and signs of exposure to acetonitrile, requiring hospitalization.",0,PROJECT_ANNOTATED_AI_ASSISTED,0,0,0,0,0,0,0,0,0
OILPS_OSHA_03018,OSHA,"An employee was loading a truck with caustic potash. A valve gasket failed and sprayed the employee with the caustic potash, resulting in burns to their face, back, chest, and head.",2,PROJECT_ANNOTATED_AI_ASSISTED,0,0,1,0,0,0,0,1,0
OILPS_OSHA_04201,OSHA,"An employee was acting as a spotter for a forklift operator. While its forks were being raised, the forklift came into contact with a power line. The employee was touching the forklift's metal frame at the time and was shocked on the left palm. The employee suffered burns to both the left palm and the sole of the left foot.",1,PROJECT_ANNOTATED_AI_ASSISTED,0,0,0,0,0,0,1,0,0
OILPS_OSHA_00813,OSHA,An employee was heating an asphalt product with a propane torch to close a lid on a tank when a flash fire occurred. The employee suffered second degree burns to the hand and first degree burns to the face.,1,PROJECT_ANNOTATED_AI_ASSISTED,0,0,0,0,1,0,0,0,0
OILPS_OSHA_02671,OSHA,"While working in the Rigger Shop, an employee was using channel lock pliers to disconnect two pieces of pipe that were bolted together. The pipe was raised by a crane. When the top bolt was removed, a portion of the pipe was pulled upward, and the other portion fell to floor. The employee's finger was pinched between lower handle of pliers and the portion of pipe supported by the crane. The employee suffered an amputation to his left ring finger.",1,PROJECT_ANNOTATED_AI_ASSISTED,0,0,0,0,0,0,1,0,0
OILPS_OSHA_01430,OSHA,"An employee was emptying a filter pod at the flare stack when a small flame came out of the top of the flare stack, landed in the condensate, and burned him. He suffered second degree burns to the hands, stomach, and calves, requiring hospitalization.",0,PROJECT_ANNOTATED_AI_ASSISTED,0,0,0,0,0,0,0,0,0
OILPS_OSHA_02048,OSHA,"On March 15, at 11 a.m., an employee was running a cable to the floor of a pulling unit when the employee was shocked by approximately 1,050 volts DC from the trailer truck. The employee was hospitalized with an electrical shock to the hands.",1,PROJECT_ANNOTATED_AI_ASSISTED,0,0,1,0,0,0,0,0,0
OILPS_OSHA_03687,OSHA,"An employee was removing a pipe from his truck when his middle finger got caught in the D ring on the pipe, resulting in a fingertip amputation up to the first knuckle.",2,PROJECT_ANNOTATED_AI_ASSISTED,0,0,1,0,0,1,0,0,0
OILPS_OSHA_00395,OSHA,An employee was shocked when the trackhoe he was loading onto a trailer made contact with power lines.,0,PROJECT_ANNOTATED_AI_ASSISTED,0,0,0,0,0,0,0,0,0
OILPS_OSHA_01373,OSHA,"An employee was getting ready to climb a ladder to a chemical float trailer. He had put his right hand on the lower section of the ladder when it shifted, causing his right ring finger to be caught between the ladder and the trailer. His fingertip was amputated.",1,PROJECT_ANNOTATED_AI_ASSISTED,0,0,0,0,0,0,0,0,1
OILPS_OSHA_02402,OSHA,An employee was installing a vent chimney for a gas fireplace and fell from the roof to the ground below. The employee was hospitalized with bilateral foot fractures.,1,PROJECT_ANNOTATED_AI_ASSISTED,0,0,0,0,0,0,0,0,1
OILPS_OSHA_00499,OSHA,"An employee was using a pry bar to guide the base of a jib crane over the bolts in the floor. The base was suspended by straps attached to a forklift. The base slipped in the straps and pinned the employee's right hand between the pry bar and the floor, breaking his right index finger and requiring hospitalization.",2,PROJECT_ANNOTATED_AI_ASSISTED,0,0,0,1,0,0,1,0,0
OILPS_OSHA_00615,OSHA,"An employee was running a string of pipe from a derrick basket when his shirt was caught by the rotating torque rod. It pulled his shirt tight, compressing his chest against the derrick basket. He suffered chest bruising and lost consciousness, requiring hospitalization.",1,PROJECT_ANNOTATED_AI_ASSISTED,0,0,0,0,0,0,0,0,1
OILPS_OSHA_03004,OSHA,"A service technician was repairing a natural gas regulator that was leaking. When the water heater valve was opened, natural gas ignited, and the technician sustained burns to the arms.",0,PROJECT_ANNOTATED_AI_ASSISTED,0,0,0,0,0,0,0,0,0
OILPS_OSHA_00159,OSHA,An employee's foot got crushed between the floor and boom of a drill rig. He broke his big toe.,0,PROJECT_ANNOTATED_AI_ASSISTED,0,0,0,0,0,0,0,0,0
OILPS_OSHA_01014,OSHA,"An employee was removing a threaded grease fitting from a valve. As the fitting came loose, it struck the employee's hand. Air, water, and grease also released with some pressure. The pressure or the fitting lacerated the employee's hand between the thumb and forefinger and abraded the skin between the thumb and wrist. The employee was hospitalized and had surgery.",1,PROJECT_ANNOTATED_AI_ASSISTED,0,0,0,1,0,0,0,0,0
OILPS_OSHA_02650,OSHA,"While moving drums in the back of a delivery truck, an employee fell from the truck to the ground, suffering a concussion and head laceration. The employee was hospitalized.",2,PROJECT_ANNOTATED_AI_ASSISTED,0,0,1,0,0,0,0,0,1
OILPS_OSHA_01688,OSHA,While flushing chemical from a tanker truck an explosion occurred that burned three employees. One of the injured employees was hospitalized with burns to the face and hands.,2,PROJECT_ANNOTATED_AI_ASSISTED,0,0,1,0,1,0,0,0,0
OILPS_OSHA_01677,OSHA,"On 7/13/2018, an employee climbed an 8-foot A-frame ladder to tape an area for painting. The employee finished and was starting to descend when the employee missed one of the ladder rungs and fell to the ground. The employee suffered a head cut and broken right ankle, requiring hospitalization and surgery.",1,PROJECT_ANNOTATED_AI_ASSISTED,0,0,0,0,0,0,0,0,1
OILPS_OSHA_00979,OSHA,"An employee finished installing power line poles and stepped into a truck. The truck derrick made contact with the power line (12kV), resulting in electric shock to the employee. The employee received burns to the hands, feet, and internal body parts.",2,PROJECT_ANNOTATED_AI_ASSISTED,0,0,1,0,0,0,0,0,1
OILPS_OSHA_01851,OSHA,Employees were constructing a tank battery and removing a bottom hatch with a grinder when a fire and explosion occurred from an empty tank. The injured employee received body burns that required hospitalization.,1,PROJECT_ANNOTATED_AI_ASSISTED,0,0,0,0,1,0,0,0,0
OILPS_OSHA_03214,OSHA,An employee was helping load a trailer. The vehicle was jostled and his left middle finger was crushed between the truck and the hitch. He suffered an amputation to the finger.,1,PROJECT_ANNOTATED_AI_ASSISTED,0,0,1,0,0,0,0,0,0
OILPS_OSHA_00876,OSHA,An employee was cleaning a H2S (hydrogen sulfide) tower using a H2O2 (hydrogen peroxide) chemical when a chemical explosion occurred. The employee suffered burns to an ear and leg.,3,PROJECT_ANNOTATED_AI_ASSISTED,0,1,0,0,1,0,0,1,0
OILPS_OSHA_03813,OSHA,"An employee was retrieving material from the open bin of a digger derrick when the digger derrick contacted 7,200-volt primary electric lines. The employee sustained an electrical shock that went through his arms and exited his right foot.",1,PROJECT_ANNOTATED_AI_ASSISTED,0,0,0,0,0,0,0,0,1
OILPS_OSHA_02576,OSHA,"An employee was tasked with welding a pipe. As he was getting a cutting torch from a toolbox on a buggy, he became caught between the side boom of a pipelayer and the buggy. He suffered internal bleeding and damage to his small intestine, requiring hospitalization and surgery.",1,PROJECT_ANNOTATED_AI_ASSISTED,0,0,0,0,1,0,0,0,0
OILPS_OSHA_02260,OSHA,"An employee was using compressed air to blow a sponge through a concrete pipeline to clean the pipe. The employee was disengaging the fitting of the air hose reducer, which was still under pressure, when the reducer struck the employee just below the hard hat line. The employee suffered a concussion, brain bleed, and forehead laceration.",1,PROJECT_ANNOTATED_AI_ASSISTED,0,0,0,1,0,0,0,0,0
OILPS_OSHA_00885,OSHA,"An employee was fixing a damaged pipeline and was struck by a pickup truck. The employee suffered a broken leg, rib trauma, damaged spleen and a punctured lung.",2,PROJECT_ANNOTATED_AI_ASSISTED,0,0,1,0,0,1,0,0,0
