sample_index,record_id,source,source_document,source_record_id,report_date,country,location,industry,event_type,severity,sampling_stratum,sampling_all_strata,narrative,mapped_osha_source_hazard,mapped_osha_actual_injury_outcome,candidate_primary_lsr,candidate_secondary_lsr,candidate_all_lsrs,human_sif_label,human_sif_confidence,human_sif_rationale,human_primary_lsr,human_secondary_lsr,human_all_lsrs,human_activity,human_hazard,human_barrier,human_barrier_failure,human_potential_consequence,annotator_notes,annotation_status
1,OILPS_OSHA_03315,OSHA,January2015toNovember2025.csv,2023010465,1/16/2023,USA,"CHARLEROI, PENNSYLVANIA",Support Activities for Oil and Gas Operations,Workplace Safety Incident,Amputation,Stratum_A_Drilling_Heavy_Mechanical,Stratum_A_Drilling_Heavy_Mechanical,"An employee was rotating a lifted bonnet when their finger was pinched between the fork and valve, resulting in a right middle fingertip amputation.",Oil drilling rigs and machinery,Amputations,,,None identified,0,MEDIUM,Energy: Low operational energy | Exposure: Routine task (Oilfield operational support task) | Barrier Failure: Minor procedural deviation | Escalation: Minor localized injury without credible SIF potential,None,,None,Oilfield operational support task,Operational equipment hazard (unspecified energy),Standard operating procedures & PPE,Procedural deviation during task execution,Localized occupational injury without life-altering escalation,,ANNOTATED
2,OILPS_OSHA_03450,OSHA,January2015toNovember2025.csv,2023065324,6/16/2023,USA,"STANTON, TEXAS",Support Activities for Oil and Gas Operations,Workplace Safety Incident,Hospitalization,Stratum_B_Pressure_Flammable_Chemical_H2S,Stratum_B_Pressure_Flammable_Chemical_H2S,An employee was refueling a pump when a flash fire occurred and burned the employee's left arm. The employee was hospitalized.,,"Heat (thermal) burns, unspecified",Hot Work,,Hot Work,1,HIGH,"Energy: Flammable hydrocarbons / thermal ignition energy | Exposure: Worker positioned in active hazard zone during Oilfield operational support task | Barrier Failure: Hot work performed near flammable vapors / unverified atmospheric LEL | Escalation: Catastrophic vapor cloud explosion, mass toxic asphyxiation, or fatal burns",Hot Work,,Hot Work,Oilfield operational support task,Flammable hydrocarbons / thermal ignition energy,"Continuous LEL gas monitoring, hot work permit & spark containment",Hot work performed near flammable vapors / unverified atmospheric LEL,"Catastrophic vapor cloud explosion, mass toxic asphyxiation, or fatal burns",,ANNOTATED
3,OILPS_OSHA_03931,OSHA,January2015toNovember2025.csv,20241211461,12/11/2024,USA,"HUNTSVILLE, TEXAS",Oil & Gas / Energy Related,Workplace Safety Incident,Hospitalization,Stratum_C_Height_Lifting_Dropped_Objects,Stratum_C_Height_Lifting_Dropped_Objects,"Employees were working to re-install a 500-pound shear cylinder (20 x 40 ). They took the cylinder off a pallet and laid it vertically on the ground. Using nylon straps, they rigged the cylinder through eyelets to lift it with a forklift and place it back in the machine. The injured employee grabbed the cylinder and went to rotate it. The cylinder tipped over and landed on the injured employee's leg, fracturing bones in their lower leg and foot. The employee was hospitalized and required surgery.",Hydraulic and pressurized cylinders,Fractures,Safe Mechanical Lifting,,Safe Mechanical Lifting,1,HIGH,"Energy: Suspended heavy mechanical load / falling tubular | Exposure: Worker positioned in active hazard zone during Mechanical hoisting / crane lifting operations | Barrier Failure: Personnel in line of fire / defective rigging hardware or improper rigging | Escalation: Fatal crushing impact, severe traumatic amputation, or fatal projectile strike",Safe Mechanical Lifting,,Safe Mechanical Lifting,Mechanical hoisting / crane lifting operations,Suspended heavy mechanical load / falling tubular,"Certified rigging gear, dedicated signalman & red zone exclusion barrier",Personnel in line of fire / defective rigging hardware or improper rigging,"Fatal crushing impact, severe traumatic amputation, or fatal projectile strike",,ANNOTATED
4,OILPS_OSHA_01215,OSHA,January2015toNovember2025.csv,2017099287,9/27/2017,USA,"BAYTOWN, TEXAS",Support Activities for Oil and Gas Operations,Workplace Safety Incident,Hospitalization,Stratum_B_Pressure_Flammable_Chemical_H2S,Stratum_B_Pressure_Flammable_Chemical_H2S; Stratum_C_Height_Lifting_Dropped_Objects; Stratum_E_Vehicle_Transport,"An employee was filling a tanker trailer with used oil that was being pumped from a larger stationary tank. He climbed the trailer-mounted ladder to open the dome hatch to check on the filling process. When he released one of the dome hatch cover clips, the lid was blown open from built-up pressure inside the tank. He was thrown from the ladder to the ground, hitting his head and neck and requiring hospitalization.","Semi, tractor-trailer, tanker truck","Intracranial injuries, unspecified",Working at Height,,Working at Height,1,HIGH,Energy: High-pressure fluid/gas stored energy; Elevated work position (gravitational energy) | Exposure: Worker positioned in active hazard zone during Oilfield operational support task | Barrier Failure: Intervention on pressurized line / failure to verify zero residual pressure | Escalation: Fatal blunt force trauma from fall at elevation,Energy Isolation,Working at Height,Energy Isolation; Working at Height,Oilfield operational support task,High-pressure fluid/gas stored energy; Elevated work position (gravitational energy),"Positive energy isolation, verified depressurization & line-of-fire barricading",Intervention on pressurized line / failure to verify zero residual pressure,Fatal blunt force trauma from fall at elevation,Candidate LSR 'Working at Height' modified to 'Energy Isolation'.,ANNOTATED
5,OILPS_OSHA_01341,OSHA,January2015toNovember2025.csv,20171211840,12/13/2017,USA,"HENNESSEY, OKLAHOMA",Drilling Oil and Gas Wells,Workplace Safety Incident,Hospitalization,Stratum_A_Drilling_Heavy_Mechanical,Stratum_A_Drilling_Heavy_Mechanical,"An employee was using an air hose to blow air through a waterline to a well when the hose came loose from the strap that secured it to the water pump. The end of the hose struck the employee's left shoulder area, fracturing his collarbone.",Hoses,Fractures,,,None identified,0,MEDIUM,Energy: Low operational energy | Exposure: Routine task (Oilfield operational support task) | Barrier Failure: Minor procedural deviation | Escalation: Minor localized injury without credible SIF potential,None,,None,Oilfield operational support task,Operational equipment hazard (unspecified energy),Standard operating procedures & PPE,Procedural deviation during task execution,Localized occupational injury without life-altering escalation,,ANNOTATED
6,OILPS_OSHA_00367,OSHA,January2015toNovember2025.csv,2015097068,9/24/2015,USA,"THREE RIVERS, TEXAS",Petroleum Refineries,Workplace Safety Incident,Hospitalization,Stratum_B_Pressure_Flammable_Chemical_H2S,Stratum_B_Pressure_Flammable_Chemical_H2S,An employee was working on a heater when the fuel gas system detonated and caused a flash fire. The employee was burned on the right side of the face and ear.,"Coal, natural gas, petroleum fuels and products, unspecified","Heat (thermal) burns, unspecified",Hot Work,,Hot Work,1,HIGH,"Energy: Flammable hydrocarbons / thermal ignition energy | Exposure: Worker positioned in active hazard zone during Oilfield operational support task | Barrier Failure: Hot work performed near flammable vapors / unverified atmospheric LEL | Escalation: Catastrophic vapor cloud explosion, mass toxic asphyxiation, or fatal burns",Hot Work,,Hot Work,Oilfield operational support task,Flammable hydrocarbons / thermal ignition energy,"Continuous LEL gas monitoring, hot work permit & spark containment",Hot work performed near flammable vapors / unverified atmospheric LEL,"Catastrophic vapor cloud explosion, mass toxic asphyxiation, or fatal burns",,ANNOTATED
7,OILPS_OSHA_00779,OSHA,January2015toNovember2025.csv,2016109868,10/19/2016,USA,"WILLISTON, NORTH DAKOTA",Oil and Gas Extraction (General),Workplace Safety Incident,Hospitalization,Stratum_D_ConfinedSpace_HotWork_Isolation,Stratum_D_ConfinedSpace_HotWork_Isolation,An employee was hospitalized after sustaining an electrical shock while unscrewing a light bulb on a training rig.,"Lamps, light fixtures","Electrocutions, electric shocks",Energy Isolation,,Energy Isolation,0,MEDIUM,Energy: Low operational energy | Exposure: Routine task (Electrical system maintenance and troubleshooting) | Barrier Failure: Minor procedural deviation | Escalation: Minor localized injury without credible SIF potential,None,,None,Electrical system maintenance and troubleshooting,Operational equipment hazard (unspecified energy),Standard operating procedures & PPE,Procedural deviation during task execution,Localized occupational injury without life-altering escalation,Candidate LSR 'Energy Isolation' rejected based on narrative evidence.,ANNOTATED
8,OILPS_OSHA_02280,OSHA,January2015toNovember2025.csv,2019088561,8/21/2019,USA,"LAMONT, OKLAHOMA",Support Activities for Oil and Gas Operations,Workplace Safety Incident,Hospitalization,Stratum_A_Drilling_Heavy_Mechanical,Stratum_A_Drilling_Heavy_Mechanical,"Employees were at site to plug a well and were pulling casing from the well and laying them on a skid. An employee who was standing on a metal bench/stool lost his footing. The case fell off the rack and struck him in the right leg, breaking his tibia and fibula. He was hospitalized and had surgery.","Cabinets, cases-display, storage",Fractures,,,None identified,1,MEDIUM,Energy: Stored mechanical/tubular energy | Exposure: Floor worker during Drilling rig floor pipe/casing operations | Barrier Failure: Line-of-fire control compromised | Escalation: Crushing impact / permanent disabling trauma,None,,None,Drilling rig floor pipe/casing operations,Operational equipment hazard (unspecified energy),Standard operating procedures & PPE,Procedural deviation during task execution,Localized occupational injury without life-altering escalation,,ANNOTATED
9,OILPS_OSHA_02559,OSHA,January2015toNovember2025.csv,2020054179,5/5/2020,USA,"BEAUMONT, TEXAS",Support Activities for Oil and Gas Operations,Workplace Safety Incident,Amputation,Stratum_C_Height_Lifting_Dropped_Objects,Stratum_C_Height_Lifting_Dropped_Objects,"An employee was lowering a transfer hose between two liquid cargo barges. The winch started to free-spool and the hand crank came out of its seat. The employee was putting the hand crank back in to stop the winch from free-spooling, when the gears on the winch caused a partial amputation of a finger on the right hand and a fracture.","Drums, pulleys, sheaves",Amputations,Safe Mechanical Lifting,,Safe Mechanical Lifting,1,HIGH,"Energy: Suspended heavy mechanical load / falling tubular | Exposure: Worker positioned in active hazard zone during Oilfield operational support task | Barrier Failure: Personnel in line of fire / defective rigging hardware or improper rigging | Escalation: Fatal crushing impact, severe traumatic amputation, or fatal projectile strike",Safe Mechanical Lifting,,Safe Mechanical Lifting,Oilfield operational support task,Suspended heavy mechanical load / falling tubular,"Certified rigging gear, dedicated signalman & red zone exclusion barrier",Personnel in line of fire / defective rigging hardware or improper rigging,"Fatal crushing impact, severe traumatic amputation, or fatal projectile strike",,ANNOTATED
10,OILPS_OSHA_01198,OSHA,January2015toNovember2025.csv,2017098942,9/18/2017,USA,"SPRINGTOWN, TEXAS",Support Activities for Oil and Gas Operations,Workplace Safety Incident,Hospitalization,Stratum_C_Height_Lifting_Dropped_Objects,Stratum_C_Height_Lifting_Dropped_Objects,"An employee was using a forklift to move a bale, weighing approximately 1000 lbs., to a c-can for storage. When the employee unsecured the bale from the forklift, the bale fell off the forklift and onto the employee, fracturing his ankles.","Bundles, bales",Fractures,Safe Mechanical Lifting,,Safe Mechanical Lifting,1,HIGH,"Energy: Suspended heavy mechanical load / falling tubular | Exposure: Worker positioned in active hazard zone during Mechanical hoisting / crane lifting operations | Barrier Failure: Personnel in line of fire / defective rigging hardware or improper rigging | Escalation: Fatal crushing impact, severe traumatic amputation, or fatal projectile strike",Safe Mechanical Lifting,,Safe Mechanical Lifting,Mechanical hoisting / crane lifting operations,Suspended heavy mechanical load / falling tubular,"Certified rigging gear, dedicated signalman & red zone exclusion barrier",Personnel in line of fire / defective rigging hardware or improper rigging,"Fatal crushing impact, severe traumatic amputation, or fatal projectile strike",,ANNOTATED
11,OILPS_OSHA_03194,OSHA,January2015toNovember2025.csv,2022097907,9/6/2022,USA,"HENNESSEY, OKLAHOMA",Support Activities for Oil and Gas Operations,Workplace Safety Incident,Amputation,Stratum_C_Height_Lifting_Dropped_Objects,Stratum_C_Height_Lifting_Dropped_Objects,"A crane's auxiliary line was tangled with its anti-two-block device's weight. An employee pulled on the line to free it; the slack released, and his left little fingertip was caught between the weight and the line. The fingertip was amputated.","Cranes, unspecified",Amputations,Safe Mechanical Lifting,,Safe Mechanical Lifting,1,HIGH,"Energy: Suspended heavy mechanical load / falling tubular | Exposure: Worker positioned in active hazard zone during Mechanical hoisting / crane lifting operations | Barrier Failure: Personnel in line of fire / defective rigging hardware or improper rigging | Escalation: Fatal crushing impact, severe traumatic amputation, or fatal projectile strike",Safe Mechanical Lifting,,Safe Mechanical Lifting,Mechanical hoisting / crane lifting operations,Suspended heavy mechanical load / falling tubular,"Certified rigging gear, dedicated signalman & red zone exclusion barrier",Personnel in line of fire / defective rigging hardware or improper rigging,"Fatal crushing impact, severe traumatic amputation, or fatal projectile strike",,ANNOTATED
12,OILPS_OSHA_00042,OSHA,January2015toNovember2025.csv,2015010658,1/21/2015,USA,"WILLISTON, NORTH DAKOTA",Support Activities for Oil and Gas Operations,Workplace Safety Incident,Hospitalization,Stratum_B_Pressure_Flammable_Chemical_H2S,Stratum_B_Pressure_Flammable_Chemical_H2S,At 9:00AM an employee was working on an oil field energy services tanker removing a camlock cap. Pressure was on the cap when it was removed. It blew off and struck the employee in the face injuring his jaw and damaging his teeth. The employee was transferred to different hospitals before receiving treatment. The employee was hospitalized one night in Bismarck.,"Caps, lids, covers, n.e.c.","Soreness, pain, hurt-nonspecified injury",,,None identified,1,HIGH,"Energy: High-pressure fluid/gas stored energy | Exposure: Worker positioned in active hazard zone during Oilfield operational support task | Barrier Failure: Intervention on pressurized line / failure to verify zero residual pressure | Escalation: Fatal crushing impact, severe traumatic amputation, or fatal projectile strike",Energy Isolation,,Energy Isolation,Oilfield operational support task,High-pressure fluid/gas stored energy,"Positive energy isolation, verified depressurization & line-of-fire barricading",Intervention on pressurized line / failure to verify zero residual pressure,"Fatal crushing impact, severe traumatic amputation, or fatal projectile strike",,ANNOTATED
13,OILPS_OSHA_03559,OSHA,January2015toNovember2025.csv,2023109484,10/13/2023,USA,"RICHMOND, MAINE",Asphalt Paving Mixture and Block Manufacturing,Workplace Safety Incident,Hospitalization,Stratum_G_General_Oilfield_Operations,Stratum_G_General_Oilfield_Operations,"An employee was drawing off an asphalt cement sample when the hot asphalt splashed onto the employee's face, resulting in burns.","Paving asphalt, asphaltic cement","Heat (thermal) burns, unspecified",,,None identified,0,MEDIUM,Energy: Low operational energy | Exposure: Routine task (Oilfield operational support task) | Barrier Failure: Minor procedural deviation | Escalation: Minor localized injury without credible SIF potential,None,,None,Oilfield operational support task,Operational equipment hazard (unspecified energy),Standard operating procedures & PPE,Procedural deviation during task execution,Localized occupational injury without life-altering escalation,,ANNOTATED
14,OILPS_OSHA_03082,OSHA,January2015toNovember2025.csv,2022054387,5/19/2022,USA,"BAYTOWN, TEXAS",Oil & Gas / Energy Related,Workplace Safety Incident,Amputation,Stratum_D_ConfinedSpace_HotWork_Isolation,Stratum_D_ConfinedSpace_HotWork_Isolation,An employee was moving a welding machine when it tipped over and crushed the fingers on his right hand. Part of a finger was medically amputated.,Welding machinery,Amputations,Hot Work,,Hot Work,0,MEDIUM,Energy: Low operational energy | Exposure: Routine task (Hot work / welding and thermal cutting) | Barrier Failure: Minor procedural deviation | Escalation: Minor localized injury without credible SIF potential,Hot Work,,Hot Work,Hot work / welding and thermal cutting,Operational equipment hazard (unspecified energy),Standard operating procedures & PPE,Procedural deviation during task execution,Localized occupational injury without life-altering escalation,,ANNOTATED
15,OILPS_OSHA_03143,OSHA,January2015toNovember2025.csv,2022076193,7/15/2022,USA,"PECOS, TEXAS",Drilling Oil and Gas Wells,Workplace Safety Incident,Amputation,Stratum_A_Drilling_Heavy_Mechanical,Stratum_A_Drilling_Heavy_Mechanical; Stratum_C_Height_Lifting_Dropped_Objects; Stratum_E_Vehicle_Transport,An employee was handling a hydraulic skid cylinder using a forklift. His left hand was pinched between the cylinder pad eye and the skid guide slots. He suffered partial amputations to the ring and middle fingers.,"Forklift, order picker, platform truck-powered",Amputations,Safe Mechanical Lifting,,Safe Mechanical Lifting,1,HIGH,"Energy: Suspended heavy mechanical load / falling tubular | Exposure: Worker positioned in active hazard zone during Mechanical hoisting / crane lifting operations | Barrier Failure: Personnel in line of fire / defective rigging hardware or improper rigging | Escalation: Fatal crushing impact, severe traumatic amputation, or fatal projectile strike",Safe Mechanical Lifting,,Safe Mechanical Lifting,Mechanical hoisting / crane lifting operations,Suspended heavy mechanical load / falling tubular,"Certified rigging gear, dedicated signalman & red zone exclusion barrier",Personnel in line of fire / defective rigging hardware or improper rigging,"Fatal crushing impact, severe traumatic amputation, or fatal projectile strike",,ANNOTATED
16,OILPS_OSHA_01834,OSHA,January2015toNovember2025.csv,20181010670,10/16/2018,USA,"WATONGA, OKLAHOMA",Drilling Oil and Gas Wells,Workplace Safety Incident,Hospitalization,Stratum_A_Drilling_Heavy_Mechanical,Stratum_A_Drilling_Heavy_Mechanical; Stratum_B_Pressure_Flammable_Chemical_H2S,"An employee was trying to re-light the pilot light on a combustor. It failed to ignite, then ignited when the door to the box was opened. A flash fire burned the employee's hands and face.",Oil drilling rigs and machinery,"Heat (thermal) burns, unspecified",Hot Work,,Hot Work,1,HIGH,"Energy: Flammable hydrocarbons / thermal ignition energy | Exposure: Worker positioned in active hazard zone during Oilfield operational support task | Barrier Failure: Hot work performed near flammable vapors / unverified atmospheric LEL | Escalation: Catastrophic vapor cloud explosion, mass toxic asphyxiation, or fatal burns",Hot Work,,Hot Work,Oilfield operational support task,Flammable hydrocarbons / thermal ignition energy,"Continuous LEL gas monitoring, hot work permit & spark containment",Hot work performed near flammable vapors / unverified atmospheric LEL,"Catastrophic vapor cloud explosion, mass toxic asphyxiation, or fatal burns",,ANNOTATED
17,OILPS_OSHA_01053,OSHA,January2015toNovember2025.csv,2017065495,6/15/2017,USA,"HOUSTON, TEXAS",Oil and Gas Pipeline Construction,Workplace Safety Incident,Hospitalization,Stratum_D_ConfinedSpace_HotWork_Isolation,Stratum_D_ConfinedSpace_HotWork_Isolation,"An employee was welding a 10-inch pipe when the jack stand that was supporting the pipe sank into the ground, causing the pipe to strike and break the employee's left femur.","Metal pipes, tubing",Fractures,Hot Work,,Hot Work,1,MEDIUM,Energy: Stored mechanical/tubular energy | Exposure: Floor worker during Hot work / welding and thermal cutting | Barrier Failure: Line-of-fire control compromised | Escalation: Crushing impact / permanent disabling trauma,Hot Work,,Hot Work,Hot work / welding and thermal cutting,Operational equipment hazard (unspecified energy),Standard operating procedures & PPE,Procedural deviation during task execution,Localized occupational injury without life-altering escalation,,ANNOTATED
18,OILPS_OSHA_04229,OSHA,January2015toNovember2025.csv,20251111514,11/19/2025,USA,"MARCUS HOOK, PENNSYLVANIA",Petroleum Refineries,Workplace Safety Incident,Amputation,Stratum_D_ConfinedSpace_HotWork_Isolation,Stratum_D_ConfinedSpace_HotWork_Isolation; Stratum_F_LowEnergy_Ergonomic_MinorInjury,An employee was testing a breaker that energizes a dryer when the breaker tripped. There was a propane leak from the dryer that went into the conduit and bypassed the conduit sealer that was connected to a Motor Control Center (MCC). The employee contacted the control board and instructed them turned on the dryer when the MCC exploded. The employee sustained an injury and the amputation of his right foot.,"Switchboards, panels, fuses",Amputations involving bone loss,Energy Isolation,Bypassing Safety Controls,Energy Isolation; Bypassing Safety Controls,1,HIGH,Energy: Energized electrical circuit / arc flash energy | Exposure: Worker positioned in active hazard zone during Electrical system maintenance and troubleshooting | Barrier Failure: Work on live circuit without electrical isolation or insulated tools | Escalation: Fatal electrocution / severe whole-body arc flash thermal trauma,Energy Isolation,Bypassing Safety Controls,Energy Isolation; Bypassing Safety Controls,Electrical system maintenance and troubleshooting,Energized electrical circuit / arc flash energy,"Lockout/Tagout (LOTO), zero voltage test & arc-rated personal protective equipment",Work on live circuit without electrical isolation or insulated tools,Fatal electrocution / severe whole-body arc flash thermal trauma,,ANNOTATED
19,OILPS_OSHA_00158,OSHA,January2015toNovember2025.csv,2015041849,4/9/2015,USA,"DURHAM, OKLAHOMA",Drilling Oil and Gas Wells,Workplace Safety Incident,Amputation,Stratum_A_Drilling_Heavy_Mechanical,Stratum_A_Drilling_Heavy_Mechanical,"An employee was adjusting a belt on a power washer. While checking the tension, the pump turned back on. This kicked the wrench away from the employee's hand and pulled his hand into the machine. His right little fingertip was amputated, and his right thumb was lacerated.",Power washers,Amputations,,,None identified,0,MEDIUM,Energy: Low operational energy | Exposure: Routine task (Oilfield operational support task) | Barrier Failure: Minor procedural deviation | Escalation: Minor localized injury without credible SIF potential,None,,None,Oilfield operational support task,Operational equipment hazard (unspecified energy),Standard operating procedures & PPE,Procedural deviation during task execution,Localized occupational injury without life-altering escalation,,ANNOTATED
20,OILPS_OSHA_03590,OSHA,January2015toNovember2025.csv,20231110918,11/29/2023,USA,"URBANA, ILLINOIS",Oil & Gas / Energy Related,Workplace Safety Incident,Hospitalization,Stratum_C_Height_Lifting_Dropped_Objects,Stratum_C_Height_Lifting_Dropped_Objects; Stratum_E_Vehicle_Transport,"On November 29, 2023, a digger derrick truck pulled an existing utility pole vertically out of the ground. After maneuvering the pole around an obstruction, the base of the pole was lowered. The operator of the digger derrick then released the pole tongs on top of the pole to begin lowering the pole to the ground using the winch line. As the pole approached the position where the chain would be readjusted to a center balance position, the pole kicked out at the base, striking an employee's right leg. The employee was hospitalized with fractures to their tibia and fibula.","Truck-motorized freight hauling and utility, n.e.c",Fractures,Working at Height,Safe Mechanical Lifting,Working at Height; Safe Mechanical Lifting; Driving,1,HIGH,Energy: Elevated work position (gravitational energy); Suspended heavy mechanical load / falling tubular | Exposure: Worker positioned in active hazard zone during Oilfield operational support task | Barrier Failure: Safety lanyard unclipped / absent leading edge fall protection | Escalation: Fatal blunt force trauma from fall at elevation,Safe Mechanical Lifting,Working at Height,Safe Mechanical Lifting; Working at Height; Driving,Oilfield operational support task,Elevated work position (gravitational energy); Suspended heavy mechanical load / falling tubular,100% continuous tie-off full body safety harness & engineered guardrails,Safety lanyard unclipped / absent leading edge fall protection,Fatal blunt force trauma from fall at elevation,Candidate LSR 'Working at Height' modified to 'Safe Mechanical Lifting'.,ANNOTATED
21,OILPS_OSHA_02688,OSHA,January2015toNovember2025.csv,20201110570,11/7/2020,USA,"MENDOTA, ILLINOIS",Support Activities for Oil and Gas Operations,Workplace Safety Incident,Hospitalization,Stratum_C_Height_Lifting_Dropped_Objects,Stratum_C_Height_Lifting_Dropped_Objects; Stratum_F_LowEnergy_Ergonomic_MinorInjury,"A hoist was being used to move a 700 lbs. object. While holding a chain to help direct the object, an employee tripped and was struck by the object. The employee suffered a head/scalp injury, an injury to the left hand, and a left pinky finger injury. The employee required surgery for all injuries.","Overhead hoists, unspecified","Soreness, pain, hurt-nonspecified injury",Line of Fire,Safe Mechanical Lifting,Line of Fire; Safe Mechanical Lifting,1,HIGH,"Energy: Suspended heavy mechanical load / falling tubular | Exposure: Worker positioned in active hazard zone during Oilfield operational support task | Barrier Failure: Personnel in line of fire / defective rigging hardware or improper rigging | Escalation: Fatal crushing impact, severe traumatic amputation, or fatal projectile strike",Line of Fire,Safe Mechanical Lifting,Line of Fire; Safe Mechanical Lifting,Oilfield operational support task,Suspended heavy mechanical load / falling tubular,"Certified rigging gear, dedicated signalman & red zone exclusion barrier",Personnel in line of fire / defective rigging hardware or improper rigging,"Fatal crushing impact, severe traumatic amputation, or fatal projectile strike",,ANNOTATED
22,OILPS_OSHA_03277,OSHA,January2015toNovember2025.csv,20221210765,12/12/2022,USA,"PRINCETON, WEST VIRGINIA",Oil & Gas / Energy Related,Workplace Safety Incident,Hospitalization,Stratum_B_Pressure_Flammable_Chemical_H2S,Stratum_B_Pressure_Flammable_Chemical_H2S,"On December 12, 2022, an employee was tying over a gas line using an impact gun when the gun caused sparks that resulted in a flash fire. The employee suffered burns to their face and hands.","Coal, natural gas, petroleum fuels and products, unspecified","Heat (thermal) burns, unspecified",Hot Work,,Hot Work,1,HIGH,"Energy: Flammable hydrocarbons / thermal ignition energy | Exposure: Worker positioned in active hazard zone during Oilfield operational support task | Barrier Failure: Hot work performed near flammable vapors / unverified atmospheric LEL | Escalation: Catastrophic vapor cloud explosion, mass toxic asphyxiation, or fatal burns",Hot Work,,Hot Work,Oilfield operational support task,Flammable hydrocarbons / thermal ignition energy,"Continuous LEL gas monitoring, hot work permit & spark containment",Hot work performed near flammable vapors / unverified atmospheric LEL,"Catastrophic vapor cloud explosion, mass toxic asphyxiation, or fatal burns",,ANNOTATED
23,OILPS_OSHA_02405,OSHA,January2015toNovember2025.csv,20191112077,11/21/2019,USA,"SAN ANGELO, TEXAS",Drilling Oil and Gas Wells,Workplace Safety Incident,Hospitalization,Stratum_A_Drilling_Heavy_Mechanical,Stratum_A_Drilling_Heavy_Mechanical,"Employees were working to remove and change the air swivel on the down the hole hammer (DTH) machine. They were using a 60"" pipe wrench weighing 60lbs. to loosen the drill steel by over-torqueing the pipe wrench and wedging it against the mast while rotating the drill steel in a counter direction. After some attempts, the DTH operator approached to help Employee 2. The drill then rotated and the pipe wrench contacted the right side of Employee 2's face, knocking him to the ground. The wrench then struck the DTH operator on the hard hat. Both employees were taken to the hospital. The DTH operator was released from the hospital after an evaluation. Employee 2 was hospitalized with multiple fractures to his jaw and cheek bone on the right side of the face.",Oil drilling rigs and machinery,Fractures,Working at Height,,Working at Height,1,HIGH,Energy: Elevated work position (gravitational energy) | Exposure: Worker positioned in active hazard zone during Oilfield operational support task | Barrier Failure: Safety lanyard unclipped / absent leading edge fall protection | Escalation: Fatal blunt force trauma from fall at elevation,Working at Height,,Working at Height,Oilfield operational support task,Elevated work position (gravitational energy),100% continuous tie-off full body safety harness & engineered guardrails,Safety lanyard unclipped / absent leading edge fall protection,Fatal blunt force trauma from fall at elevation,,ANNOTATED
24,OILPS_OSHA_02197,OSHA,January2015toNovember2025.csv,2019066395,6/25/2019,USA,"OIL CITY, LOUISIANA",Support Activities for Oil and Gas Operations,Workplace Safety Incident,Hospitalization,Stratum_B_Pressure_Flammable_Chemical_H2S,Stratum_B_Pressure_Flammable_Chemical_H2S; Stratum_E_Vehicle_Transport,Two employees were moving a 2-inch iron pipe to their acid pump truck when the injured employee's right ring finger was caught between the pipe and the pipe rack it rested on. He suffered an open fracture to the fingertip.,"Metal pipes, tubing",Fractures,Toxic Gas / Hazardous Substance,Driving,Toxic Gas / Hazardous Substance; Driving,1,MEDIUM,Energy: Stored mechanical/tubular energy | Exposure: Floor worker during Oilfield operational support task | Barrier Failure: Line-of-fire control compromised | Escalation: Crushing impact / permanent disabling trauma,Toxic Gas / Hazardous Substance,Driving,Toxic Gas / Hazardous Substance; Driving,Oilfield operational support task,Operational equipment hazard (unspecified energy),Standard operating procedures & PPE,Procedural deviation during task execution,Localized occupational injury without life-altering escalation,,ANNOTATED
25,OILPS_OSHA_00208,OSHA,January2015toNovember2025.csv,2015052926,5/17/2015,USA,"ROSEGLEN, NORTH DAKOTA",Drilling Oil and Gas Wells,Workplace Safety Incident,Amputation,Stratum_A_Drilling_Heavy_Mechanical,Stratum_A_Drilling_Heavy_Mechanical; Stratum_C_Height_Lifting_Dropped_Objects,"An employee suffered an amputation injury while rigging up a top drive at or near Parshall, North Dakota.",Oil drilling rigs and machinery,Amputations,Safe Mechanical Lifting,,Safe Mechanical Lifting,1,HIGH,"Energy: Suspended heavy mechanical load / falling tubular | Exposure: Worker positioned in active hazard zone during Mechanical hoisting / crane lifting operations | Barrier Failure: Personnel in line of fire / defective rigging hardware or improper rigging | Escalation: Fatal crushing impact, severe traumatic amputation, or fatal projectile strike",Safe Mechanical Lifting,,Safe Mechanical Lifting,Mechanical hoisting / crane lifting operations,Suspended heavy mechanical load / falling tubular,"Certified rigging gear, dedicated signalman & red zone exclusion barrier",Personnel in line of fire / defective rigging hardware or improper rigging,"Fatal crushing impact, severe traumatic amputation, or fatal projectile strike",,ANNOTATED
26,OILPS_OSHA_02211,OSHA,January2015toNovember2025.csv,2019076628,7/1/2019,USA,"MANSFIELD, LOUISIANA",Support Activities for Oil and Gas Operations,Workplace Safety Incident,Hospitalization,Stratum_F_LowEnergy_Ergonomic_MinorInjury,Stratum_F_LowEnergy_Ergonomic_MinorInjury,"An employee was attempting to close a manual valve after flushing a hydraulic choke. When the manual valve would not close, he went to retrieve a tool (wrench) to help close the valve and tripped over a flow line. He fell to the ground and broke his left arm.","Floors, walkways, ground surfaces, unspecified",Fractures,,,None identified,1,HIGH,"Energy: High-pressure fluid/gas stored energy | Exposure: Worker positioned in active hazard zone during Oilfield operational support task | Barrier Failure: Intervention on pressurized line / failure to verify zero residual pressure | Escalation: Fatal crushing impact, severe traumatic amputation, or fatal projectile strike",Energy Isolation,,Energy Isolation,Oilfield operational support task,High-pressure fluid/gas stored energy,"Positive energy isolation, verified depressurization & line-of-fire barricading",Intervention on pressurized line / failure to verify zero residual pressure,"Fatal crushing impact, severe traumatic amputation, or fatal projectile strike",,ANNOTATED
27,OILPS_OSHA_03919,OSHA,January2015toNovember2025.csv,20241110952,11/25/2024,USA,"VALENCIA, PENNSYLVANIA",Oil & Gas / Energy Related,Workplace Safety Incident,Hospitalization,Stratum_F_LowEnergy_Ergonomic_MinorInjury,Stratum_F_LowEnergy_Ergonomic_MinorInjury,An employee was walking back to the office when they tripped on a Christmas tree storage bag and fell to the floor. The employee sustained fractures to their clavicle and humerus.,Other constructed surface,Fractures,,,None identified,0,MEDIUM,Energy: Low operational energy | Exposure: Routine task (Oilfield operational support task) | Barrier Failure: Minor procedural deviation | Escalation: Minor localized injury without credible SIF potential,None,,None,Oilfield operational support task,Operational equipment hazard (unspecified energy),Standard operating procedures & PPE,Procedural deviation during task execution,Localized occupational injury without life-altering escalation,,ANNOTATED
28,OILPS_OSHA_01996,OSHA,January2015toNovember2025.csv,2019021493,2/10/2019,USA,"ROXANA, ILLINOIS",Oil and Gas Pipeline Construction,Workplace Safety Incident,Hospitalization,Stratum_B_Pressure_Flammable_Chemical_H2S,Stratum_B_Pressure_Flammable_Chemical_H2S,At approximately 4:30 p.m. there was an explosion and fire while starting up a unit at a refinery. One employee was burned on the face.,,"Heat (thermal) burns, unspecified",,,None identified,1,HIGH,"Energy: Flammable hydrocarbons / thermal ignition energy | Exposure: Worker positioned in active hazard zone during Oilfield operational support task | Barrier Failure: Hot work performed near flammable vapors / unverified atmospheric LEL | Escalation: Catastrophic vapor cloud explosion, mass toxic asphyxiation, or fatal burns",Hot Work,,Hot Work,Oilfield operational support task,Flammable hydrocarbons / thermal ignition energy,"Continuous LEL gas monitoring, hot work permit & spark containment",Hot work performed near flammable vapors / unverified atmospheric LEL,"Catastrophic vapor cloud explosion, mass toxic asphyxiation, or fatal burns",,ANNOTATED
29,OILPS_OSHA_02642,OSHA,January2015toNovember2025.csv,2020098536,9/8/2020,USA,"HENDERSON, COLORADO",Support Activities for Oil and Gas Operations,Workplace Safety Incident,Hospitalization,Stratum_C_Height_Lifting_Dropped_Objects,Stratum_C_Height_Lifting_Dropped_Objects; Stratum_F_LowEnergy_Ergonomic_MinorInjury,An employee was retrieving boxes from the roof of an interior lab/office. The employee fell through the roof approximately 10 feet to the floor below. The employee suffered a fractured left femur and patella as well as head lacerations.,"Roofs, unspecified",Fractures,Working at Height,,Working at Height,1,HIGH,Energy: Elevated work position (gravitational energy) | Exposure: Worker positioned in active hazard zone during Oilfield operational support task | Barrier Failure: Safety lanyard unclipped / absent leading edge fall protection | Escalation: Fatal blunt force trauma from fall at elevation,Working at Height,,Working at Height,Oilfield operational support task,Elevated work position (gravitational energy),100% continuous tie-off full body safety harness & engineered guardrails,Safety lanyard unclipped / absent leading edge fall protection,Fatal blunt force trauma from fall at elevation,,ANNOTATED
30,OILPS_OSHA_01816,OSHA,January2015toNovember2025.csv,20181010237,10/3/2018,USA,"PICKERINGTON, OHIO",Oil & Gas / Energy Related,Workplace Safety Incident,Hospitalization,Stratum_C_Height_Lifting_Dropped_Objects,Stratum_C_Height_Lifting_Dropped_Objects; Stratum_D_ConfinedSpace_HotWork_Isolation,"Between 9:00 and 10:00 a.m. on October 3, 2018, an employee was guiding the butt of a wooden electrical pole, which was being lifted by the winch of a digger derrick. The employee's neck came into contact with the pole as it was being grabbed by the pole claws; the top of the pole moved into (or close to) overhead high-voltage electrical lines. The employee suffered a 69,000-volt electrical shock down the body and out his foot.",Utility and telephone poles,"Electrocutions, electric shocks",Energy Isolation,Working at Height,Energy Isolation; Working at Height; Safe Mechanical Lifting,1,HIGH,Energy: Elevated work position (gravitational energy); Suspended heavy mechanical load / falling tubular | Exposure: Worker positioned in active hazard zone during Electrical system maintenance and troubleshooting | Barrier Failure: Safety lanyard unclipped / absent leading edge fall protection | Escalation: Fatal blunt force trauma from fall at elevation,Safe Mechanical Lifting,Working at Height,Safe Mechanical Lifting; Working at Height,Electrical system maintenance and troubleshooting,Elevated work position (gravitational energy); Suspended heavy mechanical load / falling tubular,100% continuous tie-off full body safety harness & engineered guardrails,Safety lanyard unclipped / absent leading edge fall protection,Fatal blunt force trauma from fall at elevation,Candidate LSR 'Energy Isolation' modified to 'Safe Mechanical Lifting'.,ANNOTATED
31,OILPS_OSHA_03848,OSHA,January2015toNovember2025.csv,2024098464,9/11/2024,USA,"WEIPPE, IDAHO",Petroleum and Petroleum Products Merchant Wholesalers,Workplace Safety Incident,Non-Fatal Injury,Stratum_B_Pressure_Flammable_Chemical_H2S,Stratum_B_Pressure_Flammable_Chemical_H2S; Stratum_D_ConfinedSpace_HotWork_Isolation; Stratum_E_Vehicle_Transport,"During fuel delivery to bulk storage tanks from a tanker truck, fuel vapors met with an ignition source, causing the service station attached to the diked tank area to explode and set all seven fuel storage tanks in the diked area on fire. One tank over pressurized from the fire and exploded, propelling the tank into the next property. The two employees on site received severe burns to their face and body from the explosion and were hospitalized.","Tanks, bins, vats except confined space",Thermal burns degree unspecified,Hot Work,Driving,Hot Work; Driving,1,HIGH,"Energy: Flammable hydrocarbons / thermal ignition energy | Exposure: Worker positioned in active hazard zone during Oilfield operational support task | Barrier Failure: Hot work performed near flammable vapors / unverified atmospheric LEL | Escalation: Catastrophic vapor cloud explosion, mass toxic asphyxiation, or fatal burns",Hot Work,Driving,Hot Work; Driving,Oilfield operational support task,Flammable hydrocarbons / thermal ignition energy,"Continuous LEL gas monitoring, hot work permit & spark containment",Hot work performed near flammable vapors / unverified atmospheric LEL,"Catastrophic vapor cloud explosion, mass toxic asphyxiation, or fatal burns",,ANNOTATED
32,OILPS_OSHA_03204,OSHA,January2015toNovember2025.csv,2022098217,9/16/2022,USA,"LENORAH, TEXAS",Support Activities for Oil and Gas Operations,Workplace Safety Incident,Hospitalization,Stratum_C_Height_Lifting_Dropped_Objects,Stratum_C_Height_Lifting_Dropped_Objects; Stratum_E_Vehicle_Transport,An employee was run over by a telehandler. The employee suffered a broken pelvis and was hospitalized.,"Industrial vehicle, material hauling and transport-powered, n.e.c",Fractures,Safe Mechanical Lifting,,Safe Mechanical Lifting,1,HIGH,"Energy: Suspended heavy mechanical load / falling tubular | Exposure: Worker positioned in active hazard zone during Oilfield operational support task | Barrier Failure: Personnel in line of fire / defective rigging hardware or improper rigging | Escalation: Fatal crushing impact, severe traumatic amputation, or fatal projectile strike",Safe Mechanical Lifting,,Safe Mechanical Lifting,Oilfield operational support task,Suspended heavy mechanical load / falling tubular,"Certified rigging gear, dedicated signalman & red zone exclusion barrier",Personnel in line of fire / defective rigging hardware or improper rigging,"Fatal crushing impact, severe traumatic amputation, or fatal projectile strike",,ANNOTATED
33,OILPS_OSHA_02824,OSHA,January2015toNovember2025.csv,2021064893,6/16/2021,USA,"BOGART, GEORGIA",Natural Gas Liquid Extraction,Workplace Safety Incident,Hospitalization,Stratum_C_Height_Lifting_Dropped_Objects,Stratum_C_Height_Lifting_Dropped_Objects,An employee was filling forklift cylinders with propane gas when the nozzle connected to the cylinder released and the employee was burned by the propane gas.,Propane,"Other burns, unspecified",Safe Mechanical Lifting,,Safe Mechanical Lifting,1,HIGH,"Energy: Suspended heavy mechanical load / falling tubular | Exposure: Worker positioned in active hazard zone during Mechanical hoisting / crane lifting operations | Barrier Failure: Personnel in line of fire / defective rigging hardware or improper rigging | Escalation: Fatal crushing impact, severe traumatic amputation, or fatal projectile strike",Safe Mechanical Lifting,,Safe Mechanical Lifting,Mechanical hoisting / crane lifting operations,Suspended heavy mechanical load / falling tubular,"Certified rigging gear, dedicated signalman & red zone exclusion barrier",Personnel in line of fire / defective rigging hardware or improper rigging,"Fatal crushing impact, severe traumatic amputation, or fatal projectile strike",,ANNOTATED
34,OILPS_OSHA_01181,OSHA,January2015toNovember2025.csv,2017098665,9/9/2017,USA,"ODESSA, TEXAS",Support Activities for Oil and Gas Operations,Workplace Safety Incident,Hospitalization,Stratum_A_Drilling_Heavy_Mechanical,Stratum_A_Drilling_Heavy_Mechanical; Stratum_E_Vehicle_Transport,"An employee was attempting to replace a gasket in a valve on a separator trailer when he fell and struck a tire rim that was on the ground, breaking ribs and suffering spleen damage.",Oil drilling rigs and machinery,"Fractures and other injuries, n.e.c.",,,None identified,1,HIGH,"Energy: Toxic H2S gas / oxygen-deficient atmosphere | Exposure: Worker positioned in active hazard zone during Oilfield operational support task | Barrier Failure: Entry into enclosed vessel without atmospheric verification or forced ventilation | Escalation: Catastrophic vapor cloud explosion, mass toxic asphyxiation, or fatal burns",Confined Space,,Confined Space,Oilfield operational support task,Toxic H2S gas / oxygen-deficient atmosphere,"Pre-entry atmospheric gas test, confined space permit & standby rescuer",Entry into enclosed vessel without atmospheric verification or forced ventilation,"Catastrophic vapor cloud explosion, mass toxic asphyxiation, or fatal burns",,ANNOTATED
35,OILPS_OSHA_00353,OSHA,January2015toNovember2025.csv,2015096579,9/9/2015,USA,"JONES MILLS, PENNSYLVANIA",Natural Gas Liquid Extraction,Workplace Safety Incident,Hospitalization,Stratum_E_Vehicle_Transport,Stratum_E_Vehicle_Transport,An employee fractured his hand while connecting a trailer when his hand got caught in the trailer's hydraulic cylinder.,Trailers,Fractures,Line of Fire,,Line of Fire,0,MEDIUM,Energy: Low operational energy | Exposure: Routine task (Oilfield operational support task) | Barrier Failure: Minor procedural deviation | Escalation: Minor localized injury without credible SIF potential,Line of Fire,,Line of Fire,Oilfield operational support task,Operational equipment hazard (unspecified energy),Standard operating procedures & PPE,Procedural deviation during task execution,Localized occupational injury without life-altering escalation,,ANNOTATED
36,OILPS_OSHA_00543,OSHA,January2015toNovember2025.csv,2016032456,3/22/2016,USA,"WEEDSPORT, NEW YORK",Oil and Gas Pipeline Construction,Workplace Safety Incident,Hospitalization,Stratum_E_Vehicle_Transport,Stratum_E_Vehicle_Transport,"An employee in a bucket truck was dismantling powerlines when he was electric shocked, suffering burns to both hands. He was hospitalized overnight.","Power lines, transformers, convertors","Electrical burns, unspecified",Driving,,Driving,0,MEDIUM,Energy: Low operational energy | Exposure: Routine task (Oilfield operational support task) | Barrier Failure: Minor procedural deviation | Escalation: Minor localized injury without credible SIF potential,Driving,,Driving,Oilfield operational support task,Operational equipment hazard (unspecified energy),Standard operating procedures & PPE,Procedural deviation during task execution,Localized occupational injury without life-altering escalation,,ANNOTATED
37,OILPS_OSHA_01229,OSHA,January2015toNovember2025.csv,2017109605,10/6/2017,USA,"BEAUMONT, TEXAS",Drilling Oil and Gas Wells,Workplace Safety Incident,Amputation,Stratum_A_Drilling_Heavy_Mechanical,Stratum_A_Drilling_Heavy_Mechanical,"An employee fell while installing safety clamps. During the fall, the employee's left pinky finger was caught and partially amputated between a safety clamp and a pipe.",,Amputations,,,None identified,1,MEDIUM,Energy: Stored mechanical/tubular energy | Exposure: Floor worker during Oilfield operational support task | Barrier Failure: Line-of-fire control compromised | Escalation: Crushing impact / permanent disabling trauma,None,,None,Oilfield operational support task,Operational equipment hazard (unspecified energy),Standard operating procedures & PPE,Procedural deviation during task execution,Localized occupational injury without life-altering escalation,,ANNOTATED
38,OILPS_OSHA_02622,OSHA,January2015toNovember2025.csv,2020087365,8/5/2020,USA,"LAFAYETTE, LOUISIANA",Support Activities for Oil and Gas Operations,Workplace Safety Incident,Hospitalization,Stratum_B_Pressure_Flammable_Chemical_H2S,Stratum_B_Pressure_Flammable_Chemical_H2S; Stratum_C_Height_Lifting_Dropped_Objects,An employee was taking pressure readings on a hull when his right foot fell into the hull opening where grating had been removed. The employee was hospitalized with broken ribs and torn tissue in his knee.,,"Fractures and other injuries, n.e.c.",,,None identified,1,HIGH,"Energy: High-pressure fluid/gas stored energy | Exposure: Worker positioned in active hazard zone during Oilfield operational support task | Barrier Failure: Intervention on pressurized line / failure to verify zero residual pressure | Escalation: Fatal crushing impact, severe traumatic amputation, or fatal projectile strike",Energy Isolation,,Energy Isolation,Oilfield operational support task,High-pressure fluid/gas stored energy,"Positive energy isolation, verified depressurization & line-of-fire barricading",Intervention on pressurized line / failure to verify zero residual pressure,"Fatal crushing impact, severe traumatic amputation, or fatal projectile strike",,ANNOTATED
39,OILPS_OSHA_02720,OSHA,January2015toNovember2025.csv,2021010321,1/12/2021,USA,"DAMON, TEXAS",Support Activities for Oil and Gas Operations,Workplace Safety Incident,Hospitalization,Stratum_E_Vehicle_Transport,Stratum_E_Vehicle_Transport,An employee was acting as a ground guide for a vehicle as it backed up. The vehicle struck him and broke his left tibia and fibula.,"Vehicle, unspecified",Fractures,Driving,,Driving,0,MEDIUM,Energy: Low operational energy | Exposure: Routine task (Oilfield operational support task) | Barrier Failure: Minor procedural deviation | Escalation: Minor localized injury without credible SIF potential,Driving,,Driving,Oilfield operational support task,Operational equipment hazard (unspecified energy),Standard operating procedures & PPE,Procedural deviation during task execution,Localized occupational injury without life-altering escalation,,ANNOTATED
40,OILPS_OSHA_02343,OSHA,January2015toNovember2025.csv,20191010279,10/1/2019,USA,"ROSELAND, LOUISIANA",Petroleum and Petroleum Products Merchant Wholesalers,Workplace Safety Incident,Hospitalization,Stratum_D_ConfinedSpace_HotWork_Isolation,Stratum_D_ConfinedSpace_HotWork_Isolation,An employee suffered a 480-volt shock while investigating a power outage in a production area.,"Electric parts, unspecified","Electrocutions, electric shocks",Energy Isolation,,Energy Isolation,0,MEDIUM,Energy: Low operational energy | Exposure: Routine task (Oilfield operational support task) | Barrier Failure: Minor procedural deviation | Escalation: Minor localized injury without credible SIF potential,None,,None,Oilfield operational support task,Operational equipment hazard (unspecified energy),Standard operating procedures & PPE,Procedural deviation during task execution,Localized occupational injury without life-altering escalation,Candidate LSR 'Energy Isolation' rejected based on narrative evidence.,ANNOTATED
41,OILPS_OSHA_03637,OSHA,January2015toNovember2025.csv,2024010229,1/10/2024,USA,"TAMPA, FLORIDA",Petroleum Products Manufacturing,Workplace Safety Incident,Amputation,Stratum_G_General_Oilfield_Operations,Stratum_G_General_Oilfield_Operations,"An employee was attempting to clear blockage from a clogged line when a valve closed on his left middle fingertip, resulting in an amputation.","Valves, nozzles","Amputations, avulsions, enucleations unspecified",Energy Isolation,,Energy Isolation,0,MEDIUM,Energy: Low operational energy | Exposure: Routine task (Oilfield operational support task) | Barrier Failure: Minor procedural deviation | Escalation: Minor localized injury without credible SIF potential,Energy Isolation,,Energy Isolation,Oilfield operational support task,Operational equipment hazard (unspecified energy),Standard operating procedures & PPE,Procedural deviation during task execution,Localized occupational injury without life-altering escalation,,ANNOTATED
42,OILPS_OSHA_02495,OSHA,January2015toNovember2025.csv,2020021724,2/21/2020,USA,"KARNES CITY, TEXAS",Support Activities for Oil and Gas Operations,Workplace Safety Incident,Amputation,Stratum_A_Drilling_Heavy_Mechanical,Stratum_A_Drilling_Heavy_Mechanical,"An employee was acting as a spotter for the loading of a rig pump. The employee tried to remove a pin that was in the way of the resting point of the pump and his right thumb was caught in a pinch point, resulting in an amputation of the thumb at the first knuckle.",Oil drilling rigs and machinery,Amputations,Line of Fire,,Line of Fire,0,MEDIUM,Energy: Low operational energy | Exposure: Routine task (Oilfield operational support task) | Barrier Failure: Minor procedural deviation | Escalation: Minor localized injury without credible SIF potential,Line of Fire,,Line of Fire,Oilfield operational support task,Operational equipment hazard (unspecified energy),Standard operating procedures & PPE,Procedural deviation during task execution,Localized occupational injury without life-altering escalation,,ANNOTATED
43,OILPS_OSHA_03828,OSHA,January2015toNovember2025.csv,2024087478,8/14/2024,USA,"MAGNOLIA, TEXAS",Support Activities for Oil and Gas Operations,Workplace Safety Incident,Amputation,Stratum_G_General_Oilfield_Operations,Stratum_G_General_Oilfield_Operations,"An employee was setting time to the gear. The employee was manually rotating the upper gear when his left ring and little fingers were crushed between the upper and lower gears, resulting in distal amputations.",Machinery unspecified,"Amputations, avulsions, enucleations unspecified",,,None identified,0,MEDIUM,Energy: Low operational energy | Exposure: Routine task (Oilfield operational support task) | Barrier Failure: Minor procedural deviation | Escalation: Minor localized injury without credible SIF potential,None,,None,Oilfield operational support task,Operational equipment hazard (unspecified energy),Standard operating procedures & PPE,Procedural deviation during task execution,Localized occupational injury without life-altering escalation,,ANNOTATED
44,OILPS_OSHA_03521,OSHA,January2015toNovember2025.csv,2023087506,8/16/2023,USA,"HOUSTON, TEXAS",Support Activities for Oil and Gas Operations,Workplace Safety Incident,Hospitalization,Stratum_B_Pressure_Flammable_Chemical_H2S,Stratum_B_Pressure_Flammable_Chemical_H2S,"Employees were at a closed 3-inch loop pipe to test meters. The system had a leak and the injured employee went to fix it. The injured employee was removing a valve when he was struck in the head with approximately 50 psi of air pressure. He was knocked into a chain link fence, sustained a concussion and had a seizure due to the injury. He was hospitalized.",Pressurized air-blast,Concussions,,,None identified,1,HIGH,"Energy: High-pressure fluid/gas stored energy | Exposure: Worker positioned in active hazard zone during Oilfield operational support task | Barrier Failure: Intervention on pressurized line / failure to verify zero residual pressure | Escalation: Fatal crushing impact, severe traumatic amputation, or fatal projectile strike",Energy Isolation,,Energy Isolation,Oilfield operational support task,High-pressure fluid/gas stored energy,"Positive energy isolation, verified depressurization & line-of-fire barricading",Intervention on pressurized line / failure to verify zero residual pressure,"Fatal crushing impact, severe traumatic amputation, or fatal projectile strike",,ANNOTATED
45,OILPS_OSHA_00660,OSHA,January2015toNovember2025.csv,2016076633,7/21/2016,USA,"OMEGA, OKLAHOMA",Support Activities for Oil and Gas Operations,Workplace Safety Incident,Hospitalization,Stratum_E_Vehicle_Transport,Stratum_E_Vehicle_Transport,"An employee exited the rear of a flatbed semi-trailer onto an unpaved county road, and fractured his left tibia and was hospitalized.","Semi, tractor-trailer, tanker truck",Fractures,,,None identified,0,MEDIUM,Energy: Low operational energy | Exposure: Routine task (Oilfield operational support task) | Barrier Failure: Minor procedural deviation | Escalation: Minor localized injury without credible SIF potential,None,,None,Oilfield operational support task,Operational equipment hazard (unspecified energy),Standard operating procedures & PPE,Procedural deviation during task execution,Localized occupational injury without life-altering escalation,,ANNOTATED
46,OILPS_OSHA_01253,OSHA,January2015toNovember2025.csv,20171010045,10/19/2017,USA,"BIG LAKE, TEXAS",Drilling Oil and Gas Wells,Workplace Safety Incident,Hospitalization,Stratum_A_Drilling_Heavy_Mechanical,Stratum_A_Drilling_Heavy_Mechanical,"A crew was attempting to line up a catwalk with a vee-door. An employee's left hand was resting on the catwalk. The employee signaled the driller on the controls to move the catwalk. The vee-door, which was resting on the catwalk, then shook free and swung down, smashing the employee's left pinky finger.","Entrances and exits, n.e.c.",Crushing injuries,,,None identified,1,MEDIUM,Energy: Stored mechanical/tubular energy | Exposure: Floor worker during Oilfield operational support task | Barrier Failure: Line-of-fire control compromised | Escalation: Crushing impact / permanent disabling trauma,None,,None,Oilfield operational support task,Operational equipment hazard (unspecified energy),Standard operating procedures & PPE,Procedural deviation during task execution,Localized occupational injury without life-altering escalation,,ANNOTATED
47,OILPS_OSHA_00983,OSHA,January2015toNovember2025.csv,2017053987,5/2/2017,USA,"HOUSTON, TEXAS",Support Activities for Oil and Gas Operations,Workplace Safety Incident,Hospitalization,Stratum_D_ConfinedSpace_HotWork_Isolation,Stratum_D_ConfinedSpace_HotWork_Isolation,"An employee had entered a confined space in a reactor when he slipped on catalyst support media. As he fell, catalyst support beams (fire brick stacks) weighing approximately 80 to 100 pounds also fell and struck his legs, fracturing his right ankle, right fibula, and left fibula.","Floor, n.e.c.",Fractures,Confined Space,,Confined Space,1,HIGH,"Energy: Toxic H2S gas / oxygen-deficient atmosphere | Exposure: Worker positioned in active hazard zone during Confined space entry / vessel maintenance | Barrier Failure: Entry into enclosed vessel without atmospheric verification or forced ventilation | Escalation: Catastrophic vapor cloud explosion, mass toxic asphyxiation, or fatal burns",Confined Space,,Confined Space,Confined space entry / vessel maintenance,Toxic H2S gas / oxygen-deficient atmosphere,"Pre-entry atmospheric gas test, confined space permit & standby rescuer",Entry into enclosed vessel without atmospheric verification or forced ventilation,"Catastrophic vapor cloud explosion, mass toxic asphyxiation, or fatal burns",,ANNOTATED
48,OILPS_OSHA_00037,OSHA,January2015toNovember2025.csv,2015010568,1/17/2015,USA,"SAN ANTONIO, TEXAS",Support Activities for Oil and Gas Operations,Workplace Safety Incident,Hospitalization,Stratum_D_ConfinedSpace_HotWork_Isolation,Stratum_D_ConfinedSpace_HotWork_Isolation,"Employee was injured while performing a ""cold cut"" on a 6"" metal pipe of a gathering system. Employee was burned on the face, both arms, and knees. Employee was using a striker from the welding equipment and possibly ignited natural gas.",Natural gas,"Heat (thermal) burns, unspecified",Hot Work,,Hot Work,1,MEDIUM,Energy: Stored mechanical/tubular energy | Exposure: Floor worker during Hot work / welding and thermal cutting | Barrier Failure: Line-of-fire control compromised | Escalation: Crushing impact / permanent disabling trauma,Hot Work,,Hot Work,Hot work / welding and thermal cutting,Operational equipment hazard (unspecified energy),Standard operating procedures & PPE,Procedural deviation during task execution,Localized occupational injury without life-altering escalation,,ANNOTATED
49,OILPS_OSHA_00193,OSHA,January2015toNovember2025.csv,2015052637,5/5/2015,USA,"KILLDEER, NORTH DAKOTA",Support Activities for Oil and Gas Operations,Workplace Safety Incident,Amputation,Stratum_E_Vehicle_Transport,Stratum_E_Vehicle_Transport,"An employee suffered an amputation injury when a valve slipped and pinched the employee's finger between the valve and the frame of the truck at or near Micahlucas 2-5H in Dunn County, North Dakota.","Valves, nozzles",Amputations,Driving,,Driving,0,MEDIUM,Energy: Low operational energy | Exposure: Routine task (Oilfield operational support task) | Barrier Failure: Minor procedural deviation | Escalation: Minor localized injury without credible SIF potential,Driving,,Driving,Oilfield operational support task,Operational equipment hazard (unspecified energy),Standard operating procedures & PPE,Procedural deviation during task execution,Localized occupational injury without life-altering escalation,,ANNOTATED
50,OILPS_OSHA_01608,OSHA,January2015toNovember2025.csv,2018065375,6/3/2018,USA,"MINEOLA, TEXAS",Drilling Oil and Gas Wells,Workplace Safety Incident,Hospitalization,Stratum_A_Drilling_Heavy_Mechanical,Stratum_A_Drilling_Heavy_Mechanical; Stratum_C_Height_Lifting_Dropped_Objects,An employee was performing rigging down to move the rig and began experiencing symptoms of heat-related illness including cramps.,Heat-environmental,"Effects of heat and light, unspecified",Safe Mechanical Lifting,,Safe Mechanical Lifting,1,HIGH,"Energy: Suspended heavy mechanical load / falling tubular | Exposure: Worker positioned in active hazard zone during Mechanical hoisting / crane lifting operations | Barrier Failure: Personnel in line of fire / defective rigging hardware or improper rigging | Escalation: Fatal crushing impact, severe traumatic amputation, or fatal projectile strike",Safe Mechanical Lifting,,Safe Mechanical Lifting,Mechanical hoisting / crane lifting operations,Suspended heavy mechanical load / falling tubular,"Certified rigging gear, dedicated signalman & red zone exclusion barrier",Personnel in line of fire / defective rigging hardware or improper rigging,"Fatal crushing impact, severe traumatic amputation, or fatal projectile strike",,ANNOTATED
51,OILPS_OSHA_03735,OSHA,January2015toNovember2025.csv,2024054385,5/19/2024,USA,"MIDLAND, TEXAS",Support Activities for Oil and Gas Operations,Workplace Safety Incident,Hospitalization,Stratum_A_Drilling_Heavy_Mechanical,Stratum_A_Drilling_Heavy_Mechanical,An employee was connecting pipe when they missed stabbing the pipe into the stump and the drill kept moving downward. The pipe casing then bowed and struck him in the face. The employee sustained a fracture.,"Drilling machines, drill apparatus",Fractures,,,None identified,1,MEDIUM,Energy: Stored mechanical/tubular energy | Exposure: Floor worker during Drilling rig floor pipe/casing operations | Barrier Failure: Line-of-fire control compromised | Escalation: Crushing impact / permanent disabling trauma,None,,None,Drilling rig floor pipe/casing operations,Operational equipment hazard (unspecified energy),Standard operating procedures & PPE,Procedural deviation during task execution,Localized occupational injury without life-altering escalation,,ANNOTATED
52,OILPS_OSHA_03753,OSHA,January2015toNovember2025.csv,2024065056,6/7/2024,USA,"ODESSA, TEXAS",Drilling Oil and Gas Wells,Workplace Safety Incident,Hospitalization,Stratum_A_Drilling_Heavy_Mechanical,Stratum_A_Drilling_Heavy_Mechanical; Stratum_C_Height_Lifting_Dropped_Objects,"An employee was installing a safety cable on a flowline during a drilling operation. A forklift operator manipulated the boom to allow some slack in the strap to set the flowline box in the flowline trough. The employee had his hands on the strap to manipulate the box and set it down in the flowline trough. His left foot was forward while attempting to gain leverage when the flowline box shifted and struck his left foot and ankle area, resulting in a laceration to the top of his foot requiring hospitalization.","Source, secondary source unspecified","Cuts, lacerations, punctures without injury to internal structures",Safe Mechanical Lifting,,Safe Mechanical Lifting,1,HIGH,"Energy: High-pressure fluid/gas stored energy; Suspended heavy mechanical load / falling tubular | Exposure: Worker positioned in active hazard zone during Drilling rig floor pipe/casing operations | Barrier Failure: Intervention on pressurized line / failure to verify zero residual pressure | Escalation: Fatal crushing impact, severe traumatic amputation, or fatal projectile strike",Energy Isolation,Safe Mechanical Lifting,Energy Isolation; Safe Mechanical Lifting,Drilling rig floor pipe/casing operations,High-pressure fluid/gas stored energy; Suspended heavy mechanical load / falling tubular,"Positive energy isolation, verified depressurization & line-of-fire barricading",Intervention on pressurized line / failure to verify zero residual pressure,"Fatal crushing impact, severe traumatic amputation, or fatal projectile strike",Candidate LSR 'Safe Mechanical Lifting' modified to 'Energy Isolation'.,ANNOTATED
53,OILPS_OSHA_01473,OSHA,January2015toNovember2025.csv,2018032394,3/10/2018,USA,"CHALMETTE, LOUISIANA",Petroleum Refineries,Workplace Safety Incident,Hospitalization,Stratum_B_Pressure_Flammable_Chemical_H2S,Stratum_B_Pressure_Flammable_Chemical_H2S,"An employee was taking samples and reading gauges when the sight glass blew out on a flake caustic line. The blow-out caused lacerations to the employee's arm, face, and chest and chemical burns to his face and right hand.","Chemicals and chemical products, unspecified","Chemical burns and corrosions, unspecified",Toxic Gas / Hazardous Substance,,Toxic Gas / Hazardous Substance,0,MEDIUM,Energy: Low operational energy | Exposure: Routine task (Oilfield operational support task) | Barrier Failure: Minor procedural deviation | Escalation: Minor localized injury without credible SIF potential,Toxic Gas / Hazardous Substance,,Toxic Gas / Hazardous Substance,Oilfield operational support task,Operational equipment hazard (unspecified energy),Standard operating procedures & PPE,Procedural deviation during task execution,Localized occupational injury without life-altering escalation,,ANNOTATED
54,OILPS_OSHA_01328,OSHA,January2015toNovember2025.csv,20171211606,12/7/2017,USA,"ARCADIA, LOUISIANA",Support Activities for Oil and Gas Operations,Workplace Safety Incident,Hospitalization,Stratum_B_Pressure_Flammable_Chemical_H2S,Stratum_B_Pressure_Flammable_Chemical_H2S,"An employee was removing a fitting from an accumulator. Pressure was still in the safety bottle at the time. When he got down to the final threads, the fitting blew off, striking him in the face and neck. He suffered a facial contusion, orbital fracture, eye hematoma, and eyelid and neck lacerations.","Parts and materials, unspecified",Fractures,,,None identified,1,HIGH,"Energy: High-pressure fluid/gas stored energy | Exposure: Worker positioned in active hazard zone during Oilfield operational support task | Barrier Failure: Intervention on pressurized line / failure to verify zero residual pressure | Escalation: Fatal crushing impact, severe traumatic amputation, or fatal projectile strike",Energy Isolation,,Energy Isolation,Oilfield operational support task,High-pressure fluid/gas stored energy,"Positive energy isolation, verified depressurization & line-of-fire barricading",Intervention on pressurized line / failure to verify zero residual pressure,"Fatal crushing impact, severe traumatic amputation, or fatal projectile strike",,ANNOTATED
55,OILPS_OSHA_01828,OSHA,January2015toNovember2025.csv,20181010588,10/14/2018,USA,"BIG LAKE, TEXAS",Support Activities for Oil and Gas Operations,Workplace Safety Incident,Amputation,Stratum_A_Drilling_Heavy_Mechanical,Stratum_A_Drilling_Heavy_Mechanical,"An employee was operating an iron roughneck while moving drill pipes when a pipe struck his fingers against the iron roughneck's control box, resulting in a partial amputation of the left ring fingertip. The employee's hand was outside the equipment at the time of the incident.",Oil drilling rigs and machinery,Amputations,,,None identified,1,MEDIUM,Energy: Stored mechanical/tubular energy | Exposure: Floor worker during Oilfield operational support task | Barrier Failure: Line-of-fire control compromised | Escalation: Crushing impact / permanent disabling trauma,None,,None,Oilfield operational support task,Operational equipment hazard (unspecified energy),Standard operating procedures & PPE,Procedural deviation during task execution,Localized occupational injury without life-altering escalation,,ANNOTATED
56,OILPS_OSHA_02147,OSHA,January2015toNovember2025.csv,2019055217,5/23/2019,USA,"RICHMOND, TEXAS",Support Activities for Oil and Gas Operations,Workplace Safety Incident,Hospitalization,Stratum_C_Height_Lifting_Dropped_Objects,Stratum_C_Height_Lifting_Dropped_Objects,"An employee was working with another employee on top of an oil storage tank at a field site, dismantling piping and attachments to the tank. They had removed a piece of 4-inch vent piping and were attempting to throw the pipe to the ground. While they were throwing the pipe from the tank top, the pipe caught the harness of the injured employee, causing him to fall 15 feet to the ground. He broke his right wrist and pelvis. The employee's fall protection harness was not tied off at the time of the incident.","Tanks, bins, vats-nonconfined space",Fractures,Working at Height,,Working at Height,1,MEDIUM,Energy: Stored mechanical/tubular energy | Exposure: Floor worker during Oilfield operational support task | Barrier Failure: Line-of-fire control compromised | Escalation: Crushing impact / permanent disabling trauma,Working at Height,,Working at Height,Oilfield operational support task,Operational equipment hazard (unspecified energy),Standard operating procedures & PPE,Procedural deviation during task execution,Localized occupational injury without life-altering escalation,,ANNOTATED
57,OILPS_OSHA_02403,OSHA,January2015toNovember2025.csv,20191112038,11/20/2019,USA,"KERMIT, TEXAS",Support Activities for Oil and Gas Operations,Workplace Safety Incident,Hospitalization,Stratum_D_ConfinedSpace_HotWork_Isolation,Stratum_D_ConfinedSpace_HotWork_Isolation; Stratum_E_Vehicle_Transport,An employee sustained an electrical shock from an overhead line as he was leaving a lease road.,"Power lines, transformers, convertors","Electrocutions, electric shocks",Energy Isolation,,Energy Isolation,0,MEDIUM,Energy: Low operational energy | Exposure: Routine task (Electrical system maintenance and troubleshooting) | Barrier Failure: Minor procedural deviation | Escalation: Minor localized injury without credible SIF potential,None,,None,Electrical system maintenance and troubleshooting,Operational equipment hazard (unspecified energy),Standard operating procedures & PPE,Procedural deviation during task execution,Localized occupational injury without life-altering escalation,Candidate LSR 'Energy Isolation' rejected based on narrative evidence.,ANNOTATED
58,OILPS_OSHA_00506,OSHA,January2015toNovember2025.csv,2016021124,2/5/2016,USA,"MIDLAND, TEXAS",Drilling Oil and Gas Wells,Workplace Safety Incident,Hospitalization,Stratum_A_Drilling_Heavy_Mechanical,Stratum_A_Drilling_Heavy_Mechanical,An employee received an injury to the right middle finger that required surgery and hospitalization. The employee's finger was caught between a pump plunger and the catwalk when the pump plunger fell to the catwalk.,"Machine and appliance parts, n.e.c.","Soreness, pain, hurt-nonspecified injury",,,None identified,0,MEDIUM,Energy: Low operational energy | Exposure: Routine task (Oilfield operational support task) | Barrier Failure: Minor procedural deviation | Escalation: Minor localized injury without credible SIF potential,None,,None,Oilfield operational support task,Operational equipment hazard (unspecified energy),Standard operating procedures & PPE,Procedural deviation during task execution,Localized occupational injury without life-altering escalation,,ANNOTATED
59,OILPS_OSHA_02468,OSHA,January2015toNovember2025.csv,2020010577,1/19/2020,USA,"SAINT CLAIRSVILLE, OHIO",Drilling Oil and Gas Wells,Workplace Safety Incident,Hospitalization,Stratum_A_Drilling_Heavy_Mechanical,Stratum_A_Drilling_Heavy_Mechanical; Stratum_E_Vehicle_Transport,"Employees were working to remove a blow-out preventer (BOP) by dragging it with a tandem bed truck on the BOP skid from between two rig subs during rig-down operations. An employee was spotting the BOP skid as it was being pulled out by a tandem bed truck so it did not contact the rig sub's cylinders. He was standing on each side of the BOP skid directly beside the gas well cellar that the BOP had been removed from in order to watch the skid pass the cylinders and communicate with the bed truck operator as he pulled the skid away from the spotters. At the time, the well cellar guards had been removed from around the BOP, as is required to disconnect the BOP and lay it over on the skid. The employee stepped back into the cellar opening and fell 4 feet down onto a metal work platform and toe board, resulting in a broken collar bone, broken ribs, and a punctured lung.",Oil drilling rigs and machinery,Internal injuries to organs and blood vessels of the trunk,Driving,,Driving,1,HIGH,Energy: Elevated work position (gravitational energy) | Exposure: Worker positioned in active hazard zone during Oilfield operational support task | Barrier Failure: Safety lanyard unclipped / absent leading edge fall protection | Escalation: Fatal blunt force trauma from fall at elevation,Working at Height,Driving,Working at Height; Driving,Oilfield operational support task,Elevated work position (gravitational energy),100% continuous tie-off full body safety harness & engineered guardrails,Safety lanyard unclipped / absent leading edge fall protection,Fatal blunt force trauma from fall at elevation,Candidate LSR 'Driving' modified to 'Working at Height'.,ANNOTATED
60,OILPS_OSHA_03150,OSHA,January2015toNovember2025.csv,2022076409,7/21/2022,USA,"ODESSA, TEXAS",Drilling Oil and Gas Wells,Workplace Safety Incident,Hospitalization,Stratum_A_Drilling_Heavy_Mechanical,Stratum_A_Drilling_Heavy_Mechanical; Stratum_B_Pressure_Flammable_Chemical_H2S,"On the morning of July 21, 2022, two employees were at a stacked rig, removing 4-inch high-pressure piping. They began to break the nuts loose on the saddle clamp bolts under the valve tree. As they were breaking loose the last nut, the piping suddenly rotated in the saddle clamp and the transducer valve tree (about 4 feet tall, weighing 250 pounds) pivoted 90 degrees toward the ground and landed on one of the employees. The hammer union ears at the top of the valve tree struck him in the middle of the shoulder and back, causing contusions.",Oil drilling rigs and machinery,"Bruises, contusions",,,None identified,1,HIGH,"Energy: High-pressure fluid/gas stored energy | Exposure: Worker positioned in active hazard zone during Oilfield operational support task | Barrier Failure: Intervention on pressurized line / failure to verify zero residual pressure | Escalation: Fatal crushing impact, severe traumatic amputation, or fatal projectile strike",Energy Isolation,,Energy Isolation,Oilfield operational support task,High-pressure fluid/gas stored energy,"Positive energy isolation, verified depressurization & line-of-fire barricading",Intervention on pressurized line / failure to verify zero residual pressure,"Fatal crushing impact, severe traumatic amputation, or fatal projectile strike",,ANNOTATED
61,OILPS_OSHA_03336,OSHA,January2015toNovember2025.csv,2023021152,2/6/2023,USA,"BROUSSARD, LOUISIANA",Support Activities for Oil and Gas Operations,Workplace Safety Incident,Amputation,Stratum_C_Height_Lifting_Dropped_Objects,Stratum_C_Height_Lifting_Dropped_Objects; Stratum_D_ConfinedSpace_HotWork_Isolation,"An employee was doing welding work on a cylinder. The cylinder fell from a skid frame. As the employee went to catch it, it partially amputated the bottom of his left middle finger.",,Amputations,Working at Height,Hot Work,Working at Height; Hot Work,0,MEDIUM,Energy: Low operational energy | Exposure: Routine task (Hot work / welding and thermal cutting) | Barrier Failure: Minor procedural deviation | Escalation: Minor localized injury without credible SIF potential,Working at Height,Hot Work,Working at Height; Hot Work,Hot work / welding and thermal cutting,Operational equipment hazard (unspecified energy),Standard operating procedures & PPE,Procedural deviation during task execution,Localized occupational injury without life-altering escalation,,ANNOTATED
62,OILPS_OSHA_01666,OSHA,January2015toNovember2025.csv,2018076880,7/10/2018,USA,"WESTLAKE, LOUISIANA",Crude Petroleum and Natural Gas Extraction,Workplace Safety Incident,Hospitalization,Stratum_F_LowEnergy_Ergonomic_MinorInjury,Stratum_F_LowEnergy_Ergonomic_MinorInjury,An employee was working in an area with an open-ended line when hot steam/water splashed on his back.,"Steam, vapors, liquids, ice, n.e.c.","Heat (thermal) burns, unspecified",,,None identified,0,MEDIUM,Energy: Low operational energy | Exposure: Routine task (Oilfield operational support task) | Barrier Failure: Minor procedural deviation | Escalation: Minor localized injury without credible SIF potential,None,,None,Oilfield operational support task,Operational equipment hazard (unspecified energy),Standard operating procedures & PPE,Procedural deviation during task execution,Localized occupational injury without life-altering escalation,,ANNOTATED
63,OILPS_OSHA_01419,OSHA,January2015toNovember2025.csv,2018021123,2/2/2018,USA,"FORT MORGAN, COLORADO",Drilling Oil and Gas Wells,Workplace Safety Incident,Amputation,Stratum_A_Drilling_Heavy_Mechanical,Stratum_A_Drilling_Heavy_Mechanical,An employee was moving a large job site tool. The tool fell and caught his right hand resulting in amputation of the pinky fingertip.,"Tools, instruments, and equipment, unspecified",Amputations,,,None identified,0,MEDIUM,Energy: Low operational energy | Exposure: Routine task (Oilfield operational support task) | Barrier Failure: Minor procedural deviation | Escalation: Minor localized injury without credible SIF potential,None,,None,Oilfield operational support task,Operational equipment hazard (unspecified energy),Standard operating procedures & PPE,Procedural deviation during task execution,Localized occupational injury without life-altering escalation,,ANNOTATED
64,OILPS_OSHA_01634,OSHA,January2015toNovember2025.csv,2018065932,6/16/2018,USA,"CATAWISSA, PENNSYLVANIA",Oil and Gas Pipeline Construction,Workplace Safety Incident,Amputation,Stratum_E_Vehicle_Transport,Stratum_E_Vehicle_Transport,"An employee was steadying a road boring machine as it was loaded onto the back of a truck. The employee's right index finger was in a pinch point when the machine was lowered onto the finger, crushing it and requiring a medical amputation.","Road grading and surfacing machinery, unspecified",Amputations,Line of Fire,Driving,Line of Fire; Driving,0,MEDIUM,Energy: Low operational energy | Exposure: Routine task (Oilfield operational support task) | Barrier Failure: Minor procedural deviation | Escalation: Minor localized injury without credible SIF potential,Line of Fire,Driving,Line of Fire; Driving,Oilfield operational support task,Operational equipment hazard (unspecified energy),Standard operating procedures & PPE,Procedural deviation during task execution,Localized occupational injury without life-altering escalation,,ANNOTATED
65,OILPS_OSHA_02831,OSHA,January2015toNovember2025.csv,2021065187,6/25/2021,USA,"HOUSTON, TEXAS",Oil & Gas / Energy Related,Workplace Safety Incident,Amputation,Stratum_A_Drilling_Heavy_Mechanical,Stratum_A_Drilling_Heavy_Mechanical,"During routine maintenance of the bonnet end cap on a blowout preventer, the cap fell and smashed an employee's right ring finger against another ram bonnet. The finger was amputated.","Parts and materials, unspecified",Amputations,,,None identified,1,HIGH,"Energy: High-pressure fluid/gas stored energy | Exposure: Worker positioned in active hazard zone during Oilfield operational support task | Barrier Failure: Intervention on pressurized line / failure to verify zero residual pressure | Escalation: Fatal crushing impact, severe traumatic amputation, or fatal projectile strike",Energy Isolation,,Energy Isolation,Oilfield operational support task,High-pressure fluid/gas stored energy,"Positive energy isolation, verified depressurization & line-of-fire barricading",Intervention on pressurized line / failure to verify zero residual pressure,"Fatal crushing impact, severe traumatic amputation, or fatal projectile strike",,ANNOTATED
66,OILPS_OSHA_03652,OSHA,January2015toNovember2025.csv,2024010903,1/29/2024,USA,"MAGNOLIA, TEXAS",Support Activities for Oil and Gas Operations,Workplace Safety Incident,Amputation,Stratum_C_Height_Lifting_Dropped_Objects,Stratum_C_Height_Lifting_Dropped_Objects,An employee was working to set a drive pin on an S-hook so a forklift could pick up a part and bring it to the paint department. The employee's left middle finger was pinched between the pin and the S-hook resulting in a partial amputation.,Parts and materials unspecified,"Amputations, avulsions, enucleations unspecified",Safe Mechanical Lifting,,Safe Mechanical Lifting,1,HIGH,"Energy: Suspended heavy mechanical load / falling tubular | Exposure: Worker positioned in active hazard zone during Mechanical hoisting / crane lifting operations | Barrier Failure: Personnel in line of fire / defective rigging hardware or improper rigging | Escalation: Fatal crushing impact, severe traumatic amputation, or fatal projectile strike",Safe Mechanical Lifting,,Safe Mechanical Lifting,Mechanical hoisting / crane lifting operations,Suspended heavy mechanical load / falling tubular,"Certified rigging gear, dedicated signalman & red zone exclusion barrier",Personnel in line of fire / defective rigging hardware or improper rigging,"Fatal crushing impact, severe traumatic amputation, or fatal projectile strike",,ANNOTATED
67,OILPS_OSHA_04164,OSHA,January2015toNovember2025.csv,2025088688,8/30/2025,USA,"SAN AUGUSTINE, TEXAS",Drilling Oil and Gas Wells,Workplace Safety Incident,Hospitalization,Stratum_A_Drilling_Heavy_Mechanical,Stratum_A_Drilling_Heavy_Mechanical; Stratum_F_LowEnergy_Ergonomic_MinorInjury,"An employee was watching the landing joint being lowered into the rotary table when it clipped the slip bowl, causing the slip bowl to flip over and strike the employee's legs. The employee's right femur was fractured and they sustained a fracture to the left leg below the knee. The employee was hospitalized.",Rotary system equipment,Fractures,,,None identified,0,MEDIUM,Energy: Low operational energy | Exposure: Routine task (Drilling rig floor pipe/casing operations) | Barrier Failure: Minor procedural deviation | Escalation: Minor localized injury without credible SIF potential,None,,None,Drilling rig floor pipe/casing operations,Operational equipment hazard (unspecified energy),Standard operating procedures & PPE,Procedural deviation during task execution,Localized occupational injury without life-altering escalation,,ANNOTATED
68,OILPS_OSHA_03002,OSHA,January2015toNovember2025.csv,2022021107,2/6/2022,USA,"KARNES CITY, TEXAS",Support Activities for Oil and Gas Operations,Workplace Safety Incident,Hospitalization,Stratum_B_Pressure_Flammable_Chemical_H2S,Stratum_B_Pressure_Flammable_Chemical_H2S,"An employee was troubleshooting a compressor that had shut down. The employee believed that a 1-inch choke nipple was plugged and drained fluids via the dump line to check the choke nipple. The employee then loosened a union and a flash fire occurred, burning the employee's hands and face.",,"Heat (thermal) burns, unspecified",Hot Work,,Hot Work,1,HIGH,"Energy: High-pressure fluid/gas stored energy; Flammable hydrocarbons / thermal ignition energy | Exposure: Worker positioned in active hazard zone during Oilfield operational support task | Barrier Failure: Intervention on pressurized line / failure to verify zero residual pressure | Escalation: Catastrophic vapor cloud explosion, mass toxic asphyxiation, or fatal burns",Energy Isolation,Hot Work,Energy Isolation; Hot Work,Oilfield operational support task,High-pressure fluid/gas stored energy; Flammable hydrocarbons / thermal ignition energy,"Positive energy isolation, verified depressurization & line-of-fire barricading",Intervention on pressurized line / failure to verify zero residual pressure,"Catastrophic vapor cloud explosion, mass toxic asphyxiation, or fatal burns",Candidate LSR 'Hot Work' modified to 'Energy Isolation'.,ANNOTATED
69,OILPS_OSHA_02145,OSHA,January2015toNovember2025.csv,2019055198,5/22/2019,USA,"CARMEN, OKLAHOMA",Support Activities for Oil and Gas Operations,Workplace Safety Incident,Hospitalization,Stratum_D_ConfinedSpace_HotWork_Isolation,Stratum_D_ConfinedSpace_HotWork_Isolation,"An employee was working on the controller drive for the down hole equipment when he received an electrical shock, resulting in burns to the right thumb and left forearm and face.","Relays, rheostats, starters, controls","Electrical burns, unspecified",Energy Isolation,,Energy Isolation,0,MEDIUM,Energy: Low operational energy | Exposure: Routine task (Electrical system maintenance and troubleshooting) | Barrier Failure: Minor procedural deviation | Escalation: Minor localized injury without credible SIF potential,None,,None,Electrical system maintenance and troubleshooting,Operational equipment hazard (unspecified energy),Standard operating procedures & PPE,Procedural deviation during task execution,Localized occupational injury without life-altering escalation,Candidate LSR 'Energy Isolation' rejected based on narrative evidence.,ANNOTATED
70,OILPS_OSHA_03342,OSHA,January2015toNovember2025.csv,2023021323,2/10/2023,USA,"BLANCO, TEXAS",Petroleum and Petroleum Products Merchant Wholesalers,Workplace Safety Incident,Hospitalization,Stratum_B_Pressure_Flammable_Chemical_H2S,Stratum_B_Pressure_Flammable_Chemical_H2S; Stratum_E_Vehicle_Transport,"While working at a fueling station, an employee was inside an underground sump hole with safety cones blocking off the area. He stood up in preparation to get out of the hole when a truck drove over the hole. The wheel of the vehicle was stuck in the hole and trapped the employee against the inside of the hole, putting pressure on the employee's upper torso.","Truck-motorized freight hauling and utility, unspecified","Soreness, pain, hurt-nonspecified injury",Driving,,Driving,1,HIGH,"Energy: High-pressure fluid/gas stored energy | Exposure: Worker positioned in active hazard zone during Oilfield operational support task | Barrier Failure: Intervention on pressurized line / failure to verify zero residual pressure | Escalation: Fatal crushing impact, severe traumatic amputation, or fatal projectile strike",Energy Isolation,Driving,Energy Isolation; Driving,Oilfield operational support task,High-pressure fluid/gas stored energy,"Positive energy isolation, verified depressurization & line-of-fire barricading",Intervention on pressurized line / failure to verify zero residual pressure,"Fatal crushing impact, severe traumatic amputation, or fatal projectile strike",Candidate LSR 'Driving' modified to 'Energy Isolation'.,ANNOTATED
71,OILPS_OSHA_00407,OSHA,January2015toNovember2025.csv,2015118264,11/3/2015,USA,"CHICKASHA, OKLAHOMA",Support Activities for Oil and Gas Operations,Workplace Safety Incident,Amputation,Stratum_A_Drilling_Heavy_Mechanical,Stratum_A_Drilling_Heavy_Mechanical,"An employee removed a blow out preventer (BOP) from a well head. The BOP was suspended by the rig. While suspended, the BOP started rotating catching the employee's left ring fingertip between the BOP and the stationary well head resulting in amputation.","Valves, nozzles",Amputations,,,None identified,0,MEDIUM,Energy: Low operational energy | Exposure: Routine task (Oilfield operational support task) | Barrier Failure: Minor procedural deviation | Escalation: Minor localized injury without credible SIF potential,None,,None,Oilfield operational support task,Operational equipment hazard (unspecified energy),Standard operating procedures & PPE,Procedural deviation during task execution,Localized occupational injury without life-altering escalation,,ANNOTATED
72,OILPS_OSHA_00771,OSHA,January2015toNovember2025.csv,2016109737,10/16/2016,USA,"WATONGA, OKLAHOMA",Support Activities for Oil and Gas Operations,Workplace Safety Incident,Hospitalization,Stratum_A_Drilling_Heavy_Mechanical,Stratum_A_Drilling_Heavy_Mechanical; Stratum_C_Height_Lifting_Dropped_Objects,"An employee was working on the ground aligning the bottom of a 13 3/8"" casing joint into the drilling rig v-door by hand. A winch on the rig floor was lifting the joint top through the v-door. The winch line was lowered causing the bottom of the pipe to slide into the injured employee's left foot resulting in a compound ankle fracture.","Pipes, ducts, tubing, unspecified",Fractures,Safe Mechanical Lifting,,Safe Mechanical Lifting,1,HIGH,"Energy: Suspended heavy mechanical load / falling tubular | Exposure: Worker positioned in active hazard zone during Drilling rig floor pipe/casing operations | Barrier Failure: Personnel in line of fire / defective rigging hardware or improper rigging | Escalation: Fatal crushing impact, severe traumatic amputation, or fatal projectile strike",Safe Mechanical Lifting,,Safe Mechanical Lifting,Drilling rig floor pipe/casing operations,Suspended heavy mechanical load / falling tubular,"Certified rigging gear, dedicated signalman & red zone exclusion barrier",Personnel in line of fire / defective rigging hardware or improper rigging,"Fatal crushing impact, severe traumatic amputation, or fatal projectile strike",,ANNOTATED
73,OILPS_OSHA_03216,OSHA,January2015toNovember2025.csv,2022098550,9/27/2022,USA,"SAUKVILLE, WISCONSIN",Asphalt Paving Mixture and Block Manufacturing,Workplace Safety Incident,Hospitalization,Stratum_E_Vehicle_Transport,Stratum_E_Vehicle_Transport,"An employee was offloading asphalt from a truck to a tank. As the system was pressurized, hot asphalt struck the employee in the face and chest. The employee suffered burns to the face and chest, as well as a broken sternum and ribs. The employee was hospitalized.","Paving asphalt, asphaltic cement",Fractures and burns,Driving,,Driving,0,MEDIUM,Energy: Low operational energy | Exposure: Routine task (Oilfield operational support task) | Barrier Failure: Minor procedural deviation | Escalation: Minor localized injury without credible SIF potential,Driving,,Driving,Oilfield operational support task,Operational equipment hazard (unspecified energy),Standard operating procedures & PPE,Procedural deviation during task execution,Localized occupational injury without life-altering escalation,,ANNOTATED
74,OILPS_OSHA_04122,OSHA,January2015toNovember2025.csv,2025076966,7/17/2025,USA,"GOLDSMITH, TEXAS",Support Activities for Oil and Gas Operations,Workplace Safety Incident,Hospitalization,Stratum_E_Vehicle_Transport,Stratum_E_Vehicle_Transport,"On July 17, 2925, an employee was working on a computer inside a vehicle when they began experiencing symptoms of carbon monoxide poisoning, resulting in hospitalization.",Carbon monoxide,"Poisoning, poisoning-related asphyxia",Driving,,Driving,0,MEDIUM,Energy: Low operational energy | Exposure: Routine task (Oilfield operational support task) | Barrier Failure: Minor procedural deviation | Escalation: Minor localized injury without credible SIF potential,Driving,,Driving,Oilfield operational support task,Operational equipment hazard (unspecified energy),Standard operating procedures & PPE,Procedural deviation during task execution,Localized occupational injury without life-altering escalation,,ANNOTATED
75,OILPS_OSHA_00603,OSHA,January2015toNovember2025.csv,2016054686,5/27/2016,USA,"LAUREL, MONTANA",Petroleum Refineries,Workplace Safety Incident,Hospitalization,Stratum_B_Pressure_Flammable_Chemical_H2S,Stratum_B_Pressure_Flammable_Chemical_H2S,An employee was injured when condensate spontaneously released while the employee was starting up a coker.,"Coal, natural gas, petroleum fuels and products, unspecified","Traumatic injuries and disorders, unspecified",,,None identified,0,MEDIUM,Energy: Low operational energy | Exposure: Routine task (Oilfield operational support task) | Barrier Failure: Minor procedural deviation | Escalation: Minor localized injury without credible SIF potential,None,,None,Oilfield operational support task,Operational equipment hazard (unspecified energy),Standard operating procedures & PPE,Procedural deviation during task execution,Localized occupational injury without life-altering escalation,,ANNOTATED
76,OILPS_OSHA_01949,OSHA,January2015toNovember2025.csv,2019010384,1/12/2019,USA,"FAIRVIEW, OHIO",Support Activities for Oil and Gas Operations,Workplace Safety Incident,Hospitalization,Stratum_G_General_Oilfield_Operations,Stratum_G_General_Oilfield_Operations,"An employee was walking in packed snow when the employee slipped and fell to the ground, suffering a fractured right femur.","Ground, n.e.c.",Fractures,,,None identified,0,MEDIUM,Energy: Low operational energy | Exposure: Routine task (Oilfield operational support task) | Barrier Failure: Minor procedural deviation | Escalation: Minor localized injury without credible SIF potential,None,,None,Oilfield operational support task,Operational equipment hazard (unspecified energy),Standard operating procedures & PPE,Procedural deviation during task execution,Localized occupational injury without life-altering escalation,,ANNOTATED
77,OILPS_OSHA_00982,OSHA,January2015toNovember2025.csv,2017053958,5/1/2017,USA,"FORT COLLINS, COLORADO",Support Activities for Oil and Gas Operations,Workplace Safety Incident,Hospitalization,Stratum_E_Vehicle_Transport,Stratum_E_Vehicle_Transport,"While loading water from a pipeline into a trailer, an employee was struck by a pipeline pig that ejected out of the pipeline. The employee suffered a broken ankle and leg.","Tools, instruments, and equipment, n.e.c.",Fractures,Line of Fire,,Line of Fire,1,MEDIUM,Energy: Stored mechanical/tubular energy | Exposure: Floor worker during Oilfield operational support task | Barrier Failure: Line-of-fire control compromised | Escalation: Crushing impact / permanent disabling trauma,Line of Fire,,Line of Fire,Oilfield operational support task,Operational equipment hazard (unspecified energy),Standard operating procedures & PPE,Procedural deviation during task execution,Localized occupational injury without life-altering escalation,,ANNOTATED
78,OILPS_OSHA_00908,OSHA,January2015toNovember2025.csv,2017021631,2/19/2017,USA,"TOWANDA, PENNSYLVANIA",Support Activities for Oil and Gas Operations,Workplace Safety Incident,Hospitalization,Stratum_A_Drilling_Heavy_Mechanical,Stratum_A_Drilling_Heavy_Mechanical; Stratum_B_Pressure_Flammable_Chemical_H2S,"On February 19, 2017, an employee slid down a containment mat and struck a pressure gauge on the wellhead while attempting to pull slack in a wire line. He suffered a rib injury that required hospitalization.",Oil drilling rigs and machinery,"Soreness, pain, hurt-nonspecified injury",,,None identified,1,HIGH,"Energy: High-pressure fluid/gas stored energy | Exposure: Worker positioned in active hazard zone during Oilfield operational support task | Barrier Failure: Intervention on pressurized line / failure to verify zero residual pressure | Escalation: Fatal crushing impact, severe traumatic amputation, or fatal projectile strike",Energy Isolation,,Energy Isolation,Oilfield operational support task,High-pressure fluid/gas stored energy,"Positive energy isolation, verified depressurization & line-of-fire barricading",Intervention on pressurized line / failure to verify zero residual pressure,"Fatal crushing impact, severe traumatic amputation, or fatal projectile strike",,ANNOTATED
79,OILPS_OSHA_03507,OSHA,January2015toNovember2025.csv,2023087057,8/4/2023,USA,"BIG LAKE, TEXAS",Drilling Oil and Gas Wells,Workplace Safety Incident,Hospitalization,Stratum_A_Drilling_Heavy_Mechanical,Stratum_A_Drilling_Heavy_Mechanical; Stratum_F_LowEnergy_Ergonomic_MinorInjury,An employee was mixing mud when he began to feel dizzy due to dehydration from the heat.,Heat-environmental,"Effects of heat and light, n.e.c.",,,None identified,0,MEDIUM,Energy: Low operational energy | Exposure: Routine task (Oilfield operational support task) | Barrier Failure: Minor procedural deviation | Escalation: Minor localized injury without credible SIF potential,None,,None,Oilfield operational support task,Operational equipment hazard (unspecified energy),Standard operating procedures & PPE,Procedural deviation during task execution,Localized occupational injury without life-altering escalation,,ANNOTATED
80,OILPS_OSHA_02736,OSHA,January2015toNovember2025.csv,2021021198,2/9/2021,USA,"DEER PARK, TEXAS",Oil and Gas Pipeline Construction,Workplace Safety Incident,Hospitalization,Stratum_G_General_Oilfield_Operations,Stratum_G_General_Oilfield_Operations,"An employee was attempting to adjust the housing on the tip of a spray gun when the trigger was engaged, causing the ceramic coating to go through the employee's glove into his left index finger, resulting in an injury that required surgery.",Paint,"Puncture wounds, except gunshot wounds",,,None identified,0,MEDIUM,Energy: Low operational energy | Exposure: Routine task (Oilfield operational support task) | Barrier Failure: Minor procedural deviation | Escalation: Minor localized injury without credible SIF potential,None,,None,Oilfield operational support task,Operational equipment hazard (unspecified energy),Standard operating procedures & PPE,Procedural deviation during task execution,Localized occupational injury without life-altering escalation,,ANNOTATED
81,OILPS_OSHA_00013,OSHA,January2015toNovember2025.csv,2015010271,1/8/2015,USA,"WAVERLY, NEW YORK",Support Activities for Oil and Gas Operations,Workplace Safety Incident,Hospitalization,Stratum_F_LowEnergy_Ergonomic_MinorInjury,Stratum_F_LowEnergy_Ergonomic_MinorInjury,"At the facility shop area, an employee tripped over his feet and fell on an industrial sized valve stem used in hydrofracking (a piece of sharp equipment) and lacerated his abdomen. This injury required hospitalization for two days.","Floor, unspecified","Cuts, lacerations",,,None identified,0,MEDIUM,Energy: Low operational energy | Exposure: Routine task (Oilfield operational support task) | Barrier Failure: Minor procedural deviation | Escalation: Minor localized injury without credible SIF potential,None,,None,Oilfield operational support task,Operational equipment hazard (unspecified energy),Standard operating procedures & PPE,Procedural deviation during task execution,Localized occupational injury without life-altering escalation,,ANNOTATED
82,OILPS_OSHA_02738,OSHA,January2015toNovember2025.csv,2021021240,2/10/2021,USA,"MIDLAND, TEXAS",Support Activities for Oil and Gas Operations,Workplace Safety Incident,Hospitalization,Stratum_C_Height_Lifting_Dropped_Objects,Stratum_C_Height_Lifting_Dropped_Objects; Stratum_F_LowEnergy_Ergonomic_MinorInjury,"The sheaves of the crane were frozen due to ice and snow conditions, which caused a backlash with the auxiliary cable of the crane. The operator attempted to straighten out the backlash on the superstructure near the drum. The frozen sheave freed itself, allowing the cable to run, and the operator's right arm got tangled in the cable. The operator sustained an open fracture of the humerus and a dislocation of the radius.","Cranes, unspecified","Fractures (except rib, trunk fractures) and internal injuries",Safe Mechanical Lifting,,Safe Mechanical Lifting,1,HIGH,"Energy: Suspended heavy mechanical load / falling tubular | Exposure: Worker positioned in active hazard zone during Mechanical hoisting / crane lifting operations | Barrier Failure: Personnel in line of fire / defective rigging hardware or improper rigging | Escalation: Fatal crushing impact, severe traumatic amputation, or fatal projectile strike",Safe Mechanical Lifting,,Safe Mechanical Lifting,Mechanical hoisting / crane lifting operations,Suspended heavy mechanical load / falling tubular,"Certified rigging gear, dedicated signalman & red zone exclusion barrier",Personnel in line of fire / defective rigging hardware or improper rigging,"Fatal crushing impact, severe traumatic amputation, or fatal projectile strike",,ANNOTATED
83,OILPS_OSHA_01557,OSHA,January2015toNovember2025.csv,2018044149,4/30/2018,USA,"WATFORD CITY, NORTH DAKOTA",Support Activities for Oil and Gas Operations,Workplace Safety Incident,Amputation,Stratum_C_Height_Lifting_Dropped_Objects,Stratum_C_Height_Lifting_Dropped_Objects,"An employee had unstrapped some downhole tools that were brought to a wellsite. While another employee was going to get a forklift, the load shifted and smashed his finger between the load and the rub rail, resulting in a finger amputation.","Tools, instruments, and equipment, unspecified",Amputations,Safe Mechanical Lifting,,Safe Mechanical Lifting,1,HIGH,"Energy: Suspended heavy mechanical load / falling tubular | Exposure: Worker positioned in active hazard zone during Mechanical hoisting / crane lifting operations | Barrier Failure: Personnel in line of fire / defective rigging hardware or improper rigging | Escalation: Fatal crushing impact, severe traumatic amputation, or fatal projectile strike",Safe Mechanical Lifting,,Safe Mechanical Lifting,Mechanical hoisting / crane lifting operations,Suspended heavy mechanical load / falling tubular,"Certified rigging gear, dedicated signalman & red zone exclusion barrier",Personnel in line of fire / defective rigging hardware or improper rigging,"Fatal crushing impact, severe traumatic amputation, or fatal projectile strike",,ANNOTATED
84,OILPS_OSHA_03569,OSHA,January2015toNovember2025.csv,2023109880,10/25/2023,USA,"WESTWEGO, LOUISIANA",Asphalt Paving Mixture and Block Manufacturing,Workplace Safety Incident,Non-Fatal Injury,Stratum_B_Pressure_Flammable_Chemical_H2S,Stratum_B_Pressure_Flammable_Chemical_H2S,"Two employees were removing residual hot mix asphalt with a torch inside a silo before mixing a new batch of asphalt. The asphalt became hot enough to ignite fumes inside the silo, which resulted in a flash fire. Both employees sustained burns to their hands, arms, and face.","Paving asphalt, asphaltic cement","Heat (thermal) burns, unspecified",Hot Work,,Hot Work,1,HIGH,"Energy: Flammable hydrocarbons / thermal ignition energy | Exposure: Worker positioned in active hazard zone during Oilfield operational support task | Barrier Failure: Hot work performed near flammable vapors / unverified atmospheric LEL | Escalation: Catastrophic vapor cloud explosion, mass toxic asphyxiation, or fatal burns",Hot Work,,Hot Work,Oilfield operational support task,Flammable hydrocarbons / thermal ignition energy,"Continuous LEL gas monitoring, hot work permit & spark containment",Hot work performed near flammable vapors / unverified atmospheric LEL,"Catastrophic vapor cloud explosion, mass toxic asphyxiation, or fatal burns",,ANNOTATED
85,OILPS_OSHA_01306,OSHA,January2015toNovember2025.csv,20171111012,11/16/2017,USA,"BRIGGSDALE, COLORADO",Support Activities for Oil and Gas Operations,Workplace Safety Incident,Non-Fatal Injury,Stratum_B_Pressure_Flammable_Chemical_H2S,Stratum_B_Pressure_Flammable_Chemical_H2S,"On 11/16/2017, two employees were attempting to clear a hydrate formation in a gas pipeline at a tank battery when flammable gases and vapors ignited, causing significant burns to both employees.","Flammable gas, unspecified","Heat (thermal) burns, unspecified",,,None identified,1,HIGH,"Energy: Flammable hydrocarbons / thermal ignition energy | Exposure: Worker positioned in active hazard zone during Oilfield operational support task | Barrier Failure: Hot work performed near flammable vapors / unverified atmospheric LEL | Escalation: Catastrophic vapor cloud explosion, mass toxic asphyxiation, or fatal burns",Hot Work,,Hot Work,Oilfield operational support task,Flammable hydrocarbons / thermal ignition energy,"Continuous LEL gas monitoring, hot work permit & spark containment",Hot work performed near flammable vapors / unverified atmospheric LEL,"Catastrophic vapor cloud explosion, mass toxic asphyxiation, or fatal burns",,ANNOTATED
86,OILPS_OSHA_00818,OSHA,January2015toNovember2025.csv,20161211294,12/3/2016,USA,"GRASSY BUTTE, NORTH DAKOTA",Support Activities for Oil and Gas Operations,Workplace Safety Incident,Hospitalization,Stratum_A_Drilling_Heavy_Mechanical,Stratum_A_Drilling_Heavy_Mechanical,"An employee was working on the rig floor when a traveling block fell and struck him, fracturing his clavicle and ribs.","Drums, pulleys, sheaves",Fractures,,,None identified,0,MEDIUM,Energy: Low operational energy | Exposure: Routine task (Oilfield operational support task) | Barrier Failure: Minor procedural deviation | Escalation: Minor localized injury without credible SIF potential,None,,None,Oilfield operational support task,Operational equipment hazard (unspecified energy),Standard operating procedures & PPE,Procedural deviation during task execution,Localized occupational injury without life-altering escalation,,ANNOTATED
87,OILPS_OSHA_03246,OSHA,January2015toNovember2025.csv,2022119684,11/4/2022,USA,"BREAUX BRIDGE, LOUISIANA",Support Activities for Oil and Gas Operations,Workplace Safety Incident,Hospitalization,Stratum_E_Vehicle_Transport,Stratum_E_Vehicle_Transport,"An employee was driving an all-terrain vehicle to inspect a well. The vehicle struck an uneven surface, ejecting the employee from the vehicle to the ground. The employee sustained bilateral leg fractures.","ATV, all terrain vehicle",Fractures,Driving,,Driving,0,MEDIUM,Energy: Low operational energy | Exposure: Routine task (Heavy vehicle transport on lease/highway) | Barrier Failure: Minor procedural deviation | Escalation: Minor localized injury without credible SIF potential,Driving,,Driving,Heavy vehicle transport on lease/highway,Operational equipment hazard (unspecified energy),Standard operating procedures & PPE,Procedural deviation during task execution,Localized occupational injury without life-altering escalation,,ANNOTATED
88,OILPS_OSHA_04178,OSHA,January2015toNovember2025.csv,2025099258,9/16/2025,USA,"STUMPTOWN, WEST VIRGINIA",Support Activities for Oil and Gas Operations,Workplace Safety Incident,Hospitalization,Stratum_C_Height_Lifting_Dropped_Objects,Stratum_C_Height_Lifting_Dropped_Objects,"An employee was helping an operator to pull a cable off a winch. The operator pulled in the line when it hooked some tree brush. The brush then whipped around and struck the employee's arm, resulting in a broken arm.",Trees,Fractures,Safe Mechanical Lifting,,Safe Mechanical Lifting,1,HIGH,"Energy: Suspended heavy mechanical load / falling tubular | Exposure: Worker positioned in active hazard zone during Electrical system maintenance and troubleshooting | Barrier Failure: Personnel in line of fire / defective rigging hardware or improper rigging | Escalation: Fatal crushing impact, severe traumatic amputation, or fatal projectile strike",Safe Mechanical Lifting,,Safe Mechanical Lifting,Electrical system maintenance and troubleshooting,Suspended heavy mechanical load / falling tubular,"Certified rigging gear, dedicated signalman & red zone exclusion barrier",Personnel in line of fire / defective rigging hardware or improper rigging,"Fatal crushing impact, severe traumatic amputation, or fatal projectile strike",,ANNOTATED
89,OILPS_OSHA_00418,OSHA,January2015toNovember2025.csv,2015118529,11/11/2015,USA,"SEGUIN, TEXAS",Oil and Gas Pipeline Construction,Workplace Safety Incident,Hospitalization,Stratum_B_Pressure_Flammable_Chemical_H2S,Stratum_B_Pressure_Flammable_Chemical_H2S,"An employee was working on a crew, installing and pressure-testing PVC lines for a sewage line. The PVC pipe struck the employee's face, causing severe damage.","Plastic, PVC, or rubber pipes and tubing","Soreness, pain, hurt-nonspecified injury",,,None identified,1,HIGH,"Energy: High-pressure fluid/gas stored energy | Exposure: Worker positioned in active hazard zone during Oilfield operational support task | Barrier Failure: Intervention on pressurized line / failure to verify zero residual pressure | Escalation: Fatal crushing impact, severe traumatic amputation, or fatal projectile strike",Energy Isolation,,Energy Isolation,Oilfield operational support task,High-pressure fluid/gas stored energy,"Positive energy isolation, verified depressurization & line-of-fire barricading",Intervention on pressurized line / failure to verify zero residual pressure,"Fatal crushing impact, severe traumatic amputation, or fatal projectile strike",,ANNOTATED
90,OILPS_OSHA_02763,OSHA,January2015toNovember2025.csv,2021032218,3/15/2021,USA,"LONGVIEW, TEXAS",Support Activities for Oil and Gas Operations,Workplace Safety Incident,Amputation,Stratum_C_Height_Lifting_Dropped_Objects,Stratum_C_Height_Lifting_Dropped_Objects; Stratum_E_Vehicle_Transport,"An employee was dumping a mini dumpster, mounted on a forklift, into a large trash container. When the mini dumpster tipped, the employee's finger was caught between it and the forklift's forks. The employee's fingertip was amputated.","Forklift, order picker, platform truck-powered",Amputations,Safe Mechanical Lifting,,Safe Mechanical Lifting,1,HIGH,"Energy: Suspended heavy mechanical load / falling tubular | Exposure: Worker positioned in active hazard zone during Mechanical hoisting / crane lifting operations | Barrier Failure: Personnel in line of fire / defective rigging hardware or improper rigging | Escalation: Fatal crushing impact, severe traumatic amputation, or fatal projectile strike",Safe Mechanical Lifting,,Safe Mechanical Lifting,Mechanical hoisting / crane lifting operations,Suspended heavy mechanical load / falling tubular,"Certified rigging gear, dedicated signalman & red zone exclusion barrier",Personnel in line of fire / defective rigging hardware or improper rigging,"Fatal crushing impact, severe traumatic amputation, or fatal projectile strike",,ANNOTATED
91,OILPS_OSHA_03487,OSHA,January2015toNovember2025.csv,2023076287,7/14/2023,USA,"SUMMIT, ILLINOIS",Petroleum Products Manufacturing,Workplace Safety Incident,Hospitalization,Stratum_E_Vehicle_Transport,Stratum_E_Vehicle_Transport,"An employee was loading asphalt from a storage tank into a tanker truck from an above ground asphalt loading rack. After removing the loading spout from the tanker and placing a bucket drip pan under it, the employee stepped onto the crows nest of the truck to close the loading hatch. Residual asphalt (approximately 370 degrees F) in the loading line spilled out of the spout, into the bucket, and splashed down onto the employee below. The employee sustained second-degree burns to the back of his head, neck, ears, and side of his face near the jawline. The employee was hospitalized.","Roofing asphalt, roofing tar",Second degree heat (thermal) burns,Driving,,Driving,0,MEDIUM,Energy: Low operational energy | Exposure: Routine task (Oilfield operational support task) | Barrier Failure: Minor procedural deviation | Escalation: Minor localized injury without credible SIF potential,Driving,,Driving,Oilfield operational support task,Operational equipment hazard (unspecified energy),Standard operating procedures & PPE,Procedural deviation during task execution,Localized occupational injury without life-altering escalation,,ANNOTATED
92,OILPS_OSHA_01491,OSHA,January2015toNovember2025.csv,2018032813,3/22/2018,USA,"CUERO, TEXAS",Oil & Gas / Energy Related,Workplace Safety Incident,Hospitalization,Stratum_B_Pressure_Flammable_Chemical_H2S,Stratum_B_Pressure_Flammable_Chemical_H2S,The injured employee was preparing samples for testing and was processing nitric acid and oil and gas samples in a glass container when the glass container exploded resulting in burns and puncture wounds to the employee's hands and arms.,"Containers-nonpressurized, unspecified","Burns and other injuries, n.e.c.",Toxic Gas / Hazardous Substance,,Toxic Gas / Hazardous Substance,0,MEDIUM,Energy: Low operational energy | Exposure: Routine task (Oilfield operational support task) | Barrier Failure: Minor procedural deviation | Escalation: Minor localized injury without credible SIF potential,Toxic Gas / Hazardous Substance,,Toxic Gas / Hazardous Substance,Oilfield operational support task,Operational equipment hazard (unspecified energy),Standard operating procedures & PPE,Procedural deviation during task execution,Localized occupational injury without life-altering escalation,,ANNOTATED
93,OILPS_OSHA_00230,OSHA,January2015toNovember2025.csv,2015063371,6/3/2015,USA,"AMARILLO, TEXAS",Oil & Gas / Energy Related,Workplace Safety Incident,Hospitalization,Stratum_C_Height_Lifting_Dropped_Objects,Stratum_C_Height_Lifting_Dropped_Objects,"On or about 3 June 2015, at approximately 1825 hours, an AR Daniel Construction employee was hospitalized due to an injury acquired at the jobsite. The employee was working in a trench under the railroad tracks located at Grand and 3rd street in Amarillo, Texas, when he was struck in the face by a piece of angle iron that was being used to hoist the pipeline that he was working near. The angle iron was inside the pipe, and a line was tied to the angle iron to hoist the pipe up enough for the employee to remove wood planking from underneath it. The angle iron became dislodged and struck him, causing multiple facial fractures and lacerations.",Angle irons,Fractures,Line of Fire,Safe Mechanical Lifting,Line of Fire; Safe Mechanical Lifting,1,HIGH,"Energy: Suspended heavy mechanical load / falling tubular | Exposure: Worker positioned in active hazard zone during Oilfield operational support task | Barrier Failure: Personnel in line of fire / defective rigging hardware or improper rigging | Escalation: Fatal crushing impact, severe traumatic amputation, or fatal projectile strike",Line of Fire,Safe Mechanical Lifting,Line of Fire; Safe Mechanical Lifting,Oilfield operational support task,Suspended heavy mechanical load / falling tubular,"Certified rigging gear, dedicated signalman & red zone exclusion barrier",Personnel in line of fire / defective rigging hardware or improper rigging,"Fatal crushing impact, severe traumatic amputation, or fatal projectile strike",,ANNOTATED
94,OILPS_OSHA_03987,OSHA,January2015toNovember2025.csv,2025021642,2/19/2025,USA,"NEW CASTLE, DELAWARE",Oil and Gas Pipeline Construction,Workplace Safety Incident,Hospitalization,Stratum_C_Height_Lifting_Dropped_Objects,Stratum_C_Height_Lifting_Dropped_Objects; Stratum_D_ConfinedSpace_HotWork_Isolation,An employee was on a ladder welding when a piece of slag fell onto his sweater which caught fire. The employee sustained burns to the upper body.,Clothing,Thermal burns degree unspecified,Working at Height,Hot Work,Working at Height; Hot Work,1,HIGH,Energy: Elevated work position (gravitational energy) | Exposure: Worker positioned in active hazard zone during Hot work / welding and thermal cutting | Barrier Failure: Safety lanyard unclipped / absent leading edge fall protection | Escalation: Fatal blunt force trauma from fall at elevation,Working at Height,Hot Work,Working at Height; Hot Work,Hot work / welding and thermal cutting,Elevated work position (gravitational energy),100% continuous tie-off full body safety harness & engineered guardrails,Safety lanyard unclipped / absent leading edge fall protection,Fatal blunt force trauma from fall at elevation,,ANNOTATED
95,OILPS_OSHA_02648,OSHA,January2015toNovember2025.csv,2020098817,9/17/2020,USA,"LONGVIEW, TEXAS",Oil & Gas / Energy Related,Workplace Safety Incident,Hospitalization,Stratum_C_Height_Lifting_Dropped_Objects,Stratum_C_Height_Lifting_Dropped_Objects,An employee was operating a forklift at a well site and was hospitalized for heat stress.,Heat-environmental,"Effects of heat and light, unspecified",Safe Mechanical Lifting,,Safe Mechanical Lifting,1,HIGH,"Energy: Suspended heavy mechanical load / falling tubular | Exposure: Worker positioned in active hazard zone during Mechanical hoisting / crane lifting operations | Barrier Failure: Personnel in line of fire / defective rigging hardware or improper rigging | Escalation: Fatal crushing impact, severe traumatic amputation, or fatal projectile strike",Safe Mechanical Lifting,,Safe Mechanical Lifting,Mechanical hoisting / crane lifting operations,Suspended heavy mechanical load / falling tubular,"Certified rigging gear, dedicated signalman & red zone exclusion barrier",Personnel in line of fire / defective rigging hardware or improper rigging,"Fatal crushing impact, severe traumatic amputation, or fatal projectile strike",,ANNOTATED
96,OILPS_OSHA_02487,OSHA,January2015toNovember2025.csv,2020021385,2/12/2020,USA,"LEDBETTER, TEXAS",Support Activities for Oil and Gas Operations,Workplace Safety Incident,Hospitalization,Stratum_A_Drilling_Heavy_Mechanical,Stratum_A_Drilling_Heavy_Mechanical; Stratum_C_Height_Lifting_Dropped_Objects,"Employees at an oil rig were breaking down its blowout preventers. After removing the preventers from the wellhead, they put a wooden board on the ground to set the preventer on and keep it from getting muddy. When one employee unhooked his tagline from a preventer, the preventer shifted and the locking stem on its top struck the top of the employee's left boot. He suffered a laceration to the foot and two broken toes.","Valves, nozzles",Fractures,Safe Mechanical Lifting,,Safe Mechanical Lifting,1,HIGH,"Energy: High-pressure fluid/gas stored energy; Suspended heavy mechanical load / falling tubular | Exposure: Worker positioned in active hazard zone during Oilfield operational support task | Barrier Failure: Intervention on pressurized line / failure to verify zero residual pressure | Escalation: Fatal crushing impact, severe traumatic amputation, or fatal projectile strike",Energy Isolation,Safe Mechanical Lifting,Energy Isolation; Safe Mechanical Lifting,Oilfield operational support task,High-pressure fluid/gas stored energy; Suspended heavy mechanical load / falling tubular,"Positive energy isolation, verified depressurization & line-of-fire barricading",Intervention on pressurized line / failure to verify zero residual pressure,"Fatal crushing impact, severe traumatic amputation, or fatal projectile strike",Candidate LSR 'Safe Mechanical Lifting' modified to 'Energy Isolation'.,ANNOTATED
97,OILPS_OSHA_02823,OSHA,January2015toNovember2025.csv,2021064864,6/15/2021,USA,"CAMERON, LOUISIANA",Support Activities for Oil and Gas Operations,Workplace Safety Incident,Hospitalization,Stratum_C_Height_Lifting_Dropped_Objects,Stratum_C_Height_Lifting_Dropped_Objects,An employee was walking through an open area when high winds caused a crane boom to collapse. Debris struck the employee and broke the employee's right tibia and left foot.,"Cranes, unspecified",Fractures,Safe Mechanical Lifting,,Safe Mechanical Lifting,1,HIGH,"Energy: Suspended heavy mechanical load / falling tubular | Exposure: Worker positioned in active hazard zone during Mechanical hoisting / crane lifting operations | Barrier Failure: Personnel in line of fire / defective rigging hardware or improper rigging | Escalation: Fatal crushing impact, severe traumatic amputation, or fatal projectile strike",Safe Mechanical Lifting,,Safe Mechanical Lifting,Mechanical hoisting / crane lifting operations,Suspended heavy mechanical load / falling tubular,"Certified rigging gear, dedicated signalman & red zone exclusion barrier",Personnel in line of fire / defective rigging hardware or improper rigging,"Fatal crushing impact, severe traumatic amputation, or fatal projectile strike",,ANNOTATED
98,OILPS_OSHA_02233,OSHA,January2015toNovember2025.csv,2019077402,7/19/2019,USA,"GOLDEN MEADOW, LOUISIANA",Support Activities for Oil and Gas Operations,Workplace Safety Incident,Hospitalization,Stratum_F_LowEnergy_Ergonomic_MinorInjury,Stratum_F_LowEnergy_Ergonomic_MinorInjury,"An employee was completing a fluid treatment process. The employee had just closed a 4-inch valve on a ""T"" manifold when he tripped and fell forward, striking the shin of his right leg against a valve handle and then landing on the ground. The employee's right leg sustained a spiral fracture requiring hospitalization and surgery.","Floors, walkways, ground surfaces, unspecified",Fractures,,,None identified,1,HIGH,"Energy: High-pressure fluid/gas stored energy | Exposure: Worker positioned in active hazard zone during Oilfield operational support task | Barrier Failure: Intervention on pressurized line / failure to verify zero residual pressure | Escalation: Fatal crushing impact, severe traumatic amputation, or fatal projectile strike",Energy Isolation,,Energy Isolation,Oilfield operational support task,High-pressure fluid/gas stored energy,"Positive energy isolation, verified depressurization & line-of-fire barricading",Intervention on pressurized line / failure to verify zero residual pressure,"Fatal crushing impact, severe traumatic amputation, or fatal projectile strike",,ANNOTATED
99,OILPS_OSHA_00637,OSHA,January2015toNovember2025.csv,2016076048,7/6/2016,USA,"SNYDER, TEXAS",Support Activities for Oil and Gas Operations,Workplace Safety Incident,Hospitalization,Stratum_F_LowEnergy_Ergonomic_MinorInjury,Stratum_F_LowEnergy_Ergonomic_MinorInjury,"On or about 7/6/16, at 17:45 hours, an employee had been working outside at several oilfield locations in high heat conditions when he began feeling ill and collapsed. He was hospitalized for heat exhaustion.",Heat-environmental,"Heat exhaustion, prostration",,,None identified,0,MEDIUM,Energy: Low operational energy | Exposure: Routine task (Oilfield operational support task) | Barrier Failure: Minor procedural deviation | Escalation: Minor localized injury without credible SIF potential,None,,None,Oilfield operational support task,Operational equipment hazard (unspecified energy),Standard operating procedures & PPE,Procedural deviation during task execution,Localized occupational injury without life-altering escalation,,ANNOTATED
100,OILPS_OSHA_03038,OSHA,January2015toNovember2025.csv,2022032767,3/28/2022,USA,"PECOS, TEXAS",Support Activities for Oil and Gas Operations,Workplace Safety Incident,Hospitalization,Stratum_F_LowEnergy_Ergonomic_MinorInjury,Stratum_F_LowEnergy_Ergonomic_MinorInjury,"An employee was walking toward a pump on which he was installing a new suction manifold. He tripped over the old manifold, lying on the ground, and fell. He suffered a compound fracture to the left forearm and was hospitalized.","Floors, walkways, ground surfaces, unspecified",Fractures,,,None identified,1,HIGH,"Energy: High-pressure fluid/gas stored energy | Exposure: Worker positioned in active hazard zone during Oilfield operational support task | Barrier Failure: Intervention on pressurized line / failure to verify zero residual pressure | Escalation: Fatal crushing impact, severe traumatic amputation, or fatal projectile strike",Energy Isolation,,Energy Isolation,Oilfield operational support task,High-pressure fluid/gas stored energy,"Positive energy isolation, verified depressurization & line-of-fire barricading",Intervention on pressurized line / failure to verify zero residual pressure,"Fatal crushing impact, severe traumatic amputation, or fatal projectile strike",,ANNOTATED
101,OILPS_OSHA_03413,OSHA,January2015toNovember2025.csv,2023053963,5/3/2023,USA,"DOUGLASVILLE, GEORGIA",Petroleum Products Manufacturing,Workplace Safety Incident,Hospitalization,Stratum_B_Pressure_Flammable_Chemical_H2S,Stratum_B_Pressure_Flammable_Chemical_H2S,"On May 4, 2023, an employee was cutting a catwalk platform with a torch. When the pressure released, the platform fell back toward the employee and knocked him off his feet. The platform then landed on his leg, resulting in a fracture.",Catwalks,Fractures,Hot Work,,Hot Work,1,HIGH,"Energy: High-pressure fluid/gas stored energy | Exposure: Worker positioned in active hazard zone during Oilfield operational support task | Barrier Failure: Intervention on pressurized line / failure to verify zero residual pressure | Escalation: Fatal crushing impact, severe traumatic amputation, or fatal projectile strike",Energy Isolation,Hot Work,Energy Isolation; Hot Work,Oilfield operational support task,High-pressure fluid/gas stored energy,"Positive energy isolation, verified depressurization & line-of-fire barricading",Intervention on pressurized line / failure to verify zero residual pressure,"Fatal crushing impact, severe traumatic amputation, or fatal projectile strike",Candidate LSR 'Hot Work' modified to 'Energy Isolation'.,ANNOTATED
102,OILPS_OSHA_02161,OSHA,January2015toNovember2025.csv,2019065639,6/5/2019,USA,"PECOS, TEXAS",Oil and Gas Pipeline Construction,Workplace Safety Incident,Hospitalization,Stratum_D_ConfinedSpace_HotWork_Isolation,Stratum_D_ConfinedSpace_HotWork_Isolation,"An employee was resetting a breaker on an electric motor when an electrical arc occurred resulting in burns to the employee's right ear, right hand, thumb, and index finger.","Switchboards, switches, fuses","Electrical burns, unspecified",Energy Isolation,,Energy Isolation,0,MEDIUM,Energy: Low operational energy | Exposure: Routine task (Electrical system maintenance and troubleshooting) | Barrier Failure: Minor procedural deviation | Escalation: Minor localized injury without credible SIF potential,Energy Isolation,,Energy Isolation,Electrical system maintenance and troubleshooting,Operational equipment hazard (unspecified energy),Standard operating procedures & PPE,Procedural deviation during task execution,Localized occupational injury without life-altering escalation,,ANNOTATED
103,OILPS_OSHA_00043,OSHA,January2015toNovember2025.csv,2015010670,1/21/2015,USA,OKLAHOMA,Drilling Oil and Gas Wells,Workplace Safety Incident,Amputation,Stratum_A_Drilling_Heavy_Mechanical,Stratum_A_Drilling_Heavy_Mechanical,"On 1/21/15 at about 16:20 pm a worker was hit by the tongs on his right arm, chest, and leg. He was transported to OU Medical Center where his right hand was amputated. Immediately before the accident the drilling line was stuck. The snub line connected to the tongs snapped causing the tongs to swing around and hit the worker.",Oil drilling rigs and machinery,Amputations,,,None identified,1,MEDIUM,Energy: Stored mechanical/tubular energy | Exposure: Floor worker during Drilling rig floor pipe/casing operations | Barrier Failure: Line-of-fire control compromised | Escalation: Crushing impact / permanent disabling trauma,Line of Fire,,Line of Fire,Drilling rig floor pipe/casing operations,Operational equipment hazard (unspecified energy),Standard operating procedures & PPE,Procedural deviation during task execution,Localized occupational injury without life-altering escalation,,ANNOTATED
104,OILPS_OSHA_02709,OSHA,January2015toNovember2025.csv,20201211749,12/16/2020,USA,"GRAFORD, TEXAS",Support Activities for Oil and Gas Operations,Workplace Safety Incident,Hospitalization,Stratum_A_Drilling_Heavy_Mechanical,Stratum_A_Drilling_Heavy_Mechanical; Stratum_C_Height_Lifting_Dropped_Objects,An employee was climbing a ladder with guard rails to access the rig floor. The ladder twisted to one side causing the employee to fall to the ground. The employee sustained displaced vertebrae in the neck and bruising and soreness.,Ladders-fixed,Herniated discs,Working at Height,,Working at Height,1,HIGH,Energy: Elevated work position (gravitational energy) | Exposure: Worker positioned in active hazard zone during Oilfield operational support task | Barrier Failure: Safety lanyard unclipped / absent leading edge fall protection | Escalation: Fatal blunt force trauma from fall at elevation,Working at Height,,Working at Height,Oilfield operational support task,Elevated work position (gravitational energy),100% continuous tie-off full body safety harness & engineered guardrails,Safety lanyard unclipped / absent leading edge fall protection,Fatal blunt force trauma from fall at elevation,,ANNOTATED
105,OILPS_OSHA_02916,OSHA,January2015toNovember2025.csv,2021108718,10/9/2021,USA,"ORLA, TEXAS",Support Activities for Oil and Gas Operations,Workplace Safety Incident,Hospitalization,Stratum_B_Pressure_Flammable_Chemical_H2S,Stratum_B_Pressure_Flammable_Chemical_H2S; Stratum_D_ConfinedSpace_HotWork_Isolation,"An employee was welding a tank battery in the field when the welding torch ignited flammable gasses, causing an explosion that resulted in second and third degree burns to both hands and their face.",,Third or fourth degree heat (thermal) burns,Hot Work,,Hot Work,1,HIGH,"Energy: Flammable hydrocarbons / thermal ignition energy | Exposure: Worker positioned in active hazard zone during Hot work / welding and thermal cutting | Barrier Failure: Hot work performed near flammable vapors / unverified atmospheric LEL | Escalation: Catastrophic vapor cloud explosion, mass toxic asphyxiation, or fatal burns",Hot Work,,Hot Work,Hot work / welding and thermal cutting,Flammable hydrocarbons / thermal ignition energy,"Continuous LEL gas monitoring, hot work permit & spark containment",Hot work performed near flammable vapors / unverified atmospheric LEL,"Catastrophic vapor cloud explosion, mass toxic asphyxiation, or fatal burns",,ANNOTATED
106,OILPS_OSHA_02649,OSHA,January2015toNovember2025.csv,2020098845,9/17/2020,USA,"SYCAMORE, PENNSYLVANIA",Support Activities for Oil and Gas Operations,Workplace Safety Incident,Hospitalization,Stratum_C_Height_Lifting_Dropped_Objects,Stratum_C_Height_Lifting_Dropped_Objects; Stratum_E_Vehicle_Transport,An employee slipped and fell to the ground while exiting a water truck via the ladder. The employee was hospitalized for a foot/ankle injury.,"Truck-motorized freight hauling and utility, n.e.c","Soreness, pain, hurt-nonspecified injury",Working at Height,Driving,Working at Height; Driving,1,HIGH,Energy: Elevated work position (gravitational energy) | Exposure: Worker positioned in active hazard zone during Oilfield operational support task | Barrier Failure: Safety lanyard unclipped / absent leading edge fall protection | Escalation: Fatal blunt force trauma from fall at elevation,Working at Height,Driving,Working at Height; Driving,Oilfield operational support task,Elevated work position (gravitational energy),100% continuous tie-off full body safety harness & engineered guardrails,Safety lanyard unclipped / absent leading edge fall protection,Fatal blunt force trauma from fall at elevation,,ANNOTATED
107,OILPS_OSHA_01375,OSHA,January2015toNovember2025.csv,2018010241,1/8/2018,USA,"WATFORD CITY, NORTH DAKOTA",Natural Gas Liquid Extraction,Workplace Safety Incident,Hospitalization,Stratum_B_Pressure_Flammable_Chemical_H2S,Stratum_B_Pressure_Flammable_Chemical_H2S,"An employee was blowing off pressure on a field natural gas compressor when a pipe about 3 feet long pulled out of the threads and hit the employee, causing blunt force trauma to the face, arm, and shoulder.","Pipes, ducts, tubing, unspecified","Soreness, pain, hurt-nonspecified injury",,,None identified,1,HIGH,"Energy: High-pressure fluid/gas stored energy | Exposure: Worker positioned in active hazard zone during Oilfield operational support task | Barrier Failure: Intervention on pressurized line / failure to verify zero residual pressure | Escalation: Fatal crushing impact, severe traumatic amputation, or fatal projectile strike",Energy Isolation,,Energy Isolation,Oilfield operational support task,High-pressure fluid/gas stored energy,"Positive energy isolation, verified depressurization & line-of-fire barricading",Intervention on pressurized line / failure to verify zero residual pressure,"Fatal crushing impact, severe traumatic amputation, or fatal projectile strike",,ANNOTATED
108,OILPS_OSHA_02882,OSHA,January2015toNovember2025.csv,2021087009,8/18/2021,USA,"BRYAN, TEXAS",Support Activities for Oil and Gas Operations,Workplace Safety Incident,Amputation,Stratum_C_Height_Lifting_Dropped_Objects,Stratum_C_Height_Lifting_Dropped_Objects; Stratum_E_Vehicle_Transport,"An employee was pushing the forks of a forklift to widen their position. He needed to get the forks around the hook it sits in. Once it cleared the hook, the fork slid quickly, catching the employee's right middle finger against the headache rack support. The finger was amputated.","Forklift, order picker, platform truck-powered",Amputations,Safe Mechanical Lifting,,Safe Mechanical Lifting,1,HIGH,"Energy: Suspended heavy mechanical load / falling tubular | Exposure: Worker positioned in active hazard zone during Mechanical hoisting / crane lifting operations | Barrier Failure: Personnel in line of fire / defective rigging hardware or improper rigging | Escalation: Fatal crushing impact, severe traumatic amputation, or fatal projectile strike",Safe Mechanical Lifting,,Safe Mechanical Lifting,Mechanical hoisting / crane lifting operations,Suspended heavy mechanical load / falling tubular,"Certified rigging gear, dedicated signalman & red zone exclusion barrier",Personnel in line of fire / defective rigging hardware or improper rigging,"Fatal crushing impact, severe traumatic amputation, or fatal projectile strike",,ANNOTATED
109,OILPS_OSHA_03577,OSHA,January2015toNovember2025.csv,20231110248,11/6/2023,USA,"SPIRO, OKLAHOMA",Support Activities for Oil and Gas Operations,Workplace Safety Incident,Hospitalization,Stratum_B_Pressure_Flammable_Chemical_H2S,Stratum_B_Pressure_Flammable_Chemical_H2S,"After running a survey and putting air back on the hole, two employees were standing in the doorway of the doghouse watching the flow line to see if there was a gas flare. The pilot light for the flow line was not ignited. The injured employee used a propane torch to igniting the pilot light. A flash fire resulted due to down-hole gas that had come out of the flow line. The injured employee sustained second degree burns to their face, forearms, and hands.","Flammable gas, unspecified",Second degree heat (thermal) burns,Hot Work,,Hot Work,1,HIGH,"Energy: Flammable hydrocarbons / thermal ignition energy | Exposure: Worker positioned in active hazard zone during Oilfield operational support task | Barrier Failure: Hot work performed near flammable vapors / unverified atmospheric LEL | Escalation: Catastrophic vapor cloud explosion, mass toxic asphyxiation, or fatal burns",Hot Work,,Hot Work,Oilfield operational support task,Flammable hydrocarbons / thermal ignition energy,"Continuous LEL gas monitoring, hot work permit & spark containment",Hot work performed near flammable vapors / unverified atmospheric LEL,"Catastrophic vapor cloud explosion, mass toxic asphyxiation, or fatal burns",,ANNOTATED
110,OILPS_OSHA_02805,OSHA,January2015toNovember2025.csv,2021054085,5/19/2021,USA,"PAULSBORO, NEW JERSEY",Petroleum Refineries,Workplace Safety Incident,Hospitalization,Stratum_F_LowEnergy_Ergonomic_MinorInjury,Stratum_F_LowEnergy_Ergonomic_MinorInjury,An employee tripped going over a containment curb and fell. A Unistrut clip caused a laceration and degloving injury to his abdomen.,Curbs,"Avulsions, enucleations",,,None identified,0,MEDIUM,Energy: Low operational energy | Exposure: Routine task (Oilfield operational support task) | Barrier Failure: Minor procedural deviation | Escalation: Minor localized injury without credible SIF potential,None,,None,Oilfield operational support task,Operational equipment hazard (unspecified energy),Standard operating procedures & PPE,Procedural deviation during task execution,Localized occupational injury without life-altering escalation,,ANNOTATED
111,OILPS_OSHA_01113,OSHA,January2015toNovember2025.csv,2017076853,7/22/2017,USA,"WAUSEON, OHIO",Oil and Gas Pipeline Construction,Workplace Safety Incident,Hospitalization,Stratum_D_ConfinedSpace_HotWork_Isolation,Stratum_D_ConfinedSpace_HotWork_Isolation,"On July 22, 2017, an employee was hooking up a holiday detector to scan a pipe for any bare metal when he received an electrical shock on the hand and fell to the ground. He was hospitalized.","Tools, instruments, and equipment, n.e.c.","Electrocutions, electric shocks",Energy Isolation,,Energy Isolation,1,MEDIUM,Energy: Stored mechanical/tubular energy | Exposure: Floor worker during Electrical system maintenance and troubleshooting | Barrier Failure: Line-of-fire control compromised | Escalation: Crushing impact / permanent disabling trauma,None,,None,Electrical system maintenance and troubleshooting,Operational equipment hazard (unspecified energy),Standard operating procedures & PPE,Procedural deviation during task execution,Localized occupational injury without life-altering escalation,Candidate LSR 'Energy Isolation' rejected based on narrative evidence.,ANNOTATED
112,OILPS_OSHA_02946,OSHA,January2015toNovember2025.csv,20211110151,11/24/2021,USA,"MCGREGOR, NORTH DAKOTA",Drilling Oil and Gas Wells,Workplace Safety Incident,Hospitalization,Stratum_A_Drilling_Heavy_Mechanical,Stratum_A_Drilling_Heavy_Mechanical,"An employee was putting a pipe in place and pushing on a rotating sucker rod, which caught his glove and wrapped his arm around the rod. The employee sustained multiple arm fractures.",Oil drilling rigs and machinery,Fractures,,,None identified,1,MEDIUM,Energy: Stored mechanical/tubular energy | Exposure: Floor worker during Oilfield operational support task | Barrier Failure: Line-of-fire control compromised | Escalation: Crushing impact / permanent disabling trauma,None,,None,Oilfield operational support task,Operational equipment hazard (unspecified energy),Standard operating procedures & PPE,Procedural deviation during task execution,Localized occupational injury without life-altering escalation,,ANNOTATED
113,OILPS_OSHA_03151,OSHA,January2015toNovember2025.csv,2022076497,7/25/2022,USA,"APOLLO, PENNSYLVANIA",Support Activities for Oil and Gas Operations,Workplace Safety Incident,Hospitalization,Stratum_B_Pressure_Flammable_Chemical_H2S,Stratum_B_Pressure_Flammable_Chemical_H2S,"An employee was about to change out the choke parts to fix a leaking choke on the belly dump of a gas production unit (GPU). While the choke was being unbolted, pressure came through it, blowing the employee backward and causing lacerations and broken bones in their face.",Pressurized air-blast,Fractures,,,None identified,1,HIGH,"Energy: High-pressure fluid/gas stored energy | Exposure: Worker positioned in active hazard zone during Oilfield operational support task | Barrier Failure: Intervention on pressurized line / failure to verify zero residual pressure | Escalation: Fatal crushing impact, severe traumatic amputation, or fatal projectile strike",Energy Isolation,,Energy Isolation,Oilfield operational support task,High-pressure fluid/gas stored energy,"Positive energy isolation, verified depressurization & line-of-fire barricading",Intervention on pressurized line / failure to verify zero residual pressure,"Fatal crushing impact, severe traumatic amputation, or fatal projectile strike",,ANNOTATED
114,OILPS_OSHA_03763,OSHA,January2015toNovember2025.csv,2024065418,6/18/2024,USA,"ALVIN, TEXAS",Oil & Gas / Energy Related,Workplace Safety Incident,Hospitalization,Stratum_D_ConfinedSpace_HotWork_Isolation,Stratum_D_ConfinedSpace_HotWork_Isolation; Stratum_E_Vehicle_Transport,Employees were lowering material into a dumpster using a digger derrick truck. The injured employee jumped into the dumpster to remove a strap from the pallet. Their right tibia was fractured when their leg contacted the bottom of the dumpster.,"Tanks, bins, vats except confined space",Fractures,Working at Height,Driving,Working at Height; Driving,1,HIGH,Energy: Elevated work position (gravitational energy) | Exposure: Worker positioned in active hazard zone during Oilfield operational support task | Barrier Failure: Safety lanyard unclipped / absent leading edge fall protection | Escalation: Fatal blunt force trauma from fall at elevation,Working at Height,Driving,Working at Height; Driving,Oilfield operational support task,Elevated work position (gravitational energy),100% continuous tie-off full body safety harness & engineered guardrails,Safety lanyard unclipped / absent leading edge fall protection,Fatal blunt force trauma from fall at elevation,,ANNOTATED
115,OILPS_OSHA_04051,OSHA,January2015toNovember2025.csv,2025044036,4/30/2025,USA,"PLEASANT HILL, MISSOURI",Oil and Gas Pipeline Construction,Workplace Safety Incident,Hospitalization,Stratum_E_Vehicle_Transport,Stratum_E_Vehicle_Transport,"A skid steer operator was attaching a skid steer's bucket loaded with concrete (estimated to be up to 500 pounds) to a machine. The injured employee was reaching in front of the bucket to move pieces of broken concrete when the bucket fell on his right arm, catching it between the bucket and concrete. The employee sustained a fractured arm and thumb, a laceration to the index finger, and an avulsion to their middle finger.",Vehicle and machine front attachments,Multiple severe wounds and internal injuries,,,None identified,0,MEDIUM,Energy: Low operational energy | Exposure: Routine task (Oilfield operational support task) | Barrier Failure: Minor procedural deviation | Escalation: Minor localized injury without credible SIF potential,None,,None,Oilfield operational support task,Operational equipment hazard (unspecified energy),Standard operating procedures & PPE,Procedural deviation during task execution,Localized occupational injury without life-altering escalation,,ANNOTATED
116,OILPS_OSHA_01518,OSHA,January2015toNovember2025.csv,2018043494,4/11/2018,USA,"BATAVIA, OHIO",Oil & Gas / Energy Related,Workplace Safety Incident,Hospitalization,Stratum_A_Drilling_Heavy_Mechanical,Stratum_A_Drilling_Heavy_Mechanical; Stratum_C_Height_Lifting_Dropped_Objects,"An employee was standing on planking located on the top buck of a two-end frame, tubular-welded frame scaffold when one of the scaffold planks broke, causing the employee to fall 10 feet to the ground below. The employee suffered a fractured hip and two fractured ribs.",Scaffolds-self-supporting staging,Fractures,Working at Height,,Working at Height,1,HIGH,Energy: Elevated work position (gravitational energy); Suspended heavy mechanical load / falling tubular | Exposure: Worker positioned in active hazard zone during Work at height / scaffolding operations | Barrier Failure: Safety lanyard unclipped / absent leading edge fall protection | Escalation: Fatal blunt force trauma from fall at elevation,Safe Mechanical Lifting,Working at Height,Safe Mechanical Lifting; Working at Height,Work at height / scaffolding operations,Elevated work position (gravitational energy); Suspended heavy mechanical load / falling tubular,100% continuous tie-off full body safety harness & engineered guardrails,Safety lanyard unclipped / absent leading edge fall protection,Fatal blunt force trauma from fall at elevation,Candidate LSR 'Working at Height' modified to 'Safe Mechanical Lifting'.,ANNOTATED
117,OILPS_OSHA_00556,OSHA,January2015toNovember2025.csv,2016043117,4/14/2016,USA,"WILLISTON, NORTH DAKOTA",Support Activities for Oil and Gas Operations,Workplace Safety Incident,Hospitalization,Stratum_F_LowEnergy_Ergonomic_MinorInjury,Stratum_F_LowEnergy_Ergonomic_MinorInjury,An employee was repairing a flow pipe when he tripped and fell backward with the flow pipe on his body. He fractured his left ankle.,"Floors, walkways, ground surfaces, unspecified",Fractures,,,None identified,1,MEDIUM,Energy: Stored mechanical/tubular energy | Exposure: Floor worker during Oilfield operational support task | Barrier Failure: Line-of-fire control compromised | Escalation: Crushing impact / permanent disabling trauma,None,,None,Oilfield operational support task,Operational equipment hazard (unspecified energy),Standard operating procedures & PPE,Procedural deviation during task execution,Localized occupational injury without life-altering escalation,,ANNOTATED
118,OILPS_OSHA_01668,OSHA,January2015toNovember2025.csv,2018076920,7/10/2018,USA,"BISHOP, TEXAS",Support Activities for Oil and Gas Operations,Workplace Safety Incident,Hospitalization,Stratum_C_Height_Lifting_Dropped_Objects,Stratum_C_Height_Lifting_Dropped_Objects,"An employee was about to climb a 15-foot chain ladder to exit a horizontal vessel. When he stepped onto the ladder, it became unstable and he fell. He landed on his back on the vessel's floor, suffering multiple broken vertebrae.","Movable ladders, n.e.c.",Fractures,Working at Height,,Working at Height,1,HIGH,Energy: Elevated work position (gravitational energy) | Exposure: Worker positioned in active hazard zone during Oilfield operational support task | Barrier Failure: Safety lanyard unclipped / absent leading edge fall protection | Escalation: Fatal blunt force trauma from fall at elevation,Working at Height,,Working at Height,Oilfield operational support task,Elevated work position (gravitational energy),100% continuous tie-off full body safety harness & engineered guardrails,Safety lanyard unclipped / absent leading edge fall protection,Fatal blunt force trauma from fall at elevation,,ANNOTATED
119,OILPS_OSHA_03697,OSHA,January2015toNovember2025.csv,2024042848,4/1/2024,USA,"BORGER, TEXAS",Petroleum Refineries,Workplace Safety Incident,Non-Fatal Injury,Stratum_G_General_Oilfield_Operations,Stratum_G_General_Oilfield_Operations,"A crew of two was attempting to blind/isolate the loop to the re-slurry control valve to the north rise. As the employees were loosening the bolts to open the pipe and placing the blind, a valve that was holding back the slurry opened. This released the hot slurry (640 degrees Fahrenheit) onto the employees performing the work. Both employees sustained thermal burns from the slurry and were hospitalized.",Petroleum and coal products unspecified,Thermal burns degree unspecified,,,None identified,1,MEDIUM,Energy: Stored mechanical/tubular energy | Exposure: Floor worker during Oilfield operational support task | Barrier Failure: Line-of-fire control compromised | Escalation: Crushing impact / permanent disabling trauma,None,,None,Oilfield operational support task,Operational equipment hazard (unspecified energy),Standard operating procedures & PPE,Procedural deviation during task execution,Localized occupational injury without life-altering escalation,,ANNOTATED
120,OILPS_OSHA_03833,OSHA,January2015toNovember2025.csv,2024088010,8/28/2024,USA,"GRAFORD, TEXAS",Oil and Gas Pipeline Construction,Workplace Safety Incident,Hospitalization,Stratum_D_ConfinedSpace_HotWork_Isolation,Stratum_D_ConfinedSpace_HotWork_Isolation,"Three employees were removing a cover from an oil well storage tank. Some of the bolts were corroded, so the employees used an electric grinder to remove the bolts. Sparks from the grinding wheel ignited liquid/fumes inside the tank, causing the tank to explode. One employee received severe burns to over 70% of their body.","Tanks, bins, vats except confined space",Thermal burns degree unspecified,Hot Work,,Hot Work,0,MEDIUM,Energy: Low operational energy | Exposure: Routine task (Hot work / welding and thermal cutting) | Barrier Failure: Minor procedural deviation | Escalation: Minor localized injury without credible SIF potential,Hot Work,,Hot Work,Hot work / welding and thermal cutting,Operational equipment hazard (unspecified energy),Standard operating procedures & PPE,Procedural deviation during task execution,Localized occupational injury without life-altering escalation,,ANNOTATED
121,OILPS_OSHA_02896,OSHA,January2015toNovember2025.csv,2021097880,9/13/2021,USA,"PIEDMONT, OKLAHOMA",Support Activities for Oil and Gas Operations,Workplace Safety Incident,Hospitalization,Stratum_A_Drilling_Heavy_Mechanical,Stratum_A_Drilling_Heavy_Mechanical,An employee was replacing the valve on a frac pump. Fingers on his left hand were caught in the pump's moving pistons and injured; the middle finger required surgery.,Oil drilling rigs and machinery,"Soreness, pain, hurt-nonspecified injury",Line of Fire,,Line of Fire,0,MEDIUM,Energy: Low operational energy | Exposure: Routine task (Oilfield operational support task) | Barrier Failure: Minor procedural deviation | Escalation: Minor localized injury without credible SIF potential,Line of Fire,,Line of Fire,Oilfield operational support task,Operational equipment hazard (unspecified energy),Standard operating procedures & PPE,Procedural deviation during task execution,Localized occupational injury without life-altering escalation,,ANNOTATED
122,OILPS_OSHA_03788,OSHA,January2015toNovember2025.csv,2024076150,7/9/2024,USA,"SUNDERLAND, MASSACHUSETTS",Asphalt Paving Mixture and Block Manufacturing,Workplace Safety Incident,Hospitalization,Stratum_C_Height_Lifting_Dropped_Objects,Stratum_C_Height_Lifting_Dropped_Objects,An employee was walking up the steps to shut off a sprayer when he fell from the steps. The employee injured his right heel and fractured his left tibia and was hospitalized.,"Stairs, steps",Fractures,Working at Height,,Working at Height,0,MEDIUM,Energy: Low operational energy | Exposure: Routine task (Oilfield operational support task) | Barrier Failure: Minor procedural deviation | Escalation: Minor localized injury without credible SIF potential,Working at Height,,Working at Height,Oilfield operational support task,Operational equipment hazard (unspecified energy),Standard operating procedures & PPE,Procedural deviation during task execution,Localized occupational injury without life-altering escalation,,ANNOTATED
123,OILPS_OSHA_02927,OSHA,January2015toNovember2025.csv,2021109176,10/25/2021,USA,"LIBERAL, KANSAS",Drilling Oil and Gas Wells,Workplace Safety Incident,Hospitalization,Stratum_A_Drilling_Heavy_Mechanical,Stratum_A_Drilling_Heavy_Mechanical,An oil derrick hand fell off the oil derrick platform and struck the derrick during the fall resulting in a fractured back.,Oil drilling rigs and machinery,Fractures,Working at Height,,Working at Height,1,HIGH,Energy: Elevated work position (gravitational energy) | Exposure: Worker positioned in active hazard zone during Oilfield operational support task | Barrier Failure: Safety lanyard unclipped / absent leading edge fall protection | Escalation: Fatal blunt force trauma from fall at elevation,Working at Height,,Working at Height,Oilfield operational support task,Elevated work position (gravitational energy),100% continuous tie-off full body safety harness & engineered guardrails,Safety lanyard unclipped / absent leading edge fall protection,Fatal blunt force trauma from fall at elevation,,ANNOTATED
124,OILPS_OSHA_04031,OSHA,January2015toNovember2025.csv,2025043235,4/8/2025,USA,"SIDNEY, MONTANA",Support Activities for Oil and Gas Operations,Workplace Safety Incident,Amputation,Stratum_A_Drilling_Heavy_Mechanical,Stratum_A_Drilling_Heavy_Mechanical,An employee was under the rig floor adjusting a chain on the slips when his finger became caught between the chain and the blowout preventer (BOP). The employee sustained the amputation of his finger.,Drilling and extraction machinery unspecified,Amputations involving bone loss,,,None identified,1,HIGH,"Energy: High-pressure fluid/gas stored energy | Exposure: Worker positioned in active hazard zone during Oilfield operational support task | Barrier Failure: Intervention on pressurized line / failure to verify zero residual pressure | Escalation: Fatal crushing impact, severe traumatic amputation, or fatal projectile strike",Energy Isolation,,Energy Isolation,Oilfield operational support task,High-pressure fluid/gas stored energy,"Positive energy isolation, verified depressurization & line-of-fire barricading",Intervention on pressurized line / failure to verify zero residual pressure,"Fatal crushing impact, severe traumatic amputation, or fatal projectile strike",,ANNOTATED
125,OILPS_OSHA_03553,OSHA,January2015toNovember2025.csv,2023109264,10/7/2023,USA,"TIOGA, NORTH DAKOTA",Support Activities for Oil and Gas Operations,Workplace Safety Incident,Hospitalization,Stratum_C_Height_Lifting_Dropped_Objects,Stratum_C_Height_Lifting_Dropped_Objects,An employee was checking fluid levels on a mast/power pack unit. The employee was on a ladder trying to access a catwalk when they slipped on a wet rung and fell 5 feet to the ground. The employee sustained a fractured hip.,"Ladders, unspecified",Fractures,Working at Height,,Working at Height,1,HIGH,Energy: Elevated work position (gravitational energy) | Exposure: Worker positioned in active hazard zone during Oilfield operational support task | Barrier Failure: Safety lanyard unclipped / absent leading edge fall protection | Escalation: Fatal blunt force trauma from fall at elevation,Working at Height,,Working at Height,Oilfield operational support task,Elevated work position (gravitational energy),100% continuous tie-off full body safety harness & engineered guardrails,Safety lanyard unclipped / absent leading edge fall protection,Fatal blunt force trauma from fall at elevation,,ANNOTATED
126,OILPS_OSHA_01480,OSHA,January2015toNovember2025.csv,2018032598,3/15/2018,USA,"KERSEY, COLORADO",Support Activities for Oil and Gas Operations,Workplace Safety Incident,Hospitalization,Stratum_B_Pressure_Flammable_Chemical_H2S,Stratum_B_Pressure_Flammable_Chemical_H2S,"An employee was troubleshooting a problem with a chemical pump. During a fracturing operation, the employee disconnected a chemical hose that was under pressure. Chemicals released and entered the employee's right eye, causing a chemical burn.","Chemicals and chemical products, unspecified","Chemical burns and corrosions, unspecified",,,None identified,1,HIGH,"Energy: High-pressure fluid/gas stored energy | Exposure: Worker positioned in active hazard zone during Oilfield operational support task | Barrier Failure: Intervention on pressurized line / failure to verify zero residual pressure | Escalation: Fatal crushing impact, severe traumatic amputation, or fatal projectile strike",Energy Isolation,,Energy Isolation,Oilfield operational support task,High-pressure fluid/gas stored energy,"Positive energy isolation, verified depressurization & line-of-fire barricading",Intervention on pressurized line / failure to verify zero residual pressure,"Fatal crushing impact, severe traumatic amputation, or fatal projectile strike",,ANNOTATED
127,OILPS_OSHA_03979,OSHA,January2015toNovember2025.csv,2025021297,2/10/2025,USA,"ABILENE, TEXAS",Support Activities for Oil and Gas Operations,Workplace Safety Incident,Hospitalization,Stratum_D_ConfinedSpace_HotWork_Isolation,Stratum_D_ConfinedSpace_HotWork_Isolation,"An employee was in a trench, welding/installing a new pipe that was being held up using an excavator. The excavator arm rotated, and the employee was pinned between the pipe and the trench box. The employee suffered three broken ribs and a collapsed lung.","Pipes, tubes metal",Multiple severe wounds and internal injuries,Hot Work,,Hot Work,1,MEDIUM,Energy: Stored mechanical/tubular energy | Exposure: Floor worker during Hot work / welding and thermal cutting | Barrier Failure: Line-of-fire control compromised | Escalation: Crushing impact / permanent disabling trauma,Hot Work,,Hot Work,Hot work / welding and thermal cutting,Operational equipment hazard (unspecified energy),Standard operating procedures & PPE,Procedural deviation during task execution,Localized occupational injury without life-altering escalation,,ANNOTATED
128,OILPS_OSHA_01325,OSHA,January2015toNovember2025.csv,20171211420,12/1/2017,USA,"SEMINOLE, TEXAS",Drilling Oil and Gas Wells,Workplace Safety Incident,Hospitalization,Stratum_A_Drilling_Heavy_Mechanical,Stratum_A_Drilling_Heavy_Mechanical,"An employee was attempting to climb up an angle iron piece of a substructure when he slipped and fell backward 4 feet to the ground, suffering a spiral fracture to his right ankle.",,Fractures,,,None identified,1,HIGH,Energy: Elevated work position (gravitational energy) | Exposure: Worker positioned in active hazard zone during Oilfield operational support task | Barrier Failure: Safety lanyard unclipped / absent leading edge fall protection | Escalation: Fatal blunt force trauma from fall at elevation,Working at Height,,Working at Height,Oilfield operational support task,Elevated work position (gravitational energy),100% continuous tie-off full body safety harness & engineered guardrails,Safety lanyard unclipped / absent leading edge fall protection,Fatal blunt force trauma from fall at elevation,,ANNOTATED
129,OILPS_OSHA_01267,OSHA,January2015toNovember2025.csv,20171010233,10/25/2017,USA,"BAY SAINT LOUIS, MISSISSIPPI",Oil & Gas / Energy Related,Workplace Safety Incident,Amputation,Stratum_G_General_Oilfield_Operations,Stratum_G_General_Oilfield_Operations,"Two employees were moving 40-foot long pipes (30 inches in diameter and weighing over 1,000 lbs.) on an elevated pipe rack into the pipe coating facility. While moving the last pipe, one employee's right hand was caught between a stationary pipe and the moving pipe, partially amputating his right ring fingertip and avulsing his right long fingernail with a nailbed laceration. He was hospitalized overnight.","Metal pipes, tubing",Amputations,,,None identified,1,MEDIUM,Energy: Stored mechanical/tubular energy | Exposure: Floor worker during Oilfield operational support task | Barrier Failure: Line-of-fire control compromised | Escalation: Crushing impact / permanent disabling trauma,None,,None,Oilfield operational support task,Operational equipment hazard (unspecified energy),Standard operating procedures & PPE,Procedural deviation during task execution,Localized occupational injury without life-altering escalation,,ANNOTATED
130,OILPS_OSHA_01500,OSHA,January2015toNovember2025.csv,2018033102,3/31/2018,USA,"SUPERIOR, WISCONSIN",Petroleum Refineries,Workplace Safety Incident,Hospitalization,Stratum_F_LowEnergy_Ergonomic_MinorInjury,Stratum_F_LowEnergy_Ergonomic_MinorInjury,An employee slipped and fell on ice in the parking lot. He injured his knee and required surgery.,"Parking lot, unspecified","Major tears to muscles, tendons, ligaments",,,None identified,0,MEDIUM,Energy: Low operational energy | Exposure: Routine task (Oilfield operational support task) | Barrier Failure: Minor procedural deviation | Escalation: Minor localized injury without credible SIF potential,None,,None,Oilfield operational support task,Operational equipment hazard (unspecified energy),Standard operating procedures & PPE,Procedural deviation during task execution,Localized occupational injury without life-altering escalation,,ANNOTATED
131,OILPS_OSHA_01749,OSHA,January2015toNovember2025.csv,2018088724,8/23/2018,USA,"SMILEY, TEXAS",Support Activities for Oil and Gas Operations,Workplace Safety Incident,Hospitalization,Stratum_C_Height_Lifting_Dropped_Objects,Stratum_C_Height_Lifting_Dropped_Objects,"An employee was on the catwalk of a mixing plant at a completed well site. He was burned by a fire, centered on a forklift and a flowback tank that was releasing natural gas. He suffered second- and third-degree burns to his right hand and arm to the shoulder, his left hand, and his back on the right side. He also suffered second-degree burns to the right side of his face (excluding the eyes) and first-degree burns to his forehead. Personal protective equipment and flame-retardant pants were being worn, but not a flame-retardant shirt.",Natural gas,Third or fourth degree heat (thermal) burns,Safe Mechanical Lifting,,Safe Mechanical Lifting,1,HIGH,"Energy: Suspended heavy mechanical load / falling tubular | Exposure: Worker positioned in active hazard zone during Mechanical hoisting / crane lifting operations | Barrier Failure: Personnel in line of fire / defective rigging hardware or improper rigging | Escalation: Fatal crushing impact, severe traumatic amputation, or fatal projectile strike",Safe Mechanical Lifting,,Safe Mechanical Lifting,Mechanical hoisting / crane lifting operations,Suspended heavy mechanical load / falling tubular,"Certified rigging gear, dedicated signalman & red zone exclusion barrier",Personnel in line of fire / defective rigging hardware or improper rigging,"Fatal crushing impact, severe traumatic amputation, or fatal projectile strike",,ANNOTATED
132,OILPS_OSHA_00163,OSHA,January2015toNovember2025.csv,2015041934,4/12/2015,USA,"GARDEN CITY, TEXAS",Oil & Gas / Energy Related,Workplace Safety Incident,Amputation,Stratum_A_Drilling_Heavy_Mechanical,Stratum_A_Drilling_Heavy_Mechanical,"On or about 12 April 2015, at approximately 1410 hours, an employee amputated the distal portion of his left-hand, index phalanges (no bone involved). He was installing a hydraulic cylinder on a drilling rig when the cylinder he was holding swung laterally, pinching his distal phalanges between the cylinder and the drilling rig structure.",Oil drilling rigs and machinery,Amputations,,,None identified,1,MEDIUM,Energy: Stored mechanical/tubular energy | Exposure: Floor worker during Drilling rig floor pipe/casing operations | Barrier Failure: Line-of-fire control compromised | Escalation: Crushing impact / permanent disabling trauma,None,,None,Drilling rig floor pipe/casing operations,Operational equipment hazard (unspecified energy),Standard operating procedures & PPE,Procedural deviation during task execution,Localized occupational injury without life-altering escalation,,ANNOTATED
133,OILPS_OSHA_01757,OSHA,January2015toNovember2025.csv,2018088843,8/27/2018,USA,"BIG WELLS, TEXAS",Oil & Gas / Energy Related,Workplace Safety Incident,Hospitalization,Stratum_A_Drilling_Heavy_Mechanical,Stratum_A_Drilling_Heavy_Mechanical; Stratum_F_LowEnergy_Ergonomic_MinorInjury,"An employee was washing an oil and gas drilling rig when he experienced heat stress and cramping due to dehydration, requiring hospitalization.",Heat-environmental,Multiple effects of heat and light,,,None identified,1,MEDIUM,Energy: Stored mechanical/tubular energy | Exposure: Floor worker during Drilling rig floor pipe/casing operations | Barrier Failure: Line-of-fire control compromised | Escalation: Crushing impact / permanent disabling trauma,None,,None,Drilling rig floor pipe/casing operations,Operational equipment hazard (unspecified energy),Standard operating procedures & PPE,Procedural deviation during task execution,Localized occupational injury without life-altering escalation,,ANNOTATED
134,OILPS_OSHA_02554,OSHA,January2015toNovember2025.csv,2020043906,4/28/2020,USA,"GREELEY, COLORADO",Support Activities for Oil and Gas Operations,Workplace Safety Incident,Hospitalization,Stratum_C_Height_Lifting_Dropped_Objects,Stratum_C_Height_Lifting_Dropped_Objects,"An employee was guiding/lowering a Kelly hose off to the side of the work floor with a winch line when a counterweight slid down the winch line and struck the employee's left hand, causing an open fracture that required hospitalization.","Drums, pulleys, sheaves",Fractures,Line of Fire,Safe Mechanical Lifting,Line of Fire; Safe Mechanical Lifting,1,HIGH,"Energy: Suspended heavy mechanical load / falling tubular | Exposure: Worker positioned in active hazard zone during Drilling rig floor pipe/casing operations | Barrier Failure: Personnel in line of fire / defective rigging hardware or improper rigging | Escalation: Fatal crushing impact, severe traumatic amputation, or fatal projectile strike",Line of Fire,Safe Mechanical Lifting,Line of Fire; Safe Mechanical Lifting,Drilling rig floor pipe/casing operations,Suspended heavy mechanical load / falling tubular,"Certified rigging gear, dedicated signalman & red zone exclusion barrier",Personnel in line of fire / defective rigging hardware or improper rigging,"Fatal crushing impact, severe traumatic amputation, or fatal projectile strike",,ANNOTATED
135,OILPS_OSHA_02972,OSHA,January2015toNovember2025.csv,2022010172,1/7/2022,USA,"ODESSA, TEXAS",Drilling Oil and Gas Wells,Workplace Safety Incident,Amputation,Stratum_A_Drilling_Heavy_Mechanical,Stratum_A_Drilling_Heavy_Mechanical,An employee was removing nuts from a pump unit. The employee slipped and their right index fingertip was crushed between the pump and a rachet. The fingertip was amputated.,Pumps,Amputations,,,None identified,0,MEDIUM,Energy: Low operational energy | Exposure: Routine task (Oilfield operational support task) | Barrier Failure: Minor procedural deviation | Escalation: Minor localized injury without credible SIF potential,None,,None,Oilfield operational support task,Operational equipment hazard (unspecified energy),Standard operating procedures & PPE,Procedural deviation during task execution,Localized occupational injury without life-altering escalation,,ANNOTATED
136,OILPS_OSHA_02585,OSHA,January2015toNovember2025.csv,2020065397,6/10/2020,USA,"LAFAYETTE, LOUISIANA",Support Activities for Oil and Gas Operations,Workplace Safety Incident,Hospitalization,Stratum_F_LowEnergy_Ergonomic_MinorInjury,Stratum_F_LowEnergy_Ergonomic_MinorInjury,"While tasked with checking inventory in the warehouse, an employee was stung on the left thigh by an insect. The employee was hospitalized.","Insects, arachnids, mites, unspecified","Poisoning, toxic, noxious, or allergenic effect, unspecified",,,None identified,0,MEDIUM,Energy: Low operational energy | Exposure: Routine task (Oilfield operational support task) | Barrier Failure: Minor procedural deviation | Escalation: Minor localized injury without credible SIF potential,None,,None,Oilfield operational support task,Operational equipment hazard (unspecified energy),Standard operating procedures & PPE,Procedural deviation during task execution,Localized occupational injury without life-altering escalation,,ANNOTATED
137,OILPS_OSHA_03458,OSHA,January2015toNovember2025.csv,2023065484,6/21/2023,USA,"BIG SPRING, TEXAS",Support Activities for Oil and Gas Operations,Workplace Safety Incident,Non-Fatal Injury,Stratum_B_Pressure_Flammable_Chemical_H2S,Stratum_B_Pressure_Flammable_Chemical_H2S,"Employees were cleaning a storage tank for petroleum. Employee 1 was inside the tank and employee 2 was outside the tank approximately 30 to 40 feet away when a flash fire occurred. The force of the fire/explosion threw employee 1 into a wall. Employee 1 sustained fractures to the left collar bone and left ribs, a dislocated right elbow, a lacerated left ear, and burns. Employee 2 sustained second-and-third- degree burns to the face, chest, hands, and fingers.","Petroleum, crude oil",Fractures and burns,Hot Work,,Hot Work,1,HIGH,"Energy: Flammable hydrocarbons / thermal ignition energy | Exposure: Worker positioned in active hazard zone during Oilfield operational support task | Barrier Failure: Hot work performed near flammable vapors / unverified atmospheric LEL | Escalation: Catastrophic vapor cloud explosion, mass toxic asphyxiation, or fatal burns",Hot Work,,Hot Work,Oilfield operational support task,Flammable hydrocarbons / thermal ignition energy,"Continuous LEL gas monitoring, hot work permit & spark containment",Hot work performed near flammable vapors / unverified atmospheric LEL,"Catastrophic vapor cloud explosion, mass toxic asphyxiation, or fatal burns",,ANNOTATED
138,OILPS_OSHA_00309,OSHA,January2015toNovember2025.csv,2015085462,8/5/2015,USA,"ARNETT, OKLAHOMA",Support Activities for Oil and Gas Operations,Workplace Safety Incident,Hospitalization,Stratum_F_LowEnergy_Ergonomic_MinorInjury,Stratum_F_LowEnergy_Ergonomic_MinorInjury,"An employee was performing normal work duties doing a ""meter run"" when he started to feel badly and went to the Arnett office. Employees/management at that location thought the employee was suffering from heat related issues and called an ambulance. The employee was treated at the hospital for heat stress.",Heat-environmental,"Effects of heat and light, unspecified",,,None identified,0,MEDIUM,Energy: Low operational energy | Exposure: Routine task (Oilfield operational support task) | Barrier Failure: Minor procedural deviation | Escalation: Minor localized injury without credible SIF potential,None,,None,Oilfield operational support task,Operational equipment hazard (unspecified energy),Standard operating procedures & PPE,Procedural deviation during task execution,Localized occupational injury without life-altering escalation,,ANNOTATED
139,OILPS_OSHA_01196,OSHA,January2015toNovember2025.csv,2017098926,9/18/2017,USA,"ODESSA, TEXAS",Support Activities for Oil and Gas Operations,Workplace Safety Incident,Amputation,Stratum_C_Height_Lifting_Dropped_Objects,Stratum_C_Height_Lifting_Dropped_Objects; Stratum_E_Vehicle_Transport,"An employee and driver were unloading a frac tank from a winch truck. While trying to unhook the winch cable from the tank, the driver tightened the winch cable instead of loosening it, pinching the employee's finger between the cable and rear roller. The employee's right index fingertip was amputated.","Truck-motorized freight hauling and utility, n.e.c",Amputations,Safe Mechanical Lifting,Driving,Safe Mechanical Lifting; Driving,1,HIGH,"Energy: Suspended heavy mechanical load / falling tubular | Exposure: Worker positioned in active hazard zone during Mechanical hoisting / crane lifting operations | Barrier Failure: Personnel in line of fire / defective rigging hardware or improper rigging | Escalation: Fatal crushing impact, severe traumatic amputation, or fatal projectile strike",Safe Mechanical Lifting,Driving,Safe Mechanical Lifting; Driving,Mechanical hoisting / crane lifting operations,Suspended heavy mechanical load / falling tubular,"Certified rigging gear, dedicated signalman & red zone exclusion barrier",Personnel in line of fire / defective rigging hardware or improper rigging,"Fatal crushing impact, severe traumatic amputation, or fatal projectile strike",,ANNOTATED
140,OILPS_OSHA_03368,OSHA,January2015toNovember2025.csv,2023032196,3/9/2023,USA,"COAHOMA, TEXAS",Support Activities for Oil and Gas Operations,Workplace Safety Incident,Hospitalization,Stratum_B_Pressure_Flammable_Chemical_H2S,Stratum_B_Pressure_Flammable_Chemical_H2S,"An employee opened the hatch on an oil tank. The exposure to hydrogen sulfide and other gases caused the employee to become ill, dizzy, and lightheaded; the employee was hospitalized.",Hydrogen sulfide,"Dizziness, lightheadedness, headache-toxic, noxious, or allergenic effect",Toxic Gas / Hazardous Substance,,Toxic Gas / Hazardous Substance,1,HIGH,"Energy: Toxic H2S gas / oxygen-deficient atmosphere | Exposure: Worker positioned in active hazard zone during Oilfield operational support task | Barrier Failure: Entry into enclosed vessel without atmospheric verification or forced ventilation | Escalation: Catastrophic vapor cloud explosion, mass toxic asphyxiation, or fatal burns",Confined Space,Toxic Gas / Hazardous Substance,Confined Space; Toxic Gas / Hazardous Substance,Oilfield operational support task,Toxic H2S gas / oxygen-deficient atmosphere,"Pre-entry atmospheric gas test, confined space permit & standby rescuer",Entry into enclosed vessel without atmospheric verification or forced ventilation,"Catastrophic vapor cloud explosion, mass toxic asphyxiation, or fatal burns",Candidate LSR 'Toxic Gas / Hazardous Substance' modified to 'Confined Space'.,ANNOTATED
141,OILPS_OSHA_03184,OSHA,January2015toNovember2025.csv,2022087370,8/19/2022,USA,"RANGELY, COLORADO",Support Activities for Oil and Gas Operations,Workplace Safety Incident,Hospitalization,Stratum_E_Vehicle_Transport,Stratum_E_Vehicle_Transport,"A dump truck was trying to avoid rocks on a trail when its left-side wheels left the trail. The truck rolled about three times, and the driver suffered a neck strain, bumps and bruises, a laceration to the forehead that required stitches, and a laceration to the right forearm.",Dump truck,Cuts and abrasions or bruises,Driving,,Driving,0,MEDIUM,Energy: Low operational energy | Exposure: Routine task (Oilfield operational support task) | Barrier Failure: Minor procedural deviation | Escalation: Minor localized injury without credible SIF potential,Driving,,Driving,Oilfield operational support task,Operational equipment hazard (unspecified energy),Standard operating procedures & PPE,Procedural deviation during task execution,Localized occupational injury without life-altering escalation,,ANNOTATED
142,OILPS_OSHA_03023,OSHA,January2015toNovember2025.csv,2022031954,3/3/2022,USA,"EIGHT MILE, ALABAMA",Pipeline Transportation of Crude Oil,Workplace Safety Incident,Amputation,Stratum_C_Height_Lifting_Dropped_Objects,Stratum_C_Height_Lifting_Dropped_Objects,"A valve stem had been stood up against the blades of a forklift so an employee could take a measurement. It slid down the forklift fork, striking the employee's left hand and partially amputating the index fingertip.","Valves, nozzles",Amputations,Safe Mechanical Lifting,,Safe Mechanical Lifting,1,HIGH,"Energy: Suspended heavy mechanical load / falling tubular | Exposure: Worker positioned in active hazard zone during Mechanical hoisting / crane lifting operations | Barrier Failure: Personnel in line of fire / defective rigging hardware or improper rigging | Escalation: Fatal crushing impact, severe traumatic amputation, or fatal projectile strike",Safe Mechanical Lifting,,Safe Mechanical Lifting,Mechanical hoisting / crane lifting operations,Suspended heavy mechanical load / falling tubular,"Certified rigging gear, dedicated signalman & red zone exclusion barrier",Personnel in line of fire / defective rigging hardware or improper rigging,"Fatal crushing impact, severe traumatic amputation, or fatal projectile strike",,ANNOTATED
143,OILPS_OSHA_04040,OSHA,January2015toNovember2025.csv,2025043560,4/16/2025,USA,"MENTONE, TEXAS",Support Activities for Oil and Gas Operations,Workplace Safety Incident,Hospitalization,Stratum_B_Pressure_Flammable_Chemical_H2S,Stratum_B_Pressure_Flammable_Chemical_H2S; Stratum_D_ConfinedSpace_HotWork_Isolation,"An employee was removing a gasket from the top of the open hatch of a heater treater to make weir adjustments on the low pressure vessel when metal-on-metal contact caused a spark that ignited residual gasses. The employee sustained burns to their face, neck and hands.",Heater treater,Thermal burns degree unspecified,Hot Work,,Hot Work,1,HIGH,"Energy: High-pressure fluid/gas stored energy | Exposure: Worker positioned in active hazard zone during Oilfield operational support task | Barrier Failure: Intervention on pressurized line / failure to verify zero residual pressure | Escalation: Fatal crushing impact, severe traumatic amputation, or fatal projectile strike",Energy Isolation,Hot Work,Energy Isolation; Hot Work,Oilfield operational support task,High-pressure fluid/gas stored energy,"Positive energy isolation, verified depressurization & line-of-fire barricading",Intervention on pressurized line / failure to verify zero residual pressure,"Fatal crushing impact, severe traumatic amputation, or fatal projectile strike",Candidate LSR 'Hot Work' modified to 'Energy Isolation'.,ANNOTATED
144,OILPS_OSHA_03371,OSHA,January2015toNovember2025.csv,2023032278,3/13/2023,USA,"GARDEN CITY, TEXAS",Drilling Oil and Gas Wells,Workplace Safety Incident,Amputation,Stratum_A_Drilling_Heavy_Mechanical,Stratum_A_Drilling_Heavy_Mechanical,An employee was assisting a rig crew with stabbing drill pipe into a rotating head. The employee's fingertips became caught between the rotating rubber head and a trip nipple causing lacerations to four fingertips on the left hand and partial amputations to his right ring and little fingers.,Oil drilling rigs and machinery,Amputations,,,None identified,1,MEDIUM,Energy: Stored mechanical/tubular energy | Exposure: Floor worker during Oilfield operational support task | Barrier Failure: Line-of-fire control compromised | Escalation: Crushing impact / permanent disabling trauma,None,,None,Oilfield operational support task,Operational equipment hazard (unspecified energy),Standard operating procedures & PPE,Procedural deviation during task execution,Localized occupational injury without life-altering escalation,,ANNOTATED
145,OILPS_OSHA_02744,OSHA,January2015toNovember2025.csv,2021021365,2/17/2021,USA,"CHICO, TEXAS",Support Activities for Oil and Gas Operations,Workplace Safety Incident,Hospitalization,Stratum_F_LowEnergy_Ergonomic_MinorInjury,Stratum_F_LowEnergy_Ergonomic_MinorInjury,"On February 17, 2021, an employee was completing rounds through a natural gas planet when he slipped and fell on an ice spot. He was hospitalized, having suffered a broken left hip.","Floors, walkways, ground surfaces, unspecified",Fractures,,,None identified,0,MEDIUM,Energy: Low operational energy | Exposure: Routine task (Oilfield operational support task) | Barrier Failure: Minor procedural deviation | Escalation: Minor localized injury without credible SIF potential,None,,None,Oilfield operational support task,Operational equipment hazard (unspecified energy),Standard operating procedures & PPE,Procedural deviation during task execution,Localized occupational injury without life-altering escalation,,ANNOTATED
146,OILPS_OSHA_00355,OSHA,January2015toNovember2025.csv,2015096634,9/10/2015,USA,"BROUSSARD, LOUISIANA",Oil and Gas Pipeline Construction,Workplace Safety Incident,Hospitalization,Stratum_G_General_Oilfield_Operations,Stratum_G_General_Oilfield_Operations,"An employee was standing on top of an excavation area flagging a trench box in when the ground gave way. The employee fell inside the trench, hitting the left side of his head and back, breaking four ribs, and bruising his head.","Ground, n.e.c.",Fractures,,,None identified,0,MEDIUM,Energy: Low operational energy | Exposure: Routine task (Oilfield operational support task) | Barrier Failure: Minor procedural deviation | Escalation: Minor localized injury without credible SIF potential,None,,None,Oilfield operational support task,Operational equipment hazard (unspecified energy),Standard operating procedures & PPE,Procedural deviation during task execution,Localized occupational injury without life-altering escalation,,ANNOTATED
147,OILPS_OSHA_04079,OSHA,January2015toNovember2025.csv,2025054957,5/27/2025,USA,"MARION, SOUTH DAKOTA",Petroleum Refineries,Workplace Safety Incident,Hospitalization,Stratum_G_General_Oilfield_Operations,Stratum_G_General_Oilfield_Operations,An employee was inventorying hammer mill screens when the screens fell on the employee. The employee sustained a laceration to their leg requiring hospitalization.,Parts and materials unspecified,"Cuts, lacerations, punctures without injury to internal structures",,,None identified,0,MEDIUM,Energy: Low operational energy | Exposure: Routine task (Oilfield operational support task) | Barrier Failure: Minor procedural deviation | Escalation: Minor localized injury without credible SIF potential,None,,None,Oilfield operational support task,Operational equipment hazard (unspecified energy),Standard operating procedures & PPE,Procedural deviation during task execution,Localized occupational injury without life-altering escalation,,ANNOTATED
148,OILPS_OSHA_03140,OSHA,January2015toNovember2025.csv,2022076091,7/13/2022,USA,"PRYOR, OKLAHOMA",Petroleum Products Manufacturing,Workplace Safety Incident,Hospitalization,Stratum_C_Height_Lifting_Dropped_Objects,Stratum_C_Height_Lifting_Dropped_Objects,"An employee was on a table trying to push a block of cardboard paper. The employee fell from the table to the ground about 3 feet below, suffering a broken leg.","Tables, worktables",Fractures,Working at Height,,Working at Height,0,MEDIUM,Energy: Low operational energy | Exposure: Routine task (Oilfield operational support task) | Barrier Failure: Minor procedural deviation | Escalation: Minor localized injury without credible SIF potential,Working at Height,,Working at Height,Oilfield operational support task,Operational equipment hazard (unspecified energy),Standard operating procedures & PPE,Procedural deviation during task execution,Localized occupational injury without life-altering escalation,,ANNOTATED
149,OILPS_OSHA_02163,OSHA,January2015toNovember2025.csv,2019065685,6/6/2019,USA,"BUFFALO, KANSAS",Support Activities for Oil and Gas Operations,Workplace Safety Incident,Hospitalization,Stratum_A_Drilling_Heavy_Mechanical,Stratum_A_Drilling_Heavy_Mechanical; Stratum_E_Vehicle_Transport,"An employee was at the side of a truck (a pulling unit) removing tools. As the pole on the unit was extended, the elevator came unclasped off the hook, fell, and struck the employee on the side of his head. He suffered a skull fracture.",Oil drilling rigs and machinery,Fractures,Driving,,Driving,0,MEDIUM,Energy: Low operational energy | Exposure: Routine task (Oilfield operational support task) | Barrier Failure: Minor procedural deviation | Escalation: Minor localized injury without credible SIF potential,Driving,,Driving,Oilfield operational support task,Operational equipment hazard (unspecified energy),Standard operating procedures & PPE,Procedural deviation during task execution,Localized occupational injury without life-altering escalation,,ANNOTATED
150,OILPS_OSHA_02102,OSHA,January2015toNovember2025.csv,2019044108,4/23/2019,USA,"SUNDOWN, TEXAS",Support Activities for Oil and Gas Operations,Workplace Safety Incident,Amputation,Stratum_A_Drilling_Heavy_Mechanical,Stratum_A_Drilling_Heavy_Mechanical,"An employee was tightening the packing bolts on a beam pumping unit in the oil field by using an air impact wrench when the head of the unit, while in a down stroke, came in contact with the impact wrench forcing it downward and mashing the tool against the left index finger. The employee sustained a partial amputation of the left index fingertip.",Oil drilling rigs and machinery,Amputations,,,None identified,0,MEDIUM,Energy: Low operational energy | Exposure: Routine task (Oilfield operational support task) | Barrier Failure: Minor procedural deviation | Escalation: Minor localized injury without credible SIF potential,None,,None,Oilfield operational support task,Operational equipment hazard (unspecified energy),Standard operating procedures & PPE,Procedural deviation during task execution,Localized occupational injury without life-altering escalation,,ANNOTATED
151,OILPS_OSHA_02967,OSHA,January2015toNovember2025.csv,20211211176,12/30/2021,USA,"MIDLAND, TEXAS",Support Activities for Oil and Gas Operations,Workplace Safety Incident,Hospitalization,Stratum_F_LowEnergy_Ergonomic_MinorInjury,Stratum_F_LowEnergy_Ergonomic_MinorInjury,An employee tripped and twisted his ankle while stepping down from a machine. He suffered a displaced fracture to the right fibula and a sprained ligament in the right ankle.,"Machinery, unspecified",Fractures,,,None identified,0,MEDIUM,Energy: Low operational energy | Exposure: Routine task (Oilfield operational support task) | Barrier Failure: Minor procedural deviation | Escalation: Minor localized injury without credible SIF potential,None,,None,Oilfield operational support task,Operational equipment hazard (unspecified energy),Standard operating procedures & PPE,Procedural deviation during task execution,Localized occupational injury without life-altering escalation,,ANNOTATED
152,OILPS_OSHA_01245,OSHA,January2015toNovember2025.csv,2017109881,10/14/2017,USA,"WILLISTON, NORTH DAKOTA",Support Activities for Oil and Gas Operations,Workplace Safety Incident,Hospitalization,Stratum_E_Vehicle_Transport,Stratum_E_Vehicle_Transport,"An employee was greasing valves when he lost his footing and fell backward on a fluid pumping trailer. While he was falling, his right leg was caught in a 6-inch gap between the bumper and trailer, breaking his right fibula and tibia.",Existing floor opening,Fractures,Line of Fire,,Line of Fire,0,MEDIUM,Energy: Low operational energy | Exposure: Routine task (Oilfield operational support task) | Barrier Failure: Minor procedural deviation | Escalation: Minor localized injury without credible SIF potential,Line of Fire,,Line of Fire,Oilfield operational support task,Operational equipment hazard (unspecified energy),Standard operating procedures & PPE,Procedural deviation during task execution,Localized occupational injury without life-altering escalation,,ANNOTATED
153,OILPS_OSHA_01418,OSHA,January2015toNovember2025.csv,2018021100,2/2/2018,USA,"KINGFISHER, OKLAHOMA",Support Activities for Oil and Gas Operations,Workplace Safety Incident,Hospitalization,Stratum_E_Vehicle_Transport,Stratum_E_Vehicle_Transport,"An employee was sitting on a haul trailer when an ATV backed into him pinning him against the haul trailer. The employee was hospitalized for a fractured right femur, a broken nose and a one-inch laceration on his right check.","ATV, all terrain vehicle",Fractures,,,None identified,0,MEDIUM,Energy: Low operational energy | Exposure: Routine task (Oilfield operational support task) | Barrier Failure: Minor procedural deviation | Escalation: Minor localized injury without credible SIF potential,None,,None,Oilfield operational support task,Operational equipment hazard (unspecified energy),Standard operating procedures & PPE,Procedural deviation during task execution,Localized occupational injury without life-altering escalation,,ANNOTATED
154,OILPS_OSHA_00837,OSHA,January2015toNovember2025.csv,20161211967,12/28/2016,USA,"FORT LUPTON, COLORADO",Support Activities for Oil and Gas Operations,Workplace Safety Incident,Amputation,Stratum_G_General_Oilfield_Operations,Stratum_G_General_Oilfield_Operations,"An employee had just finished lifting a shale bin using two loaders (one with a stinger, chain, and lifting equipment) in order to place matting underneath. Once the matting was in place, the employee directed the loader to lower the bin until there was enough slack in the lifting chain to remove it. As the employee grabbed the eye of the lifting chain to unhook it, the operator of the loader bumped the controls with his knee, causing the chain to tighten and pinch the employee's right middle finger between the bin and the chain. The employee's right middle finger was amputated between the middle and upper joint, and the employee was hospitalized.","Loaders, unspecified",Amputations,,,None identified,0,MEDIUM,Energy: Low operational energy | Exposure: Routine task (Oilfield operational support task) | Barrier Failure: Minor procedural deviation | Escalation: Minor localized injury without credible SIF potential,None,,None,Oilfield operational support task,Operational equipment hazard (unspecified energy),Standard operating procedures & PPE,Procedural deviation during task execution,Localized occupational injury without life-altering escalation,,ANNOTATED
155,OILPS_OSHA_00998,OSHA,January2015toNovember2025.csv,2017054257,5/10/2017,USA,"CARRIZO SPRINGS, TEXAS",Drilling Oil and Gas Wells,Workplace Safety Incident,Hospitalization,Stratum_A_Drilling_Heavy_Mechanical,Stratum_A_Drilling_Heavy_Mechanical,"While using a tag line to move a pipe, an employee lost control of the tag line. The employee's right arm was then caught between the pipe and a drilling rig, breaking it.","Pipes, ducts, tubing, unspecified",EXPOSURES TO DISEASE-NO ILLNESS INCURRED,,,None identified,1,MEDIUM,Energy: Stored mechanical/tubular energy | Exposure: Floor worker during Drilling rig floor pipe/casing operations | Barrier Failure: Line-of-fire control compromised | Escalation: Crushing impact / permanent disabling trauma,None,,None,Drilling rig floor pipe/casing operations,Operational equipment hazard (unspecified energy),Standard operating procedures & PPE,Procedural deviation during task execution,Localized occupational injury without life-altering escalation,,ANNOTATED
156,OILPS_OSHA_00455,OSHA,January2015toNovember2025.csv,2015129403,12/11/2015,USA,"KEITHVILLE, LOUISIANA",Crude Petroleum and Natural Gas Extraction,Workplace Safety Incident,Hospitalization,Stratum_D_ConfinedSpace_HotWork_Isolation,Stratum_D_ConfinedSpace_HotWork_Isolation; Stratum_E_Vehicle_Transport,An employee was welding a trailer fender. The tire burst and debris struck the welding mask causing a facial laceration and temporary vision impairment. The injured employee was hospitalized.,"Chips, particles, splinters, n.e.c.","Cuts, lacerations",Hot Work,,Hot Work,1,HIGH,"Energy: High-pressure fluid/gas stored energy | Exposure: Worker positioned in active hazard zone during Hot work / welding and thermal cutting | Barrier Failure: Intervention on pressurized line / failure to verify zero residual pressure | Escalation: Fatal crushing impact, severe traumatic amputation, or fatal projectile strike",Energy Isolation,Hot Work,Energy Isolation; Hot Work,Hot work / welding and thermal cutting,High-pressure fluid/gas stored energy,"Positive energy isolation, verified depressurization & line-of-fire barricading",Intervention on pressurized line / failure to verify zero residual pressure,"Fatal crushing impact, severe traumatic amputation, or fatal projectile strike",Candidate LSR 'Hot Work' modified to 'Energy Isolation'.,ANNOTATED
157,OILPS_OSHA_00719,OSHA,January2015toNovember2025.csv,2016098426,9/7/2016,USA,"PECOS, TEXAS",Support Activities for Oil and Gas Operations,Workplace Safety Incident,Hospitalization,Stratum_B_Pressure_Flammable_Chemical_H2S,Stratum_B_Pressure_Flammable_Chemical_H2S; Stratum_E_Vehicle_Transport,"On September 07, 2016, at approximately 2:00 AM, an employee was unloading a fluid trailer during fluid service operations. While he was disconnecting a hose, pressure released and he fell to the ground, sustaining a head injury.",Trailers,"Intracranial injuries, unspecified",,,None identified,1,HIGH,"Energy: High-pressure fluid/gas stored energy | Exposure: Worker positioned in active hazard zone during Mechanical hoisting / crane lifting operations | Barrier Failure: Intervention on pressurized line / failure to verify zero residual pressure | Escalation: Fatal crushing impact, severe traumatic amputation, or fatal projectile strike",Energy Isolation,,Energy Isolation,Mechanical hoisting / crane lifting operations,High-pressure fluid/gas stored energy,"Positive energy isolation, verified depressurization & line-of-fire barricading",Intervention on pressurized line / failure to verify zero residual pressure,"Fatal crushing impact, severe traumatic amputation, or fatal projectile strike",,ANNOTATED
158,OILPS_OSHA_01960,OSHA,January2015toNovember2025.csv,2019010648,1/18/2019,USA,"MOULTON, TEXAS",Support Activities for Oil and Gas Operations,Workplace Safety Incident,Amputation,Stratum_A_Drilling_Heavy_Mechanical,Stratum_A_Drilling_Heavy_Mechanical,"Employees were attempting to lift and move a cellar cover in order to install a work platform in the cellar for a welder. The cover came into contact with the blowout preventer spool, causing it to fall back. An employee's right middle finger was caught between the cellar cover and the tin horn, causing an amputation to the first knuckle.","Caps, lids, covers, unspecified",Amputations,,,None identified,1,HIGH,"Energy: High-pressure fluid/gas stored energy | Exposure: Worker positioned in active hazard zone during Oilfield operational support task | Barrier Failure: Intervention on pressurized line / failure to verify zero residual pressure | Escalation: Fatal crushing impact, severe traumatic amputation, or fatal projectile strike",Energy Isolation,,Energy Isolation,Oilfield operational support task,High-pressure fluid/gas stored energy,"Positive energy isolation, verified depressurization & line-of-fire barricading",Intervention on pressurized line / failure to verify zero residual pressure,"Fatal crushing impact, severe traumatic amputation, or fatal projectile strike",,ANNOTATED
159,OILPS_OSHA_00065,OSHA,January2015toNovember2025.csv,2015021157,2/5/2015,USA,"WHITSETT, TEXAS",Support Activities for Oil and Gas Operations,Workplace Safety Incident,Hospitalization,Stratum_B_Pressure_Flammable_Chemical_H2S,Stratum_B_Pressure_Flammable_Chemical_H2S,An employee at a remote Marathon Oil jobsite was pressure testing pipe when he was struck-by 9500psi of water when bolts broke on the flange connecting two pipes causing the high pressure water to strike the employee and one other sub-contractor's employee who were standing approximately 15 feet away.,Pressurized water-blast,"Traumatic injuries and disorders, unspecified",,,None identified,1,HIGH,"Energy: High-pressure fluid/gas stored energy | Exposure: Worker positioned in active hazard zone during Piping and process equipment maintenance | Barrier Failure: Intervention on pressurized line / failure to verify zero residual pressure | Escalation: Fatal crushing impact, severe traumatic amputation, or fatal projectile strike",Energy Isolation,,Energy Isolation,Piping and process equipment maintenance,High-pressure fluid/gas stored energy,"Positive energy isolation, verified depressurization & line-of-fire barricading",Intervention on pressurized line / failure to verify zero residual pressure,"Fatal crushing impact, severe traumatic amputation, or fatal projectile strike",,ANNOTATED
160,OILPS_OSHA_03181,OSHA,January2015toNovember2025.csv,2022087295,8/17/2022,USA,"MIDLAND, TEXAS",Support Activities for Oil and Gas Operations,Workplace Safety Incident,Hospitalization,Stratum_B_Pressure_Flammable_Chemical_H2S,Stratum_B_Pressure_Flammable_Chemical_H2S,An employee was sprayed with 12.5 percent sodium hypochlorite when a line burst on a pumping unit. The employee suffered a chemical burn.,"Chlorine, chlorine bleach","Chemical burns and corrosions, unspecified",,,None identified,1,HIGH,"Energy: High-pressure fluid/gas stored energy | Exposure: Worker positioned in active hazard zone during Oilfield operational support task | Barrier Failure: Intervention on pressurized line / failure to verify zero residual pressure | Escalation: Fatal crushing impact, severe traumatic amputation, or fatal projectile strike",Energy Isolation,,Energy Isolation,Oilfield operational support task,High-pressure fluid/gas stored energy,"Positive energy isolation, verified depressurization & line-of-fire barricading",Intervention on pressurized line / failure to verify zero residual pressure,"Fatal crushing impact, severe traumatic amputation, or fatal projectile strike",,ANNOTATED
161,OILPS_OSHA_04127,OSHA,January2015toNovember2025.csv,2025077221,7/24/2025,USA,"STANTON, TEXAS",Oil & Gas / Energy Related,Workplace Safety Incident,Hospitalization,Stratum_A_Drilling_Heavy_Mechanical,Stratum_A_Drilling_Heavy_Mechanical,An employee was conducting field work at a customer's drilling rig when he became dehydrated. The employee was hospitalized.,Heat environmental,Effects of heat n.e.c.,,,None identified,1,MEDIUM,Energy: Stored mechanical/tubular energy | Exposure: Floor worker during Drilling rig floor pipe/casing operations | Barrier Failure: Line-of-fire control compromised | Escalation: Crushing impact / permanent disabling trauma,None,,None,Drilling rig floor pipe/casing operations,Operational equipment hazard (unspecified energy),Standard operating procedures & PPE,Procedural deviation during task execution,Localized occupational injury without life-altering escalation,,ANNOTATED
162,OILPS_OSHA_00824,OSHA,January2015toNovember2025.csv,20161211482,12/9/2016,USA,"WHEELOCK, NORTH DAKOTA",Support Activities for Oil and Gas Operations,Workplace Safety Incident,Hospitalization,Stratum_A_Drilling_Heavy_Mechanical,Stratum_A_Drilling_Heavy_Mechanical,An employee was tripping out rods on a servicing rig when his hand was caught above the rod transfer case near the swivel. His right arm was then caught and fractured on the rod transfer.,Oil drilling rigs and machinery,Fractures,,,None identified,0,MEDIUM,Energy: Low operational energy | Exposure: Routine task (Drilling rig floor pipe/casing operations) | Barrier Failure: Minor procedural deviation | Escalation: Minor localized injury without credible SIF potential,None,,None,Drilling rig floor pipe/casing operations,Operational equipment hazard (unspecified energy),Standard operating procedures & PPE,Procedural deviation during task execution,Localized occupational injury without life-altering escalation,,ANNOTATED
163,OILPS_OSHA_03473,OSHA,January2015toNovember2025.csv,2023075897,7/3/2023,USA,"WENTZVILLE, MISSOURI",Petroleum Bulk Stations and Terminals,Workplace Safety Incident,Hospitalization,Stratum_B_Pressure_Flammable_Chemical_H2S,Stratum_B_Pressure_Flammable_Chemical_H2S; Stratum_E_Vehicle_Transport,"An employee was transferring diesel fuel from a 4,500 gallon fuel transport wagon to a semi-truck. Diesel fuel vapors and static caused an explosion/fire, resulting in burns to the employee's face and upper torso.","Gasoline, diesel fuel, jet fuel","Heat (thermal) burns, unspecified",Driving,,Driving,1,HIGH,"Energy: Flammable hydrocarbons / thermal ignition energy | Exposure: Worker positioned in active hazard zone during Oilfield operational support task | Barrier Failure: Hot work performed near flammable vapors / unverified atmospheric LEL | Escalation: Catastrophic vapor cloud explosion, mass toxic asphyxiation, or fatal burns",Hot Work,Driving,Hot Work; Driving,Oilfield operational support task,Flammable hydrocarbons / thermal ignition energy,"Continuous LEL gas monitoring, hot work permit & spark containment",Hot work performed near flammable vapors / unverified atmospheric LEL,"Catastrophic vapor cloud explosion, mass toxic asphyxiation, or fatal burns",Candidate LSR 'Driving' modified to 'Hot Work'.,ANNOTATED
164,OILPS_OSHA_02680,OSHA,January2015toNovember2025.csv,20201010127,10/24/2020,USA,"GIDDINGS, TEXAS",Drilling Oil and Gas Wells,Workplace Safety Incident,Hospitalization,Stratum_A_Drilling_Heavy_Mechanical,Stratum_A_Drilling_Heavy_Mechanical,An employee was working on the rig floor. Equipment fell to the rig floor and the employee jumped off the rig onto the ground suffering a compound fracture to the right ankle.,Oil drilling rigs and machinery,Fractures,,,None identified,0,MEDIUM,Energy: Low operational energy | Exposure: Routine task (Oilfield operational support task) | Barrier Failure: Minor procedural deviation | Escalation: Minor localized injury without credible SIF potential,None,,None,Oilfield operational support task,Operational equipment hazard (unspecified energy),Standard operating procedures & PPE,Procedural deviation during task execution,Localized occupational injury without life-altering escalation,,ANNOTATED
165,OILPS_OSHA_02488,OSHA,January2015toNovember2025.csv,2020021387,2/12/2020,USA,"CHARLOTTE, TEXAS",Support Activities for Oil and Gas Operations,Workplace Safety Incident,Hospitalization,Stratum_C_Height_Lifting_Dropped_Objects,Stratum_C_Height_Lifting_Dropped_Objects; Stratum_E_Vehicle_Transport,"An employee was standing behind a winch truck. The truck rolled back and ran over the employee's left leg. The employee suffered a thigh injury, a head laceration, and bruising to the right-side ribs.","Semi, tractor-trailer, tanker truck",Cuts and abrasions or bruises,Safe Mechanical Lifting,Driving,Safe Mechanical Lifting; Driving,1,HIGH,"Energy: Suspended heavy mechanical load / falling tubular | Exposure: Worker positioned in active hazard zone during Oilfield operational support task | Barrier Failure: Personnel in line of fire / defective rigging hardware or improper rigging | Escalation: Fatal crushing impact, severe traumatic amputation, or fatal projectile strike",Safe Mechanical Lifting,Driving,Safe Mechanical Lifting; Driving,Oilfield operational support task,Suspended heavy mechanical load / falling tubular,"Certified rigging gear, dedicated signalman & red zone exclusion barrier",Personnel in line of fire / defective rigging hardware or improper rigging,"Fatal crushing impact, severe traumatic amputation, or fatal projectile strike",,ANNOTATED
166,OILPS_OSHA_01955,OSHA,January2015toNovember2025.csv,2019010485,1/15/2019,USA,"MIDLAND, TEXAS",Support Activities for Oil and Gas Operations,Workplace Safety Incident,Amputation,Stratum_F_LowEnergy_Ergonomic_MinorInjury,Stratum_F_LowEnergy_Ergonomic_MinorInjury,"An employee was redressing a compact setting tool and had it in a vise. He put the mandrel in the sleeve and attempted to screw the mandrel onto the tool. When he let go of the mandrel with his right hand, it fell. As he attempted to catch the mandrel and sleeve, he stumbled and the mandrel struck/pinched his finger on the floor, resulting in a left middle fingertip amputation.","Machine and appliance parts, n.e.c.",Amputations,,,None identified,0,HIGH,Energy: Low-energy slip/trip hazard on ground level | Exposure: Worker performing Routine walking on field surface | Barrier Failure: Inadequate ground slip mitigation on same level | Escalation: Minor localized contusion / non-disabling sprain or closed fracture (Zero credible fatal or whole-person life-altering escalation pathway),None,,None,Routine walking on field surface,Low-energy slip/trip hazard on ground level,Walkway ice sanding / footwear traction,Inadequate ground slip mitigation on same level,Minor localized contusion / non-disabling sprain or closed fracture,,ANNOTATED
167,OILPS_OSHA_03456,OSHA,January2015toNovember2025.csv,2023065471,6/20/2023,USA,"PHILADELPHIA, PENNSYLVANIA",Oil & Gas / Energy Related,Workplace Safety Incident,Hospitalization,Stratum_F_LowEnergy_Ergonomic_MinorInjury,Stratum_F_LowEnergy_Ergonomic_MinorInjury,"An employee was using a roustabout. As he was lowering the hook for the cable and pulling the slack out of it, the lift began to tip over. The employee went to move out of the way but tripped and fell in the process. The lift then fell on the employee, lacerating his left leg and abdomen.",Material and personnel hoists,"Cuts, lacerations",,,None identified,0,MEDIUM,Energy: Low operational energy | Exposure: Routine task (Electrical system maintenance and troubleshooting) | Barrier Failure: Minor procedural deviation | Escalation: Minor localized injury without credible SIF potential,None,,None,Electrical system maintenance and troubleshooting,Operational equipment hazard (unspecified energy),Standard operating procedures & PPE,Procedural deviation during task execution,Localized occupational injury without life-altering escalation,,ANNOTATED
168,OILPS_OSHA_01097,OSHA,January2015toNovember2025.csv,2017076518,7/14/2017,USA,"MOHALL, NORTH DAKOTA",Support Activities for Oil and Gas Operations,Workplace Safety Incident,Hospitalization,Stratum_C_Height_Lifting_Dropped_Objects,Stratum_C_Height_Lifting_Dropped_Objects; Stratum_F_LowEnergy_Ergonomic_MinorInjury,"While rigging down after working for 12 hours, an employee began feeling weak and displaying signs of heat exhaustion. The employee was hospitalized.",Heat-environmental,"Heat exhaustion, prostration",Safe Mechanical Lifting,,Safe Mechanical Lifting,1,HIGH,"Energy: Suspended heavy mechanical load / falling tubular | Exposure: Worker positioned in active hazard zone during Mechanical hoisting / crane lifting operations | Barrier Failure: Personnel in line of fire / defective rigging hardware or improper rigging | Escalation: Fatal crushing impact, severe traumatic amputation, or fatal projectile strike",Safe Mechanical Lifting,,Safe Mechanical Lifting,Mechanical hoisting / crane lifting operations,Suspended heavy mechanical load / falling tubular,"Certified rigging gear, dedicated signalman & red zone exclusion barrier",Personnel in line of fire / defective rigging hardware or improper rigging,"Fatal crushing impact, severe traumatic amputation, or fatal projectile strike",,ANNOTATED
169,OILPS_OSHA_02867,OSHA,January2015toNovember2025.csv,2021076304,7/29/2021,USA,"PORT LAVACA, TEXAS",Oil and Gas Pipeline Construction,Workplace Safety Incident,Hospitalization,Stratum_B_Pressure_Flammable_Chemical_H2S,Stratum_B_Pressure_Flammable_Chemical_H2S,"An employee was using a pressure washer to clean the inside of a fertilizer tank containing ammonium polyphosphate solution when the pressurized steam punctured his left big toe, resulting in infection and hospitalization.","Steam, vapors-nonchemical","Puncture wounds, except gunshot wounds",,,None identified,1,HIGH,"Energy: High-pressure fluid/gas stored energy | Exposure: Worker positioned in active hazard zone during Oilfield operational support task | Barrier Failure: Intervention on pressurized line / failure to verify zero residual pressure | Escalation: Fatal crushing impact, severe traumatic amputation, or fatal projectile strike",Energy Isolation,,Energy Isolation,Oilfield operational support task,High-pressure fluid/gas stored energy,"Positive energy isolation, verified depressurization & line-of-fire barricading",Intervention on pressurized line / failure to verify zero residual pressure,"Fatal crushing impact, severe traumatic amputation, or fatal projectile strike",,ANNOTATED
170,OILPS_OSHA_01950,OSHA,January2015toNovember2025.csv,2019010396,1/13/2019,USA,"PECOS, TEXAS",Support Activities for Oil and Gas Operations,Workplace Safety Incident,Hospitalization,Stratum_G_General_Oilfield_Operations,Stratum_G_General_Oilfield_Operations,An employee was struck on the lower left leg by two joints of pipe.,"Pipes, ducts, tubing, unspecified","Soreness, pain, hurt-nonspecified injury",,,None identified,1,MEDIUM,Energy: Stored mechanical/tubular energy | Exposure: Floor worker during Oilfield operational support task | Barrier Failure: Line-of-fire control compromised | Escalation: Crushing impact / permanent disabling trauma,None,,None,Oilfield operational support task,Operational equipment hazard (unspecified energy),Standard operating procedures & PPE,Procedural deviation during task execution,Localized occupational injury without life-altering escalation,,ANNOTATED
171,OILPS_OSHA_03968,OSHA,January2015toNovember2025.csv,2025011024,1/31/2025,USA,"NEW BERLIN, WISCONSIN",Oil and Gas Pipeline Construction,Workplace Safety Incident,Hospitalization,Stratum_A_Drilling_Heavy_Mechanical,Stratum_A_Drilling_Heavy_Mechanical; Stratum_D_ConfinedSpace_HotWork_Isolation,An employee was working on the motor of a reclaimer that recycles drilling fluid when they received an electrical shock and burns.,Drilling fluids systems,Electrical burns and electrocution,Energy Isolation,,Energy Isolation,1,MEDIUM,Energy: Stored mechanical/tubular energy | Exposure: Floor worker during Drilling rig floor pipe/casing operations | Barrier Failure: Line-of-fire control compromised | Escalation: Crushing impact / permanent disabling trauma,None,,None,Drilling rig floor pipe/casing operations,Operational equipment hazard (unspecified energy),Standard operating procedures & PPE,Procedural deviation during task execution,Localized occupational injury without life-altering escalation,Candidate LSR 'Energy Isolation' rejected based on narrative evidence.,ANNOTATED
172,OILPS_OSHA_03290,OSHA,January2015toNovember2025.csv,20221211283,12/30/2022,USA,"BIG LAKE, TEXAS",Support Activities for Oil and Gas Operations,Workplace Safety Incident,Hospitalization,Stratum_A_Drilling_Heavy_Mechanical,Stratum_A_Drilling_Heavy_Mechanical; Stratum_B_Pressure_Flammable_Chemical_H2S,"Employees were performing a tubing integrity test. As they were blowing down the pressure from the casing, the nipple assembly came off the casing valve flange onto the ground. The nipple threads and casing valve flange threads failed with the pressure, causing the employees to be pushed to the ground. The injured employee sustained a head injury and was hospitalized.","Pipes, ducts, tubing, unspecified","Intracranial injuries, unspecified",,,None identified,1,HIGH,"Energy: High-pressure fluid/gas stored energy | Exposure: Worker positioned in active hazard zone during Drilling rig floor pipe/casing operations | Barrier Failure: Intervention on pressurized line / failure to verify zero residual pressure | Escalation: Fatal crushing impact, severe traumatic amputation, or fatal projectile strike",Energy Isolation,,Energy Isolation,Drilling rig floor pipe/casing operations,High-pressure fluid/gas stored energy,"Positive energy isolation, verified depressurization & line-of-fire barricading",Intervention on pressurized line / failure to verify zero residual pressure,"Fatal crushing impact, severe traumatic amputation, or fatal projectile strike",,ANNOTATED
173,OILPS_OSHA_00039,OSHA,January2015toNovember2025.csv,2015010197,1/18/2015,USA,"PORT ARTHUR, TEXAS",Petroleum Lubricating Oil and Grease Manufacturing,Workplace Safety Incident,Hospitalization,Stratum_C_Height_Lifting_Dropped_Objects,Stratum_C_Height_Lifting_Dropped_Objects,"Employee was working from a ladder with a tool, repairing a conveyor belt system. Weight shifted and the employee tried to regain balance by stepping to the second step. Employee lost footing and fell to the ground, fracturing his femur.","Ladders, unspecified",Fractures,Working at Height,,Working at Height,1,HIGH,Energy: Elevated work position (gravitational energy) | Exposure: Worker positioned in active hazard zone during Oilfield operational support task | Barrier Failure: Safety lanyard unclipped / absent leading edge fall protection | Escalation: Fatal blunt force trauma from fall at elevation,Working at Height,,Working at Height,Oilfield operational support task,Elevated work position (gravitational energy),100% continuous tie-off full body safety harness & engineered guardrails,Safety lanyard unclipped / absent leading edge fall protection,Fatal blunt force trauma from fall at elevation,,ANNOTATED
174,OILPS_OSHA_00076,OSHA,January2015toNovember2025.csv,2015020055,2/11/2015,USA,"KILLDEER, NORTH DAKOTA",Oil and Gas Pipeline Construction,Workplace Safety Incident,Hospitalization,Stratum_F_LowEnergy_Ergonomic_MinorInjury,Stratum_F_LowEnergy_Ergonomic_MinorInjury,"An employee of SM Fencing & Energy Services, Inc. lost his eye sight after receiving a head injury. The employee slipped on the ice at the project site while carrying a railroad tie. After the employee fell to the ground, the railroad tie fell on his head.","Floors, walkways, ground surfaces, unspecified","Intracranial injuries, unspecified",,,None identified,0,MEDIUM,Energy: Low operational energy | Exposure: Routine task (Oilfield operational support task) | Barrier Failure: Minor procedural deviation | Escalation: Minor localized injury without credible SIF potential,None,,None,Oilfield operational support task,Operational equipment hazard (unspecified energy),Standard operating procedures & PPE,Procedural deviation during task execution,Localized occupational injury without life-altering escalation,,ANNOTATED
175,OILPS_OSHA_02939,OSHA,January2015toNovember2025.csv,2021119925,11/16/2021,USA,"PALATKA, FLORIDA",Oil and Gas Pipeline Construction,Workplace Safety Incident,Amputation,Stratum_E_Vehicle_Transport,Stratum_E_Vehicle_Transport,"On November 16, 2021, a truck driver was removing straps from a load of utility poles on a flatbed trailer. When he removed the last strap, the top pole on the load rolled off and struck the left side of his body, crushing his left wrist and the lower part of his left leg. He was hospitalized, and the leg was medically amputated below the knee. He also suffered a brain injury and two fingers were medically amputated.",Utility and telephone poles,"Multiple traumatic injuries and disorders, n.e.c.",Driving,,Driving,0,MEDIUM,Energy: Low operational energy | Exposure: Routine task (Oilfield operational support task) | Barrier Failure: Minor procedural deviation | Escalation: Minor localized injury without credible SIF potential,Driving,,Driving,Oilfield operational support task,Operational equipment hazard (unspecified energy),Standard operating procedures & PPE,Procedural deviation during task execution,Localized occupational injury without life-altering escalation,,ANNOTATED
176,OILPS_OSHA_04104,OSHA,January2015toNovember2025.csv,2025066070,6/25/2025,USA,"FRANKLIN FURNACE, OHIO",All Other Petroleum and Coal Products Manufacturing,Workplace Safety Incident,Hospitalization,Stratum_F_LowEnergy_Ergonomic_MinorInjury,Stratum_F_LowEnergy_Ergonomic_MinorInjury,An employee was starting to work on the change of a conveyor belt and experienced symptoms of heat exhaustion due to high temperatures. The employee was hospitalized with heat exhaustion and dehydration.,Heat environmental,"Heat exhaustion, fatigue",,,None identified,0,MEDIUM,Energy: Low operational energy | Exposure: Routine task (Oilfield operational support task) | Barrier Failure: Minor procedural deviation | Escalation: Minor localized injury without credible SIF potential,None,,None,Oilfield operational support task,Operational equipment hazard (unspecified energy),Standard operating procedures & PPE,Procedural deviation during task execution,Localized occupational injury without life-altering escalation,,ANNOTATED
177,OILPS_OSHA_03501,OSHA,January2015toNovember2025.csv,2023076905,7/31/2023,USA,"LEMONT, ILLINOIS",Petroleum Refineries,Workplace Safety Incident,Hospitalization,Stratum_B_Pressure_Flammable_Chemical_H2S,Stratum_B_Pressure_Flammable_Chemical_H2S; Stratum_E_Vehicle_Transport,An employee was loading a railcar when a flash fire occurred. The employee sustained first- and second-degree burns to the left side of the body.,"Rail vehicle, unspecified",Second degree heat (thermal) burns,Hot Work,,Hot Work,1,HIGH,"Energy: Flammable hydrocarbons / thermal ignition energy | Exposure: Worker positioned in active hazard zone during Oilfield operational support task | Barrier Failure: Hot work performed near flammable vapors / unverified atmospheric LEL | Escalation: Catastrophic vapor cloud explosion, mass toxic asphyxiation, or fatal burns",Hot Work,,Hot Work,Oilfield operational support task,Flammable hydrocarbons / thermal ignition energy,"Continuous LEL gas monitoring, hot work permit & spark containment",Hot work performed near flammable vapors / unverified atmospheric LEL,"Catastrophic vapor cloud explosion, mass toxic asphyxiation, or fatal burns",,ANNOTATED
178,OILPS_OSHA_03467,OSHA,January2015toNovember2025.csv,2023065783,6/29/2023,USA,"ARKADELPHIA, ARKANSAS",Petroleum Products Manufacturing,Workplace Safety Incident,Hospitalization,Stratum_B_Pressure_Flammable_Chemical_H2S,Stratum_B_Pressure_Flammable_Chemical_H2S; Stratum_E_Vehicle_Transport,"An employee was in the mixing room when an asphalt truck arrived to be unloaded. The employee began the procedure for unloading the truck and went outside to the truck to ensure the valve was closed, remove the cap, and attach a hose from the truck to the tanks outside of the mixing room. The cap came off the truck due to pressure behind it and sprayed the employee with the hot asphalt. They sustained burns to the hands, arms, torso, and upper legs.","Roofing asphalt, roofing tar","Heat (thermal) burns, unspecified",Driving,,Driving,1,HIGH,"Energy: High-pressure fluid/gas stored energy | Exposure: Worker positioned in active hazard zone during Mechanical hoisting / crane lifting operations | Barrier Failure: Intervention on pressurized line / failure to verify zero residual pressure | Escalation: Fatal crushing impact, severe traumatic amputation, or fatal projectile strike",Energy Isolation,Driving,Energy Isolation; Driving,Mechanical hoisting / crane lifting operations,High-pressure fluid/gas stored energy,"Positive energy isolation, verified depressurization & line-of-fire barricading",Intervention on pressurized line / failure to verify zero residual pressure,"Fatal crushing impact, severe traumatic amputation, or fatal projectile strike",Candidate LSR 'Driving' modified to 'Energy Isolation'.,ANNOTATED
179,OILPS_OSHA_01759,OSHA,January2015toNovember2025.csv,2018088914,8/28/2018,USA,"BIG WELLS, TEXAS",Support Activities for Oil and Gas Operations,Workplace Safety Incident,Hospitalization,Stratum_B_Pressure_Flammable_Chemical_H2S,Stratum_B_Pressure_Flammable_Chemical_H2S,"An employee was part of a crew that was attempting to remove a Christmas tree from a well head when a high-pressure release and blowout occurred. The Christmas tree fell on and broke the employee's leg, requiring hospitalization.","Machine and appliance parts, n.e.c.",Fractures,,,None identified,1,HIGH,"Energy: High-pressure fluid/gas stored energy | Exposure: Worker positioned in active hazard zone during Oilfield operational support task | Barrier Failure: Intervention on pressurized line / failure to verify zero residual pressure | Escalation: Fatal crushing impact, severe traumatic amputation, or fatal projectile strike",Energy Isolation,,Energy Isolation,Oilfield operational support task,High-pressure fluid/gas stored energy,"Positive energy isolation, verified depressurization & line-of-fire barricading",Intervention on pressurized line / failure to verify zero residual pressure,"Fatal crushing impact, severe traumatic amputation, or fatal projectile strike",,ANNOTATED
180,OILPS_OSHA_00430,OSHA,January2015toNovember2025.csv,2015118721,11/18/2015,USA,"REFUGIO, TEXAS",Support Activities for Oil and Gas Operations,Workplace Safety Incident,Hospitalization,Stratum_G_General_Oilfield_Operations,Stratum_G_General_Oilfield_Operations,An employee stepped into an uncovered hole and sprained their back.,Existing floor opening,Sprains,,,None identified,UNKNOWN,LOW,Energy: Unknown / Not stated | Exposure: Worker involved in Oilfield operational support task | Barrier Failure: Unclear from brief narrative | Escalation: Potential consequence cannot be established confidently,None,,None,Oilfield operational support task,Operational equipment hazard (unspecified energy),Standard operating procedures & PPE,Procedural deviation during task execution,Localized occupational injury without life-altering escalation,Narrative lacks sufficient operational context to evaluate energy exposure.,ANNOTATED_WITH_UNKNOWN
181,OILPS_OSHA_01935,OSHA,January2015toNovember2025.csv,2019010003,1/1/2019,USA,"WAYNESBURG, PENNSYLVANIA",Drilling Oil and Gas Wells,Workplace Safety Incident,Amputation,Stratum_A_Drilling_Heavy_Mechanical,Stratum_A_Drilling_Heavy_Mechanical,"While working on a natural gas drilling rig, an employee sustained a partial amputation to their little finger.",Oil drilling rigs and machinery,Amputations,,,None identified,1,MEDIUM,Energy: Stored mechanical/tubular energy | Exposure: Floor worker during Drilling rig floor pipe/casing operations | Barrier Failure: Line-of-fire control compromised | Escalation: Crushing impact / permanent disabling trauma,None,,None,Drilling rig floor pipe/casing operations,Operational equipment hazard (unspecified energy),Standard operating procedures & PPE,Procedural deviation during task execution,Localized occupational injury without life-altering escalation,,ANNOTATED
182,OILPS_OSHA_01734,OSHA,January2015toNovember2025.csv,2018088265,8/13/2018,USA,"BALMORHEA, TEXAS",Support Activities for Oil and Gas Operations,Workplace Safety Incident,Amputation,Stratum_A_Drilling_Heavy_Mechanical,Stratum_A_Drilling_Heavy_Mechanical; Stratum_E_Vehicle_Transport,"An employee was setting up five mud tanks and a mud pump. While he was hooking up the fifth mud tank to the fourth mud tank, a gap formed between the hose to the union. He inched the cable over multiple times to close the gap. Then, the driver lifted the mud tank up, which caused the cable line to pull the employee's finger between the truck roller, resulting in an amputation of the end of his left index finger.","Truck-motorized freight hauling and utility, unspecified",Amputations,Driving,,Driving,0,MEDIUM,Energy: Low operational energy | Exposure: Routine task (Electrical system maintenance and troubleshooting) | Barrier Failure: Minor procedural deviation | Escalation: Minor localized injury without credible SIF potential,Driving,,Driving,Electrical system maintenance and troubleshooting,Operational equipment hazard (unspecified energy),Standard operating procedures & PPE,Procedural deviation during task execution,Localized occupational injury without life-altering escalation,,ANNOTATED
183,OILPS_OSHA_03638,OSHA,January2015toNovember2025.csv,2024010257,1/10/2024,USA,"MIDLAND, TEXAS",Support Activities for Oil and Gas Operations,Workplace Safety Incident,Amputation,Stratum_C_Height_Lifting_Dropped_Objects,Stratum_C_Height_Lifting_Dropped_Objects,"An employee was attempting a lift with a crane and caught their left index finger between two shells (36-inch diameter cylinder vessels), resulting in amputation.",Cranes unspecified,Amputations involving bone loss,Safe Mechanical Lifting,,Safe Mechanical Lifting,1,HIGH,"Energy: Suspended heavy mechanical load / falling tubular | Exposure: Worker positioned in active hazard zone during Mechanical hoisting / crane lifting operations | Barrier Failure: Personnel in line of fire / defective rigging hardware or improper rigging | Escalation: Fatal crushing impact, severe traumatic amputation, or fatal projectile strike",Safe Mechanical Lifting,,Safe Mechanical Lifting,Mechanical hoisting / crane lifting operations,Suspended heavy mechanical load / falling tubular,"Certified rigging gear, dedicated signalman & red zone exclusion barrier",Personnel in line of fire / defective rigging hardware or improper rigging,"Fatal crushing impact, severe traumatic amputation, or fatal projectile strike",,ANNOTATED
184,OILPS_OSHA_00282,OSHA,January2015toNovember2025.csv,2015074601,7/13/2015,USA,"MC PHERSON, KANSAS",Oil and Gas Pipeline Construction,Workplace Safety Incident,Hospitalization,Stratum_F_LowEnergy_Ergonomic_MinorInjury,Stratum_F_LowEnergy_Ergonomic_MinorInjury,An employee suffered heat exhaustion and was given IV fluids. The employee was kept in the hospital for observation.,Heat-environmental,"Heat exhaustion, prostration",,,None identified,0,MEDIUM,Energy: Low operational energy | Exposure: Routine task (Oilfield operational support task) | Barrier Failure: Minor procedural deviation | Escalation: Minor localized injury without credible SIF potential,None,,None,Oilfield operational support task,Operational equipment hazard (unspecified energy),Standard operating procedures & PPE,Procedural deviation during task execution,Localized occupational injury without life-altering escalation,,ANNOTATED
185,OILPS_OSHA_03802,OSHA,January2015toNovember2025.csv,2024076472,7/17/2024,USA,"LAUREL, MISSISSIPPI",Drilling Oil and Gas Wells,Workplace Safety Incident,Amputation,Stratum_A_Drilling_Heavy_Mechanical,Stratum_A_Drilling_Heavy_Mechanical,"The injured employee was working on the drill floor assisting to repair the oil well. The employee was using hydraulic-operated tongs when a piece inside the tongs came loose. The employee was fixing it when the lever that powers the tool was hit and the hydraulic tongs crushed his left ring finger, resulting in an amputation above the second joint.","Rig tongs, power tongs",Amputations involving bone loss,,,None identified,1,MEDIUM,Energy: Stored mechanical/tubular energy | Exposure: Floor worker during Oilfield operational support task | Barrier Failure: Line-of-fire control compromised | Escalation: Crushing impact / permanent disabling trauma,None,,None,Oilfield operational support task,Operational equipment hazard (unspecified energy),Standard operating procedures & PPE,Procedural deviation during task execution,Localized occupational injury without life-altering escalation,,ANNOTATED
186,OILPS_OSHA_02481,OSHA,January2015toNovember2025.csv,2020021231,2/6/2020,USA,"CLARKSBURG, WEST VIRGINIA",Support Activities for Oil and Gas Operations,Workplace Safety Incident,Hospitalization,Stratum_E_Vehicle_Transport,Stratum_E_Vehicle_Transport,"An employee was driving an ATV when it ran over a fallen tree branch. The branch popped up and went through the ATV's floor, striking the employee. The employee suffered a broken arm, a bleeding spleen and liver, and a head laceration.","ATV, all terrain vehicle",Internal injuries to organs and blood vessels of the trunk,,,None identified,0,MEDIUM,Energy: Low operational energy | Exposure: Routine task (Heavy vehicle transport on lease/highway) | Barrier Failure: Minor procedural deviation | Escalation: Minor localized injury without credible SIF potential,None,,None,Heavy vehicle transport on lease/highway,Operational equipment hazard (unspecified energy),Standard operating procedures & PPE,Procedural deviation during task execution,Localized occupational injury without life-altering escalation,,ANNOTATED
187,OILPS_OSHA_00440,OSHA,January2015toNovember2025.csv,2015118874,11/23/2015,USA,"VONA, COLORADO",Oil and Gas Pipeline Construction,Workplace Safety Incident,Hospitalization,Stratum_D_ConfinedSpace_HotWork_Isolation,Stratum_D_ConfinedSpace_HotWork_Isolation,"An employee was welding two sections of pipe on top of a skid platform. The skid platform (2 feet high) collapsed, and the pipe rolled onto the employee's lower leg, fracturing the right ankle. The employee was hospitalized overnight.","Metal pipes, tubing",Fractures,Hot Work,,Hot Work,1,MEDIUM,Energy: Stored mechanical/tubular energy | Exposure: Floor worker during Hot work / welding and thermal cutting | Barrier Failure: Line-of-fire control compromised | Escalation: Crushing impact / permanent disabling trauma,Hot Work,,Hot Work,Hot work / welding and thermal cutting,Operational equipment hazard (unspecified energy),Standard operating procedures & PPE,Procedural deviation during task execution,Localized occupational injury without life-altering escalation,,ANNOTATED
188,OILPS_OSHA_02965,OSHA,January2015toNovember2025.csv,20211210928,12/20/2021,USA,"OVERLAND PARK, KANSAS",Drilling Oil and Gas Wells,Workplace Safety Incident,Amputation,Stratum_A_Drilling_Heavy_Mechanical,Stratum_A_Drilling_Heavy_Mechanical,An employee was replacing a drill rig's transfer case. The case shifted and amputated the tip of the employee's right index finger.,Oil drilling rigs and machinery,Amputations,,,None identified,1,MEDIUM,Energy: Stored mechanical/tubular energy | Exposure: Floor worker during Oilfield operational support task | Barrier Failure: Line-of-fire control compromised | Escalation: Crushing impact / permanent disabling trauma,None,,None,Oilfield operational support task,Operational equipment hazard (unspecified energy),Standard operating procedures & PPE,Procedural deviation during task execution,Localized occupational injury without life-altering escalation,,ANNOTATED
189,OILPS_OSHA_01487,OSHA,January2015toNovember2025.csv,2018032703,3/19/2018,USA,"PRUDHOE BAY, ALASKA",Crude Petroleum and Natural Gas Extraction,Workplace Safety Incident,Hospitalization,Stratum_C_Height_Lifting_Dropped_Objects,Stratum_C_Height_Lifting_Dropped_Objects,"An employee was exiting a rock crusher and getting onto a 6-foot step ladder. He was holding onto the handrail while getting his feet onto the ladder. His feet were on the second rung from the top when the ladder kicked out from underneath him. He held onto the handrail momentarily and then fell 4 to 5 feet to the ground (gravel pad), breaking his left wrist and suffering a small compression fracture in his lower back. He was hospitalized.",Step ladders,Fractures,Working at Height,,Working at Height,1,HIGH,Energy: Elevated work position (gravitational energy) | Exposure: Worker positioned in active hazard zone during Oilfield operational support task | Barrier Failure: Safety lanyard unclipped / absent leading edge fall protection | Escalation: Fatal blunt force trauma from fall at elevation,Working at Height,,Working at Height,Oilfield operational support task,Elevated work position (gravitational energy),100% continuous tie-off full body safety harness & engineered guardrails,Safety lanyard unclipped / absent leading edge fall protection,Fatal blunt force trauma from fall at elevation,,ANNOTATED
190,OILPS_OSHA_03877,OSHA,January2015toNovember2025.csv,2024109535,10/14/2024,USA,"CLAYPOOL, ARIZONA",Support Activities for Oil and Gas Operations,Workplace Safety Incident,Hospitalization,Stratum_C_Height_Lifting_Dropped_Objects,Stratum_C_Height_Lifting_Dropped_Objects,"An employee fell off a fixed ladder platform through an open gate, landing about 15-16 feet below. He struck his head, suffered a knee injury, and was hospitalized.",Fixed ladder or fire escape,Traumatic injuries or exposures unspecified,Working at Height,,Working at Height,1,HIGH,Energy: Elevated work position (gravitational energy) | Exposure: Worker positioned in active hazard zone during Oilfield operational support task | Barrier Failure: Safety lanyard unclipped / absent leading edge fall protection | Escalation: Fatal blunt force trauma from fall at elevation,Working at Height,,Working at Height,Oilfield operational support task,Elevated work position (gravitational energy),100% continuous tie-off full body safety harness & engineered guardrails,Safety lanyard unclipped / absent leading edge fall protection,Fatal blunt force trauma from fall at elevation,,ANNOTATED
191,OILPS_OSHA_02123,OSHA,January2015toNovember2025.csv,2019054615,5/6/2019,USA,"PECOS, TEXAS",Support Activities for Oil and Gas Operations,Workplace Safety Incident,Hospitalization,Stratum_B_Pressure_Flammable_Chemical_H2S,Stratum_B_Pressure_Flammable_Chemical_H2S,An employee had been operating a pumping unit at a salt water disposal facility when a fire/explosion occurred. The employee sustained third degree burns to 60 percent of his body.,,Third or fourth degree heat (thermal) burns,,,None identified,1,HIGH,"Energy: Flammable hydrocarbons / thermal ignition energy | Exposure: Worker positioned in active hazard zone during Oilfield operational support task | Barrier Failure: Hot work performed near flammable vapors / unverified atmospheric LEL | Escalation: Catastrophic vapor cloud explosion, mass toxic asphyxiation, or fatal burns",Hot Work,,Hot Work,Oilfield operational support task,Flammable hydrocarbons / thermal ignition energy,"Continuous LEL gas monitoring, hot work permit & spark containment",Hot work performed near flammable vapors / unverified atmospheric LEL,"Catastrophic vapor cloud explosion, mass toxic asphyxiation, or fatal burns",,ANNOTATED
192,OILPS_OSHA_01160,OSHA,January2015toNovember2025.csv,2017088097,8/22/2017,USA,"SINTON, TEXAS",Support Activities for Oil and Gas Operations,Workplace Safety Incident,Hospitalization,Stratum_E_Vehicle_Transport,Stratum_E_Vehicle_Transport,An employee was adjusting the high/low switch on his truck-mounted welder. He was turning around when he lost his footing because it had just rained and his truck bed was slick. He went to steady himself and reached to grab onto something with his hands. His right hand slid underneath the cowling of his welder and two fingers were severely lacerated by the motor fan blades. He was hospitalized.,"Bodily motion or position of injured, ill worker","Cuts, lacerations",Driving,,Driving,0,MEDIUM,Energy: Low operational energy | Exposure: Routine task (Oilfield operational support task) | Barrier Failure: Minor procedural deviation | Escalation: Minor localized injury without credible SIF potential,Driving,,Driving,Oilfield operational support task,Operational equipment hazard (unspecified energy),Standard operating procedures & PPE,Procedural deviation during task execution,Localized occupational injury without life-altering escalation,,ANNOTATED
193,OILPS_OSHA_02491,OSHA,January2015toNovember2025.csv,2020021553,2/17/2020,USA,"CRANE, TEXAS",Support Activities for Oil and Gas Operations,Workplace Safety Incident,Hospitalization,Stratum_C_Height_Lifting_Dropped_Objects,Stratum_C_Height_Lifting_Dropped_Objects; Stratum_E_Vehicle_Transport,"As a crane truck was rigging down, an employee's hand was caught between the outrigger and the crane. Three fingers on the employee's right hand were crushed and the employee was hospitalized.",Cranes-truck-mounted,Crushing injuries,Safe Mechanical Lifting,Driving,Safe Mechanical Lifting; Driving,1,HIGH,"Energy: Suspended heavy mechanical load / falling tubular | Exposure: Worker positioned in active hazard zone during Mechanical hoisting / crane lifting operations | Barrier Failure: Personnel in line of fire / defective rigging hardware or improper rigging | Escalation: Fatal crushing impact, severe traumatic amputation, or fatal projectile strike",Safe Mechanical Lifting,Driving,Safe Mechanical Lifting; Driving,Mechanical hoisting / crane lifting operations,Suspended heavy mechanical load / falling tubular,"Certified rigging gear, dedicated signalman & red zone exclusion barrier",Personnel in line of fire / defective rigging hardware or improper rigging,"Fatal crushing impact, severe traumatic amputation, or fatal projectile strike",,ANNOTATED
194,OILPS_OSHA_03635,OSHA,January2015toNovember2025.csv,2024010135,1/6/2024,USA,"PARSHALL, NORTH DAKOTA",Support Activities for Oil and Gas Operations,Workplace Safety Incident,Amputation,Stratum_A_Drilling_Heavy_Mechanical,Stratum_A_Drilling_Heavy_Mechanical; Stratum_C_Height_Lifting_Dropped_Objects,"On January 6, 2024, an employee was making a swivel connection involving a winch line. As the joint was being tightened, the threads became sticky. The employee was shaking the winch line to loosen it when the bridle caught on the line and wrapped around his finger. His middle finger was amputated past the fingernail and before the first knuckle.","Drums, pulleys, sheaves",Amputations involving bone loss,Safe Mechanical Lifting,,Safe Mechanical Lifting,1,HIGH,"Energy: Suspended heavy mechanical load / falling tubular | Exposure: Worker positioned in active hazard zone during Oilfield operational support task | Barrier Failure: Personnel in line of fire / defective rigging hardware or improper rigging | Escalation: Fatal crushing impact, severe traumatic amputation, or fatal projectile strike",Safe Mechanical Lifting,,Safe Mechanical Lifting,Oilfield operational support task,Suspended heavy mechanical load / falling tubular,"Certified rigging gear, dedicated signalman & red zone exclusion barrier",Personnel in line of fire / defective rigging hardware or improper rigging,"Fatal crushing impact, severe traumatic amputation, or fatal projectile strike",,ANNOTATED
195,OILPS_OSHA_01741,OSHA,January2015toNovember2025.csv,2018088604,8/21/2018,USA,"ORLA, TEXAS",Oil and Gas Pipeline Construction,Workplace Safety Incident,Hospitalization,Stratum_F_LowEnergy_Ergonomic_MinorInjury,Stratum_F_LowEnergy_Ergonomic_MinorInjury,"An employee was standing on the ground observing pole line construction when he began showing signs of heat exhaustion, requiring hospitalization.",Heat-environmental,"Heat exhaustion, prostration",,,None identified,0,MEDIUM,Energy: Low operational energy | Exposure: Routine task (Oilfield operational support task) | Barrier Failure: Minor procedural deviation | Escalation: Minor localized injury without credible SIF potential,None,,None,Oilfield operational support task,Operational equipment hazard (unspecified energy),Standard operating procedures & PPE,Procedural deviation during task execution,Localized occupational injury without life-altering escalation,,ANNOTATED
196,OILPS_OSHA_03719,OSHA,January2015toNovember2025.csv,2024053863,5/2/2024,USA,"ATLANTA, GEORGIA",Petroleum Products Manufacturing,Workplace Safety Incident,Amputation,Stratum_D_ConfinedSpace_HotWork_Isolation,Stratum_D_ConfinedSpace_HotWork_Isolation,"On May 2, 2024, an employee was dumping a hopper into a bigger dumpster when his left ring finger got caught by the hopper and was amputated.",Hoppers except confined space,Amputations involving bone loss,,,None identified,0,MEDIUM,Energy: Low operational energy | Exposure: Routine task (Oilfield operational support task) | Barrier Failure: Minor procedural deviation | Escalation: Minor localized injury without credible SIF potential,None,,None,Oilfield operational support task,Operational equipment hazard (unspecified energy),Standard operating procedures & PPE,Procedural deviation during task execution,Localized occupational injury without life-altering escalation,,ANNOTATED
197,OILPS_OSHA_03148,OSHA,January2015toNovember2025.csv,2022076356,7/20/2022,USA,"MORGANTOWN, WEST VIRGINIA",Support Activities for Oil and Gas Operations,Workplace Safety Incident,Hospitalization,Stratum_C_Height_Lifting_Dropped_Objects,Stratum_C_Height_Lifting_Dropped_Objects,"An employee was stepping from a ladder to an elevated work platform, when they slipped and fell 22 feet to the ground. The employee sustained a fractured right leg that required hospitalization.","Ladders, unspecified",Fractures,Working at Height,,Working at Height,1,HIGH,Energy: Elevated work position (gravitational energy) | Exposure: Worker positioned in active hazard zone during Oilfield operational support task | Barrier Failure: Safety lanyard unclipped / absent leading edge fall protection | Escalation: Fatal blunt force trauma from fall at elevation,Working at Height,,Working at Height,Oilfield operational support task,Elevated work position (gravitational energy),100% continuous tie-off full body safety harness & engineered guardrails,Safety lanyard unclipped / absent leading edge fall protection,Fatal blunt force trauma from fall at elevation,,ANNOTATED
198,OILPS_OSHA_01017,OSHA,January2015toNovember2025.csv,2017054872,5/22/2017,USA,"VERNON, TEXAS",Support Activities for Oil and Gas Operations,Workplace Safety Incident,Hospitalization,Stratum_D_ConfinedSpace_HotWork_Isolation,Stratum_D_ConfinedSpace_HotWork_Isolation,"An employee was opening the oil tank hatch when a spark ignited the material inside the tank. The employee sustained burns to the face, back and hands.","Coal, natural gas, petroleum fuels and products, unspecified","Heat (thermal) burns, unspecified",Hot Work,,Hot Work,0,MEDIUM,Energy: Low operational energy | Exposure: Routine task (Oilfield operational support task) | Barrier Failure: Minor procedural deviation | Escalation: Minor localized injury without credible SIF potential,Hot Work,,Hot Work,Oilfield operational support task,Operational equipment hazard (unspecified energy),Standard operating procedures & PPE,Procedural deviation during task execution,Localized occupational injury without life-altering escalation,,ANNOTATED
199,OILPS_OSHA_02531,OSHA,January2015toNovember2025.csv,2020032696,3/23/2020,USA,"LUFKIN, TEXAS",Drilling Oil and Gas Wells,Workplace Safety Incident,Amputation,Stratum_A_Drilling_Heavy_Mechanical,Stratum_A_Drilling_Heavy_Mechanical,"During rig down, an employee was attempting to move a hose supported on a spreader bar. The hose came free from the spreader bar and swung into a machine, and the employee's left little finger was caught between the hose and the machine. The distal phalanx of the left pinky finger had to be medically amputated.",Hoses,Amputations,Safe Mechanical Lifting,,Safe Mechanical Lifting,1,HIGH,"Energy: High-pressure fluid/gas stored energy | Exposure: Worker positioned in active hazard zone during Oilfield operational support task | Barrier Failure: Intervention on pressurized line / failure to verify zero residual pressure | Escalation: Fatal crushing impact, severe traumatic amputation, or fatal projectile strike",Energy Isolation,Safe Mechanical Lifting,Energy Isolation; Safe Mechanical Lifting,Oilfield operational support task,High-pressure fluid/gas stored energy,"Positive energy isolation, verified depressurization & line-of-fire barricading",Intervention on pressurized line / failure to verify zero residual pressure,"Fatal crushing impact, severe traumatic amputation, or fatal projectile strike",Candidate LSR 'Safe Mechanical Lifting' modified to 'Energy Isolation'.,ANNOTATED
200,OILPS_OSHA_01322,OSHA,January2015toNovember2025.csv,20171111340,11/29/2017,USA,"REVERE, MASSACHUSETTS",Petroleum and Petroleum Products Merchant Wholesalers,Workplace Safety Incident,Hospitalization,Stratum_F_LowEnergy_Ergonomic_MinorInjury,Stratum_F_LowEnergy_Ergonomic_MinorInjury,An employee slipped and fell while walking on a partially constructed walkway beam. His right leg became wedged and fractured on a support brace during the fall.,"Girders, beams, structural steel",Fractures,,,None identified,0,HIGH,Energy: Low-energy slip/trip hazard on ground level | Exposure: Worker performing Routine walking on field surface | Barrier Failure: Inadequate ground slip mitigation on same level | Escalation: Minor localized contusion / non-disabling sprain or closed fracture (Zero credible fatal or whole-person life-altering escalation pathway),None,,None,Routine walking on field surface,Low-energy slip/trip hazard on ground level,Walkway ice sanding / footwear traction,Inadequate ground slip mitigation on same level,Minor localized contusion / non-disabling sprain or closed fracture,"Actual medical outcome included hospitalization, but incident involved low energy with zero SIF potential.",ANNOTATED
201,OILPS_OSHA_00602,OSHA,January2015toNovember2025.csv,2016054654,5/26/2016,USA,"SHREVEPORT, LOUISIANA",Support Activities for Oil and Gas Operations,Workplace Safety Incident,Hospitalization,Stratum_C_Height_Lifting_Dropped_Objects,Stratum_C_Height_Lifting_Dropped_Objects,"An employee climbed a ladder to assess the next level of a metal roof. He stepped on a shingle and fell 8 feet through the roof to the ground, breaking his right index finger, left middle finger, right hip, and back.",Roof surfaces other than roof edge,Fractures,Working at Height,,Working at Height,1,HIGH,Energy: Elevated work position (gravitational energy) | Exposure: Worker positioned in active hazard zone during Oilfield operational support task | Barrier Failure: Safety lanyard unclipped / absent leading edge fall protection | Escalation: Fatal blunt force trauma from fall at elevation,Working at Height,,Working at Height,Oilfield operational support task,Elevated work position (gravitational energy),100% continuous tie-off full body safety harness & engineered guardrails,Safety lanyard unclipped / absent leading edge fall protection,Fatal blunt force trauma from fall at elevation,,ANNOTATED
202,OILPS_OSHA_00673,OSHA,January2015toNovember2025.csv,2016087087,8/1/2016,USA,"FLORENCE, COLORADO",Drilling Oil and Gas Wells,Workplace Safety Incident,Hospitalization,Stratum_A_Drilling_Heavy_Mechanical,Stratum_A_Drilling_Heavy_Mechanical,"An employee was securing a stand of drilling pipe with a chain wrench when the wrench broke and hit his hand, breaking his wrist and finger.","Turning handtools-nonpowered, n.e.c.",Fractures,,,None identified,1,MEDIUM,Energy: Stored mechanical/tubular energy | Exposure: Floor worker during Drilling rig floor pipe/casing operations | Barrier Failure: Line-of-fire control compromised | Escalation: Crushing impact / permanent disabling trauma,None,,None,Drilling rig floor pipe/casing operations,Operational equipment hazard (unspecified energy),Standard operating procedures & PPE,Procedural deviation during task execution,Localized occupational injury without life-altering escalation,,ANNOTATED
203,OILPS_OSHA_04168,OSHA,January2015toNovember2025.csv,2025098976,9/8/2025,USA,"GREENVILLE, MISSISSIPPI",Petroleum Bulk Stations and Terminals,Workplace Safety Incident,Hospitalization,Stratum_F_LowEnergy_Ergonomic_MinorInjury,Stratum_F_LowEnergy_Ergonomic_MinorInjury,"An employee was making rounds to collect readings from petroleum tanks. He followed a pathway that had several ground-level protrusions from decommissioned pipe conduits, electrical grounding, and a support strut. The employee tripped on a conduit stub, lost his balance, and fell, landing on his left hip. He was hospitalized with a broken left hip.",Ground irregularity,Fractures,,,None identified,1,MEDIUM,Energy: Stored mechanical/tubular energy | Exposure: Floor worker during Electrical system maintenance and troubleshooting | Barrier Failure: Line-of-fire control compromised | Escalation: Crushing impact / permanent disabling trauma,None,,None,Electrical system maintenance and troubleshooting,Operational equipment hazard (unspecified energy),Standard operating procedures & PPE,Procedural deviation during task execution,Localized occupational injury without life-altering escalation,,ANNOTATED
204,OILPS_OSHA_03360,OSHA,January2015toNovember2025.csv,2023031900,3/1/2023,USA,"COTULLA, TEXAS",Support Activities for Oil and Gas Operations,Workplace Safety Incident,Amputation,Stratum_A_Drilling_Heavy_Mechanical,Stratum_A_Drilling_Heavy_Mechanical,Two employees were working on a perforating gun when it detonated in the shop. One employee suffered burns to the hands and hearing loss. The other employee's left hand was amputated and they sustained burns to the upper torso. Both employees were hospitalized.,Oil drilling rigs and machinery,"Burns and other injuries, n.e.c.",,,None identified,0,MEDIUM,Energy: Low operational energy | Exposure: Routine task (Oilfield operational support task) | Barrier Failure: Minor procedural deviation | Escalation: Minor localized injury without credible SIF potential,None,,None,Oilfield operational support task,Operational equipment hazard (unspecified energy),Standard operating procedures & PPE,Procedural deviation during task execution,Localized occupational injury without life-altering escalation,,ANNOTATED
205,OILPS_OSHA_03014,OSHA,January2015toNovember2025.csv,2022021592,2/18/2022,USA,"WILLISTON, NORTH DAKOTA",Support Activities for Oil and Gas Operations,Workplace Safety Incident,Hospitalization,Stratum_B_Pressure_Flammable_Chemical_H2S,Stratum_B_Pressure_Flammable_Chemical_H2S,"An employee was pressure washing pipes when the fitting on the spray wand broke and the hot water contacted the employee, resulting in burns to his stomach and thighs.",Pressurized water-blast,"Heat (thermal) burns, unspecified",,,None identified,1,HIGH,"Energy: High-pressure fluid/gas stored energy | Exposure: Worker positioned in active hazard zone during Oilfield operational support task | Barrier Failure: Intervention on pressurized line / failure to verify zero residual pressure | Escalation: Fatal crushing impact, severe traumatic amputation, or fatal projectile strike",Energy Isolation,,Energy Isolation,Oilfield operational support task,High-pressure fluid/gas stored energy,"Positive energy isolation, verified depressurization & line-of-fire barricading",Intervention on pressurized line / failure to verify zero residual pressure,"Fatal crushing impact, severe traumatic amputation, or fatal projectile strike",,ANNOTATED
206,OILPS_OSHA_00197,OSHA,January2015toNovember2025.csv,2015050169,5/11/2015,USA,"BARNESVILLE, OHIO",Oil and Gas Pipeline Construction,Workplace Safety Incident,Hospitalization,Stratum_E_Vehicle_Transport,Stratum_E_Vehicle_Transport,"An employee delivering and removing skids was injured while unloading 12-inch clamps from the flatbed of the truck. The clamps got caught on the employee's clothing and pulled him off of the truck, injuring his lower back.","Semi, tractor-trailer, tanker truck","Soreness, pain, hurt-nonspecified injury",Driving,,Driving,0,MEDIUM,Energy: Low operational energy | Exposure: Routine task (Mechanical hoisting / crane lifting operations) | Barrier Failure: Minor procedural deviation | Escalation: Minor localized injury without credible SIF potential,Driving,,Driving,Mechanical hoisting / crane lifting operations,Operational equipment hazard (unspecified energy),Standard operating procedures & PPE,Procedural deviation during task execution,Localized occupational injury without life-altering escalation,,ANNOTATED
207,OILPS_OSHA_04008,OSHA,January2015toNovember2025.csv,2025032361,3/12/2025,USA,"LAUREL, MISSISSIPPI",Oil and Gas Pipeline Construction,Workplace Safety Incident,Loss of Eye,Stratum_B_Pressure_Flammable_Chemical_H2S,Stratum_B_Pressure_Flammable_Chemical_H2S,"An employee was performing a hot tap. The employee set a completion plug in preparation of removing the completion plug stopple tool. The tool was not completely set, and gas pressure and metal debris were released from the blow out. The employee sustained multiple contusions and abrasions to the chest, neck and face area, loss of eyes, and finger amputations.","Chips, pellets metal","Avulsions, enucleations without bone loss",,,None identified,1,HIGH,"Energy: High-pressure fluid/gas stored energy | Exposure: Worker positioned in active hazard zone during Oilfield operational support task | Barrier Failure: Intervention on pressurized line / failure to verify zero residual pressure | Escalation: Fatal crushing impact, severe traumatic amputation, or fatal projectile strike",Energy Isolation,,Energy Isolation,Oilfield operational support task,High-pressure fluid/gas stored energy,"Positive energy isolation, verified depressurization & line-of-fire barricading",Intervention on pressurized line / failure to verify zero residual pressure,"Fatal crushing impact, severe traumatic amputation, or fatal projectile strike",,ANNOTATED
208,OILPS_OSHA_00852,OSHA,January2015toNovember2025.csv,2017010150,1/6/2017,USA,"ELK CITY, OKLAHOMA",Support Activities for Oil and Gas Operations,Workplace Safety Incident,Hospitalization,Stratum_B_Pressure_Flammable_Chemical_H2S,Stratum_B_Pressure_Flammable_Chemical_H2S,An employee was transferring water at high pressure through a hose. The hose failed and a jet of water knocked the employee through the air approximately 150 feet. When the employee landed on the ground he suffered a shoulder injury.,Pressurized water-blast,"Soreness, pain, hurt-nonspecified injury",,,None identified,1,HIGH,"Energy: High-pressure fluid/gas stored energy | Exposure: Worker positioned in active hazard zone during Oilfield operational support task | Barrier Failure: Intervention on pressurized line / failure to verify zero residual pressure | Escalation: Fatal crushing impact, severe traumatic amputation, or fatal projectile strike",Energy Isolation,,Energy Isolation,Oilfield operational support task,High-pressure fluid/gas stored energy,"Positive energy isolation, verified depressurization & line-of-fire barricading",Intervention on pressurized line / failure to verify zero residual pressure,"Fatal crushing impact, severe traumatic amputation, or fatal projectile strike",,ANNOTATED
209,OILPS_OSHA_00058,OSHA,January2015toNovember2025.csv,2015010861,1/27/2015,USA,"APOPKA, FLORIDA",Asphalt Paving Mixture and Block Manufacturing,Workplace Safety Incident,Hospitalization,Stratum_D_ConfinedSpace_HotWork_Isolation,Stratum_D_ConfinedSpace_HotWork_Isolation; Stratum_E_Vehicle_Transport,"An employee welding a cable guide pipe to a tank containing road tar suffered burns to his right side legs, arm, neck, and face when the contents of the tank caught on fire.","Tars, sealants, caulking, insulation, n.e.c.","Heat (thermal) burns, unspecified",Hot Work,,Hot Work,1,MEDIUM,Energy: Stored mechanical/tubular energy | Exposure: Floor worker during Hot work / welding and thermal cutting | Barrier Failure: Line-of-fire control compromised | Escalation: Crushing impact / permanent disabling trauma,Hot Work,,Hot Work,Hot work / welding and thermal cutting,Operational equipment hazard (unspecified energy),Standard operating procedures & PPE,Procedural deviation during task execution,Localized occupational injury without life-altering escalation,,ANNOTATED
210,OILPS_OSHA_02633,OSHA,January2015toNovember2025.csv,2020088291,8/24/2020,USA,"KODIAK, ALASKA",Oil and Gas Pipeline Construction,Workplace Safety Incident,Amputation,Stratum_C_Height_Lifting_Dropped_Objects,Stratum_C_Height_Lifting_Dropped_Objects; Stratum_E_Vehicle_Transport,A crew of five employees used two forklifts along with a telehandler to load and carry pipe that had been cut into 125-foot sections from the fuel pier to the parking lot for painting. The injured employee was guiding the pipe while it was being moved by the forklift. The pipe struck a bush and began swaying and the injured employee's hand was caught between the pipe and the building next to it. The employee's right ring and pinky fingers were amputated.,"Forklift, order picker, platform truck-powered",Amputations,Safe Mechanical Lifting,,Safe Mechanical Lifting,1,HIGH,"Energy: Suspended heavy mechanical load / falling tubular | Exposure: Worker positioned in active hazard zone during Mechanical hoisting / crane lifting operations | Barrier Failure: Personnel in line of fire / defective rigging hardware or improper rigging | Escalation: Fatal crushing impact, severe traumatic amputation, or fatal projectile strike",Safe Mechanical Lifting,,Safe Mechanical Lifting,Mechanical hoisting / crane lifting operations,Suspended heavy mechanical load / falling tubular,"Certified rigging gear, dedicated signalman & red zone exclusion barrier",Personnel in line of fire / defective rigging hardware or improper rigging,"Fatal crushing impact, severe traumatic amputation, or fatal projectile strike",,ANNOTATED
211,OILPS_OSHA_01003,OSHA,January2015toNovember2025.csv,2017054353,5/12/2017,USA,"CALUMET, OKLAHOMA",Oil and Gas Pipeline Construction,Workplace Safety Incident,Amputation,Stratum_D_ConfinedSpace_HotWork_Isolation,Stratum_D_ConfinedSpace_HotWork_Isolation,An employee was welding pipes when his left index and middle finger were caught and amputated in a pipe clamp.,"Vises, clamps",Amputations,Hot Work,,Hot Work,1,MEDIUM,Energy: Stored mechanical/tubular energy | Exposure: Floor worker during Hot work / welding and thermal cutting | Barrier Failure: Line-of-fire control compromised | Escalation: Crushing impact / permanent disabling trauma,Hot Work,,Hot Work,Hot work / welding and thermal cutting,Operational equipment hazard (unspecified energy),Standard operating procedures & PPE,Procedural deviation during task execution,Localized occupational injury without life-altering escalation,,ANNOTATED
212,OILPS_OSHA_00451,OSHA,January2015toNovember2025.csv,2015129296,12/8/2015,USA,"GREENWOOD, TEXAS",Oil and Gas Pipeline Construction,Workplace Safety Incident,Non-Fatal Injury,Stratum_G_General_Oilfield_Operations,Stratum_G_General_Oilfield_Operations,"Two employees were fusing two sections of polyline. When the fusing device was activated, the area became engulfed in flames. Both employees were hospitalized with burns to the face and hands.",,"Heat (thermal) burns, unspecified",,,None identified,0,MEDIUM,Energy: Low operational energy | Exposure: Routine task (Oilfield operational support task) | Barrier Failure: Minor procedural deviation | Escalation: Minor localized injury without credible SIF potential,None,,None,Oilfield operational support task,Operational equipment hazard (unspecified energy),Standard operating procedures & PPE,Procedural deviation during task execution,Localized occupational injury without life-altering escalation,,ANNOTATED
213,OILPS_OSHA_00060,OSHA,January2015toNovember2025.csv,2015010976,1/30/2015,USA,"ORLA, TEXAS",Drilling Oil and Gas Wells,Workplace Safety Incident,Hospitalization,Stratum_A_Drilling_Heavy_Mechanical,Stratum_A_Drilling_Heavy_Mechanical,"Pipeline was being cleaned using a pig. The pig shot out of the pipeline and struck the employee, causing injuries to the lower part of his body.","Parts and materials, n.e.c.","Soreness, pain, hurt-nonspecified injury",,,None identified,1,MEDIUM,Energy: Stored mechanical/tubular energy | Exposure: Floor worker during Oilfield operational support task | Barrier Failure: Line-of-fire control compromised | Escalation: Crushing impact / permanent disabling trauma,None,,None,Oilfield operational support task,Operational equipment hazard (unspecified energy),Standard operating procedures & PPE,Procedural deviation during task execution,Localized occupational injury without life-altering escalation,,ANNOTATED
214,OILPS_OSHA_00063,OSHA,January2015toNovember2025.csv,2015021113,2/4/2015,USA,"WHIPPANY, NEW JERSEY",Petroleum Bulk Stations and Terminals,Workplace Safety Incident,Hospitalization,Stratum_F_LowEnergy_Ergonomic_MinorInjury,Stratum_F_LowEnergy_Ergonomic_MinorInjury,A maintenance employee slipped on ice while applying salt to ice on the ground in the fenced-in yard of the facility. He slipped and broke his left fibula and dislocated his left ankle.,"Bodily motion or position of injured, ill worker",Fractures and dislocations,,,None identified,0,HIGH,Energy: Low-energy slip/trip hazard on ground level | Exposure: Worker performing Routine walking on field surface | Barrier Failure: Inadequate ground slip mitigation on same level | Escalation: Minor localized contusion / non-disabling sprain or closed fracture (Zero credible fatal or whole-person life-altering escalation pathway),None,,None,Routine walking on field surface,Low-energy slip/trip hazard on ground level,Walkway ice sanding / footwear traction,Inadequate ground slip mitigation on same level,Minor localized contusion / non-disabling sprain or closed fracture,"Actual medical outcome included hospitalization, but incident involved low energy with zero SIF potential.",ANNOTATED
215,OILPS_OSHA_00860,OSHA,January2015toNovember2025.csv,2017010247,1/9/2017,USA,"BIRMINGHAM, ALABAMA",Oil & Gas / Energy Related,Workplace Safety Incident,Hospitalization,Stratum_F_LowEnergy_Ergonomic_MinorInjury,Stratum_F_LowEnergy_Ergonomic_MinorInjury,An employee was replacing a natural gas pipeline when he slipped on ice and fractured his left ankle.,"Floors, walkways, ground surfaces, unspecified",Fractures,,,None identified,0,HIGH,Energy: Low-energy slip/trip hazard on ground level | Exposure: Worker performing Routine walking on field surface | Barrier Failure: Inadequate ground slip mitigation on same level | Escalation: Minor localized contusion / non-disabling sprain or closed fracture (Zero credible fatal or whole-person life-altering escalation pathway),None,,None,Routine walking on field surface,Low-energy slip/trip hazard on ground level,Walkway ice sanding / footwear traction,Inadequate ground slip mitigation on same level,Minor localized contusion / non-disabling sprain or closed fracture,"Actual medical outcome included hospitalization, but incident involved low energy with zero SIF potential.",ANNOTATED
216,OILPS_OSHA_00690,OSHA,January2015toNovember2025.csv,2016087588,8/13/2016,USA,"TORONTO, OHIO",Support Activities for Oil and Gas Operations,Workplace Safety Incident,Hospitalization,Stratum_F_LowEnergy_Ergonomic_MinorInjury,Stratum_F_LowEnergy_Ergonomic_MinorInjury,An employee was performing well test operations and experienced heat exhaustion. The employee was hospitalized.,Heat-environmental,"Heat exhaustion, prostration",,,None identified,0,MEDIUM,Energy: Low operational energy | Exposure: Routine task (Oilfield operational support task) | Barrier Failure: Minor procedural deviation | Escalation: Minor localized injury without credible SIF potential,None,,None,Oilfield operational support task,Operational equipment hazard (unspecified energy),Standard operating procedures & PPE,Procedural deviation during task execution,Localized occupational injury without life-altering escalation,,ANNOTATED
217,OILPS_OSHA_04227,OSHA,January2015toNovember2025.csv,20251111300,11/13/2025,USA,"ODESSA, TEXAS",Support Activities for Oil and Gas Operations,Workplace Safety Incident,Hospitalization,Stratum_C_Height_Lifting_Dropped_Objects,Stratum_C_Height_Lifting_Dropped_Objects,"An employee was on a scaffold while painting a ceiling when he fell off the scaffold to the floor, resulting in a fractured right wrist and an injured left brow.","Scaffolds, staging unspecified",Fractures,Working at Height,,Working at Height,1,HIGH,Energy: Elevated work position (gravitational energy) | Exposure: Worker positioned in active hazard zone during Work at height / scaffolding operations | Barrier Failure: Safety lanyard unclipped / absent leading edge fall protection | Escalation: Fatal blunt force trauma from fall at elevation,Working at Height,,Working at Height,Work at height / scaffolding operations,Elevated work position (gravitational energy),100% continuous tie-off full body safety harness & engineered guardrails,Safety lanyard unclipped / absent leading edge fall protection,Fatal blunt force trauma from fall at elevation,,ANNOTATED
218,OILPS_OSHA_00575,OSHA,January2015toNovember2025.csv,2016053722,5/3/2016,USA,"BIRMINGHAM, ALABAMA",Asphalt Paving Mixture and Block Manufacturing,Workplace Safety Incident,Hospitalization,Stratum_D_ConfinedSpace_HotWork_Isolation,Stratum_D_ConfinedSpace_HotWork_Isolation,"An employee was welding on the access door to a 21,000 gallon tank containing an asphalt product identified as AC. A flame was observed, by the spotter, moments before a blast. The welder was blown into the air and landed on the platform. The welder sustained burns and was hospitalized.","Paving asphalt, asphaltic cement","Heat (thermal) burns, unspecified",Hot Work,,Hot Work,0,MEDIUM,Energy: Low operational energy | Exposure: Routine task (Hot work / welding and thermal cutting) | Barrier Failure: Minor procedural deviation | Escalation: Minor localized injury without credible SIF potential,Hot Work,,Hot Work,Hot work / welding and thermal cutting,Operational equipment hazard (unspecified energy),Standard operating procedures & PPE,Procedural deviation during task execution,Localized occupational injury without life-altering escalation,,ANNOTATED
219,OILPS_OSHA_02466,OSHA,January2015toNovember2025.csv,2020010457,1/15/2020,USA,"OLD OCEAN, TEXAS",Petroleum Refineries,Workplace Safety Incident,Hospitalization,Stratum_B_Pressure_Flammable_Chemical_H2S,Stratum_B_Pressure_Flammable_Chemical_H2S; Stratum_F_LowEnergy_Ergonomic_MinorInjury,An employee was opening the top steam vent on the main fractionator. The trapped hot condensate from the vent leaked out and landed on the employee's back and shoulders. The employee was hospitalized with second degree burns.,"Steam, vapors, liquids, ice, unspecified",Second degree heat (thermal) burns,,,None identified,0,MEDIUM,Energy: Low operational energy | Exposure: Routine task (Oilfield operational support task) | Barrier Failure: Minor procedural deviation | Escalation: Minor localized injury without credible SIF potential,None,,None,Oilfield operational support task,Operational equipment hazard (unspecified energy),Standard operating procedures & PPE,Procedural deviation during task execution,Localized occupational injury without life-altering escalation,,ANNOTATED
220,OILPS_OSHA_01559,OSHA,January2015toNovember2025.csv,2018054229,5/1/2018,USA,"BAYTOWN, TEXAS",Oil and Gas Pipeline Construction,Workplace Safety Incident,Hospitalization,Stratum_C_Height_Lifting_Dropped_Objects,Stratum_C_Height_Lifting_Dropped_Objects; Stratum_E_Vehicle_Transport,"An employee finished rigging and was walking in an area where a crew was loading an exchanger bundle on a trailer when the load shifted, pinning the employee between the active load and an adjacent stationary load. The employee suffered a fractured left femur and pelvis.",,Fractures,Safe Mechanical Lifting,,Safe Mechanical Lifting,1,HIGH,"Energy: Suspended heavy mechanical load / falling tubular | Exposure: Worker positioned in active hazard zone during Mechanical hoisting / crane lifting operations | Barrier Failure: Personnel in line of fire / defective rigging hardware or improper rigging | Escalation: Fatal crushing impact, severe traumatic amputation, or fatal projectile strike",Safe Mechanical Lifting,,Safe Mechanical Lifting,Mechanical hoisting / crane lifting operations,Suspended heavy mechanical load / falling tubular,"Certified rigging gear, dedicated signalman & red zone exclusion barrier",Personnel in line of fire / defective rigging hardware or improper rigging,"Fatal crushing impact, severe traumatic amputation, or fatal projectile strike",,ANNOTATED
221,OILPS_OSHA_03791,OSHA,January2015toNovember2025.csv,2024076231,7/11/2024,USA,"BATAVIA, OHIO",Oil and Gas Pipeline Construction,Workplace Safety Incident,Amputation,Stratum_F_LowEnergy_Ergonomic_MinorInjury,Stratum_F_LowEnergy_Ergonomic_MinorInjury,"Two employees were looking for steel tubing in the yard. Employee 1 knelt down to read the size numbers on the tubing. Employee 2 pulled out a piece of tubing and then tripped over a white mesh bag of parts from a delivery. The tubing was dropped on employee 1's right middle finger, amputating the fingertip.","Pipes, tubes metal","Amputations, avulsions, enucleations unspecified",,,None identified,0,MEDIUM,Energy: Low operational energy | Exposure: Routine task (Oilfield operational support task) | Barrier Failure: Minor procedural deviation | Escalation: Minor localized injury without credible SIF potential,None,,None,Oilfield operational support task,Operational equipment hazard (unspecified energy),Standard operating procedures & PPE,Procedural deviation during task execution,Localized occupational injury without life-altering escalation,,ANNOTATED
222,OILPS_OSHA_02232,OSHA,January2015toNovember2025.csv,2019077401,7/19/2019,USA,"HOCKLEY, TEXAS",Oil and Gas Pipeline Construction,Workplace Safety Incident,Hospitalization,Stratum_G_General_Oilfield_Operations,Stratum_G_General_Oilfield_Operations,An employee was using a sandblasting gun on a pipeline. The gun hit his right arm and the sandblast media caused an open wound on the forearm.,"Source, n.e.c.","Open wounds, unspecified",,,None identified,1,MEDIUM,Energy: Stored mechanical/tubular energy | Exposure: Floor worker during Oilfield operational support task | Barrier Failure: Line-of-fire control compromised | Escalation: Crushing impact / permanent disabling trauma,None,,None,Oilfield operational support task,Operational equipment hazard (unspecified energy),Standard operating procedures & PPE,Procedural deviation during task execution,Localized occupational injury without life-altering escalation,,ANNOTATED
223,OILPS_OSHA_02760,OSHA,January2015toNovember2025.csv,2021032038,3/8/2021,USA,"BAY SHORE, NEW YORK",Support Activities for Oil and Gas Operations,Workplace Safety Incident,Non-Fatal Injury,Stratum_B_Pressure_Flammable_Chemical_H2S,Stratum_B_Pressure_Flammable_Chemical_H2S,Two employees were unloading and loading propane cylinders. A leaking propane tank was placed in front of a makeshift structure. Propane gas accumulated within the structure and an explosion occurred. Both employees suffered second and third degree burns that required hospitalization.,,Third or fourth degree heat (thermal) burns,,,None identified,1,HIGH,"Energy: Flammable hydrocarbons / thermal ignition energy | Exposure: Worker positioned in active hazard zone during Mechanical hoisting / crane lifting operations | Barrier Failure: Hot work performed near flammable vapors / unverified atmospheric LEL | Escalation: Catastrophic vapor cloud explosion, mass toxic asphyxiation, or fatal burns",Hot Work,,Hot Work,Mechanical hoisting / crane lifting operations,Flammable hydrocarbons / thermal ignition energy,"Continuous LEL gas monitoring, hot work permit & spark containment",Hot work performed near flammable vapors / unverified atmospheric LEL,"Catastrophic vapor cloud explosion, mass toxic asphyxiation, or fatal burns",,ANNOTATED
224,OILPS_OSHA_02229,OSHA,January2015toNovember2025.csv,2019077172,7/15/2019,USA,"WILLISTON, NORTH DAKOTA",Support Activities for Oil and Gas Operations,Workplace Safety Incident,Hospitalization,Stratum_B_Pressure_Flammable_Chemical_H2S,Stratum_B_Pressure_Flammable_Chemical_H2S,An employee was cleaning a tank of sand using a high-pressure water hose. The high-pressure water ran across his right foot and cut the big toe.,Pressurized water-blast,"Cuts, lacerations",,,None identified,1,HIGH,"Energy: High-pressure fluid/gas stored energy | Exposure: Worker positioned in active hazard zone during Oilfield operational support task | Barrier Failure: Intervention on pressurized line / failure to verify zero residual pressure | Escalation: Fatal crushing impact, severe traumatic amputation, or fatal projectile strike",Energy Isolation,,Energy Isolation,Oilfield operational support task,High-pressure fluid/gas stored energy,"Positive energy isolation, verified depressurization & line-of-fire barricading",Intervention on pressurized line / failure to verify zero residual pressure,"Fatal crushing impact, severe traumatic amputation, or fatal projectile strike",,ANNOTATED
225,OILPS_OSHA_02915,OSHA,January2015toNovember2025.csv,2021108649,10/7/2021,USA,"DURHAM, CONNECTICUT",Oil and Gas Pipeline Construction,Workplace Safety Incident,Hospitalization,Stratum_D_ConfinedSpace_HotWork_Isolation,Stratum_D_ConfinedSpace_HotWork_Isolation; Stratum_F_LowEnergy_Ergonomic_MinorInjury,An employee was bitten on the wrist by an insect. He went into anaphylactic shock later that day and collapsed. He was hospitalized.,"Insects, arachnids, mites, unspecified","Anaphylactic shock, anaphylaxis",Energy Isolation,,Energy Isolation,0,MEDIUM,Energy: Low operational energy | Exposure: Routine task (Oilfield operational support task) | Barrier Failure: Minor procedural deviation | Escalation: Minor localized injury without credible SIF potential,None,,None,Oilfield operational support task,Operational equipment hazard (unspecified energy),Standard operating procedures & PPE,Procedural deviation during task execution,Localized occupational injury without life-altering escalation,Candidate LSR 'Energy Isolation' rejected based on narrative evidence.,ANNOTATED
226,OILPS_OSHA_01543,OSHA,January2015toNovember2025.csv,2018043920,4/23/2018,USA,"ENNIS, TEXAS",Asphalt Paving Mixture and Block Manufacturing,Workplace Safety Incident,Hospitalization,Stratum_D_ConfinedSpace_HotWork_Isolation,Stratum_D_ConfinedSpace_HotWork_Isolation,An employee was lighting a cutting torch to remove an out-of-service tank when a second tank ignited. The employee suffered a broken leg and second degree burns to the face.,"Containers, unspecified",Fractures and burns,Hot Work,,Hot Work,1,HIGH,"Energy: Flammable hydrocarbons / thermal ignition energy | Exposure: Worker positioned in active hazard zone during Hot work / welding and thermal cutting | Barrier Failure: Hot work performed near flammable vapors / unverified atmospheric LEL | Escalation: Catastrophic vapor cloud explosion, mass toxic asphyxiation, or fatal burns",Hot Work,,Hot Work,Hot work / welding and thermal cutting,Flammable hydrocarbons / thermal ignition energy,"Continuous LEL gas monitoring, hot work permit & spark containment",Hot work performed near flammable vapors / unverified atmospheric LEL,"Catastrophic vapor cloud explosion, mass toxic asphyxiation, or fatal burns",,ANNOTATED
227,OILPS_OSHA_03550,OSHA,January2015toNovember2025.csv,2023109131,10/3/2023,USA,"STONEWALL, LOUISIANA",Drilling Oil and Gas Wells,Workplace Safety Incident,Amputation,Stratum_A_Drilling_Heavy_Mechanical,Stratum_A_Drilling_Heavy_Mechanical,An employee was removing a thread protector off the end of an alloy when the alloy shifted and pinched their finger between it and the catwalk. The employee sustained an open fracture of the left index finger and a fingertip amputation.,"Bars, rods, reinforcing bar (rebar)",Amputations,,,None identified,0,MEDIUM,Energy: Low operational energy | Exposure: Routine task (Oilfield operational support task) | Barrier Failure: Minor procedural deviation | Escalation: Minor localized injury without credible SIF potential,None,,None,Oilfield operational support task,Operational equipment hazard (unspecified energy),Standard operating procedures & PPE,Procedural deviation during task execution,Localized occupational injury without life-altering escalation,,ANNOTATED
228,OILPS_OSHA_02948,OSHA,January2015toNovember2025.csv,20211210301,12/1/2021,USA,"HILL CITY, KANSAS",Drilling Oil and Gas Wells,Workplace Safety Incident,Hospitalization,Stratum_A_Drilling_Heavy_Mechanical,Stratum_A_Drilling_Heavy_Mechanical; Stratum_E_Vehicle_Transport,"An employee was loading a dozer into a trailer when he fell off the dozer onto the trailer platform and then onto the ground, resulting in a laceration to his left elbow.",Bulldozers,"Cuts, lacerations",,,None identified,0,MEDIUM,Energy: Low operational energy | Exposure: Routine task (Oilfield operational support task) | Barrier Failure: Minor procedural deviation | Escalation: Minor localized injury without credible SIF potential,None,,None,Oilfield operational support task,Operational equipment hazard (unspecified energy),Standard operating procedures & PPE,Procedural deviation during task execution,Localized occupational injury without life-altering escalation,,ANNOTATED
229,OILPS_OSHA_04141,OSHA,January2015toNovember2025.csv,2025087779,8/7/2025,USA,"ITALY, TEXAS",Asphalt Paving Mixture and Block Manufacturing,Workplace Safety Incident,Hospitalization,Stratum_D_ConfinedSpace_HotWork_Isolation,Stratum_D_ConfinedSpace_HotWork_Isolation,"An employee was using a cutting torch to heat up bolts that had seized up. The bolts caught on fire in a flash burn, and the employee suffered burns to the arms and elbows.","Rivets, bolts",Thermal burns degree unspecified,Hot Work,,Hot Work,1,HIGH,"Energy: Flammable hydrocarbons / thermal ignition energy | Exposure: Worker positioned in active hazard zone during Hot work / welding and thermal cutting | Barrier Failure: Hot work performed near flammable vapors / unverified atmospheric LEL | Escalation: Catastrophic vapor cloud explosion, mass toxic asphyxiation, or fatal burns",Hot Work,,Hot Work,Hot work / welding and thermal cutting,Flammable hydrocarbons / thermal ignition energy,"Continuous LEL gas monitoring, hot work permit & spark containment",Hot work performed near flammable vapors / unverified atmospheric LEL,"Catastrophic vapor cloud explosion, mass toxic asphyxiation, or fatal burns",,ANNOTATED
230,OILPS_OSHA_00192,OSHA,January2015toNovember2025.csv,2015052635,5/5/2015,USA,"WILLISTON, NORTH DAKOTA",Support Activities for Oil and Gas Operations,Workplace Safety Incident,Hospitalization,Stratum_B_Pressure_Flammable_Chemical_H2S,Stratum_B_Pressure_Flammable_Chemical_H2S,"An employee received flash fire burns while working on a non-functioning vaporizer at the 13-mile, full-service terminal vicinity in Williston, North Dakota.","Coal, natural gas, petroleum fuels and products, unspecified","Heat (thermal) burns, unspecified",Hot Work,,Hot Work,1,HIGH,"Energy: Flammable hydrocarbons / thermal ignition energy | Exposure: Worker positioned in active hazard zone during Oilfield operational support task | Barrier Failure: Hot work performed near flammable vapors / unverified atmospheric LEL | Escalation: Catastrophic vapor cloud explosion, mass toxic asphyxiation, or fatal burns",Hot Work,,Hot Work,Oilfield operational support task,Flammable hydrocarbons / thermal ignition energy,"Continuous LEL gas monitoring, hot work permit & spark containment",Hot work performed near flammable vapors / unverified atmospheric LEL,"Catastrophic vapor cloud explosion, mass toxic asphyxiation, or fatal burns",,ANNOTATED
231,OILPS_OSHA_02050,OSHA,January2015toNovember2025.csv,2019032795,3/17/2019,USA,"GALENA PARK, TEXAS",Petroleum Refineries,Workplace Safety Incident,Hospitalization,Stratum_D_ConfinedSpace_HotWork_Isolation,Stratum_D_ConfinedSpace_HotWork_Isolation,An employee was about to flip a breaker when he suffered a burn to his right hand.,"Switchboards, switches, fuses","Electrical burns, unspecified",Energy Isolation,,Energy Isolation,0,MEDIUM,Energy: Low operational energy | Exposure: Routine task (Electrical system maintenance and troubleshooting) | Barrier Failure: Minor procedural deviation | Escalation: Minor localized injury without credible SIF potential,Energy Isolation,,Energy Isolation,Electrical system maintenance and troubleshooting,Operational equipment hazard (unspecified energy),Standard operating procedures & PPE,Procedural deviation during task execution,Localized occupational injury without life-altering escalation,,ANNOTATED
232,OILPS_OSHA_00919,OSHA,January2015toNovember2025.csv,2017032048,3/5/2017,USA,"LAFAYETTE, LOUISIANA",Support Activities for Oil and Gas Operations,Workplace Safety Incident,Amputation,Stratum_D_ConfinedSpace_HotWork_Isolation,Stratum_D_ConfinedSpace_HotWork_Isolation,An employee was transferring product from a top tote tank to the bottom tote tank when the leg of the top tote tank shifted causing the top tote tank to pinch the employee's right thumb between the top tote tank and the bottom tote tank spark arrestor. The employee suffered a partial amputation to his right thumb.,"Containers, unspecified",Amputations,Hot Work,,Hot Work,0,MEDIUM,Energy: Low operational energy | Exposure: Routine task (Oilfield operational support task) | Barrier Failure: Minor procedural deviation | Escalation: Minor localized injury without credible SIF potential,Hot Work,,Hot Work,Oilfield operational support task,Operational equipment hazard (unspecified energy),Standard operating procedures & PPE,Procedural deviation during task execution,Localized occupational injury without life-altering escalation,,ANNOTATED
233,OILPS_OSHA_02441,OSHA,January2015toNovember2025.csv,20191213223,12/27/2019,USA,"CALDWELL, TEXAS",Drilling Oil and Gas Wells,Workplace Safety Incident,Amputation,Stratum_A_Drilling_Heavy_Mechanical,Stratum_A_Drilling_Heavy_Mechanical,An employee was picking up a bushing when it amputated the tip of his middle finger.,"Machine and appliance parts, n.e.c.",Amputations,,,None identified,0,MEDIUM,Energy: Low operational energy | Exposure: Routine task (Oilfield operational support task) | Barrier Failure: Minor procedural deviation | Escalation: Minor localized injury without credible SIF potential,None,,None,Oilfield operational support task,Operational equipment hazard (unspecified energy),Standard operating procedures & PPE,Procedural deviation during task execution,Localized occupational injury without life-altering escalation,,ANNOTATED
234,OILPS_OSHA_04064,OSHA,January2015toNovember2025.csv,2025054387,5/9/2025,USA,"MENTONE, TEXAS",Support Activities for Oil and Gas Operations,Workplace Safety Incident,Amputation,Stratum_E_Vehicle_Transport,Stratum_E_Vehicle_Transport,"An employee was latching a gooseneck trailer onto a truck. His left hand was caught at the point of attachment, and he suffered a partial amputation to the finger at the first knuckle.","Vehicle trailers, trailing units",Amputations involving bone loss,Driving,,Driving,0,MEDIUM,Energy: Low operational energy | Exposure: Routine task (Oilfield operational support task) | Barrier Failure: Minor procedural deviation | Escalation: Minor localized injury without credible SIF potential,Driving,,Driving,Oilfield operational support task,Operational equipment hazard (unspecified energy),Standard operating procedures & PPE,Procedural deviation during task execution,Localized occupational injury without life-altering escalation,,ANNOTATED
235,OILPS_OSHA_03723,OSHA,January2015toNovember2025.csv,2024053940,5/6/2024,USA,"LINDEN, NEW JERSEY",Petroleum Refineries,Workplace Safety Incident,Hospitalization,Stratum_B_Pressure_Flammable_Chemical_H2S,Stratum_B_Pressure_Flammable_Chemical_H2S,"An employee was performing abrasive blasting on two six-inch pipes. While rolling the pipe in the kneeling position, the blast nozzle engaged. They sustained an abrasion of the right inner thigh from the abrasive blasting media contacting them at 95 PSI.",Pressurized air blast,Abrasions,,,None identified,1,HIGH,"Energy: High-pressure fluid/gas stored energy | Exposure: Worker positioned in active hazard zone during Oilfield operational support task | Barrier Failure: Intervention on pressurized line / failure to verify zero residual pressure | Escalation: Fatal crushing impact, severe traumatic amputation, or fatal projectile strike",Energy Isolation,,Energy Isolation,Oilfield operational support task,High-pressure fluid/gas stored energy,"Positive energy isolation, verified depressurization & line-of-fire barricading",Intervention on pressurized line / failure to verify zero residual pressure,"Fatal crushing impact, severe traumatic amputation, or fatal projectile strike",,ANNOTATED
236,OILPS_OSHA_03583,OSHA,January2015toNovember2025.csv,20231110521,11/15/2023,USA,"NEW ALBANY, MISSISSIPPI",Support Activities for Oil and Gas,Workplace Safety Incident,Amputation,Stratum_E_Vehicle_Transport,Stratum_E_Vehicle_Transport,"An employee was loading glycerol byproduct into a trailer. A plunger valve slipped out of his hand, lacerating his right ring finger and amputating the fingertip.","Valves, nozzles",Amputations,,,None identified,0,MEDIUM,Energy: Low operational energy | Exposure: Routine task (Oilfield operational support task) | Barrier Failure: Minor procedural deviation | Escalation: Minor localized injury without credible SIF potential,None,,None,Oilfield operational support task,Operational equipment hazard (unspecified energy),Standard operating procedures & PPE,Procedural deviation during task execution,Localized occupational injury without life-altering escalation,,ANNOTATED
237,OILPS_OSHA_02853,OSHA,January2015toNovember2025.csv,2021075934,7/20/2021,USA,"GARDEN CITY, TEXAS",Support Activities for Oil and Gas Operations,Workplace Safety Incident,Amputation,Stratum_A_Drilling_Heavy_Mechanical,Stratum_A_Drilling_Heavy_Mechanical,"An employee was performing maintenance on a load cell. Their right hand was on an RPM sensor of rotating weights when the pump jack cycled on, resulting in amputation of three fingertips on the employee's right hand.",Oil drilling rigs and machinery,Amputations,,,None identified,0,MEDIUM,Energy: Low operational energy | Exposure: Routine task (Oilfield operational support task) | Barrier Failure: Minor procedural deviation | Escalation: Minor localized injury without credible SIF potential,None,,None,Oilfield operational support task,Operational equipment hazard (unspecified energy),Standard operating procedures & PPE,Procedural deviation during task execution,Localized occupational injury without life-altering escalation,,ANNOTATED
238,OILPS_OSHA_03348,OSHA,January2015toNovember2025.csv,2023021486,2/16/2023,USA,"KILLDEER, NORTH DAKOTA",Support Activities for Oil and Gas Operations,Workplace Safety Incident,Amputation,Stratum_C_Height_Lifting_Dropped_Objects,Stratum_C_Height_Lifting_Dropped_Objects,"An employee's left little finger was pinched between a wrench and a forklift bucket, resulting in an amputation.",,Amputations,Safe Mechanical Lifting,,Safe Mechanical Lifting,1,HIGH,"Energy: Suspended heavy mechanical load / falling tubular | Exposure: Worker positioned in active hazard zone during Mechanical hoisting / crane lifting operations | Barrier Failure: Personnel in line of fire / defective rigging hardware or improper rigging | Escalation: Fatal crushing impact, severe traumatic amputation, or fatal projectile strike",Safe Mechanical Lifting,,Safe Mechanical Lifting,Mechanical hoisting / crane lifting operations,Suspended heavy mechanical load / falling tubular,"Certified rigging gear, dedicated signalman & red zone exclusion barrier",Personnel in line of fire / defective rigging hardware or improper rigging,"Fatal crushing impact, severe traumatic amputation, or fatal projectile strike",,ANNOTATED
239,OILPS_OSHA_03797,OSHA,January2015toNovember2025.csv,2024076324,7/12/2024,USA,"PLYMOUTH, NEBRASKA",Oil and Gas Pipeline Construction,Workplace Safety Incident,Amputation,Stratum_D_ConfinedSpace_HotWork_Isolation,Stratum_D_ConfinedSpace_HotWork_Isolation,"An employee was positioning a pipe for welding when his left middle finger got pinched between the pipe and a spacer, resulting in a fingertip amputation.","Pipes, tubes metal","Amputations, avulsions, enucleations unspecified",Hot Work,,Hot Work,1,MEDIUM,Energy: Stored mechanical/tubular energy | Exposure: Floor worker during Hot work / welding and thermal cutting | Barrier Failure: Line-of-fire control compromised | Escalation: Crushing impact / permanent disabling trauma,Hot Work,,Hot Work,Hot work / welding and thermal cutting,Operational equipment hazard (unspecified energy),Standard operating procedures & PPE,Procedural deviation during task execution,Localized occupational injury without life-altering escalation,,ANNOTATED
240,OILPS_OSHA_00620,OSHA,January2015toNovember2025.csv,2016065427,6/18/2016,USA,"WATFORD CITY, NORTH DAKOTA",Support Activities for Oil and Gas Operations,Workplace Safety Incident,Hospitalization,Stratum_B_Pressure_Flammable_Chemical_H2S,Stratum_B_Pressure_Flammable_Chemical_H2S,An employee was operating a service rig with a snubbing crew when a flash fire or explosion occurred and severely burned the employee.,,"Heat (thermal) burns, unspecified",Hot Work,,Hot Work,1,HIGH,"Energy: Flammable hydrocarbons / thermal ignition energy | Exposure: Worker positioned in active hazard zone during Oilfield operational support task | Barrier Failure: Hot work performed near flammable vapors / unverified atmospheric LEL | Escalation: Catastrophic vapor cloud explosion, mass toxic asphyxiation, or fatal burns",Hot Work,,Hot Work,Oilfield operational support task,Flammable hydrocarbons / thermal ignition energy,"Continuous LEL gas monitoring, hot work permit & spark containment",Hot work performed near flammable vapors / unverified atmospheric LEL,"Catastrophic vapor cloud explosion, mass toxic asphyxiation, or fatal burns",,ANNOTATED
241,OILPS_OSHA_04111,OSHA,January2015toNovember2025.csv,2025076502,7/7/2025,USA,"CRANE, TEXAS",Support Activities for Oil and Gas Operations,Workplace Safety Incident,Hospitalization,Stratum_F_LowEnergy_Ergonomic_MinorInjury,Stratum_F_LowEnergy_Ergonomic_MinorInjury,"An employee was walking around equipment, tripped over hydraulic lines and fell to the ground. The employee sustained a broken hip.",Other constructed surface,Fractures,,,None identified,0,MEDIUM,Energy: Low operational energy | Exposure: Routine task (Oilfield operational support task) | Barrier Failure: Minor procedural deviation | Escalation: Minor localized injury without credible SIF potential,None,,None,Oilfield operational support task,Operational equipment hazard (unspecified energy),Standard operating procedures & PPE,Procedural deviation during task execution,Localized occupational injury without life-altering escalation,,ANNOTATED
242,OILPS_OSHA_03796,OSHA,January2015toNovember2025.csv,2024076319,7/12/2024,USA,"YORKTOWN, TEXAS",Support Activities for Oil and Gas Operations,Workplace Safety Incident,Hospitalization,Stratum_A_Drilling_Heavy_Mechanical,Stratum_A_Drilling_Heavy_Mechanical,"A crew was dismantling a rig. They were closing the split spider after removing it from the casing when the injured employee's left hand was caught between the split spider and the rig's master bushing, which was also on the rig's floor. The employee suffered a laceration to the middle finger and fractures to the middle and ring fingers.",Drilling and extraction machinery unspecified,Fractures,,,None identified,1,MEDIUM,Energy: Stored mechanical/tubular energy | Exposure: Floor worker during Drilling rig floor pipe/casing operations | Barrier Failure: Line-of-fire control compromised | Escalation: Crushing impact / permanent disabling trauma,None,,None,Drilling rig floor pipe/casing operations,Operational equipment hazard (unspecified energy),Standard operating procedures & PPE,Procedural deviation during task execution,Localized occupational injury without life-altering escalation,,ANNOTATED
243,OILPS_OSHA_00389,OSHA,January2015toNovember2025.csv,2015107866,10/21/2015,USA,"SUGAR LAND, TEXAS",Petroleum Refineries,Workplace Safety Incident,Hospitalization,Stratum_F_LowEnergy_Ergonomic_MinorInjury,Stratum_F_LowEnergy_Ergonomic_MinorInjury,"The employee was walking, tripped over a wooden pallet, and fell breaking his hip.","Floor, n.e.c.",Fractures,,,None identified,0,MEDIUM,Energy: Low operational energy | Exposure: Routine task (Oilfield operational support task) | Barrier Failure: Minor procedural deviation | Escalation: Minor localized injury without credible SIF potential,None,,None,Oilfield operational support task,Operational equipment hazard (unspecified energy),Standard operating procedures & PPE,Procedural deviation during task execution,Localized occupational injury without life-altering escalation,,ANNOTATED
244,OILPS_OSHA_02917,OSHA,January2015toNovember2025.csv,2021108773,10/12/2021,USA,"CORPUS CHRISTI, TEXAS",Support Activities for Oil and Gas Operations,Workplace Safety Incident,Hospitalization,Stratum_C_Height_Lifting_Dropped_Objects,Stratum_C_Height_Lifting_Dropped_Objects,"An employee was climbing up a rough-terrain crane. He hit his hard hat on the jib above him, lost his balance, and fell to the crane deck and then to the ground about 4.5 feet below the deck. He suffered rib fractures.",Cranes-other mobile cranes,Fractures,Safe Mechanical Lifting,,Safe Mechanical Lifting,1,HIGH,"Energy: Suspended heavy mechanical load / falling tubular | Exposure: Worker positioned in active hazard zone during Mechanical hoisting / crane lifting operations | Barrier Failure: Personnel in line of fire / defective rigging hardware or improper rigging | Escalation: Fatal crushing impact, severe traumatic amputation, or fatal projectile strike",Safe Mechanical Lifting,,Safe Mechanical Lifting,Mechanical hoisting / crane lifting operations,Suspended heavy mechanical load / falling tubular,"Certified rigging gear, dedicated signalman & red zone exclusion barrier",Personnel in line of fire / defective rigging hardware or improper rigging,"Fatal crushing impact, severe traumatic amputation, or fatal projectile strike",,ANNOTATED
245,OILPS_OSHA_02225,OSHA,January2015toNovember2025.csv,2019077049,7/12/2019,USA,"FOLLANSBEE, WEST VIRGINIA",All Other Petroleum and Coal Products Manufacturing,Workplace Safety Incident,Hospitalization,Stratum_F_LowEnergy_Ergonomic_MinorInjury,Stratum_F_LowEnergy_Ergonomic_MinorInjury,An employee had finished two coke oven charges and was hospitalized for heat exhaustion after his shift.,Heat-environmental,"Heat exhaustion, prostration",,,None identified,0,MEDIUM,Energy: Low operational energy | Exposure: Routine task (Oilfield operational support task) | Barrier Failure: Minor procedural deviation | Escalation: Minor localized injury without credible SIF potential,None,,None,Oilfield operational support task,Operational equipment hazard (unspecified energy),Standard operating procedures & PPE,Procedural deviation during task execution,Localized occupational injury without life-altering escalation,,ANNOTATED
246,OILPS_OSHA_03033,OSHA,January2015toNovember2025.csv,2022032618,3/23/2022,USA,"SHELBY, OHIO",Oil & Gas / Energy Related,Workplace Safety Incident,Hospitalization,Stratum_C_Height_Lifting_Dropped_Objects,Stratum_C_Height_Lifting_Dropped_Objects; Stratum_E_Vehicle_Transport,"An employee fell from the top of a trailer loaded with bundles of tubes. He landed on the concrete walking surface 61 inches below, breaking two ribs and suffering shoulder, back, and lung injuries.",Trailers,"Fractures and other injuries, unspecified",Working at Height,,Working at Height,0,MEDIUM,Energy: Low operational energy | Exposure: Routine task (Oilfield operational support task) | Barrier Failure: Minor procedural deviation | Escalation: Minor localized injury without credible SIF potential,Working at Height,,Working at Height,Oilfield operational support task,Operational equipment hazard (unspecified energy),Standard operating procedures & PPE,Procedural deviation during task execution,Localized occupational injury without life-altering escalation,,ANNOTATED
247,OILPS_OSHA_02421,OSHA,January2015toNovember2025.csv,20191212619,12/8/2019,USA,"MIDLAND, TEXAS",Support Activities for Oil and Gas Operations,Workplace Safety Incident,Hospitalization,Stratum_C_Height_Lifting_Dropped_Objects,Stratum_C_Height_Lifting_Dropped_Objects; Stratum_E_Vehicle_Transport,An employee was power washing the shop when he was struck by a reversing forklift that ran over and broke his right leg.,"Forklift, order picker, platform truck-powered",Fractures,Line of Fire,Safe Mechanical Lifting,Line of Fire; Safe Mechanical Lifting,1,HIGH,"Energy: Suspended heavy mechanical load / falling tubular | Exposure: Worker positioned in active hazard zone during Mechanical hoisting / crane lifting operations | Barrier Failure: Personnel in line of fire / defective rigging hardware or improper rigging | Escalation: Fatal crushing impact, severe traumatic amputation, or fatal projectile strike",Line of Fire,Safe Mechanical Lifting,Line of Fire; Safe Mechanical Lifting,Mechanical hoisting / crane lifting operations,Suspended heavy mechanical load / falling tubular,"Certified rigging gear, dedicated signalman & red zone exclusion barrier",Personnel in line of fire / defective rigging hardware or improper rigging,"Fatal crushing impact, severe traumatic amputation, or fatal projectile strike",,ANNOTATED
248,OILPS_OSHA_03633,OSHA,January2015toNovember2025.csv,2024010118,1/5/2024,USA,"BIG LAKE, TEXAS",Support Activities for Oil and Gas Operations,Workplace Safety Incident,Hospitalization,Stratum_G_General_Oilfield_Operations,Stratum_G_General_Oilfield_Operations,"An employee was repairing an artificial lift. The employee opened a valve on the lift that caused a rapid release of energy, and the employee was struck by an object. The employee suffered fractures to the skull, right orbital socket, and right cheek. The employee was hospitalized.","Source, secondary source unspecified",Fractures,Line of Fire,,Line of Fire,0,MEDIUM,Energy: Low operational energy | Exposure: Routine task (Oilfield operational support task) | Barrier Failure: Minor procedural deviation | Escalation: Minor localized injury without credible SIF potential,Line of Fire,,Line of Fire,Oilfield operational support task,Operational equipment hazard (unspecified energy),Standard operating procedures & PPE,Procedural deviation during task execution,Localized occupational injury without life-altering escalation,,ANNOTATED
249,OILPS_OSHA_01434,OSHA,January2015toNovember2025.csv,2018021456,2/12/2018,USA,"JACKSBORO, TEXAS",Support Activities for Oil and Gas Operations,Workplace Safety Incident,Hospitalization,Stratum_E_Vehicle_Transport,Stratum_E_Vehicle_Transport,An employee was walking into the dog house to warm up and closed the door on her hand resulting in a fractured right thumb.,"Doors, except garage and vehicle",Fractures,,,None identified,0,MEDIUM,Energy: Low operational energy | Exposure: Routine task (Oilfield operational support task) | Barrier Failure: Minor procedural deviation | Escalation: Minor localized injury without credible SIF potential,None,,None,Oilfield operational support task,Operational equipment hazard (unspecified energy),Standard operating procedures & PPE,Procedural deviation during task execution,Localized occupational injury without life-altering escalation,,ANNOTATED
250,OILPS_OSHA_00388,OSHA,January2015toNovember2025.csv,2015107857,10/21/2015,USA,"THOMPSONS, TEXAS",All Other Petroleum and Coal Products Manufacturing,Workplace Safety Incident,Hospitalization,Stratum_D_ConfinedSpace_HotWork_Isolation,Stratum_D_ConfinedSpace_HotWork_Isolation; Stratum_E_Vehicle_Transport,"The employee was welding from a spider lift. While moving the spider lift from one location to another, the employee got his hand caught between the handrail and a steel plate resulting in the loss of the left ring fingertip (bone exposed).","Elevators, hoists, aerial lifts, personnel platforms-except truck-mounted, n.e.c.",Amputations,Hot Work,,Hot Work,0,MEDIUM,Energy: Low operational energy | Exposure: Routine task (Hot work / welding and thermal cutting) | Barrier Failure: Minor procedural deviation | Escalation: Minor localized injury without credible SIF potential,Hot Work,,Hot Work,Hot work / welding and thermal cutting,Operational equipment hazard (unspecified energy),Standard operating procedures & PPE,Procedural deviation during task execution,Localized occupational injury without life-altering escalation,,ANNOTATED
251,OILPS_OSHA_02536,OSHA,January2015toNovember2025.csv,2020043030,4/2/2020,USA,"TILDEN, TEXAS",Support Activities for Oil and Gas Operations,Workplace Safety Incident,Hospitalization,Stratum_A_Drilling_Heavy_Mechanical,Stratum_A_Drilling_Heavy_Mechanical; Stratum_B_Pressure_Flammable_Chemical_H2S,"An employee was pressure washing a piece of drilling equipment when he slightly slipped, lost his balance, and ran the tip of the pressure washer wand across his foot, causing an injection wound. He was hospitalized with a foot laceration from the high-pressure water.",Pressurized water-blast,"Cuts, lacerations",,,None identified,1,HIGH,"Energy: High-pressure fluid/gas stored energy | Exposure: Worker positioned in active hazard zone during Drilling rig floor pipe/casing operations | Barrier Failure: Intervention on pressurized line / failure to verify zero residual pressure | Escalation: Fatal crushing impact, severe traumatic amputation, or fatal projectile strike",Energy Isolation,,Energy Isolation,Drilling rig floor pipe/casing operations,High-pressure fluid/gas stored energy,"Positive energy isolation, verified depressurization & line-of-fire barricading",Intervention on pressurized line / failure to verify zero residual pressure,"Fatal crushing impact, severe traumatic amputation, or fatal projectile strike",,ANNOTATED
252,OILPS_OSHA_03581,OSHA,January2015toNovember2025.csv,20231110468,11/14/2023,USA,"BIG WELLS, TEXAS",Support Activities for Oil and Gas Operations,Workplace Safety Incident,Hospitalization,Stratum_B_Pressure_Flammable_Chemical_H2S,Stratum_B_Pressure_Flammable_Chemical_H2S,"An employee was near a hybrid separator when it malfunctioned, resulting in a flash fire that burned the employee's upper body.","Mineral sorters, separators, concentrators","Heat (thermal) burns, unspecified",Hot Work,,Hot Work,1,HIGH,"Energy: Flammable hydrocarbons / thermal ignition energy; Toxic H2S gas / oxygen-deficient atmosphere | Exposure: Worker positioned in active hazard zone during Oilfield operational support task | Barrier Failure: Hot work performed near flammable vapors / unverified atmospheric LEL | Escalation: Catastrophic vapor cloud explosion, mass toxic asphyxiation, or fatal burns",Hot Work,Confined Space,Hot Work; Confined Space,Oilfield operational support task,Flammable hydrocarbons / thermal ignition energy; Toxic H2S gas / oxygen-deficient atmosphere,"Continuous LEL gas monitoring, hot work permit & spark containment",Hot work performed near flammable vapors / unverified atmospheric LEL,"Catastrophic vapor cloud explosion, mass toxic asphyxiation, or fatal burns",,ANNOTATED
253,OILPS_OSHA_03767,OSHA,January2015toNovember2025.csv,2024065650,6/24/2024,USA,"OSHKOSH, WISCONSIN",Petroleum Bulk Stations and Terminals,Workplace Safety Incident,Hospitalization,Stratum_F_LowEnergy_Ergonomic_MinorInjury,Stratum_F_LowEnergy_Ergonomic_MinorInjury,"An employee was delivering lubricant to a customer location. After the employee had pulled a lubricant hose from the tanker and inserted the nozzle into the tank, the employee turned around and tripped over an engine stand, resulting in a fall. The employee's right hip was fractured.","Ground, travel, and support surfaces unspecified",Fractures,,,None identified,0,MEDIUM,Energy: Low operational energy | Exposure: Routine task (Oilfield operational support task) | Barrier Failure: Minor procedural deviation | Escalation: Minor localized injury without credible SIF potential,None,,None,Oilfield operational support task,Operational equipment hazard (unspecified energy),Standard operating procedures & PPE,Procedural deviation during task execution,Localized occupational injury without life-altering escalation,,ANNOTATED
254,OILPS_OSHA_01905,OSHA,January2015toNovember2025.csv,20181212440,12/4/2018,USA,"MIDLAND, TEXAS",Support Activities for Oil and Gas Operations,Workplace Safety Incident,Amputation,Stratum_A_Drilling_Heavy_Mechanical,Stratum_A_Drilling_Heavy_Mechanical; Stratum_C_Height_Lifting_Dropped_Objects,"An employee was rigging down a well servicing rig. As the derrick was lowered, it severed his right index finger and thumb under the knuckle. He was hospitalized.",Oil drilling rigs and machinery,Amputations,Working at Height,Safe Mechanical Lifting,Working at Height; Safe Mechanical Lifting,1,HIGH,Energy: Elevated work position (gravitational energy); Suspended heavy mechanical load / falling tubular | Exposure: Worker positioned in active hazard zone during Mechanical hoisting / crane lifting operations | Barrier Failure: Safety lanyard unclipped / absent leading edge fall protection | Escalation: Fatal blunt force trauma from fall at elevation,Safe Mechanical Lifting,Working at Height,Safe Mechanical Lifting; Working at Height,Mechanical hoisting / crane lifting operations,Elevated work position (gravitational energy); Suspended heavy mechanical load / falling tubular,100% continuous tie-off full body safety harness & engineered guardrails,Safety lanyard unclipped / absent leading edge fall protection,Fatal blunt force trauma from fall at elevation,Candidate LSR 'Working at Height' modified to 'Safe Mechanical Lifting'.,ANNOTATED
255,OILPS_OSHA_02170,OSHA,January2015toNovember2025.csv,2019065823,6/9/2019,USA,"CAPE CANAVERAL, FLORIDA",Petroleum Bulk Stations and Terminals,Workplace Safety Incident,Hospitalization,Stratum_B_Pressure_Flammable_Chemical_H2S,Stratum_B_Pressure_Flammable_Chemical_H2S,"An employee was restarting a vapor combustion unit when a burner lit, causing a flash fire. The employee suffered second degree burns.","Special process machinery, n.e.c.",Second degree heat (thermal) burns,Hot Work,,Hot Work,1,HIGH,"Energy: Flammable hydrocarbons / thermal ignition energy | Exposure: Worker positioned in active hazard zone during Oilfield operational support task | Barrier Failure: Hot work performed near flammable vapors / unverified atmospheric LEL | Escalation: Catastrophic vapor cloud explosion, mass toxic asphyxiation, or fatal burns",Hot Work,,Hot Work,Oilfield operational support task,Flammable hydrocarbons / thermal ignition energy,"Continuous LEL gas monitoring, hot work permit & spark containment",Hot work performed near flammable vapors / unverified atmospheric LEL,"Catastrophic vapor cloud explosion, mass toxic asphyxiation, or fatal burns",,ANNOTATED
256,OILPS_OSHA_01361,OSHA,January2015toNovember2025.csv,20171212366,12/29/2017,USA,"SUPERIOR, WISCONSIN",Oil & Gas / Energy Related,Workplace Safety Incident,Hospitalization,Stratum_C_Height_Lifting_Dropped_Objects,Stratum_C_Height_Lifting_Dropped_Objects; Stratum_E_Vehicle_Transport,An employee fell from a flatbed trailer to the ground while securing a load. He landed on his right leg and injured his pelvis.,Trailers,"Soreness, pain, hurt-nonspecified injury",Working at Height,,Working at Height,0,MEDIUM,Energy: Low operational energy | Exposure: Routine task (Oilfield operational support task) | Barrier Failure: Minor procedural deviation | Escalation: Minor localized injury without credible SIF potential,Working at Height,,Working at Height,Oilfield operational support task,Operational equipment hazard (unspecified energy),Standard operating procedures & PPE,Procedural deviation during task execution,Localized occupational injury without life-altering escalation,,ANNOTATED
257,OILPS_OSHA_02786,OSHA,January2015toNovember2025.csv,2021043291,4/21/2021,USA,"ORANGE, TEXAS",Oil & Gas / Energy Related,Workplace Safety Incident,Hospitalization,Stratum_B_Pressure_Flammable_Chemical_H2S,Stratum_B_Pressure_Flammable_Chemical_H2S,"An employee was inspecting a pipeline after hydroblasting. The employee was blasted with a sudden burst of high-pressure steam, suffering burns to the shoulders, hands, and knees.","Steam, vapors-nonchemical","Heat (thermal) burns, unspecified",,,None identified,1,HIGH,"Energy: High-pressure fluid/gas stored energy | Exposure: Worker positioned in active hazard zone during Oilfield operational support task | Barrier Failure: Intervention on pressurized line / failure to verify zero residual pressure | Escalation: Fatal crushing impact, severe traumatic amputation, or fatal projectile strike",Energy Isolation,,Energy Isolation,Oilfield operational support task,High-pressure fluid/gas stored energy,"Positive energy isolation, verified depressurization & line-of-fire barricading",Intervention on pressurized line / failure to verify zero residual pressure,"Fatal crushing impact, severe traumatic amputation, or fatal projectile strike",,ANNOTATED
258,OILPS_OSHA_01645,OSHA,January2015toNovember2025.csv,2018066271,6/25/2018,USA,"NAUGATUCK, CONNECTICUT",Petroleum and Petroleum Products Merchant Wholesalers,Workplace Safety Incident,Hospitalization,Stratum_C_Height_Lifting_Dropped_Objects,Stratum_C_Height_Lifting_Dropped_Objects; Stratum_E_Vehicle_Transport,"On June 25, 2018, an employee was using a sling to offload 120-gallon tanks from the back of a truck. He fell from the truck to the ground, sustaining a lumbar compression fracture.","Truck-motorized freight hauling and utility, unspecified",Fractures,Working at Height,Safe Mechanical Lifting,Working at Height; Safe Mechanical Lifting; Driving,1,HIGH,"Energy: Suspended heavy mechanical load / falling tubular | Exposure: Worker positioned in active hazard zone during Oilfield operational support task | Barrier Failure: Personnel in line of fire / defective rigging hardware or improper rigging | Escalation: Fatal crushing impact, severe traumatic amputation, or fatal projectile strike",Safe Mechanical Lifting,Working at Height,Safe Mechanical Lifting; Working at Height; Driving,Oilfield operational support task,Suspended heavy mechanical load / falling tubular,"Certified rigging gear, dedicated signalman & red zone exclusion barrier",Personnel in line of fire / defective rigging hardware or improper rigging,"Fatal crushing impact, severe traumatic amputation, or fatal projectile strike",Candidate LSR 'Working at Height' modified to 'Safe Mechanical Lifting'.,ANNOTATED
259,OILPS_OSHA_02962,OSHA,January2015toNovember2025.csv,20211210831,12/17/2021,USA,"MILLERSPORT, OHIO",Oil and Gas Pipeline Construction,Workplace Safety Incident,Amputation,Stratum_C_Height_Lifting_Dropped_Objects,Stratum_C_Height_Lifting_Dropped_Objects,"Employee 1 was operating a dozer's winch from inside the cabin. While attempting to unhook from a D-ring, he had to loosen the tension of the cable. Upon doing so, employee 2 walked over to the winch and grabbed the cable with her left hand. When employee 1 moved the controls to spool out the winch, employee 2's left hand was pulled into the cables. Employee 2 sustained a broken left ring finger and a partial amputation to her left little finger.","Excavating machinery, unspecified",Amputations,Safe Mechanical Lifting,,Safe Mechanical Lifting,1,HIGH,"Energy: Suspended heavy mechanical load / falling tubular | Exposure: Worker positioned in active hazard zone during Electrical system maintenance and troubleshooting | Barrier Failure: Personnel in line of fire / defective rigging hardware or improper rigging | Escalation: Fatal crushing impact, severe traumatic amputation, or fatal projectile strike",Safe Mechanical Lifting,,Safe Mechanical Lifting,Electrical system maintenance and troubleshooting,Suspended heavy mechanical load / falling tubular,"Certified rigging gear, dedicated signalman & red zone exclusion barrier",Personnel in line of fire / defective rigging hardware or improper rigging,"Fatal crushing impact, severe traumatic amputation, or fatal projectile strike",,ANNOTATED
260,OILPS_OSHA_02996,OSHA,January2015toNovember2025.csv,2022010873,1/29/2022,USA,"MIDLAND, TEXAS",Support Activities for Oil and Gas Operations,Workplace Safety Incident,Hospitalization,Stratum_A_Drilling_Heavy_Mechanical,Stratum_A_Drilling_Heavy_Mechanical,"An employee was removing bolts from a wellhead tree when the tree fell onto his left leg, resulting in lower leg fractures.",Oil drilling rigs and machinery,Fractures,,,None identified,1,HIGH,"Energy: High-pressure fluid/gas stored energy | Exposure: Worker positioned in active hazard zone during Oilfield operational support task | Barrier Failure: Intervention on pressurized line / failure to verify zero residual pressure | Escalation: Fatal crushing impact, severe traumatic amputation, or fatal projectile strike",Energy Isolation,,Energy Isolation,Oilfield operational support task,High-pressure fluid/gas stored energy,"Positive energy isolation, verified depressurization & line-of-fire barricading",Intervention on pressurized line / failure to verify zero residual pressure,"Fatal crushing impact, severe traumatic amputation, or fatal projectile strike",,ANNOTATED
261,OILPS_OSHA_00630,OSHA,January2015toNovember2025.csv,2016065792,6/28/2016,USA,"EMMA, ILLINOIS",Support Activities for Oil and Gas Operations,Workplace Safety Incident,Amputation,Stratum_C_Height_Lifting_Dropped_Objects,Stratum_C_Height_Lifting_Dropped_Objects,"An employee was helping to remove sand from holding tanks during hydraulic fracturing treatment rigging breakdown. A pipe containing an auger was being used to remove sand from a tank. There was an opening at the end to allow the sand to drop from the pipe, and the employee thought the pipe was stopped up. While inspecting the opening, the employee's left-hand index finger was amputated to the distal joint and the middle finger was severely lacerated by the rotating auger inside the pipe.","Augers, plumbing snakes-nonpowered",Amputations,Safe Mechanical Lifting,,Safe Mechanical Lifting,1,HIGH,"Energy: Suspended heavy mechanical load / falling tubular | Exposure: Worker positioned in active hazard zone during Mechanical hoisting / crane lifting operations | Barrier Failure: Personnel in line of fire / defective rigging hardware or improper rigging | Escalation: Fatal crushing impact, severe traumatic amputation, or fatal projectile strike",Safe Mechanical Lifting,,Safe Mechanical Lifting,Mechanical hoisting / crane lifting operations,Suspended heavy mechanical load / falling tubular,"Certified rigging gear, dedicated signalman & red zone exclusion barrier",Personnel in line of fire / defective rigging hardware or improper rigging,"Fatal crushing impact, severe traumatic amputation, or fatal projectile strike",,ANNOTATED
262,OILPS_OSHA_03660,OSHA,January2015toNovember2025.csv,2024021191,2/7/2024,USA,"MIDLAND, TEXAS",Support Activities for Oil and Gas Operations,Workplace Safety Incident,Hospitalization,Stratum_B_Pressure_Flammable_Chemical_H2S,Stratum_B_Pressure_Flammable_Chemical_H2S; Stratum_C_Height_Lifting_Dropped_Objects,"An employee was holding a back-pressure regulator. A pipe came apart (under tension from a forklift) and injured the employee's left hand, lacerating and fracturing the index finger.","Pipes, ducts, tubing unspecified",Fractures,Safe Mechanical Lifting,,Safe Mechanical Lifting,1,HIGH,"Energy: High-pressure fluid/gas stored energy; Suspended heavy mechanical load / falling tubular | Exposure: Worker positioned in active hazard zone during Mechanical hoisting / crane lifting operations | Barrier Failure: Intervention on pressurized line / failure to verify zero residual pressure | Escalation: Fatal crushing impact, severe traumatic amputation, or fatal projectile strike",Energy Isolation,Safe Mechanical Lifting,Energy Isolation; Safe Mechanical Lifting,Mechanical hoisting / crane lifting operations,High-pressure fluid/gas stored energy; Suspended heavy mechanical load / falling tubular,"Positive energy isolation, verified depressurization & line-of-fire barricading",Intervention on pressurized line / failure to verify zero residual pressure,"Fatal crushing impact, severe traumatic amputation, or fatal projectile strike",Candidate LSR 'Safe Mechanical Lifting' modified to 'Energy Isolation'.,ANNOTATED
263,OILPS_OSHA_00436,OSHA,January2015toNovember2025.csv,2015119837,11/22/2015,USA,"RANKIN, TEXAS",Support Activities for Oil and Gas Operations,Workplace Safety Incident,Hospitalization,Stratum_F_LowEnergy_Ergonomic_MinorInjury,Stratum_F_LowEnergy_Ergonomic_MinorInjury,On 11/22/2015 at 11:50 a.m. an employee was isolating the gas line to identify the point of a suspected ice plug. He walked over to the meter when the hammer union on a two inch gas line disconnected and the pipe struck his leg injuring the tibia and fibula.,"Pipes, ducts, tubing, unspecified","Soreness, pain, hurt-nonspecified injury",,,None identified,1,MEDIUM,Energy: Stored mechanical/tubular energy | Exposure: Floor worker during Oilfield operational support task | Barrier Failure: Line-of-fire control compromised | Escalation: Crushing impact / permanent disabling trauma,None,,None,Oilfield operational support task,Operational equipment hazard (unspecified energy),Standard operating procedures & PPE,Procedural deviation during task execution,Localized occupational injury without life-altering escalation,,ANNOTATED
264,OILPS_OSHA_00816,OSHA,January2015toNovember2025.csv,20161111126,11/30/2016,USA,"MIDLAND, TEXAS",Support Activities for Oil and Gas Operations,Workplace Safety Incident,Hospitalization,Stratum_B_Pressure_Flammable_Chemical_H2S,Stratum_B_Pressure_Flammable_Chemical_H2S,"An employee was working on the engine of a compressor when a flash fire occurred, burning the employee's hands and face. He was hospitalized.",Air compressors,"Heat (thermal) burns, unspecified",Hot Work,,Hot Work,1,HIGH,"Energy: Flammable hydrocarbons / thermal ignition energy | Exposure: Worker positioned in active hazard zone during Oilfield operational support task | Barrier Failure: Hot work performed near flammable vapors / unverified atmospheric LEL | Escalation: Catastrophic vapor cloud explosion, mass toxic asphyxiation, or fatal burns",Hot Work,,Hot Work,Oilfield operational support task,Flammable hydrocarbons / thermal ignition energy,"Continuous LEL gas monitoring, hot work permit & spark containment",Hot work performed near flammable vapors / unverified atmospheric LEL,"Catastrophic vapor cloud explosion, mass toxic asphyxiation, or fatal burns",,ANNOTATED
265,OILPS_OSHA_01078,OSHA,January2015toNovember2025.csv,2017076108,7/3/2017,USA,"LA PORTE, TEXAS",Natural Gas Liquid Extraction,Workplace Safety Incident,Hospitalization,Stratum_F_LowEnergy_Ergonomic_MinorInjury,Stratum_F_LowEnergy_Ergonomic_MinorInjury,"On July 3, 2017, an employee was installing PVC pipe and using a chop saw when the employee experienced heat stress and heat exhaustion symptoms. The employee was hospitalized.",Heat-environmental,Multiple effects of heat and light,,,None identified,1,MEDIUM,Energy: Stored mechanical/tubular energy | Exposure: Floor worker during Oilfield operational support task | Barrier Failure: Line-of-fire control compromised | Escalation: Crushing impact / permanent disabling trauma,None,,None,Oilfield operational support task,Operational equipment hazard (unspecified energy),Standard operating procedures & PPE,Procedural deviation during task execution,Localized occupational injury without life-altering escalation,,ANNOTATED
266,OILPS_OSHA_02673,OSHA,January2015toNovember2025.csv,2020109712,10/12/2020,USA,"ORANGE, TEXAS",Support Activities for Oil and Gas Operations,Workplace Safety Incident,Hospitalization,Stratum_B_Pressure_Flammable_Chemical_H2S,Stratum_B_Pressure_Flammable_Chemical_H2S,"An employee was running a line moling machine to clean the inside of pipe. When the employee went to pressure up the system using a 20-k water line, water from the hose injected into the pinky finger on his left hand.",Pressurized water-blast,"Puncture wounds, except gunshot wounds",,,None identified,1,HIGH,"Energy: High-pressure fluid/gas stored energy | Exposure: Worker positioned in active hazard zone during Oilfield operational support task | Barrier Failure: Intervention on pressurized line / failure to verify zero residual pressure | Escalation: Fatal crushing impact, severe traumatic amputation, or fatal projectile strike",Energy Isolation,,Energy Isolation,Oilfield operational support task,High-pressure fluid/gas stored energy,"Positive energy isolation, verified depressurization & line-of-fire barricading",Intervention on pressurized line / failure to verify zero residual pressure,"Fatal crushing impact, severe traumatic amputation, or fatal projectile strike",,ANNOTATED
267,OILPS_OSHA_01353,OSHA,January2015toNovember2025.csv,20171212130,12/21/2017,USA,"BUTLER, PENNSYLVANIA",Support Activities for Oil and Gas Operations,Workplace Safety Incident,Hospitalization,Stratum_B_Pressure_Flammable_Chemical_H2S,Stratum_B_Pressure_Flammable_Chemical_H2S,"An employee was attempting to adjust a glycol wrap on a pipe when it shifted. High-pressure water then exited the pipe and struck the employee, knocking him to the ground and breaking his ulna.",,Fractures,,,None identified,1,HIGH,"Energy: High-pressure fluid/gas stored energy | Exposure: Worker positioned in active hazard zone during Oilfield operational support task | Barrier Failure: Intervention on pressurized line / failure to verify zero residual pressure | Escalation: Fatal crushing impact, severe traumatic amputation, or fatal projectile strike",Energy Isolation,,Energy Isolation,Oilfield operational support task,High-pressure fluid/gas stored energy,"Positive energy isolation, verified depressurization & line-of-fire barricading",Intervention on pressurized line / failure to verify zero residual pressure,"Fatal crushing impact, severe traumatic amputation, or fatal projectile strike",,ANNOTATED
268,OILPS_OSHA_00049,OSHA,January2015toNovember2025.csv,2015010720,1/23/2015,USA,"ULYSSES, KANSAS",Support Activities for Oil and Gas Operations,Workplace Safety Incident,Hospitalization,Stratum_C_Height_Lifting_Dropped_Objects,Stratum_C_Height_Lifting_Dropped_Objects,"An employee was on the stabbing board to hang the tong line. He unhooked the derrick climber from his harness and when he let go of it he was hit in the mouth, lost his footing, and fell even though his lanyard was attached. His face hit the standpipe of the derrick and the 3 foot fall injured his back.",Derricks and related equipment,"Soreness, pain, hurt-nonspecified injury",Working at Height,Line of Fire,Working at Height; Line of Fire,1,HIGH,Energy: Elevated work position (gravitational energy) | Exposure: Worker positioned in active hazard zone during Oilfield operational support task | Barrier Failure: Safety lanyard unclipped / absent leading edge fall protection | Escalation: Fatal blunt force trauma from fall at elevation,Line of Fire,Working at Height,Line of Fire; Working at Height,Oilfield operational support task,Elevated work position (gravitational energy),100% continuous tie-off full body safety harness & engineered guardrails,Safety lanyard unclipped / absent leading edge fall protection,Fatal blunt force trauma from fall at elevation,Candidate LSR 'Working at Height' modified to 'Line of Fire'.,ANNOTATED
269,OILPS_OSHA_00014,OSHA,January2015toNovember2025.csv,2015010273,1/8/2015,USA,"SARITA, TEXAS",Support Activities for Oil and Gas Operations,Workplace Safety Incident,Hospitalization,Stratum_C_Height_Lifting_Dropped_Objects,Stratum_C_Height_Lifting_Dropped_Objects,"Employee was working from the derrick monkey board latching and unlatching tubing. As he was unlatching the elevator that has horns and a locking mechanism, the employee's harness got caught on the horns. The horns pulled the harness and pulled him down causing small fractures in his knees that required surgery.",Derricks and related equipment,Fractures,Working at Height,,Working at Height,1,HIGH,Energy: Elevated work position (gravitational energy) | Exposure: Worker positioned in active hazard zone during Oilfield operational support task | Barrier Failure: Safety lanyard unclipped / absent leading edge fall protection | Escalation: Fatal blunt force trauma from fall at elevation,Working at Height,,Working at Height,Oilfield operational support task,Elevated work position (gravitational energy),100% continuous tie-off full body safety harness & engineered guardrails,Safety lanyard unclipped / absent leading edge fall protection,Fatal blunt force trauma from fall at elevation,,ANNOTATED
270,OILPS_OSHA_02522,OSHA,January2015toNovember2025.csv,2020032391,3/13/2020,USA,"MIDDLEBOURNE, WEST VIRGINIA",Oil and Gas Pipeline Construction,Workplace Safety Incident,Amputation,Stratum_C_Height_Lifting_Dropped_Objects,Stratum_C_Height_Lifting_Dropped_Objects,"An employee was checking for a seam under a suspended pipe. The sling holding the pipe shifted and the pipe lowered onto his right index finger, crushing the tip. The fingertip was amputated past the nail.","Metal pipes, tubing",Amputations,Safe Mechanical Lifting,,Safe Mechanical Lifting,1,HIGH,"Energy: Suspended heavy mechanical load / falling tubular | Exposure: Worker positioned in active hazard zone during Oilfield operational support task | Barrier Failure: Personnel in line of fire / defective rigging hardware or improper rigging | Escalation: Fatal crushing impact, severe traumatic amputation, or fatal projectile strike",Safe Mechanical Lifting,,Safe Mechanical Lifting,Oilfield operational support task,Suspended heavy mechanical load / falling tubular,"Certified rigging gear, dedicated signalman & red zone exclusion barrier",Personnel in line of fire / defective rigging hardware or improper rigging,"Fatal crushing impact, severe traumatic amputation, or fatal projectile strike",,ANNOTATED
271,OILPS_OSHA_03694,OSHA,January2015toNovember2025.csv,2024032654,3/25/2024,USA,"BARNSDALL, OKLAHOMA",Petroleum Refineries,Workplace Safety Incident,Hospitalization,Stratum_B_Pressure_Flammable_Chemical_H2S,Stratum_B_Pressure_Flammable_Chemical_H2S,An employee was sprayed with hot water when a nearby bleeder valve was under pressure that caused the valve to release. This resulted in burns to their legs and lower torso.,"Water, liquids nonchemical",Thermal burns degree unspecified,Energy Isolation,,Energy Isolation,1,HIGH,"Energy: High-pressure fluid/gas stored energy | Exposure: Worker positioned in active hazard zone during Oilfield operational support task | Barrier Failure: Intervention on pressurized line / failure to verify zero residual pressure | Escalation: Fatal crushing impact, severe traumatic amputation, or fatal projectile strike",Energy Isolation,,Energy Isolation,Oilfield operational support task,High-pressure fluid/gas stored energy,"Positive energy isolation, verified depressurization & line-of-fire barricading",Intervention on pressurized line / failure to verify zero residual pressure,"Fatal crushing impact, severe traumatic amputation, or fatal projectile strike",,ANNOTATED
272,OILPS_OSHA_01060,OSHA,January2015toNovember2025.csv,2017065682,6/21/2017,USA,"GREELEY, COLORADO",Support Activities for Oil and Gas Operations,Workplace Safety Incident,Hospitalization,Stratum_C_Height_Lifting_Dropped_Objects,Stratum_C_Height_Lifting_Dropped_Objects,"An employee was rigging some 2-inch manifold piping near a well head when some of the piping tipped and struck the employee's lower left leg, causing a compound fracture.","Pipes, ducts, tubing, unspecified",Fractures,Safe Mechanical Lifting,,Safe Mechanical Lifting,1,HIGH,"Energy: High-pressure fluid/gas stored energy; Suspended heavy mechanical load / falling tubular | Exposure: Worker positioned in active hazard zone during Mechanical hoisting / crane lifting operations | Barrier Failure: Intervention on pressurized line / failure to verify zero residual pressure | Escalation: Fatal crushing impact, severe traumatic amputation, or fatal projectile strike",Energy Isolation,Safe Mechanical Lifting,Energy Isolation; Safe Mechanical Lifting,Mechanical hoisting / crane lifting operations,High-pressure fluid/gas stored energy; Suspended heavy mechanical load / falling tubular,"Positive energy isolation, verified depressurization & line-of-fire barricading",Intervention on pressurized line / failure to verify zero residual pressure,"Fatal crushing impact, severe traumatic amputation, or fatal projectile strike",Candidate LSR 'Safe Mechanical Lifting' modified to 'Energy Isolation'.,ANNOTATED
273,OILPS_OSHA_01885,OSHA,January2015toNovember2025.csv,20181111869,11/17/2018,USA,"MCGREGOR, NORTH DAKOTA",Natural Gas Liquid Extraction,Workplace Safety Incident,Hospitalization,Stratum_B_Pressure_Flammable_Chemical_H2S,Stratum_B_Pressure_Flammable_Chemical_H2S,An employee was ventilating a building containing a gas leak and the gases ignited when the employee opened the door. The employee suffered first degree burns to the face and neck and second degree burns to both hands.,"Chemicals and chemical products, unspecified",Second degree heat (thermal) burns,,,None identified,1,HIGH,"Energy: Flammable hydrocarbons / thermal ignition energy | Exposure: Worker positioned in active hazard zone during Oilfield operational support task | Barrier Failure: Hot work performed near flammable vapors / unverified atmospheric LEL | Escalation: Catastrophic vapor cloud explosion, mass toxic asphyxiation, or fatal burns",Hot Work,,Hot Work,Oilfield operational support task,Flammable hydrocarbons / thermal ignition energy,"Continuous LEL gas monitoring, hot work permit & spark containment",Hot work performed near flammable vapors / unverified atmospheric LEL,"Catastrophic vapor cloud explosion, mass toxic asphyxiation, or fatal burns",,ANNOTATED
274,OILPS_OSHA_03827,OSHA,January2015toNovember2025.csv,2024087451,8/14/2024,USA,"MALTA, MONTANA",Support Activities for Oil and Gas Operations,Workplace Safety Incident,Amputation,Stratum_C_Height_Lifting_Dropped_Objects,Stratum_C_Height_Lifting_Dropped_Objects,"An employee was replacing the well house. After installing the new well house, the employee drilled a 2- to 3-inch hole in the side of the well house to run a 2-inch pipe. The employee inserted the pipe into the hole and secured it inside the well house. The employee then traveled outside the well house to apply tape onto the threaded section of the new pipe. The employee used his left index finger to hold the tape on the threads. The pipe section inside the well house fell from its support and the employee's finger was lacerated, resulting in a fingertip amputation.","Pipes, ducts, tubing unspecified","Amputations, avulsions, enucleations unspecified",Working at Height,,Working at Height,1,MEDIUM,Energy: Stored mechanical/tubular energy | Exposure: Floor worker during Oilfield operational support task | Barrier Failure: Line-of-fire control compromised | Escalation: Crushing impact / permanent disabling trauma,Working at Height,,Working at Height,Oilfield operational support task,Operational equipment hazard (unspecified energy),Standard operating procedures & PPE,Procedural deviation during task execution,Localized occupational injury without life-altering escalation,,ANNOTATED
275,OILPS_OSHA_01023,OSHA,January2015toNovember2025.csv,2017054785,5/27/2017,USA,"TILDEN, TEXAS",Support Activities for Oil and Gas Operations,Workplace Safety Incident,Hospitalization,Stratum_D_ConfinedSpace_HotWork_Isolation,Stratum_D_ConfinedSpace_HotWork_Isolation; Stratum_F_LowEnergy_Ergonomic_MinorInjury,An employee was welding outside when he experienced leg and arm cramps. He was hospitalized due to heat stress and dehydration.,Heat-environmental,Multiple effects of heat and light,Hot Work,,Hot Work,0,MEDIUM,Energy: Low operational energy | Exposure: Routine task (Hot work / welding and thermal cutting) | Barrier Failure: Minor procedural deviation | Escalation: Minor localized injury without credible SIF potential,Hot Work,,Hot Work,Hot work / welding and thermal cutting,Operational equipment hazard (unspecified energy),Standard operating procedures & PPE,Procedural deviation during task execution,Localized occupational injury without life-altering escalation,,ANNOTATED
276,OILPS_OSHA_00578,OSHA,January2015toNovember2025.csv,2016053777,5/4/2016,USA,"ODESSA, TEXAS",Support Activities for Oil and Gas Operations,Workplace Safety Incident,Hospitalization,Stratum_C_Height_Lifting_Dropped_Objects,Stratum_C_Height_Lifting_Dropped_Objects; Stratum_E_Vehicle_Transport,An employee was on the forks of a forklift installing anti-pigeon spikes on the ceiling when his finger was crushed between the forklift and a beam.,"Forklift, order picker, platform truck-powered",Crushing injuries,Safe Mechanical Lifting,,Safe Mechanical Lifting,1,HIGH,"Energy: Suspended heavy mechanical load / falling tubular | Exposure: Worker positioned in active hazard zone during Mechanical hoisting / crane lifting operations | Barrier Failure: Personnel in line of fire / defective rigging hardware or improper rigging | Escalation: Fatal crushing impact, severe traumatic amputation, or fatal projectile strike",Safe Mechanical Lifting,,Safe Mechanical Lifting,Mechanical hoisting / crane lifting operations,Suspended heavy mechanical load / falling tubular,"Certified rigging gear, dedicated signalman & red zone exclusion barrier",Personnel in line of fire / defective rigging hardware or improper rigging,"Fatal crushing impact, severe traumatic amputation, or fatal projectile strike",,ANNOTATED
277,OILPS_OSHA_00040,OSHA,January2015toNovember2025.csv,2015010597,1/19/2015,USA,"STANLEY, NORTH DAKOTA",Support Activities for Oil and Gas Operations,Workplace Safety Incident,Hospitalization,Stratum_C_Height_Lifting_Dropped_Objects,Stratum_C_Height_Lifting_Dropped_Objects,An employee suffered a back injury when a hopper that was being lifted by a forklift fell on the employee.,"Containers, n.e.c.","Soreness, pain, hurt-nonspecified injury",Safe Mechanical Lifting,,Safe Mechanical Lifting,1,HIGH,"Energy: Suspended heavy mechanical load / falling tubular | Exposure: Worker positioned in active hazard zone during Mechanical hoisting / crane lifting operations | Barrier Failure: Personnel in line of fire / defective rigging hardware or improper rigging | Escalation: Fatal crushing impact, severe traumatic amputation, or fatal projectile strike",Safe Mechanical Lifting,,Safe Mechanical Lifting,Mechanical hoisting / crane lifting operations,Suspended heavy mechanical load / falling tubular,"Certified rigging gear, dedicated signalman & red zone exclusion barrier",Personnel in line of fire / defective rigging hardware or improper rigging,"Fatal crushing impact, severe traumatic amputation, or fatal projectile strike",,ANNOTATED
278,OILPS_OSHA_00438,OSHA,January2015toNovember2025.csv,2015118857,11/23/2015,USA,"NEW TOWN, NORTH DAKOTA",Support Activities for Oil and Gas Operations,Workplace Safety Incident,Hospitalization,Stratum_A_Drilling_Heavy_Mechanical,Stratum_A_Drilling_Heavy_Mechanical,"An employee was installing casing joints in a well using tongs when the bite of the tongs malfunctioned and the tongs bucked unexpectedly. The employee's hand got crushed between the tongs and the derrick, causing hand fractures.",Oil drilling rigs and machinery,Fractures,Working at Height,,Working at Height,1,HIGH,Energy: Elevated work position (gravitational energy) | Exposure: Worker positioned in active hazard zone during Drilling rig floor pipe/casing operations | Barrier Failure: Safety lanyard unclipped / absent leading edge fall protection | Escalation: Fatal blunt force trauma from fall at elevation,Working at Height,,Working at Height,Drilling rig floor pipe/casing operations,Elevated work position (gravitational energy),100% continuous tie-off full body safety harness & engineered guardrails,Safety lanyard unclipped / absent leading edge fall protection,Fatal blunt force trauma from fall at elevation,,ANNOTATED
279,OILPS_OSHA_01693,OSHA,January2015toNovember2025.csv,2018077315,7/19/2018,USA,"LITTLE ROCK, ARKANSAS",Oil & Gas / Energy Related,Workplace Safety Incident,Hospitalization,Stratum_D_ConfinedSpace_HotWork_Isolation,Stratum_D_ConfinedSpace_HotWork_Isolation,"While welding a tab to the end of a pipe, an employee was struck in the head by another pipe that was being moved laterally by another employee. The employee suffered an epidural hematoma.","Metal pipes, tubing",Cerebral and other intracranial hemorrhages,Hot Work,,Hot Work,1,MEDIUM,Energy: Stored mechanical/tubular energy | Exposure: Floor worker during Hot work / welding and thermal cutting | Barrier Failure: Line-of-fire control compromised | Escalation: Crushing impact / permanent disabling trauma,Hot Work,,Hot Work,Hot work / welding and thermal cutting,Operational equipment hazard (unspecified energy),Standard operating procedures & PPE,Procedural deviation during task execution,Localized occupational injury without life-altering escalation,,ANNOTATED
280,OILPS_OSHA_04005,OSHA,January2015toNovember2025.csv,2025032244,3/9/2025,USA,"TIOGA, NORTH DAKOTA",Support Activities for Oil and Gas Operations,Workplace Safety Incident,Hospitalization,Stratum_F_LowEnergy_Ergonomic_MinorInjury,Stratum_F_LowEnergy_Ergonomic_MinorInjury,"An employee was running a pig through a water line to clear the ice. The pig caused the 12-inch water line to whip and strike the employee, resulting in a head laceration and broken leg.",Pressurized containers unspecified,"Fractures and surface, flesh wounds",Line of Fire,,Line of Fire,0,MEDIUM,Energy: Low operational energy | Exposure: Routine task (Oilfield operational support task) | Barrier Failure: Minor procedural deviation | Escalation: Minor localized injury without credible SIF potential,Line of Fire,,Line of Fire,Oilfield operational support task,Operational equipment hazard (unspecified energy),Standard operating procedures & PPE,Procedural deviation during task execution,Localized occupational injury without life-altering escalation,,ANNOTATED
281,OILPS_OSHA_04003,OSHA,January2015toNovember2025.csv,2025032239,3/9/2025,USA,"ACKERLY, TEXAS",Support Activities for Oil and Gas Operations,Workplace Safety Incident,Hospitalization,Stratum_B_Pressure_Flammable_Chemical_H2S,Stratum_B_Pressure_Flammable_Chemical_H2S,"An employee was walking the floor of a rig when a plug from an assembly on the rig came under pressure and blew off, striking the employee in their left thigh and resulting in an open fracture of the femur.",Parts and materials unspecified,Fractures,,,None identified,1,HIGH,"Energy: High-pressure fluid/gas stored energy | Exposure: Worker positioned in active hazard zone during Oilfield operational support task | Barrier Failure: Intervention on pressurized line / failure to verify zero residual pressure | Escalation: Fatal crushing impact, severe traumatic amputation, or fatal projectile strike",Energy Isolation,,Energy Isolation,Oilfield operational support task,High-pressure fluid/gas stored energy,"Positive energy isolation, verified depressurization & line-of-fire barricading",Intervention on pressurized line / failure to verify zero residual pressure,"Fatal crushing impact, severe traumatic amputation, or fatal projectile strike",,ANNOTATED
282,OILPS_OSHA_01653,OSHA,January2015toNovember2025.csv,2018066508,6/29/2018,USA,"WESTLAKE, LOUISIANA",Petroleum Refineries,Workplace Safety Incident,Hospitalization,Stratum_F_LowEnergy_Ergonomic_MinorInjury,Stratum_F_LowEnergy_Ergonomic_MinorInjury,An employee was cutting the coke or removing the coke from the drum to the loading area. Steam was released during the coke cutting process and the employee suffered burns to the neck/jawline and hand/wrist areas.,"Steam, vapors, liquids, ice, unspecified","Heat (thermal) burns, unspecified",,,None identified,0,MEDIUM,Energy: Low operational energy | Exposure: Routine task (Oilfield operational support task) | Barrier Failure: Minor procedural deviation | Escalation: Minor localized injury without credible SIF potential,None,,None,Oilfield operational support task,Operational equipment hazard (unspecified energy),Standard operating procedures & PPE,Procedural deviation during task execution,Localized occupational injury without life-altering escalation,,ANNOTATED
283,OILPS_OSHA_04158,OSHA,January2015toNovember2025.csv,2025088431,8/23/2025,USA,"LITTLETON, WEST VIRGINIA",Support Activities for Oil and Gas Operations,Workplace Safety Incident,Hospitalization,Stratum_E_Vehicle_Transport,Stratum_E_Vehicle_Transport,"An employee was delivering a load to a customer location. As the employee made a right-hand turn onto a road, the tractor trailer tracked off the roadway and overturned. The employee sustained bleeding on the brain, a fractured collarbone, and a fractured finger.","Other semi, tractor-trailer",Cerebral and other intracranial hemorrhages without skull fracture,,,None identified,1,HIGH,Energy: Heavy commercial vehicle kinetic energy | Exposure: Worker positioned in active hazard zone during Oilfield operational support task | Barrier Failure: Loss of vehicle control on road shoulder / excessive speed for conditions | Escalation: Fatal vehicular rollover / cabin crushing trauma,Driving,,Driving,Oilfield operational support task,Heavy commercial vehicle kinetic energy,Journey management speed compliance & seatbelt usage,Loss of vehicle control on road shoulder / excessive speed for conditions,Fatal vehicular rollover / cabin crushing trauma,,ANNOTATED
284,OILPS_OSHA_03742,OSHA,January2015toNovember2025.csv,2024054448,5/21/2024,USA,"MIAMI, TEXAS",Drilling Oil and Gas Wells,Workplace Safety Incident,Amputation,Stratum_A_Drilling_Heavy_Mechanical,Stratum_A_Drilling_Heavy_Mechanical,A crew was pulling pipe out of the hole and laying pipe/joint one at a time. The injured employee was laying down a drill collar after removing it when the collar swung and pinched their left little finger against a stationary part. The finger was amputated at the first joint.,"Pipes, tubes metal",Amputations involving bone loss,,,None identified,1,MEDIUM,Energy: Stored mechanical/tubular energy | Exposure: Floor worker during Oilfield operational support task | Barrier Failure: Line-of-fire control compromised | Escalation: Crushing impact / permanent disabling trauma,None,,None,Oilfield operational support task,Operational equipment hazard (unspecified energy),Standard operating procedures & PPE,Procedural deviation during task execution,Localized occupational injury without life-altering escalation,,ANNOTATED
285,OILPS_OSHA_00427,OSHA,January2015toNovember2025.csv,2015118676,11/16/2015,USA,"PETTUS, TEXAS",Oil and Gas Pipeline Construction,Workplace Safety Incident,Hospitalization,Stratum_F_LowEnergy_Ergonomic_MinorInjury,Stratum_F_LowEnergy_Ergonomic_MinorInjury,"An employee was working in front of the side boom when the employee tripped and fell. The side boom moved forward several feet, and the boom track ran over the employee, fracturing their right leg and foot.",Cranes-other mobile cranes,Fractures,,,None identified,0,MEDIUM,Energy: Low operational energy | Exposure: Routine task (Oilfield operational support task) | Barrier Failure: Minor procedural deviation | Escalation: Minor localized injury without credible SIF potential,None,,None,Oilfield operational support task,Operational equipment hazard (unspecified energy),Standard operating procedures & PPE,Procedural deviation during task execution,Localized occupational injury without life-altering escalation,,ANNOTATED
286,OILPS_OSHA_02339,OSHA,January2015toNovember2025.csv,20190910175,9/28/2019,USA,"ABBEVILLE, LOUISIANA",Oil and Gas Pipeline Construction,Workplace Safety Incident,Hospitalization,Stratum_D_ConfinedSpace_HotWork_Isolation,Stratum_D_ConfinedSpace_HotWork_Isolation; Stratum_E_Vehicle_Transport,An employee was standing on the side of a skid plate while waiting for a welding box to be delivered. A second employee was driving a golf cart to bring the first employee the welding box. The welding box fell onto the accelerator pedal while the driver was approaching the first employee. The golf cart then struck the first employee on the back of his right leg and pushed him onto the skid plate. He sustained a fractured leg.,"Golf cart, personnel transport cart",Fractures,Hot Work,Driving,Hot Work; Driving,0,MEDIUM,Energy: Low operational energy | Exposure: Routine task (Hot work / welding and thermal cutting) | Barrier Failure: Minor procedural deviation | Escalation: Minor localized injury without credible SIF potential,Hot Work,Driving,Hot Work; Driving,Hot work / welding and thermal cutting,Operational equipment hazard (unspecified energy),Standard operating procedures & PPE,Procedural deviation during task execution,Localized occupational injury without life-altering escalation,,ANNOTATED
287,OILPS_OSHA_01923,OSHA,January2015toNovember2025.csv,20181212992,12/19/2018,USA,"FORTUNA, NORTH DAKOTA",Support Activities for Oil and Gas Operations,Workplace Safety Incident,Hospitalization,Stratum_A_Drilling_Heavy_Mechanical,Stratum_A_Drilling_Heavy_Mechanical; Stratum_B_Pressure_Flammable_Chemical_H2S,"An employee was performing maintenance on a heater treater. When he opened the heater treater door an explosion occurred. The employee sustained hand, body, and face burns.",Oil drilling rigs and machinery,"Heat (thermal) burns, unspecified",,,None identified,1,HIGH,"Energy: Flammable hydrocarbons / thermal ignition energy | Exposure: Worker positioned in active hazard zone during Oilfield operational support task | Barrier Failure: Hot work performed near flammable vapors / unverified atmospheric LEL | Escalation: Catastrophic vapor cloud explosion, mass toxic asphyxiation, or fatal burns",Hot Work,,Hot Work,Oilfield operational support task,Flammable hydrocarbons / thermal ignition energy,"Continuous LEL gas monitoring, hot work permit & spark containment",Hot work performed near flammable vapors / unverified atmospheric LEL,"Catastrophic vapor cloud explosion, mass toxic asphyxiation, or fatal burns",,ANNOTATED
288,OILPS_OSHA_03483,OSHA,January2015toNovember2025.csv,2023076164,7/11/2023,USA,"BRIDGER, MONTANA",Oil & Gas / Energy Related,Workplace Safety Incident,Hospitalization,Stratum_G_General_Oilfield_Operations,Stratum_G_General_Oilfield_Operations,"An employee was painting pipeline risers. After he completed painting, the employee was cleaning the paint sprayer nozzle with mineral spirits (petroleum base solvent used as paint thinner) when his right hand slipped, causing cleaning solvent to inject into the lower front portion of his left middle finger. The employee was hospitalized and had surgery.","Paint removers, thinners","Puncture wounds, except gunshot wounds",,,None identified,1,MEDIUM,Energy: Stored mechanical/tubular energy | Exposure: Floor worker during Oilfield operational support task | Barrier Failure: Line-of-fire control compromised | Escalation: Crushing impact / permanent disabling trauma,None,,None,Oilfield operational support task,Operational equipment hazard (unspecified energy),Standard operating procedures & PPE,Procedural deviation during task execution,Localized occupational injury without life-altering escalation,,ANNOTATED
289,OILPS_OSHA_01348,OSHA,January2015toNovember2025.csv,20171211996,12/18/2017,USA,"BATON ROUGE, LOUISIANA",Petroleum Refineries,Workplace Safety Incident,Hospitalization,Stratum_B_Pressure_Flammable_Chemical_H2S,Stratum_B_Pressure_Flammable_Chemical_H2S; Stratum_F_LowEnergy_Ergonomic_MinorInjury,An employee stepped into an area where hot condensate was present and sustained a condensate burn to the lower right leg.,"Steam, vapors, liquids, ice, unspecified","Heat (thermal) burns, unspecified",,,None identified,0,MEDIUM,Energy: Low operational energy | Exposure: Routine task (Oilfield operational support task) | Barrier Failure: Minor procedural deviation | Escalation: Minor localized injury without credible SIF potential,None,,None,Oilfield operational support task,Operational equipment hazard (unspecified energy),Standard operating procedures & PPE,Procedural deviation during task execution,Localized occupational injury without life-altering escalation,,ANNOTATED
290,OILPS_OSHA_03589,OSHA,January2015toNovember2025.csv,20231110914,11/29/2023,USA,"MIDLAND, TEXAS",Support Activities for Oil and Gas Operations,Workplace Safety Incident,Hospitalization,Stratum_A_Drilling_Heavy_Mechanical,Stratum_A_Drilling_Heavy_Mechanical; Stratum_B_Pressure_Flammable_Chemical_H2S; Stratum_D_ConfinedSpace_HotWork_Isolation,An employee removed the spark plugs and was rotating an engine to evacuate condensate from the cylinders. An unknown source ignited the condensate and natural gas. The employee sustained burns to the back of his hands and upper leg area.,Oil drilling rigs and machinery,"Heat (thermal) burns, unspecified",Hot Work,,Hot Work,0,MEDIUM,Energy: Low operational energy | Exposure: Routine task (Oilfield operational support task) | Barrier Failure: Minor procedural deviation | Escalation: Minor localized injury without credible SIF potential,Hot Work,,Hot Work,Oilfield operational support task,Operational equipment hazard (unspecified energy),Standard operating procedures & PPE,Procedural deviation during task execution,Localized occupational injury without life-altering escalation,,ANNOTATED
291,OILPS_OSHA_00576,OSHA,January2015toNovember2025.csv,2016053753,5/4/2016,USA,"STONEHAM, COLORADO",Support Activities for Oil and Gas Operations,Workplace Safety Incident,Hospitalization,Stratum_B_Pressure_Flammable_Chemical_H2S,Stratum_B_Pressure_Flammable_Chemical_H2S,An employee was using a pressure washer at an oil and gas site. The water pressure was approximately 1400 psi. He lost control of the hose and the wand struck the employee's left hand causing a laceration between the thumb and wrist. The employee was hospitalized overnight.,Power washers,"Cuts, lacerations",,,None identified,1,HIGH,"Energy: High-pressure fluid/gas stored energy | Exposure: Worker positioned in active hazard zone during Oilfield operational support task | Barrier Failure: Intervention on pressurized line / failure to verify zero residual pressure | Escalation: Fatal crushing impact, severe traumatic amputation, or fatal projectile strike",Energy Isolation,,Energy Isolation,Oilfield operational support task,High-pressure fluid/gas stored energy,"Positive energy isolation, verified depressurization & line-of-fire barricading",Intervention on pressurized line / failure to verify zero residual pressure,"Fatal crushing impact, severe traumatic amputation, or fatal projectile strike",,ANNOTATED
292,OILPS_OSHA_02476,OSHA,January2015toNovember2025.csv,2020010794,1/24/2020,USA,"SCHERTZ, TEXAS",Petroleum Lubricating Oil and Grease Manufacturing,Workplace Safety Incident,Hospitalization,Stratum_D_ConfinedSpace_HotWork_Isolation,Stratum_D_ConfinedSpace_HotWork_Isolation,"A maintenance employee was attempting to repair/replace an inoperative breaker to a hot oil furnace when an electrical arc flash occurred, causing first degree burns to the employee's hands.","Switchboards, switches, fuses",First degree electrical burns,Energy Isolation,,Energy Isolation,1,HIGH,Energy: Energized electrical circuit / arc flash energy | Exposure: Worker positioned in active hazard zone during Electrical system maintenance and troubleshooting | Barrier Failure: Work on live circuit without electrical isolation or insulated tools | Escalation: Fatal electrocution / severe whole-body arc flash thermal trauma,Energy Isolation,,Energy Isolation,Electrical system maintenance and troubleshooting,Energized electrical circuit / arc flash energy,"Lockout/Tagout (LOTO), zero voltage test & arc-rated personal protective equipment",Work on live circuit without electrical isolation or insulated tools,Fatal electrocution / severe whole-body arc flash thermal trauma,,ANNOTATED
293,OILPS_OSHA_02861,OSHA,January2015toNovember2025.csv,2021076146,7/26/2021,USA,"DECATUR, ILLINOIS",Support Activities for Oil and Gas Operations,Workplace Safety Incident,Hospitalization,Stratum_B_Pressure_Flammable_Chemical_H2S,Stratum_B_Pressure_Flammable_Chemical_H2S,"On July 26, 2021, an employee was hydroblasting using a 5,500 psi water blast gun with a 66-inch barrel. The barrel was run across the top of his left boot, lacerating the top of the foot. He was hospitalized, requiring cleaning and stitches for the wound.",Pressurized water-blast,"Cuts, lacerations",,,None identified,1,HIGH,"Energy: High-pressure fluid/gas stored energy | Exposure: Worker positioned in active hazard zone during Oilfield operational support task | Barrier Failure: Intervention on pressurized line / failure to verify zero residual pressure | Escalation: Fatal crushing impact, severe traumatic amputation, or fatal projectile strike",Energy Isolation,,Energy Isolation,Oilfield operational support task,High-pressure fluid/gas stored energy,"Positive energy isolation, verified depressurization & line-of-fire barricading",Intervention on pressurized line / failure to verify zero residual pressure,"Fatal crushing impact, severe traumatic amputation, or fatal projectile strike",,ANNOTATED
294,OILPS_OSHA_01187,OSHA,January2015toNovember2025.csv,2017098772,9/13/2017,USA,"HAWLEY, PENNSYLVANIA",Oil and Gas Pipeline Construction,Workplace Safety Incident,Hospitalization,Stratum_C_Height_Lifting_Dropped_Objects,Stratum_C_Height_Lifting_Dropped_Objects,"An employee was at the top of a fixed ladder mounted on the interior of a 10-foot deep trench box. It was raining and the employee's feet and the ladder were wet. The employee slipped off the ladder and fell onto his back on the plywood flooring of the excavation, sustaining a back injury.",Ladders-fixed,"Soreness, pain, hurt-nonspecified injury",Working at Height,,Working at Height,1,HIGH,Energy: Elevated work position (gravitational energy) | Exposure: Worker positioned in active hazard zone during Oilfield operational support task | Barrier Failure: Safety lanyard unclipped / absent leading edge fall protection | Escalation: Fatal blunt force trauma from fall at elevation,Working at Height,,Working at Height,Oilfield operational support task,Elevated work position (gravitational energy),100% continuous tie-off full body safety harness & engineered guardrails,Safety lanyard unclipped / absent leading edge fall protection,Fatal blunt force trauma from fall at elevation,,ANNOTATED
295,OILPS_OSHA_02361,OSHA,January2015toNovember2025.csv,20191010790,10/15/2019,USA,"KENOVA, WEST VIRGINIA",Petroleum Bulk Stations and Terminals,Workplace Safety Incident,Hospitalization,Stratum_C_Height_Lifting_Dropped_Objects,Stratum_C_Height_Lifting_Dropped_Objects,"On October 15, 2019, an employee was attempting to secure a barge when his right hand was crushed and lacerated by the winch wheel.","Drums, pulleys, sheaves","Cuts, lacerations",Safe Mechanical Lifting,,Safe Mechanical Lifting,1,HIGH,"Energy: Suspended heavy mechanical load / falling tubular | Exposure: Worker positioned in active hazard zone during Oilfield operational support task | Barrier Failure: Personnel in line of fire / defective rigging hardware or improper rigging | Escalation: Fatal crushing impact, severe traumatic amputation, or fatal projectile strike",Safe Mechanical Lifting,,Safe Mechanical Lifting,Oilfield operational support task,Suspended heavy mechanical load / falling tubular,"Certified rigging gear, dedicated signalman & red zone exclusion barrier",Personnel in line of fire / defective rigging hardware or improper rigging,"Fatal crushing impact, severe traumatic amputation, or fatal projectile strike",,ANNOTATED
296,OILPS_OSHA_02318,OSHA,January2015toNovember2025.csv,2019099506,9/11/2019,USA,"DEQUINCY, LOUISIANA",Drilling Oil and Gas Wells,Workplace Safety Incident,Hospitalization,Stratum_A_Drilling_Heavy_Mechanical,Stratum_A_Drilling_Heavy_Mechanical,"An employee was standing on the floor of a drilling rig while hooking up a Kelly hose to a pipe. The hose struck him below the left shoulder blade, and he rolled off the rig and fell to the ground. He suffered kidney trauma, broken ribs, and a liver laceration.",Oil drilling rigs and machinery,Internal injuries to organs and blood vessels of the trunk,,,None identified,1,MEDIUM,Energy: Stored mechanical/tubular energy | Exposure: Floor worker during Drilling rig floor pipe/casing operations | Barrier Failure: Line-of-fire control compromised | Escalation: Crushing impact / permanent disabling trauma,None,,None,Drilling rig floor pipe/casing operations,Operational equipment hazard (unspecified energy),Standard operating procedures & PPE,Procedural deviation during task execution,Localized occupational injury without life-altering escalation,,ANNOTATED
297,OILPS_OSHA_02044,OSHA,January2015toNovember2025.csv,2019032630,3/12/2019,USA,"HOUSTON, TEXAS",Asphalt Paving Mixture and Block Manufacturing,Workplace Safety Incident,Hospitalization,Stratum_E_Vehicle_Transport,Stratum_E_Vehicle_Transport,An employee was preparing to load asphalt into a truck. The employee was about to line up the hose into the opening of the truck when the asphalt in the tanker flashed causing second degree burns to the employee's face and arms.,"Paving asphalt, asphaltic cement",Second degree heat (thermal) burns,Driving,,Driving,0,MEDIUM,Energy: Low operational energy | Exposure: Routine task (Oilfield operational support task) | Barrier Failure: Minor procedural deviation | Escalation: Minor localized injury without credible SIF potential,Driving,,Driving,Oilfield operational support task,Operational equipment hazard (unspecified energy),Standard operating procedures & PPE,Procedural deviation during task execution,Localized occupational injury without life-altering escalation,,ANNOTATED
298,OILPS_OSHA_03476,OSHA,January2015toNovember2025.csv,2023076017,7/7/2023,USA,"SYLVIA, KANSAS",Pipeline Transportation of Crude Oil,Workplace Safety Incident,Hospitalization,Stratum_B_Pressure_Flammable_Chemical_H2S,Stratum_B_Pressure_Flammable_Chemical_H2S,An employee was exposed to hydrogen sulfide while loading crude oil. The employee was hospitalized.,Hydrogen sulfide,"Poisoning, toxic, noxious, or allergenic effect, unspecified",Toxic Gas / Hazardous Substance,,Toxic Gas / Hazardous Substance,1,HIGH,"Energy: Toxic H2S gas / oxygen-deficient atmosphere | Exposure: Worker positioned in active hazard zone during Oilfield operational support task | Barrier Failure: Entry into enclosed vessel without atmospheric verification or forced ventilation | Escalation: Catastrophic vapor cloud explosion, mass toxic asphyxiation, or fatal burns",Confined Space,Toxic Gas / Hazardous Substance,Confined Space; Toxic Gas / Hazardous Substance,Oilfield operational support task,Toxic H2S gas / oxygen-deficient atmosphere,"Pre-entry atmospheric gas test, confined space permit & standby rescuer",Entry into enclosed vessel without atmospheric verification or forced ventilation,"Catastrophic vapor cloud explosion, mass toxic asphyxiation, or fatal burns",Candidate LSR 'Toxic Gas / Hazardous Substance' modified to 'Confined Space'.,ANNOTATED
299,OILPS_OSHA_03937,OSHA,January2015toNovember2025.csv,20241211764,12/20/2024,USA,"IRVINGTON, ALABAMA",Oil & Gas / Energy Related,Workplace Safety Incident,Hospitalization,Stratum_D_ConfinedSpace_HotWork_Isolation,Stratum_D_ConfinedSpace_HotWork_Isolation,An employee was handing a hot welding torch to his employer when the welding tip touched the employee's left hand between the knuckle and wrist. The employee sustained a burn to the hand.,"Torches welding, cutting",Thermal burns degree unspecified,Hot Work,,Hot Work,1,HIGH,"Energy: Flammable hydrocarbons / thermal ignition energy | Exposure: Worker positioned in active hazard zone during Hot work / welding and thermal cutting | Barrier Failure: Hot work performed near flammable vapors / unverified atmospheric LEL | Escalation: Catastrophic vapor cloud explosion, mass toxic asphyxiation, or fatal burns",Hot Work,,Hot Work,Hot work / welding and thermal cutting,Flammable hydrocarbons / thermal ignition energy,"Continuous LEL gas monitoring, hot work permit & spark containment",Hot work performed near flammable vapors / unverified atmospheric LEL,"Catastrophic vapor cloud explosion, mass toxic asphyxiation, or fatal burns",,ANNOTATED
300,OILPS_OSHA_00950,OSHA,January2015toNovember2025.csv,2017032944,3/31/2017,USA,"HURRICANE, WEST VIRGINIA",Support Activities for Oil and Gas Operations,Workplace Safety Incident,Hospitalization,Stratum_B_Pressure_Flammable_Chemical_H2S,Stratum_B_Pressure_Flammable_Chemical_H2S,"An employee was cutting a fallen tree that was laying on a telephone cable. When the tree was cut, pressure was released on the telephone cable, which sprung back up and threw the limb toward the employee. He suffered a contusion to the right side of his face.","Limbs, branches-unattached","Bruises, contusions",,,None identified,1,HIGH,"Energy: High-pressure fluid/gas stored energy | Exposure: Worker positioned in active hazard zone during Electrical system maintenance and troubleshooting | Barrier Failure: Intervention on pressurized line / failure to verify zero residual pressure | Escalation: Fatal crushing impact, severe traumatic amputation, or fatal projectile strike",Energy Isolation,,Energy Isolation,Electrical system maintenance and troubleshooting,High-pressure fluid/gas stored energy,"Positive energy isolation, verified depressurization & line-of-fire barricading",Intervention on pressurized line / failure to verify zero residual pressure,"Fatal crushing impact, severe traumatic amputation, or fatal projectile strike",,ANNOTATED
301,OILPS_OSHA_03485,OSHA,January2015toNovember2025.csv,2023076211,7/12/2023,USA,"MOULTON, TEXAS",Support Activities for Oil and Gas Operations,Workplace Safety Incident,Hospitalization,Stratum_B_Pressure_Flammable_Chemical_H2S,Stratum_B_Pressure_Flammable_Chemical_H2S,"An employee was pressure washing a gas compression unit when they stepped off a 3-foot high skid and fell to the ground, sustaining an ankle fracture.","Skids, pallets",Fractures,,,None identified,1,HIGH,"Energy: High-pressure fluid/gas stored energy | Exposure: Worker positioned in active hazard zone during Oilfield operational support task | Barrier Failure: Intervention on pressurized line / failure to verify zero residual pressure | Escalation: Fatal crushing impact, severe traumatic amputation, or fatal projectile strike",Energy Isolation,,Energy Isolation,Oilfield operational support task,High-pressure fluid/gas stored energy,"Positive energy isolation, verified depressurization & line-of-fire barricading",Intervention on pressurized line / failure to verify zero residual pressure,"Fatal crushing impact, severe traumatic amputation, or fatal projectile strike",,ANNOTATED
302,OILPS_OSHA_01941,OSHA,January2015toNovember2025.csv,2019010175,1/7/2019,USA,"PASADENA, TEXAS",Oil and Gas Pipeline Construction,Workplace Safety Incident,Amputation,Stratum_C_Height_Lifting_Dropped_Objects,Stratum_C_Height_Lifting_Dropped_Objects,"A foreman and his crew were about to take a section of a crane hook and move it into position. The foreman stopped work, noticing something wrong, and the pipe shifted and struck his hands while they were on the handrail. He suffered amputation injuries to his left ring and little fingers.",,Amputations,Safe Mechanical Lifting,,Safe Mechanical Lifting,1,HIGH,"Energy: Suspended heavy mechanical load / falling tubular | Exposure: Worker positioned in active hazard zone during Mechanical hoisting / crane lifting operations | Barrier Failure: Personnel in line of fire / defective rigging hardware or improper rigging | Escalation: Fatal crushing impact, severe traumatic amputation, or fatal projectile strike",Safe Mechanical Lifting,,Safe Mechanical Lifting,Mechanical hoisting / crane lifting operations,Suspended heavy mechanical load / falling tubular,"Certified rigging gear, dedicated signalman & red zone exclusion barrier",Personnel in line of fire / defective rigging hardware or improper rigging,"Fatal crushing impact, severe traumatic amputation, or fatal projectile strike",,ANNOTATED
303,OILPS_OSHA_03730,OSHA,January2015toNovember2025.csv,2024054227,5/14/2024,USA,"LAMESA, TEXAS",Support Activities for Oil and Gas Operations,Workplace Safety Incident,Hospitalization,Stratum_C_Height_Lifting_Dropped_Objects,Stratum_C_Height_Lifting_Dropped_Objects,"An employee was signaling a forklift operator as a 20-foot-long, 4-inch-thick section of steel pipe was lowered. The pipe came loose and fell striking the employee's head and shoulder. The employee sustained a head laceration and fractured ribs.","Pipes, tubes metal",Fractures,Safe Mechanical Lifting,,Safe Mechanical Lifting,1,HIGH,"Energy: Suspended heavy mechanical load / falling tubular | Exposure: Worker positioned in active hazard zone during Mechanical hoisting / crane lifting operations | Barrier Failure: Personnel in line of fire / defective rigging hardware or improper rigging | Escalation: Fatal crushing impact, severe traumatic amputation, or fatal projectile strike",Safe Mechanical Lifting,,Safe Mechanical Lifting,Mechanical hoisting / crane lifting operations,Suspended heavy mechanical load / falling tubular,"Certified rigging gear, dedicated signalman & red zone exclusion barrier",Personnel in line of fire / defective rigging hardware or improper rigging,"Fatal crushing impact, severe traumatic amputation, or fatal projectile strike",,ANNOTATED
304,OILPS_OSHA_01664,OSHA,January2015toNovember2025.csv,2018076862,7/9/2018,USA,"CATAWISSA, PENNSYLVANIA",Oil and Gas Pipeline Construction,Workplace Safety Incident,Hospitalization,Stratum_C_Height_Lifting_Dropped_Objects,Stratum_C_Height_Lifting_Dropped_Objects; Stratum_E_Vehicle_Transport,"An employee was driving a side-boom operator across a temporary bridge. The bridge collapsed and the machine rolled slightly and came to rest at about a 45 degree angle. As the employee disconnected his seat belt, he fell from the machine and landed in the creek bed on his back. The fall caused hairline fractures to his scapula and a rib.","Boom truck, bucket or basket hoist truck",Fractures,Working at Height,,Working at Height,0,MEDIUM,Energy: Low operational energy | Exposure: Routine task (Heavy vehicle transport on lease/highway) | Barrier Failure: Minor procedural deviation | Escalation: Minor localized injury without credible SIF potential,Working at Height,,Working at Height,Heavy vehicle transport on lease/highway,Operational equipment hazard (unspecified energy),Standard operating procedures & PPE,Procedural deviation during task execution,Localized occupational injury without life-altering escalation,,ANNOTATED
305,OILPS_OSHA_02187,OSHA,January2015toNovember2025.csv,2019066194,6/19/2019,USA,"ORLA, TEXAS",Support Activities for Oil and Gas Operations,Workplace Safety Incident,Hospitalization,Stratum_B_Pressure_Flammable_Chemical_H2S,Stratum_B_Pressure_Flammable_Chemical_H2S,"An employee was removing a transducer when high pressure fluid struck his hand, penetrating his skin.","Liquids, unspecified","Puncture wounds, except gunshot wounds",,,None identified,1,HIGH,"Energy: High-pressure fluid/gas stored energy | Exposure: Worker positioned in active hazard zone during Oilfield operational support task | Barrier Failure: Intervention on pressurized line / failure to verify zero residual pressure | Escalation: Fatal crushing impact, severe traumatic amputation, or fatal projectile strike",Energy Isolation,,Energy Isolation,Oilfield operational support task,High-pressure fluid/gas stored energy,"Positive energy isolation, verified depressurization & line-of-fire barricading",Intervention on pressurized line / failure to verify zero residual pressure,"Fatal crushing impact, severe traumatic amputation, or fatal projectile strike",,ANNOTATED
306,OILPS_OSHA_02670,OSHA,January2015toNovember2025.csv,2020109641,10/9/2020,USA,"MADISON, WISCONSIN",Asphalt Paving Mixture and Block Manufacturing,Workplace Safety Incident,Hospitalization,Stratum_F_LowEnergy_Ergonomic_MinorInjury,Stratum_F_LowEnergy_Ergonomic_MinorInjury,"An employee was using a rake to grade hot asphalt in a parking lot. The employee tripped over a car stop and fell onto the hot asphalt, suffering second- and third-degree burns to the lower back and arm. The employee was hospitalized.","Parking lot, unspecified",Third or fourth degree heat (thermal) burns,,,None identified,0,MEDIUM,Energy: Low operational energy | Exposure: Routine task (Oilfield operational support task) | Barrier Failure: Minor procedural deviation | Escalation: Minor localized injury without credible SIF potential,None,,None,Oilfield operational support task,Operational equipment hazard (unspecified energy),Standard operating procedures & PPE,Procedural deviation during task execution,Localized occupational injury without life-altering escalation,,ANNOTATED
307,OILPS_OSHA_03091,OSHA,January2015toNovember2025.csv,2022064739,6/1/2022,USA,"PERRYTON, TEXAS",Support Activities for Oil and Gas Operations,Workplace Safety Incident,Hospitalization,Stratum_B_Pressure_Flammable_Chemical_H2S,Stratum_B_Pressure_Flammable_Chemical_H2S; Stratum_C_Height_Lifting_Dropped_Objects; Stratum_E_Vehicle_Transport,"An employee was lifting a 100-pound exhaust manifold off an engine using a service truck crane. While he was maneuvering the manifold toward the bed of his truck, it struck his left index finger and caught it against a pressure relief valve. He suffered a laceration and fracture to the finger and was hospitalized.",Cranes-truck-mounted,"Fractures and other injuries, n.e.c.",Safe Mechanical Lifting,Driving,Safe Mechanical Lifting; Driving,1,HIGH,"Energy: High-pressure fluid/gas stored energy; Suspended heavy mechanical load / falling tubular | Exposure: Worker positioned in active hazard zone during Mechanical hoisting / crane lifting operations | Barrier Failure: Intervention on pressurized line / failure to verify zero residual pressure | Escalation: Fatal crushing impact, severe traumatic amputation, or fatal projectile strike",Energy Isolation,Safe Mechanical Lifting,Energy Isolation; Safe Mechanical Lifting; Driving,Mechanical hoisting / crane lifting operations,High-pressure fluid/gas stored energy; Suspended heavy mechanical load / falling tubular,"Positive energy isolation, verified depressurization & line-of-fire barricading",Intervention on pressurized line / failure to verify zero residual pressure,"Fatal crushing impact, severe traumatic amputation, or fatal projectile strike",Candidate LSR 'Safe Mechanical Lifting' modified to 'Energy Isolation'.,ANNOTATED
308,OILPS_OSHA_01659,OSHA,January2015toNovember2025.csv,2018076804,7/7/2018,USA,"NEW MARTINSVILLE, WEST VIRGINIA",Support Activities for Oil and Gas Operations,Workplace Safety Incident,Hospitalization,Stratum_B_Pressure_Flammable_Chemical_H2S,Stratum_B_Pressure_Flammable_Chemical_H2S,"An employee was operating a blender. Noticing that a booster pump was running, he began walking toward it to turn it off. The booster pump deadheaded, causing pressure and steam to build up in the line, and as the employee approached an 8-inch suction hose broke loose from the pump and struck him in the lower left leg. He suffered a compound fracture to the left leg and second-degree steam burns to the torso.",Hoses,Fractures and burns,,,None identified,1,HIGH,"Energy: High-pressure fluid/gas stored energy | Exposure: Worker positioned in active hazard zone during Oilfield operational support task | Barrier Failure: Intervention on pressurized line / failure to verify zero residual pressure | Escalation: Fatal crushing impact, severe traumatic amputation, or fatal projectile strike",Energy Isolation,,Energy Isolation,Oilfield operational support task,High-pressure fluid/gas stored energy,"Positive energy isolation, verified depressurization & line-of-fire barricading",Intervention on pressurized line / failure to verify zero residual pressure,"Fatal crushing impact, severe traumatic amputation, or fatal projectile strike",,ANNOTATED
309,OILPS_OSHA_01826,OSHA,January2015toNovember2025.csv,20181010559,10/12/2018,USA,"SMILEY, TEXAS",Support Activities for Oil and Gas Operations,Workplace Safety Incident,Hospitalization,Stratum_B_Pressure_Flammable_Chemical_H2S,Stratum_B_Pressure_Flammable_Chemical_H2S,"An employee was offloading hydrochloric acid (15% concentration) when the employee was sprayed in the face, suffering acid burns to the face and eyes.","Hydrogen chloride, hydrochloric acid","Chemical burns and corrosions, unspecified",Toxic Gas / Hazardous Substance,,Toxic Gas / Hazardous Substance,0,MEDIUM,Energy: Low operational energy | Exposure: Routine task (Oilfield operational support task) | Barrier Failure: Minor procedural deviation | Escalation: Minor localized injury without credible SIF potential,Toxic Gas / Hazardous Substance,,Toxic Gas / Hazardous Substance,Oilfield operational support task,Operational equipment hazard (unspecified energy),Standard operating procedures & PPE,Procedural deviation during task execution,Localized occupational injury without life-altering escalation,,ANNOTATED
310,OILPS_OSHA_02570,OSHA,January2015toNovember2025.csv,2020054579,5/17/2020,USA,"KENTON, OHIO",Asphalt Paving Mixture and Block Manufacturing,Workplace Safety Incident,Hospitalization,Stratum_C_Height_Lifting_Dropped_Objects,Stratum_C_Height_Lifting_Dropped_Objects; Stratum_E_Vehicle_Transport,"An employee was climbing down a ladder on a tanker truck. The pneumatic guardrail system on the top of the truck retracted and struck the employee. The employee fell to the ground, suffering broken bones.","Semi, tractor-trailer, tanker truck",Fractures,Working at Height,Driving,Working at Height; Driving,1,HIGH,Energy: Elevated work position (gravitational energy) | Exposure: Worker positioned in active hazard zone during Oilfield operational support task | Barrier Failure: Safety lanyard unclipped / absent leading edge fall protection | Escalation: Fatal blunt force trauma from fall at elevation,Working at Height,Driving,Working at Height; Driving,Oilfield operational support task,Elevated work position (gravitational energy),100% continuous tie-off full body safety harness & engineered guardrails,Safety lanyard unclipped / absent leading edge fall protection,Fatal blunt force trauma from fall at elevation,,ANNOTATED
311,OILPS_OSHA_01754,OSHA,January2015toNovember2025.csv,2018088821,8/27/2018,USA,"WAYNESBURG, PENNSYLVANIA",Drilling Oil and Gas Wells,Workplace Safety Incident,Hospitalization,Stratum_A_Drilling_Heavy_Mechanical,Stratum_A_Drilling_Heavy_Mechanical,"An employee slipped and twisted his right ankle while attempting to carry a 50-pound bag of seed, fracturing his fibula and tibia.","Bodily motion or position of injured, ill worker",Fractures,,,None identified,0,MEDIUM,Energy: Low operational energy | Exposure: Routine task (Oilfield operational support task) | Barrier Failure: Minor procedural deviation | Escalation: Minor localized injury without credible SIF potential,None,,None,Oilfield operational support task,Operational equipment hazard (unspecified energy),Standard operating procedures & PPE,Procedural deviation during task execution,Localized occupational injury without life-altering escalation,,ANNOTATED
312,OILPS_OSHA_01781,OSHA,January2015toNovember2025.csv,2018099302,9/8/2018,USA,"FOMBELL, PENNSYLVANIA",Drilling Oil and Gas Wells,Workplace Safety Incident,Hospitalization,Stratum_A_Drilling_Heavy_Mechanical,Stratum_A_Drilling_Heavy_Mechanical,"During the breaking of a connection, an employee was holding a ""mud bucket"" against a pipe to minimize the splashing of mud on an oil rig floor. As the two pieces of pipe were moved apart, a spray of mud caused the employee to fall and hit his head on a piece of equipment behind him. He suffered a scalp laceration and a skull fracture.","Floor, n.e.c.",Fractures,,,None identified,1,MEDIUM,Energy: Stored mechanical/tubular energy | Exposure: Floor worker during Oilfield operational support task | Barrier Failure: Line-of-fire control compromised | Escalation: Crushing impact / permanent disabling trauma,None,,None,Oilfield operational support task,Operational equipment hazard (unspecified energy),Standard operating procedures & PPE,Procedural deviation during task execution,Localized occupational injury without life-altering escalation,,ANNOTATED
313,OILPS_OSHA_03667,OSHA,January2015toNovember2025.csv,2024021406,2/14/2024,USA,"SPRINGTOWN, TEXAS",Natural Gas Extraction,Workplace Safety Incident,Hospitalization,Stratum_B_Pressure_Flammable_Chemical_H2S,Stratum_B_Pressure_Flammable_Chemical_H2S,"An employee was trying to restart an engine on a compressor that went down. The engine flywheel and starter were not aligned. The employee attempted to use a bar to roll over the flywheel when built-up air pressure caused the entire engine to roll over. The bar then slammed into the employee's left arm, resulting in an injury.",Crowbars,Traumatic injuries or exposures unspecified,,,None identified,1,HIGH,"Energy: High-pressure fluid/gas stored energy | Exposure: Worker positioned in active hazard zone during Oilfield operational support task | Barrier Failure: Intervention on pressurized line / failure to verify zero residual pressure | Escalation: Fatal crushing impact, severe traumatic amputation, or fatal projectile strike",Energy Isolation,,Energy Isolation,Oilfield operational support task,High-pressure fluid/gas stored energy,"Positive energy isolation, verified depressurization & line-of-fire barricading",Intervention on pressurized line / failure to verify zero residual pressure,"Fatal crushing impact, severe traumatic amputation, or fatal projectile strike",,ANNOTATED
314,OILPS_OSHA_02951,OSHA,January2015toNovember2025.csv,20211210341,12/2/2021,USA,"PROVIDENCE, RHODE ISLAND",Oil and Gas Pipeline Construction,Workplace Safety Incident,Hospitalization,Stratum_C_Height_Lifting_Dropped_Objects,Stratum_C_Height_Lifting_Dropped_Objects,An employee was climbing a fixed ladder. The employee fell about 9 feet to the concrete floor and suffered a right hip fracture and right leg fractures.,Ladders-fixed,Fractures,Working at Height,,Working at Height,1,HIGH,Energy: Elevated work position (gravitational energy) | Exposure: Worker positioned in active hazard zone during Oilfield operational support task | Barrier Failure: Safety lanyard unclipped / absent leading edge fall protection | Escalation: Fatal blunt force trauma from fall at elevation,Working at Height,,Working at Height,Oilfield operational support task,Elevated work position (gravitational energy),100% continuous tie-off full body safety harness & engineered guardrails,Safety lanyard unclipped / absent leading edge fall protection,Fatal blunt force trauma from fall at elevation,,ANNOTATED
315,OILPS_OSHA_02635,OSHA,January2015toNovember2025.csv,2020088164,8/27/2020,USA,"APOPKA, FLORIDA",Oil & Gas / Energy Related,Workplace Safety Incident,Hospitalization,Stratum_A_Drilling_Heavy_Mechanical,Stratum_A_Drilling_Heavy_Mechanical; Stratum_E_Vehicle_Transport,"An employee was working at a treatment facility construction site. A flatbed had transported a single platform about 1 mile to the site. The platform was strapped onto the flatbed and had wood blocks to keep it from moving. During the transport, one of the pieces of wood vibrated out of position. When the employee released the ratcheted straps, the tubular steel frame platform toppled over and off the flatbed. The platform struck and broke his left leg. He was hospitalized and had surgery.","Other structural elements, unspecified",Fractures,,,None identified,1,HIGH,"Energy: Suspended heavy mechanical load / falling tubular | Exposure: Worker positioned in active hazard zone during Oilfield operational support task | Barrier Failure: Personnel in line of fire / defective rigging hardware or improper rigging | Escalation: Fatal crushing impact, severe traumatic amputation, or fatal projectile strike",Safe Mechanical Lifting,,Safe Mechanical Lifting,Oilfield operational support task,Suspended heavy mechanical load / falling tubular,"Certified rigging gear, dedicated signalman & red zone exclusion barrier",Personnel in line of fire / defective rigging hardware or improper rigging,"Fatal crushing impact, severe traumatic amputation, or fatal projectile strike",,ANNOTATED
316,OILPS_OSHA_01333,OSHA,January2015toNovember2025.csv,20171211711,12/10/2017,USA,"WATFORD CITY, NORTH DAKOTA",Support Activities for Oil and Gas Operations,Workplace Safety Incident,Hospitalization,Stratum_B_Pressure_Flammable_Chemical_H2S,Stratum_B_Pressure_Flammable_Chemical_H2S; Stratum_E_Vehicle_Transport,"An employee was operating a vacuum truck when the hose became disconnected and began spraying hot fluid. A fire and then explosion occurred, and the employee suffered serious burns.","Coal, natural gas, petroleum fuels and products, unspecified","Heat (thermal) burns, unspecified",Driving,,Driving,1,HIGH,"Energy: Flammable hydrocarbons / thermal ignition energy | Exposure: Worker positioned in active hazard zone during Oilfield operational support task | Barrier Failure: Hot work performed near flammable vapors / unverified atmospheric LEL | Escalation: Catastrophic vapor cloud explosion, mass toxic asphyxiation, or fatal burns",Hot Work,Driving,Hot Work; Driving,Oilfield operational support task,Flammable hydrocarbons / thermal ignition energy,"Continuous LEL gas monitoring, hot work permit & spark containment",Hot work performed near flammable vapors / unverified atmospheric LEL,"Catastrophic vapor cloud explosion, mass toxic asphyxiation, or fatal burns",Candidate LSR 'Driving' modified to 'Hot Work'.,ANNOTATED
317,OILPS_OSHA_03795,OSHA,January2015toNovember2025.csv,2024076300,7/12/2024,USA,"ROUNDUP, MONTANA",Oil and Gas Pipeline Construction,Workplace Safety Incident,Hospitalization,Stratum_A_Drilling_Heavy_Mechanical,Stratum_A_Drilling_Heavy_Mechanical; Stratum_B_Pressure_Flammable_Chemical_H2S; Stratum_E_Vehicle_Transport,An employee was filling a 150-gallon water tank on a drilling rig truck. The pressure of the hose at the water station threw the employee from the platform to the ground 4.5 feet below. The employee suffered broken ribs and a head injury and was hospitalized.,"Drilling machines, drill apparatus",Multiple traumatic injuries and disorders unspecified,Driving,,Driving,1,HIGH,"Energy: High-pressure fluid/gas stored energy | Exposure: Worker positioned in active hazard zone during Drilling rig floor pipe/casing operations | Barrier Failure: Intervention on pressurized line / failure to verify zero residual pressure | Escalation: Fatal crushing impact, severe traumatic amputation, or fatal projectile strike",Energy Isolation,Driving,Energy Isolation; Driving,Drilling rig floor pipe/casing operations,High-pressure fluid/gas stored energy,"Positive energy isolation, verified depressurization & line-of-fire barricading",Intervention on pressurized line / failure to verify zero residual pressure,"Fatal crushing impact, severe traumatic amputation, or fatal projectile strike",Candidate LSR 'Driving' modified to 'Energy Isolation'.,ANNOTATED
318,OILPS_OSHA_03239,OSHA,January2015toNovember2025.csv,2022109383,10/26/2022,USA,"NEW YORK, NEW YORK",Oil & Gas / Energy Related,Workplace Safety Incident,Hospitalization,Stratum_F_LowEnergy_Ergonomic_MinorInjury,Stratum_F_LowEnergy_Ergonomic_MinorInjury,"During the filming of a television scene, an employee tripped on the electrical cord for a Christmas tree. She fell to the floor and suffered a broken left hip.","Floor, n.e.c.",Fractures,,,None identified,0,MEDIUM,Energy: Low operational energy | Exposure: Routine task (Electrical system maintenance and troubleshooting) | Barrier Failure: Minor procedural deviation | Escalation: Minor localized injury without credible SIF potential,None,,None,Electrical system maintenance and troubleshooting,Operational equipment hazard (unspecified energy),Standard operating procedures & PPE,Procedural deviation during task execution,Localized occupational injury without life-altering escalation,,ANNOTATED
319,OILPS_OSHA_01898,OSHA,January2015toNovember2025.csv,20181112236,11/29/2018,USA,"WAYNESBURG, PENNSYLVANIA",Oil and Gas Pipeline Construction,Workplace Safety Incident,Hospitalization,Stratum_F_LowEnergy_Ergonomic_MinorInjury,Stratum_F_LowEnergy_Ergonomic_MinorInjury,An employee slipped on ice/snow and broke his ankle.,"Floors, walkways, ground surfaces, unspecified",Fractures,,,None identified,0,HIGH,Energy: Low-energy slip/trip hazard on ground level | Exposure: Worker performing Routine walking on field surface | Barrier Failure: Inadequate ground slip mitigation on same level | Escalation: Minor localized contusion / non-disabling sprain or closed fracture (Zero credible fatal or whole-person life-altering escalation pathway),None,,None,Routine walking on field surface,Low-energy slip/trip hazard on ground level,Walkway ice sanding / footwear traction,Inadequate ground slip mitigation on same level,Minor localized contusion / non-disabling sprain or closed fracture,"Actual medical outcome included hospitalization, but incident involved low energy with zero SIF potential.",ANNOTATED
320,OILPS_OSHA_00678,OSHA,January2015toNovember2025.csv,2016087292,8/5/2016,USA,"JOHNSTOWN, COLORADO",Support Activities for Oil and Gas Operations,Workplace Safety Incident,Hospitalization,Stratum_B_Pressure_Flammable_Chemical_H2S,Stratum_B_Pressure_Flammable_Chemical_H2S,"An employee was performing tank gauging on a produced water tank. After opening the tank's thief hatch, the employee was exposed to hydrogen sulfide, suffering headaches and nausea.",Hydrogen sulfide,"Multiple poisoning, toxic, noxious, or allergenic effects",Toxic Gas / Hazardous Substance,,Toxic Gas / Hazardous Substance,1,HIGH,"Energy: Toxic H2S gas / oxygen-deficient atmosphere | Exposure: Worker positioned in active hazard zone during Oilfield operational support task | Barrier Failure: Entry into enclosed vessel without atmospheric verification or forced ventilation | Escalation: Catastrophic vapor cloud explosion, mass toxic asphyxiation, or fatal burns",Confined Space,Toxic Gas / Hazardous Substance,Confined Space; Toxic Gas / Hazardous Substance,Oilfield operational support task,Toxic H2S gas / oxygen-deficient atmosphere,"Pre-entry atmospheric gas test, confined space permit & standby rescuer",Entry into enclosed vessel without atmospheric verification or forced ventilation,"Catastrophic vapor cloud explosion, mass toxic asphyxiation, or fatal burns",Candidate LSR 'Toxic Gas / Hazardous Substance' modified to 'Confined Space'.,ANNOTATED
321,OILPS_OSHA_00585,OSHA,January2015toNovember2025.csv,2016054050,5/11/2016,USA,"MONT BELVIEU, TEXAS",Oil and Gas Pipeline Construction,Workplace Safety Incident,Amputation,Stratum_C_Height_Lifting_Dropped_Objects,Stratum_C_Height_Lifting_Dropped_Objects,"An employee was grinding on a structural handrail for a work platform with a grating floor. The employee lost control of the grinder, which lacerated and fractured his left index finger. His left index fingertip was surgically amputated.",Hand grinders-powered,Amputations,Hot Work,,Hot Work,0,MEDIUM,Energy: Low operational energy | Exposure: Routine task (Hot work / welding and thermal cutting) | Barrier Failure: Minor procedural deviation | Escalation: Minor localized injury without credible SIF potential,Hot Work,,Hot Work,Hot work / welding and thermal cutting,Operational equipment hazard (unspecified energy),Standard operating procedures & PPE,Procedural deviation during task execution,Localized occupational injury without life-altering escalation,,ANNOTATED
322,OILPS_OSHA_00748,OSHA,January2015toNovember2025.csv,2016099139,9/28/2016,USA,"HOUSTON, TEXAS",Drilling Oil and Gas Wells,Workplace Safety Incident,Hospitalization,Stratum_A_Drilling_Heavy_Mechanical,Stratum_A_Drilling_Heavy_Mechanical,"An employee slipped on water droplets on the floor and fell, breaking her left hip and right ankle.","Floor, n.e.c.",Fractures,,,None identified,0,MEDIUM,Energy: Low operational energy | Exposure: Routine task (Oilfield operational support task) | Barrier Failure: Minor procedural deviation | Escalation: Minor localized injury without credible SIF potential,None,,None,Oilfield operational support task,Operational equipment hazard (unspecified energy),Standard operating procedures & PPE,Procedural deviation during task execution,Localized occupational injury without life-altering escalation,,ANNOTATED
323,OILPS_OSHA_00088,OSHA,January2015toNovember2025.csv,2015020065,2/19/2015,USA,"QUAKER CITY, OHIO",Support Activities for Oil and Gas Operations,Workplace Safety Incident,Hospitalization,Stratum_F_LowEnergy_Ergonomic_MinorInjury,Stratum_F_LowEnergy_Ergonomic_MinorInjury,"On or before February 19, 2015, an employee slipped and fell on ice while carrying a 2-inch x 30-foot-long piece of pipe, resulting in a tibia/fibula fracture to the right leg.","Floors, walkways, ground surfaces, unspecified",Fractures,,,None identified,1,MEDIUM,Energy: Stored mechanical/tubular energy | Exposure: Floor worker during Oilfield operational support task | Barrier Failure: Line-of-fire control compromised | Escalation: Crushing impact / permanent disabling trauma,None,,None,Oilfield operational support task,Operational equipment hazard (unspecified energy),Standard operating procedures & PPE,Procedural deviation during task execution,Localized occupational injury without life-altering escalation,,ANNOTATED
324,OILPS_OSHA_01005,OSHA,January2015toNovember2025.csv,2017054384,5/15/2017,USA,"COVE, TEXAS",Oil and Gas Pipeline Construction,Workplace Safety Incident,Hospitalization,Stratum_B_Pressure_Flammable_Chemical_H2S,Stratum_B_Pressure_Flammable_Chemical_H2S,An employee was helping to sandblast an underground pipe with a hose and sandblasting wand when the wand pointed at his arm and released sandblasting material under high pressure. He suffered a serious arm abrasion.,,"Abrasions, scratches",,,None identified,1,HIGH,"Energy: High-pressure fluid/gas stored energy | Exposure: Worker positioned in active hazard zone during Oilfield operational support task | Barrier Failure: Intervention on pressurized line / failure to verify zero residual pressure | Escalation: Fatal crushing impact, severe traumatic amputation, or fatal projectile strike",Energy Isolation,,Energy Isolation,Oilfield operational support task,High-pressure fluid/gas stored energy,"Positive energy isolation, verified depressurization & line-of-fire barricading",Intervention on pressurized line / failure to verify zero residual pressure,"Fatal crushing impact, severe traumatic amputation, or fatal projectile strike",,ANNOTATED
325,OILPS_OSHA_01606,OSHA,January2015toNovember2025.csv,2018065363,6/2/2018,USA,"BATON ROUGE, LOUISIANA",Petroleum Lubricating Oil and Grease Manufacturing,Workplace Safety Incident,Hospitalization,Stratum_F_LowEnergy_Ergonomic_MinorInjury,Stratum_F_LowEnergy_Ergonomic_MinorInjury,An employee was hospitalized due to heat exhaustion.,Heat-environmental,"Heat exhaustion, prostration",,,None identified,UNKNOWN,LOW,Energy: Unknown / Not stated | Exposure: Worker involved in Oilfield operational support task | Barrier Failure: Unclear from brief narrative | Escalation: Potential consequence cannot be established confidently,None,,None,Oilfield operational support task,Operational equipment hazard (unspecified energy),Standard operating procedures & PPE,Procedural deviation during task execution,Localized occupational injury without life-altering escalation,Narrative lacks sufficient operational context to evaluate energy exposure.,ANNOTATED_WITH_UNKNOWN
326,OILPS_OSHA_03388,OSHA,January2015toNovember2025.csv,2023042913,4/3/2023,USA,"SAINT ROSE, LOUISIANA",Oil & Gas / Energy Related,Workplace Safety Incident,Non-Fatal Injury,Stratum_D_ConfinedSpace_HotWork_Isolation,Stratum_D_ConfinedSpace_HotWork_Isolation,"Two employees were working on an empty above-ground 2,500-barrel crude oil tank. Employee 1 was welding while employee 2 was watching. Employee 1 saw fire behind the welding smoke and notified employee 2. Before they could get off the tank, they both fell in the tank and sustained burns from the fire.","Tanks, bins, vats-nonconfined space","Heat (thermal) burns, unspecified",Hot Work,,Hot Work,0,MEDIUM,Energy: Low operational energy | Exposure: Routine task (Hot work / welding and thermal cutting) | Barrier Failure: Minor procedural deviation | Escalation: Minor localized injury without credible SIF potential,Hot Work,,Hot Work,Hot work / welding and thermal cutting,Operational equipment hazard (unspecified energy),Standard operating procedures & PPE,Procedural deviation during task execution,Localized occupational injury without life-altering escalation,,ANNOTATED
327,OILPS_OSHA_01046,OSHA,January2015toNovember2025.csv,2017065283,6/9/2017,USA,"VILLA RICA, GEORGIA",Oil and Gas Pipeline Construction,Workplace Safety Incident,Hospitalization,Stratum_E_Vehicle_Transport,Stratum_E_Vehicle_Transport,"An employee was standing on the wheel well of a sweeper vehicle. He was checking the radiator water level immediately after shutting the machine down. As he was filling the radiator with water, it began to bubble up, so he dismounted the machine. He landed oddly on the ground and fractured his left leg above the ankle.",Street sweeping and cleaning machinery,Fractures,Driving,,Driving,0,MEDIUM,Energy: Low operational energy | Exposure: Routine task (Oilfield operational support task) | Barrier Failure: Minor procedural deviation | Escalation: Minor localized injury without credible SIF potential,Driving,,Driving,Oilfield operational support task,Operational equipment hazard (unspecified energy),Standard operating procedures & PPE,Procedural deviation during task execution,Localized occupational injury without life-altering escalation,,ANNOTATED
328,OILPS_OSHA_00275,OSHA,January2015toNovember2025.csv,2015074402,7/7/2015,USA,"POINT COMFORT, TEXAS",Oil & Gas / Energy Related,Workplace Safety Incident,Hospitalization,Stratum_C_Height_Lifting_Dropped_Objects,Stratum_C_Height_Lifting_Dropped_Objects,"A crane was removing a heater from a platform. The heater was lifted up to tighten the chains before resuming the lift, but the heater stack (7 ft. pipe) broke off of the heater. The broken piece struck an employee, who suffered a severe concussion and broken bones in the neck.","Metal pipes, tubing",Fractures (except skull fractures) and concussions,Safe Mechanical Lifting,,Safe Mechanical Lifting,1,HIGH,"Energy: Suspended heavy mechanical load / falling tubular | Exposure: Worker positioned in active hazard zone during Mechanical hoisting / crane lifting operations | Barrier Failure: Personnel in line of fire / defective rigging hardware or improper rigging | Escalation: Fatal crushing impact, severe traumatic amputation, or fatal projectile strike",Safe Mechanical Lifting,,Safe Mechanical Lifting,Mechanical hoisting / crane lifting operations,Suspended heavy mechanical load / falling tubular,"Certified rigging gear, dedicated signalman & red zone exclusion barrier",Personnel in line of fire / defective rigging hardware or improper rigging,"Fatal crushing impact, severe traumatic amputation, or fatal projectile strike",,ANNOTATED
329,OILPS_OSHA_03212,OSHA,January2015toNovember2025.csv,2022098434,9/23/2022,USA,"PLAINS, TEXAS",Support Activities for Oil and Gas Operations,Workplace Safety Incident,Hospitalization,Stratum_A_Drilling_Heavy_Mechanical,Stratum_A_Drilling_Heavy_Mechanical,An employee was transferring an oil/gas scrubber into a scrap bin. The employee's arm was caught and broken between the scrubber and the wall of the bin.,"Mining and drilling machinery, unspecified",Fractures,,,None identified,0,MEDIUM,Energy: Low operational energy | Exposure: Routine task (Oilfield operational support task) | Barrier Failure: Minor procedural deviation | Escalation: Minor localized injury without credible SIF potential,None,,None,Oilfield operational support task,Operational equipment hazard (unspecified energy),Standard operating procedures & PPE,Procedural deviation during task execution,Localized occupational injury without life-altering escalation,,ANNOTATED
330,OILPS_OSHA_01486,OSHA,January2015toNovember2025.csv,2018032695,3/19/2018,USA,"SMETHPORT, PENNSYLVANIA",All Other Petroleum and Coal Products Manufacturing,Workplace Safety Incident,Hospitalization,Stratum_E_Vehicle_Transport,Stratum_E_Vehicle_Transport,"Employees were working at a steam/hot water-filled drain box and had removed the cover for the drain box. An employee was walking into the area to hook up a vacuum truck when he stepped into the uncovered drain box. He suffered burns to both lower legs, requiring hospitalization.",Grates and drains in floor surface,"Heat (thermal) burns, unspecified",Driving,,Driving,0,MEDIUM,Energy: Low operational energy | Exposure: Routine task (Oilfield operational support task) | Barrier Failure: Minor procedural deviation | Escalation: Minor localized injury without credible SIF potential,Driving,,Driving,Oilfield operational support task,Operational equipment hazard (unspecified energy),Standard operating procedures & PPE,Procedural deviation during task execution,Localized occupational injury without life-altering escalation,,ANNOTATED
331,OILPS_OSHA_03366,OSHA,January2015toNovember2025.csv,2023032085,3/7/2023,USA,"WATFORD CITY, NORTH DAKOTA",Support Activities for Oil and Gas Operations,Workplace Safety Incident,Hospitalization,Stratum_A_Drilling_Heavy_Mechanical,Stratum_A_Drilling_Heavy_Mechanical,"An employee was participating in work over rig operations. As they were tying ahead, they were caught in the spool and sustained fractures of the tibia, fibula, scapula, and pelvis.",Oil drilling rigs and machinery,Fractures,Line of Fire,,Line of Fire,0,MEDIUM,Energy: Low operational energy | Exposure: Routine task (Oilfield operational support task) | Barrier Failure: Minor procedural deviation | Escalation: Minor localized injury without credible SIF potential,Line of Fire,,Line of Fire,Oilfield operational support task,Operational equipment hazard (unspecified energy),Standard operating procedures & PPE,Procedural deviation during task execution,Localized occupational injury without life-altering escalation,,ANNOTATED
332,OILPS_OSHA_00991,OSHA,January2015toNovember2025.csv,2017054129,5/6/2017,USA,"PARSHALL, NORTH DAKOTA",Support Activities for Oil and Gas Operations,Workplace Safety Incident,Hospitalization,Stratum_A_Drilling_Heavy_Mechanical,Stratum_A_Drilling_Heavy_Mechanical,An employee was struck in the shoulder by a casing pipe during a well completion operation. The employee then suffered a reaction to painkillers.,"Pipes, ducts, tubing, unspecified","Bruises, contusions",,,None identified,1,MEDIUM,Energy: Stored mechanical/tubular energy | Exposure: Floor worker during Drilling rig floor pipe/casing operations | Barrier Failure: Line-of-fire control compromised | Escalation: Crushing impact / permanent disabling trauma,None,,None,Drilling rig floor pipe/casing operations,Operational equipment hazard (unspecified energy),Standard operating procedures & PPE,Procedural deviation during task execution,Localized occupational injury without life-altering escalation,,ANNOTATED
333,OILPS_OSHA_03067,OSHA,January2015toNovember2025.csv,2022053775,5/2/2022,USA,"LEROY, ALABAMA",Oil and Gas Pipeline Construction,Workplace Safety Incident,Hospitalization,Stratum_F_LowEnergy_Ergonomic_MinorInjury,Stratum_F_LowEnergy_Ergonomic_MinorInjury,An employee was assisting with moving a length of pipe. The employee tripped and was run over by an excavator resulting in fractures to the lower body.,"Excavating machinery, unspecified",Fractures,,,None identified,1,MEDIUM,Energy: Stored mechanical/tubular energy | Exposure: Floor worker during Oilfield operational support task | Barrier Failure: Line-of-fire control compromised | Escalation: Crushing impact / permanent disabling trauma,None,,None,Oilfield operational support task,Operational equipment hazard (unspecified energy),Standard operating procedures & PPE,Procedural deviation during task execution,Localized occupational injury without life-altering escalation,,ANNOTATED
334,OILPS_OSHA_02645,OSHA,January2015toNovember2025.csv,2020098574,9/9/2020,USA,"NEW HAVEN, CONNECTICUT",Oil and Gas Pipeline Construction,Workplace Safety Incident,Amputation,Stratum_F_LowEnergy_Ergonomic_MinorInjury,Stratum_F_LowEnergy_Ergonomic_MinorInjury,"On September 9, 2020, an employee was attempting to start a vibrating tamper in order to continue compacting backfill material in a completed excavation. The employee pulled the starter cord multiple times. After the pull which started the engine, the pull cord of the vibrating tamper did not recoil correctly. The employee gathered the excess cord in his left hand in order to prevent an additional slip, trip, or fall hazard. When he engaged the throttle of the machine with his right hand, the pull cord retracted, wrapped around the employee s left thumb, and caused a partial amputation of the thumb tip.","Compactors, crushers, pulverizers-earth, mineral",Amputations,,,None identified,0,MEDIUM,Energy: Low operational energy | Exposure: Routine task (Oilfield operational support task) | Barrier Failure: Minor procedural deviation | Escalation: Minor localized injury without credible SIF potential,None,,None,Oilfield operational support task,Operational equipment hazard (unspecified energy),Standard operating procedures & PPE,Procedural deviation during task execution,Localized occupational injury without life-altering escalation,,ANNOTATED
335,OILPS_OSHA_02844,OSHA,January2015toNovember2025.csv,2021075663,7/10/2021,USA,"GRASSY BUTTE, NORTH DAKOTA",Support Activities for Oil and Gas Operations,Workplace Safety Incident,Hospitalization,Stratum_G_General_Oilfield_Operations,Stratum_G_General_Oilfield_Operations,An employee was attempting to free a hydraulic line. When the coil tubing was freed it struck the employee in the head causing a skull fracture and a laceration that required stitches.,"Pipes, ducts, tubing, unspecified",Fractures,,,None identified,0,MEDIUM,Energy: Low operational energy | Exposure: Routine task (Oilfield operational support task) | Barrier Failure: Minor procedural deviation | Escalation: Minor localized injury without credible SIF potential,None,,None,Oilfield operational support task,Operational equipment hazard (unspecified energy),Standard operating procedures & PPE,Procedural deviation during task execution,Localized occupational injury without life-altering escalation,,ANNOTATED
336,OILPS_OSHA_02549,OSHA,January2015toNovember2025.csv,2020043758,4/23/2020,USA,"GERMANTOWN, WISCONSIN",Drilling Oil and Gas Wells,Workplace Safety Incident,Hospitalization,Stratum_A_Drilling_Heavy_Mechanical,Stratum_A_Drilling_Heavy_Mechanical; Stratum_E_Vehicle_Transport,"An employee had unloaded a tracked drill rig off of a trailer and started to drill when the employee's pant leg became caught in the drill auger. As a result, the employee suffered a fracture to the left fibula with contusions and a hematoma, requiring hospitalization.","Drilling machines, drilling augers",Fractures,Line of Fire,,Line of Fire,1,MEDIUM,Energy: Stored mechanical/tubular energy | Exposure: Floor worker during Oilfield operational support task | Barrier Failure: Line-of-fire control compromised | Escalation: Crushing impact / permanent disabling trauma,Line of Fire,,Line of Fire,Oilfield operational support task,Operational equipment hazard (unspecified energy),Standard operating procedures & PPE,Procedural deviation during task execution,Localized occupational injury without life-altering escalation,,ANNOTATED
337,OILPS_OSHA_02384,OSHA,January2015toNovember2025.csv,20191111472,11/4/2019,USA,"CHAPMANVILLE, WEST VIRGINIA",Support Activities for Oil and Gas Operations,Workplace Safety Incident,Hospitalization,Stratum_F_LowEnergy_Ergonomic_MinorInjury,Stratum_F_LowEnergy_Ergonomic_MinorInjury,An employee was in the office shutting down for the day. The employee impacted the back of their head on an unknown object and was hospitalized with a head injury.,,"Intracranial injuries, unspecified",,,None identified,0,MEDIUM,Energy: Low operational energy | Exposure: Routine task (Oilfield operational support task) | Barrier Failure: Minor procedural deviation | Escalation: Minor localized injury without credible SIF potential,None,,None,Oilfield operational support task,Operational equipment hazard (unspecified energy),Standard operating procedures & PPE,Procedural deviation during task execution,Localized occupational injury without life-altering escalation,,ANNOTATED
338,OILPS_OSHA_02806,OSHA,January2015toNovember2025.csv,2021054189,5/22/2021,USA,"RANKIN, TEXAS",Support Activities for Oil and Gas Operations,Workplace Safety Incident,Hospitalization,Stratum_B_Pressure_Flammable_Chemical_H2S,Stratum_B_Pressure_Flammable_Chemical_H2S,"A crew had put their tools down after pressure-washing the outsides of two oil tanks. As they walked away, one of the tanks exploded. One of the employees suffered second- and third-degree burns on the back, from the waist up.","Tanks, bins, vats-nonconfined space",Third or fourth degree heat (thermal) burns,,,None identified,1,HIGH,"Energy: High-pressure fluid/gas stored energy | Exposure: Worker positioned in active hazard zone during Oilfield operational support task | Barrier Failure: Intervention on pressurized line / failure to verify zero residual pressure | Escalation: Fatal crushing impact, severe traumatic amputation, or fatal projectile strike",Energy Isolation,,Energy Isolation,Oilfield operational support task,High-pressure fluid/gas stored energy,"Positive energy isolation, verified depressurization & line-of-fire barricading",Intervention on pressurized line / failure to verify zero residual pressure,"Fatal crushing impact, severe traumatic amputation, or fatal projectile strike",,ANNOTATED
339,OILPS_OSHA_02708,OSHA,January2015toNovember2025.csv,20201211612,12/11/2020,USA,"RAINBOW CITY, ALABAMA",Oil & Gas / Energy Related,Workplace Safety Incident,Hospitalization,Stratum_A_Drilling_Heavy_Mechanical,Stratum_A_Drilling_Heavy_Mechanical,"An employee was standing within proximity of the drilling pipes as the pipes were being tightened with a wrench and the bucket of a mini excavator. The wrench that was held in place by the excavator bucket slipped, causing the drill pipe to move uncontrollably and strike the employee in the head. The employee sustained a concussion and a cut/laceration.","Pipes, ducts, tubing, unspecified",Concussions,,,None identified,1,MEDIUM,Energy: Stored mechanical/tubular energy | Exposure: Floor worker during Drilling rig floor pipe/casing operations | Barrier Failure: Line-of-fire control compromised | Escalation: Crushing impact / permanent disabling trauma,None,,None,Drilling rig floor pipe/casing operations,Operational equipment hazard (unspecified energy),Standard operating procedures & PPE,Procedural deviation during task execution,Localized occupational injury without life-altering escalation,,ANNOTATED
340,OILPS_OSHA_02381,OSHA,January2015toNovember2025.csv,20191111405,11/1/2019,USA,"XENIA, OHIO",Oil & Gas / Energy Related,Workplace Safety Incident,Amputation,Stratum_A_Drilling_Heavy_Mechanical,Stratum_A_Drilling_Heavy_Mechanical,"An employee was attempting to tack weld and repair a tubular steel livestock gate. The gate was in a bind due to a broken component and was positioned in such a way that a gap was present between the broken component and anchoring rail. As the employee placed the left hand on the anchoring rail, it dropped, pinching the soft tissue of the employee's left index finger between the component and anchor. As the employee pulled the hand back, the employee's left index finger was amputated (without bone loss).",Gates,Amputations,,,None identified,1,HIGH,"Energy: Suspended heavy mechanical load / falling tubular | Exposure: Worker positioned in active hazard zone during Oilfield operational support task | Barrier Failure: Personnel in line of fire / defective rigging hardware or improper rigging | Escalation: Fatal crushing impact, severe traumatic amputation, or fatal projectile strike",Safe Mechanical Lifting,,Safe Mechanical Lifting,Oilfield operational support task,Suspended heavy mechanical load / falling tubular,"Certified rigging gear, dedicated signalman & red zone exclusion barrier",Personnel in line of fire / defective rigging hardware or improper rigging,"Fatal crushing impact, severe traumatic amputation, or fatal projectile strike",,ANNOTATED
341,OILPS_OSHA_01886,OSHA,January2015toNovember2025.csv,20181111874,11/17/2018,USA,"LIMON, COLORADO",Drilling Oil and Gas Wells,Workplace Safety Incident,Amputation,Stratum_A_Drilling_Heavy_Mechanical,Stratum_A_Drilling_Heavy_Mechanical,An employee's hand was on a cable that was being used to lift a pipe from a rig when his finger was amputated.,"Wire, cables-nonelectrical",Amputations,,,None identified,1,MEDIUM,Energy: Stored mechanical/tubular energy | Exposure: Floor worker during Electrical system maintenance and troubleshooting | Barrier Failure: Line-of-fire control compromised | Escalation: Crushing impact / permanent disabling trauma,None,,None,Electrical system maintenance and troubleshooting,Operational equipment hazard (unspecified energy),Standard operating procedures & PPE,Procedural deviation during task execution,Localized occupational injury without life-altering escalation,,ANNOTATED
342,OILPS_OSHA_02719,OSHA,January2015toNovember2025.csv,2021010260,1/11/2021,USA,"SAINT CHARLES, ILLINOIS",Oil & Gas / Energy Related,Workplace Safety Incident,Hospitalization,Stratum_E_Vehicle_Transport,Stratum_E_Vehicle_Transport; Stratum_F_LowEnergy_Ergonomic_MinorInjury,"At 1:24 p.m. on January 11, 2021, an employee was assisting with curbside Christmas tree pickup when he slipped on ice and fell backward, striking the back of his head on the side of the truck and then on the ground. The employee suffered a left parietal non-displaced skull fracture.","Floors, walkways, ground surfaces, unspecified",Fractures,Driving,,Driving,0,HIGH,Energy: Low-energy slip/trip hazard on ground level | Exposure: Worker performing Routine walking on field surface | Barrier Failure: Inadequate ground slip mitigation on same level | Escalation: Minor localized contusion / non-disabling sprain or closed fracture (Zero credible fatal or whole-person life-altering escalation pathway),Driving,,Driving,Routine walking on field surface,Low-energy slip/trip hazard on ground level,Walkway ice sanding / footwear traction,Inadequate ground slip mitigation on same level,Minor localized contusion / non-disabling sprain or closed fracture,"Actual medical outcome included hospitalization, but incident involved low energy with zero SIF potential.",ANNOTATED
343,OILPS_OSHA_03166,OSHA,January2015toNovember2025.csv,2022086939,8/6/2022,USA,"GIDDINGS, TEXAS",Drilling Oil and Gas Wells,Workplace Safety Incident,Amputation,Stratum_A_Drilling_Heavy_Mechanical,Stratum_A_Drilling_Heavy_Mechanical,"An employee was pushing back a stand of drill pipe on a rig floor. He slipped and fell forward, putting his hands out in front of him to brace his fall. The drill pipe moved back slightly and pinched his right index and middle fingers against the rig floor, resulting in the amputation of the two fingertips above the first knuckle.","Floor, n.e.c.",Amputations,,,None identified,1,MEDIUM,Energy: Stored mechanical/tubular energy | Exposure: Floor worker during Oilfield operational support task | Barrier Failure: Line-of-fire control compromised | Escalation: Crushing impact / permanent disabling trauma,None,,None,Oilfield operational support task,Operational equipment hazard (unspecified energy),Standard operating procedures & PPE,Procedural deviation during task execution,Localized occupational injury without life-altering escalation,,ANNOTATED
344,OILPS_OSHA_00269,OSHA,January2015toNovember2025.csv,2015074303,7/3/2015,USA,"BONITA SPRINGS, FLORIDA",All Other Pipeline Transportation,Workplace Safety Incident,Amputation,Stratum_C_Height_Lifting_Dropped_Objects,Stratum_C_Height_Lifting_Dropped_Objects,An employee was inside a manhole when a 2x4 fell into the hole and hit the top of his finger that was grasping the ladder amputating it.,"Dimensional lumber: 2x4, 2x3, etc.",Amputations,Working at Height,,Working at Height,1,HIGH,Energy: Elevated work position (gravitational energy) | Exposure: Worker positioned in active hazard zone during Oilfield operational support task | Barrier Failure: Safety lanyard unclipped / absent leading edge fall protection | Escalation: Fatal blunt force trauma from fall at elevation,Working at Height,,Working at Height,Oilfield operational support task,Elevated work position (gravitational energy),100% continuous tie-off full body safety harness & engineered guardrails,Safety lanyard unclipped / absent leading edge fall protection,Fatal blunt force trauma from fall at elevation,,ANNOTATED
345,OILPS_OSHA_00018,OSHA,January2015toNovember2025.csv,2015010363,1/11/2015,USA,"WILLISTON, NORTH DAKOTA",Support Activities for Oil and Gas Operations,Workplace Safety Incident,Hospitalization,Stratum_F_LowEnergy_Ergonomic_MinorInjury,Stratum_F_LowEnergy_Ergonomic_MinorInjury,"Employee slipped on ice and broke femur while working on well site in the vicinity of the Anderson 1-4-H location near Williston, North Dakota.","Floors, walkways, ground surfaces, unspecified",Fractures,,,None identified,0,HIGH,Energy: Low-energy slip/trip hazard on ground level | Exposure: Worker performing Routine walking on field surface | Barrier Failure: Inadequate ground slip mitigation on same level | Escalation: Minor localized contusion / non-disabling sprain or closed fracture (Zero credible fatal or whole-person life-altering escalation pathway),None,,None,Routine walking on field surface,Low-energy slip/trip hazard on ground level,Walkway ice sanding / footwear traction,Inadequate ground slip mitigation on same level,Minor localized contusion / non-disabling sprain or closed fracture,"Actual medical outcome included hospitalization, but incident involved low energy with zero SIF potential.",ANNOTATED
346,OILPS_OSHA_00810,OSHA,January2015toNovember2025.csv,20161110979,11/22/2016,USA,"BRYAN, TEXAS",Support Activities for Oil and Gas Operations,Workplace Safety Incident,Hospitalization,Stratum_A_Drilling_Heavy_Mechanical,Stratum_A_Drilling_Heavy_Mechanical,An employee was loading out components of a stacked drilling rig when a beam flipped over and struck the employee. The employee suffered a broken leg and fractured ribs.,Beams-unattached metal,Fractures,,,None identified,1,MEDIUM,Energy: Stored mechanical/tubular energy | Exposure: Floor worker during Drilling rig floor pipe/casing operations | Barrier Failure: Line-of-fire control compromised | Escalation: Crushing impact / permanent disabling trauma,None,,None,Drilling rig floor pipe/casing operations,Operational equipment hazard (unspecified energy),Standard operating procedures & PPE,Procedural deviation during task execution,Localized occupational injury without life-altering escalation,,ANNOTATED
347,OILPS_OSHA_02035,OSHA,January2015toNovember2025.csv,2019032373,3/5/2019,USA,"MIDLAND, TEXAS",Support Activities for Oil and Gas Operations,Workplace Safety Incident,Hospitalization,Stratum_B_Pressure_Flammable_Chemical_H2S,Stratum_B_Pressure_Flammable_Chemical_H2S; Stratum_E_Vehicle_Transport,"Two employees were in a trailer. A lit cigarette ignited gas that had leaked from a propane tank in the trailer, causing an explosion. Both employees suffered second-and third- degree burns to the hands, arms, and face.",Propane,Third or fourth degree heat (thermal) burns,,,None identified,1,HIGH,"Energy: Flammable hydrocarbons / thermal ignition energy | Exposure: Worker positioned in active hazard zone during Oilfield operational support task | Barrier Failure: Hot work performed near flammable vapors / unverified atmospheric LEL | Escalation: Catastrophic vapor cloud explosion, mass toxic asphyxiation, or fatal burns",Hot Work,,Hot Work,Oilfield operational support task,Flammable hydrocarbons / thermal ignition energy,"Continuous LEL gas monitoring, hot work permit & spark containment",Hot work performed near flammable vapors / unverified atmospheric LEL,"Catastrophic vapor cloud explosion, mass toxic asphyxiation, or fatal burns",,ANNOTATED
348,OILPS_OSHA_03651,OSHA,January2015toNovember2025.csv,2024010882,1/29/2024,USA,"FARMINGTON, MISSOURI",Oil & Gas / Energy Related,Workplace Safety Incident,Hospitalization,Stratum_C_Height_Lifting_Dropped_Objects,Stratum_C_Height_Lifting_Dropped_Objects; Stratum_E_Vehicle_Transport,"An employee was walking along a narrow rural roadway toward the back of a digger derrick truck as another digger derrick truck was moving forward from the opposite direction, passing the parked vehicle. The employee's foot was run over by the tire of the vehicle. The employee sustained fractures to the top of the right foot and a dislocated big toe.","Boom truck, cherry picker",Fractures and soft tissue injuries,Working at Height,Driving,Working at Height; Driving,1,HIGH,Energy: Elevated work position (gravitational energy) | Exposure: Worker positioned in active hazard zone during Oilfield operational support task | Barrier Failure: Safety lanyard unclipped / absent leading edge fall protection | Escalation: Fatal blunt force trauma from fall at elevation,Working at Height,Driving,Working at Height; Driving,Oilfield operational support task,Elevated work position (gravitational energy),100% continuous tie-off full body safety harness & engineered guardrails,Safety lanyard unclipped / absent leading edge fall protection,Fatal blunt force trauma from fall at elevation,,ANNOTATED
349,OILPS_OSHA_01146,OSHA,January2015toNovember2025.csv,2017087686,8/11/2017,USA,"BATON ROUGE, LOUISIANA",Support Activities for Oil and Gas Operations,Workplace Safety Incident,Hospitalization,Stratum_A_Drilling_Heavy_Mechanical,Stratum_A_Drilling_Heavy_Mechanical,"An employee was servicing an oil rig when a rod transfer became hung up, came loose, and struck the employee, knocking him out of a rod basket. He landed face first on a tubing board and broke his leg, jaw, nose, and other facial bones.",Oil drilling rigs and machinery,Fractures,,,None identified,0,MEDIUM,Energy: Low operational energy | Exposure: Routine task (Oilfield operational support task) | Barrier Failure: Minor procedural deviation | Escalation: Minor localized injury without credible SIF potential,None,,None,Oilfield operational support task,Operational equipment hazard (unspecified energy),Standard operating procedures & PPE,Procedural deviation during task execution,Localized occupational injury without life-altering escalation,,ANNOTATED
350,OILPS_OSHA_00068,OSHA,January2015toNovember2025.csv,2015021258,2/9/2015,USA,"MONESSEN, PENNSYLVANIA",All Other Petroleum and Coal Products Manufacturing,Workplace Safety Incident,Hospitalization,Stratum_F_LowEnergy_Ergonomic_MinorInjury,Stratum_F_LowEnergy_Ergonomic_MinorInjury,"An employee was injured and hospitalized after stepping into a containment dike sump area. The containment area is approximately 18 inches deep and is siphoned out of the sump with a steam siphon. At the time of the incident, the siphon was plugged in, which resulted in steam being diverted back into the sump and the water being heated. The employee was burned from about his left knee to his left foot.","Steam, vapors, liquids, ice, n.e.c.","Heat (thermal) burns, unspecified",,,None identified,0,MEDIUM,Energy: Low operational energy | Exposure: Routine task (Oilfield operational support task) | Barrier Failure: Minor procedural deviation | Escalation: Minor localized injury without credible SIF potential,None,,None,Oilfield operational support task,Operational equipment hazard (unspecified energy),Standard operating procedures & PPE,Procedural deviation during task execution,Localized occupational injury without life-altering escalation,,ANNOTATED
351,OILPS_OSHA_00589,OSHA,January2015toNovember2025.csv,2016054209,5/14/2016,USA,"NEW BRAUNFELS, TEXAS",Oil & Gas / Energy Related,Workplace Safety Incident,Hospitalization,Stratum_F_LowEnergy_Ergonomic_MinorInjury,Stratum_F_LowEnergy_Ergonomic_MinorInjury,"While stepping onto an assembly, an employee tripped on the edge and fell forward. The employee's jaw struck an angle iron and broke in three places.","Structures and surfaces, n.e.c.",Fractures,,,None identified,0,MEDIUM,Energy: Low operational energy | Exposure: Routine task (Oilfield operational support task) | Barrier Failure: Minor procedural deviation | Escalation: Minor localized injury without credible SIF potential,None,,None,Oilfield operational support task,Operational equipment hazard (unspecified energy),Standard operating procedures & PPE,Procedural deviation during task execution,Localized occupational injury without life-altering escalation,,ANNOTATED
352,OILPS_OSHA_00978,OSHA,January2015toNovember2025.csv,2017043726,4/25/2017,USA,"MILAN, OHIO",Petroleum and Petroleum Products Merchant Wholesalers,Workplace Safety Incident,Hospitalization,Stratum_B_Pressure_Flammable_Chemical_H2S,Stratum_B_Pressure_Flammable_Chemical_H2S; Stratum_E_Vehicle_Transport,"An employee was on top of the tanker truck loading fuel into the tanker. The vapors ignited causing an explosion and throwing the employee 20 feet into the air. The employee suffered third degree burns, broken bones and internal bleeding.","Coal, natural gas, petroleum fuels and products, unspecified","Multiple traumatic injuries and disorders, n.e.c.",Driving,,Driving,1,HIGH,"Energy: Flammable hydrocarbons / thermal ignition energy | Exposure: Worker positioned in active hazard zone during Oilfield operational support task | Barrier Failure: Hot work performed near flammable vapors / unverified atmospheric LEL | Escalation: Catastrophic vapor cloud explosion, mass toxic asphyxiation, or fatal burns",Hot Work,Driving,Hot Work; Driving,Oilfield operational support task,Flammable hydrocarbons / thermal ignition energy,"Continuous LEL gas monitoring, hot work permit & spark containment",Hot work performed near flammable vapors / unverified atmospheric LEL,"Catastrophic vapor cloud explosion, mass toxic asphyxiation, or fatal burns",Candidate LSR 'Driving' modified to 'Hot Work'.,ANNOTATED
353,OILPS_OSHA_00994,OSHA,January2015toNovember2025.csv,2017054165,5/8/2017,USA,"TULSA, OKLAHOMA",Petroleum Refineries,Workplace Safety Incident,Hospitalization,Stratum_B_Pressure_Flammable_Chemical_H2S,Stratum_B_Pressure_Flammable_Chemical_H2S; Stratum_C_Height_Lifting_Dropped_Objects,"While climbing a ladder to an acid gas/ammonia gas drum platform, an employee missed the second rung from the top of the ladder and fell approximately 7 feet. The employee suffered a fractured hip and lacerated elbow.","Ladders, unspecified",Fractures,Working at Height,Toxic Gas / Hazardous Substance,Working at Height; Toxic Gas / Hazardous Substance,1,HIGH,Energy: Elevated work position (gravitational energy) | Exposure: Worker positioned in active hazard zone during Oilfield operational support task | Barrier Failure: Safety lanyard unclipped / absent leading edge fall protection | Escalation: Fatal blunt force trauma from fall at elevation,Working at Height,Toxic Gas / Hazardous Substance,Working at Height; Toxic Gas / Hazardous Substance,Oilfield operational support task,Elevated work position (gravitational energy),100% continuous tie-off full body safety harness & engineered guardrails,Safety lanyard unclipped / absent leading edge fall protection,Fatal blunt force trauma from fall at elevation,,ANNOTATED
354,OILPS_OSHA_02782,OSHA,January2015toNovember2025.csv,2021042927,4/8/2021,USA,"PENWELL, TEXAS",Support Activities for Oil and Gas Operations,Workplace Safety Incident,Hospitalization,Stratum_F_LowEnergy_Ergonomic_MinorInjury,Stratum_F_LowEnergy_Ergonomic_MinorInjury,"An employee arrived at a location to shut some production wells. While walking through the location, the employee tripped on a 1-inch piece of pipe and fell to the ground on their right side. The employee sustained a fractured hip requiring hospitalization.","Pipes, ducts, tubing, unspecified",Fractures,,,None identified,1,MEDIUM,Energy: Stored mechanical/tubular energy | Exposure: Floor worker during Oilfield operational support task | Barrier Failure: Line-of-fire control compromised | Escalation: Crushing impact / permanent disabling trauma,None,,None,Oilfield operational support task,Operational equipment hazard (unspecified energy),Standard operating procedures & PPE,Procedural deviation during task execution,Localized occupational injury without life-altering escalation,,ANNOTATED
355,OILPS_OSHA_02185,OSHA,January2015toNovember2025.csv,2019066171,6/19/2019,USA,"CHALMETTE, LOUISIANA",Oil and Gas Pipeline Construction,Workplace Safety Incident,Hospitalization,Stratum_F_LowEnergy_Ergonomic_MinorInjury,Stratum_F_LowEnergy_Ergonomic_MinorInjury,"An employee was replacing catalyst parts in the heat and became ill due to heat exhaustion, requiring hospitalization.",Heat-environmental,"Heat exhaustion, prostration",,,None identified,0,MEDIUM,Energy: Low operational energy | Exposure: Routine task (Oilfield operational support task) | Barrier Failure: Minor procedural deviation | Escalation: Minor localized injury without credible SIF potential,None,,None,Oilfield operational support task,Operational equipment hazard (unspecified energy),Standard operating procedures & PPE,Procedural deviation during task execution,Localized occupational injury without life-altering escalation,,ANNOTATED
356,OILPS_OSHA_01687,OSHA,January2015toNovember2025.csv,2018077219,7/17/2018,USA,"ODESSA, TEXAS",Support Activities for Oil and Gas Operations,Workplace Safety Incident,Hospitalization,Stratum_F_LowEnergy_Ergonomic_MinorInjury,Stratum_F_LowEnergy_Ergonomic_MinorInjury,"An employee was working outside on July 17, 2018, preparing for the next day's job when he started not feeling well. The next day, July 18, 2018, the employee was at a customer location working and started vomiting and was unable to keep any fluids down. The employee was hospitalized for heat exhaustion and renal failure.",Heat-environmental,"Heat exhaustion, prostration",,,None identified,0,MEDIUM,Energy: Low operational energy | Exposure: Routine task (Oilfield operational support task) | Barrier Failure: Minor procedural deviation | Escalation: Minor localized injury without credible SIF potential,None,,None,Oilfield operational support task,Operational equipment hazard (unspecified energy),Standard operating procedures & PPE,Procedural deviation during task execution,Localized occupational injury without life-altering escalation,,ANNOTATED
357,OILPS_OSHA_02089,OSHA,January2015toNovember2025.csv,2019043839,4/15/2019,USA,"LA PORTE, TEXAS",Support Activities for Oil and Gas Operations,Workplace Safety Incident,Hospitalization,Stratum_D_ConfinedSpace_HotWork_Isolation,Stratum_D_ConfinedSpace_HotWork_Isolation,"An employee was vacuuming catalyst inside a confined space. A piece of the catalyst rolled down from the pile and struck his leg, breaking the femur. He was hospitalized.",,Fractures,Confined Space,,Confined Space,1,HIGH,"Energy: Toxic H2S gas / oxygen-deficient atmosphere | Exposure: Worker positioned in active hazard zone during Confined space entry / vessel maintenance | Barrier Failure: Entry into enclosed vessel without atmospheric verification or forced ventilation | Escalation: Catastrophic vapor cloud explosion, mass toxic asphyxiation, or fatal burns",Confined Space,,Confined Space,Confined space entry / vessel maintenance,Toxic H2S gas / oxygen-deficient atmosphere,"Pre-entry atmospheric gas test, confined space permit & standby rescuer",Entry into enclosed vessel without atmospheric verification or forced ventilation,"Catastrophic vapor cloud explosion, mass toxic asphyxiation, or fatal burns",,ANNOTATED
358,OILPS_OSHA_00100,OSHA,January2015toNovember2025.csv,2015020858,2/28/2015,USA,"OKLAHOMA CITY, OKLAHOMA",Crude Petroleum and Natural Gas Extraction,Workplace Safety Incident,Amputation,Stratum_E_Vehicle_Transport,Stratum_E_Vehicle_Transport,"An employee was attaching a compressor to a skid with a pneumatic impact driver. The employee's finger got caught in the driver, which tore off his fingertip; the injury did not involve the bone.",Impact wrenches-powered,Amputations,Line of Fire,Driving,Line of Fire; Driving,0,MEDIUM,Energy: Low operational energy | Exposure: Routine task (Oilfield operational support task) | Barrier Failure: Minor procedural deviation | Escalation: Minor localized injury without credible SIF potential,Line of Fire,Driving,Line of Fire; Driving,Oilfield operational support task,Operational equipment hazard (unspecified energy),Standard operating procedures & PPE,Procedural deviation during task execution,Localized occupational injury without life-altering escalation,,ANNOTATED
359,OILPS_OSHA_02026,OSHA,January2015toNovember2025.csv,2019022140,2/26/2019,USA,"WATFORD CITY, NORTH DAKOTA",Support Activities for Oil and Gas Operations,Workplace Safety Incident,Hospitalization,Stratum_B_Pressure_Flammable_Chemical_H2S,Stratum_B_Pressure_Flammable_Chemical_H2S,An employee was flushing out the coil tubing due to a frozen line. He started hammering on the line and it broke apart. He was struck in the chest by the high pressure hose.,Hoses,"Soreness, pain, hurt-nonspecified injury",,,None identified,1,HIGH,"Energy: High-pressure fluid/gas stored energy | Exposure: Worker positioned in active hazard zone during Oilfield operational support task | Barrier Failure: Intervention on pressurized line / failure to verify zero residual pressure | Escalation: Fatal crushing impact, severe traumatic amputation, or fatal projectile strike",Energy Isolation,,Energy Isolation,Oilfield operational support task,High-pressure fluid/gas stored energy,"Positive energy isolation, verified depressurization & line-of-fire barricading",Intervention on pressurized line / failure to verify zero residual pressure,"Fatal crushing impact, severe traumatic amputation, or fatal projectile strike",,ANNOTATED
360,OILPS_OSHA_03126,OSHA,January2015toNovember2025.csv,2022075807,7/4/2022,USA,"SULPHUR, LOUISIANA",Drilling Oil and Gas Wells,Workplace Safety Incident,Amputation,Stratum_A_Drilling_Heavy_Mechanical,Stratum_A_Drilling_Heavy_Mechanical,"An employee was tasked with offloading a marine vessel. He was resetting the loading arm back into place when his left hand was caught between the load arm head and a fixed dock component, amputating his index and middle fingertips.","Material and personnel handling machinery, unspecified",Amputations,,,None identified,0,MEDIUM,Energy: Low operational energy | Exposure: Routine task (Oilfield operational support task) | Barrier Failure: Minor procedural deviation | Escalation: Minor localized injury without credible SIF potential,None,,None,Oilfield operational support task,Operational equipment hazard (unspecified energy),Standard operating procedures & PPE,Procedural deviation during task execution,Localized occupational injury without life-altering escalation,,ANNOTATED
361,OILPS_OSHA_02971,OSHA,January2015toNovember2025.csv,2022010138,1/6/2022,USA,"ORLA, TEXAS",Support Activities for Oil and Gas Operations,Workplace Safety Incident,Hospitalization,Stratum_B_Pressure_Flammable_Chemical_H2S,Stratum_B_Pressure_Flammable_Chemical_H2S,"An employee was on a landing above a frac tank. The employee put a strap stick into the tank; when it hit the bottom of the tank, the fluids in the tank ignited. The flash fire caused the employee to jump or fall, and he suffered two broken legs as well as burns to the arm.","Coal, natural gas, petroleum fuels and products, unspecified",Fractures and burns,Hot Work,,Hot Work,1,HIGH,"Energy: Flammable hydrocarbons / thermal ignition energy | Exposure: Worker positioned in active hazard zone during Oilfield operational support task | Barrier Failure: Hot work performed near flammable vapors / unverified atmospheric LEL | Escalation: Catastrophic vapor cloud explosion, mass toxic asphyxiation, or fatal burns",Hot Work,,Hot Work,Oilfield operational support task,Flammable hydrocarbons / thermal ignition energy,"Continuous LEL gas monitoring, hot work permit & spark containment",Hot work performed near flammable vapors / unverified atmospheric LEL,"Catastrophic vapor cloud explosion, mass toxic asphyxiation, or fatal burns",,ANNOTATED
362,OILPS_OSHA_00097,OSHA,January2015toNovember2025.csv,2015020774,2/25/2015,USA,"LINCOLN, NEBRASKA",Oil & Gas / Energy Related,Workplace Safety Incident,Hospitalization,Stratum_A_Drilling_Heavy_Mechanical,Stratum_A_Drilling_Heavy_Mechanical,Employee was changing out a piece of pipe while installing underground conduits on a directional drilling rig. He was struck by a wrench. The employee was taken to the hospital with injuries to his forearm.,Wrenches-power not determined,"Soreness, pain, hurt-nonspecified injury",Line of Fire,,Line of Fire,1,MEDIUM,Energy: Stored mechanical/tubular energy | Exposure: Floor worker during Drilling rig floor pipe/casing operations | Barrier Failure: Line-of-fire control compromised | Escalation: Crushing impact / permanent disabling trauma,Line of Fire,,Line of Fire,Drilling rig floor pipe/casing operations,Operational equipment hazard (unspecified energy),Standard operating procedures & PPE,Procedural deviation during task execution,Localized occupational injury without life-altering escalation,,ANNOTATED
363,OILPS_OSHA_01278,OSHA,January2015toNovember2025.csv,20171010478,10/31/2017,USA,"GARYVILLE, LOUISIANA",Support Activities for Oil and Gas Operations,Workplace Safety Incident,Hospitalization,Stratum_B_Pressure_Flammable_Chemical_H2S,Stratum_B_Pressure_Flammable_Chemical_H2S,"Two employees were removing ball valves. When the employees began to install the gaskets, a flash fire occurred. One employee suffered burns to the face.","Coal, natural gas, petroleum fuels and products, unspecified","Heat (thermal) burns, unspecified",Hot Work,,Hot Work,1,HIGH,"Energy: Flammable hydrocarbons / thermal ignition energy | Exposure: Worker positioned in active hazard zone during Oilfield operational support task | Barrier Failure: Hot work performed near flammable vapors / unverified atmospheric LEL | Escalation: Catastrophic vapor cloud explosion, mass toxic asphyxiation, or fatal burns",Hot Work,,Hot Work,Oilfield operational support task,Flammable hydrocarbons / thermal ignition energy,"Continuous LEL gas monitoring, hot work permit & spark containment",Hot work performed near flammable vapors / unverified atmospheric LEL,"Catastrophic vapor cloud explosion, mass toxic asphyxiation, or fatal burns",,ANNOTATED
364,OILPS_OSHA_01763,OSHA,January2015toNovember2025.csv,2018088929,8/29/2018,USA,"DARLINGTON, WISCONSIN",Petroleum and Petroleum Products Merchant Wholesalers,Workplace Safety Incident,Hospitalization,Stratum_D_ConfinedSpace_HotWork_Isolation,Stratum_D_ConfinedSpace_HotWork_Isolation,"An employee was dismantling a lubricant barrel with a torch when it exploded. The explosive force blew out the bottom of the drum, which flew up and struck the employee's face, smashing the welding helmet he was wearing, sending him backwards, and causing him to hit his head on the concrete floor. He suffered facial lacerations, a skull fracture, and bleeding on the brain.","Barrels, drums-except pressurized",Skull fracture and intracranial injury,Hot Work,,Hot Work,0,MEDIUM,Energy: Low operational energy | Exposure: Routine task (Hot work / welding and thermal cutting) | Barrier Failure: Minor procedural deviation | Escalation: Minor localized injury without credible SIF potential,Hot Work,,Hot Work,Hot work / welding and thermal cutting,Operational equipment hazard (unspecified energy),Standard operating procedures & PPE,Procedural deviation during task execution,Localized occupational injury without life-altering escalation,,ANNOTATED
365,OILPS_OSHA_00773,OSHA,January2015toNovember2025.csv,2016109783,10/17/2016,USA,"BAYTOWN, TEXAS",Oil and Gas Pipeline Construction,Workplace Safety Incident,Hospitalization,Stratum_C_Height_Lifting_Dropped_Objects,Stratum_C_Height_Lifting_Dropped_Objects,"Employees were installing grating that consisted of 4 sheets (approximately 4 feet by 5 feet), cumulatively weighing approximately 800 pounds. When the employees disconnected the load from the crane, they realized the corner of the grating rested on the edge of an existing guard rail toe plate. The injured employee attempted to lift the grating upwards while his coworker used a spud wrench to shift the grating off the toe plate. The grating shifted and caught the injured employee's left index finger between the grating and structural steel. He suffered an avulsion to his left index finger flesh beneath his fingertip, which was crushed and cut. He required surgery and was hospitalized overnight.",Grates,"Avulsions, enucleations",Safe Mechanical Lifting,,Safe Mechanical Lifting,1,HIGH,"Energy: Suspended heavy mechanical load / falling tubular | Exposure: Worker positioned in active hazard zone during Mechanical hoisting / crane lifting operations | Barrier Failure: Personnel in line of fire / defective rigging hardware or improper rigging | Escalation: Fatal crushing impact, severe traumatic amputation, or fatal projectile strike",Safe Mechanical Lifting,,Safe Mechanical Lifting,Mechanical hoisting / crane lifting operations,Suspended heavy mechanical load / falling tubular,"Certified rigging gear, dedicated signalman & red zone exclusion barrier",Personnel in line of fire / defective rigging hardware or improper rigging,"Fatal crushing impact, severe traumatic amputation, or fatal projectile strike",,ANNOTATED
366,OILPS_OSHA_02945,OSHA,January2015toNovember2025.csv,20211110034,11/19/2021,USA,"DUMAS, TEXAS",All Other Pipeline Transportation,Workplace Safety Incident,Hospitalization,Stratum_B_Pressure_Flammable_Chemical_H2S,Stratum_B_Pressure_Flammable_Chemical_H2S,"An employee was removing a high-density polyethylene (HDPE) flange from a steel host pipe that had an HDPE liner installed. As the liner seal was broken, a puff of gas that was trapped in the annular space between the liner and steel pipe was released and ignited. The fire caused second degree burns to the employee's wrists and face.","Flammable gas, unspecified",Second degree heat (thermal) burns,,,None identified,1,MEDIUM,Energy: Stored mechanical/tubular energy | Exposure: Floor worker during Piping and process equipment maintenance | Barrier Failure: Line-of-fire control compromised | Escalation: Crushing impact / permanent disabling trauma,None,,None,Piping and process equipment maintenance,Operational equipment hazard (unspecified energy),Standard operating procedures & PPE,Procedural deviation during task execution,Localized occupational injury without life-altering escalation,,ANNOTATED
367,OILPS_OSHA_02138,OSHA,January2015toNovember2025.csv,2019054968,5/16/2019,USA,"JOHNSTOWN, COLORADO",Support Activities for Oil and Gas Operations,Workplace Safety Incident,Hospitalization,Stratum_D_ConfinedSpace_HotWork_Isolation,Stratum_D_ConfinedSpace_HotWork_Isolation,Two employees were welding pipe when the 9x9 steel welding hut blew over due to a microburst. One employee was hospitalized for a fractured leg and hip.,"Building, n.e.c.",Fractures,Hot Work,,Hot Work,1,MEDIUM,Energy: Stored mechanical/tubular energy | Exposure: Floor worker during Hot work / welding and thermal cutting | Barrier Failure: Line-of-fire control compromised | Escalation: Crushing impact / permanent disabling trauma,Hot Work,,Hot Work,Hot work / welding and thermal cutting,Operational equipment hazard (unspecified energy),Standard operating procedures & PPE,Procedural deviation during task execution,Localized occupational injury without life-altering escalation,,ANNOTATED
368,OILPS_OSHA_03552,OSHA,January2015toNovember2025.csv,2023109134,10/3/2023,USA,"SHINER, TEXAS",Support Activities for Oil and Gas Operations,Workplace Safety Incident,Hospitalization,Stratum_D_ConfinedSpace_HotWork_Isolation,Stratum_D_ConfinedSpace_HotWork_Isolation,"At a remote location, the injured employee was running a pig through the pipeline when the pig became stuck. As the employee was venting gas to the atmosphere to free the pig, a spark ignited the gas vapors, causing the employee to sustain second-degree burns to their face and left elbow.","Coal, natural gas, petroleum fuels and products, unspecified",Second degree heat (thermal) burns,Hot Work,,Hot Work,1,MEDIUM,Energy: Stored mechanical/tubular energy | Exposure: Floor worker during Oilfield operational support task | Barrier Failure: Line-of-fire control compromised | Escalation: Crushing impact / permanent disabling trauma,Hot Work,,Hot Work,Oilfield operational support task,Operational equipment hazard (unspecified energy),Standard operating procedures & PPE,Procedural deviation during task execution,Localized occupational injury without life-altering escalation,,ANNOTATED
369,OILPS_OSHA_00583,OSHA,January2015toNovember2025.csv,2016054006,5/10/2016,USA,"LA PORTE, TEXAS",Oil and Gas Pipeline Construction,Workplace Safety Incident,Hospitalization,Stratum_C_Height_Lifting_Dropped_Objects,Stratum_C_Height_Lifting_Dropped_Objects,"Two employees were setting a steel beam that was attached to the choker of a crane. The crane operator picked up the beam and started cabling up. As the beam started rising, it became caught on part of the structure. The crane continued to pull up. The beam broke loose from the structure that it was caught on and swung free, striking the two employees. One of the employees was hospitalized with fractured ribs, pulmonary contusions, and a collapsed lung.",Beams-unattached metal,Internal injuries to organs and blood vessels of the trunk,Safe Mechanical Lifting,,Safe Mechanical Lifting,1,HIGH,"Energy: Suspended heavy mechanical load / falling tubular | Exposure: Worker positioned in active hazard zone during Mechanical hoisting / crane lifting operations | Barrier Failure: Personnel in line of fire / defective rigging hardware or improper rigging | Escalation: Fatal crushing impact, severe traumatic amputation, or fatal projectile strike",Safe Mechanical Lifting,,Safe Mechanical Lifting,Mechanical hoisting / crane lifting operations,Suspended heavy mechanical load / falling tubular,"Certified rigging gear, dedicated signalman & red zone exclusion barrier",Personnel in line of fire / defective rigging hardware or improper rigging,"Fatal crushing impact, severe traumatic amputation, or fatal projectile strike",,ANNOTATED
370,OILPS_OSHA_02325,OSHA,January2015toNovember2025.csv,2019099707,9/17/2019,USA,"MIDLAND, TEXAS",Support Activities for Oil and Gas Operations,Workplace Safety Incident,Amputation,Stratum_C_Height_Lifting_Dropped_Objects,Stratum_C_Height_Lifting_Dropped_Objects; Stratum_E_Vehicle_Transport,An employee was helping re-spool the winch line on a tubing tester truck when the line caught his right hand. Four fingers were amputated.,"Truck-motorized freight hauling and utility, unspecified",Amputations,Safe Mechanical Lifting,Driving,Safe Mechanical Lifting; Driving,1,HIGH,"Energy: Suspended heavy mechanical load / falling tubular | Exposure: Worker positioned in active hazard zone during Oilfield operational support task | Barrier Failure: Personnel in line of fire / defective rigging hardware or improper rigging | Escalation: Fatal crushing impact, severe traumatic amputation, or fatal projectile strike",Safe Mechanical Lifting,Driving,Safe Mechanical Lifting; Driving,Oilfield operational support task,Suspended heavy mechanical load / falling tubular,"Certified rigging gear, dedicated signalman & red zone exclusion barrier",Personnel in line of fire / defective rigging hardware or improper rigging,"Fatal crushing impact, severe traumatic amputation, or fatal projectile strike",,ANNOTATED
371,OILPS_OSHA_03357,OSHA,January2015toNovember2025.csv,2023021826,2/27/2023,USA,"DENTON, TEXAS",Oil & Gas / Energy Related,Workplace Safety Incident,Hospitalization,Stratum_D_ConfinedSpace_HotWork_Isolation,Stratum_D_ConfinedSpace_HotWork_Isolation,"Employee 1 was setting up his survey instrument at the edge of a concrete apron surrounding an 11-foot-deep concrete utility vault with a 9x9 steel access cover/lid. Employee 2, then walked behind employee 1, stepping onto the steel vault access cover/lid. The cover gave way, causing employee 2 and the steel vault cover to fall into the vault approximately 11 feet below. Employee 1 fell 8 feet, striking an existing pipeline valve located within the vault. Employee 2 was hospitalized for fractures to the ribs on the left side. Employee 1 did not require hospitalization.","Confined spaces, n.e.c.",Fractures,Confined Space,,Confined Space,1,HIGH,Energy: Elevated work position (gravitational energy) | Exposure: Worker positioned in active hazard zone during Oilfield operational support task | Barrier Failure: Safety lanyard unclipped / absent leading edge fall protection | Escalation: Fatal blunt force trauma from fall at elevation,Working at Height,Confined Space,Working at Height; Confined Space,Oilfield operational support task,Elevated work position (gravitational energy),100% continuous tie-off full body safety harness & engineered guardrails,Safety lanyard unclipped / absent leading edge fall protection,Fatal blunt force trauma from fall at elevation,Candidate LSR 'Confined Space' modified to 'Working at Height'.,ANNOTATED
372,OILPS_OSHA_01723,OSHA,January2015toNovember2025.csv,2018088023,8/7/2018,USA,"TYLER, TEXAS",Support Activities for Oil and Gas Operations,Workplace Safety Incident,Hospitalization,Stratum_F_LowEnergy_Ergonomic_MinorInjury,Stratum_F_LowEnergy_Ergonomic_MinorInjury,An employee was working outdoors and became ill due to heat exhaustion.,Heat-environmental,"Heat exhaustion, prostration",,,None identified,0,MEDIUM,Energy: Low operational energy | Exposure: Routine task (Oilfield operational support task) | Barrier Failure: Minor procedural deviation | Escalation: Minor localized injury without credible SIF potential,None,,None,Oilfield operational support task,Operational equipment hazard (unspecified energy),Standard operating procedures & PPE,Procedural deviation during task execution,Localized occupational injury without life-altering escalation,,ANNOTATED
373,OILPS_OSHA_02436,OSHA,January2015toNovember2025.csv,20191213083,12/20/2019,USA,"KARNES CITY, TEXAS",Support Activities for Oil and Gas Operations,Workplace Safety Incident,Hospitalization,Stratum_F_LowEnergy_Ergonomic_MinorInjury,Stratum_F_LowEnergy_Ergonomic_MinorInjury,An employee was walking toward equipment when the employee tripped on a 2-inch pipe on the ground. The employee hit their nose and upper lip and suffered a dislocated shoulder.,"Floors, walkways, ground surfaces, unspecified",Dislocation of joints,,,None identified,1,MEDIUM,Energy: Stored mechanical/tubular energy | Exposure: Floor worker during Oilfield operational support task | Barrier Failure: Line-of-fire control compromised | Escalation: Crushing impact / permanent disabling trauma,None,,None,Oilfield operational support task,Operational equipment hazard (unspecified energy),Standard operating procedures & PPE,Procedural deviation during task execution,Localized occupational injury without life-altering escalation,,ANNOTATED
374,OILPS_OSHA_01782,OSHA,January2015toNovember2025.csv,2018099326,9/10/2018,USA,"WEATHERFORD, OKLAHOMA",Oil and Gas Pipeline Construction,Workplace Safety Incident,Amputation,Stratum_E_Vehicle_Transport,Stratum_E_Vehicle_Transport,"While an employee was using a manual post driver, his left middle finger was trapped between the driver and a post. The fingertip was crushed; he was hospitalized, and the tip was medically amputated.","Striking and nailing handtools-nonpowered, n.e.c.",Amputations,Driving,,Driving,0,MEDIUM,Energy: Low operational energy | Exposure: Routine task (Oilfield operational support task) | Barrier Failure: Minor procedural deviation | Escalation: Minor localized injury without credible SIF potential,Driving,,Driving,Oilfield operational support task,Operational equipment hazard (unspecified energy),Standard operating procedures & PPE,Procedural deviation during task execution,Localized occupational injury without life-altering escalation,,ANNOTATED
375,OILPS_OSHA_02027,OSHA,January2015toNovember2025.csv,2019022167,2/27/2019,USA,"PLATTEVILLE, COLORADO",Support Activities for Oil and Gas Operations,Workplace Safety Incident,Hospitalization,Stratum_B_Pressure_Flammable_Chemical_H2S,Stratum_B_Pressure_Flammable_Chemical_H2S; Stratum_F_LowEnergy_Ergonomic_MinorInjury,The rig crew was topping off the well with fluid when the operator noticed that the gauge was reading 0 psi. The rig operator leaned over the well head to check for flow inside the well head when an ice plug that had formed released from the well head and struck the employee in the face. The employee suffered injuries to his face and eyes.,"Scrap, waste, debris, n.e.c.","Soreness, pain, hurt-nonspecified injury",,,None identified,1,HIGH,"Energy: High-pressure fluid/gas stored energy | Exposure: Worker positioned in active hazard zone during Oilfield operational support task | Barrier Failure: Intervention on pressurized line / failure to verify zero residual pressure | Escalation: Fatal crushing impact, severe traumatic amputation, or fatal projectile strike",Energy Isolation,,Energy Isolation,Oilfield operational support task,High-pressure fluid/gas stored energy,"Positive energy isolation, verified depressurization & line-of-fire barricading",Intervention on pressurized line / failure to verify zero residual pressure,"Fatal crushing impact, severe traumatic amputation, or fatal projectile strike",,ANNOTATED
376,OILPS_OSHA_02047,OSHA,January2015toNovember2025.csv,2019032733,3/14/2019,USA,"MADISON, ILLINOIS",Petroleum Bulk Stations and Terminals,Workplace Safety Incident,Hospitalization,Stratum_E_Vehicle_Transport,Stratum_E_Vehicle_Transport,"At about 11:20 a.m. on March 14, 2019, a truck driver was working on top of a tractor trailer to check the fuel level. A gust of wind blew the employee off the top of the trailer. The employee suffered broken bones and was hospitalized.","Semi, tractor-trailer, tanker truck",Fractures,Driving,,Driving,1,HIGH,Energy: Heavy commercial vehicle kinetic energy | Exposure: Worker positioned in active hazard zone during Oilfield operational support task | Barrier Failure: Loss of vehicle control on road shoulder / excessive speed for conditions | Escalation: Fatal vehicular rollover / cabin crushing trauma,Driving,,Driving,Oilfield operational support task,Heavy commercial vehicle kinetic energy,Journey management speed compliance & seatbelt usage,Loss of vehicle control on road shoulder / excessive speed for conditions,Fatal vehicular rollover / cabin crushing trauma,,ANNOTATED
377,OILPS_OSHA_04139,OSHA,January2015toNovember2025.csv,2025087716,8/5/2025,USA,"HILLSBORO BEACH, FLORIDA",Petroleum and Petroleum Products Merchant Wholesalers,Workplace Safety Incident,Hospitalization,Stratum_F_LowEnergy_Ergonomic_MinorInjury,Stratum_F_LowEnergy_Ergonomic_MinorInjury,An employee was performing gas service work outdoors in extreme heat when they became ill. The employee was hospitalized with dehydration.,Heat environmental,Effects of heat n.e.c.,,,None identified,0,MEDIUM,Energy: Low operational energy | Exposure: Routine task (Oilfield operational support task) | Barrier Failure: Minor procedural deviation | Escalation: Minor localized injury without credible SIF potential,None,,None,Oilfield operational support task,Operational equipment hazard (unspecified energy),Standard operating procedures & PPE,Procedural deviation during task execution,Localized occupational injury without life-altering escalation,,ANNOTATED
378,OILPS_OSHA_00285,OSHA,January2015toNovember2025.csv,2015074683,7/15/2015,USA,"PITTSBURGH, PENNSYLVANIA",All Other Petroleum and Coal Products Manufacturing,Workplace Safety Incident,Hospitalization,Stratum_G_General_Oilfield_Operations,Stratum_G_General_Oilfield_Operations,An employee was hospitalized for complications due to a muscle injury after working on the battery.,,"Traumatic injuries to muscles, tendons, ligaments, joints, etc., unspecified",,,None identified,0,MEDIUM,Energy: Low operational energy | Exposure: Routine task (Oilfield operational support task) | Barrier Failure: Minor procedural deviation | Escalation: Minor localized injury without credible SIF potential,None,,None,Oilfield operational support task,Operational equipment hazard (unspecified energy),Standard operating procedures & PPE,Procedural deviation during task execution,Localized occupational injury without life-altering escalation,,ANNOTATED
379,OILPS_OSHA_01540,OSHA,January2015toNovember2025.csv,2018043850,4/21/2018,USA,"PECOS, TEXAS",Support Activities for Oil and Gas Operations,Workplace Safety Incident,Hospitalization,Stratum_C_Height_Lifting_Dropped_Objects,Stratum_C_Height_Lifting_Dropped_Objects,"Employees were rigging down and started removing fluid from a line. They placed a clamp at one end of the line, but the clamp loosened and two employees were struck. One employee was hospitalized with internal injuries.",,Internal injuries to organs and blood vessels of the trunk,Safe Mechanical Lifting,,Safe Mechanical Lifting,1,HIGH,"Energy: Suspended heavy mechanical load / falling tubular | Exposure: Worker positioned in active hazard zone during Mechanical hoisting / crane lifting operations | Barrier Failure: Personnel in line of fire / defective rigging hardware or improper rigging | Escalation: Fatal crushing impact, severe traumatic amputation, or fatal projectile strike",Safe Mechanical Lifting,,Safe Mechanical Lifting,Mechanical hoisting / crane lifting operations,Suspended heavy mechanical load / falling tubular,"Certified rigging gear, dedicated signalman & red zone exclusion barrier",Personnel in line of fire / defective rigging hardware or improper rigging,"Fatal crushing impact, severe traumatic amputation, or fatal projectile strike",,ANNOTATED
380,OILPS_OSHA_02560,OSHA,January2015toNovember2025.csv,2020054220,5/6/2020,USA,"KERMIT, TEXAS",Support Activities for Oil and Gas Operations,Workplace Safety Incident,Hospitalization,Stratum_B_Pressure_Flammable_Chemical_H2S,Stratum_B_Pressure_Flammable_Chemical_H2S,"Three employees were cleaning a heater treater when a gas build-up caused an explosion in the building. Two of the employees received minor injuries; the third was hospitalized, having suffered a severe laceration across the forehead, burns to the face and neck, and a fractured spine.","Chemicals and chemical products, unspecified",Fractures and burns,,,None identified,1,HIGH,"Energy: Flammable hydrocarbons / thermal ignition energy | Exposure: Worker positioned in active hazard zone during Oilfield operational support task | Barrier Failure: Hot work performed near flammable vapors / unverified atmospheric LEL | Escalation: Catastrophic vapor cloud explosion, mass toxic asphyxiation, or fatal burns",Hot Work,,Hot Work,Oilfield operational support task,Flammable hydrocarbons / thermal ignition energy,"Continuous LEL gas monitoring, hot work permit & spark containment",Hot work performed near flammable vapors / unverified atmospheric LEL,"Catastrophic vapor cloud explosion, mass toxic asphyxiation, or fatal burns",,ANNOTATED
381,OILPS_OSHA_00321,OSHA,January2015toNovember2025.csv,2015085925,8/19/2015,USA,"NORCROSS, GEORGIA",Oil & Gas / Energy Related,Workplace Safety Incident,Hospitalization,Stratum_E_Vehicle_Transport,Stratum_E_Vehicle_Transport,"An employee was installing light posts when the derrick truck swung the light post and contacted the power line behind them. The trailer holding the post became energized, and the employee received severe electrical burns.","Lamp posts, street lights","Electrical burns, unspecified",Working at Height,Driving,Working at Height; Driving,1,HIGH,Energy: Elevated work position (gravitational energy) | Exposure: Worker positioned in active hazard zone during Electrical system maintenance and troubleshooting | Barrier Failure: Safety lanyard unclipped / absent leading edge fall protection | Escalation: Fatal blunt force trauma from fall at elevation,Working at Height,Driving,Working at Height; Driving,Electrical system maintenance and troubleshooting,Elevated work position (gravitational energy),100% continuous tie-off full body safety harness & engineered guardrails,Safety lanyard unclipped / absent leading edge fall protection,Fatal blunt force trauma from fall at elevation,,ANNOTATED
382,OILPS_OSHA_00368,OSHA,January2015toNovember2025.csv,2015097081,9/25/2015,USA,"DENVER CITY, TEXAS",Pipeline Transportation of Natural Gas,Workplace Safety Incident,Amputation,Stratum_E_Vehicle_Transport,Stratum_E_Vehicle_Transport,"An employee was repairing a cooling fan and replacing the fan belt. The employee was using a screw driver to put the belt on when it slipped, catching the employee's finger between the pulley and fan belt. The employee's left fingertip was amputated.","Drives-chain, leather, fabric, vee belt",Amputations,Driving,,Driving,0,MEDIUM,Energy: Low operational energy | Exposure: Routine task (Oilfield operational support task) | Barrier Failure: Minor procedural deviation | Escalation: Minor localized injury without credible SIF potential,Driving,,Driving,Oilfield operational support task,Operational equipment hazard (unspecified energy),Standard operating procedures & PPE,Procedural deviation during task execution,Localized occupational injury without life-altering escalation,,ANNOTATED
383,OILPS_OSHA_01467,OSHA,January2015toNovember2025.csv,2018032253,3/6/2018,USA,"TEXAS CITY, TEXAS",Petroleum Refineries,Workplace Safety Incident,Hospitalization,Stratum_D_ConfinedSpace_HotWork_Isolation,Stratum_D_ConfinedSpace_HotWork_Isolation,"An employee was moving a panel switch to the open position on a 480-volt motor control center breaker when an electrical arc flash occurred, burning the employee's eyes, face, neck, and hands.","Switchboards, switches, fuses","Electrical burns, unspecified",Energy Isolation,,Energy Isolation,1,HIGH,Energy: Energized electrical circuit / arc flash energy | Exposure: Worker positioned in active hazard zone during Electrical system maintenance and troubleshooting | Barrier Failure: Work on live circuit without electrical isolation or insulated tools | Escalation: Fatal electrocution / severe whole-body arc flash thermal trauma,Energy Isolation,,Energy Isolation,Electrical system maintenance and troubleshooting,Energized electrical circuit / arc flash energy,"Lockout/Tagout (LOTO), zero voltage test & arc-rated personal protective equipment",Work on live circuit without electrical isolation or insulated tools,Fatal electrocution / severe whole-body arc flash thermal trauma,,ANNOTATED
384,OILPS_OSHA_00474,OSHA,January2015toNovember2025.csv,2016010338,1/13/2016,USA,"GARDEN CITY, TEXAS",Drilling Oil and Gas Wells,Workplace Safety Incident,Hospitalization,Stratum_A_Drilling_Heavy_Mechanical,Stratum_A_Drilling_Heavy_Mechanical; Stratum_C_Height_Lifting_Dropped_Objects; Stratum_E_Vehicle_Transport,"An employee was offloading iron from a trailer when the employee's right index finger got caught between a 4-inch iron, which fell from above, and the edge of the trailer.","Structural metal materials, n.e.c.","Soreness, pain, hurt-nonspecified injury",Working at Height,,Working at Height,0,MEDIUM,Energy: Low operational energy | Exposure: Routine task (Oilfield operational support task) | Barrier Failure: Minor procedural deviation | Escalation: Minor localized injury without credible SIF potential,Working at Height,,Working at Height,Oilfield operational support task,Operational equipment hazard (unspecified energy),Standard operating procedures & PPE,Procedural deviation during task execution,Localized occupational injury without life-altering escalation,,ANNOTATED
385,OILPS_OSHA_01706,OSHA,January2015toNovember2025.csv,2018077756,7/30/2018,USA,"LIBERAL, KANSAS",Support Activities for Oil and Gas Operations,Workplace Safety Incident,Hospitalization,Stratum_D_ConfinedSpace_HotWork_Isolation,Stratum_D_ConfinedSpace_HotWork_Isolation,"The governor on a portable welder had been replaced. While an employee was checking the wiring behind the governor, a coolant fan blade broke his left index finger and caused tendon damage and lacerations on the other fingers.",Welding machinery,Fractures,,,None identified,0,MEDIUM,Energy: Low operational energy | Exposure: Routine task (Oilfield operational support task) | Barrier Failure: Minor procedural deviation | Escalation: Minor localized injury without credible SIF potential,None,,None,Oilfield operational support task,Operational equipment hazard (unspecified energy),Standard operating procedures & PPE,Procedural deviation during task execution,Localized occupational injury without life-altering escalation,,ANNOTATED
386,OILPS_OSHA_00277,OSHA,January2015toNovember2025.csv,2015074428,7/8/2015,USA,"SHINER, TEXAS",Support Activities for Oil and Gas Operations,Workplace Safety Incident,Hospitalization,Stratum_E_Vehicle_Transport,Stratum_E_Vehicle_Transport,"An employee got caught between a trailer and truck while directing the truck driver to back up. The employee's leg was crushed, and the employee was hospitalized.","Highway vehicle, motorized, unspecified",Crushing injuries,Driving,,Driving,0,MEDIUM,Energy: Low operational energy | Exposure: Routine task (Oilfield operational support task) | Barrier Failure: Minor procedural deviation | Escalation: Minor localized injury without credible SIF potential,Driving,,Driving,Oilfield operational support task,Operational equipment hazard (unspecified energy),Standard operating procedures & PPE,Procedural deviation during task execution,Localized occupational injury without life-altering escalation,,ANNOTATED
387,OILPS_OSHA_01177,OSHA,January2015toNovember2025.csv,2017098587,9/6/2017,USA,"EAGLE RIVER, WISCONSIN",Oil and Gas Pipeline Construction,Workplace Safety Incident,Hospitalization,Stratum_D_ConfinedSpace_HotWork_Isolation,Stratum_D_ConfinedSpace_HotWork_Isolation,An employee suffered an electric shock and/or burns on the hands and fingers while installing distribution lines.,"Power lines, transformers, convertors","Electrocutions, electric shocks",Energy Isolation,,Energy Isolation,0,MEDIUM,Energy: Low operational energy | Exposure: Routine task (Oilfield operational support task) | Barrier Failure: Minor procedural deviation | Escalation: Minor localized injury without credible SIF potential,None,,None,Oilfield operational support task,Operational equipment hazard (unspecified energy),Standard operating procedures & PPE,Procedural deviation during task execution,Localized occupational injury without life-altering escalation,Candidate LSR 'Energy Isolation' rejected based on narrative evidence.,ANNOTATED
388,OILPS_OSHA_04225,OSHA,January2015toNovember2025.csv,20251111172,11/10/2025,USA,"TRENT, TEXAS",Support Activities for Oil and Gas Operations,Workplace Safety Incident,Amputation,Stratum_G_General_Oilfield_Operations,Stratum_G_General_Oilfield_Operations,"The injured employee was inserting the nozzle of a tubing tester into the testing bars when the tubing tester lowered the bars. The injured employee's finger was crushed between the nozzle and the wiper plate, resulting in amputation of the distal right index fingertip.","Other product testing, inspecting, and diagnostic machinery",Amputations involving bone loss,,,None identified,0,MEDIUM,Energy: Low operational energy | Exposure: Routine task (Oilfield operational support task) | Barrier Failure: Minor procedural deviation | Escalation: Minor localized injury without credible SIF potential,None,,None,Oilfield operational support task,Operational equipment hazard (unspecified energy),Standard operating procedures & PPE,Procedural deviation during task execution,Localized occupational injury without life-altering escalation,,ANNOTATED
389,OILPS_OSHA_01050,OSHA,January2015toNovember2025.csv,2017065357,6/12/2017,USA,"WILLISTON, NORTH DAKOTA",Oil & Gas / Energy Related,Workplace Safety Incident,Hospitalization,Stratum_A_Drilling_Heavy_Mechanical,Stratum_A_Drilling_Heavy_Mechanical; Stratum_B_Pressure_Flammable_Chemical_H2S; Stratum_D_ConfinedSpace_HotWork_Isolation,"An employee was welding on a mud pump when an explosion occurred. A pipe cap blew off and hit his stomach, injuring his spleen.",Pumps,Internal injuries to organs and blood vessels of the trunk,Hot Work,,Hot Work,1,HIGH,"Energy: Flammable hydrocarbons / thermal ignition energy | Exposure: Worker positioned in active hazard zone during Hot work / welding and thermal cutting | Barrier Failure: Hot work performed near flammable vapors / unverified atmospheric LEL | Escalation: Catastrophic vapor cloud explosion, mass toxic asphyxiation, or fatal burns",Hot Work,,Hot Work,Hot work / welding and thermal cutting,Flammable hydrocarbons / thermal ignition energy,"Continuous LEL gas monitoring, hot work permit & spark containment",Hot work performed near flammable vapors / unverified atmospheric LEL,"Catastrophic vapor cloud explosion, mass toxic asphyxiation, or fatal burns",,ANNOTATED
390,OILPS_OSHA_02355,OSHA,January2015toNovember2025.csv,20191010687,10/12/2019,USA,"MIDLAND, TEXAS",Support Activities for Oil and Gas Operations,Workplace Safety Incident,Hospitalization,Stratum_C_Height_Lifting_Dropped_Objects,Stratum_C_Height_Lifting_Dropped_Objects; Stratum_E_Vehicle_Transport; Stratum_F_LowEnergy_Ergonomic_MinorInjury,"An employee was a spotter for a forklift operator. He was walking backwards when he stumbled and fell to the ground. The forklift driver stopped and the load (pit liner material roll) rolled off the forks, striking the employee and breaking his legs.","Reels, rolls, spools, coils, cones",Fractures,Safe Mechanical Lifting,Driving,Safe Mechanical Lifting; Driving,1,HIGH,"Energy: Suspended heavy mechanical load / falling tubular | Exposure: Worker positioned in active hazard zone during Mechanical hoisting / crane lifting operations | Barrier Failure: Personnel in line of fire / defective rigging hardware or improper rigging | Escalation: Fatal crushing impact, severe traumatic amputation, or fatal projectile strike",Safe Mechanical Lifting,Driving,Safe Mechanical Lifting; Driving,Mechanical hoisting / crane lifting operations,Suspended heavy mechanical load / falling tubular,"Certified rigging gear, dedicated signalman & red zone exclusion barrier",Personnel in line of fire / defective rigging hardware or improper rigging,"Fatal crushing impact, severe traumatic amputation, or fatal projectile strike",,ANNOTATED
391,OILPS_OSHA_01842,OSHA,January2015toNovember2025.csv,20181010877,10/22/2018,USA,"TIPP CITY, OHIO",Petroleum Products Manufacturing,Workplace Safety Incident,Hospitalization,Stratum_E_Vehicle_Transport,Stratum_E_Vehicle_Transport,"An employee was flagging trucks into a job site when a pickup truck drove through the construction zone and struck the employee, who suffered two broken ribs and a bruised elbow.",Pickup truck,Fractures,Driving,,Driving,0,MEDIUM,Energy: Low operational energy | Exposure: Routine task (Oilfield operational support task) | Barrier Failure: Minor procedural deviation | Escalation: Minor localized injury without credible SIF potential,Driving,,Driving,Oilfield operational support task,Operational equipment hazard (unspecified energy),Standard operating procedures & PPE,Procedural deviation during task execution,Localized occupational injury without life-altering escalation,,ANNOTATED
392,OILPS_OSHA_03986,OSHA,January2015toNovember2025.csv,2025021617,2/18/2025,USA,"KREMLIN, OKLAHOMA",Petroleum and Petroleum Products Merchant Wholesalers,Workplace Safety Incident,Hospitalization,Stratum_F_LowEnergy_Ergonomic_MinorInjury,Stratum_F_LowEnergy_Ergonomic_MinorInjury,"An employee was walking across a concrete parking lot when they slipped and fell on a patch of ice, resulting in a fractured leg.",Other constructed surface,Fractures,,,None identified,0,HIGH,Energy: Low-energy slip/trip hazard on ground level | Exposure: Worker performing Routine walking on field surface | Barrier Failure: Inadequate ground slip mitigation on same level | Escalation: Minor localized contusion / non-disabling sprain or closed fracture (Zero credible fatal or whole-person life-altering escalation pathway),None,,None,Routine walking on field surface,Low-energy slip/trip hazard on ground level,Walkway ice sanding / footwear traction,Inadequate ground slip mitigation on same level,Minor localized contusion / non-disabling sprain or closed fracture,"Actual medical outcome included hospitalization, but incident involved low energy with zero SIF potential.",ANNOTATED
393,OILPS_OSHA_01175,OSHA,January2015toNovember2025.csv,2017098512,9/4/2017,USA,"EL RENO, OKLAHOMA",Support Activities for Oil and Gas Operations,Workplace Safety Incident,Hospitalization,Stratum_B_Pressure_Flammable_Chemical_H2S,Stratum_B_Pressure_Flammable_Chemical_H2S,"An employee was opening a high-pressure relief valve with a pressure bar. He was pulling down on the bar when it gave way, causing him to fall on the second bar. He tore his left triceps and bicep.","Floors, walkways, ground surfaces, unspecified","Major tears to muscles, tendons, ligaments",,,None identified,1,HIGH,"Energy: High-pressure fluid/gas stored energy | Exposure: Worker positioned in active hazard zone during Oilfield operational support task | Barrier Failure: Intervention on pressurized line / failure to verify zero residual pressure | Escalation: Fatal crushing impact, severe traumatic amputation, or fatal projectile strike",Energy Isolation,,Energy Isolation,Oilfield operational support task,High-pressure fluid/gas stored energy,"Positive energy isolation, verified depressurization & line-of-fire barricading",Intervention on pressurized line / failure to verify zero residual pressure,"Fatal crushing impact, severe traumatic amputation, or fatal projectile strike",,ANNOTATED
394,OILPS_OSHA_01036,OSHA,January2015toNovember2025.csv,2017065099,6/5/2017,USA,"SHELBY, OHIO",Oil & Gas / Energy Related,Workplace Safety Incident,Hospitalization,Stratum_B_Pressure_Flammable_Chemical_H2S,Stratum_B_Pressure_Flammable_Chemical_H2S,"On June 5, 2017, an employee was rebuilding a bench cylinder when pressure began building in the cylinder and released. The cylinder then struck the employee in the abdomen and pushed the employee into a locker. The employee suffered internal bleeding and crushing injuries, requiring hospitalization.","Machine and appliance parts, n.e.c.","Other traumatic injuries and disorders, unspecified",,,None identified,1,HIGH,"Energy: High-pressure fluid/gas stored energy | Exposure: Worker positioned in active hazard zone during Oilfield operational support task | Barrier Failure: Intervention on pressurized line / failure to verify zero residual pressure | Escalation: Fatal crushing impact, severe traumatic amputation, or fatal projectile strike",Energy Isolation,,Energy Isolation,Oilfield operational support task,High-pressure fluid/gas stored energy,"Positive energy isolation, verified depressurization & line-of-fire barricading",Intervention on pressurized line / failure to verify zero residual pressure,"Fatal crushing impact, severe traumatic amputation, or fatal projectile strike",,ANNOTATED
395,OILPS_OSHA_03594,OSHA,January2015toNovember2025.csv,20231211030,12/3/2023,USA,"BORGER, TEXAS",Petroleum Refineries,Workplace Safety Incident,Hospitalization,Stratum_B_Pressure_Flammable_Chemical_H2S,Stratum_B_Pressure_Flammable_Chemical_H2S,"An employee was preparing a pump for maintenance. When the employee removed a cover, chemicals were released into the air. The employee was exposed to hydrogen sulfide and methyl mercaptan and was hospitalized.",Hydrogen sulfide,"Poisoning, toxic, noxious, or allergenic effect, unspecified",Toxic Gas / Hazardous Substance,,Toxic Gas / Hazardous Substance,1,HIGH,"Energy: Toxic H2S gas / oxygen-deficient atmosphere | Exposure: Worker positioned in active hazard zone during Oilfield operational support task | Barrier Failure: Entry into enclosed vessel without atmospheric verification or forced ventilation | Escalation: Catastrophic vapor cloud explosion, mass toxic asphyxiation, or fatal burns",Confined Space,Toxic Gas / Hazardous Substance,Confined Space; Toxic Gas / Hazardous Substance,Oilfield operational support task,Toxic H2S gas / oxygen-deficient atmosphere,"Pre-entry atmospheric gas test, confined space permit & standby rescuer",Entry into enclosed vessel without atmospheric verification or forced ventilation,"Catastrophic vapor cloud explosion, mass toxic asphyxiation, or fatal burns",Candidate LSR 'Toxic Gas / Hazardous Substance' modified to 'Confined Space'.,ANNOTATED
396,OILPS_OSHA_01603,OSHA,January2015toNovember2025.csv,2018055307,5/31/2018,USA,"GILLETT, TEXAS",Drilling Oil and Gas Wells,Workplace Safety Incident,Amputation,Stratum_A_Drilling_Heavy_Mechanical,Stratum_A_Drilling_Heavy_Mechanical,"An employee was attaching a tong to a pipe when his left leg was caught in the tong pull line and the drill string, resulting in a left leg amputation.",Oil drilling rigs and machinery,Amputations,Line of Fire,,Line of Fire,1,MEDIUM,Energy: Stored mechanical/tubular energy | Exposure: Floor worker during Oilfield operational support task | Barrier Failure: Line-of-fire control compromised | Escalation: Crushing impact / permanent disabling trauma,Line of Fire,,Line of Fire,Oilfield operational support task,Operational equipment hazard (unspecified energy),Standard operating procedures & PPE,Procedural deviation during task execution,Localized occupational injury without life-altering escalation,,ANNOTATED
397,OILPS_OSHA_03145,OSHA,January2015toNovember2025.csv,2022076240,7/18/2022,USA,"PORT ARTHUR, TEXAS",Petroleum Refineries,Workplace Safety Incident,Hospitalization,Stratum_F_LowEnergy_Ergonomic_MinorInjury,Stratum_F_LowEnergy_Ergonomic_MinorInjury,An employee was checking around a work area. The employee tripped on a ground rod that was sticking up about 2 inches from the ground and suffered a broken left knee.,"Ground, n.e.c.",Fractures,,,None identified,0,MEDIUM,Energy: Low operational energy | Exposure: Routine task (Oilfield operational support task) | Barrier Failure: Minor procedural deviation | Escalation: Minor localized injury without credible SIF potential,None,,None,Oilfield operational support task,Operational equipment hazard (unspecified energy),Standard operating procedures & PPE,Procedural deviation during task execution,Localized occupational injury without life-altering escalation,,ANNOTATED
398,OILPS_OSHA_03511,OSHA,January2015toNovember2025.csv,2023087098,8/4/2023,USA,"ALAMOSA, COLORADO",Oil & Gas / Energy Related,Workplace Safety Incident,Hospitalization,Stratum_C_Height_Lifting_Dropped_Objects,Stratum_C_Height_Lifting_Dropped_Objects; Stratum_E_Vehicle_Transport,Employees were engaging in horseplay when the injured employee lost his balance and fell from the back of a digger derrick truck to the ground. The employee's leg was fractured in two places.,"Truck-motorized freight hauling and utility, n.e.c",Fractures,Working at Height,Driving,Working at Height; Driving,1,HIGH,Energy: Elevated work position (gravitational energy) | Exposure: Worker positioned in active hazard zone during Oilfield operational support task | Barrier Failure: Safety lanyard unclipped / absent leading edge fall protection | Escalation: Fatal blunt force trauma from fall at elevation,Working at Height,Driving,Working at Height; Driving,Oilfield operational support task,Elevated work position (gravitational energy),100% continuous tie-off full body safety harness & engineered guardrails,Safety lanyard unclipped / absent leading edge fall protection,Fatal blunt force trauma from fall at elevation,,ANNOTATED
399,OILPS_OSHA_03596,OSHA,January2015toNovember2025.csv,20231211033,12/3/2023,USA,"MENTONE, TEXAS",Support Activities for Oil and Gas Operations,Workplace Safety Incident,Hospitalization,Stratum_B_Pressure_Flammable_Chemical_H2S,Stratum_B_Pressure_Flammable_Chemical_H2S,"An employee was cleaning a sight glass on a gas separation machine that was located on top of a self contained/self evacuating tank. When the valve that connected the well bore to the gas separation machine was opened, gas/vapor ignited, causing a flash fire that burned the employee's face and hands.","Coal, natural gas, petroleum fuels and products, unspecified","Heat (thermal) burns, unspecified",Hot Work,,Hot Work,1,HIGH,"Energy: Flammable hydrocarbons / thermal ignition energy | Exposure: Worker positioned in active hazard zone during Oilfield operational support task | Barrier Failure: Hot work performed near flammable vapors / unverified atmospheric LEL | Escalation: Catastrophic vapor cloud explosion, mass toxic asphyxiation, or fatal burns",Hot Work,,Hot Work,Oilfield operational support task,Flammable hydrocarbons / thermal ignition energy,"Continuous LEL gas monitoring, hot work permit & spark containment",Hot work performed near flammable vapors / unverified atmospheric LEL,"Catastrophic vapor cloud explosion, mass toxic asphyxiation, or fatal burns",,ANNOTATED
400,OILPS_OSHA_03680,OSHA,January2015toNovember2025.csv,2024021751,2/26/2024,USA,"BAYTOWN, TEXAS",Petroleum Refineries,Workplace Safety Incident,Hospitalization,Stratum_B_Pressure_Flammable_Chemical_H2S,Stratum_B_Pressure_Flammable_Chemical_H2S,An employee was trying to lower the level on a condensate boiler by opening a pump case drain line. The plugged condensate line shifted unexpectedly and pinched the employee's left hand against a stanchion. The employee suffered burns to the hand.,"Pipes, ducts, tubing unspecified",Thermal burns degree unspecified,,,None identified,0,MEDIUM,Energy: Low operational energy | Exposure: Routine task (Oilfield operational support task) | Barrier Failure: Minor procedural deviation | Escalation: Minor localized injury without credible SIF potential,None,,None,Oilfield operational support task,Operational equipment hazard (unspecified energy),Standard operating procedures & PPE,Procedural deviation during task execution,Localized occupational injury without life-altering escalation,,ANNOTATED
401,OILPS_OSHA_03207,OSHA,January2015toNovember2025.csv,2022098322,9/20/2022,USA,"MARSHALL, TEXAS",Drilling Oil and Gas Wells,Workplace Safety Incident,Hospitalization,Stratum_A_Drilling_Heavy_Mechanical,Stratum_A_Drilling_Heavy_Mechanical; Stratum_C_Height_Lifting_Dropped_Objects,"A drill collar was being lowered from a higher elevation pad next to the location where the rig was located. An employee placed a board as a chock under the drill collar. As the forklift forks were being removed from under the collar, the collar started to roll. The drill collar caught the right edge of the employee's boot and began to pull his leg under the collar. The employee sustained compound fractures to both bones in his lower right leg.","Machine and appliance parts, n.e.c.",Fractures,Safe Mechanical Lifting,,Safe Mechanical Lifting,1,HIGH,"Energy: Suspended heavy mechanical load / falling tubular | Exposure: Worker positioned in active hazard zone during Mechanical hoisting / crane lifting operations | Barrier Failure: Personnel in line of fire / defective rigging hardware or improper rigging | Escalation: Fatal crushing impact, severe traumatic amputation, or fatal projectile strike",Safe Mechanical Lifting,,Safe Mechanical Lifting,Mechanical hoisting / crane lifting operations,Suspended heavy mechanical load / falling tubular,"Certified rigging gear, dedicated signalman & red zone exclusion barrier",Personnel in line of fire / defective rigging hardware or improper rigging,"Fatal crushing impact, severe traumatic amputation, or fatal projectile strike",,ANNOTATED
402,OILPS_OSHA_02064,OSHA,January2015toNovember2025.csv,2019033176,3/27/2019,USA,"ALBANY, NEW YORK",Asphalt Paving Mixture and Block Manufacturing,Workplace Safety Incident,Hospitalization,Stratum_C_Height_Lifting_Dropped_Objects,Stratum_C_Height_Lifting_Dropped_Objects,"An employee was lowering the boom of the manlift. The manlift basket became entangled with a rope attached to a pulley used to hoist screens and tools to the top of the plant. As the manlift descended it put tension on the rope which broke the gantry frame. A section of the frame struck the employee's head/shoulder area. The employee lost consciousness and sustained multiple fractures to his skull, face, shoulder and ribs. The employee was wearing personal protective equipment at the time.","Machine and appliance parts, n.e.c.",Fractures,Safe Mechanical Lifting,,Safe Mechanical Lifting,1,HIGH,"Energy: Suspended heavy mechanical load / falling tubular | Exposure: Worker positioned in active hazard zone during Oilfield operational support task | Barrier Failure: Personnel in line of fire / defective rigging hardware or improper rigging | Escalation: Fatal crushing impact, severe traumatic amputation, or fatal projectile strike",Safe Mechanical Lifting,,Safe Mechanical Lifting,Oilfield operational support task,Suspended heavy mechanical load / falling tubular,"Certified rigging gear, dedicated signalman & red zone exclusion barrier",Personnel in line of fire / defective rigging hardware or improper rigging,"Fatal crushing impact, severe traumatic amputation, or fatal projectile strike",,ANNOTATED
403,OILPS_OSHA_04066,OSHA,January2015toNovember2025.csv,2025054433,5/10/2025,USA,"VICTORIA, TEXAS",Support Activities for Oil and Gas Operations,Workplace Safety Incident,Hospitalization,Stratum_C_Height_Lifting_Dropped_Objects,Stratum_C_Height_Lifting_Dropped_Objects; Stratum_E_Vehicle_Transport,"Three employees were assembling a mast for a mobile rig derrick. Each of the two sections are approximately 60 feet long. The lower mast was positioned on stands. The upper mast was supported by an overhead crane. The injured employee was standing at the base on the lower mast behind the winch skid. He was using a crane and a winch that is mounted on a forklift skid to slide the top mast into the lower mast. The upper section of the mast became misaligned and the force from the crane and winch operations caused the mast to shift 4 feet. This caused the winch skid to shift 4 feet back as well, pinning the employee's left foot between the base of the winch and the base of the forklift mast. The employee sustained two fractures in his foot.",Vehicle and mobile equipment parts n.e.c.,Fractures,Working at Height,Safe Mechanical Lifting,Working at Height; Safe Mechanical Lifting,1,HIGH,Energy: Elevated work position (gravitational energy); Suspended heavy mechanical load / falling tubular | Exposure: Worker positioned in active hazard zone during Mechanical hoisting / crane lifting operations | Barrier Failure: Safety lanyard unclipped / absent leading edge fall protection | Escalation: Fatal blunt force trauma from fall at elevation,Safe Mechanical Lifting,Working at Height,Safe Mechanical Lifting; Working at Height,Mechanical hoisting / crane lifting operations,Elevated work position (gravitational energy); Suspended heavy mechanical load / falling tubular,100% continuous tie-off full body safety harness & engineered guardrails,Safety lanyard unclipped / absent leading edge fall protection,Fatal blunt force trauma from fall at elevation,Candidate LSR 'Working at Height' modified to 'Safe Mechanical Lifting'.,ANNOTATED
404,OILPS_OSHA_01347,OSHA,January2015toNovember2025.csv,20171211995,12/18/2017,USA,"SARDIS, OHIO",Oil & Gas / Energy Related,Workplace Safety Incident,Hospitalization,Stratum_G_General_Oilfield_Operations,Stratum_G_General_Oilfield_Operations,Employees had finished clearing trees for a pipeline and were walking back to the trucks. The injured employee slipped and fell to the ground after stepping on a rock covered with leaves. The employee suffered a broken leg and was hospitalized.,"Ground, n.e.c.",Fractures,,,None identified,1,MEDIUM,Energy: Stored mechanical/tubular energy | Exposure: Floor worker during Oilfield operational support task | Barrier Failure: Line-of-fire control compromised | Escalation: Crushing impact / permanent disabling trauma,None,,None,Oilfield operational support task,Operational equipment hazard (unspecified energy),Standard operating procedures & PPE,Procedural deviation during task execution,Localized occupational injury without life-altering escalation,,ANNOTATED
405,OILPS_OSHA_03472,OSHA,January2015toNovember2025.csv,2023075874,7/2/2023,USA,"MONT BELVIEU, TEXAS",Support Activities for Oil and Gas Operations,Workplace Safety Incident,Hospitalization,Stratum_A_Drilling_Heavy_Mechanical,Stratum_A_Drilling_Heavy_Mechanical,"An employee was adjusting the operator console to raise it to a higher level. He removed the bracket that connects the console to the rail system so he could begin raising it. The console shifted, causing the employee to fall 10 feet, resulting in a shoulder fracture and head laceration.",Oil drilling rigs and machinery,Fractures,,,None identified,0,MEDIUM,Energy: Low operational energy | Exposure: Routine task (Oilfield operational support task) | Barrier Failure: Minor procedural deviation | Escalation: Minor localized injury without credible SIF potential,None,,None,Oilfield operational support task,Operational equipment hazard (unspecified energy),Standard operating procedures & PPE,Procedural deviation during task execution,Localized occupational injury without life-altering escalation,,ANNOTATED
406,OILPS_OSHA_03409,OSHA,January2015toNovember2025.csv,2023053913,5/2/2023,USA,"GOLDSMITH, TEXAS",Support Activities for Oil and Gas Operations,Workplace Safety Incident,Hospitalization,Stratum_B_Pressure_Flammable_Chemical_H2S,Stratum_B_Pressure_Flammable_Chemical_H2S; Stratum_E_Vehicle_Transport,"An employee was opening a hatch on a bulk cement truck when pressure inside of the truck caused the hatch cover to slide off and up, striking the employee. The employee sustained a non-displaced pelvis fracture, a right linear temporal fracture and a subdural hematoma.","Container caps, lids, covers",Skull fracture and intracranial injury,Driving,,Driving,1,HIGH,"Energy: High-pressure fluid/gas stored energy | Exposure: Worker positioned in active hazard zone during Oilfield operational support task | Barrier Failure: Intervention on pressurized line / failure to verify zero residual pressure | Escalation: Fatal crushing impact, severe traumatic amputation, or fatal projectile strike",Energy Isolation,Driving,Energy Isolation; Driving,Oilfield operational support task,High-pressure fluid/gas stored energy,"Positive energy isolation, verified depressurization & line-of-fire barricading",Intervention on pressurized line / failure to verify zero residual pressure,"Fatal crushing impact, severe traumatic amputation, or fatal projectile strike",Candidate LSR 'Driving' modified to 'Energy Isolation'.,ANNOTATED
407,OILPS_OSHA_03943,OSHA,January2015toNovember2025.csv,2025010106,1/5/2025,USA,"ANAHUAC, TEXAS",Support Activities for Oil and Gas Operations,Workplace Safety Incident,Amputation,Stratum_A_Drilling_Heavy_Mechanical,Stratum_A_Drilling_Heavy_Mechanical,An employee was removing a clamp from the electrical submersible pump string of a laydown machine when their left index finger was caught between the clamp and the machine. The employee sustained a partial amputation between the first knuckle and the fingernail.,Drilling and extraction machinery unspecified,Amputations involving bone loss,,,None identified,0,MEDIUM,Energy: Low operational energy | Exposure: Routine task (Electrical system maintenance and troubleshooting) | Barrier Failure: Minor procedural deviation | Escalation: Minor localized injury without credible SIF potential,None,,None,Electrical system maintenance and troubleshooting,Operational equipment hazard (unspecified energy),Standard operating procedures & PPE,Procedural deviation during task execution,Localized occupational injury without life-altering escalation,,ANNOTATED
408,OILPS_OSHA_00970,OSHA,January2015toNovember2025.csv,2017043585,4/20/2017,USA,"GRAND JUNCTION, COLORADO",Support Activities for Oil and Gas Operations,Workplace Safety Incident,Hospitalization,Stratum_C_Height_Lifting_Dropped_Objects,Stratum_C_Height_Lifting_Dropped_Objects,An employee was using a chain to winch an object when the chain snapped and a tow cable smashed through the window and broke the employee's right arm.,"Wire, cables-nonelectrical",Fractures,Safe Mechanical Lifting,,Safe Mechanical Lifting,1,HIGH,"Energy: Suspended heavy mechanical load / falling tubular | Exposure: Worker positioned in active hazard zone during Electrical system maintenance and troubleshooting | Barrier Failure: Personnel in line of fire / defective rigging hardware or improper rigging | Escalation: Fatal crushing impact, severe traumatic amputation, or fatal projectile strike",Safe Mechanical Lifting,,Safe Mechanical Lifting,Electrical system maintenance and troubleshooting,Suspended heavy mechanical load / falling tubular,"Certified rigging gear, dedicated signalman & red zone exclusion barrier",Personnel in line of fire / defective rigging hardware or improper rigging,"Fatal crushing impact, severe traumatic amputation, or fatal projectile strike",,ANNOTATED
409,OILPS_OSHA_02274,OSHA,January2015toNovember2025.csv,2019088588,8/19/2019,USA,"PECOS, TEXAS",Drilling Oil and Gas Wells,Workplace Safety Incident,Hospitalization,Stratum_A_Drilling_Heavy_Mechanical,Stratum_A_Drilling_Heavy_Mechanical; Stratum_C_Height_Lifting_Dropped_Objects,An employee was assisting a customer to position a shaker basket on a shaker skid utilizing a forklift operated by the customer. Three of the employee's fingers on the left hand were caught and injured between the shaker basket and the cross support of the shaker skid.,Oil drilling rigs and machinery,"Soreness, pain, hurt-nonspecified injury",Safe Mechanical Lifting,,Safe Mechanical Lifting,1,HIGH,"Energy: Suspended heavy mechanical load / falling tubular | Exposure: Worker positioned in active hazard zone during Mechanical hoisting / crane lifting operations | Barrier Failure: Personnel in line of fire / defective rigging hardware or improper rigging | Escalation: Fatal crushing impact, severe traumatic amputation, or fatal projectile strike",Safe Mechanical Lifting,,Safe Mechanical Lifting,Mechanical hoisting / crane lifting operations,Suspended heavy mechanical load / falling tubular,"Certified rigging gear, dedicated signalman & red zone exclusion barrier",Personnel in line of fire / defective rigging hardware or improper rigging,"Fatal crushing impact, severe traumatic amputation, or fatal projectile strike",,ANNOTATED
410,OILPS_OSHA_02314,OSHA,January2015toNovember2025.csv,2019099426,9/10/2019,USA,"ATTALLA, ALABAMA",Asphalt Paving Mixture and Block Manufacturing,Workplace Safety Incident,Hospitalization,Stratum_E_Vehicle_Transport,Stratum_E_Vehicle_Transport,A truck driver along with another employee had just finished draining a tanker. They were unhooking the hose from the tanker when hot liquid asphalt struck the driver's arm causing severe burns. The driver was hospitalized.,"Paving asphalt, asphaltic cement","Heat (thermal) burns, unspecified",Driving,,Driving,0,MEDIUM,Energy: Low operational energy | Exposure: Routine task (Oilfield operational support task) | Barrier Failure: Minor procedural deviation | Escalation: Minor localized injury without credible SIF potential,Driving,,Driving,Oilfield operational support task,Operational equipment hazard (unspecified energy),Standard operating procedures & PPE,Procedural deviation during task execution,Localized occupational injury without life-altering escalation,,ANNOTATED
411,OILPS_OSHA_00308,OSHA,January2015toNovember2025.csv,2015085448,8/5/2015,USA,"WESTHOFF, TEXAS",Drilling Oil and Gas Wells,Workplace Safety Incident,Hospitalization,Stratum_A_Drilling_Heavy_Mechanical,Stratum_A_Drilling_Heavy_Mechanical,An employee was overcome by heat stress while conducting oil-well servicing operations.,Heat-environmental,"Effects of heat and light, unspecified",,,None identified,0,MEDIUM,Energy: Low operational energy | Exposure: Routine task (Oilfield operational support task) | Barrier Failure: Minor procedural deviation | Escalation: Minor localized injury without credible SIF potential,None,,None,Oilfield operational support task,Operational equipment hazard (unspecified energy),Standard operating procedures & PPE,Procedural deviation during task execution,Localized occupational injury without life-altering escalation,,ANNOTATED
412,OILPS_OSHA_03134,OSHA,January2015toNovember2025.csv,2022076016,7/11/2022,USA,"WATFORD CITY, NORTH DAKOTA",Support Activities for Oil and Gas Operations,Workplace Safety Incident,Amputation,Stratum_A_Drilling_Heavy_Mechanical,Stratum_A_Drilling_Heavy_Mechanical; Stratum_E_Vehicle_Transport,"An employee was rebuilding a setting tool, attempting to seat the lower cylinder onto the cylinder head by tapping the setting tool onto the trailer floor. As the employee pushed down on the setting tool, the mandrel stroked in the setting sleeve and pinched and amputated their right middle finger.",Oil drilling rigs and machinery,Amputations,,,None identified,0,MEDIUM,Energy: Low operational energy | Exposure: Routine task (Oilfield operational support task) | Barrier Failure: Minor procedural deviation | Escalation: Minor localized injury without credible SIF potential,None,,None,Oilfield operational support task,Operational equipment hazard (unspecified energy),Standard operating procedures & PPE,Procedural deviation during task execution,Localized occupational injury without life-altering escalation,,ANNOTATED
413,OILPS_OSHA_01947,OSHA,January2015toNovember2025.csv,2019010294,1/10/2019,USA,"BIG SPRING, TEXAS",Support Activities for Oil and Gas Operations,Workplace Safety Incident,Hospitalization,Stratum_A_Drilling_Heavy_Mechanical,Stratum_A_Drilling_Heavy_Mechanical; Stratum_C_Height_Lifting_Dropped_Objects,"A crew was rigging down when a winch line became hung up on the operations platform. The platform then failed and an employee was caught between the rails and control panel, suffering bodily contusions.",Oil drilling rigs and machinery,"Bruises, contusions",Safe Mechanical Lifting,,Safe Mechanical Lifting,1,HIGH,"Energy: Suspended heavy mechanical load / falling tubular | Exposure: Worker positioned in active hazard zone during Mechanical hoisting / crane lifting operations | Barrier Failure: Personnel in line of fire / defective rigging hardware or improper rigging | Escalation: Fatal crushing impact, severe traumatic amputation, or fatal projectile strike",Safe Mechanical Lifting,,Safe Mechanical Lifting,Mechanical hoisting / crane lifting operations,Suspended heavy mechanical load / falling tubular,"Certified rigging gear, dedicated signalman & red zone exclusion barrier",Personnel in line of fire / defective rigging hardware or improper rigging,"Fatal crushing impact, severe traumatic amputation, or fatal projectile strike",,ANNOTATED
414,OILPS_OSHA_01971,OSHA,January2015toNovember2025.csv,2019010892,1/24/2019,USA,"GARYVILLE, LOUISIANA",Support Activities for Oil and Gas Operations,Workplace Safety Incident,Hospitalization,Stratum_B_Pressure_Flammable_Chemical_H2S,Stratum_B_Pressure_Flammable_Chemical_H2S,A pressure gauge was removed while observing a pressure survey on the crude unit and an employee received first and second degree burns.,,Second degree heat (thermal) burns,,,None identified,1,HIGH,"Energy: High-pressure fluid/gas stored energy | Exposure: Worker positioned in active hazard zone during Oilfield operational support task | Barrier Failure: Intervention on pressurized line / failure to verify zero residual pressure | Escalation: Fatal crushing impact, severe traumatic amputation, or fatal projectile strike",Energy Isolation,,Energy Isolation,Oilfield operational support task,High-pressure fluid/gas stored energy,"Positive energy isolation, verified depressurization & line-of-fire barricading",Intervention on pressurized line / failure to verify zero residual pressure,"Fatal crushing impact, severe traumatic amputation, or fatal projectile strike",,ANNOTATED
415,OILPS_OSHA_03398,OSHA,January2015toNovember2025.csv,2023043294,4/13/2023,USA,"STANTON, TEXAS",Support Activities for Oil and Gas Operations,Workplace Safety Incident,Hospitalization,Stratum_A_Drilling_Heavy_Mechanical,Stratum_A_Drilling_Heavy_Mechanical; Stratum_F_LowEnergy_Ergonomic_MinorInjury,"An employee was standing on the rig, spooling the line, when the tubing line got caught around both ankles. The unit engaged and he sustained a left ankle fracture and right ankle sprain.",Oil drilling rigs and machinery,Fractures,,,None identified,0,MEDIUM,Energy: Low operational energy | Exposure: Routine task (Oilfield operational support task) | Barrier Failure: Minor procedural deviation | Escalation: Minor localized injury without credible SIF potential,None,,None,Oilfield operational support task,Operational equipment hazard (unspecified energy),Standard operating procedures & PPE,Procedural deviation during task execution,Localized occupational injury without life-altering escalation,,ANNOTATED
416,OILPS_OSHA_03491,OSHA,January2015toNovember2025.csv,2023076572,7/22/2023,USA,"COLUMBUS, OHIO",Petroleum Lubricating Oil and Grease Manufacturing,Workplace Safety Incident,Hospitalization,Stratum_B_Pressure_Flammable_Chemical_H2S,Stratum_B_Pressure_Flammable_Chemical_H2S,"Employees were filling 55-gallon drums of finished lubricant from a cook kettle. The injured employee was operating the kettle valve when the seal on the filter basket failed under pressure, spraying the employee with 300-400-degree F lubricant. The employee sustained second-and third-degree burns to 20% of the body, including his chest, arms, and legs and was hospitalized.","Lubricating greases, cutting oils",Third or fourth degree heat (thermal) burns,,,None identified,1,HIGH,"Energy: High-pressure fluid/gas stored energy | Exposure: Worker positioned in active hazard zone during Oilfield operational support task | Barrier Failure: Intervention on pressurized line / failure to verify zero residual pressure | Escalation: Fatal crushing impact, severe traumatic amputation, or fatal projectile strike",Energy Isolation,,Energy Isolation,Oilfield operational support task,High-pressure fluid/gas stored energy,"Positive energy isolation, verified depressurization & line-of-fire barricading",Intervention on pressurized line / failure to verify zero residual pressure,"Fatal crushing impact, severe traumatic amputation, or fatal projectile strike",,ANNOTATED
417,OILPS_OSHA_02539,OSHA,January2015toNovember2025.csv,2020043090,4/5/2020,USA,"STERLING CITY, TEXAS",Natural Gas Liquid Extraction,Workplace Safety Incident,Hospitalization,Stratum_F_LowEnergy_Ergonomic_MinorInjury,Stratum_F_LowEnergy_Ergonomic_MinorInjury,An employee was troubleshooting the dehydration unit at the compressor station when he sustained burns to the hand and face from a fire. He was hospitalized.,,"Heat (thermal) burns, unspecified",,,None identified,0,MEDIUM,Energy: Low operational energy | Exposure: Routine task (Oilfield operational support task) | Barrier Failure: Minor procedural deviation | Escalation: Minor localized injury without credible SIF potential,None,,None,Oilfield operational support task,Operational equipment hazard (unspecified energy),Standard operating procedures & PPE,Procedural deviation during task execution,Localized occupational injury without life-altering escalation,,ANNOTATED
418,OILPS_OSHA_01753,OSHA,January2015toNovember2025.csv,2018088774,8/24/2018,USA,"GARDEN CITY, TEXAS",Support Activities for Oil and Gas Operations,Workplace Safety Incident,Amputation,Stratum_A_Drilling_Heavy_Mechanical,Stratum_A_Drilling_Heavy_Mechanical,"An employee was aligning/guiding a workover rig onto a well-head using a spacing cable when his left ring finger was caught between the spacing cable and the rod blowout preventer, resulting in a fingertip amputation.",Oil drilling rigs and machinery,Amputations,,,None identified,1,HIGH,"Energy: High-pressure fluid/gas stored energy | Exposure: Worker positioned in active hazard zone during Electrical system maintenance and troubleshooting | Barrier Failure: Intervention on pressurized line / failure to verify zero residual pressure | Escalation: Fatal crushing impact, severe traumatic amputation, or fatal projectile strike",Energy Isolation,,Energy Isolation,Electrical system maintenance and troubleshooting,High-pressure fluid/gas stored energy,"Positive energy isolation, verified depressurization & line-of-fire barricading",Intervention on pressurized line / failure to verify zero residual pressure,"Fatal crushing impact, severe traumatic amputation, or fatal projectile strike",,ANNOTATED
419,OILPS_OSHA_03260,OSHA,January2015toNovember2025.csv,20221110139,11/17/2022,USA,"ORLA, TEXAS",Support Activities for Oil and Gas Operations,Workplace Safety Incident,Hospitalization,Stratum_B_Pressure_Flammable_Chemical_H2S,Stratum_B_Pressure_Flammable_Chemical_H2S,"An employee was using a high-pressure hose to wash a tank. The valve at the end of the hose broke due to the pressure, causing the hose to then strike the employee in the throat. The employee sustained severe injuries to the pharynx and neck.",Hoses,"Soreness, pain, hurt-nonspecified injury",,,None identified,1,HIGH,"Energy: High-pressure fluid/gas stored energy | Exposure: Worker positioned in active hazard zone during Oilfield operational support task | Barrier Failure: Intervention on pressurized line / failure to verify zero residual pressure | Escalation: Fatal crushing impact, severe traumatic amputation, or fatal projectile strike",Energy Isolation,,Energy Isolation,Oilfield operational support task,High-pressure fluid/gas stored energy,"Positive energy isolation, verified depressurization & line-of-fire barricading",Intervention on pressurized line / failure to verify zero residual pressure,"Fatal crushing impact, severe traumatic amputation, or fatal projectile strike",,ANNOTATED
420,OILPS_OSHA_04052,OSHA,January2015toNovember2025.csv,2025044044,4/30/2025,USA,"JOHNSON, KANSAS",Drilling Oil and Gas Wells,Workplace Safety Incident,Amputation,Stratum_A_Drilling_Heavy_Mechanical,Stratum_A_Drilling_Heavy_Mechanical,"An employee was using a motorized saw to cut the top off a test barrel. His left glove got caught and pulled into the saw, resulting in amputation of the index fingertip. The employee was hospitalized.",Saws except chainsaws,"Amputations, avulsions, enucleations unspecified",,,None identified,0,MEDIUM,Energy: Low operational energy | Exposure: Routine task (Oilfield operational support task) | Barrier Failure: Minor procedural deviation | Escalation: Minor localized injury without credible SIF potential,None,,None,Oilfield operational support task,Operational equipment hazard (unspecified energy),Standard operating procedures & PPE,Procedural deviation during task execution,Localized occupational injury without life-altering escalation,,ANNOTATED
421,OILPS_OSHA_02850,OSHA,January2015toNovember2025.csv,2021075858,7/17/2021,USA,"NEW TOWN, NORTH DAKOTA",Support Activities for Oil and Gas Operations,Workplace Safety Incident,Hospitalization,Stratum_F_LowEnergy_Ergonomic_MinorInjury,Stratum_F_LowEnergy_Ergonomic_MinorInjury,"An employee was detaching a 200-pound bale at or near an oil well site. He tripped on a rock and fell backward and the bale fell on his abdomen, causing internal bleeding.","Floors, walkways, ground surfaces, unspecified","Other traumatic injuries and disorders, unspecified",,,None identified,0,MEDIUM,Energy: Low operational energy | Exposure: Routine task (Oilfield operational support task) | Barrier Failure: Minor procedural deviation | Escalation: Minor localized injury without credible SIF potential,None,,None,Oilfield operational support task,Operational equipment hazard (unspecified energy),Standard operating procedures & PPE,Procedural deviation during task execution,Localized occupational injury without life-altering escalation,,ANNOTATED
422,OILPS_OSHA_04070,OSHA,January2015toNovember2025.csv,2025054591,5/15/2025,USA,"SATANTA, KANSAS",Support Activities for Oil and Gas Operations,Workplace Safety Incident,Hospitalization,Stratum_D_ConfinedSpace_HotWork_Isolation,Stratum_D_ConfinedSpace_HotWork_Isolation,"An employee was replacing a seized gearbox on an oil well using a breaker bar. After the breaker bar broke the gearbox loose, the bar struck the employee in the face, causing a fractured nasal bone and a laceration from the crown of the nose to above the right eye. The employee was hospitalized.",Crowbars,Fractures,Energy Isolation,,Energy Isolation,1,HIGH,"Energy: High-pressure fluid/gas stored energy | Exposure: Worker positioned in active hazard zone during Electrical system maintenance and troubleshooting | Barrier Failure: Intervention on pressurized line / failure to verify zero residual pressure | Escalation: Fatal crushing impact, severe traumatic amputation, or fatal projectile strike",Energy Isolation,,Energy Isolation,Electrical system maintenance and troubleshooting,High-pressure fluid/gas stored energy,"Positive energy isolation, verified depressurization & line-of-fire barricading",Intervention on pressurized line / failure to verify zero residual pressure,"Fatal crushing impact, severe traumatic amputation, or fatal projectile strike",,ANNOTATED
423,OILPS_OSHA_03520,OSHA,January2015toNovember2025.csv,2023087415,8/14/2023,USA,"BREWTON, ALABAMA",Oil & Gas / Energy Related,Workplace Safety Incident,Non-Fatal Injury,Stratum_C_Height_Lifting_Dropped_Objects,Stratum_C_Height_Lifting_Dropped_Objects; Stratum_D_ConfinedSpace_HotWork_Isolation; Stratum_E_Vehicle_Transport,"Employees were installing an inline pole to increase the ground clearance of a sagging power line. Once the new pole was in place, the employee in the bucket truck attached the energized line to the jib on the new pole. As the employees finished emplacing the new pole, the energized line (7,620 volts) broke loose from the jib on the new pole. Due to the sag in the energized wire, it dropped low enough to contact the boom of the digger derrick truck. Two employees standing next to the truck sustained an electrical shock.","Boom truck, bucket or basket hoist truck","Electrocutions, electric shocks",Energy Isolation,Working at Height,Energy Isolation; Working at Height; Driving,1,HIGH,Energy: Elevated work position (gravitational energy) | Exposure: Worker positioned in active hazard zone during Electrical system maintenance and troubleshooting | Barrier Failure: Safety lanyard unclipped / absent leading edge fall protection | Escalation: Fatal blunt force trauma from fall at elevation,Working at Height,Driving,Working at Height; Driving,Electrical system maintenance and troubleshooting,Elevated work position (gravitational energy),100% continuous tie-off full body safety harness & engineered guardrails,Safety lanyard unclipped / absent leading edge fall protection,Fatal blunt force trauma from fall at elevation,Candidate LSR 'Energy Isolation' modified to 'Working at Height'.,ANNOTATED
424,OILPS_OSHA_01138,OSHA,January2015toNovember2025.csv,2017087540,8/8/2017,USA,"MIDLAND, TEXAS",Petroleum and Petroleum Products Merchant Wholesalers,Workplace Safety Incident,Hospitalization,Stratum_C_Height_Lifting_Dropped_Objects,Stratum_C_Height_Lifting_Dropped_Objects,"An employee was installing an outrigger on a frac unit. The employee climbed a ladder to install the top pivot pin while a loader was positioning the outrigger. The top pin would not fully slide into place because the bottom pin's eye was not aligned properly. The employee dismounted the ladder and pushed the lower part of the outrigger to align the pins and eyes with the mount. When the employee placed the lower pin into the eyes, the top pin fell through the eyes and struck the employee's right hand, smashing the index and middle fingers.","Machine and appliance parts, n.e.c.",Crushing injuries,Working at Height,,Working at Height,1,HIGH,Energy: Elevated work position (gravitational energy) | Exposure: Worker positioned in active hazard zone during Oilfield operational support task | Barrier Failure: Safety lanyard unclipped / absent leading edge fall protection | Escalation: Fatal blunt force trauma from fall at elevation,Working at Height,,Working at Height,Oilfield operational support task,Elevated work position (gravitational energy),100% continuous tie-off full body safety harness & engineered guardrails,Safety lanyard unclipped / absent leading edge fall protection,Fatal blunt force trauma from fall at elevation,,ANNOTATED
425,OILPS_OSHA_02067,OSHA,January2015toNovember2025.csv,2019033283,3/29/2019,USA,"BAY SAINT LOUIS, MISSISSIPPI",Oil & Gas / Energy Related,Workplace Safety Incident,Hospitalization,Stratum_D_ConfinedSpace_HotWork_Isolation,Stratum_D_ConfinedSpace_HotWork_Isolation,An employee was cutting welding wire from a welding machine's welding head when he was struck from behind by the welding machine boom and knocked into a steel pipe that was being loaded onto the welding rack. He suffered a ruptured intestine and torn ligament in the right leg.,Welding machinery,Internal injuries to organs and blood vessels of the trunk,Hot Work,,Hot Work,1,MEDIUM,Energy: Stored mechanical/tubular energy | Exposure: Floor worker during Hot work / welding and thermal cutting | Barrier Failure: Line-of-fire control compromised | Escalation: Crushing impact / permanent disabling trauma,Hot Work,,Hot Work,Hot work / welding and thermal cutting,Operational equipment hazard (unspecified energy),Standard operating procedures & PPE,Procedural deviation during task execution,Localized occupational injury without life-altering escalation,,ANNOTATED
426,OILPS_OSHA_04162,OSHA,January2015toNovember2025.csv,2025088680,8/30/2025,USA,"BIRMINGHAM, ALABAMA",All Other Petroleum and Coal Products Manufacturing,Workplace Safety Incident,Hospitalization,Stratum_B_Pressure_Flammable_Chemical_H2S,Stratum_B_Pressure_Flammable_Chemical_H2S,An employee was preparing an oven for charging and cracked the seal of the jump lid to release pressure. Flames unexpectedly released from the oven and burned the employee's right ring and little fingers. The employee sustained second-degree burns.,Forging machinery,Thermal burns second degree,,,None identified,1,HIGH,"Energy: High-pressure fluid/gas stored energy | Exposure: Worker positioned in active hazard zone during Oilfield operational support task | Barrier Failure: Intervention on pressurized line / failure to verify zero residual pressure | Escalation: Fatal crushing impact, severe traumatic amputation, or fatal projectile strike",Energy Isolation,,Energy Isolation,Oilfield operational support task,High-pressure fluid/gas stored energy,"Positive energy isolation, verified depressurization & line-of-fire barricading",Intervention on pressurized line / failure to verify zero residual pressure,"Fatal crushing impact, severe traumatic amputation, or fatal projectile strike",,ANNOTATED
427,OILPS_OSHA_00319,OSHA,January2015toNovember2025.csv,2015085828,8/16/2015,USA,"BRYAN, TEXAS",Support Activities for Oil and Gas Operations,Workplace Safety Incident,Hospitalization,Stratum_F_LowEnergy_Ergonomic_MinorInjury,Stratum_F_LowEnergy_Ergonomic_MinorInjury,An employee was installing a pump during the fracking process when he felt lightheaded and began vomiting. He started having heat cramps and was hospitalized after suffering severe dehydration while operating equipment outside with temperatures of 105F.,Heat-environmental,"Effects of heat and light, n.e.c.",,,None identified,0,MEDIUM,Energy: Low operational energy | Exposure: Routine task (Oilfield operational support task) | Barrier Failure: Minor procedural deviation | Escalation: Minor localized injury without credible SIF potential,None,,None,Oilfield operational support task,Operational equipment hazard (unspecified energy),Standard operating procedures & PPE,Procedural deviation during task execution,Localized occupational injury without life-altering escalation,,ANNOTATED
428,OILPS_OSHA_00864,OSHA,January2015toNovember2025.csv,2017010369,1/12/2017,USA,"NEW TOWN, NORTH DAKOTA",Support Activities for Oil and Gas Operations,Workplace Safety Incident,Hospitalization,Stratum_E_Vehicle_Transport,Stratum_E_Vehicle_Transport,An employee was found unresponsive inside of a trailer with a running generator. He was hospitalized for carbon monoxide exposure.,Carbon monoxide,"Poisoning, including poisoning-related asphyxia",,,None identified,0,MEDIUM,Energy: Low operational energy | Exposure: Routine task (Oilfield operational support task) | Barrier Failure: Minor procedural deviation | Escalation: Minor localized injury without credible SIF potential,None,,None,Oilfield operational support task,Operational equipment hazard (unspecified energy),Standard operating procedures & PPE,Procedural deviation during task execution,Localized occupational injury without life-altering escalation,,ANNOTATED
429,OILPS_OSHA_02262,OSHA,January2015toNovember2025.csv,2019088283,8/12/2019,USA,"LEMONT, ILLINOIS",Petroleum Refineries,Workplace Safety Incident,Hospitalization,Stratum_B_Pressure_Flammable_Chemical_H2S,Stratum_B_Pressure_Flammable_Chemical_H2S,"An employee was pressure washing a roll-off box when the employee contacted the pressurized water, suffering a left foot injury.",Pressurized water-blast,"Soreness, pain, hurt-nonspecified injury",,,None identified,1,HIGH,"Energy: High-pressure fluid/gas stored energy | Exposure: Worker positioned in active hazard zone during Oilfield operational support task | Barrier Failure: Intervention on pressurized line / failure to verify zero residual pressure | Escalation: Fatal crushing impact, severe traumatic amputation, or fatal projectile strike",Energy Isolation,,Energy Isolation,Oilfield operational support task,High-pressure fluid/gas stored energy,"Positive energy isolation, verified depressurization & line-of-fire barricading",Intervention on pressurized line / failure to verify zero residual pressure,"Fatal crushing impact, severe traumatic amputation, or fatal projectile strike",,ANNOTATED
430,OILPS_OSHA_02480,OSHA,January2015toNovember2025.csv,2020021190,2/5/2020,USA,"BIRMINGHAM, ALABAMA",All Other Petroleum and Coal Products Manufacturing,Workplace Safety Incident,Amputation,Stratum_D_ConfinedSpace_HotWork_Isolation,Stratum_D_ConfinedSpace_HotWork_Isolation,"Two electricians were troubleshooting an HVAC (condenser) unit in a control room. Both employees went to the control room and applied group lockout to a single disconnect rated at 250 VDC power. After locking out the power to the control room and condenser unit, the employees began troubleshooting several deficiencies they observed while looking through the control panel. After repairing those items, the two employees removed the locks and validated that the repairs were working. The employees observed everything working as required except the HVAC compressor. The injured employee went up to the condenser area on an elevated walking surface that was covered in blaze which is a byproduct of the coke produced at the plant. The accumulation of blaze created an uneven surface. The employee had to remove an exterior covering or guard to validate that 250 VDC was coming from the thermostat to the junction box on the compressor motor. The employee squatted down and lost his balance before checking for 250 VDC. The employee reached to catch himself and in doing so grabbed the belts that drive the compressor motor. When contact was made, the motor began running and the employee's left hand was pulled through the pulleys amputating his left middle and ring fingers.","Heating, cooling, and cleaning machinery and appliances, unspecified",Amputations,Energy Isolation,,Energy Isolation,0,MEDIUM,Energy: Low operational energy | Exposure: Routine task (Oilfield operational support task) | Barrier Failure: Minor procedural deviation | Escalation: Minor localized injury without credible SIF potential,Energy Isolation,,Energy Isolation,Oilfield operational support task,Operational equipment hazard (unspecified energy),Standard operating procedures & PPE,Procedural deviation during task execution,Localized occupational injury without life-altering escalation,,ANNOTATED
431,OILPS_OSHA_02207,OSHA,January2015toNovember2025.csv,2019066556,6/28/2019,USA,"JOHNSON CITY, TEXAS",Support Activities for Oil and Gas Operations,Workplace Safety Incident,Hospitalization,Stratum_D_ConfinedSpace_HotWork_Isolation,Stratum_D_ConfinedSpace_HotWork_Isolation,"An employee was working on trucks when his shop rag ignited from a spark, causing his clothing to catch on fire. He sustained burns on his arms and legs and was hospitalized.","Brooms, mops, and other cleaning tools","Heat (thermal) burns, unspecified",Hot Work,,Hot Work,0,MEDIUM,Energy: Low operational energy | Exposure: Routine task (Oilfield operational support task) | Barrier Failure: Minor procedural deviation | Escalation: Minor localized injury without credible SIF potential,Hot Work,,Hot Work,Oilfield operational support task,Operational equipment hazard (unspecified energy),Standard operating procedures & PPE,Procedural deviation during task execution,Localized occupational injury without life-altering escalation,,ANNOTATED
432,OILPS_OSHA_00357,OSHA,January2015toNovember2025.csv,2015096726,9/14/2015,USA,"PROCTOR, WEST VIRGINIA",Oil and Gas Pipeline Construction,Workplace Safety Incident,Amputation,Stratum_C_Height_Lifting_Dropped_Objects,Stratum_C_Height_Lifting_Dropped_Objects; Stratum_E_Vehicle_Transport,"On September 14, 2015, at approximately 10:30am, a worker suffered an amputation of the left pinky finger just above the palm while unloading pipe from a pipe trailer. The employee was standing towards the tractor side of the trailer and a side boom with sling was unloading the pipe. The load was lowered near the tractor in an effort to raise the pipe above the back stanchion on the trailer. As the pipe slowly moved, the load struck a stanchion or DOT fender and the employee's hand was crushed in the load of pipe. No tag line was used.","Pipes, ducts, tubing, unspecified",Amputations,Safe Mechanical Lifting,,Safe Mechanical Lifting,1,HIGH,"Energy: Suspended heavy mechanical load / falling tubular | Exposure: Worker positioned in active hazard zone during Mechanical hoisting / crane lifting operations | Barrier Failure: Personnel in line of fire / defective rigging hardware or improper rigging | Escalation: Fatal crushing impact, severe traumatic amputation, or fatal projectile strike",Safe Mechanical Lifting,,Safe Mechanical Lifting,Mechanical hoisting / crane lifting operations,Suspended heavy mechanical load / falling tubular,"Certified rigging gear, dedicated signalman & red zone exclusion barrier",Personnel in line of fire / defective rigging hardware or improper rigging,"Fatal crushing impact, severe traumatic amputation, or fatal projectile strike",,ANNOTATED
433,OILPS_OSHA_00172,OSHA,January2015toNovember2025.csv,2015042243,4/22/2015,USA,"MONAHANS, TEXAS",Support Activities for Oil and Gas Operations,Workplace Safety Incident,Hospitalization,Stratum_C_Height_Lifting_Dropped_Objects,Stratum_C_Height_Lifting_Dropped_Objects; Stratum_E_Vehicle_Transport,"An employee fell from a tractor and struck her head on the ground, resulting in a concussion. She was hospitalized overnight.","Tractor, unspecified",Concussions,Working at Height,,Working at Height,0,MEDIUM,Energy: Low operational energy | Exposure: Routine task (Oilfield operational support task) | Barrier Failure: Minor procedural deviation | Escalation: Minor localized injury without credible SIF potential,Working at Height,,Working at Height,Oilfield operational support task,Operational equipment hazard (unspecified energy),Standard operating procedures & PPE,Procedural deviation during task execution,Localized occupational injury without life-altering escalation,,ANNOTATED
434,OILPS_OSHA_02379,OSHA,January2015toNovember2025.csv,20191011348,10/31/2019,USA,"WHITE, SOUTH DAKOTA",Petroleum Bulk Stations and Terminals,Workplace Safety Incident,Hospitalization,Stratum_E_Vehicle_Transport,Stratum_E_Vehicle_Transport,An employee was operating a four-wheeler to take soil samples when it hit a rock. The four-wheeler rolled over onto the employee's left leg fracturing the fibula and tibia.,"ATV, all terrain vehicle",Fractures,,,None identified,0,MEDIUM,Energy: Low operational energy | Exposure: Routine task (Oilfield operational support task) | Barrier Failure: Minor procedural deviation | Escalation: Minor localized injury without credible SIF potential,None,,None,Oilfield operational support task,Operational equipment hazard (unspecified energy),Standard operating procedures & PPE,Procedural deviation during task execution,Localized occupational injury without life-altering escalation,,ANNOTATED
435,OILPS_OSHA_02785,OSHA,January2015toNovember2025.csv,2021043290,4/21/2021,USA,"PORT ARTHUR, TEXAS",Petroleum Refineries,Workplace Safety Incident,Hospitalization,Stratum_B_Pressure_Flammable_Chemical_H2S,Stratum_B_Pressure_Flammable_Chemical_H2S,"An employee was collecting a sample at a closed loop station. Recently installed tubing came loose, spraying the employee with spent acid. The employee suffered second-degree burns to the right forearm and left wrist.","Acids, unspecified",Second degree chemical burns and corrosions,Toxic Gas / Hazardous Substance,,Toxic Gas / Hazardous Substance,0,MEDIUM,Energy: Low operational energy | Exposure: Routine task (Oilfield operational support task) | Barrier Failure: Minor procedural deviation | Escalation: Minor localized injury without credible SIF potential,Toxic Gas / Hazardous Substance,,Toxic Gas / Hazardous Substance,Oilfield operational support task,Operational equipment hazard (unspecified energy),Standard operating procedures & PPE,Procedural deviation during task execution,Localized occupational injury without life-altering escalation,,ANNOTATED
436,OILPS_OSHA_00800,OSHA,January2015toNovember2025.csv,20161110623,11/11/2016,USA,"CHARLOTTE, TEXAS",Oil and Gas Pipeline Construction,Workplace Safety Incident,Amputation,Stratum_A_Drilling_Heavy_Mechanical,Stratum_A_Drilling_Heavy_Mechanical,"An employee was preparing to install pipe into a bore hole when the pipe began bouncing on cribbing. He put his right hand underneath the pipe, and his right pinky fingertip was pinched and amputated between the pipe and the cribbing.",Oil drilling rigs and machinery,Amputations,,,None identified,1,MEDIUM,Energy: Stored mechanical/tubular energy | Exposure: Floor worker during Oilfield operational support task | Barrier Failure: Line-of-fire control compromised | Escalation: Crushing impact / permanent disabling trauma,None,,None,Oilfield operational support task,Operational equipment hazard (unspecified energy),Standard operating procedures & PPE,Procedural deviation during task execution,Localized occupational injury without life-altering escalation,,ANNOTATED
437,OILPS_OSHA_02144,OSHA,January2015toNovember2025.csv,2019055184,5/22/2019,USA,"LITTLE ROCK, ARKANSAS",Oil & Gas / Energy Related,Workplace Safety Incident,Hospitalization,Stratum_D_ConfinedSpace_HotWork_Isolation,Stratum_D_ConfinedSpace_HotWork_Isolation,An employee was entering a production line to weld a tab on a pipe when the employee's left leg (between the ankle and knee) was caught and injured between a steel pipe and a roller breaker.,"Metal pipes, tubing","Soreness, pain, hurt-nonspecified injury",Energy Isolation,,Energy Isolation,1,MEDIUM,Energy: Stored mechanical/tubular energy | Exposure: Floor worker during Electrical system maintenance and troubleshooting | Barrier Failure: Line-of-fire control compromised | Escalation: Crushing impact / permanent disabling trauma,Energy Isolation,,Energy Isolation,Electrical system maintenance and troubleshooting,Operational equipment hazard (unspecified energy),Standard operating procedures & PPE,Procedural deviation during task execution,Localized occupational injury without life-altering escalation,,ANNOTATED
438,OILPS_OSHA_04033,OSHA,January2015toNovember2025.csv,2025043267,4/8/2025,USA,"OKLAHOMA CITY, OKLAHOMA",Petroleum Products Manufacturing,Workplace Safety Incident,Amputation,Stratum_C_Height_Lifting_Dropped_Objects,Stratum_C_Height_Lifting_Dropped_Objects; Stratum_E_Vehicle_Transport,"An employee was about to dump sand from a hopper, raised on the forks of a forklift. As the hopper's weight shifted forward and it began to dump, the employee's left middle finger was pinched between the forklift fork and the metal frame of the hopper. The fingertip was crushed, and the employee underwent a medical amputation at the first knuckle.","Forklift, order picker, platform truck powered",Amputations involving bone loss,Safe Mechanical Lifting,,Safe Mechanical Lifting,1,HIGH,"Energy: Suspended heavy mechanical load / falling tubular | Exposure: Worker positioned in active hazard zone during Mechanical hoisting / crane lifting operations | Barrier Failure: Personnel in line of fire / defective rigging hardware or improper rigging | Escalation: Fatal crushing impact, severe traumatic amputation, or fatal projectile strike",Safe Mechanical Lifting,,Safe Mechanical Lifting,Mechanical hoisting / crane lifting operations,Suspended heavy mechanical load / falling tubular,"Certified rigging gear, dedicated signalman & red zone exclusion barrier",Personnel in line of fire / defective rigging hardware or improper rigging,"Fatal crushing impact, severe traumatic amputation, or fatal projectile strike",,ANNOTATED
439,OILPS_OSHA_00035,OSHA,January2015toNovember2025.csv,2015010541,1/16/2015,USA,"STANLEY, NORTH DAKOTA",Support Activities for Oil and Gas Operations,Workplace Safety Incident,Non-Fatal Injury,Stratum_B_Pressure_Flammable_Chemical_H2S,Stratum_B_Pressure_Flammable_Chemical_H2S,Two employees were burned when a bubble tower exploded creating a flash fire during maintenance work on a well site.,"Coal, natural gas, petroleum fuels and products, unspecified","Heat (thermal) burns, unspecified",Hot Work,,Hot Work,1,HIGH,"Energy: Flammable hydrocarbons / thermal ignition energy | Exposure: Worker positioned in active hazard zone during Oilfield operational support task | Barrier Failure: Hot work performed near flammable vapors / unverified atmospheric LEL | Escalation: Catastrophic vapor cloud explosion, mass toxic asphyxiation, or fatal burns",Hot Work,,Hot Work,Oilfield operational support task,Flammable hydrocarbons / thermal ignition energy,"Continuous LEL gas monitoring, hot work permit & spark containment",Hot work performed near flammable vapors / unverified atmospheric LEL,"Catastrophic vapor cloud explosion, mass toxic asphyxiation, or fatal burns",,ANNOTATED
440,OILPS_OSHA_03045,OSHA,January2015toNovember2025.csv,2022045754,4/7/2022,USA,"ENCINAL, TEXAS",Support Activities for Oil and Gas Operations,Workplace Safety Incident,Hospitalization,Stratum_B_Pressure_Flammable_Chemical_H2S,Stratum_B_Pressure_Flammable_Chemical_H2S,"On April 7, 2022, an employee was conducting a high-pressure wash of a frack tank when oil and gas frack water entered their eyes, resulting in blindness in the right eye. An eyewash station was not available at the time.","Coal, natural gas, petroleum fuels and products, unspecified","Swelling, inflammation, irritation-nonspecified injury",,,None identified,1,HIGH,"Energy: High-pressure fluid/gas stored energy | Exposure: Worker positioned in active hazard zone during Oilfield operational support task | Barrier Failure: Intervention on pressurized line / failure to verify zero residual pressure | Escalation: Fatal crushing impact, severe traumatic amputation, or fatal projectile strike",Energy Isolation,,Energy Isolation,Oilfield operational support task,High-pressure fluid/gas stored energy,"Positive energy isolation, verified depressurization & line-of-fire barricading",Intervention on pressurized line / failure to verify zero residual pressure,"Fatal crushing impact, severe traumatic amputation, or fatal projectile strike",,ANNOTATED
441,OILPS_OSHA_04028,OSHA,January2015toNovember2025.csv,2025032998,3/31/2025,USA,"SHINER, TEXAS",Oil & Gas / Energy Related,Workplace Safety Incident,Hospitalization,Stratum_B_Pressure_Flammable_Chemical_H2S,Stratum_B_Pressure_Flammable_Chemical_H2S,An employee was walking by an equipment battery (tank battery) when a leak occurred around a heater that caused a flash fire. He was wearing flame-resistant clothing and sustained burns to his palms and back.,"Source, secondary source unspecified",Thermal burns degree unspecified,Hot Work,,Hot Work,1,HIGH,"Energy: Flammable hydrocarbons / thermal ignition energy | Exposure: Worker positioned in active hazard zone during Oilfield operational support task | Barrier Failure: Hot work performed near flammable vapors / unverified atmospheric LEL | Escalation: Catastrophic vapor cloud explosion, mass toxic asphyxiation, or fatal burns",Hot Work,,Hot Work,Oilfield operational support task,Flammable hydrocarbons / thermal ignition energy,"Continuous LEL gas monitoring, hot work permit & spark containment",Hot work performed near flammable vapors / unverified atmospheric LEL,"Catastrophic vapor cloud explosion, mass toxic asphyxiation, or fatal burns",,ANNOTATED
442,OILPS_OSHA_03349,OSHA,January2015toNovember2025.csv,2023021550,2/17/2023,USA,"GAUSE, TEXAS",Crude Petroleum and Natural Gas Extraction,Workplace Safety Incident,Hospitalization,Stratum_B_Pressure_Flammable_Chemical_H2S,Stratum_B_Pressure_Flammable_Chemical_H2S,"An employee was preparing to work on a flare when it discharged oil. The oil struck the employee, causing burns to the body, wrist, and hand.","Petroleum, crude oil","Heat (thermal) burns, unspecified",,,None identified,0,MEDIUM,Energy: Low operational energy | Exposure: Routine task (Oilfield operational support task) | Barrier Failure: Minor procedural deviation | Escalation: Minor localized injury without credible SIF potential,None,,None,Oilfield operational support task,Operational equipment hazard (unspecified energy),Standard operating procedures & PPE,Procedural deviation during task execution,Localized occupational injury without life-altering escalation,,ANNOTATED
443,OILPS_OSHA_01432,OSHA,January2015toNovember2025.csv,2018021417,2/11/2018,USA,"BELFIELD, NORTH DAKOTA",Support Activities for Oil and Gas Operations,Workplace Safety Incident,Non-Fatal Injury,Stratum_B_Pressure_Flammable_Chemical_H2S,Stratum_B_Pressure_Flammable_Chemical_H2S,"An employee was using a spray wand connected to a hot water pressure washer to open up a frozen produce water tank. The produce water vented hydrocarbon vapors near the hot water pressure washer causing a fire. Two employees received second and third degree burns to the face, neck and hands.","Chemicals and chemical products, unspecified",Third or fourth degree heat (thermal) burns,,,None identified,1,HIGH,"Energy: High-pressure fluid/gas stored energy | Exposure: Worker positioned in active hazard zone during Oilfield operational support task | Barrier Failure: Intervention on pressurized line / failure to verify zero residual pressure | Escalation: Fatal crushing impact, severe traumatic amputation, or fatal projectile strike",Energy Isolation,,Energy Isolation,Oilfield operational support task,High-pressure fluid/gas stored energy,"Positive energy isolation, verified depressurization & line-of-fire barricading",Intervention on pressurized line / failure to verify zero residual pressure,"Fatal crushing impact, severe traumatic amputation, or fatal projectile strike",,ANNOTATED
444,OILPS_OSHA_02538,OSHA,January2015toNovember2025.csv,2020043073,4/4/2020,USA,"OLD OCEAN, TEXAS",Support Activities for Oil and Gas Operations,Workplace Safety Incident,Amputation,Stratum_G_General_Oilfield_Operations,Stratum_G_General_Oilfield_Operations,An employee was spotting for a backhoe when its track struck the employee. The employee's left leg was amputated from the knee down.,"Backhoes, trackhoes",Amputations,,,None identified,0,MEDIUM,Energy: Low operational energy | Exposure: Routine task (Oilfield operational support task) | Barrier Failure: Minor procedural deviation | Escalation: Minor localized injury without credible SIF potential,None,,None,Oilfield operational support task,Operational equipment hazard (unspecified energy),Standard operating procedures & PPE,Procedural deviation during task execution,Localized occupational injury without life-altering escalation,,ANNOTATED
445,OILPS_OSHA_03120,OSHA,January2015toNovember2025.csv,2022065639,6/28/2022,USA,"BIG SPRING, TEXAS",Drilling Oil and Gas Wells,Workplace Safety Incident,Hospitalization,Stratum_A_Drilling_Heavy_Mechanical,Stratum_A_Drilling_Heavy_Mechanical,"An employee was cleaning a derrick with a power washer. The employee slipped on a wet surface while untangling the power washer hose. As he reached out to catch himself, part of the derrick caught his right little finger and removed the flesh, exposing the bone.",,"Avulsions, enucleations",Working at Height,,Working at Height,1,HIGH,Energy: Elevated work position (gravitational energy) | Exposure: Worker positioned in active hazard zone during Oilfield operational support task | Barrier Failure: Safety lanyard unclipped / absent leading edge fall protection | Escalation: Fatal blunt force trauma from fall at elevation,Working at Height,,Working at Height,Oilfield operational support task,Elevated work position (gravitational energy),100% continuous tie-off full body safety harness & engineered guardrails,Safety lanyard unclipped / absent leading edge fall protection,Fatal blunt force trauma from fall at elevation,,ANNOTATED
446,OILPS_OSHA_03980,OSHA,January2015toNovember2025.csv,2025021337,2/11/2025,USA,"WILLIAMSPORT, PENNSYLVANIA",Crude Petroleum Extraction,Workplace Safety Incident,Hospitalization,Stratum_F_LowEnergy_Ergonomic_MinorInjury,Stratum_F_LowEnergy_Ergonomic_MinorInjury,An employee slipped on ice in a gravel parking lot and fell to the ground. The employee suffered a broken right hip.,Constructed surface irregularity,Fractures,,,None identified,0,HIGH,Energy: Low-energy slip/trip hazard on ground level | Exposure: Worker performing Routine walking on field surface | Barrier Failure: Inadequate ground slip mitigation on same level | Escalation: Minor localized contusion / non-disabling sprain or closed fracture (Zero credible fatal or whole-person life-altering escalation pathway),None,,None,Routine walking on field surface,Low-energy slip/trip hazard on ground level,Walkway ice sanding / footwear traction,Inadequate ground slip mitigation on same level,Minor localized contusion / non-disabling sprain or closed fracture,"Actual medical outcome included hospitalization, but incident involved low energy with zero SIF potential.",ANNOTATED
447,OILPS_OSHA_02359,OSHA,January2015toNovember2025.csv,20191010772,10/15/2019,USA,"GALENA PARK, TEXAS",Petroleum Bulk Stations and Terminals,Workplace Safety Incident,Hospitalization,Stratum_B_Pressure_Flammable_Chemical_H2S,Stratum_B_Pressure_Flammable_Chemical_H2S; Stratum_C_Height_Lifting_Dropped_Objects; Stratum_E_Vehicle_Transport,"A Kinder Morgan employee accessed the top of a truck during a loading operation. When he opened the dome lid, alkylate pressure released and propelled him onto the truck rack roof, then to the ground below. He suffered multiple fractures and a torn artery in the skull, requiring hospitalization.","Coal, natural gas, petroleum fuels and products, unspecified","Fractures and other injuries, n.e.c.",Working at Height,Driving,Working at Height; Driving,1,HIGH,Energy: High-pressure fluid/gas stored energy; Elevated work position (gravitational energy) | Exposure: Worker positioned in active hazard zone during Oilfield operational support task | Barrier Failure: Intervention on pressurized line / failure to verify zero residual pressure | Escalation: Fatal blunt force trauma from fall at elevation,Energy Isolation,Working at Height,Energy Isolation; Working at Height; Driving,Oilfield operational support task,High-pressure fluid/gas stored energy; Elevated work position (gravitational energy),"Positive energy isolation, verified depressurization & line-of-fire barricading",Intervention on pressurized line / failure to verify zero residual pressure,Fatal blunt force trauma from fall at elevation,Candidate LSR 'Working at Height' modified to 'Energy Isolation'.,ANNOTATED
448,OILPS_OSHA_00343,OSHA,January2015toNovember2025.csv,2015096416,9/3/2015,USA,"ALBION, ILLINOIS",Support Activities for Oil and Gas Operations,Workplace Safety Incident,Hospitalization,Stratum_C_Height_Lifting_Dropped_Objects,Stratum_C_Height_Lifting_Dropped_Objects,"An employee was conducting work on the 60-feet-high platform of an oil derrick, operating rigging to move piping into position. The employee became sick, vomited, experienced cramps, and was eventually hospitalized for heat-related health issues.",Heat-environmental,"Effects of heat and light, unspecified",Working at Height,Safe Mechanical Lifting,Working at Height; Safe Mechanical Lifting,1,HIGH,Energy: Elevated work position (gravitational energy); Suspended heavy mechanical load / falling tubular | Exposure: Worker positioned in active hazard zone during Mechanical hoisting / crane lifting operations | Barrier Failure: Safety lanyard unclipped / absent leading edge fall protection | Escalation: Fatal blunt force trauma from fall at elevation,Safe Mechanical Lifting,Working at Height,Safe Mechanical Lifting; Working at Height,Mechanical hoisting / crane lifting operations,Elevated work position (gravitational energy); Suspended heavy mechanical load / falling tubular,100% continuous tie-off full body safety harness & engineered guardrails,Safety lanyard unclipped / absent leading edge fall protection,Fatal blunt force trauma from fall at elevation,Candidate LSR 'Working at Height' modified to 'Safe Mechanical Lifting'.,ANNOTATED
449,OILPS_OSHA_01926,OSHA,January2015toNovember2025.csv,20181213039,12/20/2018,USA,"PECOS, TEXAS",Oil and Gas Pipeline Construction,Workplace Safety Incident,Hospitalization,Stratum_B_Pressure_Flammable_Chemical_H2S,Stratum_B_Pressure_Flammable_Chemical_H2S,"An employee was rinsing the inside of a tank with water from a 1-inch hose. The water pressure surged and the hose whipped around. Its metal nozzle struck the employee's head and face, causing a fracture to the right mandible, a head laceration on the right side of the head behind the ear, and trauma to the right side of the head.",Hoses,Fractures,,,None identified,1,HIGH,"Energy: High-pressure fluid/gas stored energy | Exposure: Worker positioned in active hazard zone during Oilfield operational support task | Barrier Failure: Intervention on pressurized line / failure to verify zero residual pressure | Escalation: Fatal crushing impact, severe traumatic amputation, or fatal projectile strike",Energy Isolation,,Energy Isolation,Oilfield operational support task,High-pressure fluid/gas stored energy,"Positive energy isolation, verified depressurization & line-of-fire barricading",Intervention on pressurized line / failure to verify zero residual pressure,"Fatal crushing impact, severe traumatic amputation, or fatal projectile strike",,ANNOTATED
450,OILPS_OSHA_00959,OSHA,January2015toNovember2025.csv,2017043177,4/8/2017,USA,"WILLISTON, NORTH DAKOTA",Support Activities for Oil and Gas Operations,Workplace Safety Incident,Hospitalization,Stratum_B_Pressure_Flammable_Chemical_H2S,Stratum_B_Pressure_Flammable_Chemical_H2S,An employee was working inside the shop when a propane leak caused an explosion. The employee suffered third degree burns.,Propane,Third or fourth degree heat (thermal) burns,,,None identified,1,HIGH,"Energy: Flammable hydrocarbons / thermal ignition energy | Exposure: Worker positioned in active hazard zone during Oilfield operational support task | Barrier Failure: Hot work performed near flammable vapors / unverified atmospheric LEL | Escalation: Catastrophic vapor cloud explosion, mass toxic asphyxiation, or fatal burns",Hot Work,,Hot Work,Oilfield operational support task,Flammable hydrocarbons / thermal ignition energy,"Continuous LEL gas monitoring, hot work permit & spark containment",Hot work performed near flammable vapors / unverified atmospheric LEL,"Catastrophic vapor cloud explosion, mass toxic asphyxiation, or fatal burns",,ANNOTATED
451,OILPS_OSHA_03950,OSHA,January2015toNovember2025.csv,2025010469,1/14/2025,USA,"GARDEN CITY, TEXAS",Support Activities for Oil and Gas Operations,Workplace Safety Incident,Hospitalization,Stratum_B_Pressure_Flammable_Chemical_H2S,Stratum_B_Pressure_Flammable_Chemical_H2S; Stratum_D_ConfinedSpace_HotWork_Isolation,"Employees were welding and sandblasting a heat treater. A flash fire occurred inside the tank, and an employee suffered burns to the face and a wrist.","Tanks, bins, vats except confined space",Thermal burns degree unspecified,Hot Work,,Hot Work,1,HIGH,"Energy: Flammable hydrocarbons / thermal ignition energy | Exposure: Worker positioned in active hazard zone during Hot work / welding and thermal cutting | Barrier Failure: Hot work performed near flammable vapors / unverified atmospheric LEL | Escalation: Catastrophic vapor cloud explosion, mass toxic asphyxiation, or fatal burns",Hot Work,,Hot Work,Hot work / welding and thermal cutting,Flammable hydrocarbons / thermal ignition energy,"Continuous LEL gas monitoring, hot work permit & spark containment",Hot work performed near flammable vapors / unverified atmospheric LEL,"Catastrophic vapor cloud explosion, mass toxic asphyxiation, or fatal burns",,ANNOTATED
452,OILPS_OSHA_00467,OSHA,January2015toNovember2025.csv,2016010107,1/6/2016,USA,"DICKINSON, NORTH DAKOTA",All Other Pipeline Transportation,Workplace Safety Incident,Hospitalization,Stratum_B_Pressure_Flammable_Chemical_H2S,Stratum_B_Pressure_Flammable_Chemical_H2S,"An employee was hydrostatic pressure-testing a section of pipeline when a pipe coupling separated and struck him in the face, lacerating his upper lip and causing dental trauma.","Clamps, couplings","Soreness, pain, hurt-nonspecified injury",,,None identified,1,HIGH,"Energy: High-pressure fluid/gas stored energy | Exposure: Worker positioned in active hazard zone during Oilfield operational support task | Barrier Failure: Intervention on pressurized line / failure to verify zero residual pressure | Escalation: Fatal crushing impact, severe traumatic amputation, or fatal projectile strike",Energy Isolation,,Energy Isolation,Oilfield operational support task,High-pressure fluid/gas stored energy,"Positive energy isolation, verified depressurization & line-of-fire barricading",Intervention on pressurized line / failure to verify zero residual pressure,"Fatal crushing impact, severe traumatic amputation, or fatal projectile strike",,ANNOTATED
453,OILPS_OSHA_00346,OSHA,January2015toNovember2025.csv,2015096462,9/4/2015,USA,"NORTH PALM BEACH, FLORIDA",Oil & Gas / Energy Related,Workplace Safety Incident,Hospitalization,Stratum_A_Drilling_Heavy_Mechanical,Stratum_A_Drilling_Heavy_Mechanical; Stratum_C_Height_Lifting_Dropped_Objects,"An employee was disassembling a one-tier tubular scaffold. The employee removed the cross bracing first. When a coworker removed the planks, the scaffold members came down and struck the employee, causing back and pelvis bruises.",Scaffolds-self-supporting staging,"Bruises, contusions",Working at Height,,Working at Height,1,HIGH,Energy: Elevated work position (gravitational energy); Suspended heavy mechanical load / falling tubular | Exposure: Worker positioned in active hazard zone during Work at height / scaffolding operations | Barrier Failure: Safety lanyard unclipped / absent leading edge fall protection | Escalation: Fatal blunt force trauma from fall at elevation,Safe Mechanical Lifting,Working at Height,Safe Mechanical Lifting; Working at Height,Work at height / scaffolding operations,Elevated work position (gravitational energy); Suspended heavy mechanical load / falling tubular,100% continuous tie-off full body safety harness & engineered guardrails,Safety lanyard unclipped / absent leading edge fall protection,Fatal blunt force trauma from fall at elevation,Candidate LSR 'Working at Height' modified to 'Safe Mechanical Lifting'.,ANNOTATED
454,OILPS_OSHA_00522,OSHA,January2015toNovember2025.csv,2016021597,2/20/2016,USA,"BARSTOW, TEXAS",Oil and Gas Pipeline Construction,Workplace Safety Incident,Non-Fatal Injury,Stratum_D_ConfinedSpace_HotWork_Isolation,Stratum_D_ConfinedSpace_HotWork_Isolation,"Two employees were installing a protective goal post for overhead power lines when the post made contact with the energized line, causing the employees to receive an electrical shock.","Electric parts, n.e.c.","Electrocutions, electric shocks",Energy Isolation,,Energy Isolation,0,MEDIUM,Energy: Low operational energy | Exposure: Routine task (Electrical system maintenance and troubleshooting) | Barrier Failure: Minor procedural deviation | Escalation: Minor localized injury without credible SIF potential,None,,None,Electrical system maintenance and troubleshooting,Operational equipment hazard (unspecified energy),Standard operating procedures & PPE,Procedural deviation during task execution,Localized occupational injury without life-altering escalation,Candidate LSR 'Energy Isolation' rejected based on narrative evidence.,ANNOTATED
455,OILPS_OSHA_00033,OSHA,January2015toNovember2025.csv,2015010522,1/16/2015,USA,"KINGSVILLE, TEXAS",Support Activities for Oil and Gas Operations,Workplace Safety Incident,Hospitalization,Stratum_D_ConfinedSpace_HotWork_Isolation,Stratum_D_ConfinedSpace_HotWork_Isolation,Employee received an electric shock when he placed his wrench near an energized bolt on a conductor he was removing.,Wrenches-power not determined,"Electrocutions, electric shocks",Energy Isolation,,Energy Isolation,0,MEDIUM,Energy: Low operational energy | Exposure: Routine task (Oilfield operational support task) | Barrier Failure: Minor procedural deviation | Escalation: Minor localized injury without credible SIF potential,None,,None,Oilfield operational support task,Operational equipment hazard (unspecified energy),Standard operating procedures & PPE,Procedural deviation during task execution,Localized occupational injury without life-altering escalation,Candidate LSR 'Energy Isolation' rejected based on narrative evidence.,ANNOTATED
456,OILPS_OSHA_02600,OSHA,January2015toNovember2025.csv,2020076236,7/3/2020,USA,"DELAWARE CITY, DELAWARE",Petroleum Refineries,Workplace Safety Incident,Hospitalization,Stratum_E_Vehicle_Transport,Stratum_E_Vehicle_Transport,"An employee stepped out of a pickup truck, which began to move. The employee fell and the truck ran over the employee's right leg, causing tibia and fibula fractures that required surgery.",Pickup truck,Fractures,Driving,,Driving,0,MEDIUM,Energy: Low operational energy | Exposure: Routine task (Oilfield operational support task) | Barrier Failure: Minor procedural deviation | Escalation: Minor localized injury without credible SIF potential,Driving,,Driving,Oilfield operational support task,Operational equipment hazard (unspecified energy),Standard operating procedures & PPE,Procedural deviation during task execution,Localized occupational injury without life-altering escalation,,ANNOTATED
457,OILPS_OSHA_00310,OSHA,January2015toNovember2025.csv,2015085465,8/5/2015,USA,"RANKIN, TEXAS",Drilling Oil and Gas Wells,Workplace Safety Incident,Amputation,Stratum_A_Drilling_Heavy_Mechanical,Stratum_A_Drilling_Heavy_Mechanical,"An employee was pinning tubing together to skid the rig. The employee's hands were placed between the two pieces, and the left pinky and ring fingers got pinched. Both fingers were surgically amputated.","Pipes, ducts, tubing, unspecified",Amputations,,,None identified,0,MEDIUM,Energy: Low operational energy | Exposure: Routine task (Oilfield operational support task) | Barrier Failure: Minor procedural deviation | Escalation: Minor localized injury without credible SIF potential,None,,None,Oilfield operational support task,Operational equipment hazard (unspecified energy),Standard operating procedures & PPE,Procedural deviation during task execution,Localized occupational injury without life-altering escalation,,ANNOTATED
458,OILPS_OSHA_02353,OSHA,January2015toNovember2025.csv,20191010601,10/9/2019,USA,"MCCALL, IDAHO",Petroleum Bulk Stations and Terminals,Workplace Safety Incident,Amputation,Stratum_C_Height_Lifting_Dropped_Objects,Stratum_C_Height_Lifting_Dropped_Objects,"An employee was hoisting a propane tank when the chain rigging caught the employee's hand, resulting in an index finger amputation.","Chains, n.e.c.",Amputations,Safe Mechanical Lifting,,Safe Mechanical Lifting,1,HIGH,"Energy: Suspended heavy mechanical load / falling tubular | Exposure: Worker positioned in active hazard zone during Mechanical hoisting / crane lifting operations | Barrier Failure: Personnel in line of fire / defective rigging hardware or improper rigging | Escalation: Fatal crushing impact, severe traumatic amputation, or fatal projectile strike",Safe Mechanical Lifting,,Safe Mechanical Lifting,Mechanical hoisting / crane lifting operations,Suspended heavy mechanical load / falling tubular,"Certified rigging gear, dedicated signalman & red zone exclusion barrier",Personnel in line of fire / defective rigging hardware or improper rigging,"Fatal crushing impact, severe traumatic amputation, or fatal projectile strike",,ANNOTATED
459,OILPS_OSHA_01218,OSHA,January2015toNovember2025.csv,2017099315,9/28/2017,USA,"EDGARD, LOUISIANA",Pipeline Transportation of Natural Gas,Workplace Safety Incident,Hospitalization,Stratum_E_Vehicle_Transport,Stratum_E_Vehicle_Transport,"An employee was in a boat, inspecting a pipeline, when the boat hit something in the water and ejected the employee from the seat. The employee hit the boat floor and suffered a forehead laceration and fractured left wrist.","Water vehicle, unspecified",Fractures,,,None identified,1,MEDIUM,Energy: Stored mechanical/tubular energy | Exposure: Floor worker during Oilfield operational support task | Barrier Failure: Line-of-fire control compromised | Escalation: Crushing impact / permanent disabling trauma,None,,None,Oilfield operational support task,Operational equipment hazard (unspecified energy),Standard operating procedures & PPE,Procedural deviation during task execution,Localized occupational injury without life-altering escalation,,ANNOTATED
460,OILPS_OSHA_02286,OSHA,January2015toNovember2025.csv,2019088783,8/23/2019,USA,"STAFFORD, TEXAS",Support Activities for Oil and Gas Operations,Workplace Safety Incident,Amputation,Stratum_C_Height_Lifting_Dropped_Objects,Stratum_C_Height_Lifting_Dropped_Objects,"Employees were moving a pipeline inspection tool barrel. The injured employee was pulling on the rigging in order to allow a forklift to move the barrel through an open door. As the barrel was coming through the door, the rigging slipped off the fork and the barrel landed on the employee's foot. The employee's two left toes adjacent to his big toe were amputated.","Barrels, drums-except pressurized",Amputations,Safe Mechanical Lifting,,Safe Mechanical Lifting,1,HIGH,"Energy: Suspended heavy mechanical load / falling tubular | Exposure: Worker positioned in active hazard zone during Mechanical hoisting / crane lifting operations | Barrier Failure: Personnel in line of fire / defective rigging hardware or improper rigging | Escalation: Fatal crushing impact, severe traumatic amputation, or fatal projectile strike",Safe Mechanical Lifting,,Safe Mechanical Lifting,Mechanical hoisting / crane lifting operations,Suspended heavy mechanical load / falling tubular,"Certified rigging gear, dedicated signalman & red zone exclusion barrier",Personnel in line of fire / defective rigging hardware or improper rigging,"Fatal crushing impact, severe traumatic amputation, or fatal projectile strike",,ANNOTATED
461,OILPS_OSHA_02714,OSHA,January2015toNovember2025.csv,20201212123,12/31/2020,USA,"ARDMORE, OKLAHOMA",Petroleum Refineries,Workplace Safety Incident,Hospitalization,Stratum_F_LowEnergy_Ergonomic_MinorInjury,Stratum_F_LowEnergy_Ergonomic_MinorInjury,"While walking at grade under an asphalt rail car loading rack, an employee tripped on concrete that was protruding from the walkway. The employee fell and sustained five broken ribs.","Sidewalk, path, or outdoor walkway irregularity",Fractures,,,None identified,0,HIGH,Energy: Low-energy slip/trip hazard on ground level | Exposure: Worker performing Routine walking on field surface | Barrier Failure: Inadequate ground slip mitigation on same level | Escalation: Minor localized contusion / non-disabling sprain or closed fracture (Zero credible fatal or whole-person life-altering escalation pathway),None,,None,Routine walking on field surface,Low-energy slip/trip hazard on ground level,Walkway ice sanding / footwear traction,Inadequate ground slip mitigation on same level,Minor localized contusion / non-disabling sprain or closed fracture,"Actual medical outcome included hospitalization, but incident involved low energy with zero SIF potential.",ANNOTATED
462,OILPS_OSHA_03108,OSHA,January2015toNovember2025.csv,2022065267,6/16/2022,USA,"CUSHING, OKLAHOMA",Support Activities for Oil and Gas Operations,Workplace Safety Incident,Hospitalization,Stratum_D_ConfinedSpace_HotWork_Isolation,Stratum_D_ConfinedSpace_HotWork_Isolation; Stratum_F_LowEnergy_Ergonomic_MinorInjury,"An employee was making confined space entries to clean a tank when they began to experience symptoms of heat-related illness, cramps, and heat exhaustion. The employee was hospitalized.",Heat-environmental,"Heat exhaustion, prostration",Confined Space,,Confined Space,1,HIGH,"Energy: Toxic H2S gas / oxygen-deficient atmosphere | Exposure: Worker positioned in active hazard zone during Confined space entry / vessel maintenance | Barrier Failure: Entry into enclosed vessel without atmospheric verification or forced ventilation | Escalation: Catastrophic vapor cloud explosion, mass toxic asphyxiation, or fatal burns",Confined Space,,Confined Space,Confined space entry / vessel maintenance,Toxic H2S gas / oxygen-deficient atmosphere,"Pre-entry atmospheric gas test, confined space permit & standby rescuer",Entry into enclosed vessel without atmospheric verification or forced ventilation,"Catastrophic vapor cloud explosion, mass toxic asphyxiation, or fatal burns",,ANNOTATED
463,OILPS_OSHA_00334,OSHA,January2015toNovember2025.csv,2015086289,8/31/2015,USA,"BATON ROUGE, LOUISIANA",Petroleum Lubricating Oil and Grease Manufacturing,Workplace Safety Incident,Hospitalization,Stratum_F_LowEnergy_Ergonomic_MinorInjury,Stratum_F_LowEnergy_Ergonomic_MinorInjury,"While an employee was moving a small pile of hot material with a bobcat, a flash of steam entered the cab of the bobcat. The employee exited the cab and tripped into a pool of hot water, receiving first and second degree burns and requiring hospitalization.",Water,Second degree heat (thermal) burns,,,None identified,0,MEDIUM,Energy: Low operational energy | Exposure: Routine task (Oilfield operational support task) | Barrier Failure: Minor procedural deviation | Escalation: Minor localized injury without credible SIF potential,None,,None,Oilfield operational support task,Operational equipment hazard (unspecified energy),Standard operating procedures & PPE,Procedural deviation during task execution,Localized occupational injury without life-altering escalation,,ANNOTATED
464,OILPS_OSHA_02214,OSHA,January2015toNovember2025.csv,2019076742,7/4/2019,USA,"ORLA, TEXAS",Support Activities for Oil and Gas Operations,Workplace Safety Incident,Amputation,Stratum_C_Height_Lifting_Dropped_Objects,Stratum_C_Height_Lifting_Dropped_Objects,An employee was guiding a load being lifted by a crane. The employee's right little finger was caught between the crane hook and the load and partially amputated.,"Cranes, unspecified",Amputations,Safe Mechanical Lifting,,Safe Mechanical Lifting,1,HIGH,"Energy: Suspended heavy mechanical load / falling tubular | Exposure: Worker positioned in active hazard zone during Mechanical hoisting / crane lifting operations | Barrier Failure: Personnel in line of fire / defective rigging hardware or improper rigging | Escalation: Fatal crushing impact, severe traumatic amputation, or fatal projectile strike",Safe Mechanical Lifting,,Safe Mechanical Lifting,Mechanical hoisting / crane lifting operations,Suspended heavy mechanical load / falling tubular,"Certified rigging gear, dedicated signalman & red zone exclusion barrier",Personnel in line of fire / defective rigging hardware or improper rigging,"Fatal crushing impact, severe traumatic amputation, or fatal projectile strike",,ANNOTATED
465,OILPS_OSHA_03253,OSHA,January2015toNovember2025.csv,2022119910,11/10/2022,USA,"RATLIFF CITY, OKLAHOMA",Drilling Oil and Gas Wells,Workplace Safety Incident,Hospitalization,Stratum_A_Drilling_Heavy_Mechanical,Stratum_A_Drilling_Heavy_Mechanical; Stratum_B_Pressure_Flammable_Chemical_H2S,"A crew was on a drilling floor making a drill pipe connection. One employee was using a 5-foot bar with the pipe tongs, to apply pressure, to make the pipe fitting tight. The bar slipped and struck the employee in the chest, resulting in rib fractures to the right side.","Handtools-nonpowered, n.e.c.",Fractures,,,None identified,1,HIGH,"Energy: High-pressure fluid/gas stored energy | Exposure: Worker positioned in active hazard zone during Drilling rig floor pipe/casing operations | Barrier Failure: Intervention on pressurized line / failure to verify zero residual pressure | Escalation: Fatal crushing impact, severe traumatic amputation, or fatal projectile strike",Energy Isolation,,Energy Isolation,Drilling rig floor pipe/casing operations,High-pressure fluid/gas stored energy,"Positive energy isolation, verified depressurization & line-of-fire barricading",Intervention on pressurized line / failure to verify zero residual pressure,"Fatal crushing impact, severe traumatic amputation, or fatal projectile strike",,ANNOTATED
466,OILPS_OSHA_03894,OSHA,January2015toNovember2025.csv,2024109959,10/26/2024,USA,"KARNES CITY, TEXAS",Support Activities for Oil and Gas Operations,Workplace Safety Incident,Amputation,Stratum_C_Height_Lifting_Dropped_Objects,Stratum_C_Height_Lifting_Dropped_Objects,"The injured employee was holding tubing while another employee used a sledgehammer to straighten out a bent tube. The roof that was being lifted fell down with the piping and crushed the injured employee's left thumb, resulting in amputation.","Source, secondary source unspecified","Amputations, avulsions, enucleations unspecified",Working at Height,,Working at Height,1,HIGH,Energy: Elevated work position (gravitational energy) | Exposure: Worker positioned in active hazard zone during Oilfield operational support task | Barrier Failure: Safety lanyard unclipped / absent leading edge fall protection | Escalation: Fatal blunt force trauma from fall at elevation,Working at Height,,Working at Height,Oilfield operational support task,Elevated work position (gravitational energy),100% continuous tie-off full body safety harness & engineered guardrails,Safety lanyard unclipped / absent leading edge fall protection,Fatal blunt force trauma from fall at elevation,,ANNOTATED
467,OILPS_OSHA_03593,OSHA,January2015toNovember2025.csv,20231211029,12/3/2023,USA,"AVINGER, TEXAS",Drilling Oil and Gas Wells,Workplace Safety Incident,Hospitalization,Stratum_A_Drilling_Heavy_Mechanical,Stratum_A_Drilling_Heavy_Mechanical,"An employee was assisting with moving a 12-inch PVC pipe. The pipe shifted, pinching the employee's left index finger against a support post. The employee's finger was fractured.","Plastic, PVC, or rubber pipes and tubing",Fractures,,,None identified,1,MEDIUM,Energy: Stored mechanical/tubular energy | Exposure: Floor worker during Oilfield operational support task | Barrier Failure: Line-of-fire control compromised | Escalation: Crushing impact / permanent disabling trauma,None,,None,Oilfield operational support task,Operational equipment hazard (unspecified energy),Standard operating procedures & PPE,Procedural deviation during task execution,Localized occupational injury without life-altering escalation,,ANNOTATED
468,OILPS_OSHA_01966,OSHA,January2015toNovember2025.csv,2019010788,1/22/2019,USA,"MOOSIC, PENNSYLVANIA",Oil & Gas / Energy Related,Workplace Safety Incident,Hospitalization,Stratum_F_LowEnergy_Ergonomic_MinorInjury,Stratum_F_LowEnergy_Ergonomic_MinorInjury,"An employee was unpacking boxes at a receiving table. The employee tripped on a cable that had dropped off the table and fell, suffering a broken hip. The employee was hospitalized.","Floor, n.e.c.",Fractures,,,None identified,0,MEDIUM,Energy: Low operational energy | Exposure: Routine task (Electrical system maintenance and troubleshooting) | Barrier Failure: Minor procedural deviation | Escalation: Minor localized injury without credible SIF potential,None,,None,Electrical system maintenance and troubleshooting,Operational equipment hazard (unspecified energy),Standard operating procedures & PPE,Procedural deviation during task execution,Localized occupational injury without life-altering escalation,,ANNOTATED
469,OILPS_OSHA_00212,OSHA,January2015toNovember2025.csv,2015053036,5/19/2015,USA,"ALEXANDER, NORTH DAKOTA",Drilling Oil and Gas Wells,Workplace Safety Incident,Hospitalization,Stratum_A_Drilling_Heavy_Mechanical,Stratum_A_Drilling_Heavy_Mechanical,"An employee suffered a hand injury while performing routine maintenance on a pump jack at or near Pierre Creek Nelson 44-23 HR in McKenzie County, North Dakota.",,"Soreness, pain, hurt-nonspecified injury",,,None identified,0,MEDIUM,Energy: Low operational energy | Exposure: Routine task (Oilfield operational support task) | Barrier Failure: Minor procedural deviation | Escalation: Minor localized injury without credible SIF potential,None,,None,Oilfield operational support task,Operational equipment hazard (unspecified energy),Standard operating procedures & PPE,Procedural deviation during task execution,Localized occupational injury without life-altering escalation,,ANNOTATED
470,OILPS_OSHA_03426,OSHA,January2015toNovember2025.csv,2023054490,5/19/2023,USA,"CROSSVILLE, ILLINOIS",Drilling Oil and Gas Wells,Workplace Safety Incident,Hospitalization,Stratum_A_Drilling_Heavy_Mechanical,Stratum_A_Drilling_Heavy_Mechanical,"An employee was inspecting noise from a pumping unit. As he went to push on the belt guard, the employee was pinned between the crank arm and the base of the unit, resulting in a lacerated liver, and bruising to the chest, arms, back, and shoulders.",Oil drilling rigs and machinery,Internal injuries to organs and blood vessels of the trunk,,,None identified,0,MEDIUM,Energy: Low operational energy | Exposure: Routine task (Oilfield operational support task) | Barrier Failure: Minor procedural deviation | Escalation: Minor localized injury without credible SIF potential,None,,None,Oilfield operational support task,Operational equipment hazard (unspecified energy),Standard operating procedures & PPE,Procedural deviation during task execution,Localized occupational injury without life-altering escalation,,ANNOTATED
471,OILPS_OSHA_04002,OSHA,January2015toNovember2025.csv,2025032225,3/8/2025,USA,"TAMPA, FLORIDA",Petroleum Bulk Stations and Terminals,Workplace Safety Incident,Hospitalization,Stratum_E_Vehicle_Transport,Stratum_E_Vehicle_Transport,"While fueling a truck, an employee observed a pool of liquid, then noticed mist coming from a pipe. The employee developed respiratory symptoms resembling those of ammonia exposure.",Chemicals and hazardous materials unspecified,"Poison, toxic, or allergenic effects other respiratory",Driving,,Driving,1,MEDIUM,Energy: Stored mechanical/tubular energy | Exposure: Floor worker during Oilfield operational support task | Barrier Failure: Line-of-fire control compromised | Escalation: Crushing impact / permanent disabling trauma,Driving,,Driving,Oilfield operational support task,Operational equipment hazard (unspecified energy),Standard operating procedures & PPE,Procedural deviation during task execution,Localized occupational injury without life-altering escalation,,ANNOTATED
472,OILPS_OSHA_03976,OSHA,January2015toNovember2025.csv,2025021221,2/7/2025,USA,"RIFLE, COLORADO",Support Activities for Oil and Gas Operations,Workplace Safety Incident,Amputation,Stratum_C_Height_Lifting_Dropped_Objects,Stratum_C_Height_Lifting_Dropped_Objects,"An employee was on a 4-foot podium ladder when the wind blew it over. He fell, and his left middle fingertip was amputated.",Step ladders,"Amputations, avulsions, enucleations unspecified",Working at Height,,Working at Height,1,HIGH,Energy: Elevated work position (gravitational energy) | Exposure: Worker positioned in active hazard zone during Oilfield operational support task | Barrier Failure: Safety lanyard unclipped / absent leading edge fall protection | Escalation: Fatal blunt force trauma from fall at elevation,Working at Height,,Working at Height,Oilfield operational support task,Elevated work position (gravitational energy),100% continuous tie-off full body safety harness & engineered guardrails,Safety lanyard unclipped / absent leading edge fall protection,Fatal blunt force trauma from fall at elevation,,ANNOTATED
473,OILPS_OSHA_02663,OSHA,January2015toNovember2025.csv,2020099283,9/30/2020,USA,"BAY SAINT LOUIS, MISSISSIPPI",Oil & Gas / Energy Related,Workplace Safety Incident,Hospitalization,Stratum_G_General_Oilfield_Operations,Stratum_G_General_Oilfield_Operations,"An employee was applying pipe identification to a pipe moving along a v-roller line. A support frame failed and the pipe fell over, injuring the employee's hips/pelvis and leg.","Pipes, ducts, tubing, unspecified","Soreness, pain, hurt-nonspecified injury",,,None identified,1,MEDIUM,Energy: Stored mechanical/tubular energy | Exposure: Floor worker during Oilfield operational support task | Barrier Failure: Line-of-fire control compromised | Escalation: Crushing impact / permanent disabling trauma,None,,None,Oilfield operational support task,Operational equipment hazard (unspecified energy),Standard operating procedures & PPE,Procedural deviation during task execution,Localized occupational injury without life-altering escalation,,ANNOTATED
474,OILPS_OSHA_00702,OSHA,January2015toNovember2025.csv,2016088048,8/26/2016,USA,"COTULLA, TEXAS",Support Activities for Oil and Gas Operations,Workplace Safety Incident,Hospitalization,Stratum_F_LowEnergy_Ergonomic_MinorInjury,Stratum_F_LowEnergy_Ergonomic_MinorInjury,An employee was repairing a meter run and began to experience cramping. The employee was hospitalized for heat exhaustion.,Heat-environmental,"Heat exhaustion, prostration",,,None identified,0,MEDIUM,Energy: Low operational energy | Exposure: Routine task (Oilfield operational support task) | Barrier Failure: Minor procedural deviation | Escalation: Minor localized injury without credible SIF potential,None,,None,Oilfield operational support task,Operational equipment hazard (unspecified energy),Standard operating procedures & PPE,Procedural deviation during task execution,Localized occupational injury without life-altering escalation,,ANNOTATED
475,OILPS_OSHA_03359,OSHA,January2015toNovember2025.csv,2023031899,3/1/2023,USA,"THREE RIVERS, TEXAS",Support Activities for Oil and Gas Operations,Workplace Safety Incident,Hospitalization,Stratum_C_Height_Lifting_Dropped_Objects,Stratum_C_Height_Lifting_Dropped_Objects,"An employee removed plywood that was covering a hole so that a crane could fly in a flange. The employee fell through the hole in the floor, contacting a flange approximately 41 inches below. The employee then fell approximately 47 inches, contacting an aluminum step stool, before falling approximately 19 inches to the ground. The employee was hospitalized with a spinal injury that required surgery.",Existing floor opening,"Soreness, pain, hurt-nonspecified injury",Safe Mechanical Lifting,,Safe Mechanical Lifting,1,HIGH,"Energy: Suspended heavy mechanical load / falling tubular | Exposure: Worker positioned in active hazard zone during Mechanical hoisting / crane lifting operations | Barrier Failure: Personnel in line of fire / defective rigging hardware or improper rigging | Escalation: Fatal crushing impact, severe traumatic amputation, or fatal projectile strike",Safe Mechanical Lifting,,Safe Mechanical Lifting,Mechanical hoisting / crane lifting operations,Suspended heavy mechanical load / falling tubular,"Certified rigging gear, dedicated signalman & red zone exclusion barrier",Personnel in line of fire / defective rigging hardware or improper rigging,"Fatal crushing impact, severe traumatic amputation, or fatal projectile strike",,ANNOTATED
476,OILPS_OSHA_03071,OSHA,January2015toNovember2025.csv,2022053953,5/6/2022,USA,"CADIZ, OHIO",Support Activities for Oil and Gas Operations,Workplace Safety Incident,Hospitalization,Stratum_C_Height_Lifting_Dropped_Objects,Stratum_C_Height_Lifting_Dropped_Objects; Stratum_E_Vehicle_Transport,"An employee was performing maintenance on a forklift when they fell approximately 2 feet off the forklift and landed on a tote, resulting in multiple fractured ribs.","Forklift, order picker, platform truck-powered",Fractures,Safe Mechanical Lifting,,Safe Mechanical Lifting,1,HIGH,"Energy: Suspended heavy mechanical load / falling tubular | Exposure: Worker positioned in active hazard zone during Mechanical hoisting / crane lifting operations | Barrier Failure: Personnel in line of fire / defective rigging hardware or improper rigging | Escalation: Fatal crushing impact, severe traumatic amputation, or fatal projectile strike",Safe Mechanical Lifting,,Safe Mechanical Lifting,Mechanical hoisting / crane lifting operations,Suspended heavy mechanical load / falling tubular,"Certified rigging gear, dedicated signalman & red zone exclusion barrier",Personnel in line of fire / defective rigging hardware or improper rigging,"Fatal crushing impact, severe traumatic amputation, or fatal projectile strike",,ANNOTATED
477,OILPS_OSHA_00604,OSHA,January2015toNovember2025.csv,2016054723,5/29/2016,USA,"COTULLA, TEXAS",Support Activities for Oil and Gas Operations,Workplace Safety Incident,Hospitalization,Stratum_C_Height_Lifting_Dropped_Objects,Stratum_C_Height_Lifting_Dropped_Objects,An employee hoisted the lubricator up off a well head using a winch and was inspecting the tool stream. The winch malfunctioned and continued to raise the lubricator up which was 8 feet long. It was raised approximately 15 feet off the ground. The cable snapped and the lubricator fell striking the employee and causing a laceration to his chest approximately 6-8 inches long and 1 1/2 inches deep.,"Valves, nozzles","Cuts, lacerations",Safe Mechanical Lifting,,Safe Mechanical Lifting,1,HIGH,"Energy: Suspended heavy mechanical load / falling tubular | Exposure: Worker positioned in active hazard zone during Electrical system maintenance and troubleshooting | Barrier Failure: Personnel in line of fire / defective rigging hardware or improper rigging | Escalation: Fatal crushing impact, severe traumatic amputation, or fatal projectile strike",Safe Mechanical Lifting,,Safe Mechanical Lifting,Electrical system maintenance and troubleshooting,Suspended heavy mechanical load / falling tubular,"Certified rigging gear, dedicated signalman & red zone exclusion barrier",Personnel in line of fire / defective rigging hardware or improper rigging,"Fatal crushing impact, severe traumatic amputation, or fatal projectile strike",,ANNOTATED
478,OILPS_OSHA_03066,OSHA,January2015toNovember2025.csv,2022053762,5/2/2022,USA,"COLORADO CITY, TEXAS",Support Activities for Oil and Gas Operations,Workplace Safety Incident,Amputation,Stratum_A_Drilling_Heavy_Mechanical,Stratum_A_Drilling_Heavy_Mechanical,An employee was placing chemical hoses at the top of the tub of a blender. His right ring finger was pinched inside an inlet valve actuator and was amputated to the first joint.,Oil drilling rigs and machinery,Amputations,,,None identified,0,MEDIUM,Energy: Low operational energy | Exposure: Routine task (Oilfield operational support task) | Barrier Failure: Minor procedural deviation | Escalation: Minor localized injury without credible SIF potential,None,,None,Oilfield operational support task,Operational equipment hazard (unspecified energy),Standard operating procedures & PPE,Procedural deviation during task execution,Localized occupational injury without life-altering escalation,,ANNOTATED
479,OILPS_OSHA_00502,OSHA,January2015toNovember2025.csv,2016020992,2/2/2016,USA,"DONALDSONVILLE, LOUISIANA",Support Activities for Oil and Gas Operations,Workplace Safety Incident,Amputation,Stratum_E_Vehicle_Transport,Stratum_E_Vehicle_Transport,"An employee was helping an aerial access driver load multiple mobile light plants that were off-rent onto an aerial access trailer. The employee was bent down in a squat position, attempting to adjust the tongue of a mobile light tower, when the aerial access driver put his back against the rear light plant and shoved it forward. The employee's index finger was caught between the transport trailer deck and tongue of the mobile light tower, amputating the left index fingertip.",Trailers,Amputations,Driving,,Driving,0,MEDIUM,Energy: Low operational energy | Exposure: Routine task (Oilfield operational support task) | Barrier Failure: Minor procedural deviation | Escalation: Minor localized injury without credible SIF potential,Driving,,Driving,Oilfield operational support task,Operational equipment hazard (unspecified energy),Standard operating procedures & PPE,Procedural deviation during task execution,Localized occupational injury without life-altering escalation,,ANNOTATED
480,OILPS_OSHA_00795,OSHA,January2015toNovember2025.csv,20161110444,11/5/2016,USA,"WINONA, MISSISSIPPI",Oil and Gas Pipeline Construction,Workplace Safety Incident,Hospitalization,Stratum_E_Vehicle_Transport,Stratum_E_Vehicle_Transport,"An employee was driving downhill to return a UTV (utility terrain vehicle) to a truck when he lost control and capsized, breaking 11 ribs.","Off-road passenger vehicles-powered, n.e.c",Fractures,Driving,,Driving,0,MEDIUM,Energy: Low operational energy | Exposure: Routine task (Heavy vehicle transport on lease/highway) | Barrier Failure: Minor procedural deviation | Escalation: Minor localized injury without credible SIF potential,Driving,,Driving,Heavy vehicle transport on lease/highway,Operational equipment hazard (unspecified energy),Standard operating procedures & PPE,Procedural deviation during task execution,Localized occupational injury without life-altering escalation,,ANNOTATED
481,OILPS_OSHA_02721,OSHA,January2015toNovember2025.csv,2021010504,1/19/2021,USA,"MINERAL WELLS, TEXAS",Drilling Oil and Gas Wells,Workplace Safety Incident,Amputation,Stratum_A_Drilling_Heavy_Mechanical,Stratum_A_Drilling_Heavy_Mechanical,"An employee was operating a drill press when their glove got caught in the drill, resulting in an amputation of the left pinky finger.",Drills-stationary,Amputations,Line of Fire,,Line of Fire,1,MEDIUM,Energy: Stored mechanical/tubular energy | Exposure: Floor worker during Oilfield operational support task | Barrier Failure: Line-of-fire control compromised | Escalation: Crushing impact / permanent disabling trauma,Line of Fire,,Line of Fire,Oilfield operational support task,Operational equipment hazard (unspecified energy),Standard operating procedures & PPE,Procedural deviation during task execution,Localized occupational injury without life-altering escalation,,ANNOTATED
482,OILPS_OSHA_02619,OSHA,January2015toNovember2025.csv,2020087280,8/3/2020,USA,"ROCKTON, ILLINOIS",Petroleum Lubricating Oil and Grease Manufacturing,Workplace Safety Incident,Hospitalization,Stratum_C_Height_Lifting_Dropped_Objects,Stratum_C_Height_Lifting_Dropped_Objects; Stratum_E_Vehicle_Transport,A forklift collision broke an employee's heel and ankle.,"Forklift, order picker, platform truck-powered",Fractures,Safe Mechanical Lifting,Driving,Safe Mechanical Lifting; Driving,1,MEDIUM,"Energy: Suspended heavy mechanical load / falling tubular | Exposure: Worker positioned in active hazard zone during Mechanical hoisting / crane lifting operations | Barrier Failure: Personnel in line of fire / defective rigging hardware or improper rigging | Escalation: Fatal crushing impact, severe traumatic amputation, or fatal projectile strike",Safe Mechanical Lifting,Driving,Safe Mechanical Lifting; Driving,Mechanical hoisting / crane lifting operations,Suspended heavy mechanical load / falling tubular,"Certified rigging gear, dedicated signalman & red zone exclusion barrier",Personnel in line of fire / defective rigging hardware or improper rigging,"Fatal crushing impact, severe traumatic amputation, or fatal projectile strike",,ANNOTATED
483,OILPS_OSHA_00514,OSHA,January2015toNovember2025.csv,2016021361,2/13/2016,USA,"YORKTOWN, TEXAS",Oil and Gas Pipeline Construction,Workplace Safety Incident,Hospitalization,Stratum_B_Pressure_Flammable_Chemical_H2S,Stratum_B_Pressure_Flammable_Chemical_H2S,"A valve cap, under pressure, struck an employee in the upper left arm resulting in a fractured arm and flesh loss.","Caps, lids, covers, n.e.c.",Fractures,,,None identified,1,HIGH,"Energy: High-pressure fluid/gas stored energy | Exposure: Worker positioned in active hazard zone during Oilfield operational support task | Barrier Failure: Intervention on pressurized line / failure to verify zero residual pressure | Escalation: Fatal crushing impact, severe traumatic amputation, or fatal projectile strike",Energy Isolation,,Energy Isolation,Oilfield operational support task,High-pressure fluid/gas stored energy,"Positive energy isolation, verified depressurization & line-of-fire barricading",Intervention on pressurized line / failure to verify zero residual pressure,"Fatal crushing impact, severe traumatic amputation, or fatal projectile strike",,ANNOTATED
484,OILPS_OSHA_01939,OSHA,January2015toNovember2025.csv,2019010143,1/5/2019,USA,"HOUSTON, TEXAS",Oil and Gas Pipeline Construction,Workplace Safety Incident,Non-Fatal Injury,Stratum_B_Pressure_Flammable_Chemical_H2S,Stratum_B_Pressure_Flammable_Chemical_H2S,"Two employees were helping welders by holding a 16"" flange when a flash fire occurred. The first employee suffered a puncture wound from a vent pipe and burns to the face. The second employee suffered burns to the back of his neck, his back, and his right arm.",,"Heat (thermal) burns, unspecified",Hot Work,,Hot Work,1,HIGH,"Energy: Flammable hydrocarbons / thermal ignition energy | Exposure: Worker positioned in active hazard zone during Piping and process equipment maintenance | Barrier Failure: Hot work performed near flammable vapors / unverified atmospheric LEL | Escalation: Catastrophic vapor cloud explosion, mass toxic asphyxiation, or fatal burns",Hot Work,,Hot Work,Piping and process equipment maintenance,Flammable hydrocarbons / thermal ignition energy,"Continuous LEL gas monitoring, hot work permit & spark containment",Hot work performed near flammable vapors / unverified atmospheric LEL,"Catastrophic vapor cloud explosion, mass toxic asphyxiation, or fatal burns",,ANNOTATED
485,OILPS_OSHA_00600,OSHA,January2015toNovember2025.csv,2016054606,5/25/2016,USA,"WATONGA, OKLAHOMA",Support Activities for Oil and Gas Operations,Workplace Safety Incident,Hospitalization,Stratum_B_Pressure_Flammable_Chemical_H2S,Stratum_B_Pressure_Flammable_Chemical_H2S,"An employee was plumbing in a separator on a natural gas line that had pressure in it. The line blew up and knocked the employee to the ground, spraying him with dirt and rocks. He fractured his skull and suffered cuts to his arms.","Pressure lines, except hoses",Fractures,,,None identified,1,HIGH,"Energy: High-pressure fluid/gas stored energy; Toxic H2S gas / oxygen-deficient atmosphere | Exposure: Worker positioned in active hazard zone during Oilfield operational support task | Barrier Failure: Intervention on pressurized line / failure to verify zero residual pressure | Escalation: Catastrophic vapor cloud explosion, mass toxic asphyxiation, or fatal burns",Energy Isolation,Confined Space,Energy Isolation; Confined Space,Oilfield operational support task,High-pressure fluid/gas stored energy; Toxic H2S gas / oxygen-deficient atmosphere,"Positive energy isolation, verified depressurization & line-of-fire barricading",Intervention on pressurized line / failure to verify zero residual pressure,"Catastrophic vapor cloud explosion, mass toxic asphyxiation, or fatal burns",,ANNOTATED
486,OILPS_OSHA_03917,OSHA,January2015toNovember2025.csv,20241110922,11/24/2024,USA,"ODESSA, TEXAS",Drilling Oil and Gas Wells,Workplace Safety Incident,Amputation,Stratum_A_Drilling_Heavy_Mechanical,Stratum_A_Drilling_Heavy_Mechanical,"A employee was anchoring a heavy pipe into a rack when the pipe slipped. The pipe pinched his left hand and middle finger when he went to catch it, resulting in an amputation of the middle finger above the middle knuckle.","Pipes, tubes metal",Amputations involving bone loss,,,None identified,1,MEDIUM,Energy: Stored mechanical/tubular energy | Exposure: Floor worker during Oilfield operational support task | Barrier Failure: Line-of-fire control compromised | Escalation: Crushing impact / permanent disabling trauma,None,,None,Oilfield operational support task,Operational equipment hazard (unspecified energy),Standard operating procedures & PPE,Procedural deviation during task execution,Localized occupational injury without life-altering escalation,,ANNOTATED
487,OILPS_OSHA_02051,OSHA,January2015toNovember2025.csv,2019032806,3/17/2019,USA,"KINGFISHER, OKLAHOMA",Support Activities for Oil and Gas Operations,Workplace Safety Incident,Amputation,Stratum_A_Drilling_Heavy_Mechanical,Stratum_A_Drilling_Heavy_Mechanical,An employee was re-dressing a setting tool. The employee's right little finger was caught between the setting sleeve and a mandrel porthole. The tip was amputated.,Oil drilling rigs and machinery,Amputations,,,None identified,0,MEDIUM,Energy: Low operational energy | Exposure: Routine task (Oilfield operational support task) | Barrier Failure: Minor procedural deviation | Escalation: Minor localized injury without credible SIF potential,None,,None,Oilfield operational support task,Operational equipment hazard (unspecified energy),Standard operating procedures & PPE,Procedural deviation during task execution,Localized occupational injury without life-altering escalation,,ANNOTATED
488,OILPS_OSHA_00125,OSHA,January2015toNovember2025.csv,2015031212,3/16/2015,USA,"SAINT MARTINVILLE, LOUISIANA",Petroleum Bulk Stations and Terminals,Workplace Safety Incident,Hospitalization,Stratum_E_Vehicle_Transport,Stratum_E_Vehicle_Transport,An employee was transferring product from a tote to a truck when static caused vapors to ignite. The employee was burned on the abdomen and face and has a possible broken ankle.,"Coal, natural gas, petroleum fuels and products, unspecified","Heat (thermal) burns, unspecified",Driving,,Driving,0,MEDIUM,Energy: Low operational energy | Exposure: Routine task (Oilfield operational support task) | Barrier Failure: Minor procedural deviation | Escalation: Minor localized injury without credible SIF potential,Driving,,Driving,Oilfield operational support task,Operational equipment hazard (unspecified energy),Standard operating procedures & PPE,Procedural deviation during task execution,Localized occupational injury without life-altering escalation,,ANNOTATED
489,OILPS_OSHA_02519,OSHA,January2015toNovember2025.csv,2020032338,3/11/2020,USA,"CATARINA, TEXAS",Support Activities for Oil and Gas Operations,Workplace Safety Incident,Hospitalization,Stratum_B_Pressure_Flammable_Chemical_H2S,Stratum_B_Pressure_Flammable_Chemical_H2S,An employee assisting in hydro-excavation operations sustained injuries to the left foot from a pressure washer being operated by another employee. The injured employee sustained lacerations on the left foot a few inches above the ankle and between the little toe and the fourth toe.,Pressurized water-blast,"Cuts, lacerations",,,None identified,1,HIGH,"Energy: High-pressure fluid/gas stored energy | Exposure: Worker positioned in active hazard zone during Oilfield operational support task | Barrier Failure: Intervention on pressurized line / failure to verify zero residual pressure | Escalation: Fatal crushing impact, severe traumatic amputation, or fatal projectile strike",Energy Isolation,,Energy Isolation,Oilfield operational support task,High-pressure fluid/gas stored energy,"Positive energy isolation, verified depressurization & line-of-fire barricading",Intervention on pressurized line / failure to verify zero residual pressure,"Fatal crushing impact, severe traumatic amputation, or fatal projectile strike",,ANNOTATED
490,OILPS_OSHA_00836,OSHA,January2015toNovember2025.csv,20161211939,12/26/2016,USA,"ELK CITY, OKLAHOMA",Support Activities for Oil and Gas Operations,Workplace Safety Incident,Hospitalization,Stratum_C_Height_Lifting_Dropped_Objects,Stratum_C_Height_Lifting_Dropped_Objects; Stratum_E_Vehicle_Transport,An employee was loading an empty coil tubing reel onto a trailer using a crane. The reel fell off the trailer and struck the employee breaking the tibia and fibula.,"Reels, rolls, spools, coils, cones",Fractures,Safe Mechanical Lifting,,Safe Mechanical Lifting,1,HIGH,"Energy: Suspended heavy mechanical load / falling tubular | Exposure: Worker positioned in active hazard zone during Mechanical hoisting / crane lifting operations | Barrier Failure: Personnel in line of fire / defective rigging hardware or improper rigging | Escalation: Fatal crushing impact, severe traumatic amputation, or fatal projectile strike",Safe Mechanical Lifting,,Safe Mechanical Lifting,Mechanical hoisting / crane lifting operations,Suspended heavy mechanical load / falling tubular,"Certified rigging gear, dedicated signalman & red zone exclusion barrier",Personnel in line of fire / defective rigging hardware or improper rigging,"Fatal crushing impact, severe traumatic amputation, or fatal projectile strike",,ANNOTATED
491,OILPS_OSHA_02269,OSHA,January2015toNovember2025.csv,2019088450,8/16/2019,USA,"LENORAH, TEXAS",Oil & Gas / Energy Related,Workplace Safety Incident,Hospitalization,Stratum_F_LowEnergy_Ergonomic_MinorInjury,Stratum_F_LowEnergy_Ergonomic_MinorInjury,"After work (installing wellheads and valves in the field), an employee suffered severe heat exhaustion and cramping and was hospitalized.",Heat-environmental,"Heat exhaustion, prostration",,,None identified,0,MEDIUM,Energy: Low operational energy | Exposure: Routine task (Oilfield operational support task) | Barrier Failure: Minor procedural deviation | Escalation: Minor localized injury without credible SIF potential,None,,None,Oilfield operational support task,Operational equipment hazard (unspecified energy),Standard operating procedures & PPE,Procedural deviation during task execution,Localized occupational injury without life-altering escalation,,ANNOTATED
492,OILPS_OSHA_00465,OSHA,January2015toNovember2025.csv,2016010005,1/1/2016,USA,"ANTHONY, KANSAS",Oil and Gas Pipeline Construction,Workplace Safety Incident,Hospitalization,Stratum_F_LowEnergy_Ergonomic_MinorInjury,Stratum_F_LowEnergy_Ergonomic_MinorInjury,"An employee was setting pipes on the ground and working on pipe support. The ground fell out, causing the pipes to slip and crush the employee's right leg.","Pipes, ducts, tubing, unspecified",Crushing injuries,,,None identified,1,MEDIUM,Energy: Stored mechanical/tubular energy | Exposure: Floor worker during Oilfield operational support task | Barrier Failure: Line-of-fire control compromised | Escalation: Crushing impact / permanent disabling trauma,Line of Fire,,Line of Fire,Oilfield operational support task,Operational equipment hazard (unspecified energy),Standard operating procedures & PPE,Procedural deviation during task execution,Localized occupational injury without life-altering escalation,,ANNOTATED
493,OILPS_OSHA_01394,OSHA,January2015toNovember2025.csv,2018010630,1/19/2018,USA,"WEST CHESTER, PENNSYLVANIA",Support Activities for Oil and Gas Operations,Workplace Safety Incident,Hospitalization,Stratum_C_Height_Lifting_Dropped_Objects,Stratum_C_Height_Lifting_Dropped_Objects; Stratum_E_Vehicle_Transport,"An employee fell from the top of a truck and landed on the ground, breaking his leg in two places and requiring surgery.","Highway vehicle, motorized, unspecified",Fractures,Working at Height,Driving,Working at Height; Driving,0,MEDIUM,Energy: Low operational energy | Exposure: Routine task (Oilfield operational support task) | Barrier Failure: Minor procedural deviation | Escalation: Minor localized injury without credible SIF potential,Working at Height,Driving,Working at Height; Driving,Oilfield operational support task,Operational equipment hazard (unspecified energy),Standard operating procedures & PPE,Procedural deviation during task execution,Localized occupational injury without life-altering escalation,,ANNOTATED
494,OILPS_OSHA_03981,OSHA,January2015toNovember2025.csv,2025021358,2/11/2025,USA,"BIG SPRING, TEXAS",Support Activities for Oil and Gas Operations,Workplace Safety Incident,Hospitalization,Stratum_A_Drilling_Heavy_Mechanical,Stratum_A_Drilling_Heavy_Mechanical,"An employee was operating a gate valve. The handwheel kicked back and struck his arm, breaking the forearm and wrist. The employee was hospitalized, requiring surgery.",Drilling and extraction machinery unspecified,Fractures,,,None identified,0,MEDIUM,Energy: Low operational energy | Exposure: Routine task (Oilfield operational support task) | Barrier Failure: Minor procedural deviation | Escalation: Minor localized injury without credible SIF potential,None,,None,Oilfield operational support task,Operational equipment hazard (unspecified energy),Standard operating procedures & PPE,Procedural deviation during task execution,Localized occupational injury without life-altering escalation,,ANNOTATED
495,OILPS_OSHA_03815,OSHA,January2015toNovember2025.csv,2024076876,7/29/2024,USA,"PORT ALLEN, LOUISIANA",Support Activities for Oil and Gas Operations,Workplace Safety Incident,Hospitalization,Stratum_E_Vehicle_Transport,Stratum_E_Vehicle_Transport; Stratum_F_LowEnergy_Ergonomic_MinorInjury,"An employee was opening a hatch on the top portion of a tanker truck. They tripped and fell approximately 8 feet to the ground, sustaining fractures to multiple ribs and their right wrist, as well as a punctured lung.",Tanker trucks,"Closed trauma involving internal organs, major blood vessels",Driving,,Driving,0,MEDIUM,Energy: Low operational energy | Exposure: Routine task (Oilfield operational support task) | Barrier Failure: Minor procedural deviation | Escalation: Minor localized injury without credible SIF potential,Driving,,Driving,Oilfield operational support task,Operational equipment hazard (unspecified energy),Standard operating procedures & PPE,Procedural deviation during task execution,Localized occupational injury without life-altering escalation,,ANNOTATED
496,OILPS_OSHA_02348,OSHA,January2015toNovember2025.csv,20191010495,10/7/2019,USA,"PONCA CITY, OKLAHOMA",Support Activities for Oil and Gas Operations,Workplace Safety Incident,Hospitalization,Stratum_D_ConfinedSpace_HotWork_Isolation,Stratum_D_ConfinedSpace_HotWork_Isolation,"An employee fell while walking on a sidewalk. The employee's right shoulder hit a welding machine, causing a fracture to the right upper arm.","Sidewalks, paths, outdoor walkways, unspecified",Fractures,Hot Work,,Hot Work,0,MEDIUM,Energy: Low operational energy | Exposure: Routine task (Hot work / welding and thermal cutting) | Barrier Failure: Minor procedural deviation | Escalation: Minor localized injury without credible SIF potential,Hot Work,,Hot Work,Hot work / welding and thermal cutting,Operational equipment hazard (unspecified energy),Standard operating procedures & PPE,Procedural deviation during task execution,Localized occupational injury without life-altering escalation,,ANNOTATED
497,OILPS_OSHA_00758,OSHA,January2015toNovember2025.csv,2016109502,10/8/2016,USA,"STREATOR, ILLINOIS",Oil and Gas Pipeline Construction,Workplace Safety Incident,Hospitalization,Stratum_B_Pressure_Flammable_Chemical_H2S,Stratum_B_Pressure_Flammable_Chemical_H2S,"An employee was starting a pressure washer when a plug from the block valve blew out and struck the employee in the face, fracturing the left cheek and jaw.","Tool parts, accessories, n.e.c.",Fractures,,,None identified,1,HIGH,"Energy: High-pressure fluid/gas stored energy | Exposure: Worker positioned in active hazard zone during Oilfield operational support task | Barrier Failure: Intervention on pressurized line / failure to verify zero residual pressure | Escalation: Fatal crushing impact, severe traumatic amputation, or fatal projectile strike",Energy Isolation,,Energy Isolation,Oilfield operational support task,High-pressure fluid/gas stored energy,"Positive energy isolation, verified depressurization & line-of-fire barricading",Intervention on pressurized line / failure to verify zero residual pressure,"Fatal crushing impact, severe traumatic amputation, or fatal projectile strike",,ANNOTATED
498,OILPS_OSHA_03751,OSHA,January2015toNovember2025.csv,2024064805,6/1/2024,USA,"HURON, SOUTH DAKOTA",Asphalt Paving Mixture and Block Manufacturing,Workplace Safety Incident,Hospitalization,Stratum_E_Vehicle_Transport,Stratum_E_Vehicle_Transport,"An employee approached the driver of a semi truck with a belly dumper trailer to notify them that they smelled burning brakes. While the employee was checking the front brakes, the brakes released and the truck rolled backward over their leg. The employee sustained a fractured leg, ankle, and toe.","Other semi, tractor-trailer",Fractures,Driving,,Driving,1,HIGH,Energy: Heavy commercial vehicle kinetic energy | Exposure: Worker positioned in active hazard zone during Oilfield operational support task | Barrier Failure: Loss of vehicle control on road shoulder / excessive speed for conditions | Escalation: Fatal vehicular rollover / cabin crushing trauma,Driving,,Driving,Oilfield operational support task,Heavy commercial vehicle kinetic energy,Journey management speed compliance & seatbelt usage,Loss of vehicle control on road shoulder / excessive speed for conditions,Fatal vehicular rollover / cabin crushing trauma,,ANNOTATED
499,OILPS_OSHA_03711,OSHA,January2015toNovember2025.csv,2024043693,4/29/2024,USA,"DELTA, OHIO",Petroleum Bulk Stations and Terminals,Workplace Safety Incident,Hospitalization,Stratum_C_Height_Lifting_Dropped_Objects,Stratum_C_Height_Lifting_Dropped_Objects,"On April 29, 2024, at around 8:45 AM, an employee was making a fuel delivery to a 300-gallon fuel tank that was located on top of pea gravel at a customer's site. The gravel started to shift during the delivery and the employee jumped from their step ladder about 24-30 inches to the gravel to avoid the tank and then fell. The employee sustained a laceration to their left eyebrow and three broken ribs on their left side.",Step ladders,Fractures,Working at Height,,Working at Height,1,HIGH,"Energy: Elevated work position (gravitational energy); Flammable hydrocarbons / thermal ignition energy | Exposure: Worker positioned in active hazard zone during Oilfield operational support task | Barrier Failure: Safety lanyard unclipped / absent leading edge fall protection | Escalation: Catastrophic vapor cloud explosion, mass toxic asphyxiation, or fatal burns",Working at Height,Hot Work,Working at Height; Hot Work,Oilfield operational support task,Elevated work position (gravitational energy); Flammable hydrocarbons / thermal ignition energy,100% continuous tie-off full body safety harness & engineered guardrails,Safety lanyard unclipped / absent leading edge fall protection,"Catastrophic vapor cloud explosion, mass toxic asphyxiation, or fatal burns",,ANNOTATED
500,OILPS_OSHA_03620,OSHA,January2015toNovember2025.csv,20231211493,12/19/2023,USA,"BRISCOE, TEXAS",Support Activities for Oil and Gas Operations,Workplace Safety Incident,Amputation,Stratum_F_LowEnergy_Ergonomic_MinorInjury,Stratum_F_LowEnergy_Ergonomic_MinorInjury,"An employee was installing a compressor piston. He tripped and fell backward while the piston was in his lap. As he landed, the little finger of his left hand became caught between the piston and compressor piping resulting in a partial amputation of the fingertip. The employee required stitches and the fingertip was reattached.","Floor, unspecified",Amputations,,,None identified,0,MEDIUM,Energy: Low operational energy | Exposure: Routine task (Oilfield operational support task) | Barrier Failure: Minor procedural deviation | Escalation: Minor localized injury without credible SIF potential,None,,None,Oilfield operational support task,Operational equipment hazard (unspecified energy),Standard operating procedures & PPE,Procedural deviation during task execution,Localized occupational injury without life-altering escalation,,ANNOTATED
501,OILPS_OSHA_01863,OSHA,January2015toNovember2025.csv,20181111397,11/5/2018,USA,"MONAHANS, TEXAS",Support Activities for Oil and Gas Operations,Workplace Safety Incident,Hospitalization,Stratum_C_Height_Lifting_Dropped_Objects,Stratum_C_Height_Lifting_Dropped_Objects,"An employee was pulling serial numbers off a hydraulic valve. The strap that was being used to hold the valve snapped and the valve fell, pinning the employee against a forklift. The employee suffered broken ribs and was hospitalized.","Valves, nozzles",Fractures,Safe Mechanical Lifting,,Safe Mechanical Lifting,1,HIGH,"Energy: Suspended heavy mechanical load / falling tubular | Exposure: Worker positioned in active hazard zone during Mechanical hoisting / crane lifting operations | Barrier Failure: Personnel in line of fire / defective rigging hardware or improper rigging | Escalation: Fatal crushing impact, severe traumatic amputation, or fatal projectile strike",Safe Mechanical Lifting,,Safe Mechanical Lifting,Mechanical hoisting / crane lifting operations,Suspended heavy mechanical load / falling tubular,"Certified rigging gear, dedicated signalman & red zone exclusion barrier",Personnel in line of fire / defective rigging hardware or improper rigging,"Fatal crushing impact, severe traumatic amputation, or fatal projectile strike",,ANNOTATED
502,OILPS_OSHA_00867,OSHA,January2015toNovember2025.csv,2017010407,1/13/2017,USA,"BELOIT, WISCONSIN",Petroleum and Petroleum Products Merchant Wholesalers,Workplace Safety Incident,Hospitalization,Stratum_F_LowEnergy_Ergonomic_MinorInjury,Stratum_F_LowEnergy_Ergonomic_MinorInjury,An employee was pulling an LP gas hose to fill a residential LP tank and slipped on ice and fell breaking his hip.,"Floors, walkways, ground surfaces, unspecified",Fractures,,,None identified,0,HIGH,Energy: Low-energy slip/trip hazard on ground level | Exposure: Worker performing Routine walking on field surface | Barrier Failure: Inadequate ground slip mitigation on same level | Escalation: Minor localized contusion / non-disabling sprain or closed fracture (Zero credible fatal or whole-person life-altering escalation pathway),None,,None,Routine walking on field surface,Low-energy slip/trip hazard on ground level,Walkway ice sanding / footwear traction,Inadequate ground slip mitigation on same level,Minor localized contusion / non-disabling sprain or closed fracture,"Actual medical outcome included hospitalization, but incident involved low energy with zero SIF potential.",ANNOTATED
503,OILPS_OSHA_00171,OSHA,January2015toNovember2025.csv,2015042225,4/21/2015,USA,"ANTHONY, KANSAS",Drilling Oil and Gas Wells,Workplace Safety Incident,Amputation,Stratum_A_Drilling_Heavy_Mechanical,Stratum_A_Drilling_Heavy_Mechanical,An employee working on the drilling floor was picking up the jerk chain for the tongs when the driller applied tension to the chain. The employee got the fingers of his left hand pinched between the headache post and the chain.,"Chains, n.e.c.",Amputations,,,None identified,1,MEDIUM,Energy: Stored mechanical/tubular energy | Exposure: Floor worker during Drilling rig floor pipe/casing operations | Barrier Failure: Line-of-fire control compromised | Escalation: Crushing impact / permanent disabling trauma,None,,None,Drilling rig floor pipe/casing operations,Operational equipment hazard (unspecified energy),Standard operating procedures & PPE,Procedural deviation during task execution,Localized occupational injury without life-altering escalation,,ANNOTATED
504,OILPS_OSHA_03097,OSHA,January2015toNovember2025.csv,2022065048,6/11/2022,USA,"ANDREWS, TEXAS",Oil & Gas / Energy Related,Workplace Safety Incident,Hospitalization,Stratum_D_ConfinedSpace_HotWork_Isolation,Stratum_D_ConfinedSpace_HotWork_Isolation,"An employee was troubleshooting an electrical problem at a well site. The employee touched an electrical panel with an impact wrench when an electrical arc occurred, resulting in burns to the employee's right hand and forearm.","Switchboards, switches, fuses","Electrical burns, unspecified",,,None identified,0,MEDIUM,Energy: Low operational energy | Exposure: Routine task (Electrical system maintenance and troubleshooting) | Barrier Failure: Minor procedural deviation | Escalation: Minor localized injury without credible SIF potential,None,,None,Electrical system maintenance and troubleshooting,Operational equipment hazard (unspecified energy),Standard operating procedures & PPE,Procedural deviation during task execution,Localized occupational injury without life-altering escalation,,ANNOTATED
505,OILPS_OSHA_04155,OSHA,January2015toNovember2025.csv,2025088377,8/22/2025,USA,"KANE, PENNSYLVANIA",Crude Petroleum Extraction,Workplace Safety Incident,Amputation,Stratum_C_Height_Lifting_Dropped_Objects,Stratum_C_Height_Lifting_Dropped_Objects,An employee was performing winching operations on a flatbed when their left hand was pinched between a winch hook and a nylon bridle resulting in the amputation of his left index finger.,"Drums, pulleys, sheaves","Amputations, avulsions, enucleations unspecified",Safe Mechanical Lifting,,Safe Mechanical Lifting,1,HIGH,"Energy: Suspended heavy mechanical load / falling tubular | Exposure: Worker positioned in active hazard zone during Oilfield operational support task | Barrier Failure: Personnel in line of fire / defective rigging hardware or improper rigging | Escalation: Fatal crushing impact, severe traumatic amputation, or fatal projectile strike",Safe Mechanical Lifting,,Safe Mechanical Lifting,Oilfield operational support task,Suspended heavy mechanical load / falling tubular,"Certified rigging gear, dedicated signalman & red zone exclusion barrier",Personnel in line of fire / defective rigging hardware or improper rigging,"Fatal crushing impact, severe traumatic amputation, or fatal projectile strike",,ANNOTATED
506,OILPS_OSHA_02369,OSHA,January2015toNovember2025.csv,20191010972,10/21/2019,USA,"PECOS, TEXAS",Oil and Gas Pipeline Construction,Workplace Safety Incident,Hospitalization,Stratum_C_Height_Lifting_Dropped_Objects,Stratum_C_Height_Lifting_Dropped_Objects; Stratum_E_Vehicle_Transport,"While attaching a lifting sling to a truck, an employee was struck by a backhoe bucket. The employee suffered a right hip injury.","Backhoes, trackhoes","Soreness, pain, hurt-nonspecified injury",Line of Fire,Safe Mechanical Lifting,Line of Fire; Safe Mechanical Lifting; Driving,1,HIGH,"Energy: Suspended heavy mechanical load / falling tubular | Exposure: Worker positioned in active hazard zone during Oilfield operational support task | Barrier Failure: Personnel in line of fire / defective rigging hardware or improper rigging | Escalation: Fatal crushing impact, severe traumatic amputation, or fatal projectile strike",Line of Fire,Safe Mechanical Lifting,Line of Fire; Safe Mechanical Lifting; Driving,Oilfield operational support task,Suspended heavy mechanical load / falling tubular,"Certified rigging gear, dedicated signalman & red zone exclusion barrier",Personnel in line of fire / defective rigging hardware or improper rigging,"Fatal crushing impact, severe traumatic amputation, or fatal projectile strike",,ANNOTATED
507,OILPS_OSHA_04220,OSHA,January2015toNovember2025.csv,20251010866,10/31/2025,USA,"JACKSONVILLE, FLORIDA",Oil & Gas / Energy Related,Workplace Safety Incident,Hospitalization,Stratum_C_Height_Lifting_Dropped_Objects,Stratum_C_Height_Lifting_Dropped_Objects,An employee was retrieving a Christmas tree from a shelf using a ladder. He missed a step and fell to the concrete floor. He sustained injury to his head and wrist.,Portable ladders and stairs unspecified,Traumatic injuries or exposures unspecified,Working at Height,,Working at Height,1,HIGH,Energy: Elevated work position (gravitational energy) | Exposure: Worker positioned in active hazard zone during Oilfield operational support task | Barrier Failure: Safety lanyard unclipped / absent leading edge fall protection | Escalation: Fatal blunt force trauma from fall at elevation,Working at Height,,Working at Height,Oilfield operational support task,Elevated work position (gravitational energy),100% continuous tie-off full body safety harness & engineered guardrails,Safety lanyard unclipped / absent leading edge fall protection,Fatal blunt force trauma from fall at elevation,,ANNOTATED
508,OILPS_OSHA_00108,OSHA,January2015toNovember2025.csv,2015031018,3/6/2015,USA,"CALHOUN, LOUISIANA",Oil and Gas Pipeline Construction,Workplace Safety Incident,Hospitalization,Stratum_G_General_Oilfield_Operations,Stratum_G_General_Oilfield_Operations,A contractor hired to replace an old pipeline damaged it with a backhoe and created a leak. There was a trench about 3 feet deep and 18 inches wide. The injured employee was on scene to evaluate the leak. He moved from one side of the trench to the other. The soil on the opposite side gave way and exposed a tree root; he hit his chin on that root. The employee broke two bones in his left leg about 2 inches from his ankle.,"Trees, logs, limbs, n.e.c.",Fractures,,,None identified,1,MEDIUM,Energy: Stored mechanical/tubular energy | Exposure: Floor worker during Oilfield operational support task | Barrier Failure: Line-of-fire control compromised | Escalation: Crushing impact / permanent disabling trauma,None,,None,Oilfield operational support task,Operational equipment hazard (unspecified energy),Standard operating procedures & PPE,Procedural deviation during task execution,Localized occupational injury without life-altering escalation,,ANNOTATED
509,OILPS_OSHA_02443,OSHA,January2015toNovember2025.csv,20191213263,12/29/2019,USA,"BAYTOWN, TEXAS",Petroleum Refineries,Workplace Safety Incident,Hospitalization,Stratum_C_Height_Lifting_Dropped_Objects,Stratum_C_Height_Lifting_Dropped_Objects,"An employee fell from a rolling ladder while operating a valve, landing on a concrete surface about 4 feet below. The employee suffered a broken left femur and a dislocated right elbow and was hospitalized, undergoing surgery.","Movable ladders, n.e.c.",Fractures and dislocations,Working at Height,,Working at Height,1,HIGH,Energy: Elevated work position (gravitational energy) | Exposure: Worker positioned in active hazard zone during Oilfield operational support task | Barrier Failure: Safety lanyard unclipped / absent leading edge fall protection | Escalation: Fatal blunt force trauma from fall at elevation,Working at Height,,Working at Height,Oilfield operational support task,Elevated work position (gravitational energy),100% continuous tie-off full body safety harness & engineered guardrails,Safety lanyard unclipped / absent leading edge fall protection,Fatal blunt force trauma from fall at elevation,,ANNOTATED
510,OILPS_OSHA_00027,OSHA,January2015toNovember2025.csv,2015010441,1/14/2015,USA,"GALETON, COLORADO",Support Activities for Oil and Gas Operations,Workplace Safety Incident,Hospitalization,Stratum_B_Pressure_Flammable_Chemical_H2S,Stratum_B_Pressure_Flammable_Chemical_H2S,"On 1/14/2015 at approximately 11:23a.m. an employee was using a blow down system on a National 340 pump to blow out water in the hard line. Once the 4 inch suction hose was drained, the suction hose was disconnected and a cam lock was placed on the suction hose coming from the pump. The four inch butterfly valve for the suction was left open allowing air to pressure up against the cam lock cap. The employee used this system to build air and blow down the fluid in the tubing line to the tank. The employee was standing in front of the manifold and slightly to the right approximately one foot away. When the employee opened up the manifold, the cam lock cap popped free hitting him in the shin.","Caps, lids, covers, n.e.c.","Soreness, pain, hurt-nonspecified injury",,,None identified,1,HIGH,"Energy: High-pressure fluid/gas stored energy | Exposure: Worker positioned in active hazard zone during Oilfield operational support task | Barrier Failure: Intervention on pressurized line / failure to verify zero residual pressure | Escalation: Fatal crushing impact, severe traumatic amputation, or fatal projectile strike",Energy Isolation,,Energy Isolation,Oilfield operational support task,High-pressure fluid/gas stored energy,"Positive energy isolation, verified depressurization & line-of-fire barricading",Intervention on pressurized line / failure to verify zero residual pressure,"Fatal crushing impact, severe traumatic amputation, or fatal projectile strike",,ANNOTATED
511,OILPS_OSHA_03624,OSHA,January2015toNovember2025.csv,20231211674,12/27/2023,USA,"PORT ALLEN, LOUISIANA",Oil and Gas Pipeline Construction,Workplace Safety Incident,Amputation,Stratum_D_ConfinedSpace_HotWork_Isolation,Stratum_D_ConfinedSpace_HotWork_Isolation,"An employee was moving a piece of an I-beam for welding when it rolled off the cribbing. The employee went to catch it when it fell and crushed the employee's finger, resulting in a partial amputation.",Beams-unattached metal,Amputations,Hot Work,,Hot Work,0,MEDIUM,Energy: Low operational energy | Exposure: Routine task (Hot work / welding and thermal cutting) | Barrier Failure: Minor procedural deviation | Escalation: Minor localized injury without credible SIF potential,Hot Work,,Hot Work,Hot work / welding and thermal cutting,Operational equipment hazard (unspecified energy),Standard operating procedures & PPE,Procedural deviation during task execution,Localized occupational injury without life-altering escalation,,ANNOTATED
512,OILPS_OSHA_04212,OSHA,January2015toNovember2025.csv,20251010480,10/21/2025,USA,"CASTLETON ON HUDSON, NEW YORK",Petroleum Bulk Stations and Terminals,Workplace Safety Incident,Hospitalization,Stratum_E_Vehicle_Transport,Stratum_E_Vehicle_Transport,"An employee had been unloading tires from the back of a pickup truck. The employee went to step down out of the back of the pickup truck and stepped on the lift gate in a vertical position. The lift gate tipped and employee fell, impacting their side on the upright liftgate. The employee sustained five fractured ribs and a punctured right lung. The employee was hospitalized.","Vehicle and machine platforms, surfaces","Closed trauma involving internal organs, major blood vessels",Driving,,Driving,0,MEDIUM,Energy: Low operational energy | Exposure: Routine task (Mechanical hoisting / crane lifting operations) | Barrier Failure: Minor procedural deviation | Escalation: Minor localized injury without credible SIF potential,Driving,,Driving,Mechanical hoisting / crane lifting operations,Operational equipment hazard (unspecified energy),Standard operating procedures & PPE,Procedural deviation during task execution,Localized occupational injury without life-altering escalation,,ANNOTATED
513,OILPS_OSHA_02357,OSHA,January2015toNovember2025.csv,20191010700,10/14/2019,USA,"MIDLAND, TEXAS",Support Activities for Oil and Gas Operations,Workplace Safety Incident,Hospitalization,Stratum_C_Height_Lifting_Dropped_Objects,Stratum_C_Height_Lifting_Dropped_Objects,"While cleaning equipment prior to rig down, an employee was working with a rig contractor to rig down a centrifuge slide with a forklift. The employee was sitting on a beam under the centrifuge and behind the slide when the slide slipped off the forklift, swinging and pinning the employee against the beam of the centrifuge. He sustained a fractured tibia and fibula just below the left knee.","Machine and appliance parts, n.e.c.",Fractures,Safe Mechanical Lifting,,Safe Mechanical Lifting,1,HIGH,"Energy: Suspended heavy mechanical load / falling tubular | Exposure: Worker positioned in active hazard zone during Mechanical hoisting / crane lifting operations | Barrier Failure: Personnel in line of fire / defective rigging hardware or improper rigging | Escalation: Fatal crushing impact, severe traumatic amputation, or fatal projectile strike",Safe Mechanical Lifting,,Safe Mechanical Lifting,Mechanical hoisting / crane lifting operations,Suspended heavy mechanical load / falling tubular,"Certified rigging gear, dedicated signalman & red zone exclusion barrier",Personnel in line of fire / defective rigging hardware or improper rigging,"Fatal crushing impact, severe traumatic amputation, or fatal projectile strike",,ANNOTATED
514,OILPS_OSHA_00727,OSHA,January2015toNovember2025.csv,2016098591,9/11/2016,USA,"BROOKHAVEN, MISSISSIPPI",Support Activities for Oil and Gas Operations,Workplace Safety Incident,Hospitalization,Stratum_A_Drilling_Heavy_Mechanical,Stratum_A_Drilling_Heavy_Mechanical,"While climbing off a work platform, an employee lost his grip on the side rail and his leg was caught between the rail and platform. His leg was severed and required hospitalization.",Oil drilling rigs and machinery,"Cuts, lacerations",,,None identified,0,MEDIUM,Energy: Low operational energy | Exposure: Routine task (Oilfield operational support task) | Barrier Failure: Minor procedural deviation | Escalation: Minor localized injury without credible SIF potential,None,,None,Oilfield operational support task,Operational equipment hazard (unspecified energy),Standard operating procedures & PPE,Procedural deviation during task execution,Localized occupational injury without life-altering escalation,,ANNOTATED
515,OILPS_OSHA_01168,OSHA,January2015toNovember2025.csv,2017088297,8/29/2017,USA,"CHARLSON, NORTH DAKOTA",Oil and Gas Pipeline Construction,Workplace Safety Incident,Amputation,Stratum_C_Height_Lifting_Dropped_Objects,Stratum_C_Height_Lifting_Dropped_Objects; Stratum_E_Vehicle_Transport,"An employee was attempting to reposition the fork on a telehandler. His right pinky finger was between the fork and the mounting bracket when the fork shifted and swung back, crushing his pinky finger.","Industrial vehicle, material hauling and transport-powered, n.e.c",Amputations,Safe Mechanical Lifting,,Safe Mechanical Lifting,1,HIGH,"Energy: Suspended heavy mechanical load / falling tubular | Exposure: Worker positioned in active hazard zone during Oilfield operational support task | Barrier Failure: Personnel in line of fire / defective rigging hardware or improper rigging | Escalation: Fatal crushing impact, severe traumatic amputation, or fatal projectile strike",Safe Mechanical Lifting,,Safe Mechanical Lifting,Oilfield operational support task,Suspended heavy mechanical load / falling tubular,"Certified rigging gear, dedicated signalman & red zone exclusion barrier",Personnel in line of fire / defective rigging hardware or improper rigging,"Fatal crushing impact, severe traumatic amputation, or fatal projectile strike",,ANNOTATED
516,OILPS_OSHA_03850,OSHA,January2015toNovember2025.csv,2024098520,9/13/2024,USA,"ODESSA, TEXAS",Support Activities for Oil and Gas Operations,Workplace Safety Incident,Hospitalization,Stratum_D_ConfinedSpace_HotWork_Isolation,Stratum_D_ConfinedSpace_HotWork_Isolation,An employee was shocked while checking a breaker with a meter. The employee sustained a burn to their left middle finger.,"Switchboards, panels, fuses",Electrical burns and electrocution,Energy Isolation,,Energy Isolation,0,MEDIUM,Energy: Low operational energy | Exposure: Routine task (Electrical system maintenance and troubleshooting) | Barrier Failure: Minor procedural deviation | Escalation: Minor localized injury without credible SIF potential,Energy Isolation,,Energy Isolation,Electrical system maintenance and troubleshooting,Operational equipment hazard (unspecified energy),Standard operating procedures & PPE,Procedural deviation during task execution,Localized occupational injury without life-altering escalation,,ANNOTATED
517,OILPS_OSHA_01398,OSHA,January2015toNovember2025.csv,2018010686,1/21/2018,USA,"ALMA, WEST VIRGINIA",Support Activities for Oil and Gas Operations,Workplace Safety Incident,Hospitalization,Stratum_A_Drilling_Heavy_Mechanical,Stratum_A_Drilling_Heavy_Mechanical; Stratum_E_Vehicle_Transport,"An employee was driving a street sweeper down a well pad access road when he applied the brakes, slid into a ditch, hit a mound, went airborne, and rolled two times. He suffered fractured ribs, a collapsed lung, and a fractured pelvis.",Street sweeping and cleaning machinery,Internal injuries to organs and blood vessels of the trunk,,,None identified,0,MEDIUM,Energy: Low operational energy | Exposure: Routine task (Heavy vehicle transport on lease/highway) | Barrier Failure: Minor procedural deviation | Escalation: Minor localized injury without credible SIF potential,None,,None,Heavy vehicle transport on lease/highway,Operational equipment hazard (unspecified energy),Standard operating procedures & PPE,Procedural deviation during task execution,Localized occupational injury without life-altering escalation,,ANNOTATED
518,OILPS_OSHA_03065,OSHA,January2015toNovember2025.csv,2022043626,4/27/2022,USA,"CARROLLTON, TEXAS",Support Activities for Oil and Gas Operations,Workplace Safety Incident,Hospitalization,Stratum_A_Drilling_Heavy_Mechanical,Stratum_A_Drilling_Heavy_Mechanical,"Two employees were trying to adjust a 1,500-pound accumulator. It tipped over and caught one of the employees, breaking his right leg.",Oil drilling rigs and machinery,Fractures,,,None identified,0,MEDIUM,Energy: Low operational energy | Exposure: Routine task (Oilfield operational support task) | Barrier Failure: Minor procedural deviation | Escalation: Minor localized injury without credible SIF potential,None,,None,Oilfield operational support task,Operational equipment hazard (unspecified energy),Standard operating procedures & PPE,Procedural deviation during task execution,Localized occupational injury without life-altering escalation,,ANNOTATED
519,OILPS_OSHA_00394,OSHA,January2015toNovember2025.csv,2015107996,10/26/2015,USA,"WARREN, PENNSYLVANIA",Crude Petroleum and Natural Gas Extraction,Workplace Safety Incident,Hospitalization,Stratum_E_Vehicle_Transport,Stratum_E_Vehicle_Transport,"An employee working in the maintenance garage was conducting an oil change on a vehicle and was looking for a drum to collect the oil. The employee and another employee found a partially full drum that was labeled as methanol. The employees thought the drum potentially contained water. They took the drum outside and poured some of the contents on the ground. The employee that was conducting the oil change applied a lighter to the material on the ground. The material caught on fire. As the other employee was attempting to move the drum out of the area, some of the liquid exited the drum, and was ignited by the fire on the ground. The employee that was conducting the oil change suffered second degree burns to his right leg from the knee to the ankle.",Methanol,Second degree heat (thermal) burns,Driving,,Driving,0,MEDIUM,Energy: Low operational energy | Exposure: Routine task (Oilfield operational support task) | Barrier Failure: Minor procedural deviation | Escalation: Minor localized injury without credible SIF potential,Driving,,Driving,Oilfield operational support task,Operational equipment hazard (unspecified energy),Standard operating procedures & PPE,Procedural deviation during task execution,Localized occupational injury without life-altering escalation,,ANNOTATED
520,OILPS_OSHA_00521,OSHA,January2015toNovember2025.csv,2016021590,2/20/2016,USA,"CHANUTE, KANSAS",Support Activities for Oil and Gas Operations,Workplace Safety Incident,Hospitalization,Stratum_D_ConfinedSpace_HotWork_Isolation,Stratum_D_ConfinedSpace_HotWork_Isolation,"On 2/20/2016, at around 4:00 p.m., an employee was using a machine called a planner to prep the poly pipe for welding repairs when a short burst of flame occurred. The employee received second degree burns to the side of the face and neck and was hospitalized overnight.",,Second degree heat (thermal) burns,Hot Work,,Hot Work,1,HIGH,"Energy: High-pressure fluid/gas stored energy | Exposure: Worker positioned in active hazard zone during Hot work / welding and thermal cutting | Barrier Failure: Intervention on pressurized line / failure to verify zero residual pressure | Escalation: Fatal crushing impact, severe traumatic amputation, or fatal projectile strike",Energy Isolation,Hot Work,Energy Isolation; Hot Work,Hot work / welding and thermal cutting,High-pressure fluid/gas stored energy,"Positive energy isolation, verified depressurization & line-of-fire barricading",Intervention on pressurized line / failure to verify zero residual pressure,"Fatal crushing impact, severe traumatic amputation, or fatal projectile strike",Candidate LSR 'Hot Work' modified to 'Energy Isolation'.,ANNOTATED
521,OILPS_OSHA_02118,OSHA,January2015toNovember2025.csv,2019054462,5/2/2019,USA,"HUGO, COLORADO",Support Activities for Oil and Gas Operations,Workplace Safety Incident,Hospitalization,Stratum_B_Pressure_Flammable_Chemical_H2S,Stratum_B_Pressure_Flammable_Chemical_H2S; Stratum_E_Vehicle_Transport,"An employee was going to heat up a burrito in the dog house (work trailer). When the employee went to turn on the stove/cook top, a flash fire occurred due to gas accumulation. The employee sustained burns to the face and neck, and had second degree burns on both hands.","Coal, natural gas, petroleum fuels and products, unspecified",Second degree heat (thermal) burns,Hot Work,,Hot Work,1,HIGH,"Energy: Flammable hydrocarbons / thermal ignition energy | Exposure: Worker positioned in active hazard zone during Oilfield operational support task | Barrier Failure: Hot work performed near flammable vapors / unverified atmospheric LEL | Escalation: Catastrophic vapor cloud explosion, mass toxic asphyxiation, or fatal burns",Hot Work,,Hot Work,Oilfield operational support task,Flammable hydrocarbons / thermal ignition energy,"Continuous LEL gas monitoring, hot work permit & spark containment",Hot work performed near flammable vapors / unverified atmospheric LEL,"Catastrophic vapor cloud explosion, mass toxic asphyxiation, or fatal burns",,ANNOTATED
522,OILPS_OSHA_01964,OSHA,January2015toNovember2025.csv,2019010782,1/22/2019,USA,"HUNTINGDON VALLEY, PENNSYLVANIA",Crude Petroleum and Natural Gas Extraction,Workplace Safety Incident,Hospitalization,Stratum_D_ConfinedSpace_HotWork_Isolation,Stratum_D_ConfinedSpace_HotWork_Isolation; Stratum_E_Vehicle_Transport,"While checking on equipment on the back of a welding truck, an employee fell off the back of the truck to the ground about 36 inches below. The employee suffered multiple fractures and was hospitalized.","Industrial vehicle, material hauling and transport-powered, n.e.c",Fractures,Hot Work,Driving,Hot Work; Driving,0,MEDIUM,Energy: Low operational energy | Exposure: Routine task (Hot work / welding and thermal cutting) | Barrier Failure: Minor procedural deviation | Escalation: Minor localized injury without credible SIF potential,Hot Work,Driving,Hot Work; Driving,Hot work / welding and thermal cutting,Operational equipment hazard (unspecified energy),Standard operating procedures & PPE,Procedural deviation during task execution,Localized occupational injury without life-altering escalation,,ANNOTATED
523,OILPS_OSHA_03107,OSHA,January2015toNovember2025.csv,2022065228,6/16/2022,USA,"COLUMBUS, TEXAS",Support Activities for Oil and Gas Operations,Workplace Safety Incident,Hospitalization,Stratum_B_Pressure_Flammable_Chemical_H2S,Stratum_B_Pressure_Flammable_Chemical_H2S,Two employees were loosening a union. One of the employees was striking the union to loosen it when the ball valve broke off the pipe on the pressure side. The ball valve struck the employee's head and knocked him over. His head landed on a piece of piping.,"Valves, nozzles","Intracranial injuries, unspecified",,,None identified,1,HIGH,"Energy: High-pressure fluid/gas stored energy | Exposure: Worker positioned in active hazard zone during Oilfield operational support task | Barrier Failure: Intervention on pressurized line / failure to verify zero residual pressure | Escalation: Fatal crushing impact, severe traumatic amputation, or fatal projectile strike",Energy Isolation,,Energy Isolation,Oilfield operational support task,High-pressure fluid/gas stored energy,"Positive energy isolation, verified depressurization & line-of-fire barricading",Intervention on pressurized line / failure to verify zero residual pressure,"Fatal crushing impact, severe traumatic amputation, or fatal projectile strike",,ANNOTATED
524,OILPS_OSHA_01190,OSHA,January2015toNovember2025.csv,2017098850,9/15/2017,USA,"SEGUIN, TEXAS",Support Activities for Oil and Gas Operations,Workplace Safety Incident,Hospitalization,Stratum_E_Vehicle_Transport,Stratum_E_Vehicle_Transport,"An employee was putting a tire on a vehicle when the jack slipped and struck his left wrist, causing six fractures.",Jacks,Fractures,Driving,,Driving,0,MEDIUM,Energy: Low operational energy | Exposure: Routine task (Oilfield operational support task) | Barrier Failure: Minor procedural deviation | Escalation: Minor localized injury without credible SIF potential,Driving,,Driving,Oilfield operational support task,Operational equipment hazard (unspecified energy),Standard operating procedures & PPE,Procedural deviation during task execution,Localized occupational injury without life-altering escalation,,ANNOTATED
525,OILPS_OSHA_02105,OSHA,January2015toNovember2025.csv,2019049066,4/23/2019,USA,"HEARNE, TEXAS",Crude Petroleum and Natural Gas Extraction,Workplace Safety Incident,Hospitalization,Stratum_G_General_Oilfield_Operations,Stratum_G_General_Oilfield_Operations,"On April 23, 2019, an employee was testing the voltage on a 34.5-kV, 4160/2400 step-down transformer when an arc flash burned the upper right part of his body. He was hospitalized.","Power lines, transformers, convertors","Electrical burns, unspecified",,,None identified,1,HIGH,Energy: Energized electrical circuit / arc flash energy | Exposure: Worker positioned in active hazard zone during Oilfield operational support task | Barrier Failure: Work on live circuit without electrical isolation or insulated tools | Escalation: Fatal electrocution / severe whole-body arc flash thermal trauma,Energy Isolation,,Energy Isolation,Oilfield operational support task,Energized electrical circuit / arc flash energy,"Lockout/Tagout (LOTO), zero voltage test & arc-rated personal protective equipment",Work on live circuit without electrical isolation or insulated tools,Fatal electrocution / severe whole-body arc flash thermal trauma,,ANNOTATED
526,OILPS_OSHA_00399,OSHA,January2015toNovember2025.csv,2015108074,10/28/2015,USA,"HOUSTON, TEXAS",Oil & Gas / Energy Related,Workplace Safety Incident,Hospitalization,Stratum_A_Drilling_Heavy_Mechanical,Stratum_A_Drilling_Heavy_Mechanical; Stratum_C_Height_Lifting_Dropped_Objects; Stratum_D_ConfinedSpace_HotWork_Isolation,"An employee was making welding repairs to one of the pad eyes on a 30 inch Blow Out Preventer (BOP). The task required the employee to place the BOP on a table positioner. While welding the 14,000 lbs. piece, it fell from the table crushing the employee's left foot.","Machine and appliance parts, n.e.c.",Crushing injuries,Working at Height,Hot Work,Working at Height; Hot Work,0,MEDIUM,Energy: Low operational energy | Exposure: Routine task (Hot work / welding and thermal cutting) | Barrier Failure: Minor procedural deviation | Escalation: Minor localized injury without credible SIF potential,Working at Height,Hot Work,Working at Height; Hot Work,Hot work / welding and thermal cutting,Operational equipment hazard (unspecified energy),Standard operating procedures & PPE,Procedural deviation during task execution,Localized occupational injury without life-altering escalation,,ANNOTATED
527,OILPS_OSHA_04116,OSHA,January2015toNovember2025.csv,2025076742,7/11/2025,USA,"MIDLAND, TEXAS",Support Activities for Oil and Gas Operations,Workplace Safety Incident,Hospitalization,Stratum_E_Vehicle_Transport,Stratum_E_Vehicle_Transport,An employee was helping to load a truck. A pipe in the truck began shifting and he went to try to grab it when he fell backward to the ground and broke an arm.,Trucks unspecified,Fractures,Driving,,Driving,1,MEDIUM,Energy: Stored mechanical/tubular energy | Exposure: Floor worker during Oilfield operational support task | Barrier Failure: Line-of-fire control compromised | Escalation: Crushing impact / permanent disabling trauma,Driving,,Driving,Oilfield operational support task,Operational equipment hazard (unspecified energy),Standard operating procedures & PPE,Procedural deviation during task execution,Localized occupational injury without life-altering escalation,,ANNOTATED
528,OILPS_OSHA_03173,OSHA,January2015toNovember2025.csv,2022087009,8/8/2022,USA,"MIDLAND, TEXAS",Support Activities for Oil and Gas Operations,Workplace Safety Incident,Hospitalization,Stratum_B_Pressure_Flammable_Chemical_H2S,Stratum_B_Pressure_Flammable_Chemical_H2S,"An employee was performing backflow operations at a tank battery. After shutting a valve, pressure built in the line causing the line to rupture. The employee was standing near the line when it ruptured and their right arm and the right side of their torso were struck by hot oil, water, and sand (approximately 147 degrees) resulting in severe burns requiring hospitalization.","Coal, natural gas, petroleum fuels and products, unspecified","Heat (thermal) burns, unspecified",Line of Fire,,Line of Fire,1,HIGH,"Energy: High-pressure fluid/gas stored energy | Exposure: Worker positioned in active hazard zone during Oilfield operational support task | Barrier Failure: Intervention on pressurized line / failure to verify zero residual pressure | Escalation: Fatal crushing impact, severe traumatic amputation, or fatal projectile strike",Line of Fire,Energy Isolation,Line of Fire; Energy Isolation,Oilfield operational support task,High-pressure fluid/gas stored energy,"Positive energy isolation, verified depressurization & line-of-fire barricading",Intervention on pressurized line / failure to verify zero residual pressure,"Fatal crushing impact, severe traumatic amputation, or fatal projectile strike",,ANNOTATED
529,OILPS_OSHA_00272,OSHA,January2015toNovember2025.csv,2015074326,7/5/2015,USA,"WHITSETT, TEXAS",Support Activities for Oil and Gas Operations,Workplace Safety Incident,Amputation,Stratum_C_Height_Lifting_Dropped_Objects,Stratum_C_Height_Lifting_Dropped_Objects,"Employees were rigging down the workover rig at about 11:30 a.m., on July 5, when an employee's right thumb and first finger were caught between the derrick tip section and stop plate. The employee's thumb had to be surgically amputated.",Derricks and related equipment,Amputations,Working at Height,Safe Mechanical Lifting,Working at Height; Safe Mechanical Lifting,1,HIGH,Energy: Elevated work position (gravitational energy); Suspended heavy mechanical load / falling tubular | Exposure: Worker positioned in active hazard zone during Mechanical hoisting / crane lifting operations | Barrier Failure: Safety lanyard unclipped / absent leading edge fall protection | Escalation: Fatal blunt force trauma from fall at elevation,Safe Mechanical Lifting,Working at Height,Safe Mechanical Lifting; Working at Height,Mechanical hoisting / crane lifting operations,Elevated work position (gravitational energy); Suspended heavy mechanical load / falling tubular,100% continuous tie-off full body safety harness & engineered guardrails,Safety lanyard unclipped / absent leading edge fall protection,Fatal blunt force trauma from fall at elevation,Candidate LSR 'Working at Height' modified to 'Safe Mechanical Lifting'.,ANNOTATED
530,OILPS_OSHA_00868,OSHA,January2015toNovember2025.csv,2017010437,1/16/2017,USA,"KEENE, NORTH DAKOTA",Oil and Gas Pipeline Construction,Workplace Safety Incident,Hospitalization,Stratum_E_Vehicle_Transport,Stratum_E_Vehicle_Transport,"An employee was waiting inside of his vehicle for the pipe to pull through and heard the equipment make an erratic sound. The employee stepped out of his vehicle to check on the pulling equipment. As he approached the cable pulling equipment, the cable released from its guide/pulley and whipped back and forth striking the employee and breaking an arm.","Wire, cables-nonelectrical",Fractures,Driving,,Driving,1,MEDIUM,Energy: Stored mechanical/tubular energy | Exposure: Floor worker during Electrical system maintenance and troubleshooting | Barrier Failure: Line-of-fire control compromised | Escalation: Crushing impact / permanent disabling trauma,Driving,,Driving,Electrical system maintenance and troubleshooting,Operational equipment hazard (unspecified energy),Standard operating procedures & PPE,Procedural deviation during task execution,Localized occupational injury without life-altering escalation,,ANNOTATED
531,OILPS_OSHA_00176,OSHA,January2015toNovember2025.csv,2015042314,4/23/2015,USA,"LOVELADY, TEXAS",Natural Gas Liquid Extraction,Workplace Safety Incident,Hospitalization,Stratum_A_Drilling_Heavy_Mechanical,Stratum_A_Drilling_Heavy_Mechanical,"An employee was attaching drill pipe to elevators using his hands. His fingers got stuck between the elevator and the drill pipe, which broke two fingers (pointer and middle finger of the right hand).","Metal pipes, tubing",Fractures,,,None identified,1,MEDIUM,Energy: Stored mechanical/tubular energy | Exposure: Floor worker during Oilfield operational support task | Barrier Failure: Line-of-fire control compromised | Escalation: Crushing impact / permanent disabling trauma,None,,None,Oilfield operational support task,Operational equipment hazard (unspecified energy),Standard operating procedures & PPE,Procedural deviation during task execution,Localized occupational injury without life-altering escalation,,ANNOTATED
532,OILPS_OSHA_03152,OSHA,January2015toNovember2025.csv,2022076579,7/27/2022,USA,"COAHOMA, TEXAS",Support Activities for Oil and Gas Operations,Workplace Safety Incident,Hospitalization,Stratum_A_Drilling_Heavy_Mechanical,Stratum_A_Drilling_Heavy_Mechanical; Stratum_F_LowEnergy_Ergonomic_MinorInjury,An employee was working on the rig floor when they began to experience dizziness and cramping in their legs and arms due to dehydration and heat stress. The employee was hospitalized.,Heat-environmental,"Effects of heat and light, n.e.c.",,,None identified,0,MEDIUM,Energy: Low operational energy | Exposure: Routine task (Oilfield operational support task) | Barrier Failure: Minor procedural deviation | Escalation: Minor localized injury without credible SIF potential,None,,None,Oilfield operational support task,Operational equipment hazard (unspecified energy),Standard operating procedures & PPE,Procedural deviation during task execution,Localized occupational injury without life-altering escalation,,ANNOTATED
533,OILPS_OSHA_01938,OSHA,January2015toNovember2025.csv,2019017889,1/4/2019,USA,"KERSEY, COLORADO",Support Activities for Oil and Gas Operations,Workplace Safety Incident,Hospitalization,Stratum_B_Pressure_Flammable_Chemical_H2S,Stratum_B_Pressure_Flammable_Chemical_H2S,"An engine backfired and ignited gas in the building, causing an explosion and fire that burned an employee's face and neck.",,"Heat (thermal) burns, unspecified",,,None identified,1,HIGH,"Energy: Flammable hydrocarbons / thermal ignition energy | Exposure: Worker positioned in active hazard zone during Oilfield operational support task | Barrier Failure: Hot work performed near flammable vapors / unverified atmospheric LEL | Escalation: Catastrophic vapor cloud explosion, mass toxic asphyxiation, or fatal burns",Hot Work,,Hot Work,Oilfield operational support task,Flammable hydrocarbons / thermal ignition energy,"Continuous LEL gas monitoring, hot work permit & spark containment",Hot work performed near flammable vapors / unverified atmospheric LEL,"Catastrophic vapor cloud explosion, mass toxic asphyxiation, or fatal burns",,ANNOTATED
534,OILPS_OSHA_04189,OSHA,January2015toNovember2025.csv,2025099787,9/29/2025,USA,"ROCKFORD, ILLINOIS",Petroleum and Petroleum Products Merchant Wholesalers,Workplace Safety Incident,Hospitalization,Stratum_G_General_Oilfield_Operations,Stratum_G_General_Oilfield_Operations,"An employee was refilling a bottle with a cleaning solution when bleach entered the bottle and it exploded. The employee inhaled the fumes and experienced difficulty breathing and burns to her throat, resulting in hospitalization.",Multiple chemicals and hazardous materials,"Chemical burns, corrosions degree unspecified",,,None identified,0,MEDIUM,Energy: Low operational energy | Exposure: Routine task (Oilfield operational support task) | Barrier Failure: Minor procedural deviation | Escalation: Minor localized injury without credible SIF potential,None,,None,Oilfield operational support task,Operational equipment hazard (unspecified energy),Standard operating procedures & PPE,Procedural deviation during task execution,Localized occupational injury without life-altering escalation,,ANNOTATED
535,OILPS_OSHA_02304,OSHA,January2015toNovember2025.csv,2019099202,9/5/2019,USA,"TULSA, OKLAHOMA",Oil and Gas Pipeline Construction,Workplace Safety Incident,Hospitalization,Stratum_G_General_Oilfield_Operations,Stratum_G_General_Oilfield_Operations,"An employee was operating a hand grinder. When the employee stood up to respond to another employee, the cord/plug of the hand grinder struck him in the neck. The employee was hospitalized and received stitches in the neck area.",Hand grinders-powered,"Cuts, lacerations",,,None identified,0,MEDIUM,Energy: Low operational energy | Exposure: Routine task (Oilfield operational support task) | Barrier Failure: Minor procedural deviation | Escalation: Minor localized injury without credible SIF potential,None,,None,Oilfield operational support task,Operational equipment hazard (unspecified energy),Standard operating procedures & PPE,Procedural deviation during task execution,Localized occupational injury without life-altering escalation,,ANNOTATED
536,OILPS_OSHA_02435,OSHA,January2015toNovember2025.csv,20191213024,12/19/2019,USA,"MARSHALL, TEXAS",Crude Petroleum and Natural Gas Extraction,Workplace Safety Incident,Amputation,Stratum_B_Pressure_Flammable_Chemical_H2S,Stratum_B_Pressure_Flammable_Chemical_H2S,"Two employees were observing a crew who was in the process of reconfiguring a well head. Trapped pressure was released within the well and blew shrapnel (nuts, bolt, plastic parts of the inside of the valves that are part of the well head tree) at the two employees. One employee received an amputation injury to his right thumb. The other employee received shrapnel injuries to his body requiring him to be hospitalized and undergo surgery to remove the shrapnel.","Machine and appliance parts, n.e.c.",Amputations,,,None identified,1,HIGH,"Energy: High-pressure fluid/gas stored energy | Exposure: Worker positioned in active hazard zone during Oilfield operational support task | Barrier Failure: Intervention on pressurized line / failure to verify zero residual pressure | Escalation: Fatal crushing impact, severe traumatic amputation, or fatal projectile strike",Energy Isolation,,Energy Isolation,Oilfield operational support task,High-pressure fluid/gas stored energy,"Positive energy isolation, verified depressurization & line-of-fire barricading",Intervention on pressurized line / failure to verify zero residual pressure,"Fatal crushing impact, severe traumatic amputation, or fatal projectile strike",,ANNOTATED
537,OILPS_OSHA_02202,OSHA,January2015toNovember2025.csv,2019066528,6/28/2019,USA,"HORIZON CITY, TEXAS",Pipeline Transportation of Natural Gas,Workplace Safety Incident,Hospitalization,Stratum_B_Pressure_Flammable_Chemical_H2S,Stratum_B_Pressure_Flammable_Chemical_H2S; Stratum_F_LowEnergy_Ergonomic_MinorInjury,An employee was cleaning oil off the floor of a turbine unit with a pressure washer at a compressor station when he began to feel dizzy and later experienced headaches. He was hospitalized for heat exhaustion.,Heat-environmental,"Heat exhaustion, prostration",,,None identified,1,HIGH,"Energy: High-pressure fluid/gas stored energy | Exposure: Worker positioned in active hazard zone during Oilfield operational support task | Barrier Failure: Intervention on pressurized line / failure to verify zero residual pressure | Escalation: Fatal crushing impact, severe traumatic amputation, or fatal projectile strike",Energy Isolation,,Energy Isolation,Oilfield operational support task,High-pressure fluid/gas stored energy,"Positive energy isolation, verified depressurization & line-of-fire barricading",Intervention on pressurized line / failure to verify zero residual pressure,"Fatal crushing impact, severe traumatic amputation, or fatal projectile strike",,ANNOTATED
538,OILPS_OSHA_02644,OSHA,January2015toNovember2025.csv,2020098561,9/9/2020,USA,"BEAUMONT, TEXAS",Crude Petroleum and Natural Gas Extraction,Workplace Safety Incident,Hospitalization,Stratum_D_ConfinedSpace_HotWork_Isolation,Stratum_D_ConfinedSpace_HotWork_Isolation,"An employee entered the subfloor to survey the area before submitting a plan for repair. There is a submersible pump and an electrical outlet for the pump to plug into under the subfloor. The employee touched an electrical source and sustained an electrical shock. The employee sustained a burn injury, internal damage, and was rendered unconscious. The employee was hospitalized.","Electric parts, unspecified","Electrical burns, unspecified",Energy Isolation,,Energy Isolation,0,MEDIUM,Energy: Low operational energy | Exposure: Routine task (Electrical system maintenance and troubleshooting) | Barrier Failure: Minor procedural deviation | Escalation: Minor localized injury without credible SIF potential,None,,None,Electrical system maintenance and troubleshooting,Operational equipment hazard (unspecified energy),Standard operating procedures & PPE,Procedural deviation during task execution,Localized occupational injury without life-altering escalation,Candidate LSR 'Energy Isolation' rejected based on narrative evidence.,ANNOTATED
539,OILPS_OSHA_03395,OSHA,January2015toNovember2025.csv,2023043228,4/11/2023,USA,"RHOME, TEXAS",Drilling Oil and Gas Wells,Workplace Safety Incident,Hospitalization,Stratum_A_Drilling_Heavy_Mechanical,Stratum_A_Drilling_Heavy_Mechanical; Stratum_C_Height_Lifting_Dropped_Objects,A crew was removing bolts from the pump's spool piece and rigging the hoist to hold the elevated spool piece out. The crew replaced the witch's hat inside the pump and began to reinstall the spool piece when a burst of fire came out of the pipe and struck the injured employee's face and hand resulting in burns.,,"Heat (thermal) burns, unspecified",Safe Mechanical Lifting,,Safe Mechanical Lifting,1,HIGH,"Energy: High-pressure fluid/gas stored energy; Suspended heavy mechanical load / falling tubular | Exposure: Worker positioned in active hazard zone during Mechanical hoisting / crane lifting operations | Barrier Failure: Intervention on pressurized line / failure to verify zero residual pressure | Escalation: Fatal crushing impact, severe traumatic amputation, or fatal projectile strike",Energy Isolation,Safe Mechanical Lifting,Energy Isolation; Safe Mechanical Lifting,Mechanical hoisting / crane lifting operations,High-pressure fluid/gas stored energy; Suspended heavy mechanical load / falling tubular,"Positive energy isolation, verified depressurization & line-of-fire barricading",Intervention on pressurized line / failure to verify zero residual pressure,"Fatal crushing impact, severe traumatic amputation, or fatal projectile strike",Candidate LSR 'Safe Mechanical Lifting' modified to 'Energy Isolation'.,ANNOTATED
540,OILPS_OSHA_01716,OSHA,January2015toNovember2025.csv,2018087929,8/3/2018,USA,"TARZAN, TEXAS",Support Activities for Oil and Gas Operations,Workplace Safety Incident,Hospitalization,Stratum_A_Drilling_Heavy_Mechanical,Stratum_A_Drilling_Heavy_Mechanical,"An employee slipped while working on a blowout preventer, falling about 2 feet to the ground and suffering a broken thumb.",,Fractures,,,None identified,1,HIGH,"Energy: High-pressure fluid/gas stored energy | Exposure: Worker positioned in active hazard zone during Oilfield operational support task | Barrier Failure: Intervention on pressurized line / failure to verify zero residual pressure | Escalation: Fatal crushing impact, severe traumatic amputation, or fatal projectile strike",Energy Isolation,,Energy Isolation,Oilfield operational support task,High-pressure fluid/gas stored energy,"Positive energy isolation, verified depressurization & line-of-fire barricading",Intervention on pressurized line / failure to verify zero residual pressure,"Fatal crushing impact, severe traumatic amputation, or fatal projectile strike",,ANNOTATED
541,OILPS_OSHA_02411,OSHA,January2015toNovember2025.csv,20191112166,11/23/2019,USA,"WATFORD CITY, NORTH DAKOTA",Support Activities for Oil and Gas Operations,Workplace Safety Incident,Hospitalization,Stratum_B_Pressure_Flammable_Chemical_H2S,Stratum_B_Pressure_Flammable_Chemical_H2S,"While working on a saltwater disposal system, an employee was checking the rotation of a pump and noticed the oil tank was bulging at the bottom. The employee ran to get away from it when a flash fire erupted. The employee sustained second degree burns to the face, lower back, and both hands.","Machinery, unspecified",Second degree heat (thermal) burns,Hot Work,,Hot Work,1,HIGH,"Energy: Flammable hydrocarbons / thermal ignition energy | Exposure: Worker positioned in active hazard zone during Oilfield operational support task | Barrier Failure: Hot work performed near flammable vapors / unverified atmospheric LEL | Escalation: Catastrophic vapor cloud explosion, mass toxic asphyxiation, or fatal burns",Hot Work,,Hot Work,Oilfield operational support task,Flammable hydrocarbons / thermal ignition energy,"Continuous LEL gas monitoring, hot work permit & spark containment",Hot work performed near flammable vapors / unverified atmospheric LEL,"Catastrophic vapor cloud explosion, mass toxic asphyxiation, or fatal burns",,ANNOTATED
542,OILPS_OSHA_03721,OSHA,January2015toNovember2025.csv,2024053898,5/3/2024,USA,"WEATHERFORD, TEXAS",Natural Gas Extraction,Workplace Safety Incident,Hospitalization,Stratum_F_LowEnergy_Ergonomic_MinorInjury,Stratum_F_LowEnergy_Ergonomic_MinorInjury,"An employee was walking down stairs when she tripped and fell, injuring her left leg and ankle.","Stairs, steps",Traumatic injuries or exposures unspecified,,,None identified,0,MEDIUM,Energy: Low operational energy | Exposure: Routine task (Oilfield operational support task) | Barrier Failure: Minor procedural deviation | Escalation: Minor localized injury without credible SIF potential,None,,None,Oilfield operational support task,Operational equipment hazard (unspecified energy),Standard operating procedures & PPE,Procedural deviation during task execution,Localized occupational injury without life-altering escalation,,ANNOTATED
543,OILPS_OSHA_01942,OSHA,January2015toNovember2025.csv,2019010178,1/7/2019,USA,"LITTLE ROCK, ARKANSAS",Oil & Gas / Energy Related,Workplace Safety Incident,Hospitalization,Stratum_E_Vehicle_Transport,Stratum_E_Vehicle_Transport,An employee was walking on the company road to work when he was struck by another employee who was driving a car away from the premises. He suffered a spinal injury and head laceration.,Automobile,"Cuts, lacerations",Line of Fire,,Line of Fire,0,MEDIUM,Energy: Low operational energy | Exposure: Routine task (Heavy vehicle transport on lease/highway) | Barrier Failure: Minor procedural deviation | Escalation: Minor localized injury without credible SIF potential,Line of Fire,,Line of Fire,Heavy vehicle transport on lease/highway,Operational equipment hazard (unspecified energy),Standard operating procedures & PPE,Procedural deviation during task execution,Localized occupational injury without life-altering escalation,,ANNOTATED
544,OILPS_OSHA_02093,OSHA,January2015toNovember2025.csv,2019043955,4/17/2019,USA,"SWEENY, TEXAS",Oil and Gas Pipeline Construction,Workplace Safety Incident,Amputation,Stratum_A_Drilling_Heavy_Mechanical,Stratum_A_Drilling_Heavy_Mechanical,"An employee was helping to move a piece of casing off a guide wire from a rig. The casing was on a pipe rack. As the pipe was pushed to move it out of the guide wire, the pipe rolled and caught his right hand, pinching his middle finger and resulting in partial amputation of the fingertip.","Pipes, ducts, tubing, unspecified",Amputations,,,None identified,1,MEDIUM,Energy: Stored mechanical/tubular energy | Exposure: Floor worker during Drilling rig floor pipe/casing operations | Barrier Failure: Line-of-fire control compromised | Escalation: Crushing impact / permanent disabling trauma,None,,None,Drilling rig floor pipe/casing operations,Operational equipment hazard (unspecified energy),Standard operating procedures & PPE,Procedural deviation during task execution,Localized occupational injury without life-altering escalation,,ANNOTATED
545,OILPS_OSHA_02774,OSHA,January2015toNovember2025.csv,2021032618,3/29/2021,USA,"LEMONT, ILLINOIS",Petroleum and Petroleum Products Merchant Wholesalers,Workplace Safety Incident,Hospitalization,Stratum_E_Vehicle_Transport,Stratum_E_Vehicle_Transport,"At 2:17 p.m. on March 29, 2021, an employee fell while stepping out of a tractor. He landed on the ground and suffered a broken left hip.","Semi, tractor-trailer, tanker truck",Fractures,,,None identified,0,MEDIUM,Energy: Low operational energy | Exposure: Routine task (Oilfield operational support task) | Barrier Failure: Minor procedural deviation | Escalation: Minor localized injury without credible SIF potential,None,,None,Oilfield operational support task,Operational equipment hazard (unspecified energy),Standard operating procedures & PPE,Procedural deviation during task execution,Localized occupational injury without life-altering escalation,,ANNOTATED
546,OILPS_OSHA_00584,OSHA,January2015toNovember2025.csv,2016054017,5/10/2016,USA,"VICKSBURG, MISSISSIPPI",Asphalt Paving Mixture and Block Manufacturing,Workplace Safety Incident,Hospitalization,Stratum_D_ConfinedSpace_HotWork_Isolation,Stratum_D_ConfinedSpace_HotWork_Isolation,"At 9:00 AM, on 5/10/16, an employee and a coworker were preparing to replace a malfunctioning gauge board on an asphalt tank. They transferred contents from the malfunctioning tank to another tank and shut down the malfunctioning tank. Every energy source was off/locked out. Using an impact wrench, the employee began loosening/removing the bolts holding the manway cover on the tank. After he loosened several bolts, some hot liquid asphalt splashed out from behind the cover onto the concrete pad and onto his hands, arms, and legs. He suffered second and third degree burns to both arms, hands, and legs, requiring hospitalization and surgery.","Paving asphalt, asphaltic cement",Third or fourth degree heat (thermal) burns,Confined Space,,Confined Space,0,MEDIUM,Energy: Low operational energy | Exposure: Routine task (Oilfield operational support task) | Barrier Failure: Minor procedural deviation | Escalation: Minor localized injury without credible SIF potential,Confined Space,,Confined Space,Oilfield operational support task,Operational equipment hazard (unspecified energy),Standard operating procedures & PPE,Procedural deviation during task execution,Localized occupational injury without life-altering escalation,,ANNOTATED
547,OILPS_OSHA_00665,OSHA,January2015toNovember2025.csv,2016076796,7/26/2016,USA,"BIG LAKE, TEXAS",Support Activities for Oil and Gas Operations,Workplace Safety Incident,Hospitalization,Stratum_F_LowEnergy_Ergonomic_MinorInjury,Stratum_F_LowEnergy_Ergonomic_MinorInjury,"While performing well servicing operations, an employee became lightheaded and began vomiting. He was hospitalized for dehydration.",Heat-environmental,"Effects of heat and light, n.e.c.",,,None identified,0,MEDIUM,Energy: Low operational energy | Exposure: Routine task (Oilfield operational support task) | Barrier Failure: Minor procedural deviation | Escalation: Minor localized injury without credible SIF potential,None,,None,Oilfield operational support task,Operational equipment hazard (unspecified energy),Standard operating procedures & PPE,Procedural deviation during task execution,Localized occupational injury without life-altering escalation,,ANNOTATED
548,OILPS_OSHA_02023,OSHA,January2015toNovember2025.csv,2019022083,2/25/2019,USA,"WILLISTON, NORTH DAKOTA",Support Activities for Oil and Gas Operations,Workplace Safety Incident,Hospitalization,Stratum_E_Vehicle_Transport,Stratum_E_Vehicle_Transport,An employee slipped and fell on icy ground while unloading a down hole pump off of a trailer. The employee sustained a fractured hip.,"Floors, walkways, ground surfaces, unspecified",Fractures,,,None identified,0,MEDIUM,Energy: Low operational energy | Exposure: Routine task (Mechanical hoisting / crane lifting operations) | Barrier Failure: Minor procedural deviation | Escalation: Minor localized injury without credible SIF potential,None,,None,Mechanical hoisting / crane lifting operations,Operational equipment hazard (unspecified energy),Standard operating procedures & PPE,Procedural deviation during task execution,Localized occupational injury without life-altering escalation,,ANNOTATED
549,OILPS_OSHA_00661,OSHA,January2015toNovember2025.csv,2016076722,7/24/2016,USA,"LEWISVILLE, OHIO",Drilling Oil and Gas Wells,Workplace Safety Incident,Hospitalization,Stratum_A_Drilling_Heavy_Mechanical,Stratum_A_Drilling_Heavy_Mechanical,An employee was working in an oilfield cleaning a sand hopper. He got caught in a hydraulic gate fracturing both femurs.,Oil drilling rigs and machinery,Fractures,Line of Fire,,Line of Fire,0,MEDIUM,Energy: Low operational energy | Exposure: Routine task (Oilfield operational support task) | Barrier Failure: Minor procedural deviation | Escalation: Minor localized injury without credible SIF potential,Line of Fire,,Line of Fire,Oilfield operational support task,Operational equipment hazard (unspecified energy),Standard operating procedures & PPE,Procedural deviation during task execution,Localized occupational injury without life-altering escalation,,ANNOTATED
550,OILPS_OSHA_01604,OSHA,January2015toNovember2025.csv,2018055311,5/31/2018,USA,"PASADENA, TEXAS",Oil and Gas Pipeline Construction,Workplace Safety Incident,Hospitalization,Stratum_F_LowEnergy_Ergonomic_MinorInjury,Stratum_F_LowEnergy_Ergonomic_MinorInjury,"Employees were putting rebar together with chicken wire at a construction site when one employee became ill and dizzy, requiring hospitalization for heat exhaustion.",Heat-environmental,"Heat exhaustion, prostration",,,None identified,0,MEDIUM,Energy: Low operational energy | Exposure: Routine task (Oilfield operational support task) | Barrier Failure: Minor procedural deviation | Escalation: Minor localized injury without credible SIF potential,None,,None,Oilfield operational support task,Operational equipment hazard (unspecified energy),Standard operating procedures & PPE,Procedural deviation during task execution,Localized occupational injury without life-altering escalation,,ANNOTATED
551,OILPS_OSHA_02734,OSHA,January2015toNovember2025.csv,2021021187,2/9/2021,USA,"PLAQUEMINE, LOUISIANA",Oil and Gas Pipeline Construction,Workplace Safety Incident,Hospitalization,Stratum_E_Vehicle_Transport,Stratum_E_Vehicle_Transport,"An employee was dismounting from the bumper of a pickup truck. As the employee was stepping off, the bumper components slipped out from under him, causing him to fall to the ground. The employee sustained a closed fracture of his left ankle, requiring surgery.",Pickup truck,Fractures,Driving,,Driving,0,MEDIUM,Energy: Low operational energy | Exposure: Routine task (Oilfield operational support task) | Barrier Failure: Minor procedural deviation | Escalation: Minor localized injury without credible SIF potential,Driving,,Driving,Oilfield operational support task,Operational equipment hazard (unspecified energy),Standard operating procedures & PPE,Procedural deviation during task execution,Localized occupational injury without life-altering escalation,,ANNOTATED
552,OILPS_OSHA_03674,OSHA,January2015toNovember2025.csv,2024021562,2/20/2024,USA,"LAMESA, TEXAS",Support Activities for Oil and Gas Operations,Workplace Safety Incident,Non-Fatal Injury,Stratum_A_Drilling_Heavy_Mechanical,Stratum_A_Drilling_Heavy_Mechanical,Employees were installing a manual start switch on a 480-volt variable speed drive motor controller on a saltwater disposal (SWD) well control panel when an arc flash occurred. Two employee sustained burns and were hospitalized.,Drilling and extraction machinery unspecified,Electrical burns any degree,,,None identified,1,HIGH,Energy: Energized electrical circuit / arc flash energy | Exposure: Worker positioned in active hazard zone during Oilfield operational support task | Barrier Failure: Work on live circuit without electrical isolation or insulated tools | Escalation: Fatal electrocution / severe whole-body arc flash thermal trauma,Energy Isolation,,Energy Isolation,Oilfield operational support task,Energized electrical circuit / arc flash energy,"Lockout/Tagout (LOTO), zero voltage test & arc-rated personal protective equipment",Work on live circuit without electrical isolation or insulated tools,Fatal electrocution / severe whole-body arc flash thermal trauma,,ANNOTATED
553,OILPS_OSHA_03671,OSHA,January2015toNovember2025.csv,2024021495,2/16/2024,USA,"STANTON, TEXAS",Support Activities for Oil and Gas Operations,Workplace Safety Incident,Amputation,Stratum_A_Drilling_Heavy_Mechanical,Stratum_A_Drilling_Heavy_Mechanical,An employee was lowering elevators while trying to couple a joint of tubing coming from a well. The employee's right hand was caught in a pinch point resulting in amputation of the ring fingertip.,Drilling and extraction machinery unspecified,"Amputations, avulsions, enucleations unspecified",Line of Fire,,Line of Fire,0,MEDIUM,Energy: Low operational energy | Exposure: Routine task (Oilfield operational support task) | Barrier Failure: Minor procedural deviation | Escalation: Minor localized injury without credible SIF potential,Line of Fire,,Line of Fire,Oilfield operational support task,Operational equipment hazard (unspecified energy),Standard operating procedures & PPE,Procedural deviation during task execution,Localized occupational injury without life-altering escalation,,ANNOTATED
554,OILPS_OSHA_02432,OSHA,January2015toNovember2025.csv,20191212889,12/16/2019,USA,"LITTLE ROCK, ARKANSAS",Oil & Gas / Energy Related,Workplace Safety Incident,Amputation,Stratum_D_ConfinedSpace_HotWork_Isolation,Stratum_D_ConfinedSpace_HotWork_Isolation,"An employee was on top of a coil, trying to align its head end with its tail end for stationary welding. The coil clamp was lowered onto the employee's left foot, amputating the big toe.","Clamps, couplings",Amputations,Hot Work,,Hot Work,0,MEDIUM,Energy: Low operational energy | Exposure: Routine task (Hot work / welding and thermal cutting) | Barrier Failure: Minor procedural deviation | Escalation: Minor localized injury without credible SIF potential,Hot Work,,Hot Work,Hot work / welding and thermal cutting,Operational equipment hazard (unspecified energy),Standard operating procedures & PPE,Procedural deviation during task execution,Localized occupational injury without life-altering escalation,,ANNOTATED
555,OILPS_OSHA_02131,OSHA,January2015toNovember2025.csv,2019054813,5/11/2019,USA,"JAY, FLORIDA",Drilling Oil and Gas Wells,Workplace Safety Incident,Hospitalization,Stratum_A_Drilling_Heavy_Mechanical,Stratum_A_Drilling_Heavy_Mechanical,"An employee was setting up a board over a 3-foot deep excavation so that he could access the control valve to stop a leak. The employee fell into the excavation that was filled with hot water and suffered burns to the feet, leg and knee.",Water,"Heat (thermal) burns, unspecified",,,None identified,0,MEDIUM,Energy: Low operational energy | Exposure: Routine task (Oilfield operational support task) | Barrier Failure: Minor procedural deviation | Escalation: Minor localized injury without credible SIF potential,None,,None,Oilfield operational support task,Operational equipment hazard (unspecified energy),Standard operating procedures & PPE,Procedural deviation during task execution,Localized occupational injury without life-altering escalation,,ANNOTATED
556,OILPS_OSHA_02201,OSHA,January2015toNovember2025.csv,2019066505,6/27/2019,USA,"ANDREWS, TEXAS",Support Activities for Oil and Gas Operations,Workplace Safety Incident,Hospitalization,Stratum_B_Pressure_Flammable_Chemical_H2S,Stratum_B_Pressure_Flammable_Chemical_H2S; Stratum_E_Vehicle_Transport,An employee was pumping chemicals in a hot oiler pump truck. A chemical reaction caused an explosion that propelled the employee into the back of another vehicle. The employee suffered facial contusions.,,"Bruises, contusions",Driving,,Driving,1,HIGH,"Energy: Flammable hydrocarbons / thermal ignition energy | Exposure: Worker positioned in active hazard zone during Oilfield operational support task | Barrier Failure: Hot work performed near flammable vapors / unverified atmospheric LEL | Escalation: Catastrophic vapor cloud explosion, mass toxic asphyxiation, or fatal burns",Hot Work,Driving,Hot Work; Driving,Oilfield operational support task,Flammable hydrocarbons / thermal ignition energy,"Continuous LEL gas monitoring, hot work permit & spark containment",Hot work performed near flammable vapors / unverified atmospheric LEL,"Catastrophic vapor cloud explosion, mass toxic asphyxiation, or fatal burns",Candidate LSR 'Driving' modified to 'Hot Work'.,ANNOTATED
557,OILPS_OSHA_00102,OSHA,January2015toNovember2025.csv,2015030880,3/1/2015,USA,"MANDAREE, NORTH DAKOTA",Support Activities for Oil and Gas Operations,Workplace Safety Incident,Hospitalization,Stratum_B_Pressure_Flammable_Chemical_H2S,Stratum_B_Pressure_Flammable_Chemical_H2S,"An employee was draining condensate out of the treater line when a flash fire occurred, causing second degree burns.","Coal, natural gas, petroleum fuels and products, unspecified",Second degree heat (thermal) burns,Hot Work,,Hot Work,1,HIGH,"Energy: Flammable hydrocarbons / thermal ignition energy | Exposure: Worker positioned in active hazard zone during Oilfield operational support task | Barrier Failure: Hot work performed near flammable vapors / unverified atmospheric LEL | Escalation: Catastrophic vapor cloud explosion, mass toxic asphyxiation, or fatal burns",Hot Work,,Hot Work,Oilfield operational support task,Flammable hydrocarbons / thermal ignition energy,"Continuous LEL gas monitoring, hot work permit & spark containment",Hot work performed near flammable vapors / unverified atmospheric LEL,"Catastrophic vapor cloud explosion, mass toxic asphyxiation, or fatal burns",,ANNOTATED
558,OILPS_OSHA_02776,OSHA,January2015toNovember2025.csv,2021032629,3/29/2021,USA,"WATFORD CITY, NORTH DAKOTA",Support Activities for Oil and Gas Operations,Workplace Safety Incident,Amputation,Stratum_E_Vehicle_Transport,Stratum_E_Vehicle_Transport,An employee sustained a partial left index finger amputation when high winds caused the compressor building door to slam on the employee's finger.,"Doors, except garage and vehicle",Amputations,,,None identified,0,MEDIUM,Energy: Low operational energy | Exposure: Routine task (Oilfield operational support task) | Barrier Failure: Minor procedural deviation | Escalation: Minor localized injury without credible SIF potential,None,,None,Oilfield operational support task,Operational equipment hazard (unspecified energy),Standard operating procedures & PPE,Procedural deviation during task execution,Localized occupational injury without life-altering escalation,,ANNOTATED
559,OILPS_OSHA_01359,OSHA,January2015toNovember2025.csv,20171212336,12/27/2017,USA,"KANE, PENNSYLVANIA",Support Activities for Oil and Gas Operations,Workplace Safety Incident,Amputation,Stratum_C_Height_Lifting_Dropped_Objects,Stratum_C_Height_Lifting_Dropped_Objects; Stratum_E_Vehicle_Transport,Two employees were working on a forklift due to a belt issue. The injured employee was working on the belt when the other employee started the forklift. The belt and pulley in the forklift motor then amputated the injured employee's right index fingertip.,"Forklift, order picker, platform truck-powered",Amputations,Safe Mechanical Lifting,,Safe Mechanical Lifting,1,HIGH,"Energy: Suspended heavy mechanical load / falling tubular | Exposure: Worker positioned in active hazard zone during Mechanical hoisting / crane lifting operations | Barrier Failure: Personnel in line of fire / defective rigging hardware or improper rigging | Escalation: Fatal crushing impact, severe traumatic amputation, or fatal projectile strike",Safe Mechanical Lifting,,Safe Mechanical Lifting,Mechanical hoisting / crane lifting operations,Suspended heavy mechanical load / falling tubular,"Certified rigging gear, dedicated signalman & red zone exclusion barrier",Personnel in line of fire / defective rigging hardware or improper rigging,"Fatal crushing impact, severe traumatic amputation, or fatal projectile strike",,ANNOTATED
560,OILPS_OSHA_02095,OSHA,January2015toNovember2025.csv,2019043987,4/18/2019,USA,"PECOS, TEXAS",Crude Petroleum and Natural Gas Extraction,Workplace Safety Incident,Hospitalization,Stratum_B_Pressure_Flammable_Chemical_H2S,Stratum_B_Pressure_Flammable_Chemical_H2S,"An employee was bleeding down injection lines, using a 36-inch pipe wrench, to let hydrates thaw overnight. A valve was opened and pressure (about 900 psi) was released, causing a section of pipe to come loose and strike the employee's leg above the knee. He was hospitalized.","Pipes, ducts, tubing, unspecified","Soreness, pain, hurt-nonspecified injury",,,None identified,1,HIGH,"Energy: High-pressure fluid/gas stored energy | Exposure: Worker positioned in active hazard zone during Oilfield operational support task | Barrier Failure: Intervention on pressurized line / failure to verify zero residual pressure | Escalation: Fatal crushing impact, severe traumatic amputation, or fatal projectile strike",Energy Isolation,,Energy Isolation,Oilfield operational support task,High-pressure fluid/gas stored energy,"Positive energy isolation, verified depressurization & line-of-fire barricading",Intervention on pressurized line / failure to verify zero residual pressure,"Fatal crushing impact, severe traumatic amputation, or fatal projectile strike",,ANNOTATED
561,OILPS_OSHA_02351,OSHA,January2015toNovember2025.csv,20191010583,10/9/2019,USA,"RUSSELLVILLE, ARKANSAS",Oil & Gas / Energy Related,Workplace Safety Incident,Hospitalization,Stratum_B_Pressure_Flammable_Chemical_H2S,Stratum_B_Pressure_Flammable_Chemical_H2S,"An employee was removing a ""Christmas tree"" fitting from a pressurized wax tank. The pressure in the wax tank caused the wax to burst from the fitting and onto the employee. The employee was hospitalized for burns to the body.","Source, n.e.c.","Heat (thermal) burns, unspecified",,,None identified,1,HIGH,"Energy: High-pressure fluid/gas stored energy | Exposure: Worker positioned in active hazard zone during Oilfield operational support task | Barrier Failure: Intervention on pressurized line / failure to verify zero residual pressure | Escalation: Fatal crushing impact, severe traumatic amputation, or fatal projectile strike",Energy Isolation,,Energy Isolation,Oilfield operational support task,High-pressure fluid/gas stored energy,"Positive energy isolation, verified depressurization & line-of-fire barricading",Intervention on pressurized line / failure to verify zero residual pressure,"Fatal crushing impact, severe traumatic amputation, or fatal projectile strike",,ANNOTATED
562,OILPS_OSHA_01380,OSHA,January2015toNovember2025.csv,2018010417,1/12/2018,USA,"NEW MILTON, WEST VIRGINIA",Support Activities for Oil and Gas Operations,Workplace Safety Incident,Hospitalization,Stratum_E_Vehicle_Transport,Stratum_E_Vehicle_Transport,"On January 11, 2018, at approximately 11:00 a.m., an employee was attempting to drive an ATV up a steep incline when it tipped over backwards. He was hospitalized with a fractured lower vertebra and internal bleeding.","ATV, all terrain vehicle","Fractures (except rib, trunk fractures) and internal injuries",,,None identified,0,MEDIUM,Energy: Low operational energy | Exposure: Routine task (Oilfield operational support task) | Barrier Failure: Minor procedural deviation | Escalation: Minor localized injury without credible SIF potential,None,,None,Oilfield operational support task,Operational equipment hazard (unspecified energy),Standard operating procedures & PPE,Procedural deviation during task execution,Localized occupational injury without life-altering escalation,,ANNOTATED
563,OILPS_OSHA_02236,OSHA,January2015toNovember2025.csv,2019077444,7/22/2019,USA,"BIG SPRING, TEXAS",Drilling Oil and Gas Wells,Workplace Safety Incident,Hospitalization,Stratum_A_Drilling_Heavy_Mechanical,Stratum_A_Drilling_Heavy_Mechanical,An employee experienced heat stress.,Heat-environmental,"Effects of heat and light, unspecified",,,None identified,UNKNOWN,LOW,Energy: Unknown / Not stated | Exposure: Worker involved in Oilfield operational support task | Barrier Failure: Unclear from brief narrative | Escalation: Potential consequence cannot be established confidently,None,,None,Oilfield operational support task,Operational equipment hazard (unspecified energy),Standard operating procedures & PPE,Procedural deviation during task execution,Localized occupational injury without life-altering escalation,Narrative lacks sufficient operational context to evaluate energy exposure.,ANNOTATED_WITH_UNKNOWN
564,OILPS_OSHA_02438,OSHA,January2015toNovember2025.csv,20191213118,12/22/2019,USA,"FACTORYVILLE, PENNSYLVANIA",Oil and Gas Pipeline Construction,Workplace Safety Incident,Hospitalization,Stratum_C_Height_Lifting_Dropped_Objects,Stratum_C_Height_Lifting_Dropped_Objects,"An employee was lowering a scaffold board using a rope and pulley assembly when the board slipped out of the rope and fell. The board caught a tangle in the rope and caused the hook end of the rope to shoot upward, where it hit the employee in the face and head. The employee suffered a probable fracture or concussion and tissue damage in the right eye area.","Drums, pulleys, sheaves",Fractures (except skull fractures) and concussions,Working at Height,,Working at Height,1,HIGH,Energy: Elevated work position (gravitational energy) | Exposure: Worker positioned in active hazard zone during Work at height / scaffolding operations | Barrier Failure: Safety lanyard unclipped / absent leading edge fall protection | Escalation: Fatal blunt force trauma from fall at elevation,Working at Height,,Working at Height,Work at height / scaffolding operations,Elevated work position (gravitational energy),100% continuous tie-off full body safety harness & engineered guardrails,Safety lanyard unclipped / absent leading edge fall protection,Fatal blunt force trauma from fall at elevation,,ANNOTATED
565,OILPS_OSHA_02385,OSHA,January2015toNovember2025.csv,20191111473,11/4/2019,USA,"NATCHEZ, MISSISSIPPI",Crude Petroleum and Natural Gas Extraction,Workplace Safety Incident,Hospitalization,Stratum_E_Vehicle_Transport,Stratum_E_Vehicle_Transport,"An employee was exiting a truck when he lost his footing while descending the cab stairs. He fell to the ground and injured his left elbow, requiring hospitalization.","Truck-motorized freight hauling and utility, unspecified","Soreness, pain, hurt-nonspecified injury",Driving,,Driving,0,MEDIUM,Energy: Low operational energy | Exposure: Routine task (Oilfield operational support task) | Barrier Failure: Minor procedural deviation | Escalation: Minor localized injury without credible SIF potential,Driving,,Driving,Oilfield operational support task,Operational equipment hazard (unspecified energy),Standard operating procedures & PPE,Procedural deviation during task execution,Localized occupational injury without life-altering escalation,,ANNOTATED
566,OILPS_OSHA_00804,OSHA,January2015toNovember2025.csv,20161110714,11/15/2016,USA,"JENNINGS, LOUISIANA",Oil & Gas / Energy Related,Workplace Safety Incident,Hospitalization,Stratum_E_Vehicle_Transport,Stratum_E_Vehicle_Transport,"An employee was dispatched to an oil and gas weld site to pick up produced water. When he made it to the worksite, he set his truck in position, connected the hose, and engaged the vacuum pump. A fire then occurred, causing second and third degree burns to both of his arms and part of his torso, as well as minor burns to his neck, face, and ear.","Truck-motorized freight hauling and utility, n.e.c",Third or fourth degree heat (thermal) burns,Driving,,Driving,0,MEDIUM,Energy: Low operational energy | Exposure: Routine task (Oilfield operational support task) | Barrier Failure: Minor procedural deviation | Escalation: Minor localized injury without credible SIF potential,Driving,,Driving,Oilfield operational support task,Operational equipment hazard (unspecified energy),Standard operating procedures & PPE,Procedural deviation during task execution,Localized occupational injury without life-altering escalation,,ANNOTATED
567,OILPS_OSHA_00286,OSHA,January2015toNovember2025.csv,2015074721,7/16/2015,USA,"SMITHFIELD, WEST VIRGINIA",Support Activities for Oil and Gas Operations,Workplace Safety Incident,Hospitalization,Stratum_B_Pressure_Flammable_Chemical_H2S,Stratum_B_Pressure_Flammable_Chemical_H2S,"On July 17, 2015, at approximately 1:45pm, an employee was hospitalized after suffering two broken bones to his lower left leg. Before the incident, the employee was standing on the third rung of a 12-foot stepladder, tightening bolts on a flange with a torque wrench. While applying pressure to the wrench, a reducer on the wrench broke, causing the employee to lose his balance. As he stepped down 34"" to the gravel surface, he landed awkwardly on his left foot, causing fractures.",Step ladders,Fractures,,,None identified,1,HIGH,"Energy: High-pressure fluid/gas stored energy | Exposure: Worker positioned in active hazard zone during Piping and process equipment maintenance | Barrier Failure: Intervention on pressurized line / failure to verify zero residual pressure | Escalation: Fatal crushing impact, severe traumatic amputation, or fatal projectile strike",Energy Isolation,,Energy Isolation,Piping and process equipment maintenance,High-pressure fluid/gas stored energy,"Positive energy isolation, verified depressurization & line-of-fire barricading",Intervention on pressurized line / failure to verify zero residual pressure,"Fatal crushing impact, severe traumatic amputation, or fatal projectile strike",,ANNOTATED
568,OILPS_OSHA_01674,OSHA,January2015toNovember2025.csv,2018077019,7/12/2018,USA,"KANSAS CITY, KANSAS",Petroleum Bulk Stations and Terminals,Workplace Safety Incident,Hospitalization,Stratum_F_LowEnergy_Ergonomic_MinorInjury,Stratum_F_LowEnergy_Ergonomic_MinorInjury,An employee was hospitalized from heat exhaustion.,Heat-environmental,"Heat exhaustion, prostration",,,None identified,UNKNOWN,LOW,Energy: Unknown / Not stated | Exposure: Worker involved in Oilfield operational support task | Barrier Failure: Unclear from brief narrative | Escalation: Potential consequence cannot be established confidently,None,,None,Oilfield operational support task,Operational equipment hazard (unspecified energy),Standard operating procedures & PPE,Procedural deviation during task execution,Localized occupational injury without life-altering escalation,Narrative lacks sufficient operational context to evaluate energy exposure.,ANNOTATED_WITH_UNKNOWN
569,OILPS_OSHA_03358,OSHA,January2015toNovember2025.csv,2023021829,2/27/2023,USA,"PECOS, TEXAS",Support Activities for Oil and Gas Operations,Workplace Safety Incident,Hospitalization,Stratum_F_LowEnergy_Ergonomic_MinorInjury,Stratum_F_LowEnergy_Ergonomic_MinorInjury,"Employees were pulling up piping on a workover rig. The anchor on the piping got caught on the slip, then the slip got caught on the work floor, pulling it up while the employee was standing on it. When the work floor broke away from the slip, the flooring fell back down to the ground. This caused the employee to fall and sustain a right leg fracture that required hospitalization.","Floor, n.e.c.",Fractures,,,None identified,0,MEDIUM,Energy: Low operational energy | Exposure: Routine task (Oilfield operational support task) | Barrier Failure: Minor procedural deviation | Escalation: Minor localized injury without credible SIF potential,None,,None,Oilfield operational support task,Operational equipment hazard (unspecified energy),Standard operating procedures & PPE,Procedural deviation during task execution,Localized occupational injury without life-altering escalation,,ANNOTATED
570,OILPS_OSHA_01171,OSHA,January2015toNovember2025.csv,2017098441,9/1/2017,USA,"TOPEKA, KANSAS",Oil and Gas Pipeline Construction,Workplace Safety Incident,Hospitalization,Stratum_D_ConfinedSpace_HotWork_Isolation,Stratum_D_ConfinedSpace_HotWork_Isolation,"An employee was using a portable grinder with a wire brush wheel to clean a metallic natural gas pipe in preparation for welding. The flow of natural gas had been stopped with a metallic stopper pin. As the employee was using the grinder, the stopper pin became dislodged from a seated position, resulting in a brief ignition of the natural gas. The employee suffered first and second degree burns to the right side of his face and nose.",Natural gas,Second degree heat (thermal) burns,Line of Fire,Hot Work,Line of Fire; Hot Work,1,MEDIUM,Energy: Stored mechanical/tubular energy | Exposure: Floor worker during Hot work / welding and thermal cutting | Barrier Failure: Line-of-fire control compromised | Escalation: Crushing impact / permanent disabling trauma,Line of Fire,Hot Work,Line of Fire; Hot Work,Hot work / welding and thermal cutting,Operational equipment hazard (unspecified energy),Standard operating procedures & PPE,Procedural deviation during task execution,Localized occupational injury without life-altering escalation,,ANNOTATED
571,OILPS_OSHA_00128,OSHA,January2015toNovember2025.csv,2015031231,3/16/2015,USA,"CORPUS CHRISTI, TEXAS",Crude Petroleum and Natural Gas Extraction,Workplace Safety Incident,Amputation,Stratum_A_Drilling_Heavy_Mechanical,Stratum_A_Drilling_Heavy_Mechanical,An employee was opening a gate when the last finger of the employee's left hand was pinched in a roller; the fingertip was amputated.,Oil drilling rigs and machinery,Amputations,,,None identified,0,MEDIUM,Energy: Low operational energy | Exposure: Routine task (Oilfield operational support task) | Barrier Failure: Minor procedural deviation | Escalation: Minor localized injury without credible SIF potential,None,,None,Oilfield operational support task,Operational equipment hazard (unspecified energy),Standard operating procedures & PPE,Procedural deviation during task execution,Localized occupational injury without life-altering escalation,,ANNOTATED
572,OILPS_OSHA_03208,OSHA,January2015toNovember2025.csv,2022098383,9/22/2022,USA,"BAYTOWN, TEXAS",Petroleum Refineries,Workplace Safety Incident,Non-Fatal Injury,Stratum_B_Pressure_Flammable_Chemical_H2S,Stratum_B_Pressure_Flammable_Chemical_H2S,"Two employees were performing routine maintenance activities on instrumentation equipment when a caustic line going into an instrument began to release sodium hydroxide and propane, resulting in burns to the face and upper body due to contact with sodium hydroxide. Both employees were hospitalized.","Sodium and potassium hydroxide, potassium carbonate","Chemical burns and corrosions, unspecified",Toxic Gas / Hazardous Substance,,Toxic Gas / Hazardous Substance,0,MEDIUM,Energy: Low operational energy | Exposure: Routine task (Oilfield operational support task) | Barrier Failure: Minor procedural deviation | Escalation: Minor localized injury without credible SIF potential,Toxic Gas / Hazardous Substance,,Toxic Gas / Hazardous Substance,Oilfield operational support task,Operational equipment hazard (unspecified energy),Standard operating procedures & PPE,Procedural deviation during task execution,Localized occupational injury without life-altering escalation,,ANNOTATED
573,OILPS_OSHA_03247,OSHA,January2015toNovember2025.csv,2022119726,11/5/2022,USA,"HOUSTON, TEXAS",Oil & Gas / Energy Related,Workplace Safety Incident,Hospitalization,Stratum_G_General_Oilfield_Operations,Stratum_G_General_Oilfield_Operations,"An employee was repairing a pack installation under tension. Upon pushing the pack, the employee sustained a left calf strain and was hospitalized.","Machine and appliance parts, unspecified",Strains,,,None identified,0,MEDIUM,Energy: Low operational energy | Exposure: Routine task (Oilfield operational support task) | Barrier Failure: Minor procedural deviation | Escalation: Minor localized injury without credible SIF potential,None,,None,Oilfield operational support task,Operational equipment hazard (unspecified energy),Standard operating procedures & PPE,Procedural deviation during task execution,Localized occupational injury without life-altering escalation,,ANNOTATED
574,OILPS_OSHA_00946,OSHA,January2015toNovember2025.csv,2017032791,3/28/2017,USA,"WESTWEGO, LOUISIANA",Oil & Gas / Energy Related,Workplace Safety Incident,Hospitalization,Stratum_B_Pressure_Flammable_Chemical_H2S,Stratum_B_Pressure_Flammable_Chemical_H2S,"An employee was tracing an acetonitrile solution pipeline to verify which pipe was leaking from the pipe rack when he came into contact with the chemical mist. He experienced a headache and signs of exposure to acetonitrile, requiring hospitalization.","Aromatics and hydrocarbon derivatives, except halogenated, n.e.c.","Poisoning, including poisoning-related asphyxia",,,None identified,1,MEDIUM,Energy: Stored mechanical/tubular energy | Exposure: Floor worker during Oilfield operational support task | Barrier Failure: Line-of-fire control compromised | Escalation: Crushing impact / permanent disabling trauma,None,,None,Oilfield operational support task,Operational equipment hazard (unspecified energy),Standard operating procedures & PPE,Procedural deviation during task execution,Localized occupational injury without life-altering escalation,,ANNOTATED
575,OILPS_OSHA_03018,OSHA,January2015toNovember2025.csv,2022021790,2/25/2022,USA,"SAVANNAH, GEORGIA",Petroleum and Petroleum Products Merchant Wholesalers,Workplace Safety Incident,Hospitalization,Stratum_B_Pressure_Flammable_Chemical_H2S,Stratum_B_Pressure_Flammable_Chemical_H2S; Stratum_E_Vehicle_Transport,"An employee was loading a truck with caustic potash. A valve gasket failed and sprayed the employee with the caustic potash, resulting in burns to their face, back, chest, and head.","Sodium and potassium hydroxide, potassium carbonate","Chemical burns and corrosions, unspecified",Toxic Gas / Hazardous Substance,Driving,Toxic Gas / Hazardous Substance; Driving,0,MEDIUM,Energy: Low operational energy | Exposure: Routine task (Oilfield operational support task) | Barrier Failure: Minor procedural deviation | Escalation: Minor localized injury without credible SIF potential,Toxic Gas / Hazardous Substance,Driving,Toxic Gas / Hazardous Substance; Driving,Oilfield operational support task,Operational equipment hazard (unspecified energy),Standard operating procedures & PPE,Procedural deviation during task execution,Localized occupational injury without life-altering escalation,,ANNOTATED
576,OILPS_OSHA_04201,OSHA,January2015toNovember2025.csv,20251010212,10/13/2025,USA,"PEARSALL, TEXAS",Oil and Gas Pipeline Construction,Workplace Safety Incident,Hospitalization,Stratum_C_Height_Lifting_Dropped_Objects,Stratum_C_Height_Lifting_Dropped_Objects,"An employee was acting as a spotter for a forklift operator. While its forks were being raised, the forklift came into contact with a power line. The employee was touching the forklift's metal frame at the time and was shocked on the left palm. The employee suffered burns to both the left palm and the sole of the left foot.","Power lines, transformers, convertors",Electrical burns any degree,Safe Mechanical Lifting,,Safe Mechanical Lifting,1,HIGH,"Energy: Suspended heavy mechanical load / falling tubular | Exposure: Worker positioned in active hazard zone during Mechanical hoisting / crane lifting operations | Barrier Failure: Personnel in line of fire / defective rigging hardware or improper rigging | Escalation: Fatal crushing impact, severe traumatic amputation, or fatal projectile strike",Safe Mechanical Lifting,,Safe Mechanical Lifting,Mechanical hoisting / crane lifting operations,Suspended heavy mechanical load / falling tubular,"Certified rigging gear, dedicated signalman & red zone exclusion barrier",Personnel in line of fire / defective rigging hardware or improper rigging,"Fatal crushing impact, severe traumatic amputation, or fatal projectile strike",,ANNOTATED
577,OILPS_OSHA_00813,OSHA,January2015toNovember2025.csv,20161111017,11/23/2016,USA,"KANSAS CITY, MISSOURI",Asphalt Paving Mixture and Block Manufacturing,Workplace Safety Incident,Hospitalization,Stratum_B_Pressure_Flammable_Chemical_H2S,Stratum_B_Pressure_Flammable_Chemical_H2S,An employee was heating an asphalt product with a propane torch to close a lid on a tank when a flash fire occurred. The employee suffered second degree burns to the hand and first degree burns to the face.,"Paving asphalt, asphaltic cement",Second degree heat (thermal) burns,Hot Work,,Hot Work,1,HIGH,"Energy: Flammable hydrocarbons / thermal ignition energy | Exposure: Worker positioned in active hazard zone during Oilfield operational support task | Barrier Failure: Hot work performed near flammable vapors / unverified atmospheric LEL | Escalation: Catastrophic vapor cloud explosion, mass toxic asphyxiation, or fatal burns",Hot Work,,Hot Work,Oilfield operational support task,Flammable hydrocarbons / thermal ignition energy,"Continuous LEL gas monitoring, hot work permit & spark containment",Hot work performed near flammable vapors / unverified atmospheric LEL,"Catastrophic vapor cloud explosion, mass toxic asphyxiation, or fatal burns",,ANNOTATED
578,OILPS_OSHA_02671,OSHA,January2015toNovember2025.csv,2020109643,10/9/2020,USA,"WARREN, PENNSYLVANIA",Petroleum Refineries,Workplace Safety Incident,Amputation,Stratum_C_Height_Lifting_Dropped_Objects,Stratum_C_Height_Lifting_Dropped_Objects,"While working in the Rigger Shop, an employee was using channel lock pliers to disconnect two pieces of pipe that were bolted together. The pipe was raised by a crane. When the top bolt was removed, a portion of the pipe was pulled upward, and the other portion fell to floor. The employee's finger was pinched between lower handle of pliers and the portion of pipe supported by the crane. The employee suffered an amputation to his left ring finger.","Cranes, unspecified",Amputations,Safe Mechanical Lifting,,Safe Mechanical Lifting,1,HIGH,"Energy: Suspended heavy mechanical load / falling tubular | Exposure: Worker positioned in active hazard zone during Mechanical hoisting / crane lifting operations | Barrier Failure: Personnel in line of fire / defective rigging hardware or improper rigging | Escalation: Fatal crushing impact, severe traumatic amputation, or fatal projectile strike",Safe Mechanical Lifting,,Safe Mechanical Lifting,Mechanical hoisting / crane lifting operations,Suspended heavy mechanical load / falling tubular,"Certified rigging gear, dedicated signalman & red zone exclusion barrier",Personnel in line of fire / defective rigging hardware or improper rigging,"Fatal crushing impact, severe traumatic amputation, or fatal projectile strike",,ANNOTATED
579,OILPS_OSHA_01430,OSHA,January2015toNovember2025.csv,2018021394,2/9/2018,USA,"SHINER, TEXAS",Support Activities for Oil and Gas Operations,Workplace Safety Incident,Hospitalization,Stratum_B_Pressure_Flammable_Chemical_H2S,Stratum_B_Pressure_Flammable_Chemical_H2S,"An employee was emptying a filter pod at the flare stack when a small flame came out of the top of the flare stack, landed in the condensate, and burned him. He suffered second degree burns to the hands, stomach, and calves, requiring hospitalization.","Coal, natural gas, petroleum fuels and products, n.e.c.",Second degree heat (thermal) burns,,,None identified,0,MEDIUM,Energy: Low operational energy | Exposure: Routine task (Oilfield operational support task) | Barrier Failure: Minor procedural deviation | Escalation: Minor localized injury without credible SIF potential,None,,None,Oilfield operational support task,Operational equipment hazard (unspecified energy),Standard operating procedures & PPE,Procedural deviation during task execution,Localized occupational injury without life-altering escalation,,ANNOTATED
580,OILPS_OSHA_02048,OSHA,January2015toNovember2025.csv,2019032764,3/15/2019,USA,"PECOS, TEXAS",Support Activities for Oil and Gas Operations,Workplace Safety Incident,Hospitalization,Stratum_D_ConfinedSpace_HotWork_Isolation,Stratum_D_ConfinedSpace_HotWork_Isolation; Stratum_E_Vehicle_Transport,"On March 15, at 11 a.m., an employee was running a cable to the floor of a pulling unit when the employee was shocked by approximately 1,050 volts DC from the trailer truck. The employee was hospitalized with an electrical shock to the hands.","Truck-motorized freight hauling and utility, unspecified","Electrocutions, electric shocks",Energy Isolation,Driving,Energy Isolation; Driving,0,MEDIUM,Energy: Low operational energy | Exposure: Routine task (Electrical system maintenance and troubleshooting) | Barrier Failure: Minor procedural deviation | Escalation: Minor localized injury without credible SIF potential,Driving,,Driving,Electrical system maintenance and troubleshooting,Operational equipment hazard (unspecified energy),Standard operating procedures & PPE,Procedural deviation during task execution,Localized occupational injury without life-altering escalation,Candidate LSR 'Energy Isolation' modified to 'Driving'.,ANNOTATED
581,OILPS_OSHA_03687,OSHA,January2015toNovember2025.csv,2024032254,3/13/2024,USA,"WASHINGTON, PENNSYLVANIA",Support Activities for Oil and Gas Operations,Workplace Safety Incident,Amputation,Stratum_E_Vehicle_Transport,Stratum_E_Vehicle_Transport,"An employee was removing a pipe from his truck when his middle finger got caught in the D ring on the pipe, resulting in a fingertip amputation up to the first knuckle.","Pipes, ducts, tubing unspecified",Amputations involving bone loss,Line of Fire,Driving,Line of Fire; Driving,1,MEDIUM,Energy: Stored mechanical/tubular energy | Exposure: Floor worker during Oilfield operational support task | Barrier Failure: Line-of-fire control compromised | Escalation: Crushing impact / permanent disabling trauma,Line of Fire,Driving,Line of Fire; Driving,Oilfield operational support task,Operational equipment hazard (unspecified energy),Standard operating procedures & PPE,Procedural deviation during task execution,Localized occupational injury without life-altering escalation,,ANNOTATED
582,OILPS_OSHA_00395,OSHA,January2015toNovember2025.csv,2015108004,10/26/2015,USA,"PORT LAVACA, TEXAS",Oil and Gas Pipeline Construction,Workplace Safety Incident,Hospitalization,Stratum_E_Vehicle_Transport,Stratum_E_Vehicle_Transport,An employee was shocked when the trackhoe he was loading onto a trailer made contact with power lines.,"Backhoes, trackhoes","Electrocutions, electric shocks",,,None identified,0,MEDIUM,Energy: Low operational energy | Exposure: Routine task (Oilfield operational support task) | Barrier Failure: Minor procedural deviation | Escalation: Minor localized injury without credible SIF potential,None,,None,Oilfield operational support task,Operational equipment hazard (unspecified energy),Standard operating procedures & PPE,Procedural deviation during task execution,Localized occupational injury without life-altering escalation,,ANNOTATED
583,OILPS_OSHA_01373,OSHA,January2015toNovember2025.csv,2018010186,1/6/2018,USA,"ORLA, TEXAS",Drilling Oil and Gas Wells,Workplace Safety Incident,Amputation,Stratum_A_Drilling_Heavy_Mechanical,Stratum_A_Drilling_Heavy_Mechanical; Stratum_C_Height_Lifting_Dropped_Objects; Stratum_E_Vehicle_Transport,"An employee was getting ready to climb a ladder to a chemical float trailer. He had put his right hand on the lower section of the ladder when it shifted, causing his right ring finger to be caught between the ladder and the trailer. His fingertip was amputated.",Trailers,Amputations,Working at Height,,Working at Height,1,HIGH,Energy: Elevated work position (gravitational energy) | Exposure: Worker positioned in active hazard zone during Oilfield operational support task | Barrier Failure: Safety lanyard unclipped / absent leading edge fall protection | Escalation: Fatal blunt force trauma from fall at elevation,Working at Height,,Working at Height,Oilfield operational support task,Elevated work position (gravitational energy),100% continuous tie-off full body safety harness & engineered guardrails,Safety lanyard unclipped / absent leading edge fall protection,Fatal blunt force trauma from fall at elevation,,ANNOTATED
584,OILPS_OSHA_02402,OSHA,January2015toNovember2025.csv,20191112035,11/20/2019,USA,"YELLVILLE, ARKANSAS",Oil & Gas / Energy Related,Workplace Safety Incident,Hospitalization,Stratum_C_Height_Lifting_Dropped_Objects,Stratum_C_Height_Lifting_Dropped_Objects,An employee was installing a vent chimney for a gas fireplace and fell from the roof to the ground below. The employee was hospitalized with bilateral foot fractures.,"Roofs, unspecified",Fractures,Working at Height,,Working at Height,1,HIGH,Energy: Elevated work position (gravitational energy) | Exposure: Worker positioned in active hazard zone during Oilfield operational support task | Barrier Failure: Safety lanyard unclipped / absent leading edge fall protection | Escalation: Fatal blunt force trauma from fall at elevation,Working at Height,,Working at Height,Oilfield operational support task,Elevated work position (gravitational energy),100% continuous tie-off full body safety harness & engineered guardrails,Safety lanyard unclipped / absent leading edge fall protection,Fatal blunt force trauma from fall at elevation,,ANNOTATED
585,OILPS_OSHA_00499,OSHA,January2015toNovember2025.csv,2016010925,1/30/2016,USA,"LITTLE ROCK, ARKANSAS",Oil & Gas / Energy Related,Workplace Safety Incident,Hospitalization,Stratum_C_Height_Lifting_Dropped_Objects,Stratum_C_Height_Lifting_Dropped_Objects,"An employee was using a pry bar to guide the base of a jib crane over the bolts in the floor. The base was suspended by straps attached to a forklift. The base slipped in the straps and pinned the employee's right hand between the pry bar and the floor, breaking his right index finger and requiring hospitalization.",Crowbars,Fractures,Safe Mechanical Lifting,,Safe Mechanical Lifting,1,HIGH,"Energy: High-pressure fluid/gas stored energy; Suspended heavy mechanical load / falling tubular | Exposure: Worker positioned in active hazard zone during Mechanical hoisting / crane lifting operations | Barrier Failure: Intervention on pressurized line / failure to verify zero residual pressure | Escalation: Fatal crushing impact, severe traumatic amputation, or fatal projectile strike",Energy Isolation,Safe Mechanical Lifting,Energy Isolation; Safe Mechanical Lifting,Mechanical hoisting / crane lifting operations,High-pressure fluid/gas stored energy; Suspended heavy mechanical load / falling tubular,"Positive energy isolation, verified depressurization & line-of-fire barricading",Intervention on pressurized line / failure to verify zero residual pressure,"Fatal crushing impact, severe traumatic amputation, or fatal projectile strike",Candidate LSR 'Safe Mechanical Lifting' modified to 'Energy Isolation'.,ANNOTATED
586,OILPS_OSHA_00615,OSHA,January2015toNovember2025.csv,2016065292,6/15/2016,USA,"MCGREGOR, NORTH DAKOTA",Support Activities for Oil and Gas Operations,Workplace Safety Incident,Hospitalization,Stratum_A_Drilling_Heavy_Mechanical,Stratum_A_Drilling_Heavy_Mechanical,"An employee was running a string of pipe from a derrick basket when his shirt was caught by the rotating torque rod. It pulled his shirt tight, compressing his chest against the derrick basket. He suffered chest bruising and lost consciousness, requiring hospitalization.",Oil drilling rigs and machinery,"Other traumatic injuries and disorders, unspecified",Working at Height,,Working at Height,1,HIGH,Energy: Elevated work position (gravitational energy) | Exposure: Worker positioned in active hazard zone during Oilfield operational support task | Barrier Failure: Safety lanyard unclipped / absent leading edge fall protection | Escalation: Fatal blunt force trauma from fall at elevation,Working at Height,,Working at Height,Oilfield operational support task,Elevated work position (gravitational energy),100% continuous tie-off full body safety harness & engineered guardrails,Safety lanyard unclipped / absent leading edge fall protection,Fatal blunt force trauma from fall at elevation,,ANNOTATED
587,OILPS_OSHA_03004,OSHA,January2015toNovember2025.csv,2022021168,2/8/2022,USA,"ROCKFORD, ILLINOIS",Oil and Gas Pipeline Construction,Workplace Safety Incident,Hospitalization,Stratum_G_General_Oilfield_Operations,Stratum_G_General_Oilfield_Operations,"A service technician was repairing a natural gas regulator that was leaking. When the water heater valve was opened, natural gas ignited, and the technician sustained burns to the arms.",Natural gas,"Heat (thermal) burns, unspecified",,,None identified,0,MEDIUM,Energy: Low operational energy | Exposure: Routine task (Oilfield operational support task) | Barrier Failure: Minor procedural deviation | Escalation: Minor localized injury without credible SIF potential,None,,None,Oilfield operational support task,Operational equipment hazard (unspecified energy),Standard operating procedures & PPE,Procedural deviation during task execution,Localized occupational injury without life-altering escalation,,ANNOTATED
588,OILPS_OSHA_00159,OSHA,January2015toNovember2025.csv,2015041897,4/10/2015,USA,"HUDSON, COLORADO",Drilling Oil and Gas Wells,Workplace Safety Incident,Hospitalization,Stratum_A_Drilling_Heavy_Mechanical,Stratum_A_Drilling_Heavy_Mechanical,An employee's foot got crushed between the floor and boom of a drill rig. He broke his big toe.,Oil drilling rigs and machinery,Fractures,,,None identified,1,MEDIUM,Energy: Stored mechanical/tubular energy | Exposure: Floor worker during Oilfield operational support task | Barrier Failure: Line-of-fire control compromised | Escalation: Crushing impact / permanent disabling trauma,None,,None,Oilfield operational support task,Operational equipment hazard (unspecified energy),Standard operating procedures & PPE,Procedural deviation during task execution,Localized occupational injury without life-altering escalation,,ANNOTATED
589,OILPS_OSHA_01014,OSHA,January2015toNovember2025.csv,2017054585,5/20/2017,USA,"OKLAHOMA CITY, OKLAHOMA",Support Activities for Oil and Gas Operations,Workplace Safety Incident,Hospitalization,Stratum_B_Pressure_Flammable_Chemical_H2S,Stratum_B_Pressure_Flammable_Chemical_H2S,"An employee was removing a threaded grease fitting from a valve. As the fitting came loose, it struck the employee's hand. Air, water, and grease also released with some pressure. The pressure or the fitting lacerated the employee's hand between the thumb and forefinger and abraded the skin between the thumb and wrist. The employee was hospitalized and had surgery.","Valves, nozzles",Cuts and abrasions or bruises,,,None identified,1,HIGH,"Energy: High-pressure fluid/gas stored energy | Exposure: Worker positioned in active hazard zone during Oilfield operational support task | Barrier Failure: Intervention on pressurized line / failure to verify zero residual pressure | Escalation: Fatal crushing impact, severe traumatic amputation, or fatal projectile strike",Energy Isolation,,Energy Isolation,Oilfield operational support task,High-pressure fluid/gas stored energy,"Positive energy isolation, verified depressurization & line-of-fire barricading",Intervention on pressurized line / failure to verify zero residual pressure,"Fatal crushing impact, severe traumatic amputation, or fatal projectile strike",,ANNOTATED
590,OILPS_OSHA_02650,OSHA,January2015toNovember2025.csv,2020098899,9/18/2020,USA,"MILL HALL, PENNSYLVANIA",Petroleum Lubricating Oil and Grease Manufacturing,Workplace Safety Incident,Hospitalization,Stratum_C_Height_Lifting_Dropped_Objects,Stratum_C_Height_Lifting_Dropped_Objects; Stratum_E_Vehicle_Transport,"While moving drums in the back of a delivery truck, an employee fell from the truck to the ground, suffering a concussion and head laceration. The employee was hospitalized.",Delivery truck or van,Concussions,Working at Height,Driving,Working at Height; Driving,0,MEDIUM,Energy: Low operational energy | Exposure: Routine task (Oilfield operational support task) | Barrier Failure: Minor procedural deviation | Escalation: Minor localized injury without credible SIF potential,Working at Height,Driving,Working at Height; Driving,Oilfield operational support task,Operational equipment hazard (unspecified energy),Standard operating procedures & PPE,Procedural deviation during task execution,Localized occupational injury without life-altering escalation,,ANNOTATED
591,OILPS_OSHA_01688,OSHA,January2015toNovember2025.csv,2018077232,7/18/2018,USA,"KINGFISHER, OKLAHOMA",Support Activities for Oil and Gas Operations,Workplace Safety Incident,Hospitalization,Stratum_B_Pressure_Flammable_Chemical_H2S,Stratum_B_Pressure_Flammable_Chemical_H2S; Stratum_E_Vehicle_Transport,While flushing chemical from a tanker truck an explosion occurred that burned three employees. One of the injured employees was hospitalized with burns to the face and hands.,,"Burns and corrosions, unspecified",Driving,,Driving,1,HIGH,"Energy: Flammable hydrocarbons / thermal ignition energy | Exposure: Worker positioned in active hazard zone during Oilfield operational support task | Barrier Failure: Hot work performed near flammable vapors / unverified atmospheric LEL | Escalation: Catastrophic vapor cloud explosion, mass toxic asphyxiation, or fatal burns",Hot Work,Driving,Hot Work; Driving,Oilfield operational support task,Flammable hydrocarbons / thermal ignition energy,"Continuous LEL gas monitoring, hot work permit & spark containment",Hot work performed near flammable vapors / unverified atmospheric LEL,"Catastrophic vapor cloud explosion, mass toxic asphyxiation, or fatal burns",Candidate LSR 'Driving' modified to 'Hot Work'.,ANNOTATED
592,OILPS_OSHA_01677,OSHA,January2015toNovember2025.csv,2018077061,7/13/2018,USA,"FORT MORGAN, COLORADO",Support Activities for Oil and Gas Operations,Workplace Safety Incident,Hospitalization,Stratum_C_Height_Lifting_Dropped_Objects,Stratum_C_Height_Lifting_Dropped_Objects,"On 7/13/2018, an employee climbed an 8-foot A-frame ladder to tape an area for painting. The employee finished and was starting to descend when the employee missed one of the ladder rungs and fell to the ground. The employee suffered a head cut and broken right ankle, requiring hospitalization and surgery.",Step ladders,Fractures,Working at Height,,Working at Height,1,HIGH,Energy: Elevated work position (gravitational energy) | Exposure: Worker positioned in active hazard zone during Oilfield operational support task | Barrier Failure: Safety lanyard unclipped / absent leading edge fall protection | Escalation: Fatal blunt force trauma from fall at elevation,Working at Height,,Working at Height,Oilfield operational support task,Elevated work position (gravitational energy),100% continuous tie-off full body safety harness & engineered guardrails,Safety lanyard unclipped / absent leading edge fall protection,Fatal blunt force trauma from fall at elevation,,ANNOTATED
593,OILPS_OSHA_00979,OSHA,January2015toNovember2025.csv,2017043747,4/26/2017,USA,"FULTONDALE, ALABAMA",Oil & Gas / Energy Related,Workplace Safety Incident,Hospitalization,Stratum_C_Height_Lifting_Dropped_Objects,Stratum_C_Height_Lifting_Dropped_Objects; Stratum_D_ConfinedSpace_HotWork_Isolation; Stratum_E_Vehicle_Transport,"An employee finished installing power line poles and stepped into a truck. The truck derrick made contact with the power line (12kV), resulting in electric shock to the employee. The employee received burns to the hands, feet, and internal body parts.","Boom truck, bucket or basket hoist truck","Electrical burns, unspecified",Energy Isolation,Working at Height,Energy Isolation; Working at Height; Driving,1,HIGH,Energy: Elevated work position (gravitational energy) | Exposure: Worker positioned in active hazard zone during Oilfield operational support task | Barrier Failure: Safety lanyard unclipped / absent leading edge fall protection | Escalation: Fatal blunt force trauma from fall at elevation,Working at Height,Driving,Working at Height; Driving,Oilfield operational support task,Elevated work position (gravitational energy),100% continuous tie-off full body safety harness & engineered guardrails,Safety lanyard unclipped / absent leading edge fall protection,Fatal blunt force trauma from fall at elevation,Candidate LSR 'Energy Isolation' modified to 'Working at Height'.,ANNOTATED
594,OILPS_OSHA_01851,OSHA,January2015toNovember2025.csv,20181011101,10/27/2018,USA,"BRIGGSDALE, COLORADO",Oil & Gas / Energy Related,Workplace Safety Incident,Hospitalization,Stratum_B_Pressure_Flammable_Chemical_H2S,Stratum_B_Pressure_Flammable_Chemical_H2S,Employees were constructing a tank battery and removing a bottom hatch with a grinder when a fire and explosion occurred from an empty tank. The injured employee received body burns that required hospitalization.,"Tanks, bins, vats-nonconfined space","Heat (thermal) burns, unspecified",,,None identified,1,HIGH,"Energy: Flammable hydrocarbons / thermal ignition energy | Exposure: Worker positioned in active hazard zone during Oilfield operational support task | Barrier Failure: Hot work performed near flammable vapors / unverified atmospheric LEL | Escalation: Catastrophic vapor cloud explosion, mass toxic asphyxiation, or fatal burns",Hot Work,,Hot Work,Oilfield operational support task,Flammable hydrocarbons / thermal ignition energy,"Continuous LEL gas monitoring, hot work permit & spark containment",Hot work performed near flammable vapors / unverified atmospheric LEL,"Catastrophic vapor cloud explosion, mass toxic asphyxiation, or fatal burns",,ANNOTATED
595,OILPS_OSHA_03214,OSHA,January2015toNovember2025.csv,2022098516,9/26/2022,USA,"LANCASTER, OHIO",Asphalt Paving Mixture and Block Manufacturing,Workplace Safety Incident,Amputation,Stratum_E_Vehicle_Transport,Stratum_E_Vehicle_Transport,An employee was helping load a trailer. The vehicle was jostled and his left middle finger was crushed between the truck and the hitch. He suffered an amputation to the finger.,"Truck-motorized freight hauling and utility, unspecified",Amputations,Driving,,Driving,0,MEDIUM,Energy: Low operational energy | Exposure: Routine task (Oilfield operational support task) | Barrier Failure: Minor procedural deviation | Escalation: Minor localized injury without credible SIF potential,Driving,,Driving,Oilfield operational support task,Operational equipment hazard (unspecified energy),Standard operating procedures & PPE,Procedural deviation during task execution,Localized occupational injury without life-altering escalation,,ANNOTATED
596,OILPS_OSHA_00876,OSHA,January2015toNovember2025.csv,2017010858,1/27/2017,USA,"SONORA, TEXAS",Support Activities for Oil and Gas Operations,Workplace Safety Incident,Hospitalization,Stratum_B_Pressure_Flammable_Chemical_H2S,Stratum_B_Pressure_Flammable_Chemical_H2S,An employee was cleaning a H2S (hydrogen sulfide) tower using a H2O2 (hydrogen peroxide) chemical when a chemical explosion occurred. The employee suffered burns to an ear and leg.,Hydrogen sulfide,"Burns and corrosions, unspecified",Toxic Gas / Hazardous Substance,,Toxic Gas / Hazardous Substance,1,HIGH,"Energy: Flammable hydrocarbons / thermal ignition energy; Toxic H2S gas / oxygen-deficient atmosphere | Exposure: Worker positioned in active hazard zone during Oilfield operational support task | Barrier Failure: Hot work performed near flammable vapors / unverified atmospheric LEL | Escalation: Catastrophic vapor cloud explosion, mass toxic asphyxiation, or fatal burns",Hot Work,Confined Space,Hot Work; Confined Space; Toxic Gas / Hazardous Substance,Oilfield operational support task,Flammable hydrocarbons / thermal ignition energy; Toxic H2S gas / oxygen-deficient atmosphere,"Continuous LEL gas monitoring, hot work permit & spark containment",Hot work performed near flammable vapors / unverified atmospheric LEL,"Catastrophic vapor cloud explosion, mass toxic asphyxiation, or fatal burns",Candidate LSR 'Toxic Gas / Hazardous Substance' modified to 'Hot Work'.,ANNOTATED
597,OILPS_OSHA_03813,OSHA,January2015toNovember2025.csv,2024076855,7/29/2024,USA,"VANZANT, MISSOURI",Oil & Gas / Energy Related,Workplace Safety Incident,Hospitalization,Stratum_D_ConfinedSpace_HotWork_Isolation,Stratum_D_ConfinedSpace_HotWork_Isolation,"An employee was retrieving material from the open bin of a digger derrick when the digger derrick contacted 7,200-volt primary electric lines. The employee sustained an electrical shock that went through his arms and exited his right foot.","Power lines, transformers, convertors","Electrocution, electric shock",Energy Isolation,Working at Height,Energy Isolation; Working at Height,1,HIGH,Energy: Elevated work position (gravitational energy) | Exposure: Worker positioned in active hazard zone during Electrical system maintenance and troubleshooting | Barrier Failure: Safety lanyard unclipped / absent leading edge fall protection | Escalation: Fatal blunt force trauma from fall at elevation,Working at Height,,Working at Height,Electrical system maintenance and troubleshooting,Elevated work position (gravitational energy),100% continuous tie-off full body safety harness & engineered guardrails,Safety lanyard unclipped / absent leading edge fall protection,Fatal blunt force trauma from fall at elevation,Candidate LSR 'Energy Isolation' modified to 'Working at Height'.,ANNOTATED
598,OILPS_OSHA_02576,OSHA,January2015toNovember2025.csv,2020054774,5/22/2020,USA,"FLORIEN, LOUISIANA",Oil and Gas Pipeline Construction,Workplace Safety Incident,Hospitalization,Stratum_D_ConfinedSpace_HotWork_Isolation,Stratum_D_ConfinedSpace_HotWork_Isolation,"An employee was tasked with welding a pipe. As he was getting a cutting torch from a toolbox on a buggy, he became caught between the side boom of a pipelayer and the buggy. He suffered internal bleeding and damage to his small intestine, requiring hospitalization and surgery.","Construction, logging, and mining machinery, unspecified",Internal injuries to organs and blood vessels of the trunk,Hot Work,,Hot Work,1,HIGH,"Energy: Flammable hydrocarbons / thermal ignition energy | Exposure: Worker positioned in active hazard zone during Hot work / welding and thermal cutting | Barrier Failure: Hot work performed near flammable vapors / unverified atmospheric LEL | Escalation: Catastrophic vapor cloud explosion, mass toxic asphyxiation, or fatal burns",Hot Work,,Hot Work,Hot work / welding and thermal cutting,Flammable hydrocarbons / thermal ignition energy,"Continuous LEL gas monitoring, hot work permit & spark containment",Hot work performed near flammable vapors / unverified atmospheric LEL,"Catastrophic vapor cloud explosion, mass toxic asphyxiation, or fatal burns",,ANNOTATED
599,OILPS_OSHA_02260,OSHA,January2015toNovember2025.csv,2019088188,8/9/2019,USA,"SARASOTA, FLORIDA",Oil & Gas / Energy Related,Workplace Safety Incident,Hospitalization,Stratum_B_Pressure_Flammable_Chemical_H2S,Stratum_B_Pressure_Flammable_Chemical_H2S,"An employee was using compressed air to blow a sponge through a concrete pipeline to clean the pipe. The employee was disengaging the fitting of the air hose reducer, which was still under pressure, when the reducer struck the employee just below the hard hat line. The employee suffered a concussion, brain bleed, and forehead laceration.","Machine and appliance parts, n.e.c.","Multiple intracranial injuries, n.e.c.",,,None identified,1,HIGH,"Energy: High-pressure fluid/gas stored energy | Exposure: Worker positioned in active hazard zone during Oilfield operational support task | Barrier Failure: Intervention on pressurized line / failure to verify zero residual pressure | Escalation: Fatal crushing impact, severe traumatic amputation, or fatal projectile strike",Energy Isolation,,Energy Isolation,Oilfield operational support task,High-pressure fluid/gas stored energy,"Positive energy isolation, verified depressurization & line-of-fire barricading",Intervention on pressurized line / failure to verify zero residual pressure,"Fatal crushing impact, severe traumatic amputation, or fatal projectile strike",,ANNOTATED
600,OILPS_OSHA_00885,OSHA,January2015toNovember2025.csv,2017021023,2/1/2017,USA,"ANNA, TEXAS",Oil and Gas Pipeline Construction,Workplace Safety Incident,Hospitalization,Stratum_E_Vehicle_Transport,Stratum_E_Vehicle_Transport,"An employee was fixing a damaged pipeline and was struck by a pickup truck. The employee suffered a broken leg, rib trauma, damaged spleen and a punctured lung.",Pickup truck,Internal injuries to organs and blood vessels of the trunk,Line of Fire,Driving,Line of Fire; Driving,1,MEDIUM,Energy: Stored mechanical/tubular energy | Exposure: Floor worker during Oilfield operational support task | Barrier Failure: Line-of-fire control compromised | Escalation: Crushing impact / permanent disabling trauma,Line of Fire,Driving,Line of Fire; Driving,Oilfield operational support task,Operational equipment hazard (unspecified energy),Standard operating procedures & PPE,Procedural deviation during task execution,Localized occupational injury without life-altering escalation,,ANNOTATED
