source_record_id,max_score,second_score,score_margin,predicted_label_count,predicted_labels,confidence,decision,provenance,lsr_prob_bypassing_safety_controls,lsr_prob_confined_space,lsr_prob_driving,lsr_prob_energy_isolation,lsr_prob_hot_work,lsr_prob_line_of_fire,lsr_prob_safe_mechanical_lifting,lsr_prob_work_authorization,lsr_prob_working_at_height
HPE_P006,0.0007,0.0001,0.0006,0,NONE,NO_PREDICTION,REJECTED_ZERO_LABELS,UNKNOWN,0.0,0.0,0.0,0.0001,0.0,0.0,0.0,0.0,0.0007
HPE_P007,0.011,0.0018,0.0092,0,NONE,NO_PREDICTION,REJECTED_ZERO_LABELS,UNKNOWN,0.0,0.0001,0.0,0.0018,0.011,0.0001,0.0,0.0,0.0011
HPE_P008,0.0399,0.0003,0.0396,0,NONE,NO_PREDICTION,REJECTED_ZERO_LABELS,UNKNOWN,0.0,0.0001,0.0,0.0399,0.0003,0.0,0.0,0.0,0.0002
HPE_P009,0.0005,0.0001,0.0004,0,NONE,NO_PREDICTION,REJECTED_ZERO_LABELS,UNKNOWN,0.0,0.0,0.0,0.0005,0.0001,0.0,0.0,0.0,0.0
HPE_P011,0.0002,0.0002,0.0,0,NONE,NO_PREDICTION,REJECTED_ZERO_LABELS,UNKNOWN,0.0,0.0,0.0,0.0002,0.0001,0.0001,0.0002,0.0,0.0002
HPE_P000,0.0054,0.0006,0.0048,0,NONE,NO_PREDICTION,REJECTED_ZERO_LABELS,UNKNOWN,0.0,0.0,0.0054,0.0,0.0,0.0001,0.0,0.0,0.0006
HPE_P012,0.0028,0.0002,0.0026,0,NONE,NO_PREDICTION,REJECTED_ZERO_LABELS,UNKNOWN,0.0,0.0,0.0001,0.0002,0.0,0.0001,0.0,0.0,0.0028
HPE_P013,0.0523,0.0091,0.0432,0,NONE,NO_PREDICTION,REJECTED_ZERO_LABELS,UNKNOWN,0.0,0.0001,0.0523,0.0,0.0078,0.0002,0.0091,0.0001,0.0004
HPE_P014,0.0001,0.0001,0.0,0,NONE,NO_PREDICTION,REJECTED_ZERO_LABELS,UNKNOWN,0.0,0.0,0.0,0.0,0.0,0.0001,0.0,0.0,0.0001
HPE_P015,0.0033,0.0005,0.0028,0,NONE,NO_PREDICTION,REJECTED_ZERO_LABELS,UNKNOWN,0.0,0.0,0.0,0.0033,0.0002,0.0,0.0001,0.0,0.0005
HPE_P016,0.0549,0.0001,0.0548,0,NONE,NO_PREDICTION,REJECTED_ZERO_LABELS,UNKNOWN,0.0,0.0,0.0,0.0001,0.0,0.0,0.0549,0.0,0.0001
HPE_P017,0.0242,0.0001,0.0241,0,NONE,NO_PREDICTION,REJECTED_ZERO_LABELS,UNKNOWN,0.0,0.0,0.0,0.0242,0.0001,0.0,0.0,0.0,0.0
HPE_P018,0.0372,0.009,0.0282,0,NONE,NO_PREDICTION,REJECTED_ZERO_LABELS,UNKNOWN,0.0,0.0,0.0004,0.0002,0.0,0.0,0.0372,0.0001,0.009
HPE_P019,0.1774,0.0082,0.1692,0,NONE,NO_PREDICTION,REJECTED_ZERO_LABELS,UNKNOWN,0.0001,0.0001,0.1774,0.0001,0.0,0.0004,0.0,0.0,0.0082
HPE_P020,0.0074,0.0005,0.0069,0,NONE,NO_PREDICTION,REJECTED_ZERO_LABELS,UNKNOWN,0.0,0.0,0.0,0.0001,0.0005,0.0,0.0074,0.0,0.0
HPE_P000,0.0087,0.0004,0.0083,0,NONE,NO_PREDICTION,REJECTED_ZERO_LABELS,UNKNOWN,0.0,0.0,0.0,0.0087,0.0,0.0004,0.0001,0.0,0.0001
HPE_P021,0.0008,0.0007,0.0001,0,NONE,NO_PREDICTION,REJECTED_ZERO_LABELS,UNKNOWN,0.0,0.0,0.0001,0.0001,0.0,0.0,0.0007,0.0,0.0008
HPE_P022,0.0086,0.0001,0.0085,0,NONE,NO_PREDICTION,REJECTED_ZERO_LABELS,UNKNOWN,0.0,0.0,0.0001,0.0001,0.0001,0.0001,0.0,0.0,0.0086
HPE_P000,0.0017,0.0008,0.0009,0,NONE,NO_PREDICTION,REJECTED_ZERO_LABELS,UNKNOWN,0.0,0.0,0.0,0.0001,0.0001,0.0001,0.0017,0.0,0.0008
HPE_P023,0.0053,0.0008,0.0045,0,NONE,NO_PREDICTION,REJECTED_ZERO_LABELS,UNKNOWN,0.0,0.0,0.0,0.0003,0.0053,0.0001,0.0,0.0,0.0008
HPE_P024,0.0022,0.0004,0.0018,0,NONE,NO_PREDICTION,REJECTED_ZERO_LABELS,UNKNOWN,0.0,0.0,0.0,0.0,0.0004,0.0,0.0022,0.0,0.0003
HPE_P000,0.0019,0.0005,0.0014,0,NONE,NO_PREDICTION,REJECTED_ZERO_LABELS,UNKNOWN,0.0,0.0,0.0,0.0,0.0005,0.0,0.0,0.0,0.0019
HPE_P026,0.0002,0.0001,0.0001,0,NONE,NO_PREDICTION,REJECTED_ZERO_LABELS,UNKNOWN,0.0,0.0,0.0002,0.0,0.0001,0.0,0.0,0.0001,0.0001
HPE_P027,0.0014,0.0008,0.0006,0,NONE,NO_PREDICTION,REJECTED_ZERO_LABELS,UNKNOWN,0.0,0.0,0.0,0.0001,0.0008,0.0002,0.0,0.0,0.0014
HPE_P028,0.0016,0.0008,0.0008,0,NONE,NO_PREDICTION,REJECTED_ZERO_LABELS,UNKNOWN,0.0,0.0,0.0,0.0016,0.0008,0.0,0.0,0.0,0.0007
HPE_P029,0.0007,0.0004,0.0003,0,NONE,NO_PREDICTION,REJECTED_ZERO_LABELS,UNKNOWN,0.0,0.0,0.0,0.0004,0.0007,0.0001,0.0002,0.0,0.0003
HPE_P030,0.0142,0.0015,0.0127,0,NONE,NO_PREDICTION,REJECTED_ZERO_LABELS,UNKNOWN,0.0,0.0,0.0,0.0015,0.0001,0.0005,0.0,0.0,0.0142
HPE_P031,0.0002,0.0002,0.0,0,NONE,NO_PREDICTION,REJECTED_ZERO_LABELS,UNKNOWN,0.0,0.0,0.0,0.0,0.0001,0.0,0.0002,0.0,0.0002
HPE_P032,0.0001,0.0,0.0001,0,NONE,NO_PREDICTION,REJECTED_ZERO_LABELS,UNKNOWN,0.0,0.0,0.0,0.0,0.0,0.0,0.0,0.0,0.0001
HPE_P000,0.0013,0.0,0.0013,0,NONE,NO_PREDICTION,REJECTED_ZERO_LABELS,UNKNOWN,0.0,0.0,0.0,0.0,0.0013,0.0,0.0,0.0,0.0
HPE_P033,0.0001,0.0001,0.0,0,NONE,NO_PREDICTION,REJECTED_ZERO_LABELS,UNKNOWN,0.0,0.0,0.0001,0.0,0.0001,0.0,0.0,0.0,0.0001
HPE_P035,0.5259,0.0045,0.5214,1,Driving,MEDIUM,SENT_TO_HUMAN_REVIEW,UNKNOWN,0.0004,0.0002,0.5259,0.0045,0.0001,0.0002,0.0033,0.0003,0.0002
HPE_P036,0.0043,0.0005,0.0038,0,NONE,NO_PREDICTION,REJECTED_ZERO_LABELS,UNKNOWN,0.0,0.0,0.0,0.0005,0.0,0.0,0.0,0.0,0.0043
HPE_P037,0.0019,0.0005,0.0014,0,NONE,NO_PREDICTION,REJECTED_ZERO_LABELS,UNKNOWN,0.0,0.0,0.0,0.0002,0.0019,0.0003,0.0005,0.0,0.0001
HPE_P038,0.8961,0.0108,0.8853,1,Safe Mechanical Lifting,HIGH,ACCEPT_MODEL_PREDICTED,MODEL_PREDICTED,0.0,0.0,0.0004,0.0003,0.0005,0.0001,0.8961,0.0002,0.0108
HPE_P039,0.0002,0.0001,0.0001,0,NONE,NO_PREDICTION,REJECTED_ZERO_LABELS,UNKNOWN,0.0,0.0,0.0,0.0002,0.0001,0.0,0.0,0.0,0.0001
HPE_P040,0.0015,0.0005,0.001,0,NONE,NO_PREDICTION,REJECTED_ZERO_LABELS,UNKNOWN,0.0,0.0,0.0,0.0015,0.0001,0.0,0.0,0.0,0.0005
HPE_P041,0.0,0.0,0.0,0,NONE,NO_PREDICTION,REJECTED_ZERO_LABELS,UNKNOWN,0.0,0.0,0.0,0.0,0.0,0.0,0.0,0.0,0.0
HPE_P042,0.0007,0.0004,0.0003,0,NONE,NO_PREDICTION,REJECTED_ZERO_LABELS,UNKNOWN,0.0,0.0,0.0,0.0004,0.0001,0.0,0.0001,0.0,0.0007
HPE_P043,0.0167,0.0043,0.0124,0,NONE,NO_PREDICTION,REJECTED_ZERO_LABELS,UNKNOWN,0.0001,0.0004,0.0,0.0167,0.0043,0.0006,0.0003,0.0001,0.0018
HPE_P000,0.0007,0.0002,0.0005,0,NONE,NO_PREDICTION,REJECTED_ZERO_LABELS,UNKNOWN,0.0,0.0,0.0,0.0002,0.0007,0.0,0.0,0.0,0.0
HPE_P044,0.0005,0.0004,0.0001,0,NONE,NO_PREDICTION,REJECTED_ZERO_LABELS,UNKNOWN,0.0,0.0,0.0,0.0005,0.0001,0.0002,0.0,0.0,0.0004
HPE_P045,0.0006,0.0001,0.0005,0,NONE,NO_PREDICTION,REJECTED_ZERO_LABELS,UNKNOWN,0.0,0.0,0.0,0.0001,0.0,0.0001,0.0001,0.0,0.0006
HPE_P046,0.006,0.002,0.004,0,NONE,NO_PREDICTION,REJECTED_ZERO_LABELS,UNKNOWN,0.0,0.0,0.0001,0.0004,0.0002,0.0,0.006,0.0001,0.002
HPE_P047,0.0006,0.0004,0.0002,0,NONE,NO_PREDICTION,REJECTED_ZERO_LABELS,UNKNOWN,0.0,0.0,0.0001,0.0001,0.0,0.0001,0.0004,0.0,0.0006
HPE_P048,0.0007,0.0,0.0007,0,NONE,NO_PREDICTION,REJECTED_ZERO_LABELS,UNKNOWN,0.0,0.0,0.0,0.0,0.0,0.0,0.0,0.0,0.0007
HPE_P049,0.1555,0.0038,0.1517,0,NONE,NO_PREDICTION,REJECTED_ZERO_LABELS,UNKNOWN,0.0001,0.0007,0.0,0.1555,0.0038,0.0001,0.0,0.0001,0.0005
HPE_P050,0.0003,0.0001,0.0002,0,NONE,NO_PREDICTION,REJECTED_ZERO_LABELS,UNKNOWN,0.0,0.0,0.0001,0.0001,0.0,0.0003,0.0,0.0,0.0001
HPE_P051,0.0033,0.0002,0.0031,0,NONE,NO_PREDICTION,REJECTED_ZERO_LABELS,UNKNOWN,0.0,0.0,0.0,0.0033,0.0002,0.0,0.0,0.0,0.0002
HPE_P052,0.0008,0.0005,0.0003,0,NONE,NO_PREDICTION,REJECTED_ZERO_LABELS,UNKNOWN,0.0,0.0,0.0,0.0008,0.0002,0.0,0.0002,0.0,0.0005
HPE_P053,0.0009,0.0005,0.0004,0,NONE,NO_PREDICTION,REJECTED_ZERO_LABELS,UNKNOWN,0.0,0.0,0.0001,0.0,0.0001,0.0009,0.0,0.0,0.0005
HPE_P054,0.6702,0.0001,0.6701,1,Hot Work,MEDIUM,SENT_TO_HUMAN_REVIEW,UNKNOWN,0.0,0.0001,0.0,0.0001,0.6702,0.0,0.0,0.0,0.0
HPE_P055,0.0151,0.0073,0.0078,0,NONE,NO_PREDICTION,REJECTED_ZERO_LABELS,UNKNOWN,0.0,0.0,0.0002,0.0151,0.0002,0.0003,0.0002,0.0,0.0073
HPE_P056,0.0208,0.0002,0.0206,0,NONE,NO_PREDICTION,REJECTED_ZERO_LABELS,UNKNOWN,0.0,0.0,0.0,0.0002,0.0001,0.0,0.0208,0.0,0.0001
HPE_P057,0.003,0.0008,0.0022,0,NONE,NO_PREDICTION,REJECTED_ZERO_LABELS,UNKNOWN,0.0001,0.0001,0.0001,0.003,0.0002,0.0001,0.0,0.0001,0.0008
HPE_P058,0.0099,0.0014,0.0085,0,NONE,NO_PREDICTION,REJECTED_ZERO_LABELS,UNKNOWN,0.0,0.0,0.0001,0.0002,0.0,0.0,0.0099,0.0001,0.0014
HPE_P059,0.0329,0.0329,0.0,0,NONE,NO_PREDICTION,REJECTED_ZERO_LABELS,UNKNOWN,0.0004,0.0001,0.0001,0.0329,0.0002,0.0329,0.0001,0.0,0.0002
HPE_P060,0.0006,0.0001,0.0005,0,NONE,NO_PREDICTION,REJECTED_ZERO_LABELS,UNKNOWN,0.0,0.0,0.0,0.0001,0.0,0.0,0.0,0.0,0.0006
HPE_P061,0.0272,0.0126,0.0146,0,NONE,NO_PREDICTION,REJECTED_ZERO_LABELS,UNKNOWN,0.0,0.0,0.0,0.0071,0.0126,0.0001,0.0272,0.0,0.0063
HPE_P062,0.0024,0.0007,0.0017,0,NONE,NO_PREDICTION,REJECTED_ZERO_LABELS,UNKNOWN,0.0,0.0,0.0,0.0007,0.0002,0.0001,0.0001,0.0,0.0024
HPE_P063,0.0091,0.0003,0.0088,0,NONE,NO_PREDICTION,REJECTED_ZERO_LABELS,UNKNOWN,0.0,0.0,0.0001,0.0,0.0001,0.0001,0.0003,0.0,0.0091
HPE_P064,0.0006,0.0005,0.0001,0,NONE,NO_PREDICTION,REJECTED_ZERO_LABELS,UNKNOWN,0.0,0.0,0.0,0.0005,0.0,0.0001,0.0,0.0,0.0006
HPE_P065,0.0002,0.0001,0.0001,0,NONE,NO_PREDICTION,REJECTED_ZERO_LABELS,UNKNOWN,0.0,0.0,0.0,0.0,0.0,0.0001,0.0,0.0,0.0002
HPE_P066,0.0013,0.0002,0.0011,0,NONE,NO_PREDICTION,REJECTED_ZERO_LABELS,UNKNOWN,0.0,0.0,0.0,0.0002,0.0,0.0013,0.0,0.0,0.0001
HPE_P067,0.0067,0.0003,0.0064,0,NONE,NO_PREDICTION,REJECTED_ZERO_LABELS,UNKNOWN,0.0,0.0,0.0,0.0003,0.0001,0.0067,0.0,0.0,0.0003
HPE_P068,0.0004,0.0002,0.0002,0,NONE,NO_PREDICTION,REJECTED_ZERO_LABELS,UNKNOWN,0.0,0.0,0.0002,0.0004,0.0,0.0001,0.0,0.0,0.0
HPE_P000,0.0021,0.0003,0.0018,0,NONE,NO_PREDICTION,REJECTED_ZERO_LABELS,UNKNOWN,0.0,0.0,0.0,0.0001,0.0,0.0001,0.0003,0.0,0.0021
HPE_P069,0.0313,0.0002,0.0311,0,NONE,NO_PREDICTION,REJECTED_ZERO_LABELS,UNKNOWN,0.0,0.0,0.0,0.0313,0.0001,0.0,0.0,0.0,0.0002
HPE_P070,0.1502,0.0293,0.1209,0,NONE,NO_PREDICTION,REJECTED_ZERO_LABELS,UNKNOWN,0.0001,0.0034,0.0001,0.1502,0.0293,0.0001,0.0,0.0009,0.0062
HPE_P000,0.0026,0.0004,0.0022,0,NONE,NO_PREDICTION,REJECTED_ZERO_LABELS,UNKNOWN,0.0,0.0,0.0,0.0004,0.0001,0.0001,0.0,0.0,0.0026
HPE_P071,0.0094,0.0001,0.0093,0,NONE,NO_PREDICTION,REJECTED_ZERO_LABELS,UNKNOWN,0.0,0.0,0.0,0.0,0.0094,0.0001,0.0,0.0,0.0
HPE_P072,0.1457,0.001,0.1447,0,NONE,NO_PREDICTION,REJECTED_ZERO_LABELS,UNKNOWN,0.0002,0.0005,0.0003,0.1457,0.0005,0.0002,0.0,0.0001,0.001
HPE_P073,0.0006,0.0004,0.0002,0,NONE,NO_PREDICTION,REJECTED_ZERO_LABELS,UNKNOWN,0.0,0.0,0.0,0.0,0.0,0.0006,0.0,0.0,0.0004
HPE_P074,0.0082,0.0007,0.0075,0,NONE,NO_PREDICTION,REJECTED_ZERO_LABELS,UNKNOWN,0.0001,0.0002,0.0,0.0082,0.0005,0.0001,0.0,0.0,0.0007
HPE_P075,0.0023,0.0001,0.0022,0,NONE,NO_PREDICTION,REJECTED_ZERO_LABELS,UNKNOWN,0.0,0.0,0.0,0.0023,0.0001,0.0001,0.0,0.0,0.0001
HPE_P076,0.0007,0.0002,0.0005,0,NONE,NO_PREDICTION,REJECTED_ZERO_LABELS,UNKNOWN,0.0,0.0,0.0,0.0002,0.0,0.0001,0.0,0.0,0.0007
HPE_P077,0.0016,0.0007,0.0009,0,NONE,NO_PREDICTION,REJECTED_ZERO_LABELS,UNKNOWN,0.0,0.0,0.0,0.0016,0.0007,0.0003,0.0,0.0,0.0
HPE_P078,0.0013,0.0006,0.0007,0,NONE,NO_PREDICTION,REJECTED_ZERO_LABELS,UNKNOWN,0.0,0.0,0.0,0.0003,0.0003,0.0013,0.0,0.0,0.0006
HPE_P079,0.0064,0.0003,0.0061,0,NONE,NO_PREDICTION,REJECTED_ZERO_LABELS,UNKNOWN,0.0,0.0,0.0,0.0003,0.0,0.0001,0.0,0.0,0.0064
HPE_P080,0.0138,0.0004,0.0134,0,NONE,NO_PREDICTION,REJECTED_ZERO_LABELS,UNKNOWN,0.0,0.0,0.0001,0.0002,0.0,0.0004,0.0,0.0,0.0138
HPE_P081,0.0005,0.0003,0.0002,0,NONE,NO_PREDICTION,REJECTED_ZERO_LABELS,UNKNOWN,0.0,0.0,0.0,0.0003,0.0,0.0,0.0,0.0,0.0005
HPE_P082,0.0013,0.0011,0.0002,0,NONE,NO_PREDICTION,REJECTED_ZERO_LABELS,UNKNOWN,0.0,0.0001,0.0,0.0011,0.0006,0.0013,0.0001,0.0,0.0004
HPE_P000,0.0011,0.001,0.0001,0,NONE,NO_PREDICTION,REJECTED_ZERO_LABELS,UNKNOWN,0.0,0.0,0.001,0.0001,0.0,0.0011,0.0,0.0,0.0004
HPE_P083,0.0117,0.0015,0.0102,0,NONE,NO_PREDICTION,REJECTED_ZERO_LABELS,UNKNOWN,0.0,0.0,0.0117,0.0001,0.0,0.0001,0.0,0.0,0.0015
HPE_P084,0.0343,0.0003,0.034,0,NONE,NO_PREDICTION,REJECTED_ZERO_LABELS,UNKNOWN,0.0,0.0,0.0,0.0002,0.0,0.0003,0.0001,0.0,0.0343
HPE_P085,0.0034,0.0007,0.0027,0,NONE,NO_PREDICTION,REJECTED_ZERO_LABELS,UNKNOWN,0.0,0.0,0.0,0.0001,0.0007,0.0,0.0001,0.0,0.0034
HPE_P086,0.0746,0.0026,0.072,0,NONE,NO_PREDICTION,REJECTED_ZERO_LABELS,UNKNOWN,0.0,0.0001,0.0,0.0004,0.0746,0.0026,0.0,0.0,0.0
HPE_P087,0.0011,0.0011,0.0,0,NONE,NO_PREDICTION,REJECTED_ZERO_LABELS,UNKNOWN,0.0,0.0,0.0,0.0011,0.0009,0.0,0.0,0.0,0.0011
HPE_P000,0.9549,0.0013,0.9536,1,Safe Mechanical Lifting,HIGH,ACCEPT_MODEL_PREDICTED,MODEL_PREDICTED,0.0,0.0,0.0003,0.0002,0.0013,0.0,0.9549,0.0001,0.0002
HPE_P088,0.0021,0.0003,0.0018,0,NONE,NO_PREDICTION,REJECTED_ZERO_LABELS,UNKNOWN,0.0,0.0,0.0,0.0003,0.0001,0.0,0.0,0.0,0.0021
HPE_P089,0.0003,0.0001,0.0002,0,NONE,NO_PREDICTION,REJECTED_ZERO_LABELS,UNKNOWN,0.0,0.0,0.0,0.0001,0.0003,0.0,0.0,0.0,0.0
HPE_P090,0.0004,0.0002,0.0002,0,NONE,NO_PREDICTION,REJECTED_ZERO_LABELS,UNKNOWN,0.0,0.0,0.0,0.0002,0.0004,0.0,0.0,0.0,0.0
HPE_P000,0.0077,0.0003,0.0074,0,NONE,NO_PREDICTION,REJECTED_ZERO_LABELS,UNKNOWN,0.0,0.0,0.0001,0.0001,0.0,0.0003,0.0077,0.0,0.0001
HPE_P091,0.0003,0.0001,0.0002,0,NONE,NO_PREDICTION,REJECTED_ZERO_LABELS,UNKNOWN,0.0,0.0,0.0,0.0003,0.0,0.0,0.0,0.0,0.0001
IOGP_SPI_P000,0.0172,0.006,0.0112,0,NONE,NO_PREDICTION,REJECTED_ZERO_LABELS,UNKNOWN,0.0,0.0002,0.0,0.0,0.0172,0.006,0.0002,0.0,0.0
IOGP_SPI_P007,0.0004,0.0001,0.0003,0,NONE,NO_PREDICTION,REJECTED_ZERO_LABELS,UNKNOWN,0.0,0.0,0.0,0.0,0.0001,0.0001,0.0,0.0,0.0004
IOGP_SPI_P008,0.0001,0.0001,0.0,0,NONE,NO_PREDICTION,REJECTED_ZERO_LABELS,UNKNOWN,0.0,0.0,0.0,0.0,0.0001,0.0001,0.0,0.0,0.0
IOGP_SPI_P009,0.0006,0.0006,0.0,0,NONE,NO_PREDICTION,REJECTED_ZERO_LABELS,UNKNOWN,0.0,0.0,0.0,0.0006,0.0,0.0,0.0,0.0,0.0006
IOGP_FATAL_P000,0.0013,0.0001,0.0012,0,NONE,NO_PREDICTION,REJECTED_ZERO_LABELS,UNKNOWN,0.0,0.0,0.0,0.0001,0.0013,0.0,0.0,0.0,0.0
IOGP_SPI_P010,0.0002,0.0001,0.0001,0,NONE,NO_PREDICTION,REJECTED_ZERO_LABELS,UNKNOWN,0.0,0.0,0.0,0.0001,0.0,0.0,0.0,0.0,0.0002
IOGP_SPI_P011,0.0003,0.0001,0.0002,0,NONE,NO_PREDICTION,REJECTED_ZERO_LABELS,UNKNOWN,0.0,0.0,0.0,0.0003,0.0,0.0,0.0,0.0,0.0001
IOGP_SPI_P012,0.0001,0.0001,0.0,0,NONE,NO_PREDICTION,REJECTED_ZERO_LABELS,UNKNOWN,0.0,0.0,0.0,0.0001,0.0001,0.0,0.0,0.0,0.0
IOGP_SPI_P013,0.0019,0.0001,0.0018,0,NONE,NO_PREDICTION,REJECTED_ZERO_LABELS,UNKNOWN,0.0,0.0,0.0,0.0019,0.0,0.0001,0.0001,0.0,0.0001
IOGP_FATAL_P000,0.0092,0.0002,0.009,0,NONE,NO_PREDICTION,REJECTED_ZERO_LABELS,UNKNOWN,0.0,0.0,0.0,0.0002,0.0092,0.0,0.0,0.0,0.0
IOGP_FATAL_P014,0.0001,0.0,0.0001,0,NONE,NO_PREDICTION,REJECTED_ZERO_LABELS,UNKNOWN,0.0,0.0,0.0,0.0,0.0,0.0,0.0,0.0,0.0001
IOGP_SPI_P015,0.0039,0.0003,0.0036,0,NONE,NO_PREDICTION,REJECTED_ZERO_LABELS,UNKNOWN,0.0,0.0002,0.0,0.0039,0.0003,0.0,0.0,0.0,0.0002
IOGP_SPI_P000,0.0004,0.0001,0.0003,0,NONE,NO_PREDICTION,REJECTED_ZERO_LABELS,UNKNOWN,0.0,0.0,0.0,0.0004,0.0,0.0,0.0,0.0,0.0001
IOGP_SPI_P016,0.0041,0.0001,0.004,0,NONE,NO_PREDICTION,REJECTED_ZERO_LABELS,UNKNOWN,0.0,0.0001,0.0,0.0,0.0041,0.0,0.0,0.0,0.0
IOGP_SPI_P000,0.0,0.0,0.0,0,NONE,NO_PREDICTION,REJECTED_ZERO_LABELS,UNKNOWN,0.0,0.0,0.0,0.0,0.0,0.0,0.0,0.0,0.0
IOGP_SPI_P017,0.0011,0.0003,0.0008,0,NONE,NO_PREDICTION,REJECTED_ZERO_LABELS,UNKNOWN,0.0,0.0,0.0,0.0011,0.0001,0.0003,0.0,0.0,0.0001
IOGP_SPI_P000,0.0159,0.0001,0.0158,0,NONE,NO_PREDICTION,REJECTED_ZERO_LABELS,UNKNOWN,0.0,0.0,0.0,0.0,0.0159,0.0,0.0001,0.0,0.0
IOGP_SPI_P018,0.0004,0.0003,0.0001,0,NONE,NO_PREDICTION,REJECTED_ZERO_LABELS,UNKNOWN,0.0,0.0,0.0,0.0003,0.0004,0.0,0.0,0.0,0.0
IOGP_FATAL_P019,0.0003,0.0002,0.0001,0,NONE,NO_PREDICTION,REJECTED_ZERO_LABELS,UNKNOWN,0.0,0.0,0.0,0.0,0.0,0.0003,0.0,0.0,0.0002
IOGP_SPI_P020,0.0006,0.0005,0.0001,0,NONE,NO_PREDICTION,REJECTED_ZERO_LABELS,UNKNOWN,0.0,0.0,0.0,0.0005,0.0002,0.0004,0.0,0.0,0.0006
IOGP_SPI_P021,0.0443,0.001,0.0433,0,NONE,NO_PREDICTION,REJECTED_ZERO_LABELS,UNKNOWN,0.0001,0.0002,0.0443,0.0007,0.0003,0.0,0.0,0.0002,0.001
IOGP_SPI_P000,0.1184,0.0061,0.1123,0,NONE,NO_PREDICTION,REJECTED_ZERO_LABELS,UNKNOWN,0.0,0.0002,0.1184,0.0001,0.0061,0.0001,0.0,0.0001,0.0001
IOGP_SPI_P022,0.0001,0.0001,0.0,0,NONE,NO_PREDICTION,REJECTED_ZERO_LABELS,UNKNOWN,0.0,0.0,0.0,0.0001,0.0001,0.0001,0.0,0.0,0.0001
IOGP_SPI_P023,0.0001,0.0,0.0001,0,NONE,NO_PREDICTION,REJECTED_ZERO_LABELS,UNKNOWN,0.0,0.0,0.0,0.0001,0.0,0.0,0.0,0.0,0.0
IOGP_SPI_P000,0.0004,0.0004,0.0,0,NONE,NO_PREDICTION,REJECTED_ZERO_LABELS,UNKNOWN,0.0,0.0,0.0,0.0003,0.0004,0.0,0.0,0.0,0.0004
IOGP_SPI_P024,0.1191,0.0016,0.1175,0,NONE,NO_PREDICTION,REJECTED_ZERO_LABELS,UNKNOWN,0.0,0.0001,0.0,0.1191,0.0016,0.0,0.0001,0.0,0.0
IOGP_SPI_P025,0.0003,0.0003,0.0,0,NONE,NO_PREDICTION,REJECTED_ZERO_LABELS,UNKNOWN,0.0,0.0,0.0001,0.0,0.0001,0.0003,0.0,0.0,0.0003
IOGP_SPI_P000,0.0003,0.0,0.0003,0,NONE,NO_PREDICTION,REJECTED_ZERO_LABELS,UNKNOWN,0.0,0.0,0.0,0.0003,0.0,0.0,0.0,0.0,0.0
IOGP_SPI_P026,0.0001,0.0001,0.0,0,NONE,NO_PREDICTION,REJECTED_ZERO_LABELS,UNKNOWN,0.0,0.0,0.0,0.0,0.0001,0.0,0.0,0.0,0.0001
IOGP_SPI_P027,0.0003,0.0003,0.0,0,NONE,NO_PREDICTION,REJECTED_ZERO_LABELS,UNKNOWN,0.0,0.0,0.0,0.0001,0.0,0.0003,0.0,0.0,0.0003
IOGP_SPI_P000,0.0013,0.0012,0.0001,0,NONE,NO_PREDICTION,REJECTED_ZERO_LABELS,UNKNOWN,0.0,0.0,0.0,0.0006,0.0,0.0013,0.0,0.0,0.0012
IOGP_SPI_P028,0.0073,0.0011,0.0062,0,NONE,NO_PREDICTION,REJECTED_ZERO_LABELS,UNKNOWN,0.0,0.0,0.0,0.0001,0.0,0.0011,0.0,0.0,0.0073
IOGP_SPI_P029,0.0005,0.0004,0.0001,0,NONE,NO_PREDICTION,REJECTED_ZERO_LABELS,UNKNOWN,0.0,0.0,0.0,0.0005,0.0004,0.0004,0.0,0.0,0.0001
IOGP_SPI_P000,0.0031,0.0001,0.003,0,NONE,NO_PREDICTION,REJECTED_ZERO_LABELS,UNKNOWN,0.0,0.0,0.0001,0.0001,0.0,0.0,0.0,0.0,0.0031
IOGP_SPI_P030,0.0001,0.0001,0.0,0,NONE,NO_PREDICTION,REJECTED_ZERO_LABELS,UNKNOWN,0.0,0.0,0.0,0.0001,0.0,0.0,0.0,0.0,0.0001
IOGP_SPI_P031,0.0055,0.0001,0.0054,0,NONE,NO_PREDICTION,REJECTED_ZERO_LABELS,UNKNOWN,0.0,0.0,0.0,0.0001,0.0055,0.0,0.0,0.0,0.0
IOGP_SPI_P000,0.0001,0.0001,0.0,0,NONE,NO_PREDICTION,REJECTED_ZERO_LABELS,UNKNOWN,0.0,0.0,0.0,0.0001,0.0001,0.0001,0.0,0.0,0.0
IOGP_SPI_P032,0.0003,0.0001,0.0002,0,NONE,NO_PREDICTION,REJECTED_ZERO_LABELS,UNKNOWN,0.0,0.0,0.0,0.0,0.0001,0.0,0.0001,0.0,0.0003
IOGP_SPI_P000,0.1269,0.0004,0.1265,0,NONE,NO_PREDICTION,REJECTED_ZERO_LABELS,UNKNOWN,0.0,0.0,0.0,0.1269,0.0001,0.0,0.0,0.0,0.0004
IOGP_SPI_P033,0.1816,0.0094,0.1722,0,NONE,NO_PREDICTION,REJECTED_ZERO_LABELS,UNKNOWN,0.0001,0.0001,0.0,0.1816,0.0,0.0002,0.0,0.0,0.0094
IOGP_SPI_P034,0.1613,0.0002,0.1611,0,NONE,NO_PREDICTION,REJECTED_ZERO_LABELS,UNKNOWN,0.0,0.0,0.0001,0.0002,0.0001,0.0001,0.1613,0.0002,0.0
IOGP_SPI_P035,0.0,0.0,0.0,0,NONE,NO_PREDICTION,REJECTED_ZERO_LABELS,UNKNOWN,0.0,0.0,0.0,0.0,0.0,0.0,0.0,0.0,0.0
IOGP_SPI_P036,0.0014,0.0001,0.0013,0,NONE,NO_PREDICTION,REJECTED_ZERO_LABELS,UNKNOWN,0.0,0.0,0.0,0.0014,0.0001,0.0,0.0,0.0,0.0
IOGP_SPI_P000,0.001,0.0001,0.0009,0,NONE,NO_PREDICTION,REJECTED_ZERO_LABELS,UNKNOWN,0.0,0.0,0.0,0.0001,0.0,0.001,0.0,0.0,0.0001
IOGP_SPI_P037,0.0015,0.0002,0.0013,0,NONE,NO_PREDICTION,REJECTED_ZERO_LABELS,UNKNOWN,0.0,0.0,0.0,0.0,0.0002,0.0001,0.0,0.0,0.0015
IOGP_SPI_P000,0.0003,0.0001,0.0002,0,NONE,NO_PREDICTION,REJECTED_ZERO_LABELS,UNKNOWN,0.0,0.0,0.0001,0.0001,0.0,0.0,0.0,0.0,0.0003
IOGP_FATAL_P038,0.0134,0.0004,0.013,0,NONE,NO_PREDICTION,REJECTED_ZERO_LABELS,UNKNOWN,0.0001,0.0,0.0,0.0004,0.0,0.0134,0.0001,0.0,0.0001
IOGP_SPI_P039,0.0296,0.0011,0.0285,0,NONE,NO_PREDICTION,REJECTED_ZERO_LABELS,UNKNOWN,0.0,0.0001,0.0,0.0011,0.0296,0.0003,0.0,0.0,0.0
IOGP_SPI_P040,0.0011,0.0005,0.0006,0,NONE,NO_PREDICTION,REJECTED_ZERO_LABELS,UNKNOWN,0.0,0.0,0.0,0.0011,0.0001,0.0005,0.0,0.0,0.0001
IOGP_SPI_P041,0.0003,0.0002,0.0001,0,NONE,NO_PREDICTION,REJECTED_ZERO_LABELS,UNKNOWN,0.0,0.0,0.0,0.0002,0.0003,0.0001,0.0,0.0,0.0001
IOGP_SPI_P042,0.2106,0.0011,0.2095,0,NONE,NO_PREDICTION,REJECTED_ZERO_LABELS,UNKNOWN,0.0002,0.0007,0.0,0.2106,0.0003,0.0002,0.0,0.0,0.0011
IOGP_SPI_P043,0.0008,0.0002,0.0006,0,NONE,NO_PREDICTION,REJECTED_ZERO_LABELS,UNKNOWN,0.0,0.0,0.0,0.0008,0.0,0.0001,0.0,0.0,0.0002
IOGP_SPI_P000,0.0005,0.0001,0.0004,0,NONE,NO_PREDICTION,REJECTED_ZERO_LABELS,UNKNOWN,0.0,0.0,0.0001,0.0,0.0,0.0,0.0001,0.0,0.0005
IOGP_SPI_P044,0.0168,0.0004,0.0164,0,NONE,NO_PREDICTION,REJECTED_ZERO_LABELS,UNKNOWN,0.0,0.0,0.0,0.0,0.0168,0.0004,0.0,0.0,0.0
IOGP_SPI_P000,0.0054,0.0005,0.0049,0,NONE,NO_PREDICTION,REJECTED_ZERO_LABELS,UNKNOWN,0.0,0.0001,0.0005,0.0054,0.0001,0.0,0.0,0.0,0.0
IOGP_SPI_P045,0.013,0.0003,0.0127,0,NONE,NO_PREDICTION,REJECTED_ZERO_LABELS,UNKNOWN,0.0,0.0001,0.0,0.0003,0.013,0.0,0.0001,0.0001,0.0
IOGP_SPI_P000,0.0003,0.0002,0.0001,0,NONE,NO_PREDICTION,REJECTED_ZERO_LABELS,UNKNOWN,0.0,0.0,0.0,0.0,0.0,0.0002,0.0,0.0,0.0003
IOGP_SPI_P046,0.0004,0.0003,0.0001,0,NONE,NO_PREDICTION,REJECTED_ZERO_LABELS,UNKNOWN,0.0,0.0,0.0004,0.0,0.0003,0.0,0.0,0.0,0.0001
IOGP_SPI_P000,0.0013,0.0007,0.0006,0,NONE,NO_PREDICTION,REJECTED_ZERO_LABELS,UNKNOWN,0.0,0.0,0.0,0.0004,0.0013,0.0005,0.0,0.0,0.0007
IOGP_SPI_P047,0.001,0.0007,0.0003,0,NONE,NO_PREDICTION,REJECTED_ZERO_LABELS,UNKNOWN,0.0,0.0,0.0,0.0,0.0,0.0007,0.0,0.0,0.001
IOGP_FATAL_P000,0.0783,0.0009,0.0774,0,NONE,NO_PREDICTION,REJECTED_ZERO_LABELS,UNKNOWN,0.0001,0.0,0.0,0.0008,0.0009,0.0783,0.0,0.0,0.0
IOGP_SPI_P048,0.0582,0.0033,0.0549,0,NONE,NO_PREDICTION,REJECTED_ZERO_LABELS,UNKNOWN,0.0003,0.0003,0.0001,0.0582,0.0001,0.0021,0.0,0.0,0.0033
IOGP_SPI_P000,0.0162,0.0002,0.016,0,NONE,NO_PREDICTION,REJECTED_ZERO_LABELS,UNKNOWN,0.0,0.0001,0.0,0.0162,0.0002,0.0001,0.0,0.0,0.0
IOGP_SPI_P049,0.0005,0.0003,0.0002,0,NONE,NO_PREDICTION,REJECTED_ZERO_LABELS,UNKNOWN,0.0,0.0,0.0001,0.0003,0.0001,0.0,0.0,0.0,0.0005
IOGP_SPI_P000,0.0009,0.0004,0.0005,0,NONE,NO_PREDICTION,REJECTED_ZERO_LABELS,UNKNOWN,0.0,0.0003,0.0,0.0009,0.0004,0.0,0.0,0.0,0.0001
IOGP_SPI_P050,0.0003,0.0003,0.0,0,NONE,NO_PREDICTION,REJECTED_ZERO_LABELS,UNKNOWN,0.0,0.0,0.0003,0.0,0.0,0.0,0.0,0.0,0.0003
IOGP_SPI_P000,0.0002,0.0002,0.0,0,NONE,NO_PREDICTION,REJECTED_ZERO_LABELS,UNKNOWN,0.0,0.0,0.0,0.0002,0.0002,0.0,0.0,0.0,0.0
IOGP_SPI_P051,0.0003,0.0002,0.0001,0,NONE,NO_PREDICTION,REJECTED_ZERO_LABELS,UNKNOWN,0.0,0.0,0.0002,0.0,0.0,0.0,0.0,0.0,0.0003
IOGP_SPI_P000,0.0005,0.0002,0.0003,0,NONE,NO_PREDICTION,REJECTED_ZERO_LABELS,UNKNOWN,0.0,0.0,0.0001,0.0001,0.0,0.0002,0.0,0.0,0.0005
IOGP_SPI_P052,0.0002,0.0002,0.0,0,NONE,NO_PREDICTION,REJECTED_ZERO_LABELS,UNKNOWN,0.0,0.0,0.0,0.0001,0.0002,0.0001,0.0,0.0,0.0002
IOGP_SPI_P053,0.0002,0.0001,0.0001,0,NONE,NO_PREDICTION,REJECTED_ZERO_LABELS,UNKNOWN,0.0,0.0,0.0,0.0002,0.0001,0.0001,0.0001,0.0,0.0
IOGP_SPI_P000,0.0027,0.001,0.0017,0,NONE,NO_PREDICTION,REJECTED_ZERO_LABELS,UNKNOWN,0.0,0.0,0.0,0.0027,0.001,0.0,0.0,0.0,0.0
IOGP_SPI_P054,0.0007,0.0001,0.0006,0,NONE,NO_PREDICTION,REJECTED_ZERO_LABELS,UNKNOWN,0.0,0.0,0.0,0.0,0.0001,0.0,0.0,0.0,0.0007
IOGP_SPI_P000,0.0003,0.0002,0.0001,0,NONE,NO_PREDICTION,REJECTED_ZERO_LABELS,UNKNOWN,0.0,0.0,0.0,0.0002,0.0,0.0001,0.0,0.0,0.0003
IOGP_SPI_P055,0.0387,0.0004,0.0383,0,NONE,NO_PREDICTION,REJECTED_ZERO_LABELS,UNKNOWN,0.0,0.0001,0.0,0.0387,0.0004,0.0,0.0,0.0,0.0001
IOGP_SPI_P000,0.0003,0.0001,0.0002,0,NONE,NO_PREDICTION,REJECTED_ZERO_LABELS,UNKNOWN,0.0,0.0,0.0,0.0001,0.0003,0.0,0.0,0.0,0.0001
IOGP_SPI_P056,0.0003,0.0001,0.0002,0,NONE,NO_PREDICTION,REJECTED_ZERO_LABELS,UNKNOWN,0.0,0.0,0.0,0.0001,0.0,0.0,0.0,0.0,0.0003
IOGP_SPI_P000,0.0015,0.0001,0.0014,0,NONE,NO_PREDICTION,REJECTED_ZERO_LABELS,UNKNOWN,0.0,0.0,0.0,0.0015,0.0,0.0,0.0,0.0,0.0001
IOGP_SPI_P057,0.0002,0.0,0.0002,0,NONE,NO_PREDICTION,REJECTED_ZERO_LABELS,UNKNOWN,0.0,0.0,0.0,0.0,0.0002,0.0,0.0,0.0,0.0
IOGP_SPI_P000,0.0001,0.0,0.0001,0,NONE,NO_PREDICTION,REJECTED_ZERO_LABELS,UNKNOWN,0.0,0.0,0.0,0.0,0.0,0.0,0.0,0.0,0.0001
IOGP_SPI_P058,0.0002,0.0001,0.0001,0,NONE,NO_PREDICTION,REJECTED_ZERO_LABELS,UNKNOWN,0.0,0.0,0.0,0.0001,0.0001,0.0,0.0,0.0,0.0002
IOGP_SPI_P000,0.0055,0.0007,0.0048,0,NONE,NO_PREDICTION,REJECTED_ZERO_LABELS,UNKNOWN,0.0,0.0,0.0055,0.0,0.0,0.0001,0.0,0.0,0.0007
IOGP_SPI_P059,0.0087,0.0001,0.0086,0,NONE,NO_PREDICTION,REJECTED_ZERO_LABELS,UNKNOWN,0.0,0.0,0.0,0.0001,0.0087,0.0,0.0,0.0,0.0
IOGP_SPI_P060,0.0009,0.0001,0.0008,0,NONE,NO_PREDICTION,REJECTED_ZERO_LABELS,UNKNOWN,0.0,0.0,0.0,0.0001,0.0009,0.0,0.0,0.0,0.0
IOGP_SPI_P000,0.0028,0.0006,0.0022,0,NONE,NO_PREDICTION,REJECTED_ZERO_LABELS,UNKNOWN,0.0,0.0,0.0,0.0028,0.0006,0.0,0.0,0.0,0.0
IOGP_SPI_P061,0.0001,0.0,0.0001,0,NONE,NO_PREDICTION,REJECTED_ZERO_LABELS,UNKNOWN,0.0,0.0,0.0,0.0001,0.0,0.0,0.0,0.0,0.0
IOGP_SPI_P000,0.0,0.0,0.0,0,NONE,NO_PREDICTION,REJECTED_ZERO_LABELS,UNKNOWN,0.0,0.0,0.0,0.0,0.0,0.0,0.0,0.0,0.0
IOGP_SPI_P062,0.0029,0.0001,0.0028,0,NONE,NO_PREDICTION,REJECTED_ZERO_LABELS,UNKNOWN,0.0,0.0,0.0,0.0029,0.0001,0.0,0.0,0.0,0.0001
IOGP_SPI_P000,0.1821,0.0002,0.1819,0,NONE,NO_PREDICTION,REJECTED_ZERO_LABELS,UNKNOWN,0.0,0.0,0.0,0.1821,0.0001,0.0,0.0,0.0,0.0002
IOGP_SPI_P063,0.0002,0.0001,0.0001,0,NONE,NO_PREDICTION,REJECTED_ZERO_LABELS,UNKNOWN,0.0,0.0,0.0,0.0002,0.0,0.0,0.0,0.0,0.0001
IOGP_SPI_P000,0.0001,0.0,0.0001,0,NONE,NO_PREDICTION,REJECTED_ZERO_LABELS,UNKNOWN,0.0,0.0,0.0,0.0,0.0,0.0,0.0,0.0,0.0001
IOGP_SPI_P064,0.0834,0.0003,0.0831,0,NONE,NO_PREDICTION,REJECTED_ZERO_LABELS,UNKNOWN,0.0,0.0,0.0,0.0834,0.0003,0.0,0.0,0.0,0.0
IOGP_SPI_P000,0.0003,0.0,0.0003,0,NONE,NO_PREDICTION,REJECTED_ZERO_LABELS,UNKNOWN,0.0,0.0,0.0,0.0,0.0003,0.0,0.0,0.0,0.0
IOGP_SPI_P065,0.0027,0.0002,0.0025,0,NONE,NO_PREDICTION,REJECTED_ZERO_LABELS,UNKNOWN,0.0,0.0001,0.0,0.0027,0.0002,0.0,0.0,0.0,0.0002
IOGP_SPI_P000,0.0004,0.0,0.0004,0,NONE,NO_PREDICTION,REJECTED_ZERO_LABELS,UNKNOWN,0.0,0.0,0.0,0.0004,0.0,0.0,0.0,0.0,0.0
IOGP_SPI_P066,0.0011,0.0001,0.001,0,NONE,NO_PREDICTION,REJECTED_ZERO_LABELS,UNKNOWN,0.0,0.0,0.0,0.0001,0.0,0.0001,0.0,0.0,0.0011
IOGP_SPI_P000,0.0,0.0,0.0,0,NONE,NO_PREDICTION,REJECTED_ZERO_LABELS,UNKNOWN,0.0,0.0,0.0,0.0,0.0,0.0,0.0,0.0,0.0
IOGP_SPI_P067,0.0004,0.0001,0.0003,0,NONE,NO_PREDICTION,REJECTED_ZERO_LABELS,UNKNOWN,0.0,0.0,0.0,0.0004,0.0001,0.0,0.0,0.0,0.0
IOGP_SPI_P000,0.0,0.0,0.0,0,NONE,NO_PREDICTION,REJECTED_ZERO_LABELS,UNKNOWN,0.0,0.0,0.0,0.0,0.0,0.0,0.0,0.0,0.0
IOGP_SPI_P068,0.001,0.0001,0.0009,0,NONE,NO_PREDICTION,REJECTED_ZERO_LABELS,UNKNOWN,0.0,0.0,0.0,0.001,0.0,0.0001,0.0,0.0,0.0001
IOGP_SPI_P000,0.0005,0.0001,0.0004,0,NONE,NO_PREDICTION,REJECTED_ZERO_LABELS,UNKNOWN,0.0,0.0,0.0,0.0005,0.0001,0.0,0.0,0.0,0.0001
IOGP_SPI_P069,0.0006,0.0001,0.0005,0,NONE,NO_PREDICTION,REJECTED_ZERO_LABELS,UNKNOWN,0.0,0.0,0.0,0.0001,0.0,0.0,0.0,0.0,0.0006
IOGP_SPI_P000,0.0002,0.0002,0.0,0,NONE,NO_PREDICTION,REJECTED_ZERO_LABELS,UNKNOWN,0.0,0.0,0.0,0.0002,0.0,0.0,0.0,0.0,0.0002
IOGP_SPI_P070,0.0003,0.0001,0.0002,0,NONE,NO_PREDICTION,REJECTED_ZERO_LABELS,UNKNOWN,0.0,0.0,0.0,0.0001,0.0,0.0001,0.0,0.0,0.0003
IOGP_SPI_P071,0.0011,0.0004,0.0007,0,NONE,NO_PREDICTION,REJECTED_ZERO_LABELS,UNKNOWN,0.0,0.0,0.0,0.0004,0.0002,0.0001,0.0,0.0,0.0011
IOGP_SPI_P000,0.0004,0.0001,0.0003,0,NONE,NO_PREDICTION,REJECTED_ZERO_LABELS,UNKNOWN,0.0,0.0,0.0,0.0004,0.0001,0.0,0.0,0.0,0.0
IOGP_SPI_P072,0.0156,0.0,0.0156,0,NONE,NO_PREDICTION,REJECTED_ZERO_LABELS,UNKNOWN,0.0,0.0,0.0,0.0156,0.0,0.0,0.0,0.0,0.0
IOGP_SPI_P000,0.0003,0.0001,0.0002,0,NONE,NO_PREDICTION,REJECTED_ZERO_LABELS,UNKNOWN,0.0,0.0,0.0,0.0001,0.0,0.0003,0.0,0.0,0.0001
IOGP_SPI_P073,0.0051,0.0011,0.004,0,NONE,NO_PREDICTION,REJECTED_ZERO_LABELS,UNKNOWN,0.0,0.0,0.0,0.0051,0.0,0.0,0.0,0.0,0.0011
IOGP_SPI_P000,0.0027,0.0001,0.0026,0,NONE,NO_PREDICTION,REJECTED_ZERO_LABELS,UNKNOWN,0.0,0.0,0.0,0.0001,0.0,0.0,0.0,0.0,0.0027
IOGP_SPI_P074,0.0002,0.0,0.0002,0,NONE,NO_PREDICTION,REJECTED_ZERO_LABELS,UNKNOWN,0.0,0.0,0.0,0.0,0.0,0.0002,0.0,0.0,0.0
IOGP_SPI_P000,0.0012,0.0001,0.0011,0,NONE,NO_PREDICTION,REJECTED_ZERO_LABELS,UNKNOWN,0.0,0.0001,0.0001,0.0001,0.0012,0.0,0.0,0.0,0.0
IOGP_SPI_P075,0.0026,0.0003,0.0023,0,NONE,NO_PREDICTION,REJECTED_ZERO_LABELS,UNKNOWN,0.0,0.0,0.0,0.0003,0.0,0.0001,0.0,0.0,0.0026
IOGP_SPI_P000,0.0016,0.0002,0.0014,0,NONE,NO_PREDICTION,REJECTED_ZERO_LABELS,UNKNOWN,0.0,0.0001,0.0,0.0016,0.0002,0.0,0.0,0.0,0.0001
IOGP_SPI_P076,0.0002,0.0001,0.0001,0,NONE,NO_PREDICTION,REJECTED_ZERO_LABELS,UNKNOWN,0.0,0.0,0.0,0.0,0.0001,0.0002,0.0,0.0,0.0
IOGP_SPI_P000,0.0006,0.0001,0.0005,0,NONE,NO_PREDICTION,REJECTED_ZERO_LABELS,UNKNOWN,0.0,0.0,0.0,0.0001,0.0,0.0,0.0,0.0,0.0006
IOGP_SPI_P077,0.0029,0.0003,0.0026,0,NONE,NO_PREDICTION,REJECTED_ZERO_LABELS,UNKNOWN,0.0,0.0001,0.0,0.0,0.0029,0.0003,0.0,0.0,0.0
IOGP_SPI_P000,0.1771,0.0001,0.177,0,NONE,NO_PREDICTION,REJECTED_ZERO_LABELS,UNKNOWN,0.0,0.0001,0.0,0.0001,0.1771,0.0,0.0,0.0,0.0
IOGP_SPI_P078,0.0007,0.0005,0.0002,0,NONE,NO_PREDICTION,REJECTED_ZERO_LABELS,UNKNOWN,0.0,0.0,0.0002,0.0002,0.0,0.0005,0.0001,0.0,0.0007
IOGP_SPI_P000,0.0005,0.0002,0.0003,0,NONE,NO_PREDICTION,REJECTED_ZERO_LABELS,UNKNOWN,0.0,0.0,0.0,0.0,0.0,0.0005,0.0,0.0,0.0002
IOGP_SPI_P079,0.0023,0.0002,0.0021,0,NONE,NO_PREDICTION,REJECTED_ZERO_LABELS,UNKNOWN,0.0,0.0,0.0,0.0023,0.0002,0.0,0.0,0.0,0.0
IOGP_SPI_P000,0.0029,0.0,0.0029,0,NONE,NO_PREDICTION,REJECTED_ZERO_LABELS,UNKNOWN,0.0,0.0,0.0,0.0029,0.0,0.0,0.0,0.0,0.0
IOGP_SPI_P080,0.7396,0.0032,0.7364,1,Driving,HIGH,ACCEPT_MODEL_PREDICTED,MODEL_PREDICTED,0.0001,0.0002,0.7396,0.0001,0.0002,0.0001,0.0001,0.0004,0.0032
IOGP_SPI_P000,0.0049,0.0002,0.0047,0,NONE,NO_PREDICTION,REJECTED_ZERO_LABELS,UNKNOWN,0.0,0.0,0.0,0.0001,0.0,0.0002,0.0,0.0,0.0049
IOGP_SPI_P081,0.9081,0.0002,0.9079,1,Energy Isolation,HIGH,ACCEPT_MODEL_PREDICTED,MODEL_PREDICTED,0.0001,0.0001,0.0,0.9081,0.0,0.0,0.0,0.0,0.0002
IOGP_SPI_P000,0.0005,0.0001,0.0004,0,NONE,NO_PREDICTION,REJECTED_ZERO_LABELS,UNKNOWN,0.0,0.0,0.0,0.0001,0.0001,0.0,0.0005,0.0,0.0
IOGP_SPI_P082,0.0025,0.0007,0.0018,0,NONE,NO_PREDICTION,REJECTED_ZERO_LABELS,UNKNOWN,0.0,0.0,0.0,0.0001,0.0002,0.0007,0.0025,0.0,0.0
IOGP_SPI_P000,0.0007,0.0,0.0007,0,NONE,NO_PREDICTION,REJECTED_ZERO_LABELS,UNKNOWN,0.0,0.0,0.0,0.0007,0.0,0.0,0.0,0.0,0.0
IOGP_SPI_P000,0.0209,0.0002,0.0207,0,NONE,NO_PREDICTION,REJECTED_ZERO_LABELS,UNKNOWN,0.0,0.0,0.0,0.0,0.0209,0.0,0.0002,0.0,0.0
IOGP_SPI_P084,0.0017,0.0007,0.001,0,NONE,NO_PREDICTION,REJECTED_ZERO_LABELS,UNKNOWN,0.0,0.0,0.0002,0.0,0.0007,0.0,0.0002,0.0,0.0017
IOGP_SPI_P000,0.7892,0.0002,0.789,1,Energy Isolation,HIGH,ACCEPT_MODEL_PREDICTED,MODEL_PREDICTED,0.0002,0.0002,0.0,0.7892,0.0,0.0,0.0,0.0,0.0002
IOGP_SPI_P085,0.058,0.0007,0.0573,0,NONE,NO_PREDICTION,REJECTED_ZERO_LABELS,UNKNOWN,0.0,0.0001,0.0,0.0002,0.058,0.0007,0.0,0.0,0.0
IOGP_SPI_P000,0.0626,0.002,0.0606,0,NONE,NO_PREDICTION,REJECTED_ZERO_LABELS,UNKNOWN,0.0,0.0,0.0,0.0,0.0016,0.0001,0.0626,0.0,0.002
IOGP_SPI_P086,0.0003,0.0001,0.0002,0,NONE,NO_PREDICTION,REJECTED_ZERO_LABELS,UNKNOWN,0.0001,0.0,0.0001,0.0001,0.0,0.0003,0.0,0.0,0.0001
IOGP_SPI_P000,0.0023,0.0002,0.0021,0,NONE,NO_PREDICTION,REJECTED_ZERO_LABELS,UNKNOWN,0.0,0.0,0.0,0.0002,0.0001,0.0023,0.0,0.0,0.0
IOGP_SPI_P087,0.0068,0.0015,0.0053,0,NONE,NO_PREDICTION,REJECTED_ZERO_LABELS,UNKNOWN,0.0002,0.0005,0.0001,0.0068,0.0015,0.0009,0.0001,0.0,0.0
IOGP_SPI_P000,0.0006,0.0004,0.0002,0,NONE,NO_PREDICTION,REJECTED_ZERO_LABELS,UNKNOWN,0.0,0.0,0.0002,0.0,0.0006,0.0001,0.0004,0.0001,0.0
IOGP_SPI_P088,0.0005,0.0002,0.0003,0,NONE,NO_PREDICTION,REJECTED_ZERO_LABELS,UNKNOWN,0.0,0.0,0.0,0.0005,0.0,0.0,0.0,0.0,0.0002
IOGP_SPI_P000,0.0005,0.0002,0.0003,0,NONE,NO_PREDICTION,REJECTED_ZERO_LABELS,UNKNOWN,0.0,0.0001,0.0001,0.0005,0.0002,0.0,0.0,0.0,0.0002
IOGP_SPI_P089,0.1384,0.0003,0.1381,0,NONE,NO_PREDICTION,REJECTED_ZERO_LABELS,UNKNOWN,0.0,0.0001,0.0,0.1384,0.0003,0.0,0.0,0.0,0.0
IOGP_SPI_P000,0.0006,0.0003,0.0003,0,NONE,NO_PREDICTION,REJECTED_ZERO_LABELS,UNKNOWN,0.0,0.0,0.0,0.0003,0.0,0.0006,0.0001,0.0,0.0003
IOGP_SPI_P000,0.0847,0.0,0.0847,0,NONE,NO_PREDICTION,REJECTED_ZERO_LABELS,UNKNOWN,0.0,0.0,0.0,0.0847,0.0,0.0,0.0,0.0,0.0
IOGP_SPI_P000,0.0008,0.0002,0.0006,0,NONE,NO_PREDICTION,REJECTED_ZERO_LABELS,UNKNOWN,0.0,0.0,0.0,0.0002,0.0008,0.0,0.0,0.0,0.0
IOGP_SPI_P092,0.5824,0.0002,0.5822,1,Energy Isolation,MEDIUM,SENT_TO_HUMAN_REVIEW,UNKNOWN,0.0001,0.0002,0.0,0.5824,0.0002,0.0001,0.0,0.0,0.0
IOGP_SPI_P000,0.006,0.0002,0.0058,0,NONE,NO_PREDICTION,REJECTED_ZERO_LABELS,UNKNOWN,0.0001,0.0002,0.0,0.006,0.0,0.0001,0.0,0.0,0.0002
IOGP_SPI_P093,0.001,0.0,0.001,0,NONE,NO_PREDICTION,REJECTED_ZERO_LABELS,UNKNOWN,0.0,0.0,0.0,0.0,0.001,0.0,0.0,0.0,0.0
IOGP_SPI_P000,0.0153,0.0001,0.0152,0,NONE,NO_PREDICTION,REJECTED_ZERO_LABELS,UNKNOWN,0.0,0.0,0.0,0.0153,0.0,0.0001,0.0,0.0,0.0
IOGP_SPI_P094,0.0003,0.0001,0.0002,0,NONE,NO_PREDICTION,REJECTED_ZERO_LABELS,UNKNOWN,0.0,0.0,0.0,0.0,0.0003,0.0,0.0,0.0,0.0001
IOGP_SPI_P000,0.0931,0.0001,0.093,0,NONE,NO_PREDICTION,REJECTED_ZERO_LABELS,UNKNOWN,0.0,0.0,0.0,0.0001,0.0931,0.0,0.0001,0.0,0.0
IOGP_SPI_P095,0.0003,0.0,0.0003,0,NONE,NO_PREDICTION,REJECTED_ZERO_LABELS,UNKNOWN,0.0,0.0,0.0,0.0,0.0,0.0,0.0,0.0,0.0003
IOGP_SPI_P000,0.0535,0.0002,0.0533,0,NONE,NO_PREDICTION,REJECTED_ZERO_LABELS,UNKNOWN,0.0,0.0002,0.0,0.0002,0.0535,0.0001,0.0,0.0,0.0
IOGP_SPI_P096,0.0002,0.0001,0.0001,0,NONE,NO_PREDICTION,REJECTED_ZERO_LABELS,UNKNOWN,0.0,0.0,0.0,0.0001,0.0,0.0002,0.0,0.0,0.0001
IOGP_SPI_P097,0.0037,0.0007,0.003,0,NONE,NO_PREDICTION,REJECTED_ZERO_LABELS,UNKNOWN,0.0,0.0002,0.0001,0.0005,0.0037,0.0007,0.0,0.0,0.0003
IOGP_SPI_P098,0.0095,0.0008,0.0087,0,NONE,NO_PREDICTION,REJECTED_ZERO_LABELS,UNKNOWN,0.0,0.0,0.0,0.0095,0.0002,0.0001,0.0,0.0,0.0008
IOGP_SPI_P099,0.0004,0.0001,0.0003,0,NONE,NO_PREDICTION,REJECTED_ZERO_LABELS,UNKNOWN,0.0,0.0,0.0001,0.0,0.0,0.0004,0.0,0.0,0.0001
IOGP_SPI_P000,0.8962,0.0013,0.8949,1,Energy Isolation,HIGH,ACCEPT_MODEL_PREDICTED,MODEL_PREDICTED,0.0,0.0001,0.0,0.8962,0.0013,0.0,0.0,0.0,0.0
IOGP_SPI_P100,0.0461,0.0011,0.045,0,NONE,NO_PREDICTION,REJECTED_ZERO_LABELS,UNKNOWN,0.0,0.0,0.0,0.0461,0.0,0.0011,0.0,0.0,0.0
IOGP_SPI_P101,0.0025,0.0001,0.0024,0,NONE,NO_PREDICTION,REJECTED_ZERO_LABELS,UNKNOWN,0.0,0.0,0.0,0.0001,0.0025,0.0,0.0,0.0,0.0001
IOGP_SPI_P102,0.0023,0.0001,0.0022,0,NONE,NO_PREDICTION,REJECTED_ZERO_LABELS,UNKNOWN,0.0,0.0,0.0,0.0023,0.0,0.0,0.0,0.0,0.0001
IOGP_SPI_P000,0.0015,0.0007,0.0008,0,NONE,NO_PREDICTION,REJECTED_ZERO_LABELS,UNKNOWN,0.0,0.0,0.0,0.0015,0.0007,0.0003,0.0,0.0,0.0
IOGP_SPI_P103,0.0126,0.0001,0.0125,0,NONE,NO_PREDICTION,REJECTED_ZERO_LABELS,UNKNOWN,0.0,0.0,0.0,0.0126,0.0001,0.0,0.0,0.0,0.0
IOGP_SPI_P104,0.0006,0.0002,0.0004,0,NONE,NO_PREDICTION,REJECTED_ZERO_LABELS,UNKNOWN,0.0,0.0,0.0,0.0,0.0002,0.0,0.0006,0.0,0.0001
IOGP_SPI_P000,0.0019,0.0009,0.001,0,NONE,NO_PREDICTION,REJECTED_ZERO_LABELS,UNKNOWN,0.0,0.0001,0.0,0.0,0.0009,0.0019,0.0,0.0,0.0006
IOGP_SPI_P105,0.0001,0.0001,0.0,0,NONE,NO_PREDICTION,REJECTED_ZERO_LABELS,UNKNOWN,0.0,0.0,0.0,0.0,0.0001,0.0,0.0001,0.0,0.0
IOGP_SPI_P106,0.0004,0.0,0.0004,0,NONE,NO_PREDICTION,REJECTED_ZERO_LABELS,UNKNOWN,0.0,0.0,0.0,0.0004,0.0,0.0,0.0,0.0,0.0
IOGP_SPI_P000,0.0004,0.0001,0.0003,0,NONE,NO_PREDICTION,REJECTED_ZERO_LABELS,UNKNOWN,0.0,0.0,0.0,0.0,0.0001,0.0,0.0004,0.0,0.0
IOGP_SPI_P107,0.0015,0.0004,0.0011,0,NONE,NO_PREDICTION,REJECTED_ZERO_LABELS,UNKNOWN,0.0,0.0,0.0,0.0015,0.0,0.0002,0.0,0.0,0.0004
IOGP_SPI_P108,0.0041,0.004,0.0001,0,NONE,NO_PREDICTION,REJECTED_ZERO_LABELS,UNKNOWN,0.0,0.0,0.0,0.0041,0.004,0.0007,0.0,0.0,0.0001
IOGP_SPI_P109,0.0004,0.0002,0.0002,0,NONE,NO_PREDICTION,REJECTED_ZERO_LABELS,UNKNOWN,0.0,0.0,0.0,0.0,0.0002,0.0004,0.0,0.0,0.0001
IOGP_SPI_P000,0.0005,0.0001,0.0004,0,NONE,NO_PREDICTION,REJECTED_ZERO_LABELS,UNKNOWN,0.0,0.0,0.0,0.0,0.0005,0.0,0.0,0.0,0.0001
IOGP_SPI_P110,0.0017,0.0001,0.0016,0,NONE,NO_PREDICTION,REJECTED_ZERO_LABELS,UNKNOWN,0.0,0.0,0.0001,0.0001,0.0,0.0,0.0,0.0,0.0017
IOGP_SPI_P111,0.0385,0.002,0.0365,0,NONE,NO_PREDICTION,REJECTED_ZERO_LABELS,UNKNOWN,0.0,0.0005,0.0,0.002,0.0385,0.0002,0.0001,0.0001,0.0
IOGP_SPI_P112,0.0002,0.0001,0.0001,0,NONE,NO_PREDICTION,REJECTED_ZERO_LABELS,UNKNOWN,0.0,0.0,0.0,0.0001,0.0,0.0,0.0,0.0,0.0002
IOGP_SPI_P113,0.0027,0.0011,0.0016,0,NONE,NO_PREDICTION,REJECTED_ZERO_LABELS,UNKNOWN,0.0,0.0002,0.0,0.0027,0.0011,0.0001,0.0,0.0,0.001
IOGP_SPI_P114,0.0025,0.0004,0.0021,0,NONE,NO_PREDICTION,REJECTED_ZERO_LABELS,UNKNOWN,0.0,0.0,0.0,0.0004,0.0025,0.0,0.0,0.0,0.0
IOGP_SPI_P116,0.0068,0.0017,0.0051,0,NONE,NO_PREDICTION,REJECTED_ZERO_LABELS,UNKNOWN,0.0001,0.0001,0.0,0.0068,0.0002,0.0017,0.0,0.0,0.0
IOGP_SPI_P117,0.0077,0.0005,0.0072,0,NONE,NO_PREDICTION,REJECTED_ZERO_LABELS,UNKNOWN,0.0001,0.0005,0.0,0.0077,0.0003,0.0003,0.0,0.0,0.0001
IOGP_SPI_P118,0.0555,0.0007,0.0548,0,NONE,NO_PREDICTION,REJECTED_ZERO_LABELS,UNKNOWN,0.0001,0.0002,0.0,0.0555,0.0007,0.0003,0.0,0.0,0.0
IOGP_SPI_P119,0.0187,0.0004,0.0183,0,NONE,NO_PREDICTION,REJECTED_ZERO_LABELS,UNKNOWN,0.0,0.0001,0.0,0.0187,0.0004,0.0001,0.0,0.0,0.0
IOGP_SPI_P120,0.0002,0.0002,0.0,0,NONE,NO_PREDICTION,REJECTED_ZERO_LABELS,UNKNOWN,0.0,0.0,0.0,0.0002,0.0001,0.0002,0.0,0.0,0.0
IOGP_SPI_P121,0.206,0.0163,0.1897,0,NONE,NO_PREDICTION,REJECTED_ZERO_LABELS,UNKNOWN,0.0002,0.0003,0.0,0.206,0.0004,0.0008,0.0,0.0001,0.0163
IOGP_SPI_P122,0.0002,0.0001,0.0001,0,NONE,NO_PREDICTION,REJECTED_ZERO_LABELS,UNKNOWN,0.0,0.0,0.0,0.0,0.0001,0.0001,0.0,0.0,0.0002
IOGP_SPI_P000,0.0004,0.0001,0.0003,0,NONE,NO_PREDICTION,REJECTED_ZERO_LABELS,UNKNOWN,0.0,0.0,0.0,0.0001,0.0,0.0004,0.0,0.0,0.0001
IOGP_FATAL_P123,0.0009,0.0001,0.0008,0,NONE,NO_PREDICTION,REJECTED_ZERO_LABELS,UNKNOWN,0.0,0.0,0.0,0.0009,0.0,0.0,0.0,0.0,0.0001
IOGP_FATAL_P125,0.0007,0.0001,0.0006,0,NONE,NO_PREDICTION,REJECTED_ZERO_LABELS,UNKNOWN,0.0,0.0,0.0001,0.0001,0.0007,0.0,0.0,0.0,0.0
IOGP_FATAL_P127,0.0003,0.0001,0.0002,0,NONE,NO_PREDICTION,REJECTED_ZERO_LABELS,UNKNOWN,0.0,0.0,0.0,0.0,0.0,0.0003,0.0,0.0,0.0001
IOGP_FATAL_P128,0.0001,0.0001,0.0,0,NONE,NO_PREDICTION,REJECTED_ZERO_LABELS,UNKNOWN,0.0,0.0,0.0,0.0001,0.0,0.0,0.0001,0.0,0.0001
IOGP_FATAL_P129,0.0005,0.0003,0.0002,0,NONE,NO_PREDICTION,REJECTED_ZERO_LABELS,UNKNOWN,0.0,0.0,0.0,0.0003,0.0,0.0005,0.0,0.0,0.0
IOGP_FATAL_P130,0.0315,0.0001,0.0314,0,NONE,NO_PREDICTION,REJECTED_ZERO_LABELS,UNKNOWN,0.0,0.0,0.0,0.0315,0.0001,0.0,0.0,0.0,0.0
IOGP_FATAL_P132,0.0471,0.001,0.0461,0,NONE,NO_PREDICTION,REJECTED_ZERO_LABELS,UNKNOWN,0.0,0.0002,0.0,0.001,0.0471,0.0001,0.0002,0.0001,0.0
IOGP_SPI_P000,0.1078,0.0001,0.1077,0,NONE,NO_PREDICTION,REJECTED_ZERO_LABELS,UNKNOWN,0.0,0.0,0.0,0.1078,0.0001,0.0,0.0,0.0,0.0001
IOGP_SPI_P137,0.0097,0.0001,0.0096,0,NONE,NO_PREDICTION,REJECTED_ZERO_LABELS,UNKNOWN,0.0,0.0,0.0,0.0,0.0097,0.0001,0.0,0.0,0.0
IOGP_SPI_P143,0.0003,0.0002,0.0001,0,NONE,NO_PREDICTION,REJECTED_ZERO_LABELS,UNKNOWN,0.0,0.0,0.0,0.0,0.0003,0.0002,0.0,0.0,0.0002
IOGP_SPI_P153,0.0945,0.0011,0.0934,0,NONE,NO_PREDICTION,REJECTED_ZERO_LABELS,UNKNOWN,0.0,0.0,0.0945,0.0004,0.0001,0.0001,0.0001,0.0,0.0011
2015010023,0.0024,0.0018,0.0006,0,NONE,NO_PREDICTION,REJECTED_ZERO_LABELS,UNKNOWN,0.0,0.0,0.0,0.0018,0.0024,0.0001,0.0001,0.0,0.0
2015010024,0.0754,0.0476,0.0278,0,NONE,NO_PREDICTION,REJECTED_ZERO_LABELS,UNKNOWN,0.0001,0.0,0.0058,0.0002,0.0001,0.0476,0.0754,0.0,0.0003
2015010054,0.9982,0.1581,0.8401,1,Working at Height,HIGH,ACCEPT_MODEL_PREDICTED,MODEL_PREDICTED,0.0005,0.0067,0.0139,0.0917,0.1581,0.0132,0.0021,0.0088,0.9982
2015010056,0.0023,0.0018,0.0005,0,NONE,NO_PREDICTION,REJECTED_ZERO_LABELS,UNKNOWN,0.0001,0.0001,0.0023,0.0,0.0005,0.0018,0.0017,0.0001,0.0015
2015010068,0.1287,0.0115,0.1172,0,NONE,NO_PREDICTION,REJECTED_ZERO_LABELS,UNKNOWN,0.004,0.0082,0.1287,0.0015,0.0002,0.0081,0.0087,0.0115,0.0027
2015010074,0.0249,0.0003,0.0246,0,NONE,NO_PREDICTION,REJECTED_ZERO_LABELS,UNKNOWN,0.0001,0.0,0.0001,0.0003,0.0,0.0249,0.0003,0.0,0.0001
2015010093,0.0905,0.0069,0.0836,0,NONE,NO_PREDICTION,REJECTED_ZERO_LABELS,UNKNOWN,0.0001,0.0,0.0001,0.0003,0.0005,0.0905,0.0069,0.0,0.0004
2015010140,0.001,0.0007,0.0003,0,NONE,NO_PREDICTION,REJECTED_ZERO_LABELS,UNKNOWN,0.0,0.0005,0.0,0.0007,0.001,0.0,0.0,0.0001,0.0007
2015010150,0.9787,0.0096,0.9691,1,Hot Work,HIGH,ACCEPT_MODEL_PREDICTED,MODEL_PREDICTED,0.0001,0.0096,0.0,0.0012,0.9787,0.0004,0.0018,0.0051,0.0002
2015010253,0.7641,0.0467,0.7174,1,Working at Height,HIGH,ACCEPT_MODEL_PREDICTED,MODEL_PREDICTED,0.0003,0.0002,0.0113,0.0081,0.0,0.0467,0.0006,0.0001,0.7641
2015010261,0.079,0.0064,0.0726,0,NONE,NO_PREDICTION,REJECTED_ZERO_LABELS,UNKNOWN,0.0,0.0001,0.0008,0.0,0.0064,0.0053,0.079,0.0001,0.0006
2015010266,0.9913,0.1992,0.7921,1,Working at Height,HIGH,ACCEPT_MODEL_PREDICTED,MODEL_PREDICTED,0.0002,0.0006,0.1992,0.0364,0.0042,0.0021,0.01,0.0026,0.9913
2015010271,0.0006,0.0002,0.0004,0,NONE,NO_PREDICTION,REJECTED_ZERO_LABELS,UNKNOWN,0.0,0.0001,0.0,0.0002,0.0002,0.0006,0.0,0.0,0.0002
2015010273,0.9944,0.0309,0.9635,1,Working at Height,HIGH,ACCEPT_MODEL_PREDICTED,MODEL_PREDICTED,0.0002,0.0002,0.0045,0.0259,0.0011,0.0309,0.0038,0.0001,0.9944
2015010296,0.0023,0.0014,0.0009,0,NONE,NO_PREDICTION,REJECTED_ZERO_LABELS,UNKNOWN,0.0001,0.0,0.0001,0.001,0.0,0.0014,0.0023,0.0001,0.0004
2015010318,0.1931,0.0424,0.1507,0,NONE,NO_PREDICTION,REJECTED_ZERO_LABELS,UNKNOWN,0.0013,0.0007,0.0023,0.001,0.0002,0.1931,0.0044,0.0002,0.0424
2015010325,0.0015,0.0002,0.0013,0,NONE,NO_PREDICTION,REJECTED_ZERO_LABELS,UNKNOWN,0.0,0.0,0.0001,0.0001,0.0,0.0002,0.0,0.0,0.0015
2015010363,0.0007,0.0003,0.0004,0,NONE,NO_PREDICTION,REJECTED_ZERO_LABELS,UNKNOWN,0.0,0.0,0.0001,0.0,0.0007,0.0003,0.0,0.0,0.0002
2015010364,0.0957,0.001,0.0947,0,NONE,NO_PREDICTION,REJECTED_ZERO_LABELS,UNKNOWN,0.0,0.0001,0.0001,0.0001,0.0002,0.001,0.0,0.0,0.0957
2015010399,0.4204,0.0215,0.3989,1,Safe Mechanical Lifting,LOW,REJECTED_LOW_CONFIDENCE,UNKNOWN,0.0,0.0001,0.0003,0.0032,0.0215,0.0001,0.4204,0.0021,0.0148
2015010401,0.017,0.0044,0.0126,0,NONE,NO_PREDICTION,REJECTED_ZERO_LABELS,UNKNOWN,0.0,0.0,0.0003,0.0,0.0002,0.0,0.0044,0.0001,0.017
2015010411,0.7884,0.6707,0.1177,4,Hot Work | Energy Isolation | Line of Fire | Working at Height,MEDIUM,SENT_TO_HUMAN_REVIEW,UNKNOWN,0.0181,0.2567,0.0064,0.6707,0.7884,0.666,0.174,0.029,0.4807
2015010181,0.0169,0.0003,0.0166,0,NONE,NO_PREDICTION,REJECTED_ZERO_LABELS,UNKNOWN,0.0,0.0,0.0003,0.0,0.0001,0.0,0.0,0.0,0.0169
2015010417,0.1088,0.0053,0.1035,0,NONE,NO_PREDICTION,REJECTED_ZERO_LABELS,UNKNOWN,0.0,0.0004,0.0,0.0053,0.1088,0.0001,0.0,0.0,0.0002
2015010425,0.0003,0.0001,0.0002,0,NONE,NO_PREDICTION,REJECTED_ZERO_LABELS,UNKNOWN,0.0,0.0,0.0,0.0,0.0001,0.0003,0.0001,0.0,0.0
2015010438,0.064,0.0625,0.0015,0,NONE,NO_PREDICTION,REJECTED_ZERO_LABELS,UNKNOWN,0.0,0.0,0.0,0.0001,0.001,0.0625,0.064,0.0,0.0007
2015010441,0.9974,0.0206,0.9768,1,Energy Isolation,HIGH,ACCEPT_MODEL_PREDICTED,MODEL_PREDICTED,0.0055,0.0206,0.0,0.9974,0.0082,0.0052,0.0002,0.0013,0.0034
2015010444,0.0086,0.0035,0.0051,0,NONE,NO_PREDICTION,REJECTED_ZERO_LABELS,UNKNOWN,0.0002,0.0001,0.0013,0.0001,0.0,0.0035,0.0086,0.0002,0.0019
2015010448,0.1054,0.0072,0.0982,0,NONE,NO_PREDICTION,REJECTED_ZERO_LABELS,UNKNOWN,0.0001,0.0001,0.1054,0.0001,0.0007,0.0022,0.0016,0.0001,0.0072
2015010478,0.0004,0.0004,0.0,0,NONE,NO_PREDICTION,REJECTED_ZERO_LABELS,UNKNOWN,0.0001,0.0004,0.0004,0.0002,0.0,0.0,0.0001,0.0004,0.0004
2015010495,0.0034,0.0013,0.0021,0,NONE,NO_PREDICTION,REJECTED_ZERO_LABELS,UNKNOWN,0.0,0.0001,0.0,0.0001,0.0034,0.0013,0.0,0.0,0.0002
2015010506,0.5995,0.0006,0.5989,1,Hot Work,MEDIUM,SENT_TO_HUMAN_REVIEW,UNKNOWN,0.0,0.0001,0.0,0.0,0.5995,0.0006,0.0001,0.0,0.0
2015010522,0.0019,0.0005,0.0014,0,NONE,NO_PREDICTION,REJECTED_ZERO_LABELS,UNKNOWN,0.0001,0.0003,0.0001,0.0005,0.0019,0.0005,0.0001,0.0001,0.0003
2015010526,0.4491,0.0213,0.4278,1,Driving,LOW,REJECTED_LOW_CONFIDENCE,UNKNOWN,0.0006,0.0005,0.4491,0.0213,0.001,0.0,0.0003,0.0008,0.0006
2015010541,0.9967,0.0007,0.996,1,Hot Work,HIGH,ACCEPT_MODEL_PREDICTED,MODEL_PREDICTED,0.0,0.0007,0.0,0.0,0.9967,0.0002,0.0001,0.0001,0.0001
2015010563,0.0599,0.0294,0.0305,0,NONE,NO_PREDICTION,REJECTED_ZERO_LABELS,UNKNOWN,0.0007,0.0005,0.0033,0.0599,0.0,0.0294,0.0006,0.0001,0.0256
2015010568,0.8765,0.003,0.8735,1,Hot Work,HIGH,ACCEPT_MODEL_PREDICTED,MODEL_PREDICTED,0.0,0.003,0.0,0.0007,0.8765,0.0001,0.0005,0.0016,0.0001
2015010569,0.7456,0.0028,0.7428,1,Working at Height,HIGH,ACCEPT_MODEL_PREDICTED,MODEL_PREDICTED,0.0,0.0002,0.0019,0.0009,0.0028,0.0002,0.0006,0.0003,0.7456
2015010197,0.9733,0.1122,0.8611,1,Working at Height,HIGH,ACCEPT_MODEL_PREDICTED,MODEL_PREDICTED,0.0001,0.0004,0.0028,0.0258,0.0177,0.0083,0.1122,0.0028,0.9733
2015010597,0.9983,0.02,0.9783,1,Safe Mechanical Lifting,HIGH,ACCEPT_MODEL_PREDICTED,MODEL_PREDICTED,0.0,0.0,0.0155,0.0001,0.0043,0.0119,0.9983,0.0002,0.02
2015010599,0.9784,0.0131,0.9653,1,Driving,HIGH,ACCEPT_MODEL_PREDICTED,MODEL_PREDICTED,0.001,0.0008,0.9784,0.0019,0.0002,0.0131,0.0075,0.0005,0.0072
2015010658,0.9947,0.077,0.9177,1,Energy Isolation,HIGH,ACCEPT_MODEL_PREDICTED,MODEL_PREDICTED,0.0105,0.077,0.0002,0.9947,0.0179,0.008,0.0014,0.0043,0.0001
2015010670,0.9784,0.0418,0.9366,1,Line of Fire,HIGH,ACCEPT_MODEL_PREDICTED,MODEL_PREDICTED,0.0012,0.0001,0.0015,0.0009,0.0002,0.9784,0.029,0.0,0.0418
2015010676,0.999,0.8096,0.1894,2,Safe Mechanical Lifting | Driving,HIGH,ACCEPT_MODEL_PREDICTED,MODEL_PREDICTED,0.0031,0.0006,0.8096,0.2299,0.0035,0.0347,0.999,0.008,0.0116
2015010678,0.0049,0.0038,0.0011,0,NONE,NO_PREDICTION,REJECTED_ZERO_LABELS,UNKNOWN,0.0,0.0,0.0001,0.0001,0.0,0.0049,0.0038,0.0,0.0004
2015010693,0.7914,0.1362,0.6552,1,Safe Mechanical Lifting,HIGH,ACCEPT_MODEL_PREDICTED,MODEL_PREDICTED,0.0002,0.0003,0.0009,0.0116,0.0006,0.0047,0.7914,0.0035,0.1362
2015010696,0.0144,0.0067,0.0077,0,NONE,NO_PREDICTION,REJECTED_ZERO_LABELS,UNKNOWN,0.0,0.0,0.0,0.0,0.0144,0.0002,0.0067,0.0,0.0011
2015010700,0.0105,0.0004,0.0101,0,NONE,NO_PREDICTION,REJECTED_ZERO_LABELS,UNKNOWN,0.0,0.0001,0.0003,0.0002,0.0003,0.0004,0.0003,0.0001,0.0105
2015010720,0.9457,0.9375,0.0082,2,Working at Height | Line of Fire,MEDIUM,SENT_TO_HUMAN_REVIEW,UNKNOWN,0.0072,0.0026,0.0193,0.0619,0.0016,0.9375,0.0204,0.0004,0.9457
2015010726,0.8841,0.7321,0.152,3,Working at Height | Energy Isolation | Safe Mechanical Lifting,HIGH,ACCEPT_MODEL_PREDICTED,MODEL_PREDICTED,0.003,0.0109,0.0092,0.7321,0.0472,0.0062,0.5323,0.1209,0.8841
2015010734,0.1179,0.0749,0.043,0,NONE,NO_PREDICTION,REJECTED_ZERO_LABELS,UNKNOWN,0.0002,0.0006,0.012,0.0021,0.0117,0.0068,0.1179,0.0006,0.0749
2015010736,0.0006,0.0004,0.0002,0,NONE,NO_PREDICTION,REJECTED_ZERO_LABELS,UNKNOWN,0.0,0.0001,0.0,0.0006,0.0004,0.0003,0.0,0.0,0.0001
2015010739,0.9946,0.0131,0.9815,1,Working at Height,HIGH,ACCEPT_MODEL_PREDICTED,MODEL_PREDICTED,0.0001,0.0018,0.0009,0.0131,0.0109,0.0012,0.001,0.0041,0.9946
2015010806,0.001,0.0004,0.0006,0,NONE,NO_PREDICTION,REJECTED_ZERO_LABELS,UNKNOWN,0.0,0.0,0.0004,0.001,0.0,0.0001,0.0001,0.0,0.0001
2015010807,0.9963,0.0597,0.9366,1,Energy Isolation,HIGH,ACCEPT_MODEL_PREDICTED,MODEL_PREDICTED,0.0026,0.015,0.001,0.9963,0.0332,0.0003,0.0006,0.0037,0.0597
2015010808,0.0136,0.002,0.0116,0,NONE,NO_PREDICTION,REJECTED_ZERO_LABELS,UNKNOWN,0.0002,0.002,0.0,0.0136,0.0005,0.0,0.0001,0.0013,0.0
2015010845,0.1816,0.0177,0.1639,0,NONE,NO_PREDICTION,REJECTED_ZERO_LABELS,UNKNOWN,0.0001,0.0003,0.0001,0.1816,0.0067,0.0,0.0021,0.0003,0.0177
2015010861,0.9999,0.0597,0.9402,1,Hot Work,HIGH,ACCEPT_MODEL_PREDICTED,MODEL_PREDICTED,0.0,0.0597,0.0001,0.0213,0.9999,0.0017,0.0008,0.0058,0.0004
2015010895,0.9726,0.0125,0.9601,1,Working at Height,HIGH,ACCEPT_MODEL_PREDICTED,MODEL_PREDICTED,0.0001,0.0002,0.0024,0.0125,0.0004,0.0002,0.0013,0.0018,0.9726
2015010976,0.005,0.0038,0.0012,0,NONE,NO_PREDICTION,REJECTED_ZERO_LABELS,UNKNOWN,0.0,0.0,0.0,0.0032,0.0002,0.005,0.0011,0.0,0.0038
2015021040,0.9875,0.0051,0.9824,1,Safe Mechanical Lifting,HIGH,ACCEPT_MODEL_PREDICTED,MODEL_PREDICTED,0.0,0.0,0.0006,0.0015,0.0002,0.0004,0.9875,0.0003,0.0051
2015021099,0.7234,0.1649,0.5585,1,Safe Mechanical Lifting,HIGH,ACCEPT_MODEL_PREDICTED,MODEL_PREDICTED,0.0001,0.0,0.0004,0.002,0.0001,0.0106,0.7234,0.0002,0.1649
2015021113,0.0002,0.0002,0.0,0,NONE,NO_PREDICTION,REJECTED_ZERO_LABELS,UNKNOWN,0.0,0.0001,0.0001,0.0001,0.0002,0.0002,0.0,0.0,0.0
2015021118,0.0092,0.0074,0.0018,0,NONE,NO_PREDICTION,REJECTED_ZERO_LABELS,UNKNOWN,0.0,0.0,0.0001,0.0001,0.0074,0.0004,0.0,0.0,0.0092
2015021157,0.9834,0.008,0.9754,1,Energy Isolation,HIGH,ACCEPT_MODEL_PREDICTED,MODEL_PREDICTED,0.0021,0.008,0.0001,0.9834,0.0033,0.0009,0.0001,0.0009,0.0047
2015021187,0.9269,0.4147,0.5122,2,Safe Mechanical Lifting | Working at Height,HIGH,ACCEPT_MODEL_PREDICTED,MODEL_PREDICTED,0.0002,0.0002,0.0602,0.0009,0.0013,0.0146,0.9269,0.0038,0.4147
2015021188,0.004,0.0002,0.0038,0,NONE,NO_PREDICTION,REJECTED_ZERO_LABELS,UNKNOWN,0.0001,0.0,0.0,0.0002,0.0002,0.004,0.0,0.0,0.0
2015021258,0.0023,0.0011,0.0012,0,NONE,NO_PREDICTION,REJECTED_ZERO_LABELS,UNKNOWN,0.0,0.0001,0.0,0.0023,0.0007,0.0011,0.0,0.0,0.0004
2015021264,0.3486,0.1694,0.1792,1,Safe Mechanical Lifting,LOW,REJECTED_LOW_CONFIDENCE,UNKNOWN,0.0004,0.0002,0.0548,0.0004,0.0103,0.1694,0.3486,0.0002,0.0057
2015021269,0.0017,0.0003,0.0014,0,NONE,NO_PREDICTION,REJECTED_ZERO_LABELS,UNKNOWN,0.0,0.0001,0.0,0.0017,0.0,0.0003,0.0,0.0,0.0
2015021280,0.9303,0.3025,0.6278,2,Driving | Safe Mechanical Lifting,HIGH,ACCEPT_MODEL_PREDICTED,MODEL_PREDICTED,0.0003,0.0001,0.9303,0.0025,0.0002,0.002,0.3025,0.001,0.0032
2015021285,0.9735,0.0347,0.9388,1,Energy Isolation,HIGH,ACCEPT_MODEL_PREDICTED,MODEL_PREDICTED,0.0007,0.0019,0.0001,0.9735,0.0011,0.0002,0.0003,0.0013,0.0347
2015021300,0.0669,0.0237,0.0432,0,NONE,NO_PREDICTION,REJECTED_ZERO_LABELS,UNKNOWN,0.0,0.0,0.0007,0.0001,0.0003,0.0669,0.0237,0.0,0.0001
2015023748,0.9843,0.0333,0.951,1,Energy Isolation,HIGH,ACCEPT_MODEL_PREDICTED,MODEL_PREDICTED,0.0001,0.0008,0.0001,0.9843,0.0149,0.0001,0.0001,0.0002,0.0333
2015020050,0.0044,0.0022,0.0022,0,NONE,NO_PREDICTION,REJECTED_ZERO_LABELS,UNKNOWN,0.0,0.0,0.0002,0.0022,0.0,0.0017,0.0006,0.0,0.0044
2015020055,0.0048,0.0005,0.0043,0,NONE,NO_PREDICTION,REJECTED_ZERO_LABELS,UNKNOWN,0.0,0.0001,0.0002,0.0002,0.0005,0.0001,0.0,0.0,0.0048
2015021348,0.0018,0.0002,0.0016,0,NONE,NO_PREDICTION,REJECTED_ZERO_LABELS,UNKNOWN,0.0,0.0,0.0002,0.0,0.0001,0.0001,0.0,0.0,0.0018
2015021361,0.0032,0.003,0.0002,0,NONE,NO_PREDICTION,REJECTED_ZERO_LABELS,UNKNOWN,0.0001,0.001,0.0003,0.003,0.001,0.0005,0.0,0.0003,0.0032
2015021362,0.0018,0.0005,0.0013,0,NONE,NO_PREDICTION,REJECTED_ZERO_LABELS,UNKNOWN,0.0,0.0,0.0,0.0005,0.0002,0.0,0.0,0.0,0.0018
2015020234,0.0023,0.0012,0.0011,0,NONE,NO_PREDICTION,REJECTED_ZERO_LABELS,UNKNOWN,0.0,0.0,0.0001,0.0,0.0,0.0023,0.0011,0.0,0.0012
2015021375,0.0417,0.0209,0.0208,0,NONE,NO_PREDICTION,REJECTED_ZERO_LABELS,UNKNOWN,0.0001,0.0002,0.0,0.0033,0.0417,0.0209,0.0,0.0,0.0001
2015021377,0.0007,0.0005,0.0002,0,NONE,NO_PREDICTION,REJECTED_ZERO_LABELS,UNKNOWN,0.0001,0.0002,0.0001,0.0003,0.0005,0.0007,0.0,0.0,0.0
2015020236,0.0009,0.0009,0.0,0,NONE,NO_PREDICTION,REJECTED_ZERO_LABELS,UNKNOWN,0.0,0.0,0.0001,0.0,0.0001,0.0009,0.0009,0.0,0.0
2015020241,0.926,0.0149,0.9111,1,Energy Isolation,HIGH,ACCEPT_MODEL_PREDICTED,MODEL_PREDICTED,0.0014,0.0022,0.001,0.926,0.0008,0.0003,0.0,0.0003,0.0149
2015020260,0.1167,0.0011,0.1156,0,NONE,NO_PREDICTION,REJECTED_ZERO_LABELS,UNKNOWN,0.0,0.0,0.0,0.0001,0.1167,0.0001,0.0011,0.0,0.0
2015021420,0.9442,0.0486,0.8956,1,Driving,HIGH,ACCEPT_MODEL_PREDICTED,MODEL_PREDICTED,0.0037,0.0013,0.9442,0.0103,0.0002,0.0458,0.0005,0.0003,0.0486
2015020518,0.4875,0.4488,0.0387,3,Energy Isolation | Safe Mechanical Lifting | Working at Height,MEDIUM,SENT_TO_HUMAN_REVIEW,UNKNOWN,0.0011,0.0062,0.0004,0.4875,0.2338,0.1417,0.4488,0.0057,0.4106
2015020065,0.0092,0.0025,0.0067,0,NONE,NO_PREDICTION,REJECTED_ZERO_LABELS,UNKNOWN,0.0002,0.0012,0.0002,0.0025,0.0092,0.0005,0.0,0.0003,0.0014
2015020647,0.0093,0.0082,0.0011,0,NONE,NO_PREDICTION,REJECTED_ZERO_LABELS,UNKNOWN,0.0002,0.004,0.0002,0.0093,0.005,0.0001,0.0008,0.0082,0.0001
2015020653,0.7659,0.0528,0.7131,1,Safe Mechanical Lifting,HIGH,ACCEPT_MODEL_PREDICTED,MODEL_PREDICTED,0.0005,0.0003,0.0009,0.0011,0.0004,0.0528,0.7659,0.0011,0.0057
2015020655,0.1536,0.005,0.1486,0,NONE,NO_PREDICTION,REJECTED_ZERO_LABELS,UNKNOWN,0.0001,0.0,0.0001,0.0005,0.0005,0.005,0.1536,0.0003,0.0005
2015020672,0.0012,0.0001,0.0011,0,NONE,NO_PREDICTION,REJECTED_ZERO_LABELS,UNKNOWN,0.0,0.0,0.0,0.0001,0.0012,0.0,0.0001,0.0,0.0001
2015020679,0.5421,0.0084,0.5337,1,Safe Mechanical Lifting,MEDIUM,SENT_TO_HUMAN_REVIEW,UNKNOWN,0.0001,0.0,0.0084,0.0033,0.0001,0.0045,0.5421,0.0001,0.0054
2015020682,0.0002,0.0002,0.0,0,NONE,NO_PREDICTION,REJECTED_ZERO_LABELS,UNKNOWN,0.0,0.0,0.0,0.0,0.0002,0.0,0.0,0.0,0.0002
2015020726,0.9978,0.2287,0.7691,1,Safe Mechanical Lifting,HIGH,ACCEPT_MODEL_PREDICTED,MODEL_PREDICTED,0.0004,0.0004,0.0174,0.0087,0.0026,0.0014,0.9978,0.038,0.2287
2015020759,0.8353,0.0069,0.8284,1,Hot Work,HIGH,ACCEPT_MODEL_PREDICTED,MODEL_PREDICTED,0.0,0.0012,0.0,0.0051,0.8353,0.0004,0.0001,0.0003,0.0069
2015020774,0.0033,0.0023,0.001,0,NONE,NO_PREDICTION,REJECTED_ZERO_LABELS,UNKNOWN,0.0,0.0,0.0001,0.0002,0.0,0.0023,0.0001,0.0,0.0033
2015020794,0.9996,0.0123,0.9873,1,Hot Work,HIGH,ACCEPT_MODEL_PREDICTED,MODEL_PREDICTED,0.0,0.0123,0.0,0.0071,0.9996,0.0017,0.0002,0.0007,0.0002
2015020796,0.0003,0.0001,0.0002,0,NONE,NO_PREDICTION,REJECTED_ZERO_LABELS,UNKNOWN,0.0,0.0,0.0,0.0003,0.0001,0.0,0.0001,0.0001,0.0
2015020858,0.3041,0.2684,0.0357,2,Line of Fire | Driving,LOW,REJECTED_LOW_CONFIDENCE,UNKNOWN,0.0023,0.0009,0.2684,0.0014,0.0003,0.3041,0.0004,0.0,0.0022
2015030879,0.5458,0.0301,0.5157,1,Line of Fire,MEDIUM,SENT_TO_HUMAN_REVIEW,UNKNOWN,0.0015,0.0001,0.0172,0.0006,0.0,0.5458,0.0301,0.0,0.0003
2015030880,0.9991,0.0054,0.9937,1,Hot Work,HIGH,ACCEPT_MODEL_PREDICTED,MODEL_PREDICTED,0.0,0.0054,0.0,0.0001,0.9991,0.0007,0.0,0.0002,0.0
2015030932,0.4099,0.0066,0.4033,1,Energy Isolation,LOW,REJECTED_LOW_CONFIDENCE,UNKNOWN,0.0002,0.0004,0.0,0.4099,0.0002,0.0002,0.0002,0.0002,0.0066
2015030950,0.8338,0.008,0.8258,1,Safe Mechanical Lifting,HIGH,ACCEPT_MODEL_PREDICTED,MODEL_PREDICTED,0.0,0.0,0.0005,0.0001,0.0001,0.008,0.8338,0.0,0.0013
2015030990,0.7365,0.066,0.6705,1,Driving,HIGH,ACCEPT_MODEL_PREDICTED,MODEL_PREDICTED,0.0031,0.0121,0.7365,0.0065,0.0229,0.0202,0.001,0.0033,0.066
2015030991,0.1903,0.0033,0.187,0,NONE,NO_PREDICTION,REJECTED_ZERO_LABELS,UNKNOWN,0.0001,0.0,0.0002,0.0003,0.0018,0.1903,0.0033,0.0,0.0002
2015030582,0.0109,0.007,0.0039,0,NONE,NO_PREDICTION,REJECTED_ZERO_LABELS,UNKNOWN,0.0005,0.0109,0.0013,0.0035,0.0019,0.0001,0.0,0.007,0.0012
2015031018,0.0313,0.0047,0.0266,0,NONE,NO_PREDICTION,REJECTED_ZERO_LABELS,UNKNOWN,0.0003,0.0009,0.0,0.0313,0.0017,0.0047,0.0005,0.0001,0.0028
2015031062,0.0047,0.0005,0.0042,0,NONE,NO_PREDICTION,REJECTED_ZERO_LABELS,UNKNOWN,0.0,0.0,0.0,0.0,0.0005,0.0001,0.0,0.0,0.0047
2015031076,0.9547,0.7189,0.2358,2,Working at Height | Hot Work,HIGH,ACCEPT_MODEL_PREDICTED,MODEL_PREDICTED,0.0013,0.0574,0.0026,0.0763,0.7189,0.001,0.0359,0.2952,0.9547
2015030379,0.0033,0.0023,0.001,0,NONE,NO_PREDICTION,REJECTED_ZERO_LABELS,UNKNOWN,0.0001,0.0001,0.0011,0.0023,0.0001,0.0005,0.0033,0.0002,0.0014
2015030586,0.0005,0.0003,0.0002,0,NONE,NO_PREDICTION,REJECTED_ZERO_LABELS,UNKNOWN,0.0,0.0001,0.0001,0.0003,0.0001,0.0005,0.0001,0.0,0.0002
2015031093,0.6349,0.0621,0.5728,1,Energy Isolation,MEDIUM,SENT_TO_HUMAN_REVIEW,UNKNOWN,0.0008,0.0051,0.0001,0.6349,0.0046,0.0018,0.0004,0.0011,0.0621
2015031116,0.0056,0.0001,0.0055,0,NONE,NO_PREDICTION,REJECTED_ZERO_LABELS,UNKNOWN,0.0,0.0,0.0001,0.0,0.0,0.0001,0.0056,0.0001,0.0001
2015031118,0.9544,0.0213,0.9331,1,Safe Mechanical Lifting,HIGH,ACCEPT_MODEL_PREDICTED,MODEL_PREDICTED,0.0003,0.0005,0.0041,0.0149,0.0213,0.0054,0.9544,0.0018,0.0018
2015031131,0.0383,0.0064,0.0319,0,NONE,NO_PREDICTION,REJECTED_ZERO_LABELS,UNKNOWN,0.0005,0.0005,0.0064,0.0006,0.0002,0.0383,0.0001,0.0,0.0047
2015030112,0.1334,0.0028,0.1306,0,NONE,NO_PREDICTION,REJECTED_ZERO_LABELS,UNKNOWN,0.0,0.0028,0.0,0.0008,0.1334,0.0002,0.0005,0.0009,0.0
2015030128,0.9436,0.2381,0.7055,1,Driving,HIGH,ACCEPT_MODEL_PREDICTED,MODEL_PREDICTED,0.0009,0.0005,0.9436,0.0006,0.0,0.0026,0.0015,0.0017,0.2381
2015030309,0.0016,0.0014,0.0002,0,NONE,NO_PREDICTION,REJECTED_ZERO_LABELS,UNKNOWN,0.0,0.0,0.0016,0.0,0.0002,0.001,0.0014,0.0001,0.0004
2015030311,0.5695,0.0145,0.555,1,Safe Mechanical Lifting,MEDIUM,SENT_TO_HUMAN_REVIEW,UNKNOWN,0.0011,0.002,0.0145,0.0114,0.0056,0.0068,0.5695,0.0042,0.0003
2015031176,0.0939,0.0018,0.0921,0,NONE,NO_PREDICTION,REJECTED_ZERO_LABELS,UNKNOWN,0.0,0.0,0.0001,0.0004,0.0002,0.0018,0.0939,0.0001,0.0007
2015030594,0.0006,0.0003,0.0003,0,NONE,NO_PREDICTION,REJECTED_ZERO_LABELS,UNKNOWN,0.0,0.0,0.0,0.0,0.0,0.0006,0.0001,0.0,0.0003
2015031198,0.948,0.0522,0.8958,1,Line of Fire,HIGH,ACCEPT_MODEL_PREDICTED,MODEL_PREDICTED,0.0004,0.0,0.0004,0.0004,0.0,0.948,0.0522,0.0,0.0023
2015031205,0.0253,0.0097,0.0156,0,NONE,NO_PREDICTION,REJECTED_ZERO_LABELS,UNKNOWN,0.0,0.0006,0.0002,0.0253,0.0097,0.0001,0.0029,0.0007,0.0032
2015031212,0.9984,0.0938,0.9046,1,Driving,HIGH,ACCEPT_MODEL_PREDICTED,MODEL_PREDICTED,0.0019,0.0157,0.9984,0.0034,0.0938,0.0014,0.0004,0.0315,0.0105
2015031213,0.9821,0.1799,0.8022,1,Driving,HIGH,ACCEPT_MODEL_PREDICTED,MODEL_PREDICTED,0.0003,0.0001,0.9821,0.0001,0.0,0.0019,0.1799,0.0009,0.0138
2015031221,0.9322,0.8568,0.0754,3,Driving | Safe Mechanical Lifting | Line of Fire,MEDIUM,SENT_TO_HUMAN_REVIEW,UNKNOWN,0.0012,0.0004,0.9322,0.0004,0.0022,0.2234,0.8568,0.0007,0.0077
2015031231,0.0226,0.0048,0.0178,0,NONE,NO_PREDICTION,REJECTED_ZERO_LABELS,UNKNOWN,0.0001,0.0,0.0003,0.0002,0.0003,0.0226,0.0048,0.0,0.0
2015031268,0.0358,0.0088,0.027,0,NONE,NO_PREDICTION,REJECTED_ZERO_LABELS,UNKNOWN,0.0001,0.0,0.0009,0.0018,0.0001,0.0078,0.0358,0.0,0.0088
2015031301,0.0008,0.0004,0.0004,0,NONE,NO_PREDICTION,REJECTED_ZERO_LABELS,UNKNOWN,0.0,0.0,0.0008,0.0004,0.0001,0.0,0.0002,0.0001,0.0001
2015031349,0.0119,0.0041,0.0078,0,NONE,NO_PREDICTION,REJECTED_ZERO_LABELS,UNKNOWN,0.0001,0.0001,0.0119,0.0001,0.0,0.0041,0.0002,0.0,0.0009
2015031358,0.0233,0.0045,0.0188,0,NONE,NO_PREDICTION,REJECTED_ZERO_LABELS,UNKNOWN,0.0,0.0,0.0006,0.0045,0.0012,0.0006,0.0233,0.0001,0.0
2015031378,0.6312,0.168,0.4632,1,Driving,MEDIUM,SENT_TO_HUMAN_REVIEW,UNKNOWN,0.0004,0.0005,0.6312,0.0002,0.0041,0.0178,0.168,0.0004,0.0026
2015031384,0.0184,0.0012,0.0172,0,NONE,NO_PREDICTION,REJECTED_ZERO_LABELS,UNKNOWN,0.0,0.0,0.0,0.0001,0.0012,0.0184,0.0007,0.0,0.0007
2015031393,0.9999,0.0089,0.991,1,Energy Isolation,HIGH,ACCEPT_MODEL_PREDICTED,MODEL_PREDICTED,0.004,0.0065,0.0002,0.9999,0.0018,0.0002,0.0002,0.0011,0.0089
2015031396,0.9996,0.1884,0.8112,1,Safe Mechanical Lifting,HIGH,ACCEPT_MODEL_PREDICTED,MODEL_PREDICTED,0.0001,0.0001,0.0048,0.0394,0.1884,0.0283,0.9996,0.0022,0.1355
2015031426,0.0224,0.0049,0.0175,0,NONE,NO_PREDICTION,REJECTED_ZERO_LABELS,UNKNOWN,0.0,0.0001,0.0049,0.0004,0.0001,0.0001,0.0023,0.0003,0.0224
2015031447,0.1234,0.014,0.1094,0,NONE,NO_PREDICTION,REJECTED_ZERO_LABELS,UNKNOWN,0.0,0.0,0.0,0.0004,0.014,0.0013,0.1234,0.0001,0.0014
2015030396,0.8224,0.1741,0.6483,1,Energy Isolation,HIGH,ACCEPT_MODEL_PREDICTED,MODEL_PREDICTED,0.0055,0.0059,0.0003,0.8224,0.0009,0.1741,0.0012,0.0003,0.0753
2015030398,0.0025,0.0025,0.0,0,NONE,NO_PREDICTION,REJECTED_ZERO_LABELS,UNKNOWN,0.0001,0.0001,0.0001,0.0001,0.0,0.0025,0.0025,0.0001,0.0
2015030400,0.3338,0.1381,0.1957,1,Safe Mechanical Lifting,LOW,REJECTED_LOW_CONFIDENCE,UNKNOWN,0.0009,0.0003,0.1381,0.0077,0.0008,0.1174,0.3338,0.0006,0.0351
2015031489,0.9997,0.0621,0.9376,1,Energy Isolation,HIGH,ACCEPT_MODEL_PREDICTED,MODEL_PREDICTED,0.0088,0.0527,0.0002,0.9997,0.0621,0.0029,0.0013,0.0033,0.0353
2015031548,0.5455,0.0994,0.4461,1,Line of Fire,MEDIUM,SENT_TO_HUMAN_REVIEW,UNKNOWN,0.001,0.0011,0.0018,0.001,0.0994,0.5455,0.0959,0.0008,0.011
2015031579,0.2823,0.0894,0.1929,1,Working at Height,LOW,REJECTED_LOW_CONFIDENCE,UNKNOWN,0.0,0.0,0.0016,0.0894,0.0007,0.0036,0.0048,0.0,0.2823
2015031582,0.3227,0.0264,0.2963,1,Driving,LOW,REJECTED_LOW_CONFIDENCE,UNKNOWN,0.0001,0.0001,0.3227,0.0,0.0001,0.0018,0.0066,0.0001,0.0264
2015031583,0.0347,0.0206,0.0141,0,NONE,NO_PREDICTION,REJECTED_ZERO_LABELS,UNKNOWN,0.0002,0.0004,0.0008,0.0347,0.0206,0.0031,0.0001,0.0001,0.002
2015031586,0.9969,0.1,0.8969,1,Energy Isolation,HIGH,ACCEPT_MODEL_PREDICTED,MODEL_PREDICTED,0.0149,0.1,0.0015,0.9969,0.0137,0.0014,0.001,0.0088,0.0006
2015031596,0.0032,0.0009,0.0023,0,NONE,NO_PREDICTION,REJECTED_ZERO_LABELS,UNKNOWN,0.0,0.0,0.0,0.0007,0.0001,0.0032,0.0007,0.0,0.0009
2015031626,0.0476,0.0273,0.0203,0,NONE,NO_PREDICTION,REJECTED_ZERO_LABELS,UNKNOWN,0.0001,0.0001,0.0019,0.0001,0.0072,0.0183,0.0273,0.0,0.0476
2015031639,0.0011,0.0004,0.0007,0,NONE,NO_PREDICTION,REJECTED_ZERO_LABELS,UNKNOWN,0.0,0.0,0.0,0.0003,0.0011,0.0004,0.0001,0.0,0.0001
2015041665,0.5298,0.1492,0.3806,1,Safe Mechanical Lifting,MEDIUM,SENT_TO_HUMAN_REVIEW,UNKNOWN,0.0068,0.0046,0.0055,0.1394,0.0002,0.1492,0.5298,0.0069,0.0143
2015041709,0.6399,0.0124,0.6275,1,Energy Isolation,MEDIUM,SENT_TO_HUMAN_REVIEW,UNKNOWN,0.0032,0.0124,0.004,0.6399,0.0057,0.0009,0.0005,0.0035,0.0001
2015041744,0.002,0.0017,0.0003,0,NONE,NO_PREDICTION,REJECTED_ZERO_LABELS,UNKNOWN,0.0,0.0,0.0,0.002,0.0001,0.0001,0.0006,0.0001,0.0017
2015040620,0.0054,0.0038,0.0016,0,NONE,NO_PREDICTION,REJECTED_ZERO_LABELS,UNKNOWN,0.0,0.0,0.0001,0.0,0.0013,0.0038,0.0054,0.0,0.0001
2015041766,0.196,0.0978,0.0982,0,NONE,NO_PREDICTION,REJECTED_ZERO_LABELS,UNKNOWN,0.0002,0.0008,0.0,0.0978,0.0507,0.0006,0.0053,0.0014,0.196
2015041772,0.0041,0.0015,0.0026,0,NONE,NO_PREDICTION,REJECTED_ZERO_LABELS,UNKNOWN,0.0,0.0005,0.0001,0.0041,0.0006,0.0,0.0002,0.0015,0.0014
2015041825,0.9106,0.0039,0.9067,1,Safe Mechanical Lifting,HIGH,ACCEPT_MODEL_PREDICTED,MODEL_PREDICTED,0.0,0.0001,0.0039,0.0009,0.0013,0.0,0.9106,0.0035,0.0005
2015041849,0.004,0.0014,0.0026,0,NONE,NO_PREDICTION,REJECTED_ZERO_LABELS,UNKNOWN,0.0,0.0002,0.0,0.0002,0.004,0.0009,0.0,0.0,0.0014
2015041897,0.0021,0.002,0.0001,0,NONE,NO_PREDICTION,REJECTED_ZERO_LABELS,UNKNOWN,0.0,0.0,0.0,0.002,0.0,0.001,0.0001,0.0,0.0021
2015041924,0.0098,0.0035,0.0063,0,NONE,NO_PREDICTION,REJECTED_ZERO_LABELS,UNKNOWN,0.0,0.0,0.0,0.0098,0.0002,0.0004,0.0035,0.0,0.0
2015041925,0.201,0.0024,0.1986,0,NONE,NO_PREDICTION,REJECTED_ZERO_LABELS,UNKNOWN,0.0,0.0024,0.0001,0.0024,0.201,0.0001,0.0,0.0007,0.0023
2015041930,0.2429,0.0063,0.2366,0,NONE,NO_PREDICTION,REJECTED_ZERO_LABELS,UNKNOWN,0.0,0.0001,0.0,0.2429,0.0003,0.0,0.0,0.0,0.0063
2015041934,0.0002,0.0002,0.0,0,NONE,NO_PREDICTION,REJECTED_ZERO_LABELS,UNKNOWN,0.0,0.0,0.0,0.0002,0.0002,0.0002,0.0001,0.0,0.0001
2015041948,0.0138,0.0118,0.002,0,NONE,NO_PREDICTION,REJECTED_ZERO_LABELS,UNKNOWN,0.0004,0.0003,0.0022,0.0035,0.0001,0.0138,0.0118,0.0002,0.003
2015041995,0.0005,0.0004,0.0001,0,NONE,NO_PREDICTION,REJECTED_ZERO_LABELS,UNKNOWN,0.0,0.0,0.0002,0.0,0.0,0.0,0.0005,0.0002,0.0004
2015042100,0.0035,0.0007,0.0028,0,NONE,NO_PREDICTION,REJECTED_ZERO_LABELS,UNKNOWN,0.0001,0.0,0.0001,0.0035,0.0001,0.0006,0.0007,0.0,0.0001
2015042127,0.0255,0.0004,0.0251,0,NONE,NO_PREDICTION,REJECTED_ZERO_LABELS,UNKNOWN,0.0,0.0,0.0255,0.0,0.0,0.0002,0.0,0.0,0.0004
2015042146,0.1837,0.0023,0.1814,0,NONE,NO_PREDICTION,REJECTED_ZERO_LABELS,UNKNOWN,0.0001,0.0001,0.0,0.1837,0.0023,0.002,0.0008,0.0,0.0004
2015042154,0.9204,0.0433,0.8771,1,Working at Height,HIGH,ACCEPT_MODEL_PREDICTED,MODEL_PREDICTED,0.0001,0.0003,0.0007,0.0433,0.0041,0.0034,0.0019,0.0003,0.9204
2015042210,0.0004,0.0003,0.0001,0,NONE,NO_PREDICTION,REJECTED_ZERO_LABELS,UNKNOWN,0.0,0.0,0.0,0.0,0.0,0.0003,0.0001,0.0,0.0004
2015042225,0.0011,0.0008,0.0003,0,NONE,NO_PREDICTION,REJECTED_ZERO_LABELS,UNKNOWN,0.0,0.0,0.0,0.0008,0.0005,0.0,0.0011,0.0001,0.0
2015042243,0.0788,0.0036,0.0752,0,NONE,NO_PREDICTION,REJECTED_ZERO_LABELS,UNKNOWN,0.0,0.0,0.0002,0.0036,0.0001,0.0009,0.0001,0.0,0.0788
2015042268,0.0009,0.0009,0.0,0,NONE,NO_PREDICTION,REJECTED_ZERO_LABELS,UNKNOWN,0.0,0.0,0.0,0.0001,0.0,0.0009,0.0009,0.0,0.0001
2015042298,0.0017,0.0002,0.0015,0,NONE,NO_PREDICTION,REJECTED_ZERO_LABELS,UNKNOWN,0.0,0.0001,0.0,0.0,0.0002,0.0001,0.0,0.0,0.0017
2015042299,0.0003,0.0001,0.0002,0,NONE,NO_PREDICTION,REJECTED_ZERO_LABELS,UNKNOWN,0.0,0.0,0.0,0.0003,0.0,0.0001,0.0001,0.0,0.0
2015042314,0.0024,0.0011,0.0013,0,NONE,NO_PREDICTION,REJECTED_ZERO_LABELS,UNKNOWN,0.0001,0.0,0.0002,0.0002,0.0001,0.0024,0.0011,0.0001,0.0002
2015042323,0.9998,0.0093,0.9905,1,Safe Mechanical Lifting,HIGH,ACCEPT_MODEL_PREDICTED,MODEL_PREDICTED,0.0,0.0,0.0055,0.0036,0.0027,0.0011,0.9998,0.0019,0.0093
2015040133,0.9996,0.0235,0.9761,1,Safe Mechanical Lifting,HIGH,ACCEPT_MODEL_PREDICTED,MODEL_PREDICTED,0.0002,0.0001,0.0235,0.0047,0.0011,0.0146,0.9996,0.0015,0.0133
2015040135,0.0755,0.0071,0.0684,0,NONE,NO_PREDICTION,REJECTED_ZERO_LABELS,UNKNOWN,0.0,0.0001,0.0,0.0001,0.0755,0.0001,0.0071,0.0014,0.0003
2015040136,0.1116,0.0031,0.1085,0,NONE,NO_PREDICTION,REJECTED_ZERO_LABELS,UNKNOWN,0.0002,0.0027,0.0,0.1116,0.0003,0.0,0.0001,0.0031,0.0002
2015042419,0.0036,0.0014,0.0022,0,NONE,NO_PREDICTION,REJECTED_ZERO_LABELS,UNKNOWN,0.0,0.0001,0.0003,0.0036,0.0001,0.0,0.0006,0.0004,0.0014
2015042422,0.5818,0.0161,0.5657,1,Driving,MEDIUM,SENT_TO_HUMAN_REVIEW,UNKNOWN,0.0002,0.0,0.5818,0.0,0.0,0.0054,0.0161,0.0001,0.0001
2015042446,0.0135,0.0067,0.0068,0,NONE,NO_PREDICTION,REJECTED_ZERO_LABELS,UNKNOWN,0.0001,0.0001,0.0033,0.0,0.0016,0.0067,0.0049,0.0001,0.0135
2015042463,0.0121,0.003,0.0091,0,NONE,NO_PREDICTION,REJECTED_ZERO_LABELS,UNKNOWN,0.0001,0.0001,0.0005,0.0,0.0001,0.0121,0.003,0.0001,0.0001
2015042476,0.0055,0.0046,0.0009,0,NONE,NO_PREDICTION,REJECTED_ZERO_LABELS,UNKNOWN,0.0,0.0003,0.0001,0.0046,0.0055,0.0002,0.0008,0.0005,0.0013
2015052487,0.0398,0.0075,0.0323,0,NONE,NO_PREDICTION,REJECTED_ZERO_LABELS,UNKNOWN,0.0004,0.0005,0.0001,0.0398,0.0005,0.0075,0.0026,0.0001,0.0037
2015052495,0.7779,0.0108,0.7671,1,Hot Work,HIGH,ACCEPT_MODEL_PREDICTED,MODEL_PREDICTED,0.0,0.0001,0.0,0.0001,0.7779,0.0,0.0108,0.0003,0.0
2015052506,0.8677,0.004,0.8637,1,Line of Fire,HIGH,ACCEPT_MODEL_PREDICTED,MODEL_PREDICTED,0.0003,0.0,0.0007,0.0,0.001,0.8677,0.004,0.0,0.0004
2015052514,0.0164,0.0053,0.0111,0,NONE,NO_PREDICTION,REJECTED_ZERO_LABELS,UNKNOWN,0.0002,0.0001,0.0002,0.0035,0.0001,0.0014,0.0053,0.0002,0.0164
2015052563,0.9597,0.3922,0.5675,2,Driving | Safe Mechanical Lifting,HIGH,ACCEPT_MODEL_PREDICTED,MODEL_PREDICTED,0.0005,0.0012,0.9597,0.0006,0.0546,0.0033,0.3922,0.0198,0.0144
2015052618,0.9836,0.0268,0.9568,1,Line of Fire,HIGH,ACCEPT_MODEL_PREDICTED,MODEL_PREDICTED,0.0013,0.0001,0.0037,0.0005,0.0016,0.9836,0.0268,0.0,0.0024
2015052635,0.9996,0.0711,0.9285,1,Hot Work,HIGH,ACCEPT_MODEL_PREDICTED,MODEL_PREDICTED,0.0,0.0711,0.0,0.0032,0.9996,0.0002,0.0004,0.0164,0.0001
2015052637,0.9435,0.0066,0.9369,1,Driving,HIGH,ACCEPT_MODEL_PREDICTED,MODEL_PREDICTED,0.0034,0.0026,0.9435,0.0035,0.0,0.0005,0.0006,0.0049,0.0066
2015052657,0.0002,0.0002,0.0,0,NONE,NO_PREDICTION,REJECTED_ZERO_LABELS,UNKNOWN,0.0,0.0001,0.0,0.0,0.0001,0.0002,0.0002,0.0001,0.0
2015052675,0.0039,0.0023,0.0016,0,NONE,NO_PREDICTION,REJECTED_ZERO_LABELS,UNKNOWN,0.0,0.0,0.0,0.0001,0.0023,0.0001,0.0001,0.0,0.0039
2015052684,0.0099,0.0007,0.0092,0,NONE,NO_PREDICTION,REJECTED_ZERO_LABELS,UNKNOWN,0.0,0.0,0.0,0.0099,0.0004,0.0007,0.0004,0.0,0.0
2015050169,0.9777,0.4251,0.5526,2,Driving | Working at Height,HIGH,ACCEPT_MODEL_PREDICTED,MODEL_PREDICTED,0.0012,0.0007,0.9777,0.0201,0.0002,0.0008,0.002,0.0018,0.4251
2015052803,0.0032,0.0016,0.0016,0,NONE,NO_PREDICTION,REJECTED_ZERO_LABELS,UNKNOWN,0.0001,0.0004,0.0003,0.0032,0.0003,0.0001,0.0016,0.0009,0.0
2015052806,0.4094,0.0558,0.3536,1,Working at Height,LOW,REJECTED_LOW_CONFIDENCE,UNKNOWN,0.0001,0.0,0.0022,0.0067,0.0001,0.0558,0.032,0.0,0.4094
2015052818,0.5676,0.0054,0.5622,1,Safe Mechanical Lifting,MEDIUM,SENT_TO_HUMAN_REVIEW,UNKNOWN,0.0001,0.0001,0.0054,0.0014,0.0007,0.001,0.5676,0.0004,0.0025
2015052822,0.0152,0.0008,0.0144,0,NONE,NO_PREDICTION,REJECTED_ZERO_LABELS,UNKNOWN,0.0,0.0,0.0001,0.0001,0.0008,0.0005,0.0007,0.0,0.0152
2015052836,0.0497,0.002,0.0477,0,NONE,NO_PREDICTION,REJECTED_ZERO_LABELS,UNKNOWN,0.0001,0.0001,0.0006,0.0,0.002,0.0497,0.0007,0.0,0.0007
2015052839,0.0087,0.0004,0.0083,0,NONE,NO_PREDICTION,REJECTED_ZERO_LABELS,UNKNOWN,0.0,0.0002,0.0,0.0004,0.0087,0.0,0.0001,0.0002,0.0
2015052844,0.2496,0.0221,0.2275,1,Safe Mechanical Lifting,LOW,REJECTED_LOW_CONFIDENCE,UNKNOWN,0.0,0.0002,0.003,0.0221,0.0051,0.0,0.2496,0.0086,0.002
2015052875,0.1251,0.021,0.1041,0,NONE,NO_PREDICTION,REJECTED_ZERO_LABELS,UNKNOWN,0.0001,0.0005,0.0002,0.021,0.0003,0.0001,0.0001,0.0004,0.1251
2015052903,0.1382,0.0006,0.1376,0,NONE,NO_PREDICTION,REJECTED_ZERO_LABELS,UNKNOWN,0.0002,0.0,0.0006,0.0003,0.0001,0.1382,0.0004,0.0,0.0
2015052904,0.0044,0.0042,0.0002,0,NONE,NO_PREDICTION,REJECTED_ZERO_LABELS,UNKNOWN,0.0,0.0004,0.0,0.0042,0.0044,0.0,0.0,0.0001,0.0004
2015052926,0.9415,0.0061,0.9354,1,Safe Mechanical Lifting,HIGH,ACCEPT_MODEL_PREDICTED,MODEL_PREDICTED,0.0001,0.0,0.0061,0.0001,0.0007,0.0012,0.9415,0.0007,0.0018
2015052971,0.735,0.0617,0.6733,1,Hot Work,HIGH,ACCEPT_MODEL_PREDICTED,MODEL_PREDICTED,0.0,0.0103,0.0,0.0104,0.735,0.0,0.0,0.0095,0.0617
2015053020,0.0198,0.0152,0.0046,0,NONE,NO_PREDICTION,REJECTED_ZERO_LABELS,UNKNOWN,0.0003,0.0063,0.0152,0.0006,0.0002,0.0,0.0002,0.0198,0.0002
2015053034,0.0112,0.0024,0.0088,0,NONE,NO_PREDICTION,REJECTED_ZERO_LABELS,UNKNOWN,0.0,0.0,0.0002,0.0001,0.0001,0.0024,0.0008,0.0,0.0112
2015053036,0.0046,0.0009,0.0037,0,NONE,NO_PREDICTION,REJECTED_ZERO_LABELS,UNKNOWN,0.0,0.0,0.0001,0.0,0.0002,0.0009,0.0046,0.0,0.0001
2015053054,0.0009,0.0009,0.0,0,NONE,NO_PREDICTION,REJECTED_ZERO_LABELS,UNKNOWN,0.0,0.0001,0.0,0.0009,0.0009,0.0003,0.0002,0.0,0.0
2015050191,0.0333,0.0041,0.0292,0,NONE,NO_PREDICTION,REJECTED_ZERO_LABELS,UNKNOWN,0.0001,0.0002,0.0002,0.0021,0.0008,0.0041,0.0012,0.0002,0.0333
2015053107,0.5593,0.0062,0.5531,1,Safe Mechanical Lifting,MEDIUM,SENT_TO_HUMAN_REVIEW,UNKNOWN,0.0,0.0,0.0004,0.0,0.0001,0.0002,0.5593,0.001,0.0062
2015053783,0.017,0.0169,0.0001,0,NONE,NO_PREDICTION,REJECTED_ZERO_LABELS,UNKNOWN,0.0006,0.0003,0.008,0.0169,0.0,0.017,0.0131,0.0001,0.0014
2015053123,0.0887,0.0245,0.0642,0,NONE,NO_PREDICTION,REJECTED_ZERO_LABELS,UNKNOWN,0.0001,0.004,0.0003,0.0027,0.0018,0.0001,0.0162,0.0245,0.0887
2015053126,0.5249,0.0135,0.5114,1,Energy Isolation,MEDIUM,SENT_TO_HUMAN_REVIEW,UNKNOWN,0.0016,0.0029,0.0007,0.5249,0.0051,0.0135,0.0025,0.0004,0.0003
2015053130,0.009,0.0005,0.0085,0,NONE,NO_PREDICTION,REJECTED_ZERO_LABELS,UNKNOWN,0.0001,0.0001,0.0001,0.009,0.0,0.0001,0.0001,0.0001,0.0005
2015053234,0.1145,0.0559,0.0586,0,NONE,NO_PREDICTION,REJECTED_ZERO_LABELS,UNKNOWN,0.0002,0.0001,0.0018,0.0043,0.0019,0.1145,0.0559,0.0001,0.0281
2015053246,0.9884,0.0005,0.9879,1,Driving,HIGH,ACCEPT_MODEL_PREDICTED,MODEL_PREDICTED,0.0002,0.0002,0.9884,0.0001,0.0005,0.0002,0.0003,0.0001,0.0004
2015053257,0.0274,0.0037,0.0237,0,NONE,NO_PREDICTION,REJECTED_ZERO_LABELS,UNKNOWN,0.0005,0.0004,0.0036,0.0025,0.001,0.0274,0.0037,0.0002,0.0001
2015053786,0.9971,0.2221,0.775,1,Energy Isolation,HIGH,ACCEPT_MODEL_PREDICTED,MODEL_PREDICTED,0.0019,0.0031,0.0006,0.9971,0.0006,0.0001,0.0019,0.0039,0.2221
2015053297,0.9098,0.0158,0.894,1,Driving,HIGH,ACCEPT_MODEL_PREDICTED,MODEL_PREDICTED,0.0003,0.0008,0.9098,0.0007,0.0035,0.0004,0.0158,0.0016,0.0004
2015053314,0.9197,0.1506,0.7691,1,Driving,HIGH,ACCEPT_MODEL_PREDICTED,MODEL_PREDICTED,0.0008,0.0063,0.9197,0.0058,0.0022,0.0,0.0032,0.1506,0.0628
2015053324,0.0087,0.0085,0.0002,0,NONE,NO_PREDICTION,REJECTED_ZERO_LABELS,UNKNOWN,0.0004,0.0018,0.0087,0.0085,0.0001,0.0001,0.0,0.0008,0.0004
2015063352,0.8221,0.1048,0.7173,1,Line of Fire,HIGH,ACCEPT_MODEL_PREDICTED,MODEL_PREDICTED,0.0077,0.0025,0.0003,0.1048,0.003,0.8221,0.0836,0.0003,0.0047
2015063355,0.8837,0.0661,0.8176,1,Line of Fire,HIGH,ACCEPT_MODEL_PREDICTED,MODEL_PREDICTED,0.0004,0.0,0.0002,0.0007,0.0014,0.8837,0.0661,0.0,0.0009
2015063361,0.0005,0.0003,0.0002,0,NONE,NO_PREDICTION,REJECTED_ZERO_LABELS,UNKNOWN,0.0,0.0001,0.0003,0.0003,0.0002,0.0001,0.0,0.0001,0.0005
2015063371,0.997,0.9559,0.0411,2,Safe Mechanical Lifting | Line of Fire,MEDIUM,SENT_TO_HUMAN_REVIEW,UNKNOWN,0.0294,0.0098,0.0695,0.2879,0.0521,0.9559,0.997,0.0064,0.1326
2015063376,0.1732,0.0101,0.1631,0,NONE,NO_PREDICTION,REJECTED_ZERO_LABELS,UNKNOWN,0.0001,0.0001,0.0006,0.0101,0.0004,0.0001,0.1732,0.0004,0.0003
2015063383,0.0013,0.0005,0.0008,0,NONE,NO_PREDICTION,REJECTED_ZERO_LABELS,UNKNOWN,0.0,0.0,0.0001,0.0005,0.0,0.0001,0.0013,0.0001,0.0
2015060215,0.2251,0.0315,0.1936,1,Safe Mechanical Lifting,LOW,REJECTED_LOW_CONFIDENCE,UNKNOWN,0.0001,0.0001,0.0013,0.0009,0.0002,0.0315,0.2251,0.0,0.004
2015060220,0.004,0.0032,0.0008,0,NONE,NO_PREDICTION,REJECTED_ZERO_LABELS,UNKNOWN,0.0,0.0001,0.0,0.0032,0.004,0.0,0.0007,0.0004,0.0003
2015063456,0.0062,0.0013,0.0049,0,NONE,NO_PREDICTION,REJECTED_ZERO_LABELS,UNKNOWN,0.0001,0.0001,0.0001,0.0012,0.0002,0.0062,0.0001,0.0,0.0013
2015063460,0.0004,0.0002,0.0002,0,NONE,NO_PREDICTION,REJECTED_ZERO_LABELS,UNKNOWN,0.0,0.0,0.0,0.0001,0.0002,0.0004,0.0002,0.0,0.0
2015063519,0.1326,0.0682,0.0644,0,NONE,NO_PREDICTION,REJECTED_ZERO_LABELS,UNKNOWN,0.013,0.1326,0.0682,0.0179,0.0152,0.0325,0.0002,0.0135,0.001
2015063550,0.981,0.0125,0.9685,1,Energy Isolation,HIGH,ACCEPT_MODEL_PREDICTED,MODEL_PREDICTED,0.0007,0.0125,0.0001,0.981,0.0017,0.0,0.0,0.0024,0.0003
2015063562,0.8953,0.0666,0.8287,1,Driving,HIGH,ACCEPT_MODEL_PREDICTED,MODEL_PREDICTED,0.0025,0.0115,0.8953,0.0018,0.0007,0.0004,0.0015,0.0666,0.0128
2015063582,0.9892,0.0119,0.9773,1,Safe Mechanical Lifting,HIGH,ACCEPT_MODEL_PREDICTED,MODEL_PREDICTED,0.0,0.0,0.0022,0.0119,0.0025,0.0007,0.9892,0.0007,0.0003
2015063602,0.0233,0.0016,0.0217,0,NONE,NO_PREDICTION,REJECTED_ZERO_LABELS,UNKNOWN,0.0005,0.0009,0.0002,0.0233,0.0005,0.0016,0.0001,0.0002,0.0003
2015063660,0.0609,0.0233,0.0376,0,NONE,NO_PREDICTION,REJECTED_ZERO_LABELS,UNKNOWN,0.0001,0.0001,0.0233,0.0068,0.0013,0.0004,0.0022,0.0003,0.0609
2015063813,0.8288,0.0012,0.8276,1,Working at Height,HIGH,ACCEPT_MODEL_PREDICTED,MODEL_PREDICTED,0.0,0.0004,0.0012,0.0007,0.0012,0.0007,0.0004,0.0002,0.8288
2015063815,0.089,0.0409,0.0481,0,NONE,NO_PREDICTION,REJECTED_ZERO_LABELS,UNKNOWN,0.0,0.0005,0.0006,0.0081,0.0409,0.0001,0.089,0.0011,0.0001
2015063821,0.1258,0.0012,0.1246,0,NONE,NO_PREDICTION,REJECTED_ZERO_LABELS,UNKNOWN,0.0,0.0,0.0,0.0004,0.0002,0.0012,0.1258,0.0001,0.0002
2015063855,0.0461,0.0209,0.0252,0,NONE,NO_PREDICTION,REJECTED_ZERO_LABELS,UNKNOWN,0.0,0.001,0.0014,0.0461,0.0072,0.0002,0.0046,0.0005,0.0209
2015063862,0.0132,0.0006,0.0126,0,NONE,NO_PREDICTION,REJECTED_ZERO_LABELS,UNKNOWN,0.0,0.0,0.0004,0.0,0.0,0.0003,0.0132,0.0,0.0006
2015063863,0.4309,0.0024,0.4285,1,Energy Isolation,LOW,REJECTED_LOW_CONFIDENCE,UNKNOWN,0.0001,0.0001,0.0003,0.4309,0.0002,0.0003,0.0003,0.0001,0.0024
2015063926,0.0009,0.0003,0.0006,0,NONE,NO_PREDICTION,REJECTED_ZERO_LABELS,UNKNOWN,0.0,0.0,0.0003,0.0,0.0001,0.0,0.0,0.0,0.0009
2015063934,0.9009,0.0033,0.8976,1,Driving,HIGH,ACCEPT_MODEL_PREDICTED,MODEL_PREDICTED,0.0002,0.0001,0.9009,0.0002,0.0003,0.0033,0.0001,0.0,0.0005
2015063936,0.0034,0.0034,0.0,0,NONE,NO_PREDICTION,REJECTED_ZERO_LABELS,UNKNOWN,0.0006,0.0022,0.0034,0.0032,0.0001,0.0006,0.0017,0.0034,0.0001
2015064006,0.0028,0.0004,0.0024,0,NONE,NO_PREDICTION,REJECTED_ZERO_LABELS,UNKNOWN,0.0,0.0,0.0001,0.0001,0.0,0.0001,0.0028,0.0,0.0004
2015064017,0.334,0.0001,0.3339,0,NONE,NO_PREDICTION,REJECTED_ZERO_LABELS,UNKNOWN,0.0,0.0001,0.0,0.0001,0.334,0.0001,0.0,0.0,0.0
2015064026,0.1209,0.026,0.0949,0,NONE,NO_PREDICTION,REJECTED_ZERO_LABELS,UNKNOWN,0.001,0.0143,0.005,0.0095,0.1209,0.0173,0.026,0.0112,0.0001
2015064028,0.5915,0.0537,0.5378,1,Safe Mechanical Lifting,MEDIUM,SENT_TO_HUMAN_REVIEW,UNKNOWN,0.0008,0.0049,0.0103,0.0021,0.0537,0.0095,0.5915,0.0143,0.0004
2015064029,0.007,0.0024,0.0046,0,NONE,NO_PREDICTION,REJECTED_ZERO_LABELS,UNKNOWN,0.0001,0.0009,0.0009,0.0017,0.0024,0.0001,0.007,0.0011,0.0
2015064039,0.0627,0.0094,0.0533,0,NONE,NO_PREDICTION,REJECTED_ZERO_LABELS,UNKNOWN,0.0005,0.0012,0.0094,0.0001,0.0001,0.0015,0.0627,0.0019,0.0004
2015064044,0.0009,0.0007,0.0002,0,NONE,NO_PREDICTION,REJECTED_ZERO_LABELS,UNKNOWN,0.0,0.0,0.0,0.0004,0.0,0.0007,0.0009,0.0,0.0002
2015064111,0.1103,0.0132,0.0971,0,NONE,NO_PREDICTION,REJECTED_ZERO_LABELS,UNKNOWN,0.0014,0.0012,0.0001,0.0132,0.0023,0.1103,0.0009,0.0001,0.0002
2015064160,0.0005,0.0004,0.0001,0,NONE,NO_PREDICTION,REJECTED_ZERO_LABELS,UNKNOWN,0.0,0.0002,0.0,0.0003,0.0001,0.0005,0.0,0.0,0.0004
2015064201,0.7778,0.4272,0.3506,2,Driving | Energy Isolation,HIGH,ACCEPT_MODEL_PREDICTED,MODEL_PREDICTED,0.0406,0.2484,0.7778,0.4272,0.0057,0.0036,0.0005,0.0708,0.027
2015064227,0.0114,0.0027,0.0087,0,NONE,NO_PREDICTION,REJECTED_ZERO_LABELS,UNKNOWN,0.0,0.0002,0.0,0.0114,0.0008,0.0001,0.0,0.0,0.0027
2015074236,0.0019,0.0003,0.0016,0,NONE,NO_PREDICTION,REJECTED_ZERO_LABELS,UNKNOWN,0.0,0.0,0.0,0.0002,0.0002,0.0003,0.0019,0.0,0.0
2015074264,0.0085,0.0074,0.0011,0,NONE,NO_PREDICTION,REJECTED_ZERO_LABELS,UNKNOWN,0.0001,0.0015,0.0002,0.0005,0.0074,0.0,0.0072,0.0085,0.0
2015074266,0.0119,0.0005,0.0114,0,NONE,NO_PREDICTION,REJECTED_ZERO_LABELS,UNKNOWN,0.0,0.0001,0.0002,0.0005,0.0,0.0002,0.0,0.0001,0.0119
2015074268,0.4331,0.0161,0.417,1,Safe Mechanical Lifting,LOW,REJECTED_LOW_CONFIDENCE,UNKNOWN,0.0,0.0001,0.0153,0.0009,0.0161,0.0,0.4331,0.0029,0.0138
2015074296,0.006,0.0001,0.0059,0,NONE,NO_PREDICTION,REJECTED_ZERO_LABELS,UNKNOWN,0.0,0.0,0.0001,0.0,0.0,0.0001,0.006,0.0,0.0001
2015074297,0.0009,0.0008,0.0001,0,NONE,NO_PREDICTION,REJECTED_ZERO_LABELS,UNKNOWN,0.0,0.0,0.0008,0.0,0.0001,0.0009,0.0003,0.0,0.0001
2015074303,0.9792,0.0088,0.9704,1,Working at Height,HIGH,ACCEPT_MODEL_PREDICTED,MODEL_PREDICTED,0.0001,0.0003,0.0011,0.007,0.0006,0.0007,0.0088,0.0016,0.9792
2015074310,0.0045,0.0002,0.0043,0,NONE,NO_PREDICTION,REJECTED_ZERO_LABELS,UNKNOWN,0.0,0.0,0.0,0.0045,0.0001,0.0001,0.0002,0.0001,0.0002
2015074315,0.0077,0.0054,0.0023,0,NONE,NO_PREDICTION,REJECTED_ZERO_LABELS,UNKNOWN,0.0,0.0,0.0,0.0002,0.0019,0.0,0.0054,0.0002,0.0077
2015074326,0.4469,0.1499,0.297,1,Safe Mechanical Lifting,LOW,REJECTED_LOW_CONFIDENCE,UNKNOWN,0.0,0.0,0.0002,0.0035,0.0095,0.0002,0.4469,0.0002,0.1499
2015074344,0.9758,0.6134,0.3624,2,Working at Height | Driving,HIGH,ACCEPT_MODEL_PREDICTED,MODEL_PREDICTED,0.0019,0.0051,0.6134,0.022,0.0098,0.0015,0.0019,0.0129,0.9758
2015074393,0.0002,0.0001,0.0001,0,NONE,NO_PREDICTION,REJECTED_ZERO_LABELS,UNKNOWN,0.0,0.0,0.0,0.0,0.0,0.0002,0.0001,0.0,0.0001
2015074402,0.9987,0.0273,0.9714,1,Safe Mechanical Lifting,HIGH,ACCEPT_MODEL_PREDICTED,MODEL_PREDICTED,0.0,0.0,0.004,0.001,0.0273,0.0033,0.9987,0.0006,0.0012
2015074411,0.9888,0.018,0.9708,1,Working at Height,HIGH,ACCEPT_MODEL_PREDICTED,MODEL_PREDICTED,0.0004,0.0011,0.018,0.002,0.0014,0.0009,0.0024,0.0049,0.9888
2015074428,0.9997,0.0226,0.9771,1,Driving,HIGH,ACCEPT_MODEL_PREDICTED,MODEL_PREDICTED,0.0052,0.0071,0.9997,0.0015,0.0065,0.004,0.0072,0.0226,0.0156
2015074438,0.3606,0.003,0.3576,1,Energy Isolation,LOW,REJECTED_LOW_CONFIDENCE,UNKNOWN,0.0006,0.0003,0.0002,0.3606,0.0024,0.003,0.0007,0.0002,0.0005
2015074453,0.9988,0.1122,0.8866,1,Energy Isolation,HIGH,ACCEPT_MODEL_PREDICTED,MODEL_PREDICTED,0.014,0.0134,0.0027,0.9988,0.0069,0.0152,0.1122,0.0055,0.0008
2015074471,0.0022,0.0007,0.0015,0,NONE,NO_PREDICTION,REJECTED_ZERO_LABELS,UNKNOWN,0.0,0.0,0.0002,0.0007,0.0,0.0002,0.0022,0.0,0.0003
2015074501,0.0019,0.0002,0.0017,0,NONE,NO_PREDICTION,REJECTED_ZERO_LABELS,UNKNOWN,0.0,0.0,0.0019,0.0002,0.0001,0.0,0.0,0.0001,0.0001
2015074601,0.01,0.0006,0.0094,0,NONE,NO_PREDICTION,REJECTED_ZERO_LABELS,UNKNOWN,0.0001,0.0001,0.0001,0.0002,0.0,0.0006,0.01,0.0004,0.0001
2015074646,0.8642,0.0005,0.8637,1,Safe Mechanical Lifting,HIGH,ACCEPT_MODEL_PREDICTED,MODEL_PREDICTED,0.0,0.0,0.0002,0.0003,0.0002,0.0,0.8642,0.0001,0.0005
2015074662,0.1708,0.0017,0.1691,0,NONE,NO_PREDICTION,REJECTED_ZERO_LABELS,UNKNOWN,0.0,0.0001,0.0,0.0001,0.1708,0.0004,0.0017,0.0001,0.0002
2015074683,0.0043,0.0003,0.004,0,NONE,NO_PREDICTION,REJECTED_ZERO_LABELS,UNKNOWN,0.0,0.0,0.0003,0.0,0.0,0.0,0.0043,0.0001,0.0001
2015074721,0.826,0.0718,0.7542,1,Energy Isolation,HIGH,ACCEPT_MODEL_PREDICTED,MODEL_PREDICTED,0.0013,0.0087,0.0002,0.826,0.0062,0.0019,0.0001,0.0007,0.0718
2015074734,0.1842,0.13,0.0542,0,NONE,NO_PREDICTION,REJECTED_ZERO_LABELS,UNKNOWN,0.006,0.13,0.0228,0.0256,0.0054,0.0011,0.1247,0.1842,0.0003
2015074772,0.016,0.0153,0.0007,0,NONE,NO_PREDICTION,REJECTED_ZERO_LABELS,UNKNOWN,0.0001,0.0001,0.0001,0.0008,0.0007,0.016,0.0153,0.0001,0.0081
2015074803,0.1142,0.0343,0.0799,0,NONE,NO_PREDICTION,REJECTED_ZERO_LABELS,UNKNOWN,0.0006,0.0343,0.0072,0.0001,0.0094,0.0001,0.0025,0.1142,0.0001
2015074826,0.9998,0.8602,0.1396,2,Safe Mechanical Lifting | Energy Isolation,MEDIUM,SENT_TO_HUMAN_REVIEW,UNKNOWN,0.0017,0.0011,0.0571,0.8602,0.0045,0.0049,0.9998,0.0196,0.004
2015074926,0.697,0.0084,0.6886,1,Working at Height,MEDIUM,SENT_TO_HUMAN_REVIEW,UNKNOWN,0.0,0.0,0.0007,0.0084,0.0004,0.0,0.0048,0.0,0.697
2015074930,0.0046,0.0002,0.0044,0,NONE,NO_PREDICTION,REJECTED_ZERO_LABELS,UNKNOWN,0.0002,0.0001,0.0001,0.0002,0.0001,0.0046,0.0002,0.0001,0.0002
2015074954,0.0027,0.0005,0.0022,0,NONE,NO_PREDICTION,REJECTED_ZERO_LABELS,UNKNOWN,0.0,0.0004,0.0002,0.0,0.0027,0.0,0.0001,0.0005,0.0
2015074999,0.9451,0.5715,0.3736,2,Hot Work | Energy Isolation,HIGH,ACCEPT_MODEL_PREDICTED,MODEL_PREDICTED,0.0002,0.0214,0.0,0.5715,0.9451,0.0006,0.0001,0.0007,0.0002
2015075060,0.0079,0.0005,0.0074,0,NONE,NO_PREDICTION,REJECTED_ZERO_LABELS,UNKNOWN,0.0001,0.0001,0.0005,0.0,0.0,0.0002,0.0079,0.0004,0.0
2015075069,0.0126,0.01,0.0026,0,NONE,NO_PREDICTION,REJECTED_ZERO_LABELS,UNKNOWN,0.0,0.0,0.0,0.0,0.0126,0.0002,0.01,0.0,0.0022
2015075090,0.8776,0.0286,0.849,1,Working at Height,HIGH,ACCEPT_MODEL_PREDICTED,MODEL_PREDICTED,0.0003,0.003,0.0018,0.0139,0.0286,0.0014,0.0071,0.006,0.8776
2015075091,0.994,0.0055,0.9885,1,Working at Height,HIGH,ACCEPT_MODEL_PREDICTED,MODEL_PREDICTED,0.0003,0.001,0.0035,0.0055,0.0012,0.001,0.0024,0.0051,0.994
2015075094,0.0144,0.0025,0.0119,0,NONE,NO_PREDICTION,REJECTED_ZERO_LABELS,UNKNOWN,0.0,0.0,0.0025,0.0,0.0,0.0001,0.0144,0.0001,0.0023
2015075121,0.0004,0.0002,0.0002,0,NONE,NO_PREDICTION,REJECTED_ZERO_LABELS,UNKNOWN,0.0,0.0,0.0004,0.0,0.0,0.0,0.0001,0.0,0.0002
2015075200,0.0428,0.003,0.0398,0,NONE,NO_PREDICTION,REJECTED_ZERO_LABELS,UNKNOWN,0.0,0.0,0.0001,0.0013,0.0001,0.0002,0.0428,0.0001,0.003
2015075213,0.0039,0.0033,0.0006,0,NONE,NO_PREDICTION,REJECTED_ZERO_LABELS,UNKNOWN,0.0,0.0001,0.0002,0.0008,0.0039,0.0001,0.0009,0.0004,0.0033
2015075223,0.0039,0.0012,0.0027,0,NONE,NO_PREDICTION,REJECTED_ZERO_LABELS,UNKNOWN,0.0002,0.0003,0.0002,0.0039,0.0,0.0012,0.0,0.0,0.0012
2015075247,0.014,0.0062,0.0078,0,NONE,NO_PREDICTION,REJECTED_ZERO_LABELS,UNKNOWN,0.0002,0.0017,0.0014,0.014,0.0062,0.0002,0.0021,0.0019,0.002
2015075282,0.4855,0.0051,0.4804,1,Energy Isolation,MEDIUM,SENT_TO_HUMAN_REVIEW,UNKNOWN,0.0018,0.0008,0.0004,0.4855,0.0001,0.0051,0.0,0.0,0.0
2015075287,0.0265,0.0002,0.0263,0,NONE,NO_PREDICTION,REJECTED_ZERO_LABELS,UNKNOWN,0.0001,0.0002,0.0,0.0265,0.0002,0.0002,0.0002,0.0001,0.0002
2015075308,0.0042,0.0008,0.0034,0,NONE,NO_PREDICTION,REJECTED_ZERO_LABELS,UNKNOWN,0.0,0.0,0.0,0.0004,0.0005,0.0008,0.0042,0.0001,0.0
2015085448,0.0018,0.0001,0.0017,0,NONE,NO_PREDICTION,REJECTED_ZERO_LABELS,UNKNOWN,0.0,0.0,0.0,0.0,0.0001,0.0001,0.0018,0.0,0.0
2015085462,0.0054,0.003,0.0024,0,NONE,NO_PREDICTION,REJECTED_ZERO_LABELS,UNKNOWN,0.0002,0.0018,0.0,0.0012,0.0054,0.0006,0.003,0.0028,0.0015
2015085465,0.0119,0.0006,0.0113,0,NONE,NO_PREDICTION,REJECTED_ZERO_LABELS,UNKNOWN,0.0,0.0,0.0004,0.0001,0.0001,0.0001,0.0119,0.0006,0.0002
2015085482,0.0173,0.0034,0.0139,0,NONE,NO_PREDICTION,REJECTED_ZERO_LABELS,UNKNOWN,0.0001,0.0001,0.0008,0.0008,0.0,0.0034,0.0173,0.0002,0.0009
2015085535,0.0333,0.006,0.0273,0,NONE,NO_PREDICTION,REJECTED_ZERO_LABELS,UNKNOWN,0.0,0.0001,0.0001,0.0015,0.006,0.0005,0.0333,0.0006,0.0035
2015085564,0.6451,0.0002,0.6449,1,Energy Isolation,MEDIUM,SENT_TO_HUMAN_REVIEW,UNKNOWN,0.0001,0.0001,0.0,0.6451,0.0,0.0001,0.0002,0.0,0.0
2015085608,0.3999,0.0526,0.3473,1,Energy Isolation,LOW,REJECTED_LOW_CONFIDENCE,UNKNOWN,0.0016,0.0526,0.0001,0.3999,0.0477,0.0007,0.0001,0.0088,0.001
2015085625,0.9845,0.0471,0.9374,1,Driving,HIGH,ACCEPT_MODEL_PREDICTED,MODEL_PREDICTED,0.0094,0.0101,0.9845,0.0159,0.0007,0.0032,0.0159,0.0439,0.0471
2015085640,0.0013,0.0006,0.0007,0,NONE,NO_PREDICTION,REJECTED_ZERO_LABELS,UNKNOWN,0.0,0.0003,0.0006,0.0002,0.0003,0.0,0.0001,0.0006,0.0013
2015085713,0.0001,0.0001,0.0,0,NONE,NO_PREDICTION,REJECTED_ZERO_LABELS,UNKNOWN,0.0,0.0,0.0,0.0001,0.0001,0.0,0.0001,0.0,0.0
2015085792,0.0306,0.0115,0.0191,0,NONE,NO_PREDICTION,REJECTED_ZERO_LABELS,UNKNOWN,0.0,0.0023,0.0001,0.0083,0.0115,0.0,0.0001,0.0016,0.0306
2015085828,0.0005,0.0003,0.0002,0,NONE,NO_PREDICTION,REJECTED_ZERO_LABELS,UNKNOWN,0.0,0.0003,0.0005,0.0001,0.0001,0.0001,0.0,0.0001,0.0001
2015085899,0.7634,0.0059,0.7575,1,Safe Mechanical Lifting,HIGH,ACCEPT_MODEL_PREDICTED,MODEL_PREDICTED,0.0001,0.0001,0.0034,0.0059,0.0003,0.0004,0.7634,0.0035,0.0006
2015085925,0.9902,0.966,0.0242,2,Working at Height | Driving,MEDIUM,SENT_TO_HUMAN_REVIEW,UNKNOWN,0.0035,0.0017,0.966,0.0067,0.0006,0.0156,0.0093,0.0049,0.9902
2015085983,0.8664,0.0237,0.8427,1,Energy Isolation,HIGH,ACCEPT_MODEL_PREDICTED,MODEL_PREDICTED,0.0009,0.0003,0.0006,0.8664,0.0005,0.0009,0.0237,0.0006,0.0009
2015085999,0.9258,0.1072,0.8186,1,Working at Height,HIGH,ACCEPT_MODEL_PREDICTED,MODEL_PREDICTED,0.0005,0.0011,0.1072,0.0119,0.0018,0.0061,0.0538,0.0074,0.9258
2015086020,0.9988,0.0306,0.9682,1,Energy Isolation,HIGH,ACCEPT_MODEL_PREDICTED,MODEL_PREDICTED,0.0187,0.0306,0.0008,0.9988,0.0011,0.0054,0.0003,0.0022,0.0272
2015086069,0.0054,0.0034,0.002,0,NONE,NO_PREDICTION,REJECTED_ZERO_LABELS,UNKNOWN,0.0,0.0,0.0007,0.0002,0.0,0.0011,0.0034,0.0,0.0054
2015086091,0.004,0.0002,0.0038,0,NONE,NO_PREDICTION,REJECTED_ZERO_LABELS,UNKNOWN,0.0,0.0,0.0002,0.0002,0.0,0.0001,0.0,0.0,0.004
2015086093,0.9999,0.0782,0.9217,1,Safe Mechanical Lifting,HIGH,ACCEPT_MODEL_PREDICTED,MODEL_PREDICTED,0.0006,0.0005,0.0397,0.0782,0.0033,0.0031,0.9999,0.022,0.005
2015086175,0.9907,0.9422,0.0485,2,Line of Fire | Safe Mechanical Lifting,MEDIUM,SENT_TO_HUMAN_REVIEW,UNKNOWN,0.0136,0.0028,0.0031,0.121,0.0041,0.9907,0.9422,0.0007,0.0289
2015086176,0.0044,0.0005,0.0039,0,NONE,NO_PREDICTION,REJECTED_ZERO_LABELS,UNKNOWN,0.0,0.0,0.0,0.0005,0.0003,0.0002,0.0044,0.0,0.0002
2015086206,0.4393,0.2146,0.2247,1,Working at Height,LOW,REJECTED_LOW_CONFIDENCE,UNKNOWN,0.0002,0.0095,0.0003,0.0012,0.2146,0.0002,0.0003,0.0162,0.4393
2015086248,0.0097,0.0005,0.0092,0,NONE,NO_PREDICTION,REJECTED_ZERO_LABELS,UNKNOWN,0.0,0.0,0.0,0.0001,0.0001,0.0,0.0097,0.0,0.0005
2015086253,0.9922,0.195,0.7972,1,Hot Work,HIGH,ACCEPT_MODEL_PREDICTED,MODEL_PREDICTED,0.0003,0.195,0.0001,0.0583,0.9922,0.0004,0.0006,0.0599,0.0001
2015086256,0.0022,0.0006,0.0016,0,NONE,NO_PREDICTION,REJECTED_ZERO_LABELS,UNKNOWN,0.0001,0.0002,0.0001,0.0022,0.0001,0.0001,0.0006,0.0006,0.0004
2015086289,0.0032,0.0005,0.0027,0,NONE,NO_PREDICTION,REJECTED_ZERO_LABELS,UNKNOWN,0.0,0.0001,0.0,0.0005,0.0032,0.0001,0.0003,0.0,0.0002
2015096294,0.0239,0.0002,0.0237,0,NONE,NO_PREDICTION,REJECTED_ZERO_LABELS,UNKNOWN,0.0,0.0,0.0001,0.0001,0.0,0.0002,0.0239,0.0002,0.0001
2015096299,0.9994,0.0089,0.9905,1,Driving,HIGH,ACCEPT_MODEL_PREDICTED,MODEL_PREDICTED,0.0005,0.0006,0.9994,0.0007,0.0008,0.0001,0.0047,0.0089,0.0024
2015096302,0.0275,0.0023,0.0252,0,NONE,NO_PREDICTION,REJECTED_ZERO_LABELS,UNKNOWN,0.0,0.0,0.0,0.0001,0.0023,0.0002,0.0275,0.0,0.0005
2015096308,0.0002,0.0,0.0002,0,NONE,NO_PREDICTION,REJECTED_ZERO_LABELS,UNKNOWN,0.0,0.0,0.0,0.0,0.0002,0.0,0.0,0.0,0.0
2015096314,0.0042,0.0006,0.0036,0,NONE,NO_PREDICTION,REJECTED_ZERO_LABELS,UNKNOWN,0.0,0.0,0.0,0.0006,0.0003,0.0002,0.0042,0.0,0.0
2015096329,0.0486,0.0012,0.0474,0,NONE,NO_PREDICTION,REJECTED_ZERO_LABELS,UNKNOWN,0.0001,0.0001,0.0005,0.0002,0.0001,0.0012,0.0486,0.0003,0.0001
2015096389,0.0008,0.0007,0.0001,0,NONE,NO_PREDICTION,REJECTED_ZERO_LABELS,UNKNOWN,0.0,0.0,0.0001,0.0,0.0,0.0008,0.0007,0.0,0.0
2015096411,0.5009,0.0176,0.4833,1,Safe Mechanical Lifting,MEDIUM,SENT_TO_HUMAN_REVIEW,UNKNOWN,0.0001,0.0001,0.0176,0.0006,0.0002,0.0082,0.5009,0.0003,0.0044
2015096416,0.1016,0.0927,0.0089,0,NONE,NO_PREDICTION,REJECTED_ZERO_LABELS,UNKNOWN,0.0,0.0,0.0001,0.0002,0.0031,0.0001,0.1016,0.0004,0.0927
2015096421,0.0003,0.0001,0.0002,0,NONE,NO_PREDICTION,REJECTED_ZERO_LABELS,UNKNOWN,0.0,0.0001,0.0003,0.0,0.0,0.0001,0.0,0.0,0.0001
2015096425,0.9994,0.0704,0.929,1,Hot Work,HIGH,ACCEPT_MODEL_PREDICTED,MODEL_PREDICTED,0.0,0.0704,0.0001,0.0233,0.9994,0.0002,0.0011,0.0116,0.0001
2015096462,0.9991,0.973,0.0261,2,Safe Mechanical Lifting | Working at Height,MEDIUM,SENT_TO_HUMAN_REVIEW,UNKNOWN,0.0013,0.0005,0.0253,0.0363,0.0068,0.0185,0.9991,0.0276,0.973
2015096478,0.9208,0.1966,0.7242,1,Safe Mechanical Lifting,HIGH,ACCEPT_MODEL_PREDICTED,MODEL_PREDICTED,0.0003,0.0022,0.0534,0.1025,0.0068,0.0,0.9208,0.1966,0.0019
2015096485,0.0649,0.0342,0.0307,0,NONE,NO_PREDICTION,REJECTED_ZERO_LABELS,UNKNOWN,0.0001,0.0008,0.0002,0.0342,0.0009,0.0,0.0008,0.0039,0.0649
2015096491,0.0025,0.0007,0.0018,0,NONE,NO_PREDICTION,REJECTED_ZERO_LABELS,UNKNOWN,0.0001,0.0,0.0025,0.0007,0.0,0.0003,0.0,0.0,0.0004
2015096526,0.9678,0.001,0.9668,1,Energy Isolation,HIGH,ACCEPT_MODEL_PREDICTED,MODEL_PREDICTED,0.0004,0.0002,0.0,0.9678,0.0001,0.0001,0.0,0.0001,0.001
2015096546,0.0085,0.0029,0.0056,0,NONE,NO_PREDICTION,REJECTED_ZERO_LABELS,UNKNOWN,0.0003,0.0012,0.0018,0.0029,0.0,0.0,0.0013,0.0085,0.0001
2015096548,0.9687,0.4696,0.4991,2,Working at Height | Energy Isolation,HIGH,ACCEPT_MODEL_PREDICTED,MODEL_PREDICTED,0.0047,0.0274,0.0176,0.4696,0.0023,0.0217,0.0008,0.0031,0.9687
2015096579,0.9911,0.0158,0.9753,1,Line of Fire,HIGH,ACCEPT_MODEL_PREDICTED,MODEL_PREDICTED,0.0007,0.0,0.0026,0.0001,0.0004,0.9911,0.0158,0.0,0.0047
2015096608,0.3637,0.1127,0.251,1,Safe Mechanical Lifting,LOW,REJECTED_LOW_CONFIDENCE,UNKNOWN,0.0004,0.0001,0.0112,0.0368,0.0002,0.0041,0.3637,0.0016,0.1127
2015096634,0.0193,0.0075,0.0118,0,NONE,NO_PREDICTION,REJECTED_ZERO_LABELS,UNKNOWN,0.0,0.0001,0.0,0.0193,0.001,0.0005,0.0,0.0,0.0075
2015096695,0.9963,0.3174,0.6789,2,Line of Fire | Energy Isolation,HIGH,ACCEPT_MODEL_PREDICTED,MODEL_PREDICTED,0.0707,0.0056,0.0317,0.3174,0.0039,0.9963,0.0209,0.0002,0.0065
2015096726,0.9987,0.0115,0.9872,1,Safe Mechanical Lifting,HIGH,ACCEPT_MODEL_PREDICTED,MODEL_PREDICTED,0.0001,0.0,0.0095,0.0042,0.0031,0.0115,0.9987,0.0013,0.001
2015096731,0.0071,0.0051,0.002,0,NONE,NO_PREDICTION,REJECTED_ZERO_LABELS,UNKNOWN,0.0,0.0001,0.0,0.0051,0.0071,0.0002,0.0,0.0,0.0004
2015096742,0.9995,0.0403,0.9592,1,Energy Isolation,HIGH,ACCEPT_MODEL_PREDICTED,MODEL_PREDICTED,0.0096,0.0403,0.0002,0.9995,0.0125,0.0089,0.0017,0.002,0.008
2015096829,0.2343,0.0021,0.2322,1,Safe Mechanical Lifting,LOW,REJECTED_LOW_CONFIDENCE,UNKNOWN,0.0,0.0,0.0001,0.0,0.0,0.0008,0.2343,0.0003,0.0021
2015096851,0.9642,0.0807,0.8835,1,Driving,HIGH,ACCEPT_MODEL_PREDICTED,MODEL_PREDICTED,0.002,0.0246,0.9642,0.0029,0.0807,0.002,0.0001,0.0118,0.0222
2015096886,0.0696,0.0026,0.067,0,NONE,NO_PREDICTION,REJECTED_ZERO_LABELS,UNKNOWN,0.0002,0.0003,0.0696,0.0006,0.0001,0.0001,0.0026,0.0008,0.0003
2015096908,0.0334,0.0126,0.0208,0,NONE,NO_PREDICTION,REJECTED_ZERO_LABELS,UNKNOWN,0.0017,0.0049,0.011,0.0086,0.0029,0.0047,0.0334,0.008,0.0126
2015096975,0.0004,0.0003,0.0001,0,NONE,NO_PREDICTION,REJECTED_ZERO_LABELS,UNKNOWN,0.0,0.0001,0.0003,0.0,0.0,0.0004,0.0002,0.0001,0.0
2015097053,0.6588,0.5323,0.1265,2,Work Authorization | Energy Isolation,MEDIUM,SENT_TO_HUMAN_REVIEW,UNKNOWN,0.022,0.4013,0.0182,0.5323,0.0059,0.0012,0.0008,0.6588,0.0403
2015097065,0.0049,0.002,0.0029,0,NONE,NO_PREDICTION,REJECTED_ZERO_LABELS,UNKNOWN,0.0,0.0,0.0001,0.0012,0.001,0.0001,0.0049,0.0001,0.002
2015097068,0.9991,0.0172,0.9819,1,Hot Work,HIGH,ACCEPT_MODEL_PREDICTED,MODEL_PREDICTED,0.0,0.0172,0.0,0.0002,0.9991,0.0004,0.0032,0.0064,0.0
2015097081,0.9765,0.025,0.9515,1,Driving,HIGH,ACCEPT_MODEL_PREDICTED,MODEL_PREDICTED,0.001,0.0122,0.9765,0.0002,0.0035,0.0008,0.0007,0.025,0.0004
2015097258,0.0117,0.0033,0.0084,0,NONE,NO_PREDICTION,REJECTED_ZERO_LABELS,UNKNOWN,0.0,0.0,0.0002,0.0004,0.0001,0.0022,0.0117,0.0,0.0033
2015107361,0.0002,0.0001,0.0001,0,NONE,NO_PREDICTION,REJECTED_ZERO_LABELS,UNKNOWN,0.0,0.0,0.0,0.0001,0.0001,0.0001,0.0,0.0,0.0002
2015107363,0.0835,0.0022,0.0813,0,NONE,NO_PREDICTION,REJECTED_ZERO_LABELS,UNKNOWN,0.0001,0.0015,0.0,0.0835,0.0022,0.0001,0.0005,0.0018,0.0
2015107375,0.001,0.0003,0.0007,0,NONE,NO_PREDICTION,REJECTED_ZERO_LABELS,UNKNOWN,0.0,0.0,0.0001,0.001,0.0001,0.0001,0.0,0.0,0.0003
2015107419,0.0489,0.0014,0.0475,0,NONE,NO_PREDICTION,REJECTED_ZERO_LABELS,UNKNOWN,0.0002,0.0014,0.0489,0.0005,0.0011,0.0003,0.0,0.0002,0.0008
2015107517,0.9754,0.559,0.4164,2,Safe Mechanical Lifting | Driving,HIGH,ACCEPT_MODEL_PREDICTED,MODEL_PREDICTED,0.0005,0.0003,0.559,0.0037,0.0006,0.0025,0.9754,0.008,0.0021
2015107520,0.0188,0.0128,0.006,0,NONE,NO_PREDICTION,REJECTED_ZERO_LABELS,UNKNOWN,0.0,0.0019,0.0001,0.001,0.0188,0.0,0.0013,0.0128,0.0033
2015107597,0.0349,0.0031,0.0318,0,NONE,NO_PREDICTION,REJECTED_ZERO_LABELS,UNKNOWN,0.0,0.0001,0.0001,0.0031,0.0349,0.0001,0.0001,0.0,0.0022
2015107601,0.0959,0.0008,0.0951,0,NONE,NO_PREDICTION,REJECTED_ZERO_LABELS,UNKNOWN,0.0002,0.0001,0.0007,0.0001,0.0003,0.0959,0.0008,0.0,0.0004
2015107608,0.7545,0.02,0.7345,1,Working at Height,HIGH,ACCEPT_MODEL_PREDICTED,MODEL_PREDICTED,0.0002,0.0001,0.0005,0.0066,0.0013,0.02,0.0006,0.0001,0.7545
2015107637,0.005,0.001,0.004,0,NONE,NO_PREDICTION,REJECTED_ZERO_LABELS,UNKNOWN,0.0,0.0001,0.0006,0.0,0.0,0.0,0.005,0.001,0.0001
2015107653,0.4759,0.1277,0.3482,1,Working at Height,MEDIUM,SENT_TO_HUMAN_REVIEW,UNKNOWN,0.0029,0.0013,0.0269,0.0818,0.0002,0.1277,0.0056,0.0006,0.4759
2015107658,0.0117,0.0014,0.0103,0,NONE,NO_PREDICTION,REJECTED_ZERO_LABELS,UNKNOWN,0.0001,0.0008,0.0,0.0117,0.0014,0.0001,0.0001,0.0002,0.0002
2015107663,0.0036,0.0029,0.0007,0,NONE,NO_PREDICTION,REJECTED_ZERO_LABELS,UNKNOWN,0.0,0.0,0.0,0.0002,0.0,0.0029,0.0036,0.0,0.0
2015107710,0.1278,0.0906,0.0372,0,NONE,NO_PREDICTION,REJECTED_ZERO_LABELS,UNKNOWN,0.0007,0.0033,0.0014,0.0906,0.001,0.0006,0.1278,0.0285,0.0291
2015107725,0.7223,0.6088,0.1135,3,Hot Work | Safe Mechanical Lifting | Energy Isolation,MEDIUM,SENT_TO_HUMAN_REVIEW,UNKNOWN,0.0016,0.0577,0.0014,0.5417,0.7223,0.0024,0.6088,0.2988,0.2086
2015107829,0.9214,0.0108,0.9106,1,Driving,HIGH,ACCEPT_MODEL_PREDICTED,MODEL_PREDICTED,0.0034,0.0029,0.9214,0.0072,0.0011,0.0108,0.0009,0.0011,0.0022
2015107847,0.005,0.0031,0.0019,0,NONE,NO_PREDICTION,REJECTED_ZERO_LABELS,UNKNOWN,0.0,0.0,0.0002,0.0,0.0,0.0,0.005,0.0,0.0031
2015107854,0.9992,0.0355,0.9637,1,Hot Work,HIGH,ACCEPT_MODEL_PREDICTED,MODEL_PREDICTED,0.0,0.0355,0.0,0.0039,0.9992,0.0003,0.0001,0.0038,0.0003
2015107857,0.9976,0.0206,0.977,1,Hot Work,HIGH,ACCEPT_MODEL_PREDICTED,MODEL_PREDICTED,0.0,0.001,0.0,0.0206,0.9976,0.0023,0.0019,0.0003,0.0014
2015107866,0.0001,0.0001,0.0,0,NONE,NO_PREDICTION,REJECTED_ZERO_LABELS,UNKNOWN,0.0,0.0,0.0,0.0001,0.0001,0.0001,0.0,0.0,0.0001
2015108147,0.9708,0.0089,0.9619,1,Driving,HIGH,ACCEPT_MODEL_PREDICTED,MODEL_PREDICTED,0.006,0.0067,0.9708,0.0014,0.0003,0.0089,0.0012,0.0067,0.0034
2015107900,0.0003,0.0002,0.0001,0,NONE,NO_PREDICTION,REJECTED_ZERO_LABELS,UNKNOWN,0.0,0.0,0.0,0.0,0.0002,0.0,0.0003,0.0001,0.0002
2015107932,0.0022,0.002,0.0002,0,NONE,NO_PREDICTION,REJECTED_ZERO_LABELS,UNKNOWN,0.0002,0.0005,0.0012,0.002,0.0003,0.0009,0.0005,0.0003,0.0022
2015107970,0.5953,0.1868,0.4085,1,Work Authorization,MEDIUM,SENT_TO_HUMAN_REVIEW,UNKNOWN,0.0025,0.0112,0.0028,0.0152,0.0026,0.0008,0.1868,0.5953,0.0033
2015107996,0.0458,0.005,0.0408,0,NONE,NO_PREDICTION,REJECTED_ZERO_LABELS,UNKNOWN,0.0001,0.0024,0.0001,0.005,0.0458,0.0026,0.0001,0.0002,0.0022
2015108004,0.0012,0.0005,0.0007,0,NONE,NO_PREDICTION,REJECTED_ZERO_LABELS,UNKNOWN,0.0,0.0,0.0003,0.0,0.0001,0.0005,0.0012,0.0,0.0004
2015108033,0.0506,0.0058,0.0448,0,NONE,NO_PREDICTION,REJECTED_ZERO_LABELS,UNKNOWN,0.0,0.0001,0.0,0.0506,0.0058,0.0003,0.0001,0.0001,0.0
2015108035,0.9922,0.6601,0.3321,3,Driving | Working at Height | Safe Mechanical Lifting,HIGH,ACCEPT_MODEL_PREDICTED,MODEL_PREDICTED,0.0012,0.0004,0.9922,0.0059,0.0004,0.0025,0.3128,0.0066,0.6601
2015108041,0.992,0.2284,0.7636,1,Driving,HIGH,ACCEPT_MODEL_PREDICTED,MODEL_PREDICTED,0.0083,0.081,0.992,0.0169,0.122,0.0064,0.0813,0.2284,0.0837
2015108074,0.9936,0.8873,0.1063,2,Hot Work | Working at Height,MEDIUM,SENT_TO_HUMAN_REVIEW,UNKNOWN,0.0002,0.027,0.0011,0.0759,0.9936,0.0021,0.002,0.0201,0.8873
2015108102,0.0476,0.0007,0.0469,0,NONE,NO_PREDICTION,REJECTED_ZERO_LABELS,UNKNOWN,0.0001,0.0002,0.0,0.0476,0.0001,0.0001,0.0006,0.0004,0.0007
2015108116,0.8292,0.82,0.0092,2,Line of Fire | Working at Height,MEDIUM,SENT_TO_HUMAN_REVIEW,UNKNOWN,0.0007,0.0001,0.0015,0.0049,0.0002,0.8292,0.0286,0.0,0.82
2015108117,0.9963,0.1127,0.8836,1,Working at Height,HIGH,ACCEPT_MODEL_PREDICTED,MODEL_PREDICTED,0.0002,0.0002,0.1127,0.0124,0.0015,0.0064,0.0963,0.0011,0.9963
2015108175,0.9352,0.0039,0.9313,1,Energy Isolation,HIGH,ACCEPT_MODEL_PREDICTED,MODEL_PREDICTED,0.0013,0.0039,0.0008,0.9352,0.0002,0.0004,0.0016,0.0023,0.0011
2015118250,0.0354,0.009,0.0264,0,NONE,NO_PREDICTION,REJECTED_ZERO_LABELS,UNKNOWN,0.0002,0.0002,0.0001,0.0008,0.0002,0.0354,0.009,0.0001,0.0008
2015118254,0.3254,0.0017,0.3237,1,Safe Mechanical Lifting,LOW,REJECTED_LOW_CONFIDENCE,UNKNOWN,0.0,0.0,0.0017,0.0001,0.0,0.0001,0.3254,0.0001,0.0
2015118263,0.9999,0.0168,0.9831,1,Energy Isolation,HIGH,ACCEPT_MODEL_PREDICTED,MODEL_PREDICTED,0.0085,0.0125,0.0009,0.9999,0.0031,0.0006,0.0006,0.0019,0.0168
2015118264,0.2563,0.1371,0.1192,1,Working at Height,LOW,REJECTED_LOW_CONFIDENCE,UNKNOWN,0.0001,0.0,0.0008,0.1371,0.0002,0.0128,0.009,0.0,0.2563
2015118297,0.0036,0.0016,0.002,0,NONE,NO_PREDICTION,REJECTED_ZERO_LABELS,UNKNOWN,0.0,0.0,0.0,0.0003,0.0016,0.0014,0.0005,0.0,0.0036
2015118313,0.4123,0.0008,0.4115,1,Line of Fire,LOW,REJECTED_LOW_CONFIDENCE,UNKNOWN,0.0004,0.0002,0.0008,0.0001,0.0001,0.4123,0.0001,0.0,0.0001
2015118372,0.0224,0.0009,0.0215,0,NONE,NO_PREDICTION,REJECTED_ZERO_LABELS,UNKNOWN,0.0002,0.0001,0.0001,0.0008,0.0,0.0224,0.0009,0.0001,0.0003
2015118406,0.9988,0.0148,0.984,1,Safe Mechanical Lifting,HIGH,ACCEPT_MODEL_PREDICTED,MODEL_PREDICTED,0.0,0.0,0.0148,0.0003,0.0001,0.001,0.9988,0.0003,0.0091
2015118436,0.0009,0.0006,0.0003,0,NONE,NO_PREDICTION,REJECTED_ZERO_LABELS,UNKNOWN,0.0,0.0,0.0,0.0,0.0009,0.0001,0.0006,0.0,0.0002
2015118440,0.009,0.0015,0.0075,0,NONE,NO_PREDICTION,REJECTED_ZERO_LABELS,UNKNOWN,0.0,0.0002,0.0,0.0013,0.0015,0.0001,0.0,0.0002,0.009
2015118488,0.0073,0.0022,0.0051,0,NONE,NO_PREDICTION,REJECTED_ZERO_LABELS,UNKNOWN,0.0004,0.0018,0.0003,0.0073,0.0,0.0003,0.0002,0.0022,0.0006
2015118499,0.937,0.0033,0.9337,1,Energy Isolation,HIGH,ACCEPT_MODEL_PREDICTED,MODEL_PREDICTED,0.0002,0.0009,0.0,0.937,0.0027,0.0,0.0029,0.0013,0.0033
2015118503,0.0741,0.0066,0.0675,0,NONE,NO_PREDICTION,REJECTED_ZERO_LABELS,UNKNOWN,0.0001,0.0002,0.0001,0.0741,0.0018,0.0002,0.0001,0.0001,0.0066
2015118509,0.0098,0.0012,0.0086,0,NONE,NO_PREDICTION,REJECTED_ZERO_LABELS,UNKNOWN,0.0001,0.0001,0.0012,0.0005,0.0,0.0002,0.0098,0.0002,0.0002
2015118529,0.9992,0.0036,0.9956,1,Energy Isolation,HIGH,ACCEPT_MODEL_PREDICTED,MODEL_PREDICTED,0.0012,0.0014,0.0,0.9992,0.0006,0.0009,0.0036,0.0004,0.0004
2015118531,0.9653,0.0133,0.952,1,Line of Fire,HIGH,ACCEPT_MODEL_PREDICTED,MODEL_PREDICTED,0.0008,0.0001,0.0027,0.0001,0.0006,0.9653,0.0133,0.0,0.0005
2015118559,0.1387,0.028,0.1107,0,NONE,NO_PREDICTION,REJECTED_ZERO_LABELS,UNKNOWN,0.0001,0.0002,0.0006,0.028,0.0056,0.0047,0.1387,0.0001,0.0162
2015118564,0.9213,0.0135,0.9078,1,Working at Height,HIGH,ACCEPT_MODEL_PREDICTED,MODEL_PREDICTED,0.0002,0.0001,0.0012,0.0135,0.0004,0.0112,0.0016,0.0001,0.9213
2015118568,0.0272,0.0143,0.0129,0,NONE,NO_PREDICTION,REJECTED_ZERO_LABELS,UNKNOWN,0.0001,0.0004,0.0,0.0272,0.0033,0.0013,0.0003,0.0001,0.0143
2015118591,0.0078,0.0035,0.0043,0,NONE,NO_PREDICTION,REJECTED_ZERO_LABELS,UNKNOWN,0.0,0.0004,0.0009,0.0003,0.0003,0.0,0.0035,0.0078,0.0001
2015118592,0.024,0.0077,0.0163,0,NONE,NO_PREDICTION,REJECTED_ZERO_LABELS,UNKNOWN,0.0003,0.0077,0.0001,0.0035,0.024,0.0006,0.0001,0.0008,0.0
2015118631,0.1407,0.0965,0.0442,0,NONE,NO_PREDICTION,REJECTED_ZERO_LABELS,UNKNOWN,0.0025,0.0965,0.0077,0.0091,0.0006,0.0004,0.0009,0.1407,0.0001
2015118641,0.5355,0.0011,0.5344,1,Driving,MEDIUM,SENT_TO_HUMAN_REVIEW,UNKNOWN,0.0001,0.0001,0.5355,0.0001,0.0001,0.0011,0.0001,0.0,0.0001
2015118676,0.0053,0.0014,0.0039,0,NONE,NO_PREDICTION,REJECTED_ZERO_LABELS,UNKNOWN,0.0001,0.0002,0.0001,0.0004,0.0002,0.0014,0.0,0.0001,0.0053
2015118688,0.0008,0.0003,0.0005,0,NONE,NO_PREDICTION,REJECTED_ZERO_LABELS,UNKNOWN,0.0,0.0,0.0,0.0,0.0,0.0008,0.0003,0.0,0.0002
2015118993,0.0884,0.0358,0.0526,0,NONE,NO_PREDICTION,REJECTED_ZERO_LABELS,UNKNOWN,0.0001,0.0005,0.0003,0.0358,0.0004,0.0037,0.0884,0.001,0.0057
2015118721,0.0011,0.0009,0.0002,0,NONE,NO_PREDICTION,REJECTED_ZERO_LABELS,UNKNOWN,0.0,0.0001,0.0006,0.0,0.0001,0.0,0.0009,0.0011,0.0001
2015118725,0.0968,0.0553,0.0415,0,NONE,NO_PREDICTION,REJECTED_ZERO_LABELS,UNKNOWN,0.0001,0.0,0.0001,0.0,0.0025,0.0968,0.0553,0.0,0.0001
2015118749,0.0223,0.0216,0.0007,0,NONE,NO_PREDICTION,REJECTED_ZERO_LABELS,UNKNOWN,0.0007,0.01,0.0004,0.0223,0.0216,0.0062,0.0,0.0013,0.0001
2015118765,0.9754,0.5095,0.4659,2,Line of Fire | Safe Mechanical Lifting,HIGH,ACCEPT_MODEL_PREDICTED,MODEL_PREDICTED,0.0003,0.0,0.0007,0.0015,0.0003,0.9754,0.5095,0.0,0.0126
2015118789,0.7284,0.0466,0.6818,1,Hot Work,HIGH,ACCEPT_MODEL_PREDICTED,MODEL_PREDICTED,0.0002,0.0131,0.0,0.0466,0.7284,0.0008,0.0001,0.0015,0.0
2015118834,0.0224,0.0075,0.0149,0,NONE,NO_PREDICTION,REJECTED_ZERO_LABELS,UNKNOWN,0.0003,0.0001,0.0005,0.0037,0.0003,0.0075,0.0224,0.0002,0.0009
2015119837,0.0034,0.0009,0.0025,0,NONE,NO_PREDICTION,REJECTED_ZERO_LABELS,UNKNOWN,0.0,0.0003,0.0,0.0034,0.0009,0.0001,0.0,0.0,0.0001
2015118845,0.9942,0.0808,0.9134,1,Energy Isolation,HIGH,ACCEPT_MODEL_PREDICTED,MODEL_PREDICTED,0.0018,0.0054,0.0002,0.9942,0.0037,0.0021,0.0004,0.0007,0.0808
2015118857,0.9911,0.0405,0.9506,1,Working at Height,HIGH,ACCEPT_MODEL_PREDICTED,MODEL_PREDICTED,0.0002,0.0001,0.0025,0.0053,0.0003,0.0405,0.0068,0.0002,0.9911
2015118871,0.6257,0.0097,0.616,1,Safe Mechanical Lifting,MEDIUM,SENT_TO_HUMAN_REVIEW,UNKNOWN,0.0001,0.0,0.0025,0.0001,0.0031,0.0097,0.6257,0.0003,0.0023
2015118874,0.9987,0.0287,0.97,1,Hot Work,HIGH,ACCEPT_MODEL_PREDICTED,MODEL_PREDICTED,0.0001,0.0253,0.0002,0.0183,0.9987,0.0001,0.002,0.0287,0.0083
2015118918,0.4967,0.1299,0.3668,1,Line of Fire,MEDIUM,SENT_TO_HUMAN_REVIEW,UNKNOWN,0.0001,0.0,0.0006,0.003,0.0011,0.4967,0.0089,0.0,0.1299
2015118959,0.9732,0.0088,0.9644,1,Working at Height,HIGH,ACCEPT_MODEL_PREDICTED,MODEL_PREDICTED,0.0001,0.0009,0.0007,0.0088,0.0019,0.0,0.0001,0.0018,0.9732
2015118963,0.0085,0.0078,0.0007,0,NONE,NO_PREDICTION,REJECTED_ZERO_LABELS,UNKNOWN,0.0,0.0002,0.0,0.0078,0.0085,0.0,0.0006,0.0003,0.0001
2015118971,0.0232,0.0144,0.0088,0,NONE,NO_PREDICTION,REJECTED_ZERO_LABELS,UNKNOWN,0.0,0.0006,0.0002,0.0001,0.0232,0.0,0.0144,0.0116,0.0002
2015129054,0.3505,0.0185,0.332,1,Line of Fire,LOW,REJECTED_LOW_CONFIDENCE,UNKNOWN,0.0005,0.0001,0.0001,0.0185,0.0002,0.3505,0.0014,0.0,0.0009
2015129159,0.0183,0.001,0.0173,0,NONE,NO_PREDICTION,REJECTED_ZERO_LABELS,UNKNOWN,0.0,0.0002,0.0003,0.0003,0.0004,0.0,0.0006,0.001,0.0183
2015129168,0.1559,0.0181,0.1378,0,NONE,NO_PREDICTION,REJECTED_ZERO_LABELS,UNKNOWN,0.0002,0.0001,0.1559,0.0002,0.0,0.0181,0.0048,0.0,0.0005
2015129169,0.9474,0.5029,0.4445,2,Energy Isolation | Safe Mechanical Lifting,HIGH,ACCEPT_MODEL_PREDICTED,MODEL_PREDICTED,0.005,0.1473,0.1097,0.9474,0.2155,0.0019,0.5029,0.4921,0.229
2015129170,0.9237,0.6102,0.3135,3,Safe Mechanical Lifting | Line of Fire | Working at Height,HIGH,ACCEPT_MODEL_PREDICTED,MODEL_PREDICTED,0.0004,0.0003,0.0038,0.038,0.0214,0.6102,0.9237,0.0003,0.3422
2015129232,0.8779,0.0245,0.8534,1,Line of Fire,HIGH,ACCEPT_MODEL_PREDICTED,MODEL_PREDICTED,0.0031,0.0008,0.0008,0.0245,0.0192,0.8779,0.0209,0.0001,0.0005
2015129296,0.0172,0.0001,0.0171,0,NONE,NO_PREDICTION,REJECTED_ZERO_LABELS,UNKNOWN,0.0,0.0001,0.0001,0.0,0.0172,0.0,0.0,0.0001,0.0001
2015129331,0.0726,0.0014,0.0712,0,NONE,NO_PREDICTION,REJECTED_ZERO_LABELS,UNKNOWN,0.0,0.0001,0.0005,0.0001,0.0002,0.0014,0.0726,0.001,0.0006
2015129375,0.0144,0.0004,0.014,0,NONE,NO_PREDICTION,REJECTED_ZERO_LABELS,UNKNOWN,0.0,0.0002,0.0,0.0002,0.0144,0.0002,0.0001,0.0001,0.0004
2015129391,0.9998,0.024,0.9758,1,Safe Mechanical Lifting,HIGH,ACCEPT_MODEL_PREDICTED,MODEL_PREDICTED,0.0002,0.0001,0.0139,0.024,0.0025,0.019,0.9998,0.0026,0.0036
2015129403,0.9988,0.7524,0.2464,2,Hot Work | Energy Isolation,HIGH,ACCEPT_MODEL_PREDICTED,MODEL_PREDICTED,0.0008,0.1893,0.0001,0.7524,0.9988,0.0198,0.0138,0.0031,0.0015
2015129433,0.0013,0.001,0.0003,0,NONE,NO_PREDICTION,REJECTED_ZERO_LABELS,UNKNOWN,0.0,0.0,0.0001,0.0,0.0,0.001,0.0013,0.0,0.0
2015129440,0.016,0.0001,0.0159,0,NONE,NO_PREDICTION,REJECTED_ZERO_LABELS,UNKNOWN,0.0001,0.0001,0.0,0.016,0.0,0.0001,0.0001,0.0001,0.0001
2015129507,0.0044,0.0006,0.0038,0,NONE,NO_PREDICTION,REJECTED_ZERO_LABELS,UNKNOWN,0.0001,0.0001,0.0001,0.0044,0.0,0.0,0.0005,0.0006,0.0002
2015129562,0.0282,0.0003,0.0279,0,NONE,NO_PREDICTION,REJECTED_ZERO_LABELS,UNKNOWN,0.0,0.0001,0.0002,0.0001,0.0,0.0,0.0001,0.0003,0.0282
2015129660,0.0136,0.0003,0.0133,0,NONE,NO_PREDICTION,REJECTED_ZERO_LABELS,UNKNOWN,0.0,0.0001,0.0,0.0136,0.0003,0.0002,0.0002,0.0,0.0
2015129679,0.7607,0.135,0.6257,1,Safe Mechanical Lifting,HIGH,ACCEPT_MODEL_PREDICTED,MODEL_PREDICTED,0.0011,0.0156,0.009,0.135,0.0042,0.0003,0.7607,0.0613,0.0007
2015129745,0.5559,0.1104,0.4455,1,Safe Mechanical Lifting,MEDIUM,SENT_TO_HUMAN_REVIEW,UNKNOWN,0.0002,0.0006,0.0023,0.0209,0.0001,0.0,0.5559,0.0679,0.1104
2015129770,0.0246,0.0005,0.0241,0,NONE,NO_PREDICTION,REJECTED_ZERO_LABELS,UNKNOWN,0.0,0.0,0.0005,0.0,0.0,0.0003,0.0003,0.0001,0.0246
2015129881,0.9872,0.5807,0.4065,2,Working at Height | Safe Mechanical Lifting,HIGH,ACCEPT_MODEL_PREDICTED,MODEL_PREDICTED,0.0003,0.0009,0.0024,0.0772,0.0102,0.0105,0.5807,0.0027,0.9872
2016010005,0.0304,0.0192,0.0112,0,NONE,NO_PREDICTION,REJECTED_ZERO_LABELS,UNKNOWN,0.0,0.0017,0.0014,0.0015,0.0036,0.0,0.0004,0.0192,0.0304
2016010021,0.7802,0.2672,0.513,1,Safe Mechanical Lifting,HIGH,ACCEPT_MODEL_PREDICTED,MODEL_PREDICTED,0.0022,0.0113,0.0409,0.0067,0.0387,0.0051,0.7802,0.2672,0.0004
2016010107,0.9978,0.0116,0.9862,1,Energy Isolation,HIGH,ACCEPT_MODEL_PREDICTED,MODEL_PREDICTED,0.0068,0.0116,0.0001,0.9978,0.0024,0.0062,0.0007,0.0012,0.0003
2016010165,0.9453,0.001,0.9443,1,Hot Work,HIGH,ACCEPT_MODEL_PREDICTED,MODEL_PREDICTED,0.0,0.001,0.0001,0.0,0.9453,0.0,0.0001,0.0009,0.0001
2016010186,0.9326,0.0067,0.9259,1,Hot Work,HIGH,ACCEPT_MODEL_PREDICTED,MODEL_PREDICTED,0.0,0.0067,0.0001,0.0009,0.9326,0.0003,0.0001,0.0016,0.0007
2016010238,0.0206,0.0108,0.0098,0,NONE,NO_PREDICTION,REJECTED_ZERO_LABELS,UNKNOWN,0.0001,0.0,0.0019,0.0001,0.0,0.0108,0.0206,0.0001,0.0007
2016010251,0.9976,0.2758,0.7218,1,Hot Work,HIGH,ACCEPT_MODEL_PREDICTED,MODEL_PREDICTED,0.0002,0.2758,0.0009,0.0915,0.9976,0.0002,0.0023,0.1885,0.0008
2016010255,0.0001,0.0001,0.0,0,NONE,NO_PREDICTION,REJECTED_ZERO_LABELS,UNKNOWN,0.0,0.0,0.0001,0.0,0.0001,0.0,0.0,0.0,0.0
2016010311,0.0175,0.004,0.0135,0,NONE,NO_PREDICTION,REJECTED_ZERO_LABELS,UNKNOWN,0.0,0.0001,0.0,0.0011,0.0175,0.0002,0.004,0.0001,0.0001
2016010338,0.9795,0.0109,0.9686,1,Working at Height,HIGH,ACCEPT_MODEL_PREDICTED,MODEL_PREDICTED,0.0,0.0,0.0032,0.0004,0.0051,0.0109,0.0048,0.0,0.9795
2016010342,0.041,0.0019,0.0391,0,NONE,NO_PREDICTION,REJECTED_ZERO_LABELS,UNKNOWN,0.0,0.0019,0.0,0.0012,0.041,0.0,0.0,0.0007,0.0
2016010361,0.0014,0.0007,0.0007,0,NONE,NO_PREDICTION,REJECTED_ZERO_LABELS,UNKNOWN,0.0,0.0001,0.0,0.0007,0.0014,0.0002,0.0004,0.0001,0.0
2016010390,0.0005,0.0003,0.0002,0,NONE,NO_PREDICTION,REJECTED_ZERO_LABELS,UNKNOWN,0.0,0.0,0.0005,0.0,0.0001,0.0,0.0001,0.0003,0.0001
2016010393,0.9725,0.0041,0.9684,1,Hot Work,HIGH,ACCEPT_MODEL_PREDICTED,MODEL_PREDICTED,0.0,0.0041,0.0,0.0004,0.9725,0.0002,0.0005,0.001,0.0
2016010881,0.0059,0.0032,0.0027,0,NONE,NO_PREDICTION,REJECTED_ZERO_LABELS,UNKNOWN,0.0001,0.0001,0.0059,0.0002,0.0001,0.0002,0.0032,0.0005,0.0016
2016010527,0.4376,0.0118,0.4258,1,Line of Fire,LOW,REJECTED_LOW_CONFIDENCE,UNKNOWN,0.0004,0.0002,0.0052,0.0004,0.0002,0.4376,0.0019,0.0,0.0118
2016010545,0.0059,0.0008,0.0051,0,NONE,NO_PREDICTION,REJECTED_ZERO_LABELS,UNKNOWN,0.0003,0.0006,0.0005,0.0059,0.0,0.0001,0.0001,0.0008,0.0008
2016010572,0.1441,0.1305,0.0136,0,NONE,NO_PREDICTION,REJECTED_ZERO_LABELS,UNKNOWN,0.0001,0.0022,0.0002,0.0078,0.0024,0.0001,0.1305,0.0619,0.1441
2016010609,0.0038,0.0006,0.0032,0,NONE,NO_PREDICTION,REJECTED_ZERO_LABELS,UNKNOWN,0.0,0.0,0.0001,0.0001,0.0,0.0038,0.0006,0.0,0.0006
2016010627,0.9836,0.0659,0.9177,1,Safe Mechanical Lifting,HIGH,ACCEPT_MODEL_PREDICTED,MODEL_PREDICTED,0.0009,0.0021,0.0659,0.0115,0.0198,0.0533,0.9836,0.0167,0.0048
2016010885,0.0006,0.0001,0.0005,0,NONE,NO_PREDICTION,REJECTED_ZERO_LABELS,UNKNOWN,0.0,0.0,0.0,0.0006,0.0,0.0,0.0001,0.0001,0.0001
2016010669,0.6189,0.0054,0.6135,1,Driving,MEDIUM,SENT_TO_HUMAN_REVIEW,UNKNOWN,0.0007,0.0008,0.6189,0.0003,0.0,0.0054,0.0005,0.0003,0.005
2016010682,0.0013,0.0004,0.0009,0,NONE,NO_PREDICTION,REJECTED_ZERO_LABELS,UNKNOWN,0.0,0.0,0.0,0.0,0.0004,0.0,0.0,0.0,0.0013
2016010683,0.0019,0.0017,0.0002,0,NONE,NO_PREDICTION,REJECTED_ZERO_LABELS,UNKNOWN,0.0003,0.0015,0.0001,0.0019,0.0,0.0003,0.0001,0.0017,0.0001
2016010889,0.0225,0.0039,0.0186,0,NONE,NO_PREDICTION,REJECTED_ZERO_LABELS,UNKNOWN,0.0,0.0002,0.0001,0.0039,0.0,0.0,0.0002,0.0005,0.0225
2016010715,0.9443,0.2132,0.7311,1,Safe Mechanical Lifting,HIGH,ACCEPT_MODEL_PREDICTED,MODEL_PREDICTED,0.0001,0.0009,0.0007,0.0033,0.2132,0.0001,0.9443,0.0644,0.04
2016010758,0.0162,0.0003,0.0159,0,NONE,NO_PREDICTION,REJECTED_ZERO_LABELS,UNKNOWN,0.0,0.0,0.0001,0.0001,0.0001,0.0003,0.0003,0.0,0.0162
2016010779,0.0509,0.0041,0.0468,0,NONE,NO_PREDICTION,REJECTED_ZERO_LABELS,UNKNOWN,0.0001,0.0,0.0003,0.0,0.0002,0.0509,0.0041,0.0,0.0008
2016010803,0.0007,0.0006,0.0001,0,NONE,NO_PREDICTION,REJECTED_ZERO_LABELS,UNKNOWN,0.0,0.0,0.0,0.0007,0.0,0.0005,0.0006,0.0001,0.0002
2016010826,0.0007,0.0007,0.0,0,NONE,NO_PREDICTION,REJECTED_ZERO_LABELS,UNKNOWN,0.0,0.0,0.0001,0.0002,0.0001,0.0005,0.0007,0.0,0.0007
2016010830,0.0009,0.0002,0.0007,0,NONE,NO_PREDICTION,REJECTED_ZERO_LABELS,UNKNOWN,0.0,0.0001,0.0009,0.0,0.0,0.0002,0.0002,0.0001,0.0001
2016010838,0.6688,0.0658,0.603,1,Safe Mechanical Lifting,MEDIUM,SENT_TO_HUMAN_REVIEW,UNKNOWN,0.0007,0.0003,0.0012,0.0103,0.0001,0.009,0.6688,0.0022,0.0658
2016010846,0.0015,0.0003,0.0012,0,NONE,NO_PREDICTION,REJECTED_ZERO_LABELS,UNKNOWN,0.0,0.0,0.0003,0.0,0.0,0.0,0.0,0.0,0.0015
2016010869,0.0263,0.0003,0.026,0,NONE,NO_PREDICTION,REJECTED_ZERO_LABELS,UNKNOWN,0.0001,0.0,0.0001,0.0003,0.0,0.0263,0.0001,0.0,0.0002
2016010925,0.9982,0.9744,0.0238,2,Safe Mechanical Lifting | Energy Isolation,MEDIUM,SENT_TO_HUMAN_REVIEW,UNKNOWN,0.0028,0.001,0.0113,0.9744,0.0141,0.0188,0.9982,0.0044,0.0017
2016010940,0.013,0.0038,0.0092,0,NONE,NO_PREDICTION,REJECTED_ZERO_LABELS,UNKNOWN,0.0002,0.0005,0.013,0.0038,0.0001,0.0,0.0003,0.0005,0.0002
2016020986,0.1295,0.007,0.1225,0,NONE,NO_PREDICTION,REJECTED_ZERO_LABELS,UNKNOWN,0.0004,0.0015,0.0002,0.1295,0.007,0.0006,0.0001,0.0011,0.0009
2016020992,0.9831,0.0315,0.9516,1,Driving,HIGH,ACCEPT_MODEL_PREDICTED,MODEL_PREDICTED,0.0051,0.0315,0.9831,0.0005,0.0226,0.0087,0.0052,0.0273,0.016
2016020995,0.1566,0.0167,0.1399,0,NONE,NO_PREDICTION,REJECTED_ZERO_LABELS,UNKNOWN,0.0002,0.0,0.0019,0.0001,0.0,0.1566,0.0167,0.0,0.0005
2016021093,0.0016,0.0008,0.0008,0,NONE,NO_PREDICTION,REJECTED_ZERO_LABELS,UNKNOWN,0.0003,0.0004,0.0001,0.0008,0.0003,0.0016,0.0001,0.0001,0.0001
2016021107,0.0182,0.0005,0.0177,0,NONE,NO_PREDICTION,REJECTED_ZERO_LABELS,UNKNOWN,0.0,0.0003,0.0,0.0003,0.0182,0.0002,0.0,0.0,0.0005
2016021124,0.0113,0.0004,0.0109,0,NONE,NO_PREDICTION,REJECTED_ZERO_LABELS,UNKNOWN,0.0,0.0,0.0004,0.0001,0.0001,0.0004,0.0003,0.0,0.0113
2016021137,0.1211,0.0235,0.0976,0,NONE,NO_PREDICTION,REJECTED_ZERO_LABELS,UNKNOWN,0.0001,0.0001,0.0005,0.0235,0.0002,0.0037,0.1211,0.0001,0.0
2016021145,0.9987,0.2278,0.7709,1,Driving,HIGH,ACCEPT_MODEL_PREDICTED,MODEL_PREDICTED,0.0084,0.0544,0.9987,0.0251,0.0537,0.0015,0.1333,0.2278,0.0003
2016021171,0.9888,0.9755,0.0133,4,Work Authorization | Hot Work | Driving | Confined Space,MEDIUM,SENT_TO_HUMAN_REVIEW,UNKNOWN,0.0414,0.7155,0.7672,0.0341,0.9755,0.0226,0.1767,0.9888,0.0357
2016021254,0.0145,0.013,0.0015,0,NONE,NO_PREDICTION,REJECTED_ZERO_LABELS,UNKNOWN,0.0001,0.0,0.0009,0.0005,0.0001,0.0145,0.013,0.0,0.0003
2016021344,0.7835,0.0067,0.7768,1,Line of Fire,HIGH,ACCEPT_MODEL_PREDICTED,MODEL_PREDICTED,0.0003,0.0001,0.0014,0.0001,0.0003,0.7835,0.0067,0.0,0.0018
2016021347,0.0319,0.0009,0.031,0,NONE,NO_PREDICTION,REJECTED_ZERO_LABELS,UNKNOWN,0.0,0.0004,0.0,0.0001,0.0319,0.0,0.0003,0.0009,0.0
2016021361,0.9996,0.0181,0.9815,1,Energy Isolation,HIGH,ACCEPT_MODEL_PREDICTED,MODEL_PREDICTED,0.0181,0.0084,0.0002,0.9996,0.0008,0.0142,0.0009,0.0005,0.0003
2016021380,0.0027,0.0026,0.0001,0,NONE,NO_PREDICTION,REJECTED_ZERO_LABELS,UNKNOWN,0.0,0.0,0.0,0.0027,0.0,0.0,0.0005,0.0001,0.0026
2016021394,0.9998,0.4211,0.5787,2,Safe Mechanical Lifting | Driving,HIGH,ACCEPT_MODEL_PREDICTED,MODEL_PREDICTED,0.0022,0.0004,0.4211,0.0405,0.001,0.0261,0.9998,0.0074,0.0032
2016021406,0.9965,0.1474,0.8491,1,Driving,HIGH,ACCEPT_MODEL_PREDICTED,MODEL_PREDICTED,0.0104,0.0706,0.9965,0.0006,0.1474,0.0145,0.0008,0.0354,0.0016
2016021413,0.8823,0.5591,0.3232,2,Safe Mechanical Lifting | Working at Height,HIGH,ACCEPT_MODEL_PREDICTED,MODEL_PREDICTED,0.0,0.0,0.0007,0.0,0.0001,0.0001,0.8823,0.0001,0.5591
2016021441,0.5553,0.0645,0.4908,1,Safe Mechanical Lifting,MEDIUM,SENT_TO_HUMAN_REVIEW,UNKNOWN,0.0,0.0,0.0001,0.0008,0.0001,0.0002,0.5553,0.0,0.0645
2016021505,0.972,0.9677,0.0043,2,Driving | Safe Mechanical Lifting,MEDIUM,SENT_TO_HUMAN_REVIEW,UNKNOWN,0.0019,0.0023,0.972,0.0067,0.0333,0.0059,0.9677,0.0537,0.0556
2016021590,0.9979,0.9164,0.0815,2,Hot Work | Energy Isolation,MEDIUM,SENT_TO_HUMAN_REVIEW,UNKNOWN,0.0001,0.1296,0.0,0.9164,0.9979,0.0001,0.0025,0.0229,0.0004
2016021597,0.1564,0.0025,0.1539,0,NONE,NO_PREDICTION,REJECTED_ZERO_LABELS,UNKNOWN,0.0,0.0,0.0001,0.0001,0.0025,0.0,0.0002,0.0,0.1564
2016021643,0.0013,0.001,0.0003,0,NONE,NO_PREDICTION,REJECTED_ZERO_LABELS,UNKNOWN,0.0001,0.0002,0.0003,0.0,0.0013,0.001,0.0002,0.0002,0.0008
2016021703,0.4601,0.0134,0.4467,1,Working at Height,MEDIUM,SENT_TO_HUMAN_REVIEW,UNKNOWN,0.0001,0.0,0.0002,0.004,0.0,0.009,0.0134,0.0001,0.4601
2016021725,0.0373,0.0041,0.0332,0,NONE,NO_PREDICTION,REJECTED_ZERO_LABELS,UNKNOWN,0.0,0.0,0.0001,0.0041,0.0001,0.0,0.0008,0.0001,0.0373
2016021753,0.3399,0.0017,0.3382,1,Safe Mechanical Lifting,LOW,REJECTED_LOW_CONFIDENCE,UNKNOWN,0.0,0.0,0.0001,0.0003,0.0017,0.0007,0.3399,0.0002,0.0012
2016021812,0.4575,0.0291,0.4284,1,Hot Work,MEDIUM,SENT_TO_HUMAN_REVIEW,UNKNOWN,0.0001,0.0049,0.0002,0.0125,0.4575,0.0002,0.002,0.0048,0.0291
2016021817,0.0206,0.0026,0.018,0,NONE,NO_PREDICTION,REJECTED_ZERO_LABELS,UNKNOWN,0.0002,0.0001,0.0002,0.0006,0.0,0.0206,0.0026,0.0,0.0001
2016021770,0.1881,0.0044,0.1837,0,NONE,NO_PREDICTION,REJECTED_ZERO_LABELS,UNKNOWN,0.0001,0.0018,0.0023,0.001,0.0044,0.0017,0.0028,0.0013,0.1881
2016021841,0.4459,0.1196,0.3263,1,Line of Fire,LOW,REJECTED_LOW_CONFIDENCE,UNKNOWN,0.0166,0.1196,0.017,0.0118,0.0128,0.4459,0.0025,0.0044,0.0039
2016021846,0.1582,0.1235,0.0347,0,NONE,NO_PREDICTION,REJECTED_ZERO_LABELS,UNKNOWN,0.0,0.0002,0.1582,0.0,0.1235,0.0,0.0003,0.0002,0.0001
2016031878,0.3933,0.1023,0.291,0,NONE,NO_PREDICTION,REJECTED_ZERO_LABELS,UNKNOWN,0.0,0.0012,0.0,0.1023,0.3933,0.0001,0.0011,0.0005,0.0001
2016031921,0.0149,0.0017,0.0132,0,NONE,NO_PREDICTION,REJECTED_ZERO_LABELS,UNKNOWN,0.0,0.0,0.0017,0.0,0.0002,0.0003,0.0149,0.0001,0.0007
2016031923,0.4455,0.0085,0.437,1,Line of Fire,LOW,REJECTED_LOW_CONFIDENCE,UNKNOWN,0.0008,0.0,0.0001,0.003,0.0,0.4455,0.0085,0.0,0.0003
2016031947,0.2765,0.0038,0.2727,1,Line of Fire,LOW,REJECTED_LOW_CONFIDENCE,UNKNOWN,0.0008,0.0002,0.0002,0.0029,0.0001,0.2765,0.0038,0.0,0.0003
2016032031,0.1031,0.0925,0.0106,0,NONE,NO_PREDICTION,REJECTED_ZERO_LABELS,UNKNOWN,0.0033,0.0017,0.0009,0.0925,0.0002,0.1031,0.0043,0.0002,0.0004
2016032066,0.6593,0.3084,0.3509,2,Safe Mechanical Lifting | Line of Fire,MEDIUM,SENT_TO_HUMAN_REVIEW,UNKNOWN,0.0003,0.0001,0.0026,0.0021,0.0132,0.3084,0.6593,0.0002,0.153
2016032071,0.5196,0.0834,0.4362,1,Energy Isolation,MEDIUM,SENT_TO_HUMAN_REVIEW,UNKNOWN,0.001,0.0007,0.0002,0.5196,0.0002,0.0834,0.0014,0.0,0.0001
2016032083,1.0,0.0254,0.9746,1,Energy Isolation,HIGH,ACCEPT_MODEL_PREDICTED,MODEL_PREDICTED,0.0153,0.0187,0.0015,1.0,0.0045,0.0006,0.0254,0.0027,0.0033
2016032262,0.5288,0.0183,0.5105,1,Hot Work,MEDIUM,SENT_TO_HUMAN_REVIEW,UNKNOWN,0.0,0.0011,0.0,0.0183,0.5288,0.0001,0.0003,0.0008,0.0103
2016032292,0.0347,0.0312,0.0035,0,NONE,NO_PREDICTION,REJECTED_ZERO_LABELS,UNKNOWN,0.0002,0.0002,0.0001,0.0347,0.0015,0.0312,0.0022,0.0,0.0001
2016032350,0.2277,0.0003,0.2274,1,Line of Fire,LOW,REJECTED_LOW_CONFIDENCE,UNKNOWN,0.0001,0.0,0.0002,0.0003,0.0001,0.2277,0.0003,0.0,0.0002
2016032456,0.9932,0.0085,0.9847,1,Driving,HIGH,ACCEPT_MODEL_PREDICTED,MODEL_PREDICTED,0.0026,0.0085,0.9932,0.0002,0.0008,0.0059,0.0002,0.0057,0.0004
2016032598,0.5916,0.0253,0.5663,1,Line of Fire,MEDIUM,SENT_TO_HUMAN_REVIEW,UNKNOWN,0.0012,0.0003,0.0025,0.002,0.001,0.5916,0.0056,0.0001,0.0253
2016032719,0.9918,0.9835,0.0083,2,Safe Mechanical Lifting | Driving,MEDIUM,SENT_TO_HUMAN_REVIEW,UNKNOWN,0.0036,0.0019,0.9835,0.1867,0.0233,0.013,0.9918,0.0208,0.0233
2016032720,0.0839,0.0019,0.082,0,NONE,NO_PREDICTION,REJECTED_ZERO_LABELS,UNKNOWN,0.0002,0.0,0.0002,0.0006,0.0002,0.0839,0.0019,0.0,0.0018
2016032735,0.0583,0.0005,0.0578,0,NONE,NO_PREDICTION,REJECTED_ZERO_LABELS,UNKNOWN,0.0,0.0,0.0001,0.0002,0.0,0.0,0.0005,0.0001,0.0583
2016042753,0.2386,0.0062,0.2324,0,NONE,NO_PREDICTION,REJECTED_ZERO_LABELS,UNKNOWN,0.0,0.0004,0.0006,0.0062,0.2386,0.0,0.0035,0.0009,0.0017
2016042817,0.9672,0.9273,0.0399,2,Safe Mechanical Lifting | Driving,MEDIUM,SENT_TO_HUMAN_REVIEW,UNKNOWN,0.0099,0.0022,0.9273,0.0249,0.0021,0.0612,0.9672,0.0272,0.0713
2016042823,0.9983,0.1726,0.8257,1,Hot Work,HIGH,ACCEPT_MODEL_PREDICTED,MODEL_PREDICTED,0.0002,0.0311,0.0001,0.0019,0.9983,0.1726,0.0018,0.0008,0.0006
2016042884,0.9818,0.0067,0.9751,1,Energy Isolation,HIGH,ACCEPT_MODEL_PREDICTED,MODEL_PREDICTED,0.0007,0.0033,0.0001,0.9818,0.0067,0.0003,0.0002,0.0003,0.0
2016042900,0.0002,0.0002,0.0,0,NONE,NO_PREDICTION,REJECTED_ZERO_LABELS,UNKNOWN,0.0,0.0,0.0001,0.0002,0.0,0.0,0.0002,0.0002,0.0001
2016042952,0.9985,0.0194,0.9791,1,Driving,HIGH,ACCEPT_MODEL_PREDICTED,MODEL_PREDICTED,0.0021,0.0032,0.9985,0.0108,0.0038,0.0002,0.0018,0.0194,0.0001
2016042984,0.1714,0.0121,0.1593,0,NONE,NO_PREDICTION,REJECTED_ZERO_LABELS,UNKNOWN,0.0001,0.0031,0.0089,0.0003,0.1714,0.0001,0.0066,0.0121,0.0021
2016043095,0.9586,0.0338,0.9248,1,Safe Mechanical Lifting,HIGH,ACCEPT_MODEL_PREDICTED,MODEL_PREDICTED,0.0004,0.0003,0.0049,0.0338,0.0003,0.002,0.9586,0.0086,0.0013
2016043117,0.0027,0.002,0.0007,0,NONE,NO_PREDICTION,REJECTED_ZERO_LABELS,UNKNOWN,0.0,0.0004,0.0001,0.002,0.0027,0.001,0.0,0.0,0.0011
2016043141,0.9439,0.8479,0.096,2,Energy Isolation | Hot Work,MEDIUM,SENT_TO_HUMAN_REVIEW,UNKNOWN,0.0056,0.3662,0.0149,0.9439,0.8479,0.0009,0.0005,0.0573,0.0005
2016043154,0.0642,0.0615,0.0027,0,NONE,NO_PREDICTION,REJECTED_ZERO_LABELS,UNKNOWN,0.0001,0.0,0.006,0.0001,0.0,0.0642,0.0615,0.0,0.0047
2016043155,0.0088,0.0015,0.0073,0,NONE,NO_PREDICTION,REJECTED_ZERO_LABELS,UNKNOWN,0.0002,0.0015,0.0003,0.0088,0.0001,0.0001,0.0001,0.0006,0.0001
2016043167,0.5094,0.0013,0.5081,1,Line of Fire,MEDIUM,SENT_TO_HUMAN_REVIEW,UNKNOWN,0.0001,0.0,0.0009,0.0,0.0003,0.5094,0.0013,0.0,0.0001
2016043194,0.9949,0.0305,0.9644,1,Energy Isolation,HIGH,ACCEPT_MODEL_PREDICTED,MODEL_PREDICTED,0.0035,0.0305,0.0002,0.9949,0.019,0.0013,0.0033,0.0068,0.016
2016043213,0.0022,0.0011,0.0011,0,NONE,NO_PREDICTION,REJECTED_ZERO_LABELS,UNKNOWN,0.0,0.0,0.0002,0.0001,0.0009,0.0022,0.0,0.0,0.0011
2016043242,0.1057,0.0074,0.0983,0,NONE,NO_PREDICTION,REJECTED_ZERO_LABELS,UNKNOWN,0.0015,0.002,0.0074,0.0052,0.0002,0.1057,0.0004,0.0002,0.0033
2016043279,0.4798,0.2036,0.2762,1,Energy Isolation,MEDIUM,SENT_TO_HUMAN_REVIEW,UNKNOWN,0.0002,0.0095,0.0,0.4798,0.2036,0.0006,0.0006,0.0019,0.001
2016043290,0.012,0.0046,0.0074,0,NONE,NO_PREDICTION,REJECTED_ZERO_LABELS,UNKNOWN,0.0001,0.0001,0.0003,0.0046,0.0007,0.0012,0.012,0.0001,0.0009
2016043296,0.1997,0.0186,0.1811,0,NONE,NO_PREDICTION,REJECTED_ZERO_LABELS,UNKNOWN,0.0001,0.0005,0.0001,0.0186,0.0044,0.0005,0.1997,0.0012,0.0
2016043298,0.0175,0.0012,0.0163,0,NONE,NO_PREDICTION,REJECTED_ZERO_LABELS,UNKNOWN,0.0,0.0,0.0,0.0012,0.0001,0.0003,0.0175,0.0,0.0
2016043383,0.3177,0.0147,0.303,1,Working at Height,LOW,REJECTED_LOW_CONFIDENCE,UNKNOWN,0.0001,0.0007,0.0001,0.0007,0.0147,0.0002,0.0001,0.0012,0.3177
2016043577,0.0008,0.0004,0.0004,0,NONE,NO_PREDICTION,REJECTED_ZERO_LABELS,UNKNOWN,0.0,0.0,0.0001,0.0008,0.0001,0.0001,0.0004,0.0001,0.0003
2016043433,0.3786,0.0379,0.3407,1,Safe Mechanical Lifting,LOW,REJECTED_LOW_CONFIDENCE,UNKNOWN,0.0,0.0,0.0007,0.0085,0.0011,0.0071,0.3786,0.0001,0.0379
2016043460,0.9945,0.0342,0.9603,1,Hot Work,HIGH,ACCEPT_MODEL_PREDICTED,MODEL_PREDICTED,0.0,0.0342,0.0,0.0169,0.9945,0.0001,0.0,0.0056,0.0
2016043630,0.9917,0.007,0.9847,1,Working at Height,HIGH,ACCEPT_MODEL_PREDICTED,MODEL_PREDICTED,0.0,0.0002,0.0011,0.007,0.0015,0.0001,0.0031,0.0027,0.9917
2016053670,0.9958,0.0054,0.9904,1,Safe Mechanical Lifting,HIGH,ACCEPT_MODEL_PREDICTED,MODEL_PREDICTED,0.0,0.0,0.0033,0.0024,0.0015,0.0,0.9958,0.0054,0.0012
2016053694,0.0046,0.0039,0.0007,0,NONE,NO_PREDICTION,REJECTED_ZERO_LABELS,UNKNOWN,0.0,0.0003,0.0,0.0046,0.0039,0.0,0.0,0.0001,0.0
2016053722,0.9997,0.0193,0.9804,1,Hot Work,HIGH,ACCEPT_MODEL_PREDICTED,MODEL_PREDICTED,0.0,0.0193,0.0,0.003,0.9997,0.0001,0.0004,0.0044,0.0002
2016053753,0.9999,0.0072,0.9927,1,Energy Isolation,HIGH,ACCEPT_MODEL_PREDICTED,MODEL_PREDICTED,0.005,0.0072,0.0002,0.9999,0.0013,0.0005,0.0048,0.0014,0.0016
2016053766,0.4136,0.0744,0.3392,1,Driving,LOW,REJECTED_LOW_CONFIDENCE,UNKNOWN,0.0035,0.0036,0.4136,0.0125,0.0017,0.0043,0.0744,0.0193,0.0029
2016053777,0.9961,0.0019,0.9942,1,Safe Mechanical Lifting,HIGH,ACCEPT_MODEL_PREDICTED,MODEL_PREDICTED,0.0,0.0,0.001,0.0019,0.0004,0.0002,0.9961,0.0005,0.0004
2016053784,0.9497,0.4952,0.4545,2,Working at Height | Energy Isolation,HIGH,ACCEPT_MODEL_PREDICTED,MODEL_PREDICTED,0.0,0.0001,0.0001,0.4952,0.0006,0.0001,0.0003,0.0001,0.9497
2016053785,0.0106,0.0048,0.0058,0,NONE,NO_PREDICTION,REJECTED_ZERO_LABELS,UNKNOWN,0.0005,0.0009,0.0019,0.0106,0.0,0.0026,0.0004,0.0002,0.0048
2016053786,0.0021,0.0003,0.0018,0,NONE,NO_PREDICTION,REJECTED_ZERO_LABELS,UNKNOWN,0.0,0.0,0.0,0.0003,0.0,0.0,0.0021,0.0,0.0001
2016053853,0.0297,0.0183,0.0114,0,NONE,NO_PREDICTION,REJECTED_ZERO_LABELS,UNKNOWN,0.0002,0.0087,0.0002,0.0183,0.0297,0.0005,0.0001,0.0021,0.0001
2016054006,0.9993,0.0058,0.9935,1,Safe Mechanical Lifting,HIGH,ACCEPT_MODEL_PREDICTED,MODEL_PREDICTED,0.0,0.0,0.0049,0.0011,0.0058,0.0002,0.9993,0.002,0.0055
2016054017,0.9049,0.2907,0.6142,1,Confined Space,HIGH,ACCEPT_MODEL_PREDICTED,MODEL_PREDICTED,0.0456,0.9049,0.0066,0.2015,0.2783,0.0103,0.0003,0.2907,0.0055
2016054050,0.9986,0.2138,0.7848,1,Hot Work,HIGH,ACCEPT_MODEL_PREDICTED,MODEL_PREDICTED,0.0002,0.0362,0.0001,0.2138,0.9986,0.0061,0.0651,0.0041,0.0002
2016054068,0.0002,0.0002,0.0,0,NONE,NO_PREDICTION,REJECTED_ZERO_LABELS,UNKNOWN,0.0,0.0,0.0,0.0002,0.0,0.0002,0.0001,0.0,0.0002
2016054101,0.5215,0.0712,0.4503,1,Safe Mechanical Lifting,MEDIUM,SENT_TO_HUMAN_REVIEW,UNKNOWN,0.0002,0.0003,0.0026,0.0187,0.0712,0.0025,0.5215,0.0006,0.0001
2016054111,0.191,0.0502,0.1408,0,NONE,NO_PREDICTION,REJECTED_ZERO_LABELS,UNKNOWN,0.0001,0.0022,0.0,0.191,0.0502,0.0001,0.0001,0.0006,0.0001
2016054209,0.0012,0.0006,0.0006,0,NONE,NO_PREDICTION,REJECTED_ZERO_LABELS,UNKNOWN,0.0,0.0003,0.0002,0.0001,0.0012,0.0006,0.0,0.0,0.0002
2016054317,0.0097,0.0005,0.0092,0,NONE,NO_PREDICTION,REJECTED_ZERO_LABELS,UNKNOWN,0.0,0.0,0.0,0.0003,0.0003,0.0005,0.0097,0.0,0.0001
2016054371,0.0765,0.0673,0.0092,0,NONE,NO_PREDICTION,REJECTED_ZERO_LABELS,UNKNOWN,0.0001,0.0002,0.0001,0.0673,0.0005,0.0001,0.0765,0.0015,0.0001
2016054377,0.0035,0.0004,0.0031,0,NONE,NO_PREDICTION,REJECTED_ZERO_LABELS,UNKNOWN,0.0,0.0,0.0,0.0004,0.0004,0.0,0.0035,0.0002,0.0002
2016054401,0.8547,0.0629,0.7918,1,Working at Height,HIGH,ACCEPT_MODEL_PREDICTED,MODEL_PREDICTED,0.0008,0.0005,0.001,0.0431,0.0056,0.019,0.0629,0.0045,0.8547
2016054429,0.1308,0.0434,0.0874,0,NONE,NO_PREDICTION,REJECTED_ZERO_LABELS,UNKNOWN,0.0001,0.0001,0.0,0.1308,0.0002,0.0122,0.0188,0.0001,0.0434
2016054441,0.0003,0.0002,0.0001,0,NONE,NO_PREDICTION,REJECTED_ZERO_LABELS,UNKNOWN,0.0,0.0,0.0,0.0003,0.0002,0.0001,0.0001,0.0,0.0
2016054486,0.0002,0.0002,0.0,0,NONE,NO_PREDICTION,REJECTED_ZERO_LABELS,UNKNOWN,0.0,0.0,0.0,0.0001,0.0,0.0,0.0002,0.0002,0.0001
2016054552,0.0003,0.0002,0.0001,0,NONE,NO_PREDICTION,REJECTED_ZERO_LABELS,UNKNOWN,0.0,0.0,0.0001,0.0002,0.0,0.0,0.0003,0.0,0.0
2016054770,0.4261,0.2408,0.1853,1,Working at Height,LOW,REJECTED_LOW_CONFIDENCE,UNKNOWN,0.0033,0.0625,0.2408,0.0131,0.0047,0.0004,0.0021,0.1446,0.4261
2016055851,0.1869,0.0223,0.1646,0,NONE,NO_PREDICTION,REJECTED_ZERO_LABELS,UNKNOWN,0.0,0.0005,0.0003,0.0004,0.0223,0.0003,0.0001,0.0004,0.1869
2016054606,0.9916,0.9557,0.0359,2,Energy Isolation | Confined Space,MEDIUM,SENT_TO_HUMAN_REVIEW,UNKNOWN,0.1541,0.9557,0.014,0.9916,0.3242,0.0655,0.0227,0.2273,0.0337
2016054608,0.2047,0.0112,0.1935,0,NONE,NO_PREDICTION,REJECTED_ZERO_LABELS,UNKNOWN,0.0002,0.0001,0.0055,0.0029,0.0,0.0112,0.003,0.0002,0.2047
2016054654,0.999,0.0099,0.9891,1,Working at Height,HIGH,ACCEPT_MODEL_PREDICTED,MODEL_PREDICTED,0.0001,0.0003,0.0058,0.0099,0.0008,0.0025,0.0007,0.0004,0.999
2016054686,0.0009,0.0007,0.0002,0,NONE,NO_PREDICTION,REJECTED_ZERO_LABELS,UNKNOWN,0.0001,0.0009,0.0001,0.0003,0.0007,0.0003,0.0001,0.0006,0.0
2016054723,0.9877,0.1981,0.7896,1,Safe Mechanical Lifting,HIGH,ACCEPT_MODEL_PREDICTED,MODEL_PREDICTED,0.0001,0.0006,0.0049,0.0122,0.0016,0.0003,0.9877,0.0408,0.1981
2016054820,0.2707,0.068,0.2027,0,NONE,NO_PREDICTION,REJECTED_ZERO_LABELS,UNKNOWN,0.0001,0.0001,0.0,0.2707,0.0044,0.068,0.0087,0.0,0.0425
2016064841,0.9405,0.0005,0.94,1,Energy Isolation,HIGH,ACCEPT_MODEL_PREDICTED,MODEL_PREDICTED,0.0002,0.0004,0.0001,0.9405,0.0001,0.0,0.0005,0.0003,0.0002
2016064865,0.0022,0.0013,0.0009,0,NONE,NO_PREDICTION,REJECTED_ZERO_LABELS,UNKNOWN,0.0,0.0005,0.0012,0.0004,0.0013,0.0,0.0009,0.0022,0.0
2016064903,0.9997,0.0554,0.9443,1,Driving,HIGH,ACCEPT_MODEL_PREDICTED,MODEL_PREDICTED,0.0092,0.0068,0.9997,0.0117,0.0017,0.0013,0.0088,0.0554,0.0293
2016065015,0.3012,0.0034,0.2978,1,Line of Fire,LOW,REJECTED_LOW_CONFIDENCE,UNKNOWN,0.0002,0.0,0.0002,0.0004,0.0,0.3012,0.0034,0.0,0.0002
2016065018,0.0151,0.0015,0.0136,0,NONE,NO_PREDICTION,REJECTED_ZERO_LABELS,UNKNOWN,0.0,0.0002,0.0001,0.0015,0.0004,0.0001,0.0,0.0,0.0151
2016065019,0.0025,0.0012,0.0013,0,NONE,NO_PREDICTION,REJECTED_ZERO_LABELS,UNKNOWN,0.0001,0.0001,0.0003,0.0002,0.0002,0.0012,0.0025,0.0002,0.0007
2016065127,0.0091,0.0063,0.0028,0,NONE,NO_PREDICTION,REJECTED_ZERO_LABELS,UNKNOWN,0.0005,0.0005,0.0063,0.0004,0.0003,0.0091,0.0032,0.0001,0.0
2016065162,0.7647,0.5661,0.1986,2,Driving | Safe Mechanical Lifting,HIGH,ACCEPT_MODEL_PREDICTED,MODEL_PREDICTED,0.0003,0.0001,0.7647,0.0006,0.0001,0.0074,0.5661,0.0008,0.1873
2016065222,0.017,0.008,0.009,0,NONE,NO_PREDICTION,REJECTED_ZERO_LABELS,UNKNOWN,0.0002,0.0005,0.008,0.0001,0.0027,0.0027,0.0016,0.0005,0.017
2016065292,0.9931,0.138,0.8551,1,Working at Height,HIGH,ACCEPT_MODEL_PREDICTED,MODEL_PREDICTED,0.0004,0.0002,0.0445,0.0047,0.0004,0.138,0.0164,0.0003,0.9931
2016065298,0.0008,0.0008,0.0,0,NONE,NO_PREDICTION,REJECTED_ZERO_LABELS,UNKNOWN,0.0,0.0003,0.0008,0.0001,0.0001,0.0,0.0002,0.0008,0.0
2016065363,0.1393,0.0027,0.1366,0,NONE,NO_PREDICTION,REJECTED_ZERO_LABELS,UNKNOWN,0.0001,0.0002,0.001,0.0001,0.0001,0.0004,0.1393,0.0027,0.0005
2016065364,0.4306,0.0898,0.3408,1,Working at Height,LOW,REJECTED_LOW_CONFIDENCE,UNKNOWN,0.0002,0.0,0.0028,0.006,0.0001,0.0898,0.0755,0.0001,0.4306
2016065421,0.0649,0.0105,0.0544,0,NONE,NO_PREDICTION,REJECTED_ZERO_LABELS,UNKNOWN,0.0002,0.0001,0.0001,0.0649,0.0001,0.0015,0.0105,0.0001,0.0011
2016065427,0.9988,0.0169,0.9819,1,Hot Work,HIGH,ACCEPT_MODEL_PREDICTED,MODEL_PREDICTED,0.0,0.0169,0.0,0.0091,0.9988,0.0001,0.0,0.0017,0.0001
2016065445,0.0284,0.0111,0.0173,0,NONE,NO_PREDICTION,REJECTED_ZERO_LABELS,UNKNOWN,0.0,0.0001,0.0002,0.0111,0.0012,0.0,0.0057,0.0008,0.0284
2016065510,0.994,0.0431,0.9509,1,Energy Isolation,HIGH,ACCEPT_MODEL_PREDICTED,MODEL_PREDICTED,0.0018,0.0431,0.0002,0.994,0.003,0.0001,0.0002,0.0099,0.0005
2016065523,0.0152,0.0077,0.0075,0,NONE,NO_PREDICTION,REJECTED_ZERO_LABELS,UNKNOWN,0.0002,0.0002,0.0001,0.0077,0.0001,0.0064,0.0152,0.0003,0.0059
2016065533,0.7227,0.3598,0.3629,2,Line of Fire | Safe Mechanical Lifting,HIGH,ACCEPT_MODEL_PREDICTED,MODEL_PREDICTED,0.0006,0.0,0.0021,0.0021,0.0001,0.7227,0.3598,0.0001,0.0918
2016065631,0.0003,0.0002,0.0001,0,NONE,NO_PREDICTION,REJECTED_ZERO_LABELS,UNKNOWN,0.0,0.0,0.0,0.0003,0.0001,0.0002,0.0,0.0,0.0
2016065729,0.7602,0.1867,0.5735,1,Driving,HIGH,ACCEPT_MODEL_PREDICTED,MODEL_PREDICTED,0.0001,0.0001,0.7602,0.0002,0.0017,0.0015,0.1332,0.0009,0.1867
2016065741,0.8887,0.0279,0.8608,1,Line of Fire,HIGH,ACCEPT_MODEL_PREDICTED,MODEL_PREDICTED,0.001,0.0002,0.0002,0.0112,0.0019,0.8887,0.0279,0.0,0.0057
2016065782,0.0027,0.0001,0.0026,0,NONE,NO_PREDICTION,REJECTED_ZERO_LABELS,UNKNOWN,0.0,0.0,0.0001,0.0,0.0,0.0,0.0027,0.0001,0.0
2016065791,0.9932,0.0044,0.9888,1,Energy Isolation,HIGH,ACCEPT_MODEL_PREDICTED,MODEL_PREDICTED,0.0005,0.0044,0.0,0.9932,0.0014,0.0001,0.0004,0.0014,0.0001
2016065792,0.9997,0.0208,0.9789,1,Safe Mechanical Lifting,HIGH,ACCEPT_MODEL_PREDICTED,MODEL_PREDICTED,0.0001,0.0001,0.0208,0.0022,0.0031,0.0044,0.9997,0.006,0.012
2016065805,0.4844,0.0525,0.4319,1,Safe Mechanical Lifting,MEDIUM,SENT_TO_HUMAN_REVIEW,UNKNOWN,0.0012,0.0013,0.0084,0.0525,0.0238,0.0271,0.4844,0.0009,0.0002
2016065896,0.4758,0.0012,0.4746,1,Energy Isolation,MEDIUM,SENT_TO_HUMAN_REVIEW,UNKNOWN,0.0007,0.0011,0.0001,0.4758,0.0005,0.0012,0.001,0.0007,0.0006
2016075939,0.9815,0.3561,0.6254,2,Working at Height | Safe Mechanical Lifting,HIGH,ACCEPT_MODEL_PREDICTED,MODEL_PREDICTED,0.0001,0.0,0.0257,0.0023,0.0002,0.0164,0.3561,0.0002,0.9815
2016075943,0.996,0.0158,0.9802,1,Working at Height,HIGH,ACCEPT_MODEL_PREDICTED,MODEL_PREDICTED,0.0007,0.0013,0.0069,0.0158,0.0034,0.0066,0.0081,0.004,0.996
2016076001,0.0013,0.0009,0.0004,0,NONE,NO_PREDICTION,REJECTED_ZERO_LABELS,UNKNOWN,0.0,0.0,0.0001,0.0009,0.0,0.0,0.0013,0.0001,0.0
2016076007,0.8423,0.6193,0.223,2,Safe Mechanical Lifting | Working at Height,HIGH,ACCEPT_MODEL_PREDICTED,MODEL_PREDICTED,0.0006,0.0052,0.0241,0.2849,0.3269,0.0123,0.8423,0.0186,0.6193
2016076048,0.0011,0.0005,0.0006,0,NONE,NO_PREDICTION,REJECTED_ZERO_LABELS,UNKNOWN,0.0002,0.0004,0.0003,0.0005,0.0001,0.0011,0.0,0.0,0.0
2016076081,0.9905,0.0142,0.9763,1,Energy Isolation,HIGH,ACCEPT_MODEL_PREDICTED,MODEL_PREDICTED,0.0031,0.0016,0.0002,0.9905,0.0002,0.0079,0.001,0.0004,0.0142
2016076119,0.7574,0.1602,0.5972,1,Driving,HIGH,ACCEPT_MODEL_PREDICTED,MODEL_PREDICTED,0.0013,0.047,0.7574,0.0248,0.0421,0.0002,0.0017,0.1602,0.0973
2016076137,0.1219,0.0144,0.1075,0,NONE,NO_PREDICTION,REJECTED_ZERO_LABELS,UNKNOWN,0.0001,0.0003,0.0035,0.0144,0.0002,0.002,0.0131,0.0008,0.1219
2016076156,0.0509,0.0177,0.0332,0,NONE,NO_PREDICTION,REJECTED_ZERO_LABELS,UNKNOWN,0.0004,0.0007,0.0006,0.0509,0.0017,0.0071,0.0072,0.0008,0.0177
2016076185,0.1316,0.0767,0.0549,0,NONE,NO_PREDICTION,REJECTED_ZERO_LABELS,UNKNOWN,0.0,0.0009,0.0002,0.1316,0.0388,0.0,0.0282,0.0028,0.0767
2016076195,0.9256,0.6578,0.2678,3,Working at Height | Energy Isolation | Driving,HIGH,ACCEPT_MODEL_PREDICTED,MODEL_PREDICTED,0.0121,0.0146,0.3541,0.6578,0.0046,0.0373,0.1051,0.0511,0.9256
2016076203,0.0016,0.0013,0.0003,0,NONE,NO_PREDICTION,REJECTED_ZERO_LABELS,UNKNOWN,0.0,0.0001,0.0013,0.0,0.0,0.0001,0.0005,0.0001,0.0016
2016076242,0.8587,0.0099,0.8488,1,Safe Mechanical Lifting,HIGH,ACCEPT_MODEL_PREDICTED,MODEL_PREDICTED,0.0004,0.0004,0.0003,0.0067,0.0017,0.0099,0.8587,0.0028,0.0008
2016076246,0.5017,0.1837,0.318,1,Safe Mechanical Lifting,MEDIUM,SENT_TO_HUMAN_REVIEW,UNKNOWN,0.0001,0.0078,0.0003,0.0177,0.1127,0.0001,0.5017,0.1837,0.0113
2016076300,0.0016,0.0002,0.0014,0,NONE,NO_PREDICTION,REJECTED_ZERO_LABELS,UNKNOWN,0.0,0.0,0.0002,0.0,0.0001,0.0001,0.0016,0.0001,0.0
2016076332,0.9955,0.7656,0.2299,2,Working at Height | Driving,HIGH,ACCEPT_MODEL_PREDICTED,MODEL_PREDICTED,0.0001,0.0001,0.7656,0.0016,0.0016,0.0007,0.0293,0.0015,0.9955
2016076354,0.9952,0.0091,0.9861,1,Working at Height,HIGH,ACCEPT_MODEL_PREDICTED,MODEL_PREDICTED,0.0003,0.0019,0.0091,0.0091,0.0004,0.0007,0.0003,0.0019,0.9952
2016076361,0.8139,0.4662,0.3477,1,Hot Work,HIGH,ACCEPT_MODEL_PREDICTED,MODEL_PREDICTED,0.0002,0.119,0.0006,0.0032,0.8139,0.0001,0.0035,0.4662,0.0014
2016076401,0.0543,0.0014,0.0529,0,NONE,NO_PREDICTION,REJECTED_ZERO_LABELS,UNKNOWN,0.0002,0.0009,0.0001,0.0543,0.0014,0.0001,0.0003,0.0005,0.0001
2016076485,0.9127,0.0683,0.8444,1,Working at Height,HIGH,ACCEPT_MODEL_PREDICTED,MODEL_PREDICTED,0.0003,0.004,0.0162,0.0375,0.0683,0.0013,0.0002,0.002,0.9127
2016076492,0.9827,0.91,0.0727,2,Driving | Safe Mechanical Lifting,MEDIUM,SENT_TO_HUMAN_REVIEW,UNKNOWN,0.0026,0.0026,0.9827,0.0171,0.0165,0.0114,0.91,0.0247,0.1436
2016076511,0.0009,0.0003,0.0006,0,NONE,NO_PREDICTION,REJECTED_ZERO_LABELS,UNKNOWN,0.0,0.0001,0.0,0.0,0.0003,0.0,0.0009,0.0003,0.0
2016076518,0.9788,0.1215,0.8573,1,Safe Mechanical Lifting,HIGH,ACCEPT_MODEL_PREDICTED,MODEL_PREDICTED,0.0015,0.0044,0.0493,0.0114,0.0006,0.0008,0.9788,0.1215,0.0005
2016076525,0.0044,0.0039,0.0005,0,NONE,NO_PREDICTION,REJECTED_ZERO_LABELS,UNKNOWN,0.0002,0.0016,0.0,0.0039,0.0044,0.0005,0.0026,0.0011,0.0
2016076559,0.001,0.001,0.0,0,NONE,NO_PREDICTION,REJECTED_ZERO_LABELS,UNKNOWN,0.0001,0.001,0.0002,0.0003,0.0002,0.0001,0.0002,0.001,0.0001
2016076585,0.5172,0.0052,0.512,1,Safe Mechanical Lifting,MEDIUM,SENT_TO_HUMAN_REVIEW,UNKNOWN,0.0,0.0,0.0002,0.0052,0.0009,0.0002,0.5172,0.0006,0.0026
2016076967,0.2603,0.0125,0.2478,1,Safe Mechanical Lifting,LOW,REJECTED_LOW_CONFIDENCE,UNKNOWN,0.0,0.0,0.0003,0.0,0.0001,0.0125,0.2603,0.0001,0.0007
2016076633,0.0102,0.0034,0.0068,0,NONE,NO_PREDICTION,REJECTED_ZERO_LABELS,UNKNOWN,0.0001,0.0001,0.0007,0.0001,0.0,0.0102,0.0034,0.0001,0.001
2016076722,0.995,0.0582,0.9368,1,Line of Fire,HIGH,ACCEPT_MODEL_PREDICTED,MODEL_PREDICTED,0.0014,0.0001,0.0041,0.0007,0.0044,0.995,0.0582,0.0,0.0041
2016076739,0.9759,0.0049,0.971,1,Hot Work,HIGH,ACCEPT_MODEL_PREDICTED,MODEL_PREDICTED,0.0,0.0049,0.0003,0.0024,0.9759,0.0002,0.0006,0.0024,0.0001
2016076762,0.698,0.4239,0.2741,2,Safe Mechanical Lifting | Working at Height,MEDIUM,SENT_TO_HUMAN_REVIEW,UNKNOWN,0.0,0.0,0.0117,0.0,0.0027,0.001,0.698,0.0004,0.4239
2016076791,0.9984,0.5779,0.4205,2,Safe Mechanical Lifting | Working at Height,HIGH,ACCEPT_MODEL_PREDICTED,MODEL_PREDICTED,0.0007,0.0001,0.0289,0.1804,0.0005,0.1381,0.9984,0.0016,0.5779
2016076796,0.0004,0.0002,0.0002,0,NONE,NO_PREDICTION,REJECTED_ZERO_LABELS,UNKNOWN,0.0,0.0001,0.0004,0.0,0.0,0.0001,0.0002,0.0001,0.0
2016076809,0.1909,0.0257,0.1652,0,NONE,NO_PREDICTION,REJECTED_ZERO_LABELS,UNKNOWN,0.0001,0.0064,0.0008,0.001,0.0203,0.0001,0.0002,0.0257,0.1909
2016076816,0.9996,0.0256,0.974,1,Hot Work,HIGH,ACCEPT_MODEL_PREDICTED,MODEL_PREDICTED,0.0,0.0256,0.0001,0.0017,0.9996,0.0003,0.0002,0.003,0.0
2016076874,0.4356,0.0344,0.4012,0,NONE,NO_PREDICTION,REJECTED_ZERO_LABELS,UNKNOWN,0.0001,0.0203,0.0001,0.0011,0.4356,0.0001,0.0017,0.0344,0.0003
2016076909,0.0003,0.0002,0.0001,0,NONE,NO_PREDICTION,REJECTED_ZERO_LABELS,UNKNOWN,0.0,0.0,0.0,0.0001,0.0002,0.0,0.0,0.0,0.0003
2016077004,0.0042,0.001,0.0032,0,NONE,NO_PREDICTION,REJECTED_ZERO_LABELS,UNKNOWN,0.0,0.0002,0.0,0.0003,0.0042,0.0001,0.001,0.0002,0.0
2016087071,0.9789,0.1004,0.8785,1,Safe Mechanical Lifting,HIGH,ACCEPT_MODEL_PREDICTED,MODEL_PREDICTED,0.0,0.0,0.0221,0.0098,0.003,0.0001,0.9789,0.0013,0.1004
2016087082,0.9236,0.0007,0.9229,1,Safe Mechanical Lifting,HIGH,ACCEPT_MODEL_PREDICTED,MODEL_PREDICTED,0.0,0.0,0.0001,0.0007,0.0005,0.0004,0.9236,0.0003,0.0003
2016087087,0.004,0.0023,0.0017,0,NONE,NO_PREDICTION,REJECTED_ZERO_LABELS,UNKNOWN,0.0001,0.0001,0.0,0.0019,0.0023,0.004,0.0001,0.0,0.0001
2016087097,0.0005,0.0001,0.0004,0,NONE,NO_PREDICTION,REJECTED_ZERO_LABELS,UNKNOWN,0.0,0.0,0.0,0.0005,0.0001,0.0,0.0001,0.0,0.0001
2016087141,0.0549,0.0086,0.0463,0,NONE,NO_PREDICTION,REJECTED_ZERO_LABELS,UNKNOWN,0.0001,0.0001,0.0,0.0549,0.0001,0.0004,0.0086,0.0001,0.0001
2016087210,0.0044,0.0004,0.004,0,NONE,NO_PREDICTION,REJECTED_ZERO_LABELS,UNKNOWN,0.0,0.0001,0.0002,0.0,0.0004,0.0,0.0044,0.0003,0.0
2016087235,0.9995,0.0701,0.9294,1,Driving,HIGH,ACCEPT_MODEL_PREDICTED,MODEL_PREDICTED,0.0031,0.001,0.9995,0.0008,0.0021,0.0267,0.0701,0.0038,0.0037
2016087292,0.9912,0.9786,0.0126,2,Work Authorization | Confined Space,MEDIUM,SENT_TO_HUMAN_REVIEW,UNKNOWN,0.0378,0.9786,0.0436,0.0279,0.2139,0.0026,0.0055,0.9912,0.0019
2016087324,0.0003,0.0003,0.0,0,NONE,NO_PREDICTION,REJECTED_ZERO_LABELS,UNKNOWN,0.0,0.0001,0.0,0.0001,0.0002,0.0,0.0003,0.0003,0.0
2016087329,0.0013,0.0005,0.0008,0,NONE,NO_PREDICTION,REJECTED_ZERO_LABELS,UNKNOWN,0.0,0.0,0.0001,0.0002,0.0,0.0001,0.0013,0.0001,0.0005
2016087370,0.1829,0.054,0.1289,0,NONE,NO_PREDICTION,REJECTED_ZERO_LABELS,UNKNOWN,0.0012,0.0009,0.0018,0.007,0.0004,0.1829,0.0006,0.0001,0.054
2016087391,0.0302,0.0015,0.0287,0,NONE,NO_PREDICTION,REJECTED_ZERO_LABELS,UNKNOWN,0.0,0.0,0.0002,0.0005,0.0,0.0,0.0302,0.0005,0.0015
2016087402,0.0013,0.0009,0.0004,0,NONE,NO_PREDICTION,REJECTED_ZERO_LABELS,UNKNOWN,0.0,0.0,0.0003,0.0009,0.0,0.0003,0.0013,0.0,0.0006
2016087440,0.9995,0.0221,0.9774,1,Working at Height,HIGH,ACCEPT_MODEL_PREDICTED,MODEL_PREDICTED,0.0001,0.0018,0.0056,0.0195,0.0098,0.0003,0.0108,0.0221,0.9995
2016087463,0.6676,0.3519,0.3157,2,Line of Fire | Energy Isolation,MEDIUM,SENT_TO_HUMAN_REVIEW,UNKNOWN,0.0026,0.0015,0.0003,0.3519,0.0012,0.6676,0.0112,0.0003,0.1305
2016087471,0.0181,0.0063,0.0118,0,NONE,NO_PREDICTION,REJECTED_ZERO_LABELS,UNKNOWN,0.0017,0.0063,0.0181,0.0039,0.0002,0.0051,0.0006,0.0024,0.0013
2016087491,0.9965,0.0042,0.9923,1,Working at Height,HIGH,ACCEPT_MODEL_PREDICTED,MODEL_PREDICTED,0.0,0.0,0.0034,0.0003,0.0004,0.0009,0.0042,0.0003,0.9965
2016087533,0.9242,0.8001,0.1241,3,Driving | Safe Mechanical Lifting | Work Authorization,MEDIUM,SENT_TO_HUMAN_REVIEW,UNKNOWN,0.0124,0.0284,0.9242,0.1411,0.0044,0.0016,0.8001,0.5126,0.0684
2016087570,0.9993,0.0978,0.9015,1,Energy Isolation,HIGH,ACCEPT_MODEL_PREDICTED,MODEL_PREDICTED,0.0303,0.0273,0.0254,0.9993,0.0005,0.0022,0.0978,0.0205,0.0016
2016087588,0.0019,0.0006,0.0013,0,NONE,NO_PREDICTION,REJECTED_ZERO_LABELS,UNKNOWN,0.0001,0.0001,0.0001,0.0004,0.0,0.0001,0.0019,0.0006,0.0
2016087594,0.168,0.0047,0.1633,0,NONE,NO_PREDICTION,REJECTED_ZERO_LABELS,UNKNOWN,0.0,0.0,0.0047,0.0,0.0,0.0001,0.0029,0.0001,0.168
2016087708,0.0066,0.0005,0.0061,0,NONE,NO_PREDICTION,REJECTED_ZERO_LABELS,UNKNOWN,0.0,0.0002,0.0005,0.0001,0.0005,0.0002,0.0003,0.0003,0.0066
2016087757,0.0347,0.0019,0.0328,0,NONE,NO_PREDICTION,REJECTED_ZERO_LABELS,UNKNOWN,0.0,0.0,0.0001,0.0001,0.0019,0.0,0.0347,0.0,0.0001
2016087760,0.6462,0.0014,0.6448,1,Line of Fire,MEDIUM,SENT_TO_HUMAN_REVIEW,UNKNOWN,0.0006,0.0002,0.0004,0.0002,0.001,0.6462,0.0003,0.0,0.0014
2016087807,0.9995,0.0447,0.9548,1,Energy Isolation,HIGH,ACCEPT_MODEL_PREDICTED,MODEL_PREDICTED,0.0096,0.0126,0.0058,0.9995,0.0027,0.0004,0.0447,0.006,0.0025
2016087810,0.001,0.0007,0.0003,0,NONE,NO_PREDICTION,REJECTED_ZERO_LABELS,UNKNOWN,0.0001,0.0001,0.0,0.0007,0.0001,0.001,0.0001,0.0,0.0001
2016087864,0.6147,0.0102,0.6045,1,Working at Height,MEDIUM,SENT_TO_HUMAN_REVIEW,UNKNOWN,0.0,0.0001,0.0002,0.007,0.0003,0.0001,0.0102,0.0008,0.6147
2016087908,0.0048,0.0006,0.0042,0,NONE,NO_PREDICTION,REJECTED_ZERO_LABELS,UNKNOWN,0.0,0.0001,0.0,0.0001,0.0048,0.0,0.0006,0.0002,0.0001
2016087922,0.0003,0.0001,0.0002,0,NONE,NO_PREDICTION,REJECTED_ZERO_LABELS,UNKNOWN,0.0,0.0,0.0001,0.0001,0.0001,0.0003,0.0001,0.0,0.0
2016088038,0.998,0.3151,0.6829,2,Driving | Energy Isolation,HIGH,ACCEPT_MODEL_PREDICTED,MODEL_PREDICTED,0.0827,0.128,0.998,0.3151,0.0903,0.0247,0.0395,0.1885,0.0017
2016088045,0.1004,0.0049,0.0955,0,NONE,NO_PREDICTION,REJECTED_ZERO_LABELS,UNKNOWN,0.0,0.0001,0.0001,0.0049,0.0042,0.0001,0.1004,0.0011,0.004
2016088048,0.0264,0.0195,0.0069,0,NONE,NO_PREDICTION,REJECTED_ZERO_LABELS,UNKNOWN,0.001,0.0036,0.0043,0.0023,0.0002,0.0003,0.0264,0.0195,0.0006
2016088068,0.0007,0.0005,0.0002,0,NONE,NO_PREDICTION,REJECTED_ZERO_LABELS,UNKNOWN,0.0,0.0,0.0005,0.0,0.0001,0.0,0.0003,0.0001,0.0007
2016088076,0.3732,0.0002,0.373,1,Safe Mechanical Lifting,LOW,REJECTED_LOW_CONFIDENCE,UNKNOWN,0.0,0.0,0.0,0.0002,0.0001,0.0,0.3732,0.0002,0.0001
2016088085,0.0111,0.0016,0.0095,0,NONE,NO_PREDICTION,REJECTED_ZERO_LABELS,UNKNOWN,0.0,0.0007,0.0001,0.0005,0.0111,0.0,0.0001,0.0016,0.0008
2016088097,0.0316,0.0021,0.0295,0,NONE,NO_PREDICTION,REJECTED_ZERO_LABELS,UNKNOWN,0.0,0.0002,0.0001,0.0021,0.0009,0.0,0.0002,0.0002,0.0316
2016088213,0.9969,0.2849,0.712,1,Driving,HIGH,ACCEPT_MODEL_PREDICTED,MODEL_PREDICTED,0.0039,0.0419,0.9969,0.0736,0.075,0.0005,0.0266,0.2849,0.0136
2016088141,0.0027,0.0005,0.0022,0,NONE,NO_PREDICTION,REJECTED_ZERO_LABELS,UNKNOWN,0.0001,0.0001,0.0001,0.0001,0.0002,0.0027,0.0005,0.0,0.0003
2016088161,0.9994,0.635,0.3644,2,Driving | Working at Height,HIGH,ACCEPT_MODEL_PREDICTED,MODEL_PREDICTED,0.0042,0.008,0.9994,0.0042,0.0095,0.0063,0.0913,0.1467,0.635
2016088251,0.0016,0.0014,0.0002,0,NONE,NO_PREDICTION,REJECTED_ZERO_LABELS,UNKNOWN,0.0,0.0001,0.0,0.0016,0.0003,0.0001,0.0014,0.0002,0.0011
2016098282,0.9932,0.0625,0.9307,1,Safe Mechanical Lifting,HIGH,ACCEPT_MODEL_PREDICTED,MODEL_PREDICTED,0.0004,0.0006,0.012,0.0625,0.0077,0.003,0.9932,0.0099,0.0018
2016098293,0.99,0.6544,0.3356,4,Driving | Line of Fire | Safe Mechanical Lifting | Working at Height,HIGH,ACCEPT_MODEL_PREDICTED,MODEL_PREDICTED,0.0881,0.1012,0.99,0.2172,0.2317,0.6544,0.5619,0.1188,0.3584
2016098322,0.0022,0.0008,0.0014,0,NONE,NO_PREDICTION,REJECTED_ZERO_LABELS,UNKNOWN,0.0001,0.0001,0.0008,0.0005,0.0,0.0001,0.0007,0.0006,0.0022
2016098350,0.0008,0.0007,0.0001,0,NONE,NO_PREDICTION,REJECTED_ZERO_LABELS,UNKNOWN,0.0,0.0,0.0,0.0002,0.0,0.0,0.0007,0.0,0.0008
2016098364,0.0003,0.0002,0.0001,0,NONE,NO_PREDICTION,REJECTED_ZERO_LABELS,UNKNOWN,0.0,0.0,0.0,0.0,0.0001,0.0,0.0003,0.0,0.0002
2016098379,0.0147,0.0009,0.0138,0,NONE,NO_PREDICTION,REJECTED_ZERO_LABELS,UNKNOWN,0.0,0.0003,0.0002,0.0,0.0147,0.0,0.0,0.0001,0.0009
2016098387,0.0737,0.0083,0.0654,0,NONE,NO_PREDICTION,REJECTED_ZERO_LABELS,UNKNOWN,0.0001,0.0023,0.0083,0.0022,0.0005,0.0,0.0,0.0021,0.0737
2016098425,0.0089,0.0012,0.0077,0,NONE,NO_PREDICTION,REJECTED_ZERO_LABELS,UNKNOWN,0.0,0.0,0.0012,0.0,0.0,0.0001,0.0089,0.0001,0.0002
2016098426,0.9901,0.0037,0.9864,1,Energy Isolation,HIGH,ACCEPT_MODEL_PREDICTED,MODEL_PREDICTED,0.0014,0.003,0.0003,0.9901,0.0002,0.0001,0.0004,0.0006,0.0037
2016098458,0.0336,0.0189,0.0147,0,NONE,NO_PREDICTION,REJECTED_ZERO_LABELS,UNKNOWN,0.001,0.0006,0.0004,0.0336,0.0002,0.0189,0.0004,0.0001,0.0
2016098476,0.2043,0.0265,0.1778,1,Safe Mechanical Lifting,LOW,REJECTED_LOW_CONFIDENCE,UNKNOWN,0.0002,0.0001,0.0004,0.0265,0.0022,0.019,0.2043,0.0003,0.0118
2016098502,0.0014,0.0009,0.0005,0,NONE,NO_PREDICTION,REJECTED_ZERO_LABELS,UNKNOWN,0.0,0.0003,0.0014,0.0,0.0009,0.0,0.0002,0.0003,0.0003
2016098519,0.5424,0.0209,0.5215,1,Safe Mechanical Lifting,MEDIUM,SENT_TO_HUMAN_REVIEW,UNKNOWN,0.0,0.0,0.0,0.0117,0.0005,0.0027,0.5424,0.0002,0.0209
2016098553,0.9769,0.0309,0.946,1,Safe Mechanical Lifting,HIGH,ACCEPT_MODEL_PREDICTED,MODEL_PREDICTED,0.0001,0.0,0.0027,0.0309,0.0,0.0001,0.9769,0.0031,0.0079
2016098558,0.0113,0.0007,0.0106,0,NONE,NO_PREDICTION,REJECTED_ZERO_LABELS,UNKNOWN,0.0,0.0,0.0,0.0,0.0005,0.0007,0.0113,0.0,0.0
2016098584,0.7158,0.0024,0.7134,1,Working at Height,HIGH,ACCEPT_MODEL_PREDICTED,MODEL_PREDICTED,0.0,0.0001,0.0012,0.0024,0.0003,0.0001,0.001,0.0002,0.7158
2016098591,0.028,0.0063,0.0217,0,NONE,NO_PREDICTION,REJECTED_ZERO_LABELS,UNKNOWN,0.0,0.0001,0.0001,0.0005,0.028,0.0023,0.0063,0.0001,0.0
2016098623,0.9867,0.0076,0.9791,1,Driving,HIGH,ACCEPT_MODEL_PREDICTED,MODEL_PREDICTED,0.001,0.0002,0.9867,0.0021,0.0003,0.0056,0.0076,0.0004,0.0009
2016098738,0.003,0.0026,0.0004,0,NONE,NO_PREDICTION,REJECTED_ZERO_LABELS,UNKNOWN,0.0002,0.0013,0.0001,0.003,0.002,0.0011,0.0001,0.0002,0.0026
2016098750,0.0034,0.0032,0.0002,0,NONE,NO_PREDICTION,REJECTED_ZERO_LABELS,UNKNOWN,0.0001,0.0034,0.0001,0.0012,0.0032,0.0002,0.0001,0.0012,0.0001
2016098778,0.1423,0.0542,0.0881,0,NONE,NO_PREDICTION,REJECTED_ZERO_LABELS,UNKNOWN,0.0007,0.0022,0.0009,0.0056,0.0303,0.1423,0.0542,0.0004,0.0001
2016098830,0.0296,0.0195,0.0101,0,NONE,NO_PREDICTION,REJECTED_ZERO_LABELS,UNKNOWN,0.0,0.0001,0.0195,0.0001,0.0001,0.0001,0.0296,0.0017,0.0106
2016098841,0.0127,0.01,0.0027,0,NONE,NO_PREDICTION,REJECTED_ZERO_LABELS,UNKNOWN,0.0001,0.0002,0.0003,0.0001,0.0014,0.01,0.0004,0.0001,0.0127
2016098843,0.6528,0.0445,0.6083,1,Working at Height,MEDIUM,SENT_TO_HUMAN_REVIEW,UNKNOWN,0.0,0.0002,0.0013,0.0445,0.0013,0.0001,0.0099,0.0007,0.6528
2016098850,0.769,0.0012,0.7678,1,Working at Height,HIGH,ACCEPT_MODEL_PREDICTED,MODEL_PREDICTED,0.0001,0.0008,0.0006,0.0012,0.0002,0.0001,0.0,0.0005,0.769
2016098862,0.0998,0.0077,0.0921,0,NONE,NO_PREDICTION,REJECTED_ZERO_LABELS,UNKNOWN,0.0,0.0,0.0077,0.0008,0.0,0.0001,0.0046,0.0001,0.0998
2016098881,0.2922,0.0005,0.2917,1,Working at Height,LOW,REJECTED_LOW_CONFIDENCE,UNKNOWN,0.0,0.0001,0.0003,0.0,0.0001,0.0005,0.0001,0.0001,0.2922
2016098911,0.0222,0.0193,0.0029,0,NONE,NO_PREDICTION,REJECTED_ZERO_LABELS,UNKNOWN,0.0,0.0,0.0001,0.0004,0.0012,0.0004,0.0222,0.0003,0.0193
2016098919,0.0038,0.0004,0.0034,0,NONE,NO_PREDICTION,REJECTED_ZERO_LABELS,UNKNOWN,0.0,0.0,0.0,0.0004,0.0,0.0004,0.0038,0.0,0.0
2016098921,0.0571,0.0131,0.044,0,NONE,NO_PREDICTION,REJECTED_ZERO_LABELS,UNKNOWN,0.0005,0.0131,0.0033,0.0571,0.0031,0.0001,0.0003,0.0117,0.0003
2016098922,0.9856,0.7864,0.1992,2,Safe Mechanical Lifting | Driving,HIGH,ACCEPT_MODEL_PREDICTED,MODEL_PREDICTED,0.0002,0.0,0.7864,0.0002,0.0,0.005,0.9856,0.0006,0.0021
2016098930,0.004,0.0016,0.0024,0,NONE,NO_PREDICTION,REJECTED_ZERO_LABELS,UNKNOWN,0.0,0.0,0.0,0.0,0.0016,0.0,0.004,0.0,0.0002
2016098939,0.931,0.0012,0.9298,1,Working at Height,HIGH,ACCEPT_MODEL_PREDICTED,MODEL_PREDICTED,0.0001,0.0001,0.0008,0.0008,0.0003,0.0012,0.0003,0.0002,0.931
2016099106,0.0186,0.0008,0.0178,0,NONE,NO_PREDICTION,REJECTED_ZERO_LABELS,UNKNOWN,0.0,0.0,0.0002,0.0008,0.0,0.0001,0.0186,0.0,0.0007
2016099108,0.012,0.0027,0.0093,0,NONE,NO_PREDICTION,REJECTED_ZERO_LABELS,UNKNOWN,0.0001,0.0012,0.0004,0.0027,0.0004,0.0,0.0023,0.012,0.0
2016099129,0.0027,0.0026,0.0001,0,NONE,NO_PREDICTION,REJECTED_ZERO_LABELS,UNKNOWN,0.0002,0.0007,0.0015,0.0023,0.0003,0.0024,0.0027,0.0009,0.0026
2016099138,0.0001,0.0001,0.0,0,NONE,NO_PREDICTION,REJECTED_ZERO_LABELS,UNKNOWN,0.0,0.0,0.0,0.0001,0.0001,0.0,0.0001,0.0,0.0
2016099139,0.0001,0.0001,0.0,0,NONE,NO_PREDICTION,REJECTED_ZERO_LABELS,UNKNOWN,0.0,0.0,0.0001,0.0,0.0,0.0,0.0,0.0,0.0001
2016099175,0.6051,0.0139,0.5912,1,Working at Height,MEDIUM,SENT_TO_HUMAN_REVIEW,UNKNOWN,0.0,0.0,0.0139,0.0001,0.0002,0.0064,0.0019,0.0,0.6051
2016099186,0.3974,0.0202,0.3772,1,Driving,LOW,REJECTED_LOW_CONFIDENCE,UNKNOWN,0.0001,0.0003,0.3974,0.0003,0.0202,0.0008,0.0003,0.0001,0.0008
2016099194,0.7649,0.6769,0.088,2,Driving | Hot Work,MEDIUM,SENT_TO_HUMAN_REVIEW,UNKNOWN,0.0047,0.1847,0.7649,0.0684,0.6769,0.0019,0.0419,0.1976,0.0044
2016099268,0.9992,0.0161,0.9831,1,Energy Isolation,HIGH,ACCEPT_MODEL_PREDICTED,MODEL_PREDICTED,0.0072,0.0161,0.0006,0.9992,0.0017,0.0001,0.0028,0.0082,0.0001
2016109306,0.0253,0.0013,0.024,0,NONE,NO_PREDICTION,REJECTED_ZERO_LABELS,UNKNOWN,0.0002,0.0001,0.0002,0.0253,0.0,0.0013,0.0001,0.0,0.001
2016109318,0.0091,0.0083,0.0008,0,NONE,NO_PREDICTION,REJECTED_ZERO_LABELS,UNKNOWN,0.0004,0.0091,0.0003,0.0083,0.0018,0.0004,0.0004,0.0021,0.0018
2016109353,0.0003,0.0002,0.0001,0,NONE,NO_PREDICTION,REJECTED_ZERO_LABELS,UNKNOWN,0.0,0.0,0.0001,0.0,0.0003,0.0001,0.0002,0.0,0.0002
2016109396,0.9659,0.0115,0.9544,1,Driving,HIGH,ACCEPT_MODEL_PREDICTED,MODEL_PREDICTED,0.0015,0.0027,0.9659,0.003,0.0004,0.0003,0.0002,0.004,0.0115
2016109402,0.6713,0.0006,0.6707,1,Safe Mechanical Lifting,MEDIUM,SENT_TO_HUMAN_REVIEW,UNKNOWN,0.0,0.0,0.0004,0.0001,0.0001,0.0001,0.6713,0.0005,0.0006
2016109502,0.9975,0.0073,0.9902,1,Energy Isolation,HIGH,ACCEPT_MODEL_PREDICTED,MODEL_PREDICTED,0.0018,0.0033,0.0001,0.9975,0.0006,0.0003,0.0,0.0003,0.0073
2016109517,0.0618,0.0236,0.0382,0,NONE,NO_PREDICTION,REJECTED_ZERO_LABELS,UNKNOWN,0.0005,0.0104,0.0013,0.0618,0.0086,0.0002,0.0081,0.0236,0.0009
2016109564,0.0009,0.0002,0.0007,0,NONE,NO_PREDICTION,REJECTED_ZERO_LABELS,UNKNOWN,0.0,0.0001,0.0009,0.0001,0.0002,0.0002,0.0,0.0,0.0002
20161011139,0.9484,0.0579,0.8905,1,Hot Work,HIGH,ACCEPT_MODEL_PREDICTED,MODEL_PREDICTED,0.0,0.0071,0.0,0.0579,0.9484,0.0001,0.0028,0.0056,0.0
2016109619,0.0485,0.0113,0.0372,0,NONE,NO_PREDICTION,REJECTED_ZERO_LABELS,UNKNOWN,0.0,0.0007,0.0005,0.0007,0.0485,0.0019,0.0113,0.0018,0.0072
2016109629,0.0076,0.0069,0.0007,0,NONE,NO_PREDICTION,REJECTED_ZERO_LABELS,UNKNOWN,0.0,0.0,0.0001,0.0007,0.0002,0.0,0.0076,0.0009,0.0069
2016109646,0.1368,0.0005,0.1363,0,NONE,NO_PREDICTION,REJECTED_ZERO_LABELS,UNKNOWN,0.0001,0.0,0.0001,0.0004,0.0,0.0005,0.1368,0.0004,0.0002
2016109654,0.595,0.0622,0.5328,1,Energy Isolation,MEDIUM,SENT_TO_HUMAN_REVIEW,UNKNOWN,0.0015,0.0009,0.0,0.595,0.0002,0.0622,0.0018,0.0001,0.0026
2016109667,0.0468,0.0224,0.0244,0,NONE,NO_PREDICTION,REJECTED_ZERO_LABELS,UNKNOWN,0.0,0.0006,0.0,0.0224,0.0468,0.0011,0.0023,0.0001,0.0
2016109686,0.9223,0.7217,0.2006,2,Safe Mechanical Lifting | Line of Fire,HIGH,ACCEPT_MODEL_PREDICTED,MODEL_PREDICTED,0.0011,0.0004,0.0194,0.0002,0.0029,0.7217,0.9223,0.0002,0.0043
2016109689,0.0013,0.0004,0.0009,0,NONE,NO_PREDICTION,REJECTED_ZERO_LABELS,UNKNOWN,0.0,0.0,0.0001,0.0004,0.0001,0.0,0.0013,0.0001,0.0001
2016109709,0.1492,0.0024,0.1468,0,NONE,NO_PREDICTION,REJECTED_ZERO_LABELS,UNKNOWN,0.0003,0.0002,0.0006,0.0024,0.0002,0.0018,0.1492,0.0006,0.0004
2016109724,0.0712,0.0014,0.0698,0,NONE,NO_PREDICTION,REJECTED_ZERO_LABELS,UNKNOWN,0.0002,0.0011,0.0001,0.0712,0.0013,0.0,0.0014,0.0011,0.0
2016109737,1.0,0.0631,0.9369,1,Safe Mechanical Lifting,HIGH,ACCEPT_MODEL_PREDICTED,MODEL_PREDICTED,0.0005,0.0002,0.0182,0.0472,0.0155,0.0506,1.0,0.0053,0.0631
2016109752,0.7494,0.0382,0.7112,1,Working at Height,HIGH,ACCEPT_MODEL_PREDICTED,MODEL_PREDICTED,0.0004,0.003,0.0028,0.0058,0.0109,0.0315,0.0382,0.0011,0.7494
2016109783,0.944,0.2441,0.6999,1,Safe Mechanical Lifting,HIGH,ACCEPT_MODEL_PREDICTED,MODEL_PREDICTED,0.0001,0.001,0.0002,0.2243,0.2441,0.0027,0.944,0.0081,0.1325
2016109793,0.116,0.084,0.032,0,NONE,NO_PREDICTION,REJECTED_ZERO_LABELS,UNKNOWN,0.0047,0.0039,0.116,0.0067,0.0005,0.084,0.0001,0.0002,0.0263
2016109795,0.835,0.6787,0.1563,2,Safe Mechanical Lifting | Working at Height,HIGH,ACCEPT_MODEL_PREDICTED,MODEL_PREDICTED,0.0,0.0,0.0007,0.0011,0.0009,0.0019,0.835,0.0004,0.6787
2016109799,0.1564,0.0288,0.1276,0,NONE,NO_PREDICTION,REJECTED_ZERO_LABELS,UNKNOWN,0.0,0.0003,0.0,0.0001,0.0288,0.0,0.0,0.0004,0.1564
2016109803,0.7983,0.004,0.7943,1,Safe Mechanical Lifting,HIGH,ACCEPT_MODEL_PREDICTED,MODEL_PREDICTED,0.0,0.0,0.0001,0.0019,0.0001,0.0007,0.7983,0.0002,0.004
2016109828,0.0039,0.0006,0.0033,0,NONE,NO_PREDICTION,REJECTED_ZERO_LABELS,UNKNOWN,0.0001,0.0,0.0001,0.0003,0.0,0.0039,0.0003,0.0,0.0006
2016109868,0.0003,0.0002,0.0001,0,NONE,NO_PREDICTION,REJECTED_ZERO_LABELS,UNKNOWN,0.0,0.0,0.0002,0.0,0.0,0.0,0.0003,0.0001,0.0002
2016109887,0.0028,0.0004,0.0024,0,NONE,NO_PREDICTION,REJECTED_ZERO_LABELS,UNKNOWN,0.0,0.0001,0.0,0.0004,0.0028,0.0001,0.0,0.0,0.0
2016109891,0.3078,0.0756,0.2322,1,Working at Height,LOW,REJECTED_LOW_CONFIDENCE,UNKNOWN,0.0005,0.0028,0.0016,0.0756,0.0056,0.0101,0.0005,0.0003,0.3078
2016109932,0.0193,0.0007,0.0186,0,NONE,NO_PREDICTION,REJECTED_ZERO_LABELS,UNKNOWN,0.0001,0.0002,0.0002,0.0193,0.0002,0.0001,0.0001,0.0001,0.0007
20161010106,0.0002,0.0001,0.0001,0,NONE,NO_PREDICTION,REJECTED_ZERO_LABELS,UNKNOWN,0.0,0.0,0.0001,0.0,0.0,0.0002,0.0001,0.0,0.0
20161010152,0.9958,0.189,0.8068,1,Hot Work,HIGH,ACCEPT_MODEL_PREDICTED,MODEL_PREDICTED,0.0001,0.189,0.0001,0.0003,0.9958,0.0005,0.0,0.0072,0.0
20161010153,0.9997,0.1032,0.8965,1,Hot Work,HIGH,ACCEPT_MODEL_PREDICTED,MODEL_PREDICTED,0.0,0.1032,0.0001,0.0002,0.9997,0.0001,0.0,0.004,0.0001
20161010154,0.2492,0.1143,0.1349,0,NONE,NO_PREDICTION,REJECTED_ZERO_LABELS,UNKNOWN,0.0009,0.018,0.0001,0.2492,0.1143,0.0067,0.0004,0.0025,0.008
20161010251,0.3906,0.0619,0.3287,1,Energy Isolation,LOW,REJECTED_LOW_CONFIDENCE,UNKNOWN,0.0011,0.0012,0.0005,0.3906,0.0003,0.0015,0.0619,0.0043,0.0005
20161010252,0.0495,0.0015,0.048,0,NONE,NO_PREDICTION,REJECTED_ZERO_LABELS,UNKNOWN,0.0,0.0,0.0002,0.0,0.0,0.0009,0.0495,0.0002,0.0015
20161010261,0.0002,0.0001,0.0001,0,NONE,NO_PREDICTION,REJECTED_ZERO_LABELS,UNKNOWN,0.0,0.0001,0.0001,0.0001,0.0002,0.0,0.0,0.0001,0.0
20161110315,0.6914,0.0317,0.6597,1,Energy Isolation,MEDIUM,SENT_TO_HUMAN_REVIEW,UNKNOWN,0.0256,0.0269,0.0018,0.6914,0.0002,0.017,0.014,0.0317,0.0005
20161110347,0.96,0.9319,0.0281,2,Line of Fire | Driving,MEDIUM,SENT_TO_HUMAN_REVIEW,UNKNOWN,0.0135,0.0019,0.9319,0.0018,0.0027,0.96,0.1231,0.0001,0.0019
20161110355,0.9894,0.0202,0.9692,1,Driving,HIGH,ACCEPT_MODEL_PREDICTED,MODEL_PREDICTED,0.0003,0.0017,0.9894,0.0001,0.0008,0.0001,0.005,0.0202,0.0048
20161110381,0.0207,0.0047,0.016,0,NONE,NO_PREDICTION,REJECTED_ZERO_LABELS,UNKNOWN,0.0002,0.0002,0.0042,0.0001,0.0,0.0047,0.0001,0.0,0.0207
20161110425,0.9974,0.3429,0.6545,1,Working at Height,HIGH,ACCEPT_MODEL_PREDICTED,MODEL_PREDICTED,0.0011,0.0187,0.0035,0.0855,0.1841,0.0013,0.0117,0.3429,0.9974
20161110444,0.9996,0.0112,0.9884,1,Driving,HIGH,ACCEPT_MODEL_PREDICTED,MODEL_PREDICTED,0.0017,0.0017,0.9996,0.0013,0.0002,0.0003,0.0017,0.0112,0.0058
20161110448,0.0373,0.0107,0.0266,0,NONE,NO_PREDICTION,REJECTED_ZERO_LABELS,UNKNOWN,0.0,0.0,0.0,0.0009,0.0005,0.0015,0.0107,0.0,0.0373
20161110515,0.7009,0.0028,0.6981,1,Safe Mechanical Lifting,HIGH,ACCEPT_MODEL_PREDICTED,MODEL_PREDICTED,0.0,0.0,0.0001,0.0028,0.0016,0.0023,0.7009,0.0001,0.0003
20161110550,0.9993,0.0624,0.9369,1,Safe Mechanical Lifting,HIGH,ACCEPT_MODEL_PREDICTED,MODEL_PREDICTED,0.0001,0.0001,0.0624,0.0006,0.0024,0.0017,0.9993,0.0019,0.0007
20161110614,0.9996,0.0462,0.9534,1,Hot Work,HIGH,ACCEPT_MODEL_PREDICTED,MODEL_PREDICTED,0.0001,0.0462,0.0001,0.0013,0.9996,0.0007,0.0007,0.0115,0.0006
20161110623,0.0026,0.0003,0.0023,0,NONE,NO_PREDICTION,REJECTED_ZERO_LABELS,UNKNOWN,0.0,0.0,0.0003,0.0,0.0002,0.0001,0.0026,0.0001,0.0
20161110668,0.0552,0.0062,0.049,0,NONE,NO_PREDICTION,REJECTED_ZERO_LABELS,UNKNOWN,0.0,0.0,0.0001,0.0552,0.0002,0.0,0.0,0.0,0.0062
20161110672,0.9977,0.0479,0.9498,1,Safe Mechanical Lifting,HIGH,ACCEPT_MODEL_PREDICTED,MODEL_PREDICTED,0.0,0.0001,0.0097,0.043,0.0402,0.0012,0.9977,0.0007,0.0479
20161110696,0.0002,0.0001,0.0001,0,NONE,NO_PREDICTION,REJECTED_ZERO_LABELS,UNKNOWN,0.0,0.0,0.0,0.0001,0.0001,0.0002,0.0,0.0,0.0
20161110714,0.9722,0.059,0.9132,1,Driving,HIGH,ACCEPT_MODEL_PREDICTED,MODEL_PREDICTED,0.0061,0.0195,0.9722,0.004,0.059,0.0533,0.0014,0.0042,0.0066
20161110821,0.4622,0.1326,0.3296,1,Hot Work,MEDIUM,SENT_TO_HUMAN_REVIEW,UNKNOWN,0.0005,0.0095,0.0002,0.1326,0.4622,0.0079,0.0012,0.0059,0.0558
20161110878,0.1233,0.1224,0.0009,0,NONE,NO_PREDICTION,REJECTED_ZERO_LABELS,UNKNOWN,0.0,0.0,0.0016,0.0001,0.017,0.0162,0.1224,0.0001,0.1233
20161110901,0.014,0.0058,0.0082,0,NONE,NO_PREDICTION,REJECTED_ZERO_LABELS,UNKNOWN,0.0001,0.0002,0.0009,0.0006,0.0001,0.0058,0.005,0.0002,0.014
20161110924,0.0006,0.0002,0.0004,0,NONE,NO_PREDICTION,REJECTED_ZERO_LABELS,UNKNOWN,0.0,0.0001,0.0,0.0006,0.0,0.0,0.0,0.0001,0.0002
20161110962,0.0294,0.0052,0.0242,0,NONE,NO_PREDICTION,REJECTED_ZERO_LABELS,UNKNOWN,0.0001,0.0,0.0049,0.0014,0.0,0.001,0.0294,0.0002,0.0052
20161110979,0.0013,0.0012,0.0001,0,NONE,NO_PREDICTION,REJECTED_ZERO_LABELS,UNKNOWN,0.0,0.0003,0.0001,0.0012,0.0013,0.0,0.0002,0.0008,0.0
20161110985,0.2074,0.0763,0.1311,1,Safe Mechanical Lifting,LOW,REJECTED_LOW_CONFIDENCE,UNKNOWN,0.0005,0.0003,0.0009,0.0219,0.0001,0.0131,0.2074,0.0007,0.0763
20161111000,0.9461,0.0012,0.9449,1,Safe Mechanical Lifting,HIGH,ACCEPT_MODEL_PREDICTED,MODEL_PREDICTED,0.0,0.0,0.0012,0.0005,0.0006,0.0009,0.9461,0.0001,0.0005
20161111017,0.9999,0.0391,0.9608,1,Hot Work,HIGH,ACCEPT_MODEL_PREDICTED,MODEL_PREDICTED,0.0,0.0391,0.0,0.0062,0.9999,0.0005,0.001,0.0074,0.0002
20161111164,0.7518,0.0322,0.7196,1,Driving,HIGH,ACCEPT_MODEL_PREDICTED,MODEL_PREDICTED,0.0003,0.0003,0.7518,0.0322,0.0007,0.0001,0.0058,0.0005,0.0028
20161111031,0.0059,0.0006,0.0053,0,NONE,NO_PREDICTION,REJECTED_ZERO_LABELS,UNKNOWN,0.0,0.0006,0.0001,0.0002,0.0059,0.0,0.0,0.0001,0.0004
20161111126,0.9959,0.0152,0.9807,1,Hot Work,HIGH,ACCEPT_MODEL_PREDICTED,MODEL_PREDICTED,0.0,0.0152,0.0001,0.0025,0.9959,0.0001,0.0001,0.0015,0.0
20161111184,0.2249,0.1629,0.062,1,Line of Fire,LOW,REJECTED_LOW_CONFIDENCE,UNKNOWN,0.001,0.0007,0.0088,0.0034,0.0021,0.2249,0.1629,0.0006,0.0362
20161211294,0.0022,0.0005,0.0017,0,NONE,NO_PREDICTION,REJECTED_ZERO_LABELS,UNKNOWN,0.0,0.0001,0.0005,0.0,0.0003,0.0,0.0001,0.0,0.0022
20161211319,0.9913,0.0156,0.9757,1,Safe Mechanical Lifting,HIGH,ACCEPT_MODEL_PREDICTED,MODEL_PREDICTED,0.0001,0.0,0.0032,0.0018,0.0037,0.0156,0.9913,0.0003,0.0005
20161211322,0.0785,0.0003,0.0782,0,NONE,NO_PREDICTION,REJECTED_ZERO_LABELS,UNKNOWN,0.0001,0.0,0.0001,0.0,0.0001,0.0785,0.0,0.0,0.0003
20161211382,0.2972,0.002,0.2952,0,NONE,NO_PREDICTION,REJECTED_ZERO_LABELS,UNKNOWN,0.0001,0.0001,0.0001,0.2972,0.0,0.0001,0.0005,0.0001,0.002
20161211432,0.0058,0.0019,0.0039,0,NONE,NO_PREDICTION,REJECTED_ZERO_LABELS,UNKNOWN,0.0,0.0003,0.0,0.0058,0.0003,0.0,0.0001,0.0004,0.0019
20161211458,0.9903,0.5484,0.4419,2,Hot Work | Energy Isolation,HIGH,ACCEPT_MODEL_PREDICTED,MODEL_PREDICTED,0.0055,0.3613,0.0027,0.5484,0.9903,0.0355,0.0018,0.0136,0.0046
20161211482,0.0466,0.0006,0.046,0,NONE,NO_PREDICTION,REJECTED_ZERO_LABELS,UNKNOWN,0.0,0.0,0.0001,0.0,0.0001,0.0466,0.0005,0.0,0.0006
20161211527,0.9864,0.0134,0.973,1,Energy Isolation,HIGH,ACCEPT_MODEL_PREDICTED,MODEL_PREDICTED,0.002,0.0007,0.0001,0.9864,0.0001,0.0134,0.0027,0.0001,0.0003
20161211551,0.0346,0.0037,0.0309,0,NONE,NO_PREDICTION,REJECTED_ZERO_LABELS,UNKNOWN,0.0,0.0,0.0001,0.0037,0.0021,0.0012,0.0346,0.0001,0.0009
20161211558,0.9998,0.0258,0.974,1,Hot Work,HIGH,ACCEPT_MODEL_PREDICTED,MODEL_PREDICTED,0.0,0.0258,0.0,0.0027,0.9998,0.0003,0.0001,0.0035,0.0001
20161211586,0.0012,0.0007,0.0005,0,NONE,NO_PREDICTION,REJECTED_ZERO_LABELS,UNKNOWN,0.0,0.0,0.0,0.0007,0.0007,0.0001,0.0012,0.0,0.0
20161211623,0.0873,0.0063,0.081,0,NONE,NO_PREDICTION,REJECTED_ZERO_LABELS,UNKNOWN,0.0003,0.0006,0.0005,0.0873,0.0002,0.0013,0.0002,0.0001,0.0063
20161211635,0.7282,0.0034,0.7248,1,Energy Isolation,HIGH,ACCEPT_MODEL_PREDICTED,MODEL_PREDICTED,0.0016,0.0034,0.0001,0.7282,0.0003,0.0011,0.0001,0.0008,0.0015
20161211790,0.0339,0.0284,0.0055,0,NONE,NO_PREDICTION,REJECTED_ZERO_LABELS,UNKNOWN,0.0019,0.0177,0.0012,0.0284,0.0045,0.0041,0.025,0.0339,0.0038
20161212073,0.038,0.0086,0.0294,0,NONE,NO_PREDICTION,REJECTED_ZERO_LABELS,UNKNOWN,0.0001,0.0,0.0,0.038,0.0001,0.0086,0.0018,0.0,0.0004
20161211798,0.0041,0.0021,0.002,0,NONE,NO_PREDICTION,REJECTED_ZERO_LABELS,UNKNOWN,0.0,0.0001,0.0,0.0021,0.0002,0.0,0.0041,0.0007,0.0
20161211843,0.8705,0.0067,0.8638,1,Safe Mechanical Lifting,HIGH,ACCEPT_MODEL_PREDICTED,MODEL_PREDICTED,0.0,0.0,0.0,0.0008,0.0067,0.0001,0.8705,0.0,0.0009
20161211930,0.9982,0.1478,0.8504,1,Driving,HIGH,ACCEPT_MODEL_PREDICTED,MODEL_PREDICTED,0.0084,0.0034,0.9982,0.0552,0.0114,0.0178,0.0854,0.0086,0.1478
20161211939,0.9989,0.0165,0.9824,1,Safe Mechanical Lifting,HIGH,ACCEPT_MODEL_PREDICTED,MODEL_PREDICTED,0.0001,0.0,0.0126,0.0016,0.0003,0.0003,0.9989,0.0042,0.0165
20161211967,0.0176,0.0162,0.0014,0,NONE,NO_PREDICTION,REJECTED_ZERO_LABELS,UNKNOWN,0.0003,0.0007,0.0001,0.0176,0.0051,0.0162,0.0026,0.0003,0.0018
20161212025,0.0018,0.0004,0.0014,0,NONE,NO_PREDICTION,REJECTED_ZERO_LABELS,UNKNOWN,0.0,0.0,0.0001,0.0018,0.0,0.0002,0.0004,0.0,0.0
20161211987,0.0127,0.0029,0.0098,0,NONE,NO_PREDICTION,REJECTED_ZERO_LABELS,UNKNOWN,0.0,0.0,0.0005,0.0,0.0008,0.0029,0.0127,0.0,0.0014
20161211990,0.0014,0.0001,0.0013,0,NONE,NO_PREDICTION,REJECTED_ZERO_LABELS,UNKNOWN,0.0,0.0,0.0001,0.0001,0.0001,0.0,0.0,0.0,0.0014
20161212004,0.0215,0.0182,0.0033,0,NONE,NO_PREDICTION,REJECTED_ZERO_LABELS,UNKNOWN,0.0002,0.0005,0.0002,0.0215,0.0002,0.0012,0.0001,0.0002,0.0182
20161212045,0.798,0.3445,0.4535,3,Driving | Working at Height | Safe Mechanical Lifting,HIGH,ACCEPT_MODEL_PREDICTED,MODEL_PREDICTED,0.0012,0.0002,0.798,0.0005,0.0,0.1552,0.2232,0.0005,0.3445
2017010028,0.9892,0.9887,0.0005,2,Driving | Safe Mechanical Lifting,MEDIUM,SENT_TO_HUMAN_REVIEW,UNKNOWN,0.0003,0.0002,0.9892,0.0004,0.0023,0.0012,0.9887,0.0224,0.0084
2017010005,0.0228,0.0001,0.0227,0,NONE,NO_PREDICTION,REJECTED_ZERO_LABELS,UNKNOWN,0.0,0.0,0.0,0.0001,0.0001,0.0001,0.0,0.0,0.0228
2017010082,0.0097,0.0006,0.0091,0,NONE,NO_PREDICTION,REJECTED_ZERO_LABELS,UNKNOWN,0.0001,0.0,0.0001,0.0006,0.0,0.0097,0.0001,0.0,0.0
2017010047,0.914,0.024,0.89,1,Driving,HIGH,ACCEPT_MODEL_PREDICTED,MODEL_PREDICTED,0.0002,0.0003,0.914,0.0,0.0001,0.0002,0.0001,0.0003,0.024
2017010049,0.0635,0.0114,0.0521,0,NONE,NO_PREDICTION,REJECTED_ZERO_LABELS,UNKNOWN,0.0001,0.0001,0.0005,0.0114,0.0022,0.0009,0.0635,0.0004,0.002
2017010067,0.4518,0.0018,0.45,1,Driving,MEDIUM,SENT_TO_HUMAN_REVIEW,UNKNOWN,0.0,0.0003,0.4518,0.0,0.0003,0.0,0.0,0.0002,0.0018
2017010099,0.0172,0.0044,0.0128,0,NONE,NO_PREDICTION,REJECTED_ZERO_LABELS,UNKNOWN,0.0001,0.0001,0.0004,0.0001,0.0007,0.0044,0.0009,0.0002,0.0172
2017010069,0.0137,0.0011,0.0126,0,NONE,NO_PREDICTION,REJECTED_ZERO_LABELS,UNKNOWN,0.0,0.0,0.0001,0.0011,0.0001,0.0,0.0137,0.0003,0.0002
2017010146,0.0228,0.007,0.0158,0,NONE,NO_PREDICTION,REJECTED_ZERO_LABELS,UNKNOWN,0.0003,0.0004,0.006,0.0003,0.0001,0.0228,0.0,0.0,0.007
2017010150,0.9992,0.0037,0.9955,1,Energy Isolation,HIGH,ACCEPT_MODEL_PREDICTED,MODEL_PREDICTED,0.0016,0.0036,0.0001,0.9992,0.0004,0.0002,0.0002,0.0009,0.0037
2017010168,0.9988,0.0993,0.8995,1,Energy Isolation,HIGH,ACCEPT_MODEL_PREDICTED,MODEL_PREDICTED,0.033,0.0993,0.0033,0.9988,0.0039,0.0014,0.0033,0.0133,0.0085
2017010182,0.8748,0.0794,0.7954,1,Driving,HIGH,ACCEPT_MODEL_PREDICTED,MODEL_PREDICTED,0.0096,0.0029,0.8748,0.0794,0.0001,0.0062,0.0039,0.0016,0.0013
2017010193,0.0839,0.035,0.0489,0,NONE,NO_PREDICTION,REJECTED_ZERO_LABELS,UNKNOWN,0.0,0.0001,0.0,0.0839,0.035,0.0001,0.0048,0.0001,0.0002
2017010196,0.0442,0.0218,0.0224,0,NONE,NO_PREDICTION,REJECTED_ZERO_LABELS,UNKNOWN,0.0001,0.0074,0.0001,0.0213,0.0218,0.0,0.0164,0.0442,0.0002
2017010200,0.0029,0.0014,0.0015,0,NONE,NO_PREDICTION,REJECTED_ZERO_LABELS,UNKNOWN,0.0,0.0002,0.0,0.0029,0.0007,0.001,0.0014,0.0001,0.001
2017010232,0.0392,0.0078,0.0314,0,NONE,NO_PREDICTION,REJECTED_ZERO_LABELS,UNKNOWN,0.0,0.0004,0.0006,0.0001,0.0392,0.0078,0.0,0.0,0.0006
2017010239,0.9964,0.0642,0.9322,1,Energy Isolation,HIGH,ACCEPT_MODEL_PREDICTED,MODEL_PREDICTED,0.0048,0.0642,0.0003,0.9964,0.0009,0.0,0.0,0.008,0.0006
2017010247,0.0019,0.001,0.0009,0,NONE,NO_PREDICTION,REJECTED_ZERO_LABELS,UNKNOWN,0.0001,0.001,0.0002,0.0006,0.0019,0.0002,0.0,0.0002,0.0
2017010274,0.0301,0.0157,0.0144,0,NONE,NO_PREDICTION,REJECTED_ZERO_LABELS,UNKNOWN,0.0,0.0,0.0002,0.0301,0.0,0.0004,0.0157,0.0001,0.001
2017010306,0.0233,0.0096,0.0137,0,NONE,NO_PREDICTION,REJECTED_ZERO_LABELS,UNKNOWN,0.0002,0.0002,0.0001,0.0233,0.0,0.0009,0.0,0.0001,0.0096
2017010363,0.0226,0.0204,0.0022,0,NONE,NO_PREDICTION,REJECTED_ZERO_LABELS,UNKNOWN,0.0,0.0003,0.002,0.0226,0.0009,0.0,0.0001,0.0002,0.0204
2017010369,0.0122,0.0051,0.0071,0,NONE,NO_PREDICTION,REJECTED_ZERO_LABELS,UNKNOWN,0.0001,0.0001,0.0002,0.0122,0.0,0.0002,0.0051,0.0001,0.0015
2017010388,0.2572,0.079,0.1782,1,Line of Fire,LOW,REJECTED_LOW_CONFIDENCE,UNKNOWN,0.0002,0.0,0.0121,0.0002,0.0001,0.2572,0.079,0.0,0.0225
2017010402,0.7843,0.0446,0.7397,1,Driving,HIGH,ACCEPT_MODEL_PREDICTED,MODEL_PREDICTED,0.0023,0.0127,0.7843,0.033,0.0069,0.0001,0.002,0.0446,0.004
2017010407,0.0003,0.0003,0.0,0,NONE,NO_PREDICTION,REJECTED_ZERO_LABELS,UNKNOWN,0.0,0.0001,0.0003,0.0,0.0001,0.0,0.0002,0.0003,0.0003
2017010437,0.9988,0.097,0.9018,1,Driving,HIGH,ACCEPT_MODEL_PREDICTED,MODEL_PREDICTED,0.0099,0.0121,0.9988,0.0074,0.0014,0.0005,0.0054,0.097,0.0299
2017010482,0.0304,0.0042,0.0262,0,NONE,NO_PREDICTION,REJECTED_ZERO_LABELS,UNKNOWN,0.0,0.0001,0.0,0.0042,0.0001,0.0001,0.0304,0.0003,0.0001
2017010546,0.9942,0.0031,0.9911,1,Driving,HIGH,ACCEPT_MODEL_PREDICTED,MODEL_PREDICTED,0.0002,0.0001,0.9942,0.0003,0.0001,0.0001,0.0025,0.0009,0.0031
2017010688,0.9891,0.0116,0.9775,1,Hot Work,HIGH,ACCEPT_MODEL_PREDICTED,MODEL_PREDICTED,0.0,0.0116,0.0,0.0025,0.9891,0.0018,0.0007,0.0024,0.0008
2017010697,0.9161,0.0382,0.8779,1,Energy Isolation,HIGH,ACCEPT_MODEL_PREDICTED,MODEL_PREDICTED,0.0074,0.0333,0.0018,0.9161,0.0097,0.0087,0.0031,0.009,0.0382
2017010715,0.0511,0.044,0.0071,0,NONE,NO_PREDICTION,REJECTED_ZERO_LABELS,UNKNOWN,0.0002,0.0016,0.0002,0.0511,0.044,0.0055,0.0016,0.0002,0.0
2017010799,0.9851,0.1263,0.8588,1,Hot Work,HIGH,ACCEPT_MODEL_PREDICTED,MODEL_PREDICTED,0.0003,0.0128,0.0,0.0182,0.9851,0.1263,0.0032,0.0007,0.0002
2017010853,0.1947,0.0105,0.1842,0,NONE,NO_PREDICTION,REJECTED_ZERO_LABELS,UNKNOWN,0.0013,0.001,0.003,0.0029,0.0027,0.1947,0.0105,0.0002,0.001
2017010858,0.9971,0.9814,0.0157,3,Work Authorization | Confined Space | Hot Work,MEDIUM,SENT_TO_HUMAN_REVIEW,UNKNOWN,0.0306,0.9814,0.0533,0.2104,0.9577,0.0035,0.0352,0.9971,0.0064
2017012903,0.1693,0.0015,0.1678,0,NONE,NO_PREDICTION,REJECTED_ZERO_LABELS,UNKNOWN,0.0,0.0001,0.0002,0.0001,0.0015,0.0001,0.0,0.0001,0.1693
2017010885,0.8678,0.0054,0.8624,1,Energy Isolation,HIGH,ACCEPT_MODEL_PREDICTED,MODEL_PREDICTED,0.0043,0.0054,0.0002,0.8678,0.0001,0.0017,0.0004,0.0015,0.0022
2017010891,0.9852,0.0071,0.9781,1,Line of Fire,HIGH,ACCEPT_MODEL_PREDICTED,MODEL_PREDICTED,0.0011,0.0,0.0005,0.0012,0.0001,0.9852,0.0071,0.0,0.0018
2017010895,0.999,0.0499,0.9491,1,Energy Isolation,HIGH,ACCEPT_MODEL_PREDICTED,MODEL_PREDICTED,0.0088,0.0275,0.0005,0.999,0.0057,0.0014,0.0027,0.0068,0.0499
2017010910,0.005,0.0002,0.0048,0,NONE,NO_PREDICTION,REJECTED_ZERO_LABELS,UNKNOWN,0.0001,0.0002,0.0,0.005,0.0001,0.0001,0.0,0.0001,0.0
2017010959,0.4105,0.1443,0.2662,1,Energy Isolation,LOW,REJECTED_LOW_CONFIDENCE,UNKNOWN,0.0005,0.044,0.0001,0.4105,0.1443,0.0003,0.0007,0.018,0.0101
2017010967,0.9983,0.5538,0.4445,2,Safe Mechanical Lifting | Energy Isolation,HIGH,ACCEPT_MODEL_PREDICTED,MODEL_PREDICTED,0.0011,0.0005,0.0879,0.5538,0.0034,0.0018,0.9983,0.0189,0.0138
2017010969,0.7424,0.0009,0.7415,1,Line of Fire,HIGH,ACCEPT_MODEL_PREDICTED,MODEL_PREDICTED,0.0001,0.0,0.0001,0.0001,0.0001,0.7424,0.0009,0.0,0.0008
2017021023,0.9502,0.2105,0.7397,2,Driving | Safe Mechanical Lifting,HIGH,ACCEPT_MODEL_PREDICTED,MODEL_PREDICTED,0.0061,0.0018,0.9502,0.0077,0.0003,0.0471,0.2105,0.0028,0.0002
2017021030,0.9748,0.8041,0.1707,2,Energy Isolation | Driving,HIGH,ACCEPT_MODEL_PREDICTED,MODEL_PREDICTED,0.0511,0.015,0.8041,0.9748,0.0046,0.0281,0.0804,0.0104,0.2043
2017021055,0.0068,0.0017,0.0051,0,NONE,NO_PREDICTION,REJECTED_ZERO_LABELS,UNKNOWN,0.0,0.0002,0.0005,0.0017,0.0004,0.0,0.0003,0.0005,0.0068
2017021091,0.6516,0.0006,0.651,1,Working at Height,MEDIUM,SENT_TO_HUMAN_REVIEW,UNKNOWN,0.0,0.0001,0.0002,0.0001,0.0006,0.0001,0.0002,0.0001,0.6516
2017021101,0.0201,0.0114,0.0087,0,NONE,NO_PREDICTION,REJECTED_ZERO_LABELS,UNKNOWN,0.0,0.0,0.0001,0.0003,0.0003,0.0201,0.0024,0.0,0.0114
2017021104,0.3502,0.0017,0.3485,1,Safe Mechanical Lifting,LOW,REJECTED_LOW_CONFIDENCE,UNKNOWN,0.0,0.0,0.0,0.0013,0.0,0.0001,0.3502,0.0003,0.0017
2017021115,0.7281,0.0044,0.7237,1,Safe Mechanical Lifting,HIGH,ACCEPT_MODEL_PREDICTED,MODEL_PREDICTED,0.0001,0.0001,0.0009,0.0012,0.0004,0.0021,0.7281,0.0013,0.0044
2017021146,0.1781,0.0145,0.1636,0,NONE,NO_PREDICTION,REJECTED_ZERO_LABELS,UNKNOWN,0.0001,0.0,0.0004,0.0001,0.0,0.1781,0.0145,0.0,0.0005
2017021165,0.0671,0.0028,0.0643,0,NONE,NO_PREDICTION,REJECTED_ZERO_LABELS,UNKNOWN,0.0,0.0,0.0004,0.0,0.0,0.0028,0.0671,0.0001,0.0012
2017021170,0.9932,0.857,0.1362,3,Driving | Safe Mechanical Lifting | Working at Height,MEDIUM,SENT_TO_HUMAN_REVIEW,UNKNOWN,0.0093,0.0057,0.9932,0.1342,0.0209,0.0297,0.857,0.0176,0.2971
2017021176,0.274,0.0015,0.2725,1,Driving,LOW,REJECTED_LOW_CONFIDENCE,UNKNOWN,0.0002,0.0002,0.274,0.0015,0.0002,0.0002,0.0001,0.0002,0.0003
2017021198,0.1118,0.0045,0.1073,0,NONE,NO_PREDICTION,REJECTED_ZERO_LABELS,UNKNOWN,0.0,0.0024,0.0003,0.0001,0.1118,0.0,0.0004,0.0045,0.0012
2017021205,0.2296,0.0093,0.2203,0,NONE,NO_PREDICTION,REJECTED_ZERO_LABELS,UNKNOWN,0.003,0.0028,0.0002,0.2296,0.0012,0.0093,0.0013,0.0013,0.0003
2017021289,0.0133,0.0131,0.0002,0,NONE,NO_PREDICTION,REJECTED_ZERO_LABELS,UNKNOWN,0.0,0.0,0.0133,0.0,0.0,0.0,0.0003,0.0001,0.0131
2017021324,0.8598,0.0214,0.8384,1,Safe Mechanical Lifting,HIGH,ACCEPT_MODEL_PREDICTED,MODEL_PREDICTED,0.0001,0.0,0.0009,0.0165,0.0019,0.0214,0.8598,0.0,0.0012
2017021330,0.9965,0.0448,0.9517,1,Energy Isolation,HIGH,ACCEPT_MODEL_PREDICTED,MODEL_PREDICTED,0.0061,0.0448,0.0137,0.9965,0.0214,0.0004,0.0002,0.0103,0.0392
2017021371,0.0043,0.0038,0.0005,0,NONE,NO_PREDICTION,REJECTED_ZERO_LABELS,UNKNOWN,0.0001,0.0001,0.0,0.0043,0.0001,0.0003,0.0038,0.0003,0.0001
2017021380,0.1512,0.0039,0.1473,0,NONE,NO_PREDICTION,REJECTED_ZERO_LABELS,UNKNOWN,0.0,0.0018,0.0003,0.0039,0.1512,0.0,0.0003,0.0009,0.0
2017021402,0.9443,0.0028,0.9415,1,Energy Isolation,HIGH,ACCEPT_MODEL_PREDICTED,MODEL_PREDICTED,0.0003,0.0008,0.0001,0.9443,0.0028,0.0002,0.0,0.0001,0.0014
2017021439,0.26,0.0017,0.2583,0,NONE,NO_PREDICTION,REJECTED_ZERO_LABELS,UNKNOWN,0.0001,0.0,0.0001,0.26,0.0,0.0006,0.0017,0.0,0.0007
2017021546,0.1363,0.0003,0.136,0,NONE,NO_PREDICTION,REJECTED_ZERO_LABELS,UNKNOWN,0.0,0.0003,0.0001,0.0,0.1363,0.0003,0.0003,0.0001,0.0
2017021593,0.0023,0.0002,0.0021,0,NONE,NO_PREDICTION,REJECTED_ZERO_LABELS,UNKNOWN,0.0,0.0,0.0,0.0001,0.0002,0.0,0.0023,0.0,0.0001
2017021596,0.9978,0.0551,0.9427,1,Energy Isolation,HIGH,ACCEPT_MODEL_PREDICTED,MODEL_PREDICTED,0.0008,0.0037,0.0001,0.9978,0.004,0.0002,0.0551,0.0027,0.0001
2017021631,0.9985,0.0121,0.9864,1,Energy Isolation,HIGH,ACCEPT_MODEL_PREDICTED,MODEL_PREDICTED,0.0014,0.0037,0.0001,0.9985,0.006,0.0045,0.0121,0.0002,0.0003
2017021643,0.0007,0.0003,0.0004,0,NONE,NO_PREDICTION,REJECTED_ZERO_LABELS,UNKNOWN,0.0,0.0001,0.0003,0.0,0.0,0.0007,0.0,0.0,0.0001
2017021651,0.0056,0.0018,0.0038,0,NONE,NO_PREDICTION,REJECTED_ZERO_LABELS,UNKNOWN,0.0,0.0,0.001,0.0002,0.0,0.0002,0.0056,0.0003,0.0018
2017021664,0.8308,0.002,0.8288,1,Driving,HIGH,ACCEPT_MODEL_PREDICTED,MODEL_PREDICTED,0.0001,0.0002,0.8308,0.0001,0.0015,0.0,0.0015,0.002,0.0002
2017021685,0.0007,0.0006,0.0001,0,NONE,NO_PREDICTION,REJECTED_ZERO_LABELS,UNKNOWN,0.0,0.0,0.0002,0.0006,0.0001,0.0,0.0007,0.0001,0.0004
2017021877,0.0295,0.0024,0.0271,0,NONE,NO_PREDICTION,REJECTED_ZERO_LABELS,UNKNOWN,0.0002,0.0018,0.0024,0.0003,0.0016,0.0006,0.0002,0.0018,0.0295
2017021790,0.0019,0.0009,0.001,0,NONE,NO_PREDICTION,REJECTED_ZERO_LABELS,UNKNOWN,0.0,0.0003,0.0004,0.0006,0.0009,0.0001,0.0002,0.0004,0.0019
2017021801,0.4712,0.0225,0.4487,1,Safe Mechanical Lifting,MEDIUM,SENT_TO_HUMAN_REVIEW,UNKNOWN,0.0001,0.0002,0.0015,0.0004,0.0225,0.0164,0.4712,0.0007,0.0001
2017021822,0.9989,0.005,0.9939,1,Energy Isolation,HIGH,ACCEPT_MODEL_PREDICTED,MODEL_PREDICTED,0.0046,0.005,0.0003,0.9989,0.0006,0.0005,0.0009,0.0015,0.0005
2017031986,0.0051,0.0039,0.0012,0,NONE,NO_PREDICTION,REJECTED_ZERO_LABELS,UNKNOWN,0.0,0.0,0.0,0.0051,0.0003,0.0007,0.0011,0.0,0.0039
2017032015,0.1595,0.0019,0.1576,0,NONE,NO_PREDICTION,REJECTED_ZERO_LABELS,UNKNOWN,0.0,0.0,0.0,0.0,0.1595,0.0008,0.0019,0.0,0.0012
2017032048,0.9979,0.009,0.9889,1,Hot Work,HIGH,ACCEPT_MODEL_PREDICTED,MODEL_PREDICTED,0.0,0.0045,0.0,0.0029,0.9979,0.0007,0.0014,0.003,0.009
2017032137,0.1155,0.054,0.0615,0,NONE,NO_PREDICTION,REJECTED_ZERO_LABELS,UNKNOWN,0.0004,0.0006,0.0001,0.054,0.0001,0.0012,0.0,0.0001,0.1155
2017032169,0.885,0.1337,0.7513,1,Safe Mechanical Lifting,HIGH,ACCEPT_MODEL_PREDICTED,MODEL_PREDICTED,0.0004,0.0032,0.0053,0.1337,0.0026,0.001,0.885,0.024,0.0715
2017032193,0.1619,0.0232,0.1387,0,NONE,NO_PREDICTION,REJECTED_ZERO_LABELS,UNKNOWN,0.0001,0.0001,0.0002,0.0232,0.0004,0.0002,0.1619,0.0019,0.0038
2017032207,0.9996,0.0346,0.965,1,Safe Mechanical Lifting,HIGH,ACCEPT_MODEL_PREDICTED,MODEL_PREDICTED,0.0003,0.0006,0.0346,0.0106,0.0079,0.0051,0.9996,0.0201,0.0038
2017032252,0.3104,0.0913,0.2191,1,Working at Height,LOW,REJECTED_LOW_CONFIDENCE,UNKNOWN,0.0001,0.0001,0.0002,0.0913,0.0002,0.0011,0.0032,0.0002,0.3104
2017032272,0.0056,0.0002,0.0054,0,NONE,NO_PREDICTION,REJECTED_ZERO_LABELS,UNKNOWN,0.0,0.0,0.0001,0.0002,0.0,0.0,0.0,0.0,0.0056
2017032276,0.8298,0.8072,0.0226,2,Safe Mechanical Lifting | Driving,MEDIUM,SENT_TO_HUMAN_REVIEW,UNKNOWN,0.0002,0.0001,0.8072,0.0006,0.0006,0.0004,0.8298,0.0033,0.055
2017032283,0.4802,0.0032,0.477,1,Energy Isolation,MEDIUM,SENT_TO_HUMAN_REVIEW,UNKNOWN,0.0011,0.0032,0.0025,0.4802,0.0001,0.0002,0.0001,0.0005,0.0005
2017032339,0.9998,0.0522,0.9476,1,Energy Isolation,HIGH,ACCEPT_MODEL_PREDICTED,MODEL_PREDICTED,0.0522,0.0469,0.0026,0.9998,0.003,0.0068,0.0459,0.0072,0.0058
2017032346,0.0934,0.0364,0.057,0,NONE,NO_PREDICTION,REJECTED_ZERO_LABELS,UNKNOWN,0.0002,0.001,0.0001,0.0364,0.0934,0.0084,0.0001,0.0001,0.0046
2017032354,0.9971,0.012,0.9851,1,Safe Mechanical Lifting,HIGH,ACCEPT_MODEL_PREDICTED,MODEL_PREDICTED,0.0,0.0,0.0012,0.012,0.0054,0.0117,0.9971,0.0006,0.0096
2017032392,0.0063,0.0052,0.0011,0,NONE,NO_PREDICTION,REJECTED_ZERO_LABELS,UNKNOWN,0.0001,0.0004,0.0,0.0052,0.0063,0.0008,0.0001,0.0001,0.0003
2017032429,0.4963,0.1611,0.3352,1,Safe Mechanical Lifting,MEDIUM,SENT_TO_HUMAN_REVIEW,UNKNOWN,0.0018,0.0017,0.0007,0.1611,0.0022,0.0695,0.4963,0.0009,0.0198
2017032520,0.0158,0.0148,0.001,0,NONE,NO_PREDICTION,REJECTED_ZERO_LABELS,UNKNOWN,0.0002,0.0005,0.0001,0.0148,0.0003,0.0003,0.0158,0.0016,0.0009
2017032538,0.9972,0.021,0.9762,1,Safe Mechanical Lifting,HIGH,ACCEPT_MODEL_PREDICTED,MODEL_PREDICTED,0.0001,0.0,0.0018,0.021,0.0003,0.0024,0.9972,0.001,0.0029
2017032565,0.9723,0.262,0.7103,2,Safe Mechanical Lifting | Working at Height,HIGH,ACCEPT_MODEL_PREDICTED,MODEL_PREDICTED,0.0003,0.0002,0.0834,0.0319,0.0001,0.0039,0.9723,0.0023,0.262
2017032566,0.0008,0.0004,0.0004,0,NONE,NO_PREDICTION,REJECTED_ZERO_LABELS,UNKNOWN,0.0,0.0,0.0001,0.0,0.0008,0.0004,0.0003,0.0001,0.0001
2017032578,0.0056,0.0048,0.0008,0,NONE,NO_PREDICTION,REJECTED_ZERO_LABELS,UNKNOWN,0.0,0.0001,0.0,0.0056,0.0048,0.0,0.0,0.0,0.0008
2017032626,0.0106,0.0049,0.0057,0,NONE,NO_PREDICTION,REJECTED_ZERO_LABELS,UNKNOWN,0.0,0.0,0.0016,0.0003,0.0002,0.0049,0.0,0.0,0.0106
2017032635,0.0041,0.002,0.0021,0,NONE,NO_PREDICTION,REJECTED_ZERO_LABELS,UNKNOWN,0.0001,0.0001,0.0003,0.0017,0.0,0.002,0.002,0.0001,0.0041
2017032688,0.0459,0.0288,0.0171,0,NONE,NO_PREDICTION,REJECTED_ZERO_LABELS,UNKNOWN,0.0002,0.0001,0.0006,0.0003,0.0001,0.0288,0.0459,0.0001,0.0
2017032690,0.0008,0.0001,0.0007,0,NONE,NO_PREDICTION,REJECTED_ZERO_LABELS,UNKNOWN,0.0,0.0,0.0001,0.0,0.0,0.0008,0.0001,0.0,0.0001
2017032693,0.7505,0.001,0.7495,1,Energy Isolation,HIGH,ACCEPT_MODEL_PREDICTED,MODEL_PREDICTED,0.0001,0.0001,0.0,0.7505,0.0,0.0004,0.0002,0.0,0.001
2017032735,0.6126,0.1563,0.4563,1,Energy Isolation,MEDIUM,SENT_TO_HUMAN_REVIEW,UNKNOWN,0.0037,0.0011,0.0071,0.6126,0.0017,0.1563,0.012,0.0002,0.0082
2017032737,0.0027,0.0007,0.002,0,NONE,NO_PREDICTION,REJECTED_ZERO_LABELS,UNKNOWN,0.0,0.0,0.0001,0.0007,0.0002,0.0,0.0002,0.0001,0.0027
2017032756,0.0107,0.003,0.0077,0,NONE,NO_PREDICTION,REJECTED_ZERO_LABELS,UNKNOWN,0.0001,0.0005,0.0,0.0107,0.0016,0.0028,0.003,0.0002,0.0017
2017032791,0.0007,0.0001,0.0006,0,NONE,NO_PREDICTION,REJECTED_ZERO_LABELS,UNKNOWN,0.0,0.0,0.0001,0.0007,0.0,0.0,0.0,0.0,0.0001
2017032812,0.0056,0.0004,0.0052,0,NONE,NO_PREDICTION,REJECTED_ZERO_LABELS,UNKNOWN,0.0,0.0,0.0001,0.0,0.0,0.0001,0.0056,0.0,0.0004
2017032878,0.0045,0.0028,0.0017,0,NONE,NO_PREDICTION,REJECTED_ZERO_LABELS,UNKNOWN,0.0,0.0001,0.0001,0.0003,0.0005,0.0028,0.0,0.0,0.0045
2017032891,0.1509,0.029,0.1219,0,NONE,NO_PREDICTION,REJECTED_ZERO_LABELS,UNKNOWN,0.0002,0.0003,0.1509,0.0002,0.0001,0.0003,0.029,0.0024,0.0057
2017032944,0.952,0.0193,0.9327,1,Energy Isolation,HIGH,ACCEPT_MODEL_PREDICTED,MODEL_PREDICTED,0.0006,0.0193,0.0001,0.952,0.0015,0.0,0.0002,0.0027,0.0001
2017042982,0.002,0.0013,0.0007,0,NONE,NO_PREDICTION,REJECTED_ZERO_LABELS,UNKNOWN,0.0,0.0001,0.0,0.002,0.0013,0.0,0.0002,0.0002,0.0001
2017042984,0.6621,0.0132,0.6489,1,Hot Work,MEDIUM,SENT_TO_HUMAN_REVIEW,UNKNOWN,0.0001,0.0061,0.0088,0.0004,0.6621,0.0068,0.0132,0.003,0.0007
2017043034,0.0009,0.0002,0.0007,0,NONE,NO_PREDICTION,REJECTED_ZERO_LABELS,UNKNOWN,0.0,0.0001,0.0001,0.0002,0.0001,0.0001,0.0,0.0,0.0009
2017043057,0.8228,0.2985,0.5243,3,Working at Height | Driving | Safe Mechanical Lifting,HIGH,ACCEPT_MODEL_PREDICTED,MODEL_PREDICTED,0.0031,0.0036,0.2985,0.0545,0.0017,0.1156,0.2154,0.0043,0.8228
2017043078,0.0407,0.0017,0.039,0,NONE,NO_PREDICTION,REJECTED_ZERO_LABELS,UNKNOWN,0.0001,0.0004,0.0017,0.0002,0.0009,0.0006,0.0015,0.0005,0.0407
2017043083,0.2671,0.0239,0.2432,1,Line of Fire,LOW,REJECTED_LOW_CONFIDENCE,UNKNOWN,0.0015,0.0003,0.0004,0.0052,0.0004,0.2671,0.0239,0.0001,0.0009
2017043118,0.9982,0.0291,0.9691,1,Driving,HIGH,ACCEPT_MODEL_PREDICTED,MODEL_PREDICTED,0.0051,0.0036,0.9982,0.0008,0.0007,0.0063,0.0037,0.0067,0.0291
2017043162,0.7059,0.0176,0.6883,1,Working at Height,HIGH,ACCEPT_MODEL_PREDICTED,MODEL_PREDICTED,0.0001,0.0005,0.0107,0.0107,0.0176,0.0027,0.0039,0.0005,0.7059
2017043177,0.9944,0.0254,0.969,1,Hot Work,HIGH,ACCEPT_MODEL_PREDICTED,MODEL_PREDICTED,0.0001,0.0188,0.0001,0.0184,0.9944,0.0014,0.0079,0.0254,0.0
2017043217,0.969,0.0749,0.8941,1,Line of Fire,HIGH,ACCEPT_MODEL_PREDICTED,MODEL_PREDICTED,0.0048,0.0008,0.0027,0.0195,0.0071,0.969,0.0749,0.0001,0.0131
2017043241,0.998,0.0136,0.9844,1,Driving,HIGH,ACCEPT_MODEL_PREDICTED,MODEL_PREDICTED,0.008,0.0032,0.998,0.0023,0.0004,0.0069,0.0136,0.0129,0.0084
20170412415,0.9931,0.0022,0.9909,1,Safe Mechanical Lifting,HIGH,ACCEPT_MODEL_PREDICTED,MODEL_PREDICTED,0.0,0.0,0.0014,0.0002,0.0002,0.0022,0.9931,0.0001,0.0001
2017043295,0.9929,0.003,0.9899,1,Working at Height,HIGH,ACCEPT_MODEL_PREDICTED,MODEL_PREDICTED,0.0,0.0001,0.003,0.0004,0.0007,0.0002,0.0014,0.0009,0.9929
2017043382,0.9274,0.0007,0.9267,1,Energy Isolation,HIGH,ACCEPT_MODEL_PREDICTED,MODEL_PREDICTED,0.0005,0.0007,0.0001,0.9274,0.0002,0.0003,0.0,0.0001,0.0004
2017043386,0.6124,0.0223,0.5901,1,Safe Mechanical Lifting,MEDIUM,SENT_TO_HUMAN_REVIEW,UNKNOWN,0.0001,0.0001,0.0157,0.0009,0.0002,0.0132,0.6124,0.0008,0.0223
2017043470,0.0384,0.0283,0.0101,0,NONE,NO_PREDICTION,REJECTED_ZERO_LABELS,UNKNOWN,0.0,0.0002,0.0,0.0384,0.0283,0.0,0.0021,0.0013,0.0013
2017043523,0.0085,0.0004,0.0081,0,NONE,NO_PREDICTION,REJECTED_ZERO_LABELS,UNKNOWN,0.0001,0.0002,0.0001,0.0085,0.0,0.0,0.0,0.0001,0.0004
2017043506,0.2503,0.0388,0.2115,1,Line of Fire,LOW,REJECTED_LOW_CONFIDENCE,UNKNOWN,0.0011,0.0015,0.0005,0.0388,0.0048,0.2503,0.0015,0.0001,0.001
2017043554,0.0023,0.0017,0.0006,0,NONE,NO_PREDICTION,REJECTED_ZERO_LABELS,UNKNOWN,0.0,0.0,0.0001,0.0017,0.0,0.0011,0.0004,0.0,0.0023
2017043585,0.4084,0.0012,0.4072,1,Safe Mechanical Lifting,LOW,REJECTED_LOW_CONFIDENCE,UNKNOWN,0.0001,0.0001,0.0005,0.0007,0.0001,0.0004,0.4084,0.0012,0.0001
2017043592,0.0116,0.0061,0.0055,0,NONE,NO_PREDICTION,REJECTED_ZERO_LABELS,UNKNOWN,0.0002,0.0004,0.0005,0.0116,0.0061,0.0017,0.0008,0.0002,0.0002
2017043598,0.1662,0.0023,0.1639,0,NONE,NO_PREDICTION,REJECTED_ZERO_LABELS,UNKNOWN,0.0002,0.0023,0.0001,0.1662,0.0004,0.0002,0.0001,0.0003,0.0003
2017043641,0.8587,0.1189,0.7398,1,Working at Height,HIGH,ACCEPT_MODEL_PREDICTED,MODEL_PREDICTED,0.0002,0.0012,0.0006,0.0254,0.0093,0.0006,0.1189,0.0115,0.8587
2017043645,0.0061,0.0033,0.0028,0,NONE,NO_PREDICTION,REJECTED_ZERO_LABELS,UNKNOWN,0.0,0.0,0.0008,0.0001,0.0,0.0033,0.0061,0.0,0.0011
2017043610,0.5923,0.1061,0.4862,1,Working at Height,MEDIUM,SENT_TO_HUMAN_REVIEW,UNKNOWN,0.0003,0.0028,0.1061,0.0241,0.0069,0.0001,0.0016,0.0577,0.5923
2017043676,0.0108,0.0045,0.0063,0,NONE,NO_PREDICTION,REJECTED_ZERO_LABELS,UNKNOWN,0.0002,0.0001,0.0001,0.0045,0.0,0.0108,0.0002,0.0,0.0042
2017043721,0.0004,0.0001,0.0003,0,NONE,NO_PREDICTION,REJECTED_ZERO_LABELS,UNKNOWN,0.0,0.0001,0.0001,0.0,0.0004,0.0,0.0,0.0001,0.0001
2017043726,0.8704,0.7689,0.1015,3,Hot Work | Driving | Work Authorization,MEDIUM,SENT_TO_HUMAN_REVIEW,UNKNOWN,0.0011,0.1012,0.7689,0.0008,0.8704,0.0002,0.0078,0.7177,0.0161
2017043747,0.9918,0.9313,0.0605,2,Driving | Working at Height,MEDIUM,SENT_TO_HUMAN_REVIEW,UNKNOWN,0.0019,0.0014,0.9918,0.0045,0.0009,0.0037,0.0033,0.0051,0.9313
2017043751,0.9925,0.0409,0.9516,1,Line of Fire,HIGH,ACCEPT_MODEL_PREDICTED,MODEL_PREDICTED,0.0014,0.0001,0.0012,0.0033,0.0002,0.9925,0.0409,0.0,0.0052
2017043912,0.5194,0.0026,0.5168,1,Energy Isolation,MEDIUM,SENT_TO_HUMAN_REVIEW,UNKNOWN,0.0,0.0001,0.0,0.5194,0.0019,0.0,0.0002,0.0001,0.0026
2017053958,0.9917,0.0209,0.9708,1,Line of Fire,HIGH,ACCEPT_MODEL_PREDICTED,MODEL_PREDICTED,0.0176,0.0043,0.0164,0.0079,0.0066,0.9917,0.0141,0.0002,0.0209
2017053987,0.0008,0.0003,0.0005,0,NONE,NO_PREDICTION,REJECTED_ZERO_LABELS,UNKNOWN,0.0,0.0002,0.0,0.0003,0.0002,0.0003,0.0,0.0,0.0008
2017054017,0.0039,0.0012,0.0027,0,NONE,NO_PREDICTION,REJECTED_ZERO_LABELS,UNKNOWN,0.0,0.0001,0.0012,0.0001,0.0,0.0001,0.0,0.0,0.0039
2017054019,0.0155,0.0007,0.0148,0,NONE,NO_PREDICTION,REJECTED_ZERO_LABELS,UNKNOWN,0.0001,0.0001,0.0005,0.0007,0.0,0.0006,0.0155,0.0002,0.0
2017054029,0.9984,0.233,0.7654,1,Driving,HIGH,ACCEPT_MODEL_PREDICTED,MODEL_PREDICTED,0.0265,0.0305,0.9984,0.0102,0.0912,0.0949,0.1047,0.1115,0.233
2017054033,0.0673,0.0244,0.0429,0,NONE,NO_PREDICTION,REJECTED_ZERO_LABELS,UNKNOWN,0.0003,0.0244,0.0004,0.0034,0.0673,0.0009,0.0,0.0065,0.0011
2017054090,0.9937,0.0154,0.9783,1,Safe Mechanical Lifting,HIGH,ACCEPT_MODEL_PREDICTED,MODEL_PREDICTED,0.0004,0.0004,0.0103,0.0154,0.0061,0.0037,0.9937,0.0099,0.0003
2017054092,0.0151,0.0033,0.0118,0,NONE,NO_PREDICTION,REJECTED_ZERO_LABELS,UNKNOWN,0.0008,0.0028,0.0009,0.0151,0.0006,0.0003,0.0003,0.0033,0.0001
2017054127,0.9882,0.0781,0.9101,1,Safe Mechanical Lifting,HIGH,ACCEPT_MODEL_PREDICTED,MODEL_PREDICTED,0.0001,0.0,0.005,0.0004,0.0,0.0781,0.9882,0.0001,0.0087
2017054129,0.0062,0.0049,0.0013,0,NONE,NO_PREDICTION,REJECTED_ZERO_LABELS,UNKNOWN,0.0001,0.0001,0.0001,0.0049,0.0001,0.0062,0.004,0.0,0.0
2017054157,0.2557,0.0117,0.244,1,Working at Height,LOW,REJECTED_LOW_CONFIDENCE,UNKNOWN,0.0,0.0,0.0117,0.0001,0.0002,0.0079,0.003,0.0,0.2557
2017054164,0.9521,0.0806,0.8715,1,Hot Work,HIGH,ACCEPT_MODEL_PREDICTED,MODEL_PREDICTED,0.0002,0.0379,0.0001,0.0806,0.9521,0.0006,0.0032,0.0027,0.0
2017054165,0.9938,0.9479,0.0459,2,Working at Height | Work Authorization,MEDIUM,SENT_TO_HUMAN_REVIEW,UNKNOWN,0.0074,0.1775,0.0984,0.0459,0.3794,0.0054,0.1815,0.9479,0.9938
2017054195,0.0061,0.001,0.0051,0,NONE,NO_PREDICTION,REJECTED_ZERO_LABELS,UNKNOWN,0.0001,0.0002,0.001,0.0061,0.0,0.0006,0.0,0.0001,0.0003
2017054222,0.2899,0.0673,0.2226,1,Safe Mechanical Lifting,LOW,REJECTED_LOW_CONFIDENCE,UNKNOWN,0.0001,0.0013,0.0005,0.0013,0.0673,0.0024,0.2899,0.0015,0.0109
2017054249,0.3003,0.1072,0.1931,1,Energy Isolation,LOW,REJECTED_LOW_CONFIDENCE,UNKNOWN,0.0002,0.0007,0.001,0.3003,0.0011,0.0013,0.0068,0.0007,0.1072
2017054257,0.0155,0.0019,0.0136,0,NONE,NO_PREDICTION,REJECTED_ZERO_LABELS,UNKNOWN,0.0002,0.0002,0.0001,0.0155,0.0004,0.0019,0.0006,0.0001,0.0
2017054269,0.9302,0.4865,0.4437,3,Energy Isolation | Hot Work | Safe Mechanical Lifting,HIGH,ACCEPT_MODEL_PREDICTED,MODEL_PREDICTED,0.0072,0.3977,0.0117,0.9302,0.4865,0.0061,0.2543,0.4544,0.0042
2017054292,0.0255,0.0112,0.0143,0,NONE,NO_PREDICTION,REJECTED_ZERO_LABELS,UNKNOWN,0.0002,0.0014,0.0014,0.0255,0.0003,0.0,0.0055,0.0112,0.0017
2017054302,0.5566,0.0159,0.5407,1,Working at Height,MEDIUM,SENT_TO_HUMAN_REVIEW,UNKNOWN,0.0003,0.0052,0.0034,0.0014,0.0159,0.0011,0.0001,0.0014,0.5566
2017054312,0.0163,0.0024,0.0139,0,NONE,NO_PREDICTION,REJECTED_ZERO_LABELS,UNKNOWN,0.0,0.0,0.0005,0.0004,0.0,0.0,0.0163,0.0005,0.0024
2017054353,0.9992,0.0209,0.9783,1,Hot Work,HIGH,ACCEPT_MODEL_PREDICTED,MODEL_PREDICTED,0.0001,0.0209,0.0001,0.0023,0.9992,0.0136,0.0005,0.0009,0.0001
2017054379,0.9991,0.035,0.9641,1,Driving,HIGH,ACCEPT_MODEL_PREDICTED,MODEL_PREDICTED,0.0052,0.0012,0.9991,0.0014,0.0001,0.0229,0.0006,0.0009,0.035
2017054384,0.9992,0.0037,0.9955,1,Energy Isolation,HIGH,ACCEPT_MODEL_PREDICTED,MODEL_PREDICTED,0.0013,0.0037,0.0001,0.9992,0.0011,0.0001,0.0002,0.0007,0.0003
2017054402,0.0605,0.0096,0.0509,0,NONE,NO_PREDICTION,REJECTED_ZERO_LABELS,UNKNOWN,0.0003,0.0002,0.0012,0.0053,0.0004,0.0096,0.0605,0.0002,0.0023
2017054419,0.0611,0.0069,0.0542,0,NONE,NO_PREDICTION,REJECTED_ZERO_LABELS,UNKNOWN,0.0003,0.0009,0.0004,0.0611,0.0069,0.0019,0.0045,0.0003,0.0009
2017054457,0.7953,0.653,0.1423,3,Working at Height | Safe Mechanical Lifting | Line of Fire,MEDIUM,SENT_TO_HUMAN_REVIEW,UNKNOWN,0.0014,0.0003,0.0889,0.0445,0.0006,0.3528,0.653,0.0007,0.7953
2017054463,0.0356,0.0197,0.0159,0,NONE,NO_PREDICTION,REJECTED_ZERO_LABELS,UNKNOWN,0.0007,0.0004,0.0003,0.0197,0.0002,0.0356,0.0084,0.0001,0.0
2017054467,0.3199,0.0186,0.3013,0,NONE,NO_PREDICTION,REJECTED_ZERO_LABELS,UNKNOWN,0.0001,0.0186,0.0001,0.0147,0.3199,0.0002,0.0009,0.0078,0.0001
2017054477,0.034,0.0133,0.0207,0,NONE,NO_PREDICTION,REJECTED_ZERO_LABELS,UNKNOWN,0.0,0.0002,0.0002,0.0038,0.0133,0.0017,0.034,0.0002,0.0035
2017054482,0.0067,0.0013,0.0054,0,NONE,NO_PREDICTION,REJECTED_ZERO_LABELS,UNKNOWN,0.0,0.0,0.0013,0.0,0.0,0.0006,0.0067,0.0,0.0
2017054570,0.07,0.0029,0.0671,0,NONE,NO_PREDICTION,REJECTED_ZERO_LABELS,UNKNOWN,0.0,0.0,0.0001,0.0029,0.0009,0.0001,0.07,0.0001,0.0
2017054585,0.9981,0.0714,0.9267,1,Energy Isolation,HIGH,ACCEPT_MODEL_PREDICTED,MODEL_PREDICTED,0.0138,0.0118,0.0062,0.9981,0.0012,0.0032,0.0046,0.0047,0.0714
2017054612,0.9955,0.3816,0.6139,2,Working at Height | Energy Isolation,HIGH,ACCEPT_MODEL_PREDICTED,MODEL_PREDICTED,0.0006,0.0059,0.0063,0.3816,0.0044,0.0008,0.0008,0.0046,0.9955
2017054633,0.0013,0.0002,0.0011,0,NONE,NO_PREDICTION,REJECTED_ZERO_LABELS,UNKNOWN,0.0,0.0,0.0,0.0,0.0013,0.0,0.0002,0.0,0.0
2017054872,0.9995,0.1546,0.8449,1,Hot Work,HIGH,ACCEPT_MODEL_PREDICTED,MODEL_PREDICTED,0.0001,0.1546,0.0,0.1238,0.9995,0.0,0.0003,0.0869,0.0004
2017054665,0.001,0.0009,0.0001,0,NONE,NO_PREDICTION,REJECTED_ZERO_LABELS,UNKNOWN,0.0001,0.0002,0.001,0.0009,0.0,0.0,0.0,0.0002,0.0003
2017054685,0.3622,0.0135,0.3487,1,Safe Mechanical Lifting,LOW,REJECTED_LOW_CONFIDENCE,UNKNOWN,0.0003,0.0001,0.0135,0.0106,0.0,0.0001,0.3622,0.0014,0.0003
2017054701,0.1877,0.058,0.1297,0,NONE,NO_PREDICTION,REJECTED_ZERO_LABELS,UNKNOWN,0.0006,0.058,0.0,0.0518,0.1877,0.0005,0.0017,0.0563,0.0003
2017054744,0.0007,0.0001,0.0006,0,NONE,NO_PREDICTION,REJECTED_ZERO_LABELS,UNKNOWN,0.0,0.0,0.0,0.0,0.0,0.0,0.0007,0.0,0.0001
2017054749,0.0045,0.0007,0.0038,0,NONE,NO_PREDICTION,REJECTED_ZERO_LABELS,UNKNOWN,0.0,0.0,0.0002,0.0007,0.0,0.0,0.0045,0.0006,0.0001
2017054785,0.9985,0.0898,0.9087,1,Hot Work,HIGH,ACCEPT_MODEL_PREDICTED,MODEL_PREDICTED,0.0001,0.0898,0.0,0.0036,0.9985,0.0006,0.0,0.0013,0.0
2017054891,0.9994,0.058,0.9414,1,Hot Work,HIGH,ACCEPT_MODEL_PREDICTED,MODEL_PREDICTED,0.0001,0.058,0.0009,0.0048,0.9994,0.0026,0.0011,0.006,0.0006
2017054820,0.2615,0.2341,0.0274,0,NONE,NO_PREDICTION,REJECTED_ZERO_LABELS,UNKNOWN,0.0073,0.0724,0.0634,0.2615,0.002,0.0006,0.0153,0.2341,0.0641
2017054909,0.0014,0.0004,0.001,0,NONE,NO_PREDICTION,REJECTED_ZERO_LABELS,UNKNOWN,0.0001,0.0001,0.0,0.0014,0.0,0.0004,0.0001,0.0,0.0001
2017054923,0.9005,0.4422,0.4583,2,Energy Isolation | Safe Mechanical Lifting,HIGH,ACCEPT_MODEL_PREDICTED,MODEL_PREDICTED,0.0464,0.3717,0.0304,0.9005,0.0767,0.0634,0.4422,0.2183,0.0601
2017054924,0.0128,0.0077,0.0051,0,NONE,NO_PREDICTION,REJECTED_ZERO_LABELS,UNKNOWN,0.0001,0.0003,0.0001,0.0016,0.0128,0.0008,0.0077,0.0003,0.0
2017054935,0.9347,0.0072,0.9275,1,Working at Height,HIGH,ACCEPT_MODEL_PREDICTED,MODEL_PREDICTED,0.0001,0.0005,0.0072,0.0008,0.0014,0.0001,0.0004,0.0011,0.9347
2017064950,0.0001,0.0001,0.0,0,NONE,NO_PREDICTION,REJECTED_ZERO_LABELS,UNKNOWN,0.0,0.0,0.0001,0.0,0.0001,0.0,0.0,0.0,0.0
2017064962,0.1459,0.0155,0.1304,0,NONE,NO_PREDICTION,REJECTED_ZERO_LABELS,UNKNOWN,0.0,0.0009,0.0,0.1459,0.0155,0.0,0.0021,0.0011,0.0015
2017065008,0.0024,0.0004,0.002,0,NONE,NO_PREDICTION,REJECTED_ZERO_LABELS,UNKNOWN,0.0,0.0002,0.0,0.0004,0.0024,0.0001,0.0002,0.0002,0.0
2017065044,0.0039,0.0012,0.0027,0,NONE,NO_PREDICTION,REJECTED_ZERO_LABELS,UNKNOWN,0.0,0.0,0.0,0.0039,0.0009,0.0012,0.0009,0.0,0.0001
2017065063,0.0135,0.0006,0.0129,0,NONE,NO_PREDICTION,REJECTED_ZERO_LABELS,UNKNOWN,0.0,0.0005,0.0001,0.0002,0.0135,0.0,0.0001,0.0006,0.0001
2017065066,0.0027,0.002,0.0007,0,NONE,NO_PREDICTION,REJECTED_ZERO_LABELS,UNKNOWN,0.0001,0.0004,0.002,0.0001,0.0001,0.0001,0.0007,0.0027,0.0009
2017065099,0.9995,0.0344,0.9651,1,Energy Isolation,HIGH,ACCEPT_MODEL_PREDICTED,MODEL_PREDICTED,0.0165,0.0344,0.0002,0.9995,0.0021,0.0021,0.0031,0.0047,0.0002
2017065103,0.0295,0.0039,0.0256,0,NONE,NO_PREDICTION,REJECTED_ZERO_LABELS,UNKNOWN,0.0,0.0001,0.0001,0.0017,0.0039,0.0001,0.0295,0.0006,0.0005
2017065121,0.0003,0.0003,0.0,0,NONE,NO_PREDICTION,REJECTED_ZERO_LABELS,UNKNOWN,0.0,0.0,0.0001,0.0001,0.0003,0.0,0.0003,0.0001,0.0
2017065141,0.0052,0.0002,0.005,0,NONE,NO_PREDICTION,REJECTED_ZERO_LABELS,UNKNOWN,0.0,0.0,0.0,0.0002,0.0001,0.0001,0.0052,0.0,0.0
2017065267,0.1914,0.0044,0.187,0,NONE,NO_PREDICTION,REJECTED_ZERO_LABELS,UNKNOWN,0.0007,0.0004,0.0001,0.1914,0.0001,0.0044,0.0004,0.0002,0.0006
2017065268,0.6822,0.1343,0.5479,1,Safe Mechanical Lifting,MEDIUM,SENT_TO_HUMAN_REVIEW,UNKNOWN,0.0001,0.0006,0.0002,0.0067,0.1343,0.0065,0.6822,0.0022,0.0002
2017065269,0.9966,0.2434,0.7532,2,Safe Mechanical Lifting | Line of Fire,HIGH,ACCEPT_MODEL_PREDICTED,MODEL_PREDICTED,0.0015,0.0002,0.0645,0.0395,0.0018,0.2434,0.9966,0.0016,0.0117
2017065270,0.4898,0.4697,0.0201,2,Safe Mechanical Lifting | Line of Fire,MEDIUM,SENT_TO_HUMAN_REVIEW,UNKNOWN,0.0001,0.0,0.0013,0.0003,0.0008,0.4697,0.4898,0.0,0.0012
2017065274,0.946,0.7924,0.1536,2,Hot Work | Energy Isolation,HIGH,ACCEPT_MODEL_PREDICTED,MODEL_PREDICTED,0.0001,0.0182,0.0,0.7924,0.946,0.0003,0.0003,0.0012,0.0013
2017065279,0.0188,0.001,0.0178,0,NONE,NO_PREDICTION,REJECTED_ZERO_LABELS,UNKNOWN,0.0,0.0,0.0,0.0,0.001,0.0006,0.0188,0.0,0.0001
2017065283,0.9757,0.0663,0.9094,1,Driving,HIGH,ACCEPT_MODEL_PREDICTED,MODEL_PREDICTED,0.0017,0.0008,0.9757,0.0002,0.0001,0.0627,0.0006,0.0001,0.0663
2017065312,0.0113,0.003,0.0083,0,NONE,NO_PREDICTION,REJECTED_ZERO_LABELS,UNKNOWN,0.0001,0.0002,0.003,0.0004,0.0,0.0021,0.0001,0.0001,0.0113
2017065315,0.0173,0.0025,0.0148,0,NONE,NO_PREDICTION,REJECTED_ZERO_LABELS,UNKNOWN,0.0,0.0,0.0001,0.0,0.0025,0.0014,0.0006,0.0,0.0173
2017065337,0.0131,0.0057,0.0074,0,NONE,NO_PREDICTION,REJECTED_ZERO_LABELS,UNKNOWN,0.0002,0.0045,0.0006,0.0051,0.0131,0.0001,0.0006,0.0057,0.001
2017065357,0.9997,0.0269,0.9728,1,Hot Work,HIGH,ACCEPT_MODEL_PREDICTED,MODEL_PREDICTED,0.0001,0.0261,0.0,0.0269,0.9997,0.0012,0.0001,0.0007,0.0001
2017065443,0.1343,0.005,0.1293,0,NONE,NO_PREDICTION,REJECTED_ZERO_LABELS,UNKNOWN,0.0001,0.0003,0.0002,0.005,0.0048,0.0007,0.1343,0.0025,0.0011
2017065482,0.0074,0.0069,0.0005,0,NONE,NO_PREDICTION,REJECTED_ZERO_LABELS,UNKNOWN,0.0,0.0,0.0,0.0056,0.0074,0.001,0.0042,0.0,0.0069
2017065495,0.9989,0.018,0.9809,1,Hot Work,HIGH,ACCEPT_MODEL_PREDICTED,MODEL_PREDICTED,0.0,0.018,0.0,0.0161,0.9989,0.0001,0.0004,0.0046,0.0002
2017065521,0.0001,0.0001,0.0,0,NONE,NO_PREDICTION,REJECTED_ZERO_LABELS,UNKNOWN,0.0,0.0001,0.0001,0.0,0.0,0.0001,0.0,0.0,0.0001
2017065551,0.002,0.001,0.001,0,NONE,NO_PREDICTION,REJECTED_ZERO_LABELS,UNKNOWN,0.0,0.0002,0.0,0.002,0.0005,0.0,0.001,0.0006,0.0
2017065574,0.028,0.0025,0.0255,0,NONE,NO_PREDICTION,REJECTED_ZERO_LABELS,UNKNOWN,0.0001,0.0013,0.0025,0.0,0.0006,0.0001,0.0016,0.028,0.0002
2017065578,0.0016,0.0001,0.0015,0,NONE,NO_PREDICTION,REJECTED_ZERO_LABELS,UNKNOWN,0.0,0.0,0.0001,0.0001,0.0,0.0001,0.0016,0.0001,0.0
2017065621,0.2552,0.1205,0.1347,1,Safe Mechanical Lifting,LOW,REJECTED_LOW_CONFIDENCE,UNKNOWN,0.0001,0.0001,0.0002,0.0003,0.0029,0.1205,0.2552,0.0001,0.0001
2017065650,0.0805,0.0283,0.0522,0,NONE,NO_PREDICTION,REJECTED_ZERO_LABELS,UNKNOWN,0.0001,0.0006,0.0002,0.0283,0.0007,0.0001,0.0015,0.0023,0.0805
2017065682,0.9975,0.9909,0.0066,2,Energy Isolation | Safe Mechanical Lifting,MEDIUM,SENT_TO_HUMAN_REVIEW,UNKNOWN,0.0046,0.018,0.0316,0.9975,0.0475,0.002,0.9909,0.0594,0.0101
2017065723,0.0003,0.0001,0.0002,0,NONE,NO_PREDICTION,REJECTED_ZERO_LABELS,UNKNOWN,0.0,0.0,0.0,0.0,0.0003,0.0,0.0,0.0001,0.0
2017065761,0.0019,0.0001,0.0018,0,NONE,NO_PREDICTION,REJECTED_ZERO_LABELS,UNKNOWN,0.0,0.0,0.0,0.0,0.0,0.0001,0.0019,0.0,0.0001
2017065835,0.3443,0.1427,0.2016,1,Safe Mechanical Lifting,LOW,REJECTED_LOW_CONFIDENCE,UNKNOWN,0.0011,0.0022,0.0026,0.1427,0.0001,0.0082,0.3443,0.0076,0.0057
2017065836,0.2343,0.0021,0.2322,1,Safe Mechanical Lifting,LOW,REJECTED_LOW_CONFIDENCE,UNKNOWN,0.0,0.0,0.0001,0.0,0.0,0.0008,0.2343,0.0003,0.0021
2017065892,0.0274,0.0159,0.0115,0,NONE,NO_PREDICTION,REJECTED_ZERO_LABELS,UNKNOWN,0.0,0.0001,0.0002,0.0002,0.0002,0.0159,0.0001,0.0,0.0274
2017065922,0.0087,0.0082,0.0005,0,NONE,NO_PREDICTION,REJECTED_ZERO_LABELS,UNKNOWN,0.0,0.0002,0.0,0.0058,0.0082,0.0,0.0087,0.0031,0.0
2017065975,0.0432,0.0095,0.0337,0,NONE,NO_PREDICTION,REJECTED_ZERO_LABELS,UNKNOWN,0.0005,0.0009,0.0052,0.0005,0.0001,0.0095,0.0003,0.0002,0.0432
2017066034,0.8798,0.8016,0.0782,3,Safe Mechanical Lifting | Energy Isolation | Line of Fire,MEDIUM,SENT_TO_HUMAN_REVIEW,UNKNOWN,0.0126,0.0036,0.0041,0.8016,0.0098,0.348,0.8798,0.0036,0.0658
2017066043,0.0758,0.0046,0.0712,0,NONE,NO_PREDICTION,REJECTED_ZERO_LABELS,UNKNOWN,0.0001,0.0024,0.0002,0.0758,0.0046,0.0,0.0,0.0012,0.001
2017066044,0.0177,0.0106,0.0071,0,NONE,NO_PREDICTION,REJECTED_ZERO_LABELS,UNKNOWN,0.0,0.0004,0.0001,0.0047,0.0005,0.0,0.0177,0.0106,0.0003
2017066062,0.0066,0.0011,0.0055,0,NONE,NO_PREDICTION,REJECTED_ZERO_LABELS,UNKNOWN,0.0003,0.0006,0.0003,0.0066,0.0001,0.0011,0.0004,0.0004,0.0009
2017066064,0.4398,0.3137,0.1261,2,Energy Isolation | Working at Height,LOW,REJECTED_LOW_CONFIDENCE,UNKNOWN,0.0077,0.0104,0.0081,0.4398,0.001,0.0368,0.0007,0.0021,0.3137
2017066065,0.0155,0.0004,0.0151,0,NONE,NO_PREDICTION,REJECTED_ZERO_LABELS,UNKNOWN,0.0,0.0,0.0,0.0004,0.0001,0.0155,0.0004,0.0,0.0004
2017076072,0.0007,0.0002,0.0005,0,NONE,NO_PREDICTION,REJECTED_ZERO_LABELS,UNKNOWN,0.0,0.0001,0.0,0.0007,0.0,0.0001,0.0,0.0,0.0002
2017076079,0.0788,0.005,0.0738,0,NONE,NO_PREDICTION,REJECTED_ZERO_LABELS,UNKNOWN,0.0,0.0,0.0001,0.005,0.0002,0.0,0.0788,0.0001,0.0002
2017076091,0.0447,0.0106,0.0341,0,NONE,NO_PREDICTION,REJECTED_ZERO_LABELS,UNKNOWN,0.0001,0.0005,0.0016,0.0106,0.0447,0.0008,0.0023,0.0003,0.0029
2017076096,0.0979,0.0015,0.0964,0,NONE,NO_PREDICTION,REJECTED_ZERO_LABELS,UNKNOWN,0.0,0.0001,0.0005,0.0001,0.0002,0.0015,0.0001,0.0,0.0979
2017076108,0.0153,0.0095,0.0058,0,NONE,NO_PREDICTION,REJECTED_ZERO_LABELS,UNKNOWN,0.0002,0.004,0.0001,0.0095,0.0007,0.0,0.002,0.0153,0.0001
2017076111,0.0498,0.01,0.0398,0,NONE,NO_PREDICTION,REJECTED_ZERO_LABELS,UNKNOWN,0.0002,0.0002,0.0001,0.0498,0.0003,0.0009,0.001,0.0004,0.01
2017076131,0.0017,0.0009,0.0008,0,NONE,NO_PREDICTION,REJECTED_ZERO_LABELS,UNKNOWN,0.0,0.0002,0.0001,0.0009,0.0017,0.0003,0.0006,0.0001,0.0001
2017076136,0.9623,0.0221,0.9402,1,Safe Mechanical Lifting,HIGH,ACCEPT_MODEL_PREDICTED,MODEL_PREDICTED,0.0,0.0,0.0001,0.0221,0.0014,0.0035,0.9623,0.0001,0.0007
2017076190,0.9986,0.0279,0.9707,1,Driving,HIGH,ACCEPT_MODEL_PREDICTED,MODEL_PREDICTED,0.0134,0.0057,0.9986,0.0168,0.0004,0.0082,0.0009,0.0042,0.0279
2017076194,0.006,0.0002,0.0058,0,NONE,NO_PREDICTION,REJECTED_ZERO_LABELS,UNKNOWN,0.0,0.0001,0.0,0.0,0.006,0.0001,0.0002,0.0001,0.0
2017076197,0.0243,0.007,0.0173,0,NONE,NO_PREDICTION,REJECTED_ZERO_LABELS,UNKNOWN,0.0001,0.0001,0.0048,0.0001,0.0002,0.0243,0.0002,0.0,0.007
2017076203,0.0776,0.0086,0.069,0,NONE,NO_PREDICTION,REJECTED_ZERO_LABELS,UNKNOWN,0.0001,0.0006,0.0051,0.0086,0.0004,0.0004,0.0,0.0002,0.0776
2017076206,0.9956,0.5837,0.4119,3,Safe Mechanical Lifting | Driving | Line of Fire,HIGH,ACCEPT_MODEL_PREDICTED,MODEL_PREDICTED,0.0095,0.0067,0.5837,0.0985,0.1656,0.2787,0.9956,0.0297,0.2472
2017076248,0.009,0.0012,0.0078,0,NONE,NO_PREDICTION,REJECTED_ZERO_LABELS,UNKNOWN,0.0,0.0,0.0012,0.0003,0.0003,0.0012,0.009,0.0,0.0011
2017076257,0.0045,0.0004,0.0041,0,NONE,NO_PREDICTION,REJECTED_ZERO_LABELS,UNKNOWN,0.0,0.0,0.0004,0.0001,0.0,0.0,0.0045,0.0,0.0001
2017076305,0.0019,0.0007,0.0012,0,NONE,NO_PREDICTION,REJECTED_ZERO_LABELS,UNKNOWN,0.0,0.0,0.0001,0.0007,0.0,0.0001,0.0019,0.0001,0.0002
2017076315,0.0051,0.0008,0.0043,0,NONE,NO_PREDICTION,REJECTED_ZERO_LABELS,UNKNOWN,0.0,0.0,0.0,0.0,0.0008,0.0006,0.0051,0.0,0.0
2017076332,0.0323,0.0045,0.0278,0,NONE,NO_PREDICTION,REJECTED_ZERO_LABELS,UNKNOWN,0.0,0.0002,0.0,0.0323,0.0006,0.0,0.0045,0.0015,0.002
2017076366,0.9956,0.0166,0.979,1,Safe Mechanical Lifting,HIGH,ACCEPT_MODEL_PREDICTED,MODEL_PREDICTED,0.0001,0.0001,0.0005,0.0166,0.0085,0.001,0.9956,0.0032,0.0006
2017076426,0.004,0.0016,0.0024,0,NONE,NO_PREDICTION,REJECTED_ZERO_LABELS,UNKNOWN,0.0,0.0,0.0016,0.0001,0.0,0.0001,0.0,0.0,0.004
2017076472,0.0019,0.0001,0.0018,0,NONE,NO_PREDICTION,REJECTED_ZERO_LABELS,UNKNOWN,0.0,0.0,0.0,0.0,0.0001,0.0019,0.0,0.0,0.0
2017076488,0.8637,0.0051,0.8586,1,Working at Height,HIGH,ACCEPT_MODEL_PREDICTED,MODEL_PREDICTED,0.0005,0.0006,0.0051,0.0025,0.0001,0.005,0.0018,0.0006,0.8637
2017076501,0.0104,0.001,0.0094,0,NONE,NO_PREDICTION,REJECTED_ZERO_LABELS,UNKNOWN,0.0,0.0001,0.0001,0.0009,0.0008,0.0,0.0104,0.001,0.0002
2017076518,0.9986,0.1012,0.8974,1,Safe Mechanical Lifting,HIGH,ACCEPT_MODEL_PREDICTED,MODEL_PREDICTED,0.0014,0.0012,0.1012,0.0016,0.0066,0.0115,0.9986,0.0073,0.0092
2017076602,0.9949,0.7019,0.293,2,Driving | Working at Height,HIGH,ACCEPT_MODEL_PREDICTED,MODEL_PREDICTED,0.0022,0.0015,0.9949,0.0057,0.0009,0.0038,0.0008,0.0019,0.7019
2017076608,0.0092,0.0023,0.0069,0,NONE,NO_PREDICTION,REJECTED_ZERO_LABELS,UNKNOWN,0.0001,0.0002,0.0001,0.0023,0.0007,0.0002,0.0092,0.0007,0.0004
2017076640,0.1497,0.0193,0.1304,0,NONE,NO_PREDICTION,REJECTED_ZERO_LABELS,UNKNOWN,0.0001,0.0001,0.0096,0.0026,0.0001,0.005,0.1497,0.0006,0.0193
2017076668,0.9906,0.6573,0.3333,2,Safe Mechanical Lifting | Energy Isolation,HIGH,ACCEPT_MODEL_PREDICTED,MODEL_PREDICTED,0.0002,0.0002,0.0016,0.6573,0.0024,0.0004,0.9906,0.0026,0.0157
2017076673,0.0208,0.003,0.0178,0,NONE,NO_PREDICTION,REJECTED_ZERO_LABELS,UNKNOWN,0.0002,0.0022,0.0208,0.0004,0.0,0.0,0.0011,0.003,0.0
2017076681,0.7066,0.1126,0.594,1,Driving,HIGH,ACCEPT_MODEL_PREDICTED,MODEL_PREDICTED,0.0032,0.0282,0.7066,0.0129,0.0035,0.0008,0.011,0.1126,0.0053
2017076693,0.033,0.0175,0.0155,0,NONE,NO_PREDICTION,REJECTED_ZERO_LABELS,UNKNOWN,0.0002,0.0002,0.002,0.0003,0.0001,0.033,0.0,0.0,0.0175
2017076698,0.0892,0.0151,0.0741,0,NONE,NO_PREDICTION,REJECTED_ZERO_LABELS,UNKNOWN,0.0002,0.0151,0.0001,0.0042,0.0066,0.0001,0.0069,0.0892,0.0004
2017076710,0.9772,0.0463,0.9309,1,Safe Mechanical Lifting,HIGH,ACCEPT_MODEL_PREDICTED,MODEL_PREDICTED,0.0,0.0002,0.0048,0.0037,0.0014,0.0,0.9772,0.0271,0.0463
2017076751,0.0004,0.0001,0.0003,0,NONE,NO_PREDICTION,REJECTED_ZERO_LABELS,UNKNOWN,0.0,0.0,0.0,0.0001,0.0001,0.0,0.0004,0.0001,0.0001
2017076763,0.9991,0.8334,0.1657,2,Safe Mechanical Lifting | Line of Fire,HIGH,ACCEPT_MODEL_PREDICTED,MODEL_PREDICTED,0.0008,0.0,0.0061,0.0088,0.0007,0.8334,0.9991,0.0001,0.0461
2017076776,0.0543,0.0255,0.0288,0,NONE,NO_PREDICTION,REJECTED_ZERO_LABELS,UNKNOWN,0.0001,0.0005,0.0001,0.0255,0.0122,0.0005,0.0543,0.004,0.0004
2017076800,0.3579,0.1353,0.2226,1,Working at Height,LOW,REJECTED_LOW_CONFIDENCE,UNKNOWN,0.0001,0.0002,0.0,0.1353,0.0104,0.0016,0.0006,0.0002,0.3579
2017076810,0.0011,0.0005,0.0006,0,NONE,NO_PREDICTION,REJECTED_ZERO_LABELS,UNKNOWN,0.0,0.0,0.0,0.0011,0.0001,0.0005,0.0,0.0,0.0003
2017076843,0.0009,0.0007,0.0002,0,NONE,NO_PREDICTION,REJECTED_ZERO_LABELS,UNKNOWN,0.0001,0.0004,0.0009,0.0001,0.0007,0.0005,0.0,0.0,0.0004
2017076853,0.0019,0.0009,0.001,0,NONE,NO_PREDICTION,REJECTED_ZERO_LABELS,UNKNOWN,0.0,0.0001,0.0009,0.0001,0.0001,0.0,0.0019,0.0003,0.0009
2017076863,0.007,0.004,0.003,0,NONE,NO_PREDICTION,REJECTED_ZERO_LABELS,UNKNOWN,0.0008,0.0012,0.0001,0.004,0.0011,0.007,0.0007,0.0004,0.0001
2017076875,0.5353,0.0306,0.5047,1,Driving,MEDIUM,SENT_TO_HUMAN_REVIEW,UNKNOWN,0.0017,0.0005,0.5353,0.0077,0.0002,0.0306,0.0002,0.0001,0.0012
2017077201,0.7129,0.0018,0.7111,1,Energy Isolation,HIGH,ACCEPT_MODEL_PREDICTED,MODEL_PREDICTED,0.0004,0.0001,0.0007,0.7129,0.0001,0.001,0.0,0.0,0.0018
2017076925,0.0098,0.0053,0.0045,0,NONE,NO_PREDICTION,REJECTED_ZERO_LABELS,UNKNOWN,0.0001,0.0003,0.0,0.0098,0.0053,0.0017,0.0013,0.0002,0.0011
2017076956,0.0864,0.0842,0.0022,0,NONE,NO_PREDICTION,REJECTED_ZERO_LABELS,UNKNOWN,0.0005,0.0001,0.0003,0.0004,0.0015,0.0842,0.0864,0.0002,0.0002
2017077004,0.0006,0.0003,0.0003,0,NONE,NO_PREDICTION,REJECTED_ZERO_LABELS,UNKNOWN,0.0,0.0,0.0,0.0001,0.0001,0.0,0.0006,0.0,0.0003
2017077012,0.7799,0.035,0.7449,1,Working at Height,HIGH,ACCEPT_MODEL_PREDICTED,MODEL_PREDICTED,0.0011,0.0011,0.0162,0.0166,0.0008,0.035,0.0159,0.0019,0.7799
2017077013,0.0212,0.0154,0.0058,0,NONE,NO_PREDICTION,REJECTED_ZERO_LABELS,UNKNOWN,0.0,0.0,0.0003,0.0003,0.0002,0.0154,0.0212,0.0,0.0001
2017077019,0.49,0.0092,0.4808,1,Driving,MEDIUM,SENT_TO_HUMAN_REVIEW,UNKNOWN,0.0004,0.001,0.49,0.0002,0.0004,0.001,0.0,0.0003,0.0092
2017077020,0.0137,0.0123,0.0014,0,NONE,NO_PREDICTION,REJECTED_ZERO_LABELS,UNKNOWN,0.0003,0.0137,0.0123,0.004,0.0055,0.0001,0.0003,0.0019,0.0
2017077207,0.8844,0.8687,0.0157,2,Working at Height | Safe Mechanical Lifting,MEDIUM,SENT_TO_HUMAN_REVIEW,UNKNOWN,0.0027,0.0085,0.0391,0.1599,0.0075,0.0079,0.8687,0.1409,0.8844
2017077065,0.001,0.0008,0.0002,0,NONE,NO_PREDICTION,REJECTED_ZERO_LABELS,UNKNOWN,0.0,0.0,0.0,0.0001,0.0008,0.001,0.0001,0.0,0.0001
2017077080,0.2987,0.0861,0.2126,1,Line of Fire,LOW,REJECTED_LOW_CONFIDENCE,UNKNOWN,0.0013,0.0001,0.0001,0.0118,0.0,0.2987,0.0861,0.0001,0.0013
2017077081,0.289,0.055,0.234,1,Safe Mechanical Lifting,LOW,REJECTED_LOW_CONFIDENCE,UNKNOWN,0.0,0.001,0.0097,0.0021,0.0185,0.0,0.289,0.0128,0.055
2017077219,0.9869,0.3421,0.6448,1,Energy Isolation,HIGH,ACCEPT_MODEL_PREDICTED,MODEL_PREDICTED,0.0438,0.3421,0.0265,0.9869,0.0599,0.0028,0.0039,0.118,0.0021
2017077113,0.0142,0.006,0.0082,0,NONE,NO_PREDICTION,REJECTED_ZERO_LABELS,UNKNOWN,0.0001,0.0002,0.0005,0.0057,0.0007,0.0007,0.006,0.0003,0.0142
2017077116,0.6528,0.0009,0.6519,1,Energy Isolation,MEDIUM,SENT_TO_HUMAN_REVIEW,UNKNOWN,0.0002,0.0005,0.0,0.6528,0.0004,0.0002,0.0003,0.0003,0.0009
2017077225,0.761,0.1447,0.6163,1,Energy Isolation,HIGH,ACCEPT_MODEL_PREDICTED,MODEL_PREDICTED,0.0027,0.0017,0.0003,0.761,0.0007,0.1268,0.1447,0.0013,0.0739
2017077123,0.5161,0.0487,0.4674,1,Safe Mechanical Lifting,MEDIUM,SENT_TO_HUMAN_REVIEW,UNKNOWN,0.0001,0.0,0.0356,0.0046,0.0002,0.0487,0.5161,0.0001,0.0073
2017087293,0.8134,0.0095,0.8039,1,Line of Fire,HIGH,ACCEPT_MODEL_PREDICTED,MODEL_PREDICTED,0.0054,0.0005,0.0042,0.0055,0.0001,0.8134,0.0095,0.0001,0.0017
2017087396,0.2341,0.028,0.2061,0,NONE,NO_PREDICTION,REJECTED_ZERO_LABELS,UNKNOWN,0.0001,0.003,0.0,0.2341,0.028,0.0001,0.0045,0.0025,0.0122
2017087424,0.2001,0.0836,0.1165,0,NONE,NO_PREDICTION,REJECTED_ZERO_LABELS,UNKNOWN,0.0007,0.0836,0.0,0.0109,0.2001,0.0014,0.0002,0.0268,0.0006
2017087499,0.9953,0.9939,0.0014,2,Safe Mechanical Lifting | Working at Height,MEDIUM,SENT_TO_HUMAN_REVIEW,UNKNOWN,0.0002,0.0001,0.033,0.0696,0.0036,0.0316,0.9953,0.0021,0.9939
2017088364,0.1252,0.0007,0.1245,0,NONE,NO_PREDICTION,REJECTED_ZERO_LABELS,UNKNOWN,0.0,0.0,0.0003,0.0002,0.0,0.0007,0.1252,0.0,0.0002
2017087540,0.9893,0.0091,0.9802,1,Working at Height,HIGH,ACCEPT_MODEL_PREDICTED,MODEL_PREDICTED,0.0001,0.0003,0.003,0.0091,0.0007,0.0013,0.0016,0.0009,0.9893
2017087553,0.0074,0.0001,0.0073,0,NONE,NO_PREDICTION,REJECTED_ZERO_LABELS,UNKNOWN,0.0,0.0,0.0001,0.0,0.0001,0.0074,0.0001,0.0,0.0001
2017087556,0.3549,0.005,0.3499,1,Line of Fire,LOW,REJECTED_LOW_CONFIDENCE,UNKNOWN,0.0002,0.0002,0.0011,0.0003,0.005,0.3549,0.002,0.0,0.0018
2017087559,0.0266,0.0037,0.0229,0,NONE,NO_PREDICTION,REJECTED_ZERO_LABELS,UNKNOWN,0.0,0.0,0.0,0.0003,0.0005,0.0,0.0037,0.0002,0.0266
2017087561,0.3061,0.0027,0.3034,1,Working at Height,LOW,REJECTED_LOW_CONFIDENCE,UNKNOWN,0.0,0.0002,0.0,0.0011,0.0027,0.0002,0.0001,0.0002,0.3061
2017087596,0.7718,0.238,0.5338,1,Working at Height,HIGH,ACCEPT_MODEL_PREDICTED,MODEL_PREDICTED,0.0001,0.0004,0.238,0.0001,0.0002,0.001,0.0003,0.0004,0.7718
2017087627,0.9957,0.1095,0.8862,1,Energy Isolation,HIGH,ACCEPT_MODEL_PREDICTED,MODEL_PREDICTED,0.0126,0.0391,0.0002,0.9957,0.0146,0.1095,0.0003,0.0004,0.0007
2017088366,0.9954,0.869,0.1264,3,Driving | Work Authorization | Confined Space,MEDIUM,SENT_TO_HUMAN_REVIEW,UNKNOWN,0.0675,0.5599,0.9954,0.028,0.1708,0.0221,0.0167,0.869,0.0008
2017087686,0.0142,0.0035,0.0107,0,NONE,NO_PREDICTION,REJECTED_ZERO_LABELS,UNKNOWN,0.0007,0.002,0.0035,0.0142,0.0004,0.0007,0.0001,0.0005,0.0006
2017087699,0.4164,0.0039,0.4125,1,Line of Fire,LOW,REJECTED_LOW_CONFIDENCE,UNKNOWN,0.0001,0.0,0.0002,0.0001,0.0039,0.4164,0.0009,0.0,0.0013
2017087725,0.9549,0.1913,0.7636,1,Driving,HIGH,ACCEPT_MODEL_PREDICTED,MODEL_PREDICTED,0.0069,0.0483,0.9549,0.0285,0.0296,0.0005,0.0009,0.1913,0.01
2017087771,0.5628,0.1463,0.4165,1,Safe Mechanical Lifting,MEDIUM,SENT_TO_HUMAN_REVIEW,UNKNOWN,0.0033,0.0265,0.0019,0.1463,0.0247,0.014,0.5628,0.0527,0.0001
2017087873,0.0141,0.0031,0.011,0,NONE,NO_PREDICTION,REJECTED_ZERO_LABELS,UNKNOWN,0.0001,0.0008,0.0001,0.0141,0.0031,0.0001,0.0013,0.0015,0.0003
2017087880,0.2387,0.0001,0.2386,0,NONE,NO_PREDICTION,REJECTED_ZERO_LABELS,UNKNOWN,0.0,0.0001,0.0,0.0,0.2387,0.0,0.0,0.0,0.0
2017087882,0.0628,0.0007,0.0621,0,NONE,NO_PREDICTION,REJECTED_ZERO_LABELS,UNKNOWN,0.0,0.0,0.0002,0.0,0.0628,0.0001,0.0007,0.0,0.0001
2017087925,0.9597,0.0027,0.957,1,Hot Work,HIGH,ACCEPT_MODEL_PREDICTED,MODEL_PREDICTED,0.0,0.0027,0.0,0.0003,0.9597,0.0004,0.0005,0.001,0.0002
2017087932,0.0015,0.0009,0.0006,0,NONE,NO_PREDICTION,REJECTED_ZERO_LABELS,UNKNOWN,0.0,0.0,0.0015,0.0001,0.0,0.0005,0.0006,0.0001,0.0009
2017087937,0.971,0.011,0.96,1,Safe Mechanical Lifting,HIGH,ACCEPT_MODEL_PREDICTED,MODEL_PREDICTED,0.0,0.0,0.0007,0.011,0.0003,0.0008,0.971,0.0002,0.0014
2017088004,0.0023,0.0005,0.0018,0,NONE,NO_PREDICTION,REJECTED_ZERO_LABELS,UNKNOWN,0.0001,0.0002,0.0002,0.0005,0.0001,0.0005,0.0001,0.0001,0.0023
2017088041,0.0047,0.0003,0.0044,0,NONE,NO_PREDICTION,REJECTED_ZERO_LABELS,UNKNOWN,0.0,0.0,0.0,0.0003,0.0002,0.0002,0.0047,0.0,0.0
2017088047,0.989,0.1371,0.8519,1,Driving,HIGH,ACCEPT_MODEL_PREDICTED,MODEL_PREDICTED,0.0033,0.0015,0.989,0.1371,0.0115,0.02,0.0417,0.0009,0.0005
2017088073,0.9996,0.8823,0.1173,2,Safe Mechanical Lifting | Driving,MEDIUM,SENT_TO_HUMAN_REVIEW,UNKNOWN,0.0022,0.0002,0.8823,0.0181,0.0017,0.157,0.9996,0.0029,0.0474
2017088097,0.8475,0.0757,0.7718,1,Driving,HIGH,ACCEPT_MODEL_PREDICTED,MODEL_PREDICTED,0.0097,0.0065,0.8475,0.009,0.0011,0.0757,0.0008,0.0011,0.0644
2017088161,0.991,0.006,0.985,1,Safe Mechanical Lifting,HIGH,ACCEPT_MODEL_PREDICTED,MODEL_PREDICTED,0.0,0.0,0.001,0.0006,0.005,0.0001,0.991,0.0003,0.006
2017088165,0.0136,0.0025,0.0111,0,NONE,NO_PREDICTION,REJECTED_ZERO_LABELS,UNKNOWN,0.0008,0.0022,0.001,0.0023,0.0002,0.0136,0.0,0.0,0.0025
2017088210,0.1377,0.1103,0.0274,0,NONE,NO_PREDICTION,REJECTED_ZERO_LABELS,UNKNOWN,0.014,0.0267,0.1377,0.0987,0.0068,0.1103,0.0015,0.0026,0.0139
2017088226,0.2269,0.2084,0.0185,2,Line of Fire | Safe Mechanical Lifting,LOW,REJECTED_LOW_CONFIDENCE,UNKNOWN,0.0022,0.0003,0.0591,0.0223,0.0003,0.2269,0.2084,0.0004,0.0329
2017088239,0.9459,0.0197,0.9262,1,Working at Height,HIGH,ACCEPT_MODEL_PREDICTED,MODEL_PREDICTED,0.0002,0.0006,0.0197,0.0024,0.0004,0.0063,0.0017,0.0003,0.9459
2017088272,0.8132,0.0469,0.7663,1,Energy Isolation,HIGH,ACCEPT_MODEL_PREDICTED,MODEL_PREDICTED,0.0018,0.0244,0.0003,0.8132,0.0469,0.0019,0.0004,0.0027,0.0226
2017088287,0.8222,0.0067,0.8155,1,Driving,HIGH,ACCEPT_MODEL_PREDICTED,MODEL_PREDICTED,0.0008,0.0012,0.8222,0.0011,0.0,0.0002,0.0034,0.0067,0.0013
2017088297,0.9994,0.0051,0.9943,1,Safe Mechanical Lifting,HIGH,ACCEPT_MODEL_PREDICTED,MODEL_PREDICTED,0.0001,0.0001,0.0016,0.0012,0.0031,0.0039,0.9994,0.0027,0.0051
2017088386,0.0006,0.0001,0.0005,0,NONE,NO_PREDICTION,REJECTED_ZERO_LABELS,UNKNOWN,0.0,0.0,0.0,0.0,0.0001,0.0001,0.0,0.0,0.0006
2017088429,0.03,0.0283,0.0017,0,NONE,NO_PREDICTION,REJECTED_ZERO_LABELS,UNKNOWN,0.0,0.0001,0.0001,0.0053,0.0001,0.0,0.0283,0.0011,0.03
2017098441,0.9632,0.9381,0.0251,3,Line of Fire | Hot Work | Safe Mechanical Lifting,MEDIUM,SENT_TO_HUMAN_REVIEW,UNKNOWN,0.0081,0.0405,0.0016,0.0851,0.9381,0.9632,0.2188,0.0017,0.0243
2017098491,0.8687,0.0175,0.8512,1,Driving,HIGH,ACCEPT_MODEL_PREDICTED,MODEL_PREDICTED,0.0017,0.0087,0.8687,0.001,0.0005,0.0002,0.0001,0.0124,0.0175
2017098499,0.5867,0.0572,0.5295,1,Driving,MEDIUM,SENT_TO_HUMAN_REVIEW,UNKNOWN,0.0023,0.0572,0.5867,0.0518,0.0057,0.0015,0.0005,0.0178,0.0322
2017098508,0.0069,0.0008,0.0061,0,NONE,NO_PREDICTION,REJECTED_ZERO_LABELS,UNKNOWN,0.0,0.0,0.0,0.0001,0.0001,0.0008,0.0069,0.0001,0.0
2017098512,0.9984,0.0033,0.9951,1,Energy Isolation,HIGH,ACCEPT_MODEL_PREDICTED,MODEL_PREDICTED,0.0012,0.0033,0.0001,0.9984,0.0027,0.0002,0.0002,0.0005,0.0024
2017098585,0.1139,0.0765,0.0374,0,NONE,NO_PREDICTION,REJECTED_ZERO_LABELS,UNKNOWN,0.0002,0.0,0.003,0.0013,0.0001,0.1139,0.0765,0.0001,0.0404
2017098587,0.0017,0.0013,0.0004,0,NONE,NO_PREDICTION,REJECTED_ZERO_LABELS,UNKNOWN,0.0,0.0001,0.0001,0.0,0.0013,0.0,0.0017,0.0007,0.0
2017098640,0.9985,0.0099,0.9886,1,Driving,HIGH,ACCEPT_MODEL_PREDICTED,MODEL_PREDICTED,0.0009,0.0012,0.9985,0.0005,0.0006,0.0002,0.0003,0.0032,0.0099
2017098654,0.9972,0.0541,0.9431,1,Energy Isolation,HIGH,ACCEPT_MODEL_PREDICTED,MODEL_PREDICTED,0.0034,0.0106,0.0005,0.9972,0.0029,0.0004,0.0,0.0013,0.0541
2017098662,0.3826,0.2131,0.1695,1,Safe Mechanical Lifting,LOW,REJECTED_LOW_CONFIDENCE,UNKNOWN,0.0005,0.0009,0.0048,0.2131,0.0007,0.0035,0.3826,0.005,0.1817
2017098665,0.9482,0.2999,0.6483,1,Confined Space,HIGH,ACCEPT_MODEL_PREDICTED,MODEL_PREDICTED,0.0499,0.9482,0.0108,0.2999,0.2149,0.025,0.0013,0.2323,0.0052
2017098680,0.0006,0.0005,0.0001,0,NONE,NO_PREDICTION,REJECTED_ZERO_LABELS,UNKNOWN,0.0,0.0,0.0,0.0006,0.0002,0.0005,0.0,0.0,0.0004
2017098688,0.0094,0.0001,0.0093,0,NONE,NO_PREDICTION,REJECTED_ZERO_LABELS,UNKNOWN,0.0,0.0,0.0001,0.0,0.0001,0.0094,0.0001,0.0,0.0
2017098708,0.9976,0.0844,0.9132,1,Working at Height,HIGH,ACCEPT_MODEL_PREDICTED,MODEL_PREDICTED,0.0002,0.0012,0.0072,0.0844,0.0025,0.0007,0.0069,0.0084,0.9976
2017098732,0.0001,0.0001,0.0,0,NONE,NO_PREDICTION,REJECTED_ZERO_LABELS,UNKNOWN,0.0,0.0,0.0,0.0001,0.0001,0.0001,0.0001,0.0,0.0
2017098733,0.0015,0.001,0.0005,0,NONE,NO_PREDICTION,REJECTED_ZERO_LABELS,UNKNOWN,0.0003,0.0001,0.0002,0.0007,0.0,0.0015,0.001,0.0001,0.0003
2017098772,0.9974,0.016,0.9814,1,Working at Height,HIGH,ACCEPT_MODEL_PREDICTED,MODEL_PREDICTED,0.0002,0.0006,0.0017,0.016,0.0026,0.0011,0.0024,0.0024,0.9974
2017098786,0.0028,0.0012,0.0016,0,NONE,NO_PREDICTION,REJECTED_ZERO_LABELS,UNKNOWN,0.0001,0.0005,0.0028,0.0002,0.0,0.0001,0.0012,0.0009,0.0001
2017098829,0.0045,0.0021,0.0024,0,NONE,NO_PREDICTION,REJECTED_ZERO_LABELS,UNKNOWN,0.0,0.0,0.0001,0.0002,0.0,0.0045,0.0002,0.0,0.0021
2017098850,0.9988,0.0291,0.9697,1,Driving,HIGH,ACCEPT_MODEL_PREDICTED,MODEL_PREDICTED,0.0029,0.0065,0.9988,0.0087,0.0047,0.0004,0.0059,0.0291,0.0034
2017098866,0.9995,0.3818,0.6177,2,Driving | Working at Height,HIGH,ACCEPT_MODEL_PREDICTED,MODEL_PREDICTED,0.0032,0.0014,0.9995,0.006,0.0126,0.0305,0.0489,0.0037,0.3818
2017098873,0.0043,0.0016,0.0027,0,NONE,NO_PREDICTION,REJECTED_ZERO_LABELS,UNKNOWN,0.0002,0.0004,0.0004,0.0006,0.0,0.0016,0.0043,0.0005,0.0002
2017098896,0.3732,0.0308,0.3424,0,NONE,NO_PREDICTION,REJECTED_ZERO_LABELS,UNKNOWN,0.0001,0.0308,0.0001,0.0049,0.3732,0.0001,0.0,0.0102,0.0031
2017098903,0.037,0.0157,0.0213,0,NONE,NO_PREDICTION,REJECTED_ZERO_LABELS,UNKNOWN,0.0005,0.0003,0.0157,0.0076,0.0,0.0055,0.037,0.0002,0.0
2017098918,0.7232,0.0022,0.721,1,Safe Mechanical Lifting,HIGH,ACCEPT_MODEL_PREDICTED,MODEL_PREDICTED,0.0,0.0001,0.0022,0.0014,0.0003,0.0004,0.7232,0.0007,0.0005
2017098926,0.9951,0.8491,0.146,2,Driving | Safe Mechanical Lifting,MEDIUM,SENT_TO_HUMAN_REVIEW,UNKNOWN,0.0028,0.0022,0.9951,0.0005,0.0162,0.0898,0.8491,0.0181,0.0962
2017098932,0.0164,0.0063,0.0101,0,NONE,NO_PREDICTION,REJECTED_ZERO_LABELS,UNKNOWN,0.0001,0.0004,0.0063,0.0002,0.0003,0.0019,0.0164,0.0002,0.0004
2017098942,0.999,0.0232,0.9758,1,Safe Mechanical Lifting,HIGH,ACCEPT_MODEL_PREDICTED,MODEL_PREDICTED,0.0,0.0,0.0077,0.0215,0.0003,0.0,0.999,0.0017,0.0232
2017098955,0.0049,0.004,0.0009,0,NONE,NO_PREDICTION,REJECTED_ZERO_LABELS,UNKNOWN,0.0,0.0005,0.0007,0.0013,0.0049,0.0,0.0027,0.004,0.0002
2017098981,0.9724,0.0657,0.9067,1,Line of Fire,HIGH,ACCEPT_MODEL_PREDICTED,MODEL_PREDICTED,0.0152,0.0012,0.0037,0.0657,0.0001,0.9724,0.0234,0.0001,0.0396
2017098989,0.9984,0.1308,0.8676,1,Energy Isolation,HIGH,ACCEPT_MODEL_PREDICTED,MODEL_PREDICTED,0.0055,0.0937,0.0002,0.9984,0.1308,0.0014,0.0009,0.0052,0.0053
2017098998,0.0015,0.0004,0.0011,0,NONE,NO_PREDICTION,REJECTED_ZERO_LABELS,UNKNOWN,0.0,0.0001,0.0004,0.0002,0.0004,0.0,0.0015,0.0002,0.0001
2017099018,0.9995,0.0471,0.9524,1,Hot Work,HIGH,ACCEPT_MODEL_PREDICTED,MODEL_PREDICTED,0.0001,0.0471,0.0,0.0006,0.9995,0.004,0.0,0.0012,0.0003
2017099040,0.9998,0.0085,0.9913,1,Working at Height,HIGH,ACCEPT_MODEL_PREDICTED,MODEL_PREDICTED,0.0,0.0001,0.0085,0.0016,0.0006,0.0004,0.001,0.0005,0.9998
2017099060,0.2933,0.0322,0.2611,1,Working at Height,LOW,REJECTED_LOW_CONFIDENCE,UNKNOWN,0.0002,0.0007,0.0001,0.0322,0.0049,0.0004,0.0001,0.0003,0.2933
2017099082,0.0055,0.005,0.0005,0,NONE,NO_PREDICTION,REJECTED_ZERO_LABELS,UNKNOWN,0.0001,0.0001,0.0004,0.005,0.0,0.0001,0.0055,0.0006,0.0002
2017099092,0.0033,0.0022,0.0011,0,NONE,NO_PREDICTION,REJECTED_ZERO_LABELS,UNKNOWN,0.0,0.0001,0.0,0.0022,0.0004,0.0001,0.0033,0.0001,0.0004
2017099107,0.0016,0.0003,0.0013,0,NONE,NO_PREDICTION,REJECTED_ZERO_LABELS,UNKNOWN,0.0001,0.0002,0.0001,0.0016,0.0,0.0,0.0002,0.0003,0.0001
2017099132,0.0135,0.0009,0.0126,0,NONE,NO_PREDICTION,REJECTED_ZERO_LABELS,UNKNOWN,0.0,0.0003,0.0,0.0006,0.0009,0.0,0.0,0.0002,0.0135
2017099138,0.9841,0.8942,0.0899,2,Safe Mechanical Lifting | Line of Fire,MEDIUM,SENT_TO_HUMAN_REVIEW,UNKNOWN,0.0002,0.0,0.0091,0.0001,0.0025,0.8942,0.9841,0.0,0.0073
2017099154,0.0002,0.0001,0.0001,0,NONE,NO_PREDICTION,REJECTED_ZERO_LABELS,UNKNOWN,0.0,0.0,0.0,0.0002,0.0,0.0,0.0001,0.0,0.0001
2017099162,0.0031,0.0009,0.0022,0,NONE,NO_PREDICTION,REJECTED_ZERO_LABELS,UNKNOWN,0.0,0.0,0.0,0.0005,0.0001,0.0005,0.0031,0.0,0.0009
2017099255,0.5842,0.0152,0.569,1,Working at Height,MEDIUM,SENT_TO_HUMAN_REVIEW,UNKNOWN,0.0002,0.0005,0.0152,0.0001,0.002,0.0033,0.0015,0.0006,0.5842
2017099264,0.9964,0.0316,0.9648,1,Working at Height,HIGH,ACCEPT_MODEL_PREDICTED,MODEL_PREDICTED,0.0007,0.0008,0.0091,0.0055,0.0004,0.0316,0.0089,0.0015,0.9964
2017099287,0.9894,0.9235,0.0659,2,Energy Isolation | Working at Height,MEDIUM,SENT_TO_HUMAN_REVIEW,UNKNOWN,0.0072,0.028,0.0071,0.9894,0.0107,0.0042,0.0041,0.0139,0.9235
2017099297,0.0876,0.005,0.0826,0,NONE,NO_PREDICTION,REJECTED_ZERO_LABELS,UNKNOWN,0.0006,0.0038,0.0013,0.0876,0.0015,0.0016,0.0007,0.005,0.0043
2017099309,0.9269,0.0246,0.9023,1,Safe Mechanical Lifting,HIGH,ACCEPT_MODEL_PREDICTED,MODEL_PREDICTED,0.0,0.0,0.0246,0.0034,0.0012,0.0,0.9269,0.0021,0.0001
2017099315,0.0429,0.0083,0.0346,0,NONE,NO_PREDICTION,REJECTED_ZERO_LABELS,UNKNOWN,0.0003,0.0001,0.0001,0.0083,0.0002,0.0429,0.0,0.0,0.0031
2017099316,0.0011,0.0011,0.0,0,NONE,NO_PREDICTION,REJECTED_ZERO_LABELS,UNKNOWN,0.0,0.0,0.0001,0.0011,0.0,0.0,0.0,0.0,0.0011
2017099336,0.9826,0.5335,0.4491,2,Energy Isolation | Confined Space,HIGH,ACCEPT_MODEL_PREDICTED,MODEL_PREDICTED,0.0048,0.5335,0.0002,0.9826,0.2119,0.0006,0.0025,0.1855,0.0045
2017099337,0.2837,0.0109,0.2728,1,Line of Fire,LOW,REJECTED_LOW_CONFIDENCE,UNKNOWN,0.0,0.0,0.0078,0.0,0.0,0.2837,0.0022,0.0,0.0109
2017099339,0.0016,0.0012,0.0004,0,NONE,NO_PREDICTION,REJECTED_ZERO_LABELS,UNKNOWN,0.0,0.0,0.0,0.0001,0.0012,0.0,0.0007,0.0001,0.0016
2017099388,0.0053,0.0053,0.0,0,NONE,NO_PREDICTION,REJECTED_ZERO_LABELS,UNKNOWN,0.0,0.0,0.0015,0.0014,0.0005,0.0003,0.0053,0.0001,0.0053
2017099422,0.9984,0.0881,0.9103,1,Hot Work,HIGH,ACCEPT_MODEL_PREDICTED,MODEL_PREDICTED,0.0,0.0881,0.0002,0.0011,0.9984,0.0,0.0005,0.0287,0.0
2017109459,0.0561,0.025,0.0311,0,NONE,NO_PREDICTION,REJECTED_ZERO_LABELS,UNKNOWN,0.0,0.0,0.0004,0.025,0.0,0.0007,0.0125,0.0001,0.0561
2017109567,0.7696,0.0917,0.6779,1,Line of Fire,HIGH,ACCEPT_MODEL_PREDICTED,MODEL_PREDICTED,0.0004,0.0,0.0006,0.0004,0.0,0.7696,0.0917,0.0,0.0009
2017109574,0.9912,0.002,0.9892,1,Driving,HIGH,ACCEPT_MODEL_PREDICTED,MODEL_PREDICTED,0.0004,0.001,0.9912,0.0001,0.002,0.0002,0.0003,0.0014,0.0005
2017109600,0.1256,0.0026,0.123,0,NONE,NO_PREDICTION,REJECTED_ZERO_LABELS,UNKNOWN,0.0003,0.0001,0.0026,0.0002,0.0001,0.1256,0.0005,0.0,0.0005
2017109605,0.0062,0.0002,0.006,0,NONE,NO_PREDICTION,REJECTED_ZERO_LABELS,UNKNOWN,0.0,0.0,0.0002,0.0001,0.0,0.0002,0.0001,0.0,0.0062
2017109614,0.8563,0.0063,0.85,1,Driving,HIGH,ACCEPT_MODEL_PREDICTED,MODEL_PREDICTED,0.0009,0.0019,0.8563,0.0004,0.0003,0.0008,0.0004,0.0027,0.0063
2017109648,0.964,0.0032,0.9608,1,Working at Height,HIGH,ACCEPT_MODEL_PREDICTED,MODEL_PREDICTED,0.0001,0.0001,0.0006,0.0007,0.0009,0.0032,0.0003,0.0001,0.964
2017109658,0.0147,0.0003,0.0144,0,NONE,NO_PREDICTION,REJECTED_ZERO_LABELS,UNKNOWN,0.0,0.0,0.0001,0.0003,0.0003,0.0,0.0147,0.0002,0.0001
2017109664,0.1051,0.0021,0.103,0,NONE,NO_PREDICTION,REJECTED_ZERO_LABELS,UNKNOWN,0.0,0.0,0.0001,0.0001,0.0001,0.0002,0.1051,0.0,0.0021
2017109686,0.1207,0.0089,0.1118,0,NONE,NO_PREDICTION,REJECTED_ZERO_LABELS,UNKNOWN,0.0001,0.0,0.0,0.0089,0.0004,0.0006,0.1207,0.0002,0.0011
2017109692,0.3804,0.0071,0.3733,1,Energy Isolation,LOW,REJECTED_LOW_CONFIDENCE,UNKNOWN,0.0001,0.0006,0.0,0.3804,0.0071,0.0002,0.0,0.0001,0.0003
2017109708,0.9523,0.0955,0.8568,1,Energy Isolation,HIGH,ACCEPT_MODEL_PREDICTED,MODEL_PREDICTED,0.004,0.0501,0.0014,0.9523,0.0955,0.0011,0.0009,0.0336,0.0358
2017109721,0.06,0.0405,0.0195,0,NONE,NO_PREDICTION,REJECTED_ZERO_LABELS,UNKNOWN,0.0043,0.035,0.0001,0.06,0.0125,0.0405,0.0077,0.0058,0.0001
2017109735,0.9986,0.4121,0.5865,2,Driving | Safe Mechanical Lifting,HIGH,ACCEPT_MODEL_PREDICTED,MODEL_PREDICTED,0.0042,0.0195,0.9986,0.018,0.1016,0.0012,0.2893,0.4121,0.056
2017109753,0.9677,0.7695,0.1982,3,Safe Mechanical Lifting | Driving | Working at Height,HIGH,ACCEPT_MODEL_PREDICTED,MODEL_PREDICTED,0.0012,0.0007,0.7695,0.0114,0.0139,0.0408,0.9677,0.0057,0.7446
2017109755,0.9999,0.0955,0.9044,1,Hot Work,HIGH,ACCEPT_MODEL_PREDICTED,MODEL_PREDICTED,0.0001,0.0955,0.0005,0.006,0.9999,0.0031,0.0005,0.0053,0.0005
2017109770,0.9923,0.8372,0.1551,2,Driving | Safe Mechanical Lifting,HIGH,ACCEPT_MODEL_PREDICTED,MODEL_PREDICTED,0.0005,0.0009,0.9923,0.0008,0.0062,0.0003,0.8372,0.0496,0.0492
2017109782,0.0491,0.0089,0.0402,0,NONE,NO_PREDICTION,REJECTED_ZERO_LABELS,UNKNOWN,0.0,0.0005,0.0,0.0089,0.0491,0.0002,0.0032,0.0009,0.0
2017109834,0.7082,0.1441,0.5641,1,Line of Fire,HIGH,ACCEPT_MODEL_PREDICTED,MODEL_PREDICTED,0.0084,0.0068,0.0046,0.1441,0.0053,0.7082,0.1218,0.0006,0.024
2017109858,0.004,0.0039,0.0001,0,NONE,NO_PREDICTION,REJECTED_ZERO_LABELS,UNKNOWN,0.0001,0.0008,0.0039,0.0009,0.0005,0.0,0.0003,0.0031,0.004
2017109881,0.9941,0.0185,0.9756,1,Line of Fire,HIGH,ACCEPT_MODEL_PREDICTED,MODEL_PREDICTED,0.0137,0.0015,0.0027,0.0185,0.0005,0.9941,0.0069,0.0001,0.0167
2017109883,0.0193,0.0034,0.0159,0,NONE,NO_PREDICTION,REJECTED_ZERO_LABELS,UNKNOWN,0.0,0.0,0.0001,0.0001,0.0,0.0193,0.0034,0.0,0.0001
2017109921,0.0149,0.0125,0.0024,0,NONE,NO_PREDICTION,REJECTED_ZERO_LABELS,UNKNOWN,0.0,0.0002,0.0,0.0011,0.0149,0.0001,0.0125,0.0002,0.0004
2017109971,0.591,0.0638,0.5272,1,Energy Isolation,MEDIUM,SENT_TO_HUMAN_REVIEW,UNKNOWN,0.0007,0.0015,0.0111,0.591,0.0006,0.0009,0.0638,0.0027,0.0042
2017109981,0.004,0.0001,0.0039,0,NONE,NO_PREDICTION,REJECTED_ZERO_LABELS,UNKNOWN,0.0,0.0,0.0,0.0,0.0,0.0,0.004,0.0,0.0001
20171010001,0.1596,0.0324,0.1272,0,NONE,NO_PREDICTION,REJECTED_ZERO_LABELS,UNKNOWN,0.0001,0.0027,0.0008,0.1596,0.0324,0.0001,0.0001,0.0012,0.018
20171010005,0.0072,0.0023,0.0049,0,NONE,NO_PREDICTION,REJECTED_ZERO_LABELS,UNKNOWN,0.0,0.0,0.0002,0.0072,0.0,0.0,0.0,0.0,0.0023
20171010023,0.9947,0.004,0.9907,1,Safe Mechanical Lifting,HIGH,ACCEPT_MODEL_PREDICTED,MODEL_PREDICTED,0.0,0.0,0.0005,0.004,0.0019,0.0028,0.9947,0.0002,0.0014
20171010045,0.013,0.0107,0.0023,0,NONE,NO_PREDICTION,REJECTED_ZERO_LABELS,UNKNOWN,0.0,0.0001,0.0001,0.013,0.0059,0.0002,0.0107,0.0003,0.0001
20171010051,0.2329,0.0661,0.1668,0,NONE,NO_PREDICTION,REJECTED_ZERO_LABELS,UNKNOWN,0.0001,0.0029,0.0,0.0661,0.2329,0.0005,0.0338,0.0042,0.006
20171010056,0.7008,0.0026,0.6982,1,Safe Mechanical Lifting,HIGH,ACCEPT_MODEL_PREDICTED,MODEL_PREDICTED,0.0001,0.0001,0.0007,0.0003,0.0004,0.0003,0.7008,0.0026,0.0025
20171010078,0.0011,0.0002,0.0009,0,NONE,NO_PREDICTION,REJECTED_ZERO_LABELS,UNKNOWN,0.0,0.0,0.0001,0.0001,0.0,0.0011,0.0002,0.0,0.0001
20171010081,0.704,0.0373,0.6667,1,Safe Mechanical Lifting,HIGH,ACCEPT_MODEL_PREDICTED,MODEL_PREDICTED,0.0,0.0,0.0134,0.0001,0.0004,0.0268,0.704,0.0,0.0373
20171010094,0.4021,0.0108,0.3913,1,Working at Height,LOW,REJECTED_LOW_CONFIDENCE,UNKNOWN,0.0,0.0,0.0011,0.0003,0.0003,0.0041,0.0108,0.0,0.4021
20171010134,0.0038,0.0031,0.0007,0,NONE,NO_PREDICTION,REJECTED_ZERO_LABELS,UNKNOWN,0.0,0.0,0.0002,0.0031,0.0001,0.0001,0.0038,0.0001,0.0003
20171010140,0.1256,0.0067,0.1189,0,NONE,NO_PREDICTION,REJECTED_ZERO_LABELS,UNKNOWN,0.0006,0.0056,0.0067,0.0019,0.0003,0.001,0.0,0.0006,0.1256
20171010147,0.0015,0.0001,0.0014,0,NONE,NO_PREDICTION,REJECTED_ZERO_LABELS,UNKNOWN,0.0,0.0,0.0,0.0,0.0001,0.0,0.0,0.0,0.0015
20171010149,0.0018,0.0012,0.0006,0,NONE,NO_PREDICTION,REJECTED_ZERO_LABELS,UNKNOWN,0.0,0.0001,0.0001,0.0018,0.0001,0.0012,0.0004,0.0,0.0008
20171010158,0.0081,0.0037,0.0044,0,NONE,NO_PREDICTION,REJECTED_ZERO_LABELS,UNKNOWN,0.0003,0.0017,0.0005,0.0027,0.0081,0.0009,0.0037,0.0021,0.0014
20171010177,0.0007,0.0006,0.0001,0,NONE,NO_PREDICTION,REJECTED_ZERO_LABELS,UNKNOWN,0.0,0.0001,0.0,0.0005,0.0007,0.0,0.0,0.0002,0.0006
20171010189,0.0009,0.0004,0.0005,0,NONE,NO_PREDICTION,REJECTED_ZERO_LABELS,UNKNOWN,0.0,0.0001,0.0001,0.0004,0.0,0.0002,0.0,0.0,0.0009
20171010193,0.9623,0.6916,0.2707,2,Working at Height | Safe Mechanical Lifting,HIGH,ACCEPT_MODEL_PREDICTED,MODEL_PREDICTED,0.0,0.0001,0.0128,0.0105,0.002,0.0001,0.6916,0.0086,0.9623
20171010233,0.0274,0.0234,0.004,0,NONE,NO_PREDICTION,REJECTED_ZERO_LABELS,UNKNOWN,0.0001,0.0003,0.0,0.0274,0.0234,0.0002,0.0044,0.0006,0.0003
20171010250,0.9999,0.1439,0.856,1,Safe Mechanical Lifting,HIGH,ACCEPT_MODEL_PREDICTED,MODEL_PREDICTED,0.0011,0.0005,0.0765,0.0638,0.0065,0.0089,0.9999,0.0254,0.1439
20171010256,0.0047,0.0003,0.0044,0,NONE,NO_PREDICTION,REJECTED_ZERO_LABELS,UNKNOWN,0.0,0.0001,0.0,0.0047,0.0,0.0,0.0,0.0001,0.0003
20171010266,0.9932,0.3305,0.6627,2,Safe Mechanical Lifting | Energy Isolation,HIGH,ACCEPT_MODEL_PREDICTED,MODEL_PREDICTED,0.0001,0.0005,0.0003,0.3305,0.0979,0.0016,0.9932,0.0085,0.0016
20171010313,0.5608,0.0028,0.558,1,Safe Mechanical Lifting,MEDIUM,SENT_TO_HUMAN_REVIEW,UNKNOWN,0.0,0.0001,0.0009,0.0017,0.0028,0.0001,0.5608,0.0012,0.0023
20171010330,0.5531,0.29,0.2631,1,Hot Work,MEDIUM,SENT_TO_HUMAN_REVIEW,UNKNOWN,0.0048,0.29,0.1397,0.0652,0.5531,0.0066,0.0051,0.1126,0.1506
20171010351,0.0864,0.0028,0.0836,0,NONE,NO_PREDICTION,REJECTED_ZERO_LABELS,UNKNOWN,0.0001,0.0,0.0028,0.0015,0.0,0.0005,0.0864,0.0003,0.0014
20171010355,0.1626,0.0005,0.1621,0,NONE,NO_PREDICTION,REJECTED_ZERO_LABELS,UNKNOWN,0.0,0.0,0.0001,0.0003,0.0001,0.0005,0.0,0.0,0.1626
20171010360,0.9996,0.7199,0.2797,2,Driving | Safe Mechanical Lifting,HIGH,ACCEPT_MODEL_PREDICTED,MODEL_PREDICTED,0.0135,0.0026,0.9996,0.0095,0.0022,0.035,0.7199,0.0287,0.0173
20171010364,0.9985,0.0119,0.9866,1,Driving,HIGH,ACCEPT_MODEL_PREDICTED,MODEL_PREDICTED,0.0064,0.0056,0.9985,0.0119,0.0002,0.0009,0.0016,0.0098,0.0018
20171010469,0.9558,0.1817,0.7741,1,Working at Height,HIGH,ACCEPT_MODEL_PREDICTED,MODEL_PREDICTED,0.0015,0.005,0.0083,0.1817,0.0085,0.0363,0.0009,0.0011,0.9558
20171010478,0.9998,0.0197,0.9801,1,Hot Work,HIGH,ACCEPT_MODEL_PREDICTED,MODEL_PREDICTED,0.0,0.0197,0.0,0.0065,0.9998,0.0001,0.0002,0.0047,0.0001
20171110513,0.9996,0.0206,0.979,1,Driving,HIGH,ACCEPT_MODEL_PREDICTED,MODEL_PREDICTED,0.0046,0.0053,0.9996,0.0012,0.0029,0.0026,0.0025,0.0206,0.0088
20171110579,0.0016,0.0012,0.0004,0,NONE,NO_PREDICTION,REJECTED_ZERO_LABELS,UNKNOWN,0.0,0.0,0.0,0.0012,0.0008,0.0016,0.0002,0.0,0.0008
20171112302,0.0008,0.0002,0.0006,0,NONE,NO_PREDICTION,REJECTED_ZERO_LABELS,UNKNOWN,0.0001,0.0002,0.0008,0.0001,0.0,0.0002,0.0001,0.0001,0.0
20171110596,0.0062,0.003,0.0032,0,NONE,NO_PREDICTION,REJECTED_ZERO_LABELS,UNKNOWN,0.0,0.0001,0.0002,0.003,0.0001,0.0,0.0062,0.0016,0.0008
20171110613,0.3788,0.3592,0.0196,2,Energy Isolation | Safe Mechanical Lifting,LOW,REJECTED_LOW_CONFIDENCE,UNKNOWN,0.0002,0.0033,0.0231,0.3788,0.1474,0.0005,0.3592,0.0114,0.1335
20171110629,0.022,0.0049,0.0171,0,NONE,NO_PREDICTION,REJECTED_ZERO_LABELS,UNKNOWN,0.0001,0.001,0.0007,0.022,0.0049,0.0,0.0019,0.0029,0.0
20171110644,0.5339,0.0134,0.5205,1,Working at Height,MEDIUM,SENT_TO_HUMAN_REVIEW,UNKNOWN,0.0004,0.0026,0.0018,0.0134,0.0021,0.0003,0.0008,0.0085,0.5339
20171110647,0.531,0.0468,0.4842,1,Energy Isolation,MEDIUM,SENT_TO_HUMAN_REVIEW,UNKNOWN,0.0016,0.0056,0.0011,0.531,0.0215,0.0163,0.0006,0.0005,0.0468
20171110656,0.9971,0.3264,0.6707,1,Energy Isolation,HIGH,ACCEPT_MODEL_PREDICTED,MODEL_PREDICTED,0.0024,0.0479,0.0002,0.9971,0.3264,0.002,0.008,0.0089,0.0368
20171110657,0.9941,0.2561,0.738,2,Safe Mechanical Lifting | Driving,HIGH,ACCEPT_MODEL_PREDICTED,MODEL_PREDICTED,0.0001,0.0,0.2561,0.0284,0.0011,0.0001,0.9941,0.0026,0.0857
20171110662,0.0177,0.0129,0.0048,0,NONE,NO_PREDICTION,REJECTED_ZERO_LABELS,UNKNOWN,0.0001,0.0003,0.0006,0.0001,0.0129,0.0009,0.0177,0.0003,0.0001
20171110752,0.9907,0.8869,0.1038,2,Driving | Working at Height,MEDIUM,SENT_TO_HUMAN_REVIEW,UNKNOWN,0.0028,0.0019,0.9907,0.0215,0.0056,0.0113,0.0357,0.0046,0.8869
20171110770,0.0006,0.0005,0.0001,0,NONE,NO_PREDICTION,REJECTED_ZERO_LABELS,UNKNOWN,0.0,0.0,0.0005,0.0,0.0,0.0003,0.0004,0.0,0.0006
20171110788,0.9977,0.0184,0.9793,1,Energy Isolation,HIGH,ACCEPT_MODEL_PREDICTED,MODEL_PREDICTED,0.0007,0.0003,0.0001,0.9977,0.0005,0.0005,0.0184,0.0004,0.0016
20171110830,0.6294,0.2281,0.4013,1,Safe Mechanical Lifting,MEDIUM,SENT_TO_HUMAN_REVIEW,UNKNOWN,0.0003,0.0025,0.0003,0.192,0.2281,0.0076,0.6294,0.0049,0.0
20171110837,0.755,0.0243,0.7307,1,Working at Height,HIGH,ACCEPT_MODEL_PREDICTED,MODEL_PREDICTED,0.0003,0.0002,0.0038,0.0243,0.0021,0.0062,0.0051,0.0004,0.755
20171110863,0.0028,0.0006,0.0022,0,NONE,NO_PREDICTION,REJECTED_ZERO_LABELS,UNKNOWN,0.0,0.0001,0.0,0.0006,0.0002,0.0002,0.0003,0.0001,0.0028
20171110873,0.0191,0.0012,0.0179,0,NONE,NO_PREDICTION,REJECTED_ZERO_LABELS,UNKNOWN,0.0,0.0,0.0002,0.001,0.0,0.0001,0.0012,0.0002,0.0191
20171110889,0.451,0.009,0.442,1,Energy Isolation,MEDIUM,SENT_TO_HUMAN_REVIEW,UNKNOWN,0.0004,0.001,0.0,0.451,0.009,0.0058,0.0057,0.0001,0.0001
20171110926,0.9896,0.0163,0.9733,1,Hot Work,HIGH,ACCEPT_MODEL_PREDICTED,MODEL_PREDICTED,0.0,0.0163,0.0,0.001,0.9896,0.0003,0.0003,0.0018,0.0
20171110938,0.9984,0.0418,0.9566,1,Safe Mechanical Lifting,HIGH,ACCEPT_MODEL_PREDICTED,MODEL_PREDICTED,0.0003,0.0001,0.0028,0.0323,0.0005,0.0418,0.9984,0.0013,0.0098
20171110941,0.1213,0.0192,0.1021,0,NONE,NO_PREDICTION,REJECTED_ZERO_LABELS,UNKNOWN,0.0004,0.0003,0.0034,0.0051,0.0001,0.0014,0.1213,0.0017,0.0192
20171110965,0.005,0.0014,0.0036,0,NONE,NO_PREDICTION,REJECTED_ZERO_LABELS,UNKNOWN,0.0,0.0003,0.0,0.001,0.005,0.0,0.0004,0.0004,0.0014
20171110971,0.0096,0.0015,0.0081,0,NONE,NO_PREDICTION,REJECTED_ZERO_LABELS,UNKNOWN,0.0001,0.0004,0.0004,0.0096,0.0014,0.0003,0.0015,0.0002,0.0
20171110975,0.9761,0.1803,0.7958,1,Working at Height,HIGH,ACCEPT_MODEL_PREDICTED,MODEL_PREDICTED,0.0001,0.0021,0.0152,0.0135,0.0232,0.0003,0.1803,0.0486,0.9761
20171111004,0.0004,0.0004,0.0,0,NONE,NO_PREDICTION,REJECTED_ZERO_LABELS,UNKNOWN,0.0,0.0,0.0,0.0,0.0004,0.0004,0.0,0.0,0.0001
20171111011,0.9952,0.1346,0.8606,1,Hot Work,HIGH,ACCEPT_MODEL_PREDICTED,MODEL_PREDICTED,0.0008,0.1346,0.0012,0.0084,0.9952,0.0124,0.0094,0.0648,0.0087
20171111012,0.9919,0.04,0.9519,1,Hot Work,HIGH,ACCEPT_MODEL_PREDICTED,MODEL_PREDICTED,0.0,0.04,0.0,0.0006,0.9919,0.0003,0.0,0.0037,0.0002
20171111024,0.0368,0.0222,0.0146,0,NONE,NO_PREDICTION,REJECTED_ZERO_LABELS,UNKNOWN,0.001,0.0173,0.0008,0.0222,0.0002,0.0003,0.0036,0.0368,0.0003
20171111034,0.0033,0.0019,0.0014,0,NONE,NO_PREDICTION,REJECTED_ZERO_LABELS,UNKNOWN,0.0,0.0,0.0,0.0033,0.0005,0.0002,0.0019,0.0,0.0002
20171110996,0.0016,0.0013,0.0003,0,NONE,NO_PREDICTION,REJECTED_ZERO_LABELS,UNKNOWN,0.0003,0.0006,0.0001,0.0013,0.0001,0.0016,0.0,0.0002,0.0003
20171111050,0.3964,0.0106,0.3858,1,Energy Isolation,LOW,REJECTED_LOW_CONFIDENCE,UNKNOWN,0.0003,0.0047,0.0001,0.3964,0.0057,0.0001,0.0106,0.0072,0.0004
20171111108,0.9849,0.0034,0.9815,1,Energy Isolation,HIGH,ACCEPT_MODEL_PREDICTED,MODEL_PREDICTED,0.001,0.0034,0.0002,0.9849,0.0002,0.0,0.0004,0.0033,0.0004
20171111136,0.0022,0.0017,0.0005,0,NONE,NO_PREDICTION,REJECTED_ZERO_LABELS,UNKNOWN,0.0003,0.0006,0.0017,0.0001,0.0002,0.0022,0.0,0.0001,0.0
20171111139,0.0096,0.0003,0.0093,0,NONE,NO_PREDICTION,REJECTED_ZERO_LABELS,UNKNOWN,0.0,0.0001,0.0,0.0003,0.0096,0.0,0.0003,0.0001,0.0
20171111162,0.5903,0.0843,0.506,1,Working at Height,MEDIUM,SENT_TO_HUMAN_REVIEW,UNKNOWN,0.0004,0.0015,0.004,0.0843,0.0001,0.0006,0.0005,0.0012,0.5903
20171111225,0.0043,0.0006,0.0037,0,NONE,NO_PREDICTION,REJECTED_ZERO_LABELS,UNKNOWN,0.0001,0.0002,0.0002,0.0043,0.0004,0.0001,0.0006,0.0005,0.0
20171111228,0.3374,0.1816,0.1558,1,Energy Isolation,LOW,REJECTED_LOW_CONFIDENCE,UNKNOWN,0.0036,0.0039,0.0003,0.3374,0.0038,0.1816,0.0018,0.0002,0.0014
20171111286,0.0003,0.0002,0.0001,0,NONE,NO_PREDICTION,REJECTED_ZERO_LABELS,UNKNOWN,0.0,0.0001,0.0003,0.0001,0.0001,0.0002,0.0,0.0001,0.0002
20171111322,0.5836,0.1171,0.4665,1,Energy Isolation,MEDIUM,SENT_TO_HUMAN_REVIEW,UNKNOWN,0.0005,0.0057,0.0,0.5836,0.1171,0.0009,0.0,0.0002,0.0
20171111327,0.745,0.0527,0.6923,1,Safe Mechanical Lifting,HIGH,ACCEPT_MODEL_PREDICTED,MODEL_PREDICTED,0.0001,0.0001,0.0527,0.0002,0.0005,0.0052,0.745,0.0005,0.0362
20171111335,0.8392,0.0255,0.8137,1,Driving,HIGH,ACCEPT_MODEL_PREDICTED,MODEL_PREDICTED,0.0012,0.0014,0.8392,0.0005,0.0002,0.0004,0.023,0.0255,0.0002
20171111337,0.0171,0.0137,0.0034,0,NONE,NO_PREDICTION,REJECTED_ZERO_LABELS,UNKNOWN,0.0,0.0001,0.0001,0.0137,0.0004,0.0,0.0171,0.0013,0.0002
20171111340,0.0009,0.0001,0.0008,0,NONE,NO_PREDICTION,REJECTED_ZERO_LABELS,UNKNOWN,0.0,0.0,0.0,0.0,0.0,0.0001,0.0,0.0,0.0009
20171111381,0.0162,0.0001,0.0161,0,NONE,NO_PREDICTION,REJECTED_ZERO_LABELS,UNKNOWN,0.0,0.0001,0.0,0.0162,0.0001,0.0,0.0001,0.0001,0.0001
20171211419,0.0094,0.0044,0.005,0,NONE,NO_PREDICTION,REJECTED_ZERO_LABELS,UNKNOWN,0.0,0.0,0.0094,0.0008,0.0,0.0,0.0003,0.0001,0.0044
20171211420,0.9964,0.004,0.9924,1,Working at Height,HIGH,ACCEPT_MODEL_PREDICTED,MODEL_PREDICTED,0.0,0.0001,0.002,0.004,0.0004,0.0009,0.0006,0.0001,0.9964
20171211511,0.0234,0.0006,0.0228,0,NONE,NO_PREDICTION,REJECTED_ZERO_LABELS,UNKNOWN,0.0001,0.0006,0.0001,0.0002,0.0234,0.0006,0.0004,0.0006,0.0001
20171211544,0.2154,0.0006,0.2148,0,NONE,NO_PREDICTION,REJECTED_ZERO_LABELS,UNKNOWN,0.0,0.0006,0.0,0.0003,0.2154,0.0,0.0001,0.0005,0.0001
20171211606,0.9997,0.0091,0.9906,1,Energy Isolation,HIGH,ACCEPT_MODEL_PREDICTED,MODEL_PREDICTED,0.0044,0.0091,0.0,0.9997,0.0048,0.0054,0.0008,0.0003,0.0006
20171211614,0.027,0.0036,0.0234,0,NONE,NO_PREDICTION,REJECTED_ZERO_LABELS,UNKNOWN,0.0001,0.0001,0.0036,0.0003,0.0,0.0003,0.0,0.0,0.027
20171211655,0.3669,0.0163,0.3506,1,Line of Fire,LOW,REJECTED_LOW_CONFIDENCE,UNKNOWN,0.0009,0.0004,0.0018,0.0003,0.0006,0.3669,0.0163,0.0001,0.0045
20171211664,0.309,0.2408,0.0682,1,Driving,LOW,REJECTED_LOW_CONFIDENCE,UNKNOWN,0.001,0.0168,0.309,0.0157,0.0241,0.0008,0.0034,0.0206,0.2408
20171211670,0.9565,0.1661,0.7904,1,Safe Mechanical Lifting,HIGH,ACCEPT_MODEL_PREDICTED,MODEL_PREDICTED,0.0,0.0001,0.0001,0.0044,0.1661,0.0003,0.9565,0.0014,0.002
20171211711,0.6581,0.0187,0.6394,1,Driving,MEDIUM,SENT_TO_HUMAN_REVIEW,UNKNOWN,0.0004,0.0012,0.6581,0.0013,0.0187,0.0013,0.0006,0.0006,0.0002
20171211716,0.1985,0.0064,0.1921,0,NONE,NO_PREDICTION,REJECTED_ZERO_LABELS,UNKNOWN,0.0007,0.0002,0.0014,0.0064,0.0001,0.1985,0.0002,0.0,0.0034
20171211723,0.9984,0.0229,0.9755,1,Safe Mechanical Lifting,HIGH,ACCEPT_MODEL_PREDICTED,MODEL_PREDICTED,0.0001,0.0001,0.0025,0.0229,0.0015,0.0014,0.9984,0.0017,0.0011
20171211733,0.9953,0.1037,0.8916,1,Driving,HIGH,ACCEPT_MODEL_PREDICTED,MODEL_PREDICTED,0.0029,0.0099,0.9953,0.0785,0.0737,0.0006,0.1037,0.0471,0.0004
20171211737,0.0008,0.0004,0.0004,0,NONE,NO_PREDICTION,REJECTED_ZERO_LABELS,UNKNOWN,0.0,0.0001,0.0004,0.0002,0.0003,0.0001,0.0008,0.0004,0.0002
20171211740,0.8935,0.0777,0.8158,1,Hot Work,HIGH,ACCEPT_MODEL_PREDICTED,MODEL_PREDICTED,0.0,0.0007,0.0001,0.0002,0.8935,0.0005,0.001,0.0006,0.0777
20171211773,0.2231,0.215,0.0081,1,Safe Mechanical Lifting,LOW,REJECTED_LOW_CONFIDENCE,UNKNOWN,0.0003,0.0002,0.0001,0.215,0.0003,0.0012,0.2231,0.0019,0.0526
20171211828,0.8597,0.3727,0.487,2,Line of Fire | Safe Mechanical Lifting,HIGH,ACCEPT_MODEL_PREDICTED,MODEL_PREDICTED,0.0002,0.0001,0.0003,0.0002,0.005,0.8597,0.3727,0.0,0.0017
20171211840,0.0339,0.0098,0.0241,0,NONE,NO_PREDICTION,REJECTED_ZERO_LABELS,UNKNOWN,0.0,0.0,0.0,0.0339,0.0,0.0,0.0001,0.0001,0.0098
20171211848,0.0002,0.0001,0.0001,0,NONE,NO_PREDICTION,REJECTED_ZERO_LABELS,UNKNOWN,0.0,0.0,0.0,0.0,0.0,0.0,0.0001,0.0,0.0002
20171211863,0.668,0.0011,0.6669,1,Energy Isolation,MEDIUM,SENT_TO_HUMAN_REVIEW,UNKNOWN,0.001,0.0003,0.0008,0.668,0.0001,0.0008,0.0,0.0001,0.0011
20171211945,0.0516,0.0127,0.0389,0,NONE,NO_PREDICTION,REJECTED_ZERO_LABELS,UNKNOWN,0.0004,0.0127,0.0005,0.002,0.0516,0.0047,0.0,0.001,0.0009
20171211973,0.0928,0.0034,0.0894,0,NONE,NO_PREDICTION,REJECTED_ZERO_LABELS,UNKNOWN,0.0001,0.0001,0.0001,0.0009,0.003,0.0034,0.0928,0.0001,0.0
20171211991,0.1816,0.0217,0.1599,0,NONE,NO_PREDICTION,REJECTED_ZERO_LABELS,UNKNOWN,0.0,0.0,0.0008,0.1816,0.0,0.0,0.0217,0.0003,0.0048
20171211995,0.0138,0.0088,0.005,0,NONE,NO_PREDICTION,REJECTED_ZERO_LABELS,UNKNOWN,0.0,0.0016,0.0001,0.0004,0.0088,0.0001,0.0,0.0003,0.0138
20171211996,0.0007,0.0002,0.0005,0,NONE,NO_PREDICTION,REJECTED_ZERO_LABELS,UNKNOWN,0.0,0.0,0.0,0.0007,0.0002,0.0,0.0,0.0,0.0
20171212048,0.0025,0.0006,0.0019,0,NONE,NO_PREDICTION,REJECTED_ZERO_LABELS,UNKNOWN,0.0001,0.0002,0.0006,0.0025,0.0002,0.0002,0.0002,0.0003,0.0006
20171212096,0.0009,0.0005,0.0004,0,NONE,NO_PREDICTION,REJECTED_ZERO_LABELS,UNKNOWN,0.0,0.0,0.0001,0.0002,0.0,0.0009,0.0005,0.0,0.0
20171212120,0.9817,0.0313,0.9504,1,Safe Mechanical Lifting,HIGH,ACCEPT_MODEL_PREDICTED,MODEL_PREDICTED,0.0001,0.0002,0.0006,0.0122,0.0313,0.0003,0.9817,0.0072,0.0032
20171212126,0.0093,0.0055,0.0038,0,NONE,NO_PREDICTION,REJECTED_ZERO_LABELS,UNKNOWN,0.0001,0.0002,0.0093,0.0005,0.0055,0.0007,0.0028,0.0001,0.0001
20171212130,0.9996,0.0087,0.9909,1,Energy Isolation,HIGH,ACCEPT_MODEL_PREDICTED,MODEL_PREDICTED,0.0025,0.0087,0.0002,0.9996,0.0024,0.0002,0.0014,0.0028,0.0036
20171212164,0.9324,0.0854,0.847,1,Safe Mechanical Lifting,HIGH,ACCEPT_MODEL_PREDICTED,MODEL_PREDICTED,0.0004,0.002,0.0018,0.0854,0.0231,0.0015,0.9324,0.0211,0.0044
20171212168,0.9767,0.834,0.1427,2,Hot Work | Safe Mechanical Lifting,MEDIUM,SENT_TO_HUMAN_REVIEW,UNKNOWN,0.0003,0.0155,0.0049,0.0168,0.9767,0.0559,0.834,0.0241,0.0047
20171212174,0.0721,0.0072,0.0649,0,NONE,NO_PREDICTION,REJECTED_ZERO_LABELS,UNKNOWN,0.0,0.0,0.0002,0.0001,0.0003,0.0008,0.0721,0.0,0.0072
20171212246,0.8804,0.0067,0.8737,1,Energy Isolation,HIGH,ACCEPT_MODEL_PREDICTED,MODEL_PREDICTED,0.0002,0.0013,0.0,0.8804,0.0067,0.0002,0.0014,0.0002,0.001
20171212255,0.0013,0.0004,0.0009,0,NONE,NO_PREDICTION,REJECTED_ZERO_LABELS,UNKNOWN,0.0001,0.0001,0.0013,0.0003,0.0,0.0004,0.0001,0.0,0.0001
20171212336,0.9996,0.1275,0.8721,1,Safe Mechanical Lifting,HIGH,ACCEPT_MODEL_PREDICTED,MODEL_PREDICTED,0.0003,0.0008,0.1275,0.0298,0.0218,0.0009,0.9996,0.0494,0.0024
20171212363,0.0096,0.0054,0.0042,0,NONE,NO_PREDICTION,REJECTED_ZERO_LABELS,UNKNOWN,0.0001,0.0003,0.0,0.0043,0.0054,0.0096,0.0038,0.0001,0.0003
20171212366,0.9978,0.0266,0.9712,1,Working at Height,HIGH,ACCEPT_MODEL_PREDICTED,MODEL_PREDICTED,0.0,0.0001,0.0056,0.002,0.0008,0.0266,0.0019,0.0001,0.9978
20171212382,0.0007,0.0003,0.0004,0,NONE,NO_PREDICTION,REJECTED_ZERO_LABELS,UNKNOWN,0.0,0.0001,0.0007,0.0,0.0001,0.0,0.0001,0.0003,0.0
20171212387,0.3241,0.0121,0.312,1,Working at Height,LOW,REJECTED_LOW_CONFIDENCE,UNKNOWN,0.0005,0.001,0.0121,0.0007,0.0,0.0015,0.0012,0.0017,0.3241
2018010017,0.8766,0.0226,0.854,1,Hot Work,HIGH,ACCEPT_MODEL_PREDICTED,MODEL_PREDICTED,0.0003,0.0226,0.0058,0.0014,0.8766,0.0009,0.0001,0.0131,0.0011
2018010036,0.9924,0.7429,0.2495,2,Driving | Safe Mechanical Lifting,HIGH,ACCEPT_MODEL_PREDICTED,MODEL_PREDICTED,0.0017,0.0032,0.9924,0.0112,0.0089,0.0014,0.7429,0.0672,0.0019
2018010055,0.9992,0.0194,0.9798,1,Hot Work,HIGH,ACCEPT_MODEL_PREDICTED,MODEL_PREDICTED,0.0,0.0194,0.0,0.003,0.9992,0.0004,0.0001,0.001,0.0
2018010067,0.951,0.0027,0.9483,1,Working at Height,HIGH,ACCEPT_MODEL_PREDICTED,MODEL_PREDICTED,0.0,0.0007,0.0003,0.0027,0.0006,0.0001,0.0001,0.0005,0.951
2018010116,0.1753,0.0215,0.1538,0,NONE,NO_PREDICTION,REJECTED_ZERO_LABELS,UNKNOWN,0.0003,0.0215,0.0063,0.0029,0.1753,0.0004,0.0002,0.0051,0.0036
2018010120,0.0012,0.0001,0.0011,0,NONE,NO_PREDICTION,REJECTED_ZERO_LABELS,UNKNOWN,0.0,0.0,0.0001,0.0001,0.0,0.0001,0.0012,0.0001,0.0
2018010149,0.0236,0.0011,0.0225,0,NONE,NO_PREDICTION,REJECTED_ZERO_LABELS,UNKNOWN,0.0,0.0002,0.0,0.0008,0.0236,0.0006,0.0011,0.0002,0.0
2018010151,0.0011,0.0009,0.0002,0,NONE,NO_PREDICTION,REJECTED_ZERO_LABELS,UNKNOWN,0.0,0.0,0.0,0.0,0.0002,0.0001,0.0009,0.0,0.0011
2018010165,0.0371,0.0347,0.0024,0,NONE,NO_PREDICTION,REJECTED_ZERO_LABELS,UNKNOWN,0.0007,0.0008,0.0002,0.0347,0.0019,0.0371,0.0002,0.0001,0.0029
2018010186,0.9975,0.0867,0.9108,1,Working at Height,HIGH,ACCEPT_MODEL_PREDICTED,MODEL_PREDICTED,0.0005,0.0004,0.0057,0.0114,0.0013,0.0867,0.0158,0.0009,0.9975
2018010194,0.0027,0.0022,0.0005,0,NONE,NO_PREDICTION,REJECTED_ZERO_LABELS,UNKNOWN,0.0006,0.0022,0.0027,0.0001,0.0003,0.0021,0.0001,0.001,0.0003
2018010241,0.9841,0.0064,0.9777,1,Energy Isolation,HIGH,ACCEPT_MODEL_PREDICTED,MODEL_PREDICTED,0.0001,0.0009,0.0,0.9841,0.0064,0.0001,0.0001,0.0003,0.0017
2018010252,0.9995,0.0718,0.9277,1,Driving,HIGH,ACCEPT_MODEL_PREDICTED,MODEL_PREDICTED,0.0062,0.0192,0.9995,0.0058,0.0241,0.0014,0.0059,0.0718,0.011
2018010279,0.1825,0.0018,0.1807,0,NONE,NO_PREDICTION,REJECTED_ZERO_LABELS,UNKNOWN,0.0,0.0,0.0001,0.0001,0.0,0.0018,0.0001,0.0,0.1825
2018010329,0.0046,0.0005,0.0041,0,NONE,NO_PREDICTION,REJECTED_ZERO_LABELS,UNKNOWN,0.0,0.0,0.0005,0.0001,0.0,0.0,0.0046,0.0005,0.0001
2018010386,0.7058,0.2977,0.4081,1,Work Authorization,HIGH,ACCEPT_MODEL_PREDICTED,MODEL_PREDICTED,0.0011,0.2977,0.0057,0.0066,0.1728,0.0002,0.0265,0.7058,0.0006
2018010417,0.0036,0.001,0.0026,0,NONE,NO_PREDICTION,REJECTED_ZERO_LABELS,UNKNOWN,0.0,0.0002,0.0002,0.0036,0.0001,0.0,0.001,0.0006,0.0002
2018010419,0.0008,0.0007,0.0001,0,NONE,NO_PREDICTION,REJECTED_ZERO_LABELS,UNKNOWN,0.0,0.0001,0.0007,0.0,0.0001,0.0008,0.0,0.0,0.0006
2018010444,0.0012,0.0012,0.0,0,NONE,NO_PREDICTION,REJECTED_ZERO_LABELS,UNKNOWN,0.0,0.0,0.0,0.0,0.0001,0.0012,0.0002,0.0,0.0012
2018010448,0.0027,0.0016,0.0011,0,NONE,NO_PREDICTION,REJECTED_ZERO_LABELS,UNKNOWN,0.0003,0.0004,0.0005,0.0016,0.0006,0.0027,0.0002,0.0001,0.0001
2018010452,0.8956,0.0062,0.8894,1,Hot Work,HIGH,ACCEPT_MODEL_PREDICTED,MODEL_PREDICTED,0.0,0.0062,0.0001,0.005,0.8956,0.0003,0.0,0.0003,0.0001
2018010479,0.5644,0.0018,0.5626,1,Line of Fire,MEDIUM,SENT_TO_HUMAN_REVIEW,UNKNOWN,0.0002,0.0,0.0,0.0003,0.001,0.5644,0.0018,0.0,0.0018
2018010502,0.0334,0.0046,0.0288,0,NONE,NO_PREDICTION,REJECTED_ZERO_LABELS,UNKNOWN,0.0039,0.0046,0.0038,0.0334,0.0,0.0042,0.0001,0.0018,0.0003
2018010515,0.9992,0.3037,0.6955,2,Safe Mechanical Lifting | Working at Height,HIGH,ACCEPT_MODEL_PREDICTED,MODEL_PREDICTED,0.0,0.0,0.002,0.0007,0.0075,0.0062,0.9992,0.0006,0.3037
2018010554,0.9068,0.4853,0.4215,2,Safe Mechanical Lifting | Working at Height,HIGH,ACCEPT_MODEL_PREDICTED,MODEL_PREDICTED,0.0,0.0,0.0041,0.0004,0.0009,0.0,0.9068,0.0015,0.4853
2018010580,0.0082,0.0005,0.0077,0,NONE,NO_PREDICTION,REJECTED_ZERO_LABELS,UNKNOWN,0.0,0.0,0.0005,0.0,0.0003,0.0082,0.0005,0.0,0.0
2018010582,0.0188,0.0036,0.0152,0,NONE,NO_PREDICTION,REJECTED_ZERO_LABELS,UNKNOWN,0.0002,0.0003,0.0002,0.0036,0.0002,0.0014,0.0027,0.0008,0.0188
2018010592,0.0039,0.0025,0.0014,0,NONE,NO_PREDICTION,REJECTED_ZERO_LABELS,UNKNOWN,0.0002,0.0039,0.0017,0.0003,0.0022,0.0002,0.0,0.0025,0.0001
2018010605,0.0045,0.0005,0.004,0,NONE,NO_PREDICTION,REJECTED_ZERO_LABELS,UNKNOWN,0.0001,0.0002,0.0,0.0045,0.0003,0.0005,0.0001,0.0,0.0001
2018010610,0.0041,0.0035,0.0006,0,NONE,NO_PREDICTION,REJECTED_ZERO_LABELS,UNKNOWN,0.0001,0.0002,0.0013,0.0013,0.0,0.0,0.0021,0.0035,0.0041
2018010630,0.9925,0.9711,0.0214,2,Working at Height | Driving,MEDIUM,SENT_TO_HUMAN_REVIEW,UNKNOWN,0.0006,0.0009,0.9711,0.0159,0.0029,0.0007,0.0044,0.0042,0.9925
2018010654,0.1359,0.0038,0.1321,0,NONE,NO_PREDICTION,REJECTED_ZERO_LABELS,UNKNOWN,0.0,0.0,0.0,0.0005,0.0001,0.0013,0.1359,0.0003,0.0038
2018010670,0.8006,0.0723,0.7283,1,Energy Isolation,HIGH,ACCEPT_MODEL_PREDICTED,MODEL_PREDICTED,0.0032,0.0235,0.0013,0.8006,0.0036,0.0088,0.0723,0.0091,0.0024
2018010675,0.9608,0.0751,0.8857,1,Safe Mechanical Lifting,HIGH,ACCEPT_MODEL_PREDICTED,MODEL_PREDICTED,0.0,0.0001,0.0751,0.0007,0.0009,0.0001,0.9608,0.0031,0.0006
2018010686,0.0033,0.002,0.0013,0,NONE,NO_PREDICTION,REJECTED_ZERO_LABELS,UNKNOWN,0.0001,0.0002,0.0012,0.0012,0.002,0.002,0.0001,0.0,0.0033
2018010729,0.0542,0.013,0.0412,0,NONE,NO_PREDICTION,REJECTED_ZERO_LABELS,UNKNOWN,0.0,0.0,0.0001,0.0001,0.0003,0.0542,0.0027,0.0,0.013
2018010813,0.0062,0.0029,0.0033,0,NONE,NO_PREDICTION,REJECTED_ZERO_LABELS,UNKNOWN,0.0,0.0,0.0001,0.0002,0.0,0.0029,0.0,0.0,0.0062
2018010840,0.0079,0.0042,0.0037,0,NONE,NO_PREDICTION,REJECTED_ZERO_LABELS,UNKNOWN,0.0,0.0,0.0,0.0001,0.0001,0.0005,0.0079,0.0,0.0042
2018010876,0.0262,0.0008,0.0254,0,NONE,NO_PREDICTION,REJECTED_ZERO_LABELS,UNKNOWN,0.0,0.0,0.0007,0.0004,0.0001,0.0002,0.0008,0.0001,0.0262
2018010900,0.1808,0.0367,0.1441,0,NONE,NO_PREDICTION,REJECTED_ZERO_LABELS,UNKNOWN,0.0004,0.0003,0.0005,0.0363,0.0007,0.0367,0.0205,0.0004,0.1808
2018010908,0.9016,0.3175,0.5841,2,Working at Height | Line of Fire,HIGH,ACCEPT_MODEL_PREDICTED,MODEL_PREDICTED,0.0015,0.0009,0.0094,0.0336,0.0016,0.3175,0.0024,0.0001,0.9016
2018010924,0.9998,0.1723,0.8275,1,Safe Mechanical Lifting,HIGH,ACCEPT_MODEL_PREDICTED,MODEL_PREDICTED,0.0002,0.0,0.0071,0.1723,0.0012,0.0133,0.9998,0.0018,0.087
2018010931,0.9998,0.0473,0.9525,1,Driving,HIGH,ACCEPT_MODEL_PREDICTED,MODEL_PREDICTED,0.0036,0.0013,0.9998,0.001,0.0008,0.01,0.0053,0.0026,0.0473
2018010958,0.7361,0.6203,0.1158,2,Safe Mechanical Lifting | Line of Fire,MEDIUM,SENT_TO_HUMAN_REVIEW,UNKNOWN,0.0018,0.0001,0.0008,0.0153,0.0001,0.6203,0.7361,0.0001,0.0012
2018012056,0.9984,0.0821,0.9163,1,Energy Isolation,HIGH,ACCEPT_MODEL_PREDICTED,MODEL_PREDICTED,0.0284,0.0821,0.0011,0.9984,0.0124,0.0021,0.0046,0.0196,0.0002
2018010979,0.0003,0.0002,0.0001,0,NONE,NO_PREDICTION,REJECTED_ZERO_LABELS,UNKNOWN,0.0,0.0,0.0001,0.0002,0.0003,0.0002,0.0,0.0,0.0
2018010987,0.0366,0.0007,0.0359,0,NONE,NO_PREDICTION,REJECTED_ZERO_LABELS,UNKNOWN,0.0,0.0001,0.0,0.0366,0.0006,0.0002,0.0007,0.0001,0.0001
2018010999,0.5851,0.2417,0.3434,2,Energy Isolation | Safe Mechanical Lifting,MEDIUM,SENT_TO_HUMAN_REVIEW,UNKNOWN,0.0001,0.0004,0.0001,0.5851,0.0038,0.0002,0.2417,0.0011,0.0004
2018011005,0.673,0.0109,0.6621,1,Driving,MEDIUM,SENT_TO_HUMAN_REVIEW,UNKNOWN,0.0003,0.0016,0.673,0.0109,0.0007,0.0,0.0,0.0015,0.0005
2018011020,0.9303,0.133,0.7973,1,Working at Height,HIGH,ACCEPT_MODEL_PREDICTED,MODEL_PREDICTED,0.0002,0.0005,0.0284,0.0086,0.0006,0.0004,0.133,0.0072,0.9303
2018011025,0.9902,0.1363,0.8539,1,Safe Mechanical Lifting,HIGH,ACCEPT_MODEL_PREDICTED,MODEL_PREDICTED,0.0011,0.0002,0.0918,0.0229,0.0007,0.1363,0.9902,0.0007,0.0192
2018011031,0.9593,0.417,0.5423,2,Safe Mechanical Lifting | Energy Isolation,HIGH,ACCEPT_MODEL_PREDICTED,MODEL_PREDICTED,0.0001,0.0002,0.0001,0.417,0.1569,0.0106,0.9593,0.0009,0.001
2018021071,0.292,0.0104,0.2816,0,NONE,NO_PREDICTION,REJECTED_ZERO_LABELS,UNKNOWN,0.0003,0.0002,0.0011,0.292,0.0001,0.0003,0.0079,0.0005,0.0104
2018021099,0.9993,0.021,0.9783,1,Energy Isolation,HIGH,ACCEPT_MODEL_PREDICTED,MODEL_PREDICTED,0.0034,0.021,0.0002,0.9993,0.0025,0.0002,0.0013,0.0059,0.0013
2018021100,0.04,0.0053,0.0347,0,NONE,NO_PREDICTION,REJECTED_ZERO_LABELS,UNKNOWN,0.0,0.0001,0.0001,0.0019,0.0002,0.001,0.04,0.0002,0.0053
2018021123,0.4049,0.1457,0.2592,1,Safe Mechanical Lifting,LOW,REJECTED_LOW_CONFIDENCE,UNKNOWN,0.0002,0.0001,0.0011,0.0005,0.0295,0.0927,0.4049,0.0002,0.1457
2018021126,0.2408,0.0133,0.2275,1,Safe Mechanical Lifting,LOW,REJECTED_LOW_CONFIDENCE,UNKNOWN,0.0,0.0,0.0,0.0007,0.0008,0.0133,0.2408,0.0,0.006
2018021180,0.1073,0.01,0.0973,0,NONE,NO_PREDICTION,REJECTED_ZERO_LABELS,UNKNOWN,0.0,0.0001,0.0076,0.0002,0.0031,0.0007,0.1073,0.0004,0.01
2018021192,0.0202,0.0012,0.019,0,NONE,NO_PREDICTION,REJECTED_ZERO_LABELS,UNKNOWN,0.0001,0.0002,0.0002,0.0009,0.0,0.0012,0.0,0.0,0.0202
2018021230,0.0225,0.0007,0.0218,0,NONE,NO_PREDICTION,REJECTED_ZERO_LABELS,UNKNOWN,0.0,0.0,0.0001,0.0,0.0007,0.0,0.0225,0.0,0.0001
2018021280,0.0776,0.0027,0.0749,0,NONE,NO_PREDICTION,REJECTED_ZERO_LABELS,UNKNOWN,0.0,0.0001,0.0027,0.0005,0.0001,0.0001,0.0004,0.0004,0.0776
2018021283,0.002,0.001,0.001,0,NONE,NO_PREDICTION,REJECTED_ZERO_LABELS,UNKNOWN,0.0,0.0001,0.0,0.0,0.001,0.0,0.002,0.001,0.0
2018021310,0.3649,0.0269,0.338,1,Energy Isolation,LOW,REJECTED_LOW_CONFIDENCE,UNKNOWN,0.0027,0.003,0.001,0.3649,0.0002,0.0269,0.0014,0.0005,0.0164
2018021386,0.0448,0.0206,0.0242,0,NONE,NO_PREDICTION,REJECTED_ZERO_LABELS,UNKNOWN,0.0025,0.0008,0.0018,0.0448,0.0001,0.0206,0.0141,0.0021,0.0042
2018021387,0.04,0.0275,0.0125,0,NONE,NO_PREDICTION,REJECTED_ZERO_LABELS,UNKNOWN,0.0002,0.0001,0.0067,0.0001,0.0004,0.04,0.001,0.0001,0.0275
2018021390,0.9946,0.1495,0.8451,1,Energy Isolation,HIGH,ACCEPT_MODEL_PREDICTED,MODEL_PREDICTED,0.013,0.1495,0.0063,0.9946,0.0968,0.0003,0.0012,0.0648,0.0279
2018021394,0.023,0.0035,0.0195,0,NONE,NO_PREDICTION,REJECTED_ZERO_LABELS,UNKNOWN,0.0002,0.0011,0.0004,0.023,0.0035,0.0002,0.0001,0.0004,0.0002
2018021398,0.0414,0.0012,0.0402,0,NONE,NO_PREDICTION,REJECTED_ZERO_LABELS,UNKNOWN,0.0,0.0,0.0,0.0414,0.0012,0.0008,0.0008,0.0,0.0007
2018021417,0.9927,0.0485,0.9442,1,Energy Isolation,HIGH,ACCEPT_MODEL_PREDICTED,MODEL_PREDICTED,0.0009,0.0105,0.0009,0.9927,0.0485,0.0001,0.0001,0.0026,0.0128
2018021418,0.1189,0.0063,0.1126,0,NONE,NO_PREDICTION,REJECTED_ZERO_LABELS,UNKNOWN,0.0004,0.0005,0.0012,0.1189,0.0001,0.0001,0.0041,0.0063,0.0001
2018021456,0.0005,0.0004,0.0001,0,NONE,NO_PREDICTION,REJECTED_ZERO_LABELS,UNKNOWN,0.0,0.0,0.0,0.0004,0.0,0.0002,0.0005,0.0,0.0
2018021463,0.0084,0.0016,0.0068,0,NONE,NO_PREDICTION,REJECTED_ZERO_LABELS,UNKNOWN,0.0003,0.0003,0.0005,0.0016,0.0,0.0005,0.0001,0.0006,0.0084
2018021579,0.1307,0.11,0.0207,0,NONE,NO_PREDICTION,REJECTED_ZERO_LABELS,UNKNOWN,0.001,0.0095,0.0008,0.0278,0.11,0.0077,0.1307,0.0079,0.0118
2018021600,0.0792,0.0017,0.0775,0,NONE,NO_PREDICTION,REJECTED_ZERO_LABELS,UNKNOWN,0.0007,0.0005,0.0002,0.0003,0.0001,0.0792,0.0007,0.0001,0.0017
2018021618,0.0007,0.0005,0.0002,0,NONE,NO_PREDICTION,REJECTED_ZERO_LABELS,UNKNOWN,0.0,0.0,0.0,0.0007,0.0001,0.0,0.0001,0.0,0.0005
2018021629,0.0597,0.0208,0.0389,0,NONE,NO_PREDICTION,REJECTED_ZERO_LABELS,UNKNOWN,0.0001,0.0024,0.0597,0.0005,0.0208,0.0011,0.0001,0.0006,0.0003
2018021672,0.7701,0.0267,0.7434,1,Energy Isolation,HIGH,ACCEPT_MODEL_PREDICTED,MODEL_PREDICTED,0.0005,0.0136,0.0,0.7701,0.0267,0.0,0.0,0.0017,0.0011
2018021674,0.9827,0.0003,0.9824,1,Energy Isolation,HIGH,ACCEPT_MODEL_PREDICTED,MODEL_PREDICTED,0.0002,0.0002,0.0,0.9827,0.0003,0.0,0.0001,0.0001,0.0001
2018021677,0.1866,0.0054,0.1812,0,NONE,NO_PREDICTION,REJECTED_ZERO_LABELS,UNKNOWN,0.0,0.0008,0.0002,0.0014,0.1866,0.0,0.0002,0.0007,0.0054
2018021678,0.0024,0.0007,0.0017,0,NONE,NO_PREDICTION,REJECTED_ZERO_LABELS,UNKNOWN,0.0001,0.0001,0.0001,0.0024,0.0,0.0007,0.0,0.0,0.0001
2018021744,0.0021,0.0017,0.0004,0,NONE,NO_PREDICTION,REJECTED_ZERO_LABELS,UNKNOWN,0.0,0.0001,0.0002,0.0,0.0017,0.0001,0.0004,0.0001,0.0021
2018021746,0.6498,0.0285,0.6213,1,Energy Isolation,MEDIUM,SENT_TO_HUMAN_REVIEW,UNKNOWN,0.0005,0.0004,0.0,0.6498,0.0097,0.0285,0.0169,0.0003,0.0045
2018021809,0.0111,0.0015,0.0096,0,NONE,NO_PREDICTION,REJECTED_ZERO_LABELS,UNKNOWN,0.0,0.0,0.0001,0.0001,0.0001,0.0,0.0015,0.0,0.0111
2018021815,0.5636,0.0067,0.5569,1,Energy Isolation,MEDIUM,SENT_TO_HUMAN_REVIEW,UNKNOWN,0.0009,0.0027,0.0007,0.5636,0.0067,0.0029,0.0023,0.0009,0.0048
2018021827,0.9889,0.0783,0.9106,1,Energy Isolation,HIGH,ACCEPT_MODEL_PREDICTED,MODEL_PREDICTED,0.0009,0.0014,0.0001,0.9889,0.0033,0.0007,0.0783,0.0023,0.0007
2018021846,0.0872,0.0069,0.0803,0,NONE,NO_PREDICTION,REJECTED_ZERO_LABELS,UNKNOWN,0.0,0.0,0.0,0.0069,0.0007,0.0001,0.0872,0.0002,0.0004
2018021890,0.7595,0.1787,0.5808,1,Safe Mechanical Lifting,HIGH,ACCEPT_MODEL_PREDICTED,MODEL_PREDICTED,0.0,0.0,0.0,0.1787,0.0024,0.0002,0.7595,0.0003,0.0031
2018021898,0.0032,0.0031,0.0001,0,NONE,NO_PREDICTION,REJECTED_ZERO_LABELS,UNKNOWN,0.0,0.0,0.0,0.0031,0.0001,0.0,0.0032,0.0001,0.0004
2018021902,0.6496,0.0077,0.6419,1,Safe Mechanical Lifting,MEDIUM,SENT_TO_HUMAN_REVIEW,UNKNOWN,0.0,0.0,0.0011,0.005,0.0001,0.0001,0.6496,0.0017,0.0077
2018021915,0.0236,0.0218,0.0018,0,NONE,NO_PREDICTION,REJECTED_ZERO_LABELS,UNKNOWN,0.0001,0.0002,0.0001,0.0218,0.0003,0.0002,0.0236,0.0003,0.0
2018021922,0.833,0.5561,0.2769,3,Hot Work | Energy Isolation | Driving,HIGH,ACCEPT_MODEL_PREDICTED,MODEL_PREDICTED,0.0041,0.1467,0.3569,0.5561,0.833,0.0026,0.0432,0.3048,0.1096
2018024174,0.0057,0.0041,0.0016,0,NONE,NO_PREDICTION,REJECTED_ZERO_LABELS,UNKNOWN,0.0,0.0002,0.0,0.0057,0.0004,0.0001,0.0,0.0,0.0041
2018021931,0.9912,0.5705,0.4207,3,Safe Mechanical Lifting | Driving | Working at Height,HIGH,ACCEPT_MODEL_PREDICTED,MODEL_PREDICTED,0.0012,0.0006,0.5705,0.0325,0.0075,0.023,0.9912,0.0113,0.4655
2018021980,0.1291,0.089,0.0401,0,NONE,NO_PREDICTION,REJECTED_ZERO_LABELS,UNKNOWN,0.0021,0.036,0.0008,0.089,0.0018,0.0003,0.0004,0.1291,0.0011
2018022011,0.0009,0.0006,0.0003,0,NONE,NO_PREDICTION,REJECTED_ZERO_LABELS,UNKNOWN,0.0,0.0001,0.0001,0.0009,0.0002,0.0001,0.0,0.0,0.0006
2018032092,0.1415,0.0129,0.1286,0,NONE,NO_PREDICTION,REJECTED_ZERO_LABELS,UNKNOWN,0.0083,0.0121,0.0038,0.0129,0.0083,0.1415,0.0029,0.0027,0.0001
2018032093,0.0089,0.0025,0.0064,0,NONE,NO_PREDICTION,REJECTED_ZERO_LABELS,UNKNOWN,0.0,0.0001,0.0001,0.0025,0.0089,0.0,0.0,0.0001,0.0001
2018032109,0.1283,0.0345,0.0938,0,NONE,NO_PREDICTION,REJECTED_ZERO_LABELS,UNKNOWN,0.0,0.0001,0.0,0.0345,0.0309,0.0088,0.1283,0.0,0.0039
2018032123,0.9988,0.2579,0.7409,2,Safe Mechanical Lifting | Driving,HIGH,ACCEPT_MODEL_PREDICTED,MODEL_PREDICTED,0.0003,0.0003,0.2579,0.0221,0.0009,0.0002,0.9988,0.0407,0.0268
2018032131,0.0163,0.0038,0.0125,0,NONE,NO_PREDICTION,REJECTED_ZERO_LABELS,UNKNOWN,0.0001,0.0002,0.0013,0.0038,0.0,0.001,0.0007,0.0001,0.0163
2018032133,0.0027,0.0026,0.0001,0,NONE,NO_PREDICTION,REJECTED_ZERO_LABELS,UNKNOWN,0.0,0.0007,0.0001,0.001,0.0027,0.0,0.0024,0.0026,0.0002
2018032149,0.4114,0.0136,0.3978,1,Line of Fire,LOW,REJECTED_LOW_CONFIDENCE,UNKNOWN,0.0016,0.0001,0.0001,0.0116,0.0,0.4114,0.0136,0.0,0.0002
2018032178,0.0516,0.0408,0.0108,0,NONE,NO_PREDICTION,REJECTED_ZERO_LABELS,UNKNOWN,0.0002,0.0066,0.0,0.0408,0.0516,0.0004,0.0002,0.0025,0.0103
2018032253,0.9993,0.0388,0.9605,1,Energy Isolation,HIGH,ACCEPT_MODEL_PREDICTED,MODEL_PREDICTED,0.0347,0.0388,0.0088,0.9993,0.015,0.0004,0.0105,0.0123,0.0011
2018032284,0.0203,0.0017,0.0186,0,NONE,NO_PREDICTION,REJECTED_ZERO_LABELS,UNKNOWN,0.0002,0.0003,0.001,0.0001,0.0004,0.0203,0.0017,0.0,0.001
2018032365,0.998,0.5124,0.4856,2,Driving | Safe Mechanical Lifting,HIGH,ACCEPT_MODEL_PREDICTED,MODEL_PREDICTED,0.0015,0.0006,0.998,0.0002,0.0007,0.0197,0.5124,0.0039,0.0048
2018032379,0.0058,0.0002,0.0056,0,NONE,NO_PREDICTION,REJECTED_ZERO_LABELS,UNKNOWN,0.0,0.0,0.0,0.0058,0.0001,0.0002,0.0001,0.0,0.0
2018032383,0.0067,0.0008,0.0059,0,NONE,NO_PREDICTION,REJECTED_ZERO_LABELS,UNKNOWN,0.0001,0.0003,0.0002,0.0067,0.0001,0.0001,0.0001,0.0004,0.0008
2018032392,0.9959,0.1506,0.8453,1,Energy Isolation,HIGH,ACCEPT_MODEL_PREDICTED,MODEL_PREDICTED,0.0078,0.0101,0.0018,0.9959,0.0007,0.0145,0.0036,0.0016,0.1506
2018032394,0.9873,0.5168,0.4705,2,Work Authorization | Confined Space,HIGH,ACCEPT_MODEL_PREDICTED,MODEL_PREDICTED,0.0126,0.5168,0.1242,0.0817,0.0264,0.0002,0.0084,0.9873,0.0055
2018032413,0.9998,0.0983,0.9015,1,Safe Mechanical Lifting,HIGH,ACCEPT_MODEL_PREDICTED,MODEL_PREDICTED,0.0003,0.0001,0.0403,0.0983,0.0056,0.005,0.9998,0.0043,0.0829
2018032417,0.3895,0.0091,0.3804,0,NONE,NO_PREDICTION,REJECTED_ZERO_LABELS,UNKNOWN,0.0,0.0001,0.0,0.0002,0.3895,0.0029,0.0091,0.0002,0.0001
2018032433,0.8491,0.1331,0.716,1,Working at Height,HIGH,ACCEPT_MODEL_PREDICTED,MODEL_PREDICTED,0.0075,0.0067,0.0613,0.1331,0.0008,0.0923,0.0054,0.0035,0.8491
2018032467,0.0755,0.0281,0.0474,0,NONE,NO_PREDICTION,REJECTED_ZERO_LABELS,UNKNOWN,0.0002,0.0005,0.0,0.0755,0.0173,0.0281,0.0274,0.0003,0.0008
2018032495,0.05,0.0166,0.0334,0,NONE,NO_PREDICTION,REJECTED_ZERO_LABELS,UNKNOWN,0.0006,0.0003,0.0001,0.0115,0.0002,0.05,0.0166,0.0002,0.0006
2018032549,0.0093,0.0036,0.0057,0,NONE,NO_PREDICTION,REJECTED_ZERO_LABELS,UNKNOWN,0.0,0.0006,0.0004,0.0001,0.0036,0.0,0.0001,0.0012,0.0093
2018032598,0.9986,0.0234,0.9752,1,Energy Isolation,HIGH,ACCEPT_MODEL_PREDICTED,MODEL_PREDICTED,0.0166,0.0234,0.0005,0.9986,0.0025,0.007,0.0203,0.0076,0.0009
2018032629,0.1363,0.0019,0.1344,0,NONE,NO_PREDICTION,REJECTED_ZERO_LABELS,UNKNOWN,0.0,0.0002,0.0003,0.0001,0.1363,0.0001,0.0007,0.0001,0.0019
2018032641,0.0015,0.0007,0.0008,0,NONE,NO_PREDICTION,REJECTED_ZERO_LABELS,UNKNOWN,0.0,0.0,0.0001,0.0,0.0,0.0015,0.0001,0.0,0.0007
2018032655,0.138,0.0222,0.1158,0,NONE,NO_PREDICTION,REJECTED_ZERO_LABELS,UNKNOWN,0.0,0.0004,0.0001,0.138,0.0094,0.0,0.0222,0.0007,0.0001
2018032674,0.7507,0.0546,0.6961,1,Line of Fire,HIGH,ACCEPT_MODEL_PREDICTED,MODEL_PREDICTED,0.0014,0.0002,0.0007,0.003,0.0002,0.7507,0.0546,0.0,0.0004
2018032686,0.3653,0.0435,0.3218,1,Energy Isolation,LOW,REJECTED_LOW_CONFIDENCE,UNKNOWN,0.0,0.0003,0.0,0.3653,0.0435,0.0005,0.0342,0.0003,0.037
2018032695,0.8736,0.0363,0.8373,1,Driving,HIGH,ACCEPT_MODEL_PREDICTED,MODEL_PREDICTED,0.0019,0.0105,0.8736,0.0363,0.0011,0.0002,0.0003,0.0049,0.0006
2018032703,0.9979,0.0176,0.9803,1,Working at Height,HIGH,ACCEPT_MODEL_PREDICTED,MODEL_PREDICTED,0.0008,0.0018,0.0055,0.0167,0.004,0.0176,0.0028,0.0023,0.9979
2018032708,0.3466,0.1945,0.1521,1,Safe Mechanical Lifting,LOW,REJECTED_LOW_CONFIDENCE,UNKNOWN,0.0011,0.0005,0.0043,0.0755,0.0009,0.1945,0.3466,0.0005,0.0334
2018032710,0.2644,0.0771,0.1873,0,NONE,NO_PREDICTION,REJECTED_ZERO_LABELS,UNKNOWN,0.0002,0.0001,0.0004,0.2644,0.0008,0.0008,0.0247,0.0003,0.0771
2018032796,0.8149,0.6712,0.1437,3,Line of Fire | Working at Height | Safe Mechanical Lifting,MEDIUM,SENT_TO_HUMAN_REVIEW,UNKNOWN,0.0008,0.0002,0.0064,0.0041,0.0005,0.8149,0.5609,0.0002,0.6712
2018032813,0.6723,0.6711,0.0012,2,Work Authorization | Confined Space,MEDIUM,SENT_TO_HUMAN_REVIEW,UNKNOWN,0.0078,0.6711,0.0061,0.0145,0.2858,0.0023,0.0008,0.6723,0.0
2018032861,0.9959,0.0957,0.9002,1,Energy Isolation,HIGH,ACCEPT_MODEL_PREDICTED,MODEL_PREDICTED,0.0081,0.0957,0.0008,0.9959,0.0015,0.0001,0.0001,0.0331,0.0011
2018032893,0.0794,0.0048,0.0746,0,NONE,NO_PREDICTION,REJECTED_ZERO_LABELS,UNKNOWN,0.0,0.0,0.0,0.0005,0.0794,0.0004,0.0003,0.0,0.0048
2018032921,0.0008,0.0006,0.0002,0,NONE,NO_PREDICTION,REJECTED_ZERO_LABELS,UNKNOWN,0.0001,0.0001,0.0,0.0003,0.0001,0.0006,0.0008,0.0001,0.0
2018032928,0.9982,0.1287,0.8695,1,Driving,HIGH,ACCEPT_MODEL_PREDICTED,MODEL_PREDICTED,0.0059,0.0703,0.9982,0.0043,0.1287,0.0023,0.0013,0.1062,0.0039
2018032984,0.8677,0.3495,0.5182,2,Working at Height | Line of Fire,HIGH,ACCEPT_MODEL_PREDICTED,MODEL_PREDICTED,0.0006,0.0006,0.0011,0.0128,0.0028,0.3495,0.0347,0.0003,0.8677
2018033026,0.0319,0.0015,0.0304,0,NONE,NO_PREDICTION,REJECTED_ZERO_LABELS,UNKNOWN,0.0002,0.0004,0.0001,0.0319,0.0002,0.0011,0.0001,0.0002,0.0015
2018033060,0.5055,0.4794,0.0261,2,Energy Isolation | Hot Work,MEDIUM,SENT_TO_HUMAN_REVIEW,UNKNOWN,0.002,0.2753,0.0007,0.5055,0.4794,0.0007,0.0001,0.048,0.0012
2018033081,0.0808,0.0043,0.0765,0,NONE,NO_PREDICTION,REJECTED_ZERO_LABELS,UNKNOWN,0.0,0.0,0.0001,0.0002,0.0001,0.0043,0.0042,0.0,0.0808
2018033102,0.0064,0.0009,0.0055,0,NONE,NO_PREDICTION,REJECTED_ZERO_LABELS,UNKNOWN,0.0001,0.0007,0.0004,0.0009,0.0003,0.0004,0.0,0.0001,0.0064
2018033109,0.0246,0.0152,0.0094,0,NONE,NO_PREDICTION,REJECTED_ZERO_LABELS,UNKNOWN,0.0001,0.0006,0.0003,0.0016,0.0002,0.0002,0.0246,0.0099,0.0152
2018043133,0.998,0.036,0.962,1,Hot Work,HIGH,ACCEPT_MODEL_PREDICTED,MODEL_PREDICTED,0.0,0.036,0.0,0.0145,0.998,0.0001,0.0002,0.0138,0.0
2018043147,0.0025,0.0022,0.0003,0,NONE,NO_PREDICTION,REJECTED_ZERO_LABELS,UNKNOWN,0.0,0.0,0.0,0.0009,0.0001,0.0014,0.0022,0.0,0.0025
2018043174,0.001,0.0003,0.0007,0,NONE,NO_PREDICTION,REJECTED_ZERO_LABELS,UNKNOWN,0.0,0.0,0.0,0.001,0.0003,0.0002,0.0001,0.0,0.0
2018043179,0.9899,0.0455,0.9444,1,Working at Height,HIGH,ACCEPT_MODEL_PREDICTED,MODEL_PREDICTED,0.0,0.0001,0.0017,0.0005,0.0199,0.0038,0.0455,0.0012,0.9899
2018043219,0.0067,0.0037,0.003,0,NONE,NO_PREDICTION,REJECTED_ZERO_LABELS,UNKNOWN,0.0,0.0,0.0,0.0004,0.0,0.0037,0.0018,0.0,0.0067
2018043228,0.0818,0.0134,0.0684,0,NONE,NO_PREDICTION,REJECTED_ZERO_LABELS,UNKNOWN,0.0001,0.0,0.0001,0.0005,0.0,0.0818,0.0134,0.0,0.0006
2018043230,0.6755,0.0057,0.6698,1,Working at Height,MEDIUM,SENT_TO_HUMAN_REVIEW,UNKNOWN,0.0001,0.0002,0.0039,0.0039,0.0057,0.001,0.0055,0.0007,0.6755
2018043294,0.2081,0.1792,0.0289,1,Line of Fire,LOW,REJECTED_LOW_CONFIDENCE,UNKNOWN,0.0068,0.006,0.1792,0.1537,0.0094,0.2081,0.0659,0.0044,0.0575
2018043343,0.0346,0.0053,0.0293,0,NONE,NO_PREDICTION,REJECTED_ZERO_LABELS,UNKNOWN,0.0001,0.0006,0.0,0.0346,0.0053,0.0018,0.0046,0.0007,0.0002
2018043353,0.1787,0.0014,0.1773,0,NONE,NO_PREDICTION,REJECTED_ZERO_LABELS,UNKNOWN,0.0,0.0,0.0006,0.0003,0.0001,0.0003,0.1787,0.0001,0.0014
2018043357,0.0003,0.0003,0.0,0,NONE,NO_PREDICTION,REJECTED_ZERO_LABELS,UNKNOWN,0.0,0.0001,0.0001,0.0003,0.0001,0.0001,0.0003,0.0002,0.0001
2018043359,0.0383,0.0063,0.032,0,NONE,NO_PREDICTION,REJECTED_ZERO_LABELS,UNKNOWN,0.0,0.0024,0.0,0.0063,0.0383,0.0001,0.0004,0.0025,0.0002
2018043414,0.9808,0.5523,0.4285,2,Safe Mechanical Lifting | Energy Isolation,HIGH,ACCEPT_MODEL_PREDICTED,MODEL_PREDICTED,0.001,0.001,0.0053,0.5523,0.0081,0.0162,0.9808,0.0088,0.0022
2018043434,0.004,0.0019,0.0021,0,NONE,NO_PREDICTION,REJECTED_ZERO_LABELS,UNKNOWN,0.0002,0.0019,0.0,0.004,0.0015,0.0007,0.0006,0.0007,0.0
2018043457,0.9263,0.1231,0.8032,1,Driving,HIGH,ACCEPT_MODEL_PREDICTED,MODEL_PREDICTED,0.0001,0.0005,0.9263,0.0047,0.0416,0.0001,0.0072,0.003,0.1231
2018043465,0.9992,0.9607,0.0385,3,Safe Mechanical Lifting | Working at Height | Driving,MEDIUM,SENT_TO_HUMAN_REVIEW,UNKNOWN,0.0015,0.0004,0.4435,0.0305,0.0059,0.0265,0.9992,0.0142,0.9607
2018043494,0.9942,0.9741,0.0201,2,Safe Mechanical Lifting | Working at Height,MEDIUM,SENT_TO_HUMAN_REVIEW,UNKNOWN,0.0006,0.0013,0.0091,0.1737,0.0514,0.0029,0.9942,0.0648,0.9741
2018043498,0.045,0.0082,0.0368,0,NONE,NO_PREDICTION,REJECTED_ZERO_LABELS,UNKNOWN,0.0003,0.0004,0.0001,0.0013,0.0008,0.045,0.0082,0.0001,0.0001
2018043521,0.006,0.0025,0.0035,0,NONE,NO_PREDICTION,REJECTED_ZERO_LABELS,UNKNOWN,0.0001,0.0001,0.0002,0.006,0.0,0.0001,0.0017,0.0007,0.0025
2018043531,0.0353,0.0128,0.0225,0,NONE,NO_PREDICTION,REJECTED_ZERO_LABELS,UNKNOWN,0.0,0.0,0.0017,0.0004,0.0001,0.0128,0.0074,0.0,0.0353
2018043537,0.0103,0.0048,0.0055,0,NONE,NO_PREDICTION,REJECTED_ZERO_LABELS,UNKNOWN,0.0,0.0,0.0001,0.0,0.0,0.0048,0.0103,0.0,0.0033
2018043578,0.5369,0.1304,0.4065,1,Safe Mechanical Lifting,MEDIUM,SENT_TO_HUMAN_REVIEW,UNKNOWN,0.0001,0.0002,0.0,0.0054,0.1304,0.0452,0.5369,0.0003,0.0188
2018043597,0.9982,0.9702,0.028,3,Safe Mechanical Lifting | Energy Isolation | Working at Height,MEDIUM,SENT_TO_HUMAN_REVIEW,UNKNOWN,0.0272,0.012,0.1169,0.9702,0.0167,0.153,0.9982,0.0219,0.3455
2018043604,0.0744,0.0039,0.0705,0,NONE,NO_PREDICTION,REJECTED_ZERO_LABELS,UNKNOWN,0.0004,0.0039,0.0001,0.0744,0.0015,0.0006,0.0001,0.0024,0.0001
2018043609,0.3412,0.0198,0.3214,0,NONE,NO_PREDICTION,REJECTED_ZERO_LABELS,UNKNOWN,0.0001,0.0017,0.0,0.0198,0.3412,0.0027,0.0002,0.0003,0.0003
2018043610,0.0004,0.0003,0.0001,0,NONE,NO_PREDICTION,REJECTED_ZERO_LABELS,UNKNOWN,0.0,0.0,0.0,0.0004,0.0001,0.0,0.0,0.0,0.0003
2018043646,0.0136,0.0052,0.0084,0,NONE,NO_PREDICTION,REJECTED_ZERO_LABELS,UNKNOWN,0.0,0.0006,0.0,0.0136,0.0052,0.0,0.0008,0.001,0.0003
2018043651,0.0028,0.0005,0.0023,0,NONE,NO_PREDICTION,REJECTED_ZERO_LABELS,UNKNOWN,0.0,0.0,0.0,0.0028,0.0001,0.0005,0.0,0.0,0.0002
2018043667,0.0198,0.0038,0.016,0,NONE,NO_PREDICTION,REJECTED_ZERO_LABELS,UNKNOWN,0.0001,0.0002,0.001,0.0006,0.0,0.0038,0.0022,0.0003,0.0198
2018043674,0.9714,0.7055,0.2659,2,Working at Height | Safe Mechanical Lifting,HIGH,ACCEPT_MODEL_PREDICTED,MODEL_PREDICTED,0.0005,0.0001,0.0175,0.0104,0.0001,0.1122,0.7055,0.0008,0.9714
2018043698,0.9973,0.9698,0.0275,2,Driving | Working at Height,MEDIUM,SENT_TO_HUMAN_REVIEW,UNKNOWN,0.0016,0.0016,0.9973,0.0028,0.0073,0.0022,0.0082,0.0077,0.9698
2018043747,0.9999,0.2444,0.7555,1,Safe Mechanical Lifting,HIGH,ACCEPT_MODEL_PREDICTED,MODEL_PREDICTED,0.0006,0.0004,0.2444,0.0412,0.0052,0.0032,0.9999,0.0345,0.0819
2018043760,0.118,0.0059,0.1121,0,NONE,NO_PREDICTION,REJECTED_ZERO_LABELS,UNKNOWN,0.0,0.0,0.0003,0.0006,0.0025,0.0,0.118,0.0003,0.0059
2018043776,0.0176,0.0023,0.0153,0,NONE,NO_PREDICTION,REJECTED_ZERO_LABELS,UNKNOWN,0.0,0.0011,0.0002,0.0023,0.0176,0.0001,0.0002,0.0011,0.0015
2018043798,0.001,0.0002,0.0008,0,NONE,NO_PREDICTION,REJECTED_ZERO_LABELS,UNKNOWN,0.0,0.0,0.0,0.0002,0.0001,0.001,0.0,0.0,0.0
2018043824,0.5115,0.0719,0.4396,1,Safe Mechanical Lifting,MEDIUM,SENT_TO_HUMAN_REVIEW,UNKNOWN,0.0,0.0001,0.0048,0.0719,0.0025,0.0005,0.5115,0.0001,0.003
2018043833,0.1504,0.0231,0.1273,0,NONE,NO_PREDICTION,REJECTED_ZERO_LABELS,UNKNOWN,0.0007,0.0003,0.0006,0.0076,0.0002,0.1504,0.0231,0.0001,0.0003
2018043844,0.9899,0.0371,0.9528,1,Driving,HIGH,ACCEPT_MODEL_PREDICTED,MODEL_PREDICTED,0.0023,0.0028,0.9899,0.0113,0.0083,0.0041,0.0371,0.0034,0.0011
2018043850,0.9897,0.0803,0.9094,1,Safe Mechanical Lifting,HIGH,ACCEPT_MODEL_PREDICTED,MODEL_PREDICTED,0.0,0.0,0.0003,0.0803,0.0257,0.0033,0.9897,0.0002,0.0022
2018043854,0.008,0.0018,0.0062,0,NONE,NO_PREDICTION,REJECTED_ZERO_LABELS,UNKNOWN,0.0,0.0001,0.0,0.0018,0.0002,0.0,0.008,0.0006,0.0005
2018043880,0.9997,0.0191,0.9806,1,Driving,HIGH,ACCEPT_MODEL_PREDICTED,MODEL_PREDICTED,0.0039,0.0014,0.9997,0.0191,0.0018,0.0007,0.0149,0.0093,0.0188
2018043920,0.9955,0.3966,0.5989,1,Hot Work,HIGH,ACCEPT_MODEL_PREDICTED,MODEL_PREDICTED,0.0005,0.1442,0.0196,0.0083,0.9955,0.0017,0.0791,0.3966,0.0047
2018043974,0.0018,0.0006,0.0012,0,NONE,NO_PREDICTION,REJECTED_ZERO_LABELS,UNKNOWN,0.0,0.0,0.0003,0.0,0.0002,0.0001,0.0006,0.0001,0.0018
2018044021,0.0108,0.0092,0.0016,0,NONE,NO_PREDICTION,REJECTED_ZERO_LABELS,UNKNOWN,0.0001,0.0042,0.0,0.0108,0.0092,0.0001,0.0,0.0012,0.0003
2018044035,0.9991,0.0214,0.9777,1,Hot Work,HIGH,ACCEPT_MODEL_PREDICTED,MODEL_PREDICTED,0.0,0.0214,0.0,0.0077,0.9991,0.0003,0.0008,0.0048,0.0001
2018044042,0.0031,0.0022,0.0009,0,NONE,NO_PREDICTION,REJECTED_ZERO_LABELS,UNKNOWN,0.0001,0.0002,0.0001,0.0001,0.0031,0.0022,0.0,0.0,0.0002
2018044055,0.0816,0.0731,0.0085,0,NONE,NO_PREDICTION,REJECTED_ZERO_LABELS,UNKNOWN,0.0001,0.0035,0.0046,0.0004,0.0141,0.0,0.0816,0.0731,0.0001
2018044062,0.996,0.05,0.946,1,Driving,HIGH,ACCEPT_MODEL_PREDICTED,MODEL_PREDICTED,0.0103,0.0032,0.996,0.0048,0.0003,0.05,0.0008,0.0011,0.0112
2018044075,0.0318,0.0013,0.0305,0,NONE,NO_PREDICTION,REJECTED_ZERO_LABELS,UNKNOWN,0.0,0.0002,0.0005,0.0005,0.0002,0.0,0.0004,0.0013,0.0318
2018044079,0.0045,0.0023,0.0022,0,NONE,NO_PREDICTION,REJECTED_ZERO_LABELS,UNKNOWN,0.0,0.0,0.0,0.0023,0.0001,0.0,0.0045,0.0001,0.0015
2018044080,0.0763,0.0026,0.0737,0,NONE,NO_PREDICTION,REJECTED_ZERO_LABELS,UNKNOWN,0.0001,0.0001,0.0,0.0001,0.002,0.0763,0.0026,0.0,0.0002
2018044099,0.0014,0.0008,0.0006,0,NONE,NO_PREDICTION,REJECTED_ZERO_LABELS,UNKNOWN,0.0,0.0,0.0,0.0008,0.0003,0.0003,0.0002,0.0,0.0014
2018044117,0.0003,0.0001,0.0002,0,NONE,NO_PREDICTION,REJECTED_ZERO_LABELS,UNKNOWN,0.0,0.0,0.0,0.0003,0.0,0.0001,0.0001,0.0,0.0001
2018044133,0.6468,0.4698,0.177,3,Work Authorization | Energy Isolation | Working at Height,MEDIUM,SENT_TO_HUMAN_REVIEW,UNKNOWN,0.0251,0.292,0.0159,0.4698,0.0899,0.0119,0.0628,0.6468,0.3105
2018044142,0.9999,0.1514,0.8485,1,Driving,HIGH,ACCEPT_MODEL_PREDICTED,MODEL_PREDICTED,0.0197,0.0081,0.9999,0.0132,0.009,0.0048,0.032,0.1514,0.0172
2018044149,0.9988,0.0279,0.9709,1,Safe Mechanical Lifting,HIGH,ACCEPT_MODEL_PREDICTED,MODEL_PREDICTED,0.0004,0.0005,0.0077,0.0279,0.0054,0.0103,0.9988,0.0053,0.0018
2018044152,0.7849,0.0032,0.7817,1,Driving,HIGH,ACCEPT_MODEL_PREDICTED,MODEL_PREDICTED,0.0008,0.0004,0.7849,0.0032,0.0,0.0006,0.0011,0.0008,0.0004
2018054229,0.9912,0.0322,0.959,1,Safe Mechanical Lifting,HIGH,ACCEPT_MODEL_PREDICTED,MODEL_PREDICTED,0.0001,0.0003,0.0078,0.0322,0.0128,0.0003,0.9912,0.0153,0.0002
2018054247,0.0005,0.0004,0.0001,0,NONE,NO_PREDICTION,REJECTED_ZERO_LABELS,UNKNOWN,0.0,0.0001,0.0,0.0002,0.0004,0.0001,0.0001,0.0001,0.0005
2018054304,0.9979,0.0017,0.9962,1,Driving,HIGH,ACCEPT_MODEL_PREDICTED,MODEL_PREDICTED,0.0005,0.0004,0.9979,0.0001,0.0003,0.001,0.0017,0.001,0.0012
2018054305,0.9324,0.063,0.8694,1,Safe Mechanical Lifting,HIGH,ACCEPT_MODEL_PREDICTED,MODEL_PREDICTED,0.0001,0.0001,0.0002,0.063,0.0019,0.0034,0.9324,0.0011,0.0012
2018054311,0.9983,0.1619,0.8364,1,Driving,HIGH,ACCEPT_MODEL_PREDICTED,MODEL_PREDICTED,0.0026,0.015,0.9983,0.0509,0.1364,0.0012,0.1619,0.0633,0.0808
2018054320,0.0208,0.0029,0.0179,0,NONE,NO_PREDICTION,REJECTED_ZERO_LABELS,UNKNOWN,0.0,0.0,0.0,0.0008,0.0208,0.0001,0.0029,0.0,0.0016
2018054443,0.0018,0.0017,0.0001,0,NONE,NO_PREDICTION,REJECTED_ZERO_LABELS,UNKNOWN,0.0,0.0001,0.0,0.0017,0.0004,0.0,0.0018,0.0003,0.0005
2018054472,0.0852,0.0063,0.0789,0,NONE,NO_PREDICTION,REJECTED_ZERO_LABELS,UNKNOWN,0.0,0.0007,0.0003,0.0063,0.0852,0.0001,0.0015,0.0011,0.0052
2018054484,0.3958,0.1449,0.2509,0,NONE,NO_PREDICTION,REJECTED_ZERO_LABELS,UNKNOWN,0.0001,0.0025,0.0001,0.1437,0.3958,0.0002,0.1449,0.0083,0.0015
2018054508,0.9986,0.1418,0.8568,1,Hot Work,HIGH,ACCEPT_MODEL_PREDICTED,MODEL_PREDICTED,0.0001,0.1418,0.0001,0.0197,0.9986,0.0004,0.0016,0.1045,0.0001
2018054526,0.5812,0.2446,0.3366,1,Working at Height,MEDIUM,SENT_TO_HUMAN_REVIEW,UNKNOWN,0.0106,0.0109,0.2446,0.1133,0.0015,0.0763,0.0023,0.003,0.5812
2018054537,0.1153,0.0396,0.0757,0,NONE,NO_PREDICTION,REJECTED_ZERO_LABELS,UNKNOWN,0.0063,0.0396,0.0003,0.1153,0.0124,0.0235,0.0093,0.0115,0.0203
2018054546,0.0252,0.0033,0.0219,0,NONE,NO_PREDICTION,REJECTED_ZERO_LABELS,UNKNOWN,0.0023,0.0033,0.0015,0.0013,0.0002,0.0252,0.0003,0.0007,0.0002
2018054547,0.1331,0.0279,0.1052,0,NONE,NO_PREDICTION,REJECTED_ZERO_LABELS,UNKNOWN,0.0,0.0001,0.0,0.0279,0.0018,0.0,0.0008,0.0004,0.1331
2018054575,0.1688,0.0013,0.1675,0,NONE,NO_PREDICTION,REJECTED_ZERO_LABELS,UNKNOWN,0.0011,0.0005,0.0002,0.0013,0.0005,0.1688,0.0001,0.0,0.0
2018054628,0.0504,0.0339,0.0165,0,NONE,NO_PREDICTION,REJECTED_ZERO_LABELS,UNKNOWN,0.0002,0.0003,0.0,0.0504,0.0039,0.0339,0.016,0.0001,0.0001
2018054635,0.8893,0.0009,0.8884,1,Safe Mechanical Lifting,HIGH,ACCEPT_MODEL_PREDICTED,MODEL_PREDICTED,0.0,0.0,0.0006,0.0009,0.0001,0.0001,0.8893,0.0001,0.0
2018054652,0.0027,0.0007,0.002,0,NONE,NO_PREDICTION,REJECTED_ZERO_LABELS,UNKNOWN,0.0001,0.0002,0.0007,0.0001,0.0001,0.0027,0.0,0.0,0.0002
2018054690,0.9318,0.054,0.8778,1,Driving,HIGH,ACCEPT_MODEL_PREDICTED,MODEL_PREDICTED,0.001,0.0027,0.9318,0.054,0.005,0.0001,0.0029,0.0028,0.0001
2018054695,0.2667,0.0152,0.2515,1,Safe Mechanical Lifting,LOW,REJECTED_LOW_CONFIDENCE,UNKNOWN,0.0,0.0,0.0009,0.0003,0.0002,0.0015,0.2667,0.0002,0.0152
2018054709,0.9939,0.5497,0.4442,2,Safe Mechanical Lifting | Hot Work,HIGH,ACCEPT_MODEL_PREDICTED,MODEL_PREDICTED,0.0,0.0003,0.0007,0.0056,0.5497,0.0009,0.9939,0.0043,0.0035
2018054730,0.9904,0.0086,0.9818,1,Working at Height,HIGH,ACCEPT_MODEL_PREDICTED,MODEL_PREDICTED,0.0001,0.0003,0.0086,0.0045,0.0026,0.006,0.0007,0.0002,0.9904
2018054731,0.0955,0.0153,0.0802,0,NONE,NO_PREDICTION,REJECTED_ZERO_LABELS,UNKNOWN,0.0006,0.003,0.002,0.0075,0.0118,0.0153,0.0955,0.0014,0.0001
2018054734,0.926,0.4645,0.4615,2,Working at Height | Driving,HIGH,ACCEPT_MODEL_PREDICTED,MODEL_PREDICTED,0.0005,0.0054,0.4645,0.0048,0.3518,0.0019,0.0879,0.0292,0.926
2018054771,0.0468,0.0389,0.0079,0,NONE,NO_PREDICTION,REJECTED_ZERO_LABELS,UNKNOWN,0.0011,0.0144,0.0093,0.0037,0.0116,0.0163,0.0389,0.0234,0.0468
2018054812,0.2651,0.0762,0.1889,0,NONE,NO_PREDICTION,REJECTED_ZERO_LABELS,UNKNOWN,0.0047,0.0356,0.0392,0.2651,0.0035,0.0009,0.0032,0.0679,0.0762
2018054817,0.0205,0.0033,0.0172,0,NONE,NO_PREDICTION,REJECTED_ZERO_LABELS,UNKNOWN,0.0001,0.0,0.0,0.0033,0.0,0.0205,0.0006,0.0,0.0002
2018054832,0.8321,0.0409,0.7912,1,Energy Isolation,HIGH,ACCEPT_MODEL_PREDICTED,MODEL_PREDICTED,0.0,0.0,0.0001,0.8321,0.0007,0.0,0.0409,0.0001,0.0032
2018054897,0.2425,0.0006,0.2419,1,Safe Mechanical Lifting,LOW,REJECTED_LOW_CONFIDENCE,UNKNOWN,0.0,0.0,0.0001,0.0004,0.0006,0.0,0.2425,0.0004,0.0001
2018054902,0.3786,0.0032,0.3754,1,Line of Fire,LOW,REJECTED_LOW_CONFIDENCE,UNKNOWN,0.0007,0.0003,0.0005,0.0004,0.0001,0.3786,0.0003,0.0,0.0032
2018054984,0.0787,0.0005,0.0782,0,NONE,NO_PREDICTION,REJECTED_ZERO_LABELS,UNKNOWN,0.0,0.0001,0.0004,0.0787,0.0001,0.0,0.0004,0.0002,0.0005
2018055001,0.0137,0.0112,0.0025,0,NONE,NO_PREDICTION,REJECTED_ZERO_LABELS,UNKNOWN,0.0,0.0003,0.0,0.0112,0.0019,0.0001,0.0137,0.0005,0.0008
2018055004,0.0217,0.0098,0.0119,0,NONE,NO_PREDICTION,REJECTED_ZERO_LABELS,UNKNOWN,0.0003,0.0002,0.0001,0.0098,0.0003,0.0217,0.0002,0.0,0.0
2018055029,0.0087,0.0001,0.0086,0,NONE,NO_PREDICTION,REJECTED_ZERO_LABELS,UNKNOWN,0.0,0.0,0.0,0.0001,0.0,0.0001,0.0087,0.0001,0.0001
2018055130,0.3839,0.2479,0.136,1,Energy Isolation,LOW,REJECTED_LOW_CONFIDENCE,UNKNOWN,0.0004,0.0004,0.0,0.3839,0.0293,0.0597,0.0479,0.0002,0.2479
2018055135,0.4789,0.0013,0.4776,1,Energy Isolation,MEDIUM,SENT_TO_HUMAN_REVIEW,UNKNOWN,0.0002,0.0007,0.0001,0.4789,0.0002,0.0,0.0007,0.0003,0.0013
2018055136,0.0011,0.0003,0.0008,0,NONE,NO_PREDICTION,REJECTED_ZERO_LABELS,UNKNOWN,0.0,0.0,0.0011,0.0,0.0001,0.0,0.0003,0.0001,0.0
2018055172,0.9931,0.0076,0.9855,1,Energy Isolation,HIGH,ACCEPT_MODEL_PREDICTED,MODEL_PREDICTED,0.0001,0.0009,0.0,0.9931,0.0076,0.0001,0.0,0.0002,0.0051
2018055178,0.8797,0.7886,0.0911,3,Safe Mechanical Lifting | Working at Height | Driving,MEDIUM,SENT_TO_HUMAN_REVIEW,UNKNOWN,0.0013,0.0005,0.7487,0.0104,0.0012,0.0628,0.8797,0.0137,0.7886
2018055179,0.173,0.0899,0.0831,0,NONE,NO_PREDICTION,REJECTED_ZERO_LABELS,UNKNOWN,0.0003,0.0007,0.0001,0.0899,0.0154,0.0033,0.0012,0.0005,0.173
2018055181,0.0032,0.0005,0.0027,0,NONE,NO_PREDICTION,REJECTED_ZERO_LABELS,UNKNOWN,0.0,0.0001,0.0,0.0032,0.0005,0.0,0.0001,0.0001,0.0002
2018055256,0.0007,0.0005,0.0002,0,NONE,NO_PREDICTION,REJECTED_ZERO_LABELS,UNKNOWN,0.0,0.0,0.0001,0.0,0.0007,0.0004,0.0005,0.0001,0.0
2018055288,0.0039,0.0005,0.0034,0,NONE,NO_PREDICTION,REJECTED_ZERO_LABELS,UNKNOWN,0.0,0.0,0.0,0.0002,0.0005,0.0002,0.0039,0.0001,0.0001
2018055303,0.1171,0.0288,0.0883,0,NONE,NO_PREDICTION,REJECTED_ZERO_LABELS,UNKNOWN,0.0,0.0,0.0,0.0288,0.0122,0.0,0.1171,0.0001,0.0002
2018055307,0.997,0.062,0.935,1,Line of Fire,HIGH,ACCEPT_MODEL_PREDICTED,MODEL_PREDICTED,0.0058,0.0003,0.0012,0.0064,0.0002,0.997,0.062,0.0,0.0004
2018055311,0.0081,0.0077,0.0004,0,NONE,NO_PREDICTION,REJECTED_ZERO_LABELS,UNKNOWN,0.0,0.0,0.0004,0.0001,0.0077,0.0002,0.0081,0.0001,0.0015
2018055318,0.6697,0.2533,0.4164,2,Working at Height | Driving,MEDIUM,SENT_TO_HUMAN_REVIEW,UNKNOWN,0.0002,0.0005,0.2533,0.1469,0.0032,0.0001,0.0004,0.0015,0.6697
2018065363,0.0007,0.0002,0.0005,0,NONE,NO_PREDICTION,REJECTED_ZERO_LABELS,UNKNOWN,0.0,0.0001,0.0002,0.0,0.0,0.0,0.0007,0.0002,0.0001
2018065371,0.7612,0.0395,0.7217,1,Line of Fire,HIGH,ACCEPT_MODEL_PREDICTED,MODEL_PREDICTED,0.0023,0.0018,0.0002,0.0138,0.0395,0.7612,0.0025,0.0,0.0001
2018065375,0.9959,0.0632,0.9327,1,Safe Mechanical Lifting,HIGH,ACCEPT_MODEL_PREDICTED,MODEL_PREDICTED,0.0002,0.0005,0.0632,0.0018,0.0016,0.0001,0.9959,0.0193,0.0012
2018065428,0.0419,0.0006,0.0413,0,NONE,NO_PREDICTION,REJECTED_ZERO_LABELS,UNKNOWN,0.0,0.0,0.0001,0.0001,0.0003,0.0,0.0006,0.0002,0.0419
2018065466,0.7417,0.0323,0.7094,1,Line of Fire,HIGH,ACCEPT_MODEL_PREDICTED,MODEL_PREDICTED,0.001,0.0002,0.0001,0.0323,0.0009,0.7417,0.0018,0.0,0.0
2018065482,0.0005,0.0002,0.0003,0,NONE,NO_PREDICTION,REJECTED_ZERO_LABELS,UNKNOWN,0.0,0.0,0.0001,0.0002,0.0001,0.0,0.0,0.0,0.0005
2018065485,0.6921,0.2177,0.4744,1,Energy Isolation,MEDIUM,SENT_TO_HUMAN_REVIEW,UNKNOWN,0.0003,0.0004,0.0003,0.6921,0.0088,0.0038,0.1329,0.0009,0.2177
2018065494,0.0614,0.0043,0.0571,0,NONE,NO_PREDICTION,REJECTED_ZERO_LABELS,UNKNOWN,0.0021,0.0029,0.0009,0.0043,0.0033,0.0614,0.001,0.0005,0.0004
2018065512,0.9667,0.0229,0.9438,1,Safe Mechanical Lifting,HIGH,ACCEPT_MODEL_PREDICTED,MODEL_PREDICTED,0.0001,0.0002,0.0229,0.0007,0.0088,0.0012,0.9667,0.0028,0.0011
2018065589,0.9971,0.0018,0.9953,1,Energy Isolation,HIGH,ACCEPT_MODEL_PREDICTED,MODEL_PREDICTED,0.0006,0.0018,0.0,0.9971,0.0007,0.0001,0.0,0.0001,0.0
2018065592,0.8825,0.0064,0.8761,1,Driving,HIGH,ACCEPT_MODEL_PREDICTED,MODEL_PREDICTED,0.002,0.0028,0.8825,0.0034,0.0012,0.0027,0.0004,0.0064,0.0033
2018065614,0.2245,0.0059,0.2186,0,NONE,NO_PREDICTION,REJECTED_ZERO_LABELS,UNKNOWN,0.0009,0.0013,0.2245,0.0002,0.0001,0.0037,0.0059,0.0017,0.0022
2018065655,0.8335,0.0016,0.8319,1,Safe Mechanical Lifting,HIGH,ACCEPT_MODEL_PREDICTED,MODEL_PREDICTED,0.0,0.0,0.0001,0.0001,0.0004,0.0009,0.8335,0.0001,0.0016
2018065658,0.267,0.0464,0.2206,1,Safe Mechanical Lifting,LOW,REJECTED_LOW_CONFIDENCE,UNKNOWN,0.0001,0.0,0.0003,0.0464,0.0007,0.0084,0.267,0.0,0.0002
2018065666,0.5183,0.3814,0.1369,2,Hot Work | Safe Mechanical Lifting,MEDIUM,SENT_TO_HUMAN_REVIEW,UNKNOWN,0.0003,0.0025,0.0,0.0384,0.5183,0.0043,0.3814,0.0102,0.0042
2018065684,0.0374,0.0055,0.0319,0,NONE,NO_PREDICTION,REJECTED_ZERO_LABELS,UNKNOWN,0.0001,0.0001,0.0,0.0374,0.0015,0.0025,0.0019,0.0,0.0055
2018065690,0.7366,0.0904,0.6462,1,Energy Isolation,HIGH,ACCEPT_MODEL_PREDICTED,MODEL_PREDICTED,0.0003,0.0002,0.0,0.7366,0.0,0.0035,0.0904,0.0001,0.0004
2018065705,0.6908,0.0073,0.6835,1,Working at Height,MEDIUM,SENT_TO_HUMAN_REVIEW,UNKNOWN,0.0,0.0001,0.0,0.0073,0.0003,0.0001,0.0005,0.0003,0.6908
2018065739,0.978,0.4582,0.5198,2,Safe Mechanical Lifting | Energy Isolation,HIGH,ACCEPT_MODEL_PREDICTED,MODEL_PREDICTED,0.0012,0.0133,0.1627,0.4582,0.1225,0.0005,0.978,0.2105,0.0003
2018065751,0.0341,0.0052,0.0289,0,NONE,NO_PREDICTION,REJECTED_ZERO_LABELS,UNKNOWN,0.0003,0.0003,0.0,0.0044,0.0001,0.0052,0.0004,0.0002,0.0341
2018065779,0.0007,0.0003,0.0004,0,NONE,NO_PREDICTION,REJECTED_ZERO_LABELS,UNKNOWN,0.0,0.0001,0.0,0.0,0.0003,0.0007,0.0001,0.0,0.0001
2018065802,0.9898,0.6106,0.3792,2,Hot Work | Confined Space,HIGH,ACCEPT_MODEL_PREDICTED,MODEL_PREDICTED,0.0009,0.6106,0.0005,0.023,0.9898,0.0014,0.0009,0.3732,0.0
2018065811,0.9872,0.5825,0.4047,2,Driving | Working at Height,HIGH,ACCEPT_MODEL_PREDICTED,MODEL_PREDICTED,0.001,0.0007,0.9872,0.0003,0.0013,0.0056,0.0488,0.0059,0.5825
2018065829,0.0038,0.0027,0.0011,0,NONE,NO_PREDICTION,REJECTED_ZERO_LABELS,UNKNOWN,0.0003,0.0002,0.0023,0.0015,0.0001,0.0027,0.0,0.0001,0.0038
2018065848,0.9707,0.0133,0.9574,1,Line of Fire,HIGH,ACCEPT_MODEL_PREDICTED,MODEL_PREDICTED,0.0025,0.0003,0.0133,0.0006,0.0008,0.9707,0.0055,0.0,0.0017
2018065867,0.999,0.6899,0.3091,2,Line of Fire | Safe Mechanical Lifting,HIGH,ACCEPT_MODEL_PREDICTED,MODEL_PREDICTED,0.0049,0.0003,0.0036,0.0147,0.0015,0.999,0.6899,0.0,0.0238
2018065882,0.0069,0.0035,0.0034,0,NONE,NO_PREDICTION,REJECTED_ZERO_LABELS,UNKNOWN,0.0,0.0002,0.0001,0.0035,0.0007,0.0014,0.0,0.0,0.0069
2018065915,0.6615,0.4833,0.1782,2,Line of Fire | Safe Mechanical Lifting,MEDIUM,SENT_TO_HUMAN_REVIEW,UNKNOWN,0.005,0.0019,0.0019,0.0266,0.0006,0.6615,0.4833,0.0006,0.0001
2018065932,0.9803,0.9564,0.0239,3,Line of Fire | Driving | Safe Mechanical Lifting,MEDIUM,SENT_TO_HUMAN_REVIEW,UNKNOWN,0.0547,0.0264,0.9564,0.0065,0.0476,0.9803,0.2444,0.0033,0.0371
2018065944,0.0079,0.0033,0.0046,0,NONE,NO_PREDICTION,REJECTED_ZERO_LABELS,UNKNOWN,0.0002,0.0002,0.0,0.0079,0.0021,0.0033,0.001,0.0001,0.0
2018065945,0.9985,0.0044,0.9941,1,Safe Mechanical Lifting,HIGH,ACCEPT_MODEL_PREDICTED,MODEL_PREDICTED,0.0001,0.0,0.0044,0.003,0.0006,0.0027,0.9985,0.0016,0.0013
2018065955,0.0848,0.0124,0.0724,0,NONE,NO_PREDICTION,REJECTED_ZERO_LABELS,UNKNOWN,0.0001,0.0001,0.0002,0.0124,0.0002,0.0057,0.003,0.0,0.0848
2018065995,0.0039,0.0026,0.0013,0,NONE,NO_PREDICTION,REJECTED_ZERO_LABELS,UNKNOWN,0.0,0.0009,0.0001,0.0005,0.0039,0.0,0.0,0.0011,0.0026
2018066017,0.5738,0.0196,0.5542,1,Energy Isolation,MEDIUM,SENT_TO_HUMAN_REVIEW,UNKNOWN,0.0003,0.001,0.0001,0.5738,0.0023,0.0004,0.0196,0.0017,0.0
2018066035,0.9421,0.8057,0.1364,2,Driving | Safe Mechanical Lifting,MEDIUM,SENT_TO_HUMAN_REVIEW,UNKNOWN,0.0002,0.0005,0.9421,0.0005,0.016,0.0029,0.8057,0.0028,0.0065
2018066072,0.6988,0.0003,0.6985,1,Energy Isolation,MEDIUM,SENT_TO_HUMAN_REVIEW,UNKNOWN,0.0001,0.0001,0.0,0.6988,0.0,0.0,0.0,0.0001,0.0003
2018066196,0.0007,0.0002,0.0005,0,NONE,NO_PREDICTION,REJECTED_ZERO_LABELS,UNKNOWN,0.0,0.0,0.0,0.0002,0.0001,0.0001,0.0007,0.0,0.0001
2018066230,0.0199,0.001,0.0189,0,NONE,NO_PREDICTION,REJECTED_ZERO_LABELS,UNKNOWN,0.0,0.0001,0.0002,0.0001,0.0001,0.0,0.0199,0.001,0.0001
2018066268,0.072,0.002,0.07,0,NONE,NO_PREDICTION,REJECTED_ZERO_LABELS,UNKNOWN,0.0,0.0,0.0002,0.002,0.0,0.0002,0.0009,0.0002,0.072
2018066271,0.9884,0.9644,0.024,3,Driving | Working at Height | Safe Mechanical Lifting,MEDIUM,SENT_TO_HUMAN_REVIEW,UNKNOWN,0.0009,0.0007,0.9884,0.0186,0.0277,0.0018,0.9492,0.0522,0.9644
2018066290,0.0183,0.0007,0.0176,0,NONE,NO_PREDICTION,REJECTED_ZERO_LABELS,UNKNOWN,0.0,0.0,0.0001,0.0,0.0002,0.0001,0.0183,0.0001,0.0007
2018066322,0.0047,0.0002,0.0045,0,NONE,NO_PREDICTION,REJECTED_ZERO_LABELS,UNKNOWN,0.0,0.0,0.0002,0.0,0.0,0.0001,0.0,0.0,0.0047
2018066348,0.0023,0.0009,0.0014,0,NONE,NO_PREDICTION,REJECTED_ZERO_LABELS,UNKNOWN,0.0,0.0001,0.0001,0.0005,0.0009,0.0004,0.0,0.0,0.0023
2018066368,0.1799,0.0042,0.1757,0,NONE,NO_PREDICTION,REJECTED_ZERO_LABELS,UNKNOWN,0.0001,0.0001,0.0004,0.0016,0.0002,0.001,0.0042,0.0006,0.1799
2018066372,0.9903,0.4585,0.5318,2,Driving | Working at Height,HIGH,ACCEPT_MODEL_PREDICTED,MODEL_PREDICTED,0.0057,0.0321,0.9903,0.0278,0.271,0.0032,0.0215,0.0776,0.4585
2018066426,0.5189,0.2321,0.2868,1,Hot Work,MEDIUM,SENT_TO_HUMAN_REVIEW,UNKNOWN,0.0,0.0014,0.0,0.2321,0.5189,0.0,0.0001,0.0006,0.0044
2018066505,0.9343,0.1803,0.754,1,Safe Mechanical Lifting,HIGH,ACCEPT_MODEL_PREDICTED,MODEL_PREDICTED,0.0002,0.0002,0.0005,0.1803,0.0022,0.0017,0.9343,0.0035,0.0001
2018066508,0.0019,0.001,0.0009,0,NONE,NO_PREDICTION,REJECTED_ZERO_LABELS,UNKNOWN,0.0,0.0001,0.0,0.001,0.0019,0.0,0.0007,0.0002,0.0001
2018066536,0.0086,0.0072,0.0014,0,NONE,NO_PREDICTION,REJECTED_ZERO_LABELS,UNKNOWN,0.0,0.0001,0.0,0.0072,0.0059,0.0012,0.0086,0.0001,0.0016
2018076716,0.0154,0.003,0.0124,0,NONE,NO_PREDICTION,REJECTED_ZERO_LABELS,UNKNOWN,0.0002,0.0005,0.0017,0.003,0.0008,0.0012,0.0154,0.0009,0.0001
2018076735,0.4984,0.3753,0.1231,2,Energy Isolation | Safe Mechanical Lifting,MEDIUM,SENT_TO_HUMAN_REVIEW,UNKNOWN,0.0089,0.0082,0.0048,0.4984,0.001,0.0348,0.3753,0.0359,0.0162
2018076748,0.0184,0.0028,0.0156,0,NONE,NO_PREDICTION,REJECTED_ZERO_LABELS,UNKNOWN,0.0001,0.0004,0.0003,0.0028,0.0001,0.0002,0.0184,0.0013,0.0003
2018076777,0.1241,0.0539,0.0702,0,NONE,NO_PREDICTION,REJECTED_ZERO_LABELS,UNKNOWN,0.0005,0.0001,0.0118,0.0065,0.0,0.1241,0.0539,0.0001,0.05
2018076804,0.9938,0.0637,0.9301,1,Energy Isolation,HIGH,ACCEPT_MODEL_PREDICTED,MODEL_PREDICTED,0.0104,0.0637,0.0002,0.9938,0.0071,0.0157,0.0001,0.0011,0.0024
2018076823,0.2693,0.0206,0.2487,1,Line of Fire,LOW,REJECTED_LOW_CONFIDENCE,UNKNOWN,0.0008,0.0001,0.0001,0.0206,0.0001,0.2693,0.0115,0.0,0.0
2018076837,0.0424,0.0062,0.0362,0,NONE,NO_PREDICTION,REJECTED_ZERO_LABELS,UNKNOWN,0.0001,0.0,0.0,0.0062,0.0004,0.0424,0.0016,0.0,0.0
2018076846,0.5093,0.0043,0.505,1,Safe Mechanical Lifting,MEDIUM,SENT_TO_HUMAN_REVIEW,UNKNOWN,0.0001,0.0002,0.0026,0.0006,0.0002,0.0001,0.5093,0.0043,0.0001
2018076850,0.0006,0.0003,0.0003,0,NONE,NO_PREDICTION,REJECTED_ZERO_LABELS,UNKNOWN,0.0001,0.0002,0.0006,0.0003,0.0001,0.0003,0.0001,0.0001,0.0002
2018076862,0.9863,0.1107,0.8756,1,Working at Height,HIGH,ACCEPT_MODEL_PREDICTED,MODEL_PREDICTED,0.0006,0.0006,0.0231,0.016,0.0026,0.1107,0.0042,0.0004,0.9863
2018076864,0.0127,0.0033,0.0094,0,NONE,NO_PREDICTION,REJECTED_ZERO_LABELS,UNKNOWN,0.0002,0.0002,0.0009,0.0033,0.0004,0.0029,0.0002,0.0001,0.0127
2018076880,0.0012,0.0001,0.0011,0,NONE,NO_PREDICTION,REJECTED_ZERO_LABELS,UNKNOWN,0.0,0.0,0.0001,0.0001,0.0,0.0012,0.0001,0.0,0.0
2018076890,0.3519,0.0415,0.3104,1,Safe Mechanical Lifting,LOW,REJECTED_LOW_CONFIDENCE,UNKNOWN,0.0,0.0007,0.0002,0.0201,0.0415,0.0,0.3519,0.0041,0.0236
2018076920,0.9991,0.0269,0.9722,1,Working at Height,HIGH,ACCEPT_MODEL_PREDICTED,MODEL_PREDICTED,0.0002,0.0008,0.0269,0.0045,0.0007,0.0061,0.0013,0.0009,0.9991
2018076959,0.9998,0.1147,0.8851,1,Driving,HIGH,ACCEPT_MODEL_PREDICTED,MODEL_PREDICTED,0.0217,0.0087,0.9998,0.0715,0.0245,0.0155,0.1147,0.1144,0.0639
2018076977,0.0066,0.0011,0.0055,0,NONE,NO_PREDICTION,REJECTED_ZERO_LABELS,UNKNOWN,0.0,0.0,0.0,0.0066,0.0002,0.0003,0.0011,0.0,0.0004
2018076988,0.9986,0.0114,0.9872,1,Energy Isolation,HIGH,ACCEPT_MODEL_PREDICTED,MODEL_PREDICTED,0.0016,0.0114,0.0002,0.9986,0.003,0.0001,0.0006,0.0024,0.0004
2018076995,0.0011,0.0001,0.001,0,NONE,NO_PREDICTION,REJECTED_ZERO_LABELS,UNKNOWN,0.0,0.0,0.0,0.0001,0.0011,0.0,0.0,0.0,0.0
2018077012,0.0158,0.0014,0.0144,0,NONE,NO_PREDICTION,REJECTED_ZERO_LABELS,UNKNOWN,0.0002,0.0002,0.0,0.0158,0.0001,0.0014,0.0,0.0,0.0001
2018077019,0.0034,0.0011,0.0023,0,NONE,NO_PREDICTION,REJECTED_ZERO_LABELS,UNKNOWN,0.0001,0.0001,0.0011,0.0001,0.0,0.0007,0.0034,0.0002,0.001
2018077021,0.0095,0.0062,0.0033,0,NONE,NO_PREDICTION,REJECTED_ZERO_LABELS,UNKNOWN,0.0002,0.0004,0.0062,0.0095,0.0001,0.0001,0.0041,0.001,0.0012
2018077055,0.0158,0.0066,0.0092,0,NONE,NO_PREDICTION,REJECTED_ZERO_LABELS,UNKNOWN,0.0001,0.0003,0.0,0.0158,0.0014,0.0066,0.001,0.0,0.0
2018077061,0.9333,0.1065,0.8268,1,Working at Height,HIGH,ACCEPT_MODEL_PREDICTED,MODEL_PREDICTED,0.0002,0.0026,0.0015,0.0896,0.0066,0.0001,0.0921,0.1065,0.9333
2018077099,0.2081,0.0069,0.2012,0,NONE,NO_PREDICTION,REJECTED_ZERO_LABELS,UNKNOWN,0.0,0.0017,0.0,0.0069,0.2081,0.0001,0.0,0.0005,0.0007
2018077105,0.0055,0.0003,0.0052,0,NONE,NO_PREDICTION,REJECTED_ZERO_LABELS,UNKNOWN,0.0,0.0001,0.0001,0.0,0.0055,0.0001,0.0003,0.0001,0.0002
2018077112,0.0004,0.0,0.0004,0,NONE,NO_PREDICTION,REJECTED_ZERO_LABELS,UNKNOWN,0.0,0.0,0.0,0.0,0.0004,0.0,0.0,0.0,0.0
2018077115,0.0086,0.0054,0.0032,0,NONE,NO_PREDICTION,REJECTED_ZERO_LABELS,UNKNOWN,0.0009,0.0008,0.0005,0.0086,0.0001,0.0034,0.0053,0.0016,0.0054
2018077164,0.9959,0.2366,0.7593,1,Hot Work,HIGH,ACCEPT_MODEL_PREDICTED,MODEL_PREDICTED,0.0002,0.2366,0.0005,0.0083,0.9959,0.0012,0.0016,0.1018,0.0
2018077184,0.1605,0.1361,0.0244,0,NONE,NO_PREDICTION,REJECTED_ZERO_LABELS,UNKNOWN,0.0021,0.0019,0.1361,0.1605,0.0004,0.0056,0.0183,0.0021,0.0077
2018077195,0.0054,0.0043,0.0011,0,NONE,NO_PREDICTION,REJECTED_ZERO_LABELS,UNKNOWN,0.0003,0.0011,0.0043,0.0024,0.0001,0.0001,0.0003,0.0054,0.0001
2018077209,0.1925,0.1088,0.0837,0,NONE,NO_PREDICTION,REJECTED_ZERO_LABELS,UNKNOWN,0.0009,0.0133,0.0008,0.0831,0.1088,0.0412,0.1925,0.0042,0.0272
2018077216,0.8041,0.0768,0.7273,1,Line of Fire,HIGH,ACCEPT_MODEL_PREDICTED,MODEL_PREDICTED,0.0299,0.01,0.0768,0.0317,0.0005,0.8041,0.002,0.0004,0.0038
2018077219,0.0016,0.0004,0.0012,0,NONE,NO_PREDICTION,REJECTED_ZERO_LABELS,UNKNOWN,0.0,0.0,0.0004,0.0001,0.0002,0.0,0.0016,0.0002,0.0
2018077232,0.991,0.8822,0.1088,2,Hot Work | Driving,MEDIUM,SENT_TO_HUMAN_REVIEW,UNKNOWN,0.0087,0.2515,0.8822,0.0131,0.991,0.0365,0.013,0.2068,0.0075
2018077233,0.0114,0.0056,0.0058,0,NONE,NO_PREDICTION,REJECTED_ZERO_LABELS,UNKNOWN,0.0,0.0004,0.0003,0.0114,0.0003,0.0,0.0041,0.0056,0.0016
2018077249,0.2149,0.085,0.1299,0,NONE,NO_PREDICTION,REJECTED_ZERO_LABELS,UNKNOWN,0.0003,0.027,0.0,0.085,0.2149,0.0003,0.0001,0.0068,0.0024
2018077264,0.997,0.0324,0.9646,1,Working at Height,HIGH,ACCEPT_MODEL_PREDICTED,MODEL_PREDICTED,0.0001,0.0002,0.0015,0.0084,0.0121,0.0008,0.0324,0.0025,0.997
2018077299,0.1852,0.0013,0.1839,0,NONE,NO_PREDICTION,REJECTED_ZERO_LABELS,UNKNOWN,0.0001,0.0,0.1852,0.0,0.0001,0.0013,0.001,0.0,0.0001
2018077315,0.9959,0.115,0.8809,1,Hot Work,HIGH,ACCEPT_MODEL_PREDICTED,MODEL_PREDICTED,0.0001,0.005,0.0,0.115,0.9959,0.0323,0.0116,0.0003,0.0001
2018077353,0.025,0.0006,0.0244,0,NONE,NO_PREDICTION,REJECTED_ZERO_LABELS,UNKNOWN,0.0,0.0,0.0001,0.0002,0.0001,0.0006,0.025,0.0001,0.0004
2018077360,0.8828,0.2139,0.6689,2,Working at Height | Safe Mechanical Lifting,HIGH,ACCEPT_MODEL_PREDICTED,MODEL_PREDICTED,0.0025,0.007,0.1127,0.0701,0.0013,0.011,0.2139,0.0438,0.8828
2018077389,0.9928,0.3204,0.6724,2,Hot Work | Energy Isolation,HIGH,ACCEPT_MODEL_PREDICTED,MODEL_PREDICTED,0.0006,0.3204,0.0002,0.3179,0.9928,0.0007,0.0011,0.1141,0.0007
2018077404,0.0102,0.0006,0.0096,0,NONE,NO_PREDICTION,REJECTED_ZERO_LABELS,UNKNOWN,0.0,0.0,0.0,0.0102,0.0001,0.0,0.0006,0.0,0.0004
2018077421,0.9951,0.8185,0.1766,2,Safe Mechanical Lifting | Driving,HIGH,ACCEPT_MODEL_PREDICTED,MODEL_PREDICTED,0.0015,0.0009,0.8185,0.0024,0.0028,0.008,0.9951,0.0215,0.0138
2018077523,0.513,0.0212,0.4918,1,Line of Fire,MEDIUM,SENT_TO_HUMAN_REVIEW,UNKNOWN,0.0138,0.0058,0.0007,0.0212,0.0016,0.513,0.0205,0.0013,0.0004
2018077531,0.6914,0.0031,0.6883,1,Hot Work,MEDIUM,SENT_TO_HUMAN_REVIEW,UNKNOWN,0.0,0.0031,0.0,0.0003,0.6914,0.0001,0.0,0.0004,0.0
2018077628,0.009,0.0004,0.0086,0,NONE,NO_PREDICTION,REJECTED_ZERO_LABELS,UNKNOWN,0.0,0.0003,0.0,0.0004,0.009,0.0,0.0,0.0,0.0001
2018077646,0.8931,0.0008,0.8923,1,Energy Isolation,HIGH,ACCEPT_MODEL_PREDICTED,MODEL_PREDICTED,0.0004,0.0008,0.0001,0.8931,0.0,0.0,0.0001,0.0003,0.0004
2018077651,0.0066,0.0012,0.0054,0,NONE,NO_PREDICTION,REJECTED_ZERO_LABELS,UNKNOWN,0.0,0.0001,0.0,0.0066,0.0001,0.0004,0.0,0.0,0.0012
2018077684,0.9964,0.0536,0.9428,1,Hot Work,HIGH,ACCEPT_MODEL_PREDICTED,MODEL_PREDICTED,0.0001,0.0536,0.0013,0.0023,0.9964,0.0003,0.0014,0.0217,0.0001
2018077694,0.0021,0.0005,0.0016,0,NONE,NO_PREDICTION,REJECTED_ZERO_LABELS,UNKNOWN,0.0,0.0001,0.0001,0.0005,0.0002,0.0,0.0,0.0,0.0021
2018077756,0.0038,0.0027,0.0011,0,NONE,NO_PREDICTION,REJECTED_ZERO_LABELS,UNKNOWN,0.0,0.0005,0.0001,0.0006,0.0038,0.0007,0.0027,0.0004,0.0002
2018077776,0.9633,0.2935,0.6698,2,Driving | Working at Height,HIGH,ACCEPT_MODEL_PREDICTED,MODEL_PREDICTED,0.0016,0.0009,0.9633,0.0019,0.0007,0.0032,0.0013,0.0011,0.2935
2018077788,0.0934,0.0231,0.0703,0,NONE,NO_PREDICTION,REJECTED_ZERO_LABELS,UNKNOWN,0.0002,0.0002,0.0014,0.006,0.0004,0.0934,0.0069,0.0,0.0231
2018077795,0.5044,0.0155,0.4889,1,Working at Height,MEDIUM,SENT_TO_HUMAN_REVIEW,UNKNOWN,0.0,0.0001,0.0004,0.0155,0.0,0.0001,0.0003,0.0002,0.5044
2018087835,0.3919,0.3705,0.0214,2,Energy Isolation | Line of Fire,LOW,REJECTED_LOW_CONFIDENCE,UNKNOWN,0.0086,0.0463,0.0251,0.3919,0.0181,0.3705,0.0024,0.0056,0.0147
2018087842,0.9627,0.8404,0.1223,2,Line of Fire | Safe Mechanical Lifting,MEDIUM,SENT_TO_HUMAN_REVIEW,UNKNOWN,0.0063,0.0008,0.0007,0.2411,0.0013,0.9627,0.8404,0.0003,0.005
2018087849,0.1009,0.0638,0.0371,0,NONE,NO_PREDICTION,REJECTED_ZERO_LABELS,UNKNOWN,0.0013,0.0193,0.0064,0.0562,0.0638,0.0077,0.1009,0.0107,0.0001
2018087855,0.0066,0.003,0.0036,0,NONE,NO_PREDICTION,REJECTED_ZERO_LABELS,UNKNOWN,0.0001,0.0002,0.003,0.0,0.0025,0.0066,0.0005,0.0001,0.0023
2018087878,0.6372,0.279,0.3582,1,Line of Fire,MEDIUM,SENT_TO_HUMAN_REVIEW,UNKNOWN,0.0222,0.108,0.045,0.0897,0.279,0.6372,0.0002,0.0027,0.0027
2018087908,0.9948,0.1953,0.7995,1,Driving,HIGH,ACCEPT_MODEL_PREDICTED,MODEL_PREDICTED,0.0039,0.0009,0.9948,0.0455,0.0003,0.0074,0.001,0.001,0.1953
2018087929,0.5954,0.0279,0.5675,1,Working at Height,MEDIUM,SENT_TO_HUMAN_REVIEW,UNKNOWN,0.0001,0.0003,0.0003,0.0279,0.001,0.0006,0.0031,0.0008,0.5954
2018087935,0.1369,0.0211,0.1158,0,NONE,NO_PREDICTION,REJECTED_ZERO_LABELS,UNKNOWN,0.0005,0.0004,0.0,0.1369,0.0002,0.0211,0.0,0.0,0.0
2018087959,0.8955,0.8905,0.005,2,Safe Mechanical Lifting | Line of Fire,MEDIUM,SENT_TO_HUMAN_REVIEW,UNKNOWN,0.0008,0.0002,0.0025,0.002,0.0119,0.8905,0.8955,0.0001,0.0011
2018087969,0.0007,0.0001,0.0006,0,NONE,NO_PREDICTION,REJECTED_ZERO_LABELS,UNKNOWN,0.0,0.0,0.0,0.0,0.0007,0.0001,0.0001,0.0,0.0
2018087980,0.9968,0.328,0.6688,3,Safe Mechanical Lifting | Energy Isolation | Working at Height,HIGH,ACCEPT_MODEL_PREDICTED,MODEL_PREDICTED,0.0003,0.0016,0.0397,0.328,0.0184,0.0003,0.9968,0.0752,0.2772
2018087984,0.0579,0.0027,0.0552,0,NONE,NO_PREDICTION,REJECTED_ZERO_LABELS,UNKNOWN,0.0,0.001,0.0,0.0022,0.0579,0.0002,0.0027,0.0014,0.0001
2018088007,0.0141,0.0135,0.0006,0,NONE,NO_PREDICTION,REJECTED_ZERO_LABELS,UNKNOWN,0.0,0.0,0.0,0.0002,0.0003,0.0141,0.0135,0.0,0.0
2018088023,0.0069,0.0001,0.0068,0,NONE,NO_PREDICTION,REJECTED_ZERO_LABELS,UNKNOWN,0.0,0.0,0.0001,0.0,0.0,0.0,0.0069,0.0001,0.0001
2018088043,0.0388,0.0094,0.0294,0,NONE,NO_PREDICTION,REJECTED_ZERO_LABELS,UNKNOWN,0.0006,0.0062,0.0388,0.0,0.0003,0.0008,0.0063,0.0094,0.0
2018088079,0.0651,0.0003,0.0648,0,NONE,NO_PREDICTION,REJECTED_ZERO_LABELS,UNKNOWN,0.0001,0.0,0.0001,0.0003,0.0001,0.0651,0.0002,0.0,0.0001
2018088092,0.9986,0.6027,0.3959,2,Safe Mechanical Lifting | Working at Height,HIGH,ACCEPT_MODEL_PREDICTED,MODEL_PREDICTED,0.0002,0.0006,0.0069,0.132,0.0093,0.006,0.9986,0.0107,0.6027
2018088108,0.0666,0.0383,0.0283,0,NONE,NO_PREDICTION,REJECTED_ZERO_LABELS,UNKNOWN,0.0001,0.0043,0.0002,0.0666,0.0381,0.0001,0.0002,0.0016,0.0383
2018088136,0.527,0.1569,0.3701,1,Line of Fire,MEDIUM,SENT_TO_HUMAN_REVIEW,UNKNOWN,0.0024,0.005,0.0015,0.0047,0.1012,0.527,0.0125,0.0017,0.1569
2018088230,0.9951,0.047,0.9481,1,Line of Fire,HIGH,ACCEPT_MODEL_PREDICTED,MODEL_PREDICTED,0.0164,0.0022,0.0011,0.0117,0.0032,0.9951,0.047,0.0001,0.0004
2018088234,0.511,0.0417,0.4693,1,Energy Isolation,MEDIUM,SENT_TO_HUMAN_REVIEW,UNKNOWN,0.0002,0.0008,0.0008,0.511,0.008,0.0001,0.0001,0.0005,0.0417
2018088241,0.9947,0.0094,0.9853,1,Working at Height,HIGH,ACCEPT_MODEL_PREDICTED,MODEL_PREDICTED,0.0002,0.0003,0.0029,0.0094,0.0007,0.0074,0.0006,0.0002,0.9947
2018088255,0.8322,0.0067,0.8255,1,Driving,HIGH,ACCEPT_MODEL_PREDICTED,MODEL_PREDICTED,0.0013,0.0031,0.8322,0.0009,0.0065,0.0065,0.002,0.001,0.0067
2018088265,0.9946,0.0876,0.907,1,Driving,HIGH,ACCEPT_MODEL_PREDICTED,MODEL_PREDICTED,0.0061,0.0566,0.9946,0.0102,0.0285,0.0012,0.0037,0.0876,0.0076
2018088300,0.9331,0.8702,0.0629,2,Energy Isolation | Safe Mechanical Lifting,MEDIUM,SENT_TO_HUMAN_REVIEW,UNKNOWN,0.004,0.0059,0.0025,0.9331,0.0031,0.0138,0.8702,0.0128,0.0056
2018088415,0.0118,0.0108,0.001,0,NONE,NO_PREDICTION,REJECTED_ZERO_LABELS,UNKNOWN,0.0,0.0,0.0118,0.0001,0.0,0.0001,0.0108,0.0001,0.0029
2018088484,0.9858,0.0556,0.9302,1,Line of Fire,HIGH,ACCEPT_MODEL_PREDICTED,MODEL_PREDICTED,0.0197,0.0029,0.0236,0.0556,0.0005,0.9858,0.0451,0.0001,0.0013
2018088541,0.013,0.0007,0.0123,0,NONE,NO_PREDICTION,REJECTED_ZERO_LABELS,UNKNOWN,0.0,0.0,0.0003,0.0,0.0,0.0,0.0007,0.0,0.013
2018088561,0.858,0.051,0.807,1,Safe Mechanical Lifting,HIGH,ACCEPT_MODEL_PREDICTED,MODEL_PREDICTED,0.0015,0.0005,0.0119,0.051,0.0007,0.0324,0.858,0.0017,0.0127
2018088570,0.0761,0.0015,0.0746,0,NONE,NO_PREDICTION,REJECTED_ZERO_LABELS,UNKNOWN,0.0002,0.0001,0.0,0.0761,0.0001,0.0013,0.0015,0.0002,0.0007
2018088604,0.0026,0.0025,0.0001,0,NONE,NO_PREDICTION,REJECTED_ZERO_LABELS,UNKNOWN,0.0,0.0001,0.0026,0.0001,0.0,0.0008,0.0002,0.0,0.0025
2018088608,0.9566,0.0023,0.9543,1,Energy Isolation,HIGH,ACCEPT_MODEL_PREDICTED,MODEL_PREDICTED,0.0003,0.0005,0.0,0.9566,0.0007,0.0004,0.0023,0.0001,0.0001
2018088609,0.6258,0.0109,0.6149,1,Safe Mechanical Lifting,MEDIUM,SENT_TO_HUMAN_REVIEW,UNKNOWN,0.0001,0.0005,0.0109,0.0021,0.0005,0.0,0.6258,0.0045,0.0
2018088632,0.001,0.0004,0.0006,0,NONE,NO_PREDICTION,REJECTED_ZERO_LABELS,UNKNOWN,0.0,0.0002,0.0,0.0004,0.001,0.0,0.0,0.0,0.0003
2018088657,0.3131,0.1046,0.2085,0,NONE,NO_PREDICTION,REJECTED_ZERO_LABELS,UNKNOWN,0.0,0.0011,0.0,0.1046,0.3131,0.0015,0.0005,0.0001,0.0024
2018088684,0.9648,0.7753,0.1895,3,Driving | Working at Height | Safe Mechanical Lifting,HIGH,ACCEPT_MODEL_PREDICTED,MODEL_PREDICTED,0.0004,0.0004,0.9648,0.0138,0.0024,0.0002,0.2608,0.0085,0.7753
2018088722,0.9997,0.0215,0.9782,1,Energy Isolation,HIGH,ACCEPT_MODEL_PREDICTED,MODEL_PREDICTED,0.0078,0.0215,0.0003,0.9997,0.0005,0.0006,0.0004,0.0017,0.0008
2018088723,0.0646,0.0034,0.0612,0,NONE,NO_PREDICTION,REJECTED_ZERO_LABELS,UNKNOWN,0.0,0.0,0.0003,0.0007,0.0004,0.0001,0.0646,0.0001,0.0034
2018088724,0.9951,0.2923,0.7028,1,Safe Mechanical Lifting,HIGH,ACCEPT_MODEL_PREDICTED,MODEL_PREDICTED,0.0003,0.0019,0.0105,0.0123,0.2923,0.009,0.9951,0.0202,0.0051
2018088742,0.9994,0.0254,0.974,1,Driving,HIGH,ACCEPT_MODEL_PREDICTED,MODEL_PREDICTED,0.0003,0.0009,0.9994,0.0021,0.0009,0.0,0.0066,0.0116,0.0254
2018088752,0.0001,0.0001,0.0,0,NONE,NO_PREDICTION,REJECTED_ZERO_LABELS,UNKNOWN,0.0,0.0,0.0001,0.0,0.0,0.0,0.0001,0.0,0.0001
2018088770,0.8852,0.3986,0.4866,2,Safe Mechanical Lifting | Line of Fire,HIGH,ACCEPT_MODEL_PREDICTED,MODEL_PREDICTED,0.0006,0.0002,0.0007,0.0344,0.0008,0.3986,0.8852,0.0001,0.0024
2018088774,0.9971,0.0204,0.9767,1,Energy Isolation,HIGH,ACCEPT_MODEL_PREDICTED,MODEL_PREDICTED,0.0021,0.0028,0.0002,0.9971,0.002,0.006,0.0204,0.0004,0.0001
2018088821,0.0008,0.0003,0.0005,0,NONE,NO_PREDICTION,REJECTED_ZERO_LABELS,UNKNOWN,0.0001,0.0001,0.0001,0.0003,0.0,0.0008,0.0,0.0,0.0001
2018088825,0.2912,0.1218,0.1694,1,Driving,LOW,REJECTED_LOW_CONFIDENCE,UNKNOWN,0.0098,0.0181,0.2912,0.0174,0.0005,0.1218,0.0155,0.0024,0.0006
2018088827,0.9627,0.4272,0.5355,2,Safe Mechanical Lifting | Line of Fire,HIGH,ACCEPT_MODEL_PREDICTED,MODEL_PREDICTED,0.001,0.0001,0.0078,0.0042,0.0002,0.4272,0.9627,0.0003,0.0003
2018088843,0.0008,0.0002,0.0006,0,NONE,NO_PREDICTION,REJECTED_ZERO_LABELS,UNKNOWN,0.0,0.0002,0.0,0.0001,0.0008,0.0,0.0,0.0001,0.0
2018088899,0.0086,0.0054,0.0032,0,NONE,NO_PREDICTION,REJECTED_ZERO_LABELS,UNKNOWN,0.0,0.0001,0.0001,0.0038,0.0003,0.0,0.0054,0.0018,0.0086
2018088914,0.9983,0.001,0.9973,1,Energy Isolation,HIGH,ACCEPT_MODEL_PREDICTED,MODEL_PREDICTED,0.0003,0.0008,0.0,0.9983,0.0008,0.0001,0.0,0.0001,0.001
2018088921,0.0005,0.0004,0.0001,0,NONE,NO_PREDICTION,REJECTED_ZERO_LABELS,UNKNOWN,0.0,0.0,0.0,0.0005,0.0004,0.0001,0.0,0.0,0.0
2018088923,0.1067,0.0325,0.0742,0,NONE,NO_PREDICTION,REJECTED_ZERO_LABELS,UNKNOWN,0.0006,0.0001,0.0008,0.0055,0.0013,0.0325,0.1067,0.0002,0.0003
2018088886,0.0003,0.0002,0.0001,0,NONE,NO_PREDICTION,REJECTED_ZERO_LABELS,UNKNOWN,0.0,0.0001,0.0,0.0003,0.0001,0.0,0.0002,0.0002,0.0
2018088929,0.9976,0.2172,0.7804,1,Hot Work,HIGH,ACCEPT_MODEL_PREDICTED,MODEL_PREDICTED,0.0001,0.0569,0.0,0.2172,0.9976,0.0008,0.0021,0.007,0.001
2018088931,0.0724,0.007,0.0654,0,NONE,NO_PREDICTION,REJECTED_ZERO_LABELS,UNKNOWN,0.0001,0.0001,0.0005,0.007,0.0011,0.0724,0.0019,0.0,0.0003
2018089009,0.3778,0.0026,0.3752,1,Safe Mechanical Lifting,LOW,REJECTED_LOW_CONFIDENCE,UNKNOWN,0.0,0.0,0.0026,0.0003,0.0001,0.0001,0.3778,0.0001,0.0001
2018089012,0.1624,0.0298,0.1326,0,NONE,NO_PREDICTION,REJECTED_ZERO_LABELS,UNKNOWN,0.0098,0.0298,0.1624,0.0047,0.0006,0.0127,0.0002,0.0086,0.0016
2018088987,0.2869,0.0829,0.204,1,Working at Height,LOW,REJECTED_LOW_CONFIDENCE,UNKNOWN,0.0024,0.0099,0.0039,0.0013,0.0692,0.0829,0.002,0.0019,0.2869
2018089047,0.0135,0.0065,0.007,0,NONE,NO_PREDICTION,REJECTED_ZERO_LABELS,UNKNOWN,0.0002,0.0065,0.0002,0.0009,0.0002,0.0,0.0,0.0135,0.0004
2018099086,0.0569,0.0117,0.0452,0,NONE,NO_PREDICTION,REJECTED_ZERO_LABELS,UNKNOWN,0.0001,0.0018,0.0007,0.0058,0.0569,0.0111,0.0001,0.0001,0.0117
2018099089,0.0055,0.001,0.0045,0,NONE,NO_PREDICTION,REJECTED_ZERO_LABELS,UNKNOWN,0.0,0.0,0.0,0.0001,0.0055,0.0,0.0003,0.0,0.001
2018099097,0.0147,0.0075,0.0072,0,NONE,NO_PREDICTION,REJECTED_ZERO_LABELS,UNKNOWN,0.0001,0.0058,0.0001,0.004,0.0147,0.0,0.0002,0.0075,0.0001
2018099098,0.0031,0.0022,0.0009,0,NONE,NO_PREDICTION,REJECTED_ZERO_LABELS,UNKNOWN,0.0,0.0,0.0,0.0031,0.0,0.0002,0.0006,0.0,0.0022
2018099108,0.0016,0.0013,0.0003,0,NONE,NO_PREDICTION,REJECTED_ZERO_LABELS,UNKNOWN,0.0,0.0001,0.0005,0.0012,0.0,0.0,0.0013,0.0004,0.0016
2018099123,0.9943,0.0893,0.905,1,Safe Mechanical Lifting,HIGH,ACCEPT_MODEL_PREDICTED,MODEL_PREDICTED,0.0006,0.0001,0.0893,0.0081,0.0003,0.0711,0.9943,0.0007,0.0007
2018099139,0.9998,0.017,0.9828,1,Driving,HIGH,ACCEPT_MODEL_PREDICTED,MODEL_PREDICTED,0.0031,0.0029,0.9998,0.0109,0.0019,0.0004,0.0059,0.017,0.0038
2018099143,0.013,0.0025,0.0105,0,NONE,NO_PREDICTION,REJECTED_ZERO_LABELS,UNKNOWN,0.0004,0.0011,0.013,0.0004,0.0002,0.0011,0.0009,0.0013,0.0025
2018099149,0.0041,0.0026,0.0015,0,NONE,NO_PREDICTION,REJECTED_ZERO_LABELS,UNKNOWN,0.0002,0.0007,0.0018,0.0009,0.0003,0.0002,0.0041,0.0026,0.0002
2018099155,0.4135,0.0045,0.409,1,Line of Fire,LOW,REJECTED_LOW_CONFIDENCE,UNKNOWN,0.0011,0.0007,0.0003,0.0001,0.0045,0.4135,0.0014,0.0,0.0001
2018099219,0.0005,0.0001,0.0004,0,NONE,NO_PREDICTION,REJECTED_ZERO_LABELS,UNKNOWN,0.0,0.0,0.0,0.0,0.0,0.0001,0.0005,0.0,0.0001
2018099287,0.003,0.003,0.0,0,NONE,NO_PREDICTION,REJECTED_ZERO_LABELS,UNKNOWN,0.0,0.0,0.0001,0.0004,0.002,0.0002,0.003,0.0,0.003
2018099302,0.1647,0.0082,0.1565,0,NONE,NO_PREDICTION,REJECTED_ZERO_LABELS,UNKNOWN,0.0001,0.0011,0.0004,0.1647,0.0082,0.0002,0.0005,0.0003,0.0001
2018099326,0.9948,0.0127,0.9821,1,Driving,HIGH,ACCEPT_MODEL_PREDICTED,MODEL_PREDICTED,0.0046,0.004,0.9948,0.0008,0.0002,0.0127,0.0093,0.006,0.0015
2018099327,0.0026,0.002,0.0006,0,NONE,NO_PREDICTION,REJECTED_ZERO_LABELS,UNKNOWN,0.0,0.0001,0.0,0.002,0.0001,0.0004,0.0,0.0,0.0026
2018099398,0.8732,0.0543,0.8189,1,Driving,HIGH,ACCEPT_MODEL_PREDICTED,MODEL_PREDICTED,0.0003,0.0001,0.8732,0.0002,0.0267,0.0543,0.0109,0.0001,0.0006
2018099405,0.0093,0.0014,0.0079,0,NONE,NO_PREDICTION,REJECTED_ZERO_LABELS,UNKNOWN,0.0,0.0,0.0,0.0014,0.0,0.0006,0.0093,0.0,0.0001
2018099425,0.1476,0.0268,0.1208,0,NONE,NO_PREDICTION,REJECTED_ZERO_LABELS,UNKNOWN,0.0001,0.0009,0.0025,0.0036,0.003,0.0001,0.1476,0.0268,0.0001
2018099439,0.8023,0.1734,0.6289,1,Working at Height,HIGH,ACCEPT_MODEL_PREDICTED,MODEL_PREDICTED,0.001,0.0045,0.001,0.1734,0.0117,0.0739,0.0092,0.0009,0.8023
2018099551,0.5139,0.4115,0.1024,1,Safe Mechanical Lifting,MEDIUM,SENT_TO_HUMAN_REVIEW,UNKNOWN,0.0049,0.0543,0.1642,0.0067,0.0341,0.0097,0.5139,0.4115,0.002
2018099552,0.0746,0.0392,0.0354,0,NONE,NO_PREDICTION,REJECTED_ZERO_LABELS,UNKNOWN,0.0004,0.0049,0.0247,0.0044,0.0746,0.0017,0.0392,0.0218,0.0011
2018099567,0.993,0.014,0.979,1,Energy Isolation,HIGH,ACCEPT_MODEL_PREDICTED,MODEL_PREDICTED,0.0025,0.0068,0.0002,0.993,0.0008,0.0002,0.0008,0.0023,0.014
2018099571,0.0034,0.0018,0.0016,0,NONE,NO_PREDICTION,REJECTED_ZERO_LABELS,UNKNOWN,0.0001,0.0002,0.0018,0.0012,0.0005,0.0017,0.001,0.0002,0.0034
2018099584,0.025,0.0225,0.0025,0,NONE,NO_PREDICTION,REJECTED_ZERO_LABELS,UNKNOWN,0.0003,0.0016,0.0001,0.0225,0.0074,0.003,0.025,0.0019,0.001
2018099676,0.0007,0.0005,0.0002,0,NONE,NO_PREDICTION,REJECTED_ZERO_LABELS,UNKNOWN,0.0,0.0,0.0005,0.0002,0.0,0.0,0.0007,0.0003,0.0001
2018099685,0.046,0.0034,0.0426,0,NONE,NO_PREDICTION,REJECTED_ZERO_LABELS,UNKNOWN,0.0011,0.0006,0.0026,0.0034,0.0,0.046,0.0009,0.0,0.0002
2018099718,0.07,0.0249,0.0451,0,NONE,NO_PREDICTION,REJECTED_ZERO_LABELS,UNKNOWN,0.0027,0.07,0.002,0.0064,0.0101,0.0043,0.0024,0.0249,0.0
2018099765,0.8512,0.0714,0.7798,1,Driving,HIGH,ACCEPT_MODEL_PREDICTED,MODEL_PREDICTED,0.0055,0.023,0.8512,0.0714,0.0156,0.0004,0.0,0.0104,0.0028
2018099767,0.0157,0.0095,0.0062,0,NONE,NO_PREDICTION,REJECTED_ZERO_LABELS,UNKNOWN,0.0017,0.0023,0.0095,0.002,0.0002,0.0034,0.0157,0.0063,0.0
2018099785,0.8934,0.0111,0.8823,1,Safe Mechanical Lifting,HIGH,ACCEPT_MODEL_PREDICTED,MODEL_PREDICTED,0.0004,0.0002,0.0013,0.0111,0.0001,0.0036,0.8934,0.0013,0.0006
2018099811,0.0013,0.0001,0.0012,0,NONE,NO_PREDICTION,REJECTED_ZERO_LABELS,UNKNOWN,0.0,0.0,0.0001,0.0001,0.0,0.0001,0.0013,0.0001,0.0
2018099830,0.5661,0.0609,0.5052,1,Line of Fire,MEDIUM,SENT_TO_HUMAN_REVIEW,UNKNOWN,0.003,0.0003,0.0609,0.0012,0.0001,0.5661,0.0551,0.0002,0.0013
2018099834,0.0246,0.0049,0.0197,0,NONE,NO_PREDICTION,REJECTED_ZERO_LABELS,UNKNOWN,0.0,0.0002,0.0049,0.0002,0.0015,0.0,0.0246,0.0023,0.0
2018099879,0.0252,0.003,0.0222,0,NONE,NO_PREDICTION,REJECTED_ZERO_LABELS,UNKNOWN,0.0,0.0002,0.0004,0.0003,0.0007,0.0001,0.003,0.001,0.0252
2018099889,0.0715,0.048,0.0235,0,NONE,NO_PREDICTION,REJECTED_ZERO_LABELS,UNKNOWN,0.0002,0.0305,0.0001,0.0229,0.048,0.0,0.0015,0.0715,0.0105
2018099917,0.9997,0.0457,0.954,1,Energy Isolation,HIGH,ACCEPT_MODEL_PREDICTED,MODEL_PREDICTED,0.011,0.0457,0.0067,0.9997,0.0111,0.0006,0.0231,0.0134,0.0011
2018099933,0.8142,0.006,0.8082,1,Energy Isolation,HIGH,ACCEPT_MODEL_PREDICTED,MODEL_PREDICTED,0.0001,0.0005,0.0001,0.8142,0.0001,0.0001,0.006,0.0007,0.0015
2018099948,0.9822,0.5661,0.4161,2,Energy Isolation | Driving,HIGH,ACCEPT_MODEL_PREDICTED,MODEL_PREDICTED,0.0072,0.1428,0.5661,0.9822,0.2641,0.0008,0.0139,0.1093,0.0735
20180910003,0.9999,0.0444,0.9555,1,Driving,HIGH,ACCEPT_MODEL_PREDICTED,MODEL_PREDICTED,0.008,0.0058,0.9999,0.0038,0.0029,0.0023,0.0044,0.0444,0.012
20180910035,0.7828,0.0052,0.7776,1,Line of Fire,HIGH,ACCEPT_MODEL_PREDICTED,MODEL_PREDICTED,0.0013,0.0002,0.0007,0.0027,0.0001,0.7828,0.0052,0.0,0.0002
20180910055,0.0007,0.0002,0.0005,0,NONE,NO_PREDICTION,REJECTED_ZERO_LABELS,UNKNOWN,0.0,0.0,0.0,0.0001,0.0001,0.0007,0.0002,0.0,0.0
20180910073,0.0216,0.0006,0.021,0,NONE,NO_PREDICTION,REJECTED_ZERO_LABELS,UNKNOWN,0.0,0.0,0.0002,0.0,0.0006,0.0,0.0216,0.0002,0.0
20181010169,0.0013,0.0008,0.0005,0,NONE,NO_PREDICTION,REJECTED_ZERO_LABELS,UNKNOWN,0.0002,0.0006,0.0006,0.0008,0.0002,0.0013,0.0,0.0001,0.0003
20181010213,0.0161,0.0086,0.0075,0,NONE,NO_PREDICTION,REJECTED_ZERO_LABELS,UNKNOWN,0.0,0.0,0.0004,0.0005,0.0,0.0161,0.0047,0.0,0.0086
20181010221,0.0156,0.0067,0.0089,0,NONE,NO_PREDICTION,REJECTED_ZERO_LABELS,UNKNOWN,0.0,0.0001,0.0,0.0067,0.0004,0.0,0.0156,0.0008,0.0002
20181010234,0.0004,0.0003,0.0001,0,NONE,NO_PREDICTION,REJECTED_ZERO_LABELS,UNKNOWN,0.0,0.0,0.0,0.0004,0.0,0.0001,0.0,0.0,0.0003
20181010235,0.0024,0.0022,0.0002,0,NONE,NO_PREDICTION,REJECTED_ZERO_LABELS,UNKNOWN,0.0002,0.0005,0.0008,0.0022,0.0006,0.0018,0.0,0.0001,0.0024
20181010237,0.84,0.6786,0.1614,2,Safe Mechanical Lifting | Working at Height,HIGH,ACCEPT_MODEL_PREDICTED,MODEL_PREDICTED,0.0001,0.0,0.0188,0.0043,0.0009,0.0015,0.84,0.0007,0.6786
20181010288,0.7392,0.3573,0.3819,2,Driving | Working at Height,HIGH,ACCEPT_MODEL_PREDICTED,MODEL_PREDICTED,0.0004,0.0003,0.7392,0.0003,0.0003,0.0031,0.0101,0.0012,0.3573
20181010295,0.2984,0.045,0.2534,1,Working at Height,LOW,REJECTED_LOW_CONFIDENCE,UNKNOWN,0.0002,0.0003,0.0263,0.0136,0.0001,0.0004,0.045,0.0015,0.2984
20181010321,0.0017,0.001,0.0007,0,NONE,NO_PREDICTION,REJECTED_ZERO_LABELS,UNKNOWN,0.0,0.0,0.0004,0.0,0.0,0.0006,0.001,0.0,0.0017
20181010359,0.0002,0.0001,0.0001,0,NONE,NO_PREDICTION,REJECTED_ZERO_LABELS,UNKNOWN,0.0,0.0,0.0,0.0,0.0,0.0002,0.0,0.0,0.0001
20181010393,0.734,0.5474,0.1866,2,Safe Mechanical Lifting | Driving,HIGH,ACCEPT_MODEL_PREDICTED,MODEL_PREDICTED,0.0017,0.0009,0.5474,0.0053,0.0014,0.0225,0.734,0.0163,0.0079
20181010424,0.0086,0.0035,0.0051,0,NONE,NO_PREDICTION,REJECTED_ZERO_LABELS,UNKNOWN,0.0002,0.0004,0.0007,0.0035,0.0002,0.0086,0.0011,0.0,0.0001
20181010483,0.0017,0.0005,0.0012,0,NONE,NO_PREDICTION,REJECTED_ZERO_LABELS,UNKNOWN,0.0,0.0002,0.0,0.0003,0.0017,0.0003,0.0005,0.0001,0.0
20181010509,0.0077,0.004,0.0037,0,NONE,NO_PREDICTION,REJECTED_ZERO_LABELS,UNKNOWN,0.0,0.0003,0.0001,0.0004,0.0077,0.0001,0.004,0.0012,0.0004
20181010535,0.0683,0.0648,0.0035,0,NONE,NO_PREDICTION,REJECTED_ZERO_LABELS,UNKNOWN,0.0004,0.002,0.0003,0.0683,0.0009,0.0016,0.0001,0.0005,0.0648
20181010559,0.9936,0.309,0.6846,1,Work Authorization,HIGH,ACCEPT_MODEL_PREDICTED,MODEL_PREDICTED,0.0144,0.309,0.0626,0.0348,0.03,0.0014,0.0961,0.9936,0.0033
20181010569,0.0276,0.0007,0.0269,0,NONE,NO_PREDICTION,REJECTED_ZERO_LABELS,UNKNOWN,0.0,0.0,0.0,0.0007,0.0003,0.0003,0.0,0.0,0.0276
20181010588,0.0128,0.0029,0.0099,0,NONE,NO_PREDICTION,REJECTED_ZERO_LABELS,UNKNOWN,0.0002,0.0002,0.0001,0.0029,0.0021,0.0128,0.0001,0.0,0.0
20181010596,0.0114,0.0017,0.0097,0,NONE,NO_PREDICTION,REJECTED_ZERO_LABELS,UNKNOWN,0.0001,0.0001,0.0,0.0114,0.0001,0.0006,0.0017,0.0001,0.0
20181010615,0.8409,0.0238,0.8171,1,Driving,HIGH,ACCEPT_MODEL_PREDICTED,MODEL_PREDICTED,0.0001,0.0001,0.8409,0.0001,0.0001,0.001,0.0023,0.0005,0.0238
20181010628,0.0011,0.0008,0.0003,0,NONE,NO_PREDICTION,REJECTED_ZERO_LABELS,UNKNOWN,0.0,0.0003,0.0002,0.0002,0.0011,0.0,0.0003,0.0008,0.0007
20181010657,0.9983,0.1732,0.8251,1,Driving,HIGH,ACCEPT_MODEL_PREDICTED,MODEL_PREDICTED,0.0062,0.0021,0.9983,0.0027,0.0008,0.0278,0.001,0.0009,0.1732
20181010659,0.458,0.0369,0.4211,1,Energy Isolation,MEDIUM,SENT_TO_HUMAN_REVIEW,UNKNOWN,0.0011,0.0057,0.0003,0.458,0.0035,0.0001,0.0014,0.0139,0.0369
20181010670,0.9986,0.0214,0.9772,1,Hot Work,HIGH,ACCEPT_MODEL_PREDICTED,MODEL_PREDICTED,0.0,0.0214,0.0002,0.0001,0.9986,0.0004,0.0057,0.0156,0.0001
20181010687,0.917,0.0039,0.9131,1,Line of Fire,HIGH,ACCEPT_MODEL_PREDICTED,MODEL_PREDICTED,0.0025,0.0002,0.0008,0.0039,0.0012,0.917,0.0023,0.0,0.0002
20181010695,0.0008,0.0002,0.0006,0,NONE,NO_PREDICTION,REJECTED_ZERO_LABELS,UNKNOWN,0.0,0.0,0.0001,0.0008,0.0002,0.0002,0.0001,0.0,0.0002
20181010735,0.0065,0.0045,0.002,0,NONE,NO_PREDICTION,REJECTED_ZERO_LABELS,UNKNOWN,0.0001,0.0005,0.0,0.0065,0.0045,0.001,0.0002,0.0002,0.0
20181010741,0.9987,0.041,0.9577,1,Safe Mechanical Lifting,HIGH,ACCEPT_MODEL_PREDICTED,MODEL_PREDICTED,0.0001,0.0,0.0068,0.0009,0.0014,0.0328,0.9987,0.0003,0.041
20181010783,0.8141,0.0038,0.8103,1,Driving,HIGH,ACCEPT_MODEL_PREDICTED,MODEL_PREDICTED,0.0005,0.0007,0.8141,0.0003,0.0001,0.0038,0.0,0.0002,0.0006
20181010823,0.9906,0.0364,0.9542,1,Working at Height,HIGH,ACCEPT_MODEL_PREDICTED,MODEL_PREDICTED,0.0019,0.0122,0.0249,0.0364,0.0043,0.0075,0.0014,0.0097,0.9906
20181010828,0.7879,0.1596,0.6283,1,Safe Mechanical Lifting,HIGH,ACCEPT_MODEL_PREDICTED,MODEL_PREDICTED,0.0004,0.0002,0.0027,0.0217,0.0069,0.1596,0.7879,0.0002,0.0017
20181010877,0.9888,0.0091,0.9797,1,Driving,HIGH,ACCEPT_MODEL_PREDICTED,MODEL_PREDICTED,0.0028,0.0026,0.9888,0.003,0.0091,0.0043,0.0016,0.0018,0.0004
20181010901,0.2512,0.0138,0.2374,1,Line of Fire,LOW,REJECTED_LOW_CONFIDENCE,UNKNOWN,0.0015,0.0002,0.0001,0.013,0.0001,0.2512,0.0138,0.0001,0.0016
20181010910,0.0522,0.0153,0.0369,0,NONE,NO_PREDICTION,REJECTED_ZERO_LABELS,UNKNOWN,0.0001,0.0,0.0002,0.0153,0.0,0.0063,0.0005,0.0,0.0522
20181010956,0.9975,0.9305,0.067,2,Driving | Working at Height,MEDIUM,SENT_TO_HUMAN_REVIEW,UNKNOWN,0.0003,0.0003,0.9975,0.0003,0.0015,0.0009,0.0031,0.0023,0.9305
20181011005,0.0542,0.0127,0.0415,0,NONE,NO_PREDICTION,REJECTED_ZERO_LABELS,UNKNOWN,0.0002,0.0011,0.0005,0.0036,0.0006,0.001,0.0127,0.0053,0.0542
20181011009,0.0172,0.0046,0.0126,0,NONE,NO_PREDICTION,REJECTED_ZERO_LABELS,UNKNOWN,0.0,0.0001,0.0,0.0001,0.0046,0.0,0.0,0.0001,0.0172
20181011019,0.0151,0.0063,0.0088,0,NONE,NO_PREDICTION,REJECTED_ZERO_LABELS,UNKNOWN,0.0001,0.0,0.0006,0.0006,0.0001,0.0151,0.0063,0.0,0.0002
20181011024,0.0045,0.0004,0.0041,0,NONE,NO_PREDICTION,REJECTED_ZERO_LABELS,UNKNOWN,0.0,0.0002,0.0004,0.0001,0.0001,0.0003,0.0,0.0,0.0045
20181011025,0.0043,0.0002,0.0041,0,NONE,NO_PREDICTION,REJECTED_ZERO_LABELS,UNKNOWN,0.0,0.0001,0.0,0.0043,0.0002,0.0001,0.0,0.0,0.0001
20181011101,0.9998,0.0641,0.9357,1,Hot Work,HIGH,ACCEPT_MODEL_PREDICTED,MODEL_PREDICTED,0.0,0.0641,0.0,0.035,0.9998,0.0008,0.0005,0.0063,0.0002
20181011102,0.0071,0.0017,0.0054,0,NONE,NO_PREDICTION,REJECTED_ZERO_LABELS,UNKNOWN,0.0,0.0,0.0,0.0017,0.0012,0.0002,0.0008,0.0001,0.0071
20181011107,0.0004,0.0003,0.0001,0,NONE,NO_PREDICTION,REJECTED_ZERO_LABELS,UNKNOWN,0.0001,0.0002,0.0002,0.0003,0.0001,0.0004,0.0002,0.0003,0.0002
20181011125,0.3631,0.2343,0.1288,1,Line of Fire,LOW,REJECTED_LOW_CONFIDENCE,UNKNOWN,0.0006,0.0001,0.0006,0.0266,0.0002,0.3631,0.0472,0.0001,0.2343
20181011173,0.2835,0.0386,0.2449,1,Working at Height,LOW,REJECTED_LOW_CONFIDENCE,UNKNOWN,0.0001,0.0,0.001,0.0014,0.0,0.0386,0.0275,0.0001,0.2835
20181011201,0.2132,0.0125,0.2007,1,Safe Mechanical Lifting,LOW,REJECTED_LOW_CONFIDENCE,UNKNOWN,0.0001,0.0,0.0001,0.0125,0.0001,0.0091,0.2132,0.0001,0.0007
20181011215,0.4579,0.0199,0.438,1,Line of Fire,MEDIUM,SENT_TO_HUMAN_REVIEW,UNKNOWN,0.0002,0.0,0.0012,0.0002,0.0,0.4579,0.0199,0.0,0.0034
20181011238,0.0103,0.002,0.0083,0,NONE,NO_PREDICTION,REJECTED_ZERO_LABELS,UNKNOWN,0.0,0.0,0.0103,0.0002,0.0003,0.0,0.002,0.0001,0.0005
20181111264,0.0013,0.0009,0.0004,0,NONE,NO_PREDICTION,REJECTED_ZERO_LABELS,UNKNOWN,0.0001,0.0003,0.0,0.0013,0.0005,0.0009,0.0,0.0,0.0003
20181111276,0.0095,0.0093,0.0002,0,NONE,NO_PREDICTION,REJECTED_ZERO_LABELS,UNKNOWN,0.0004,0.0027,0.0016,0.0012,0.006,0.0095,0.0,0.0001,0.0093
20181111301,0.0043,0.0019,0.0024,0,NONE,NO_PREDICTION,REJECTED_ZERO_LABELS,UNKNOWN,0.0,0.0001,0.0,0.0019,0.0043,0.0001,0.0006,0.0002,0.0
20181111381,0.9443,0.225,0.7193,1,Line of Fire,HIGH,ACCEPT_MODEL_PREDICTED,MODEL_PREDICTED,0.001,0.0001,0.0026,0.0051,0.0007,0.9443,0.1044,0.0,0.225
20181111397,0.1566,0.0585,0.0981,0,NONE,NO_PREDICTION,REJECTED_ZERO_LABELS,UNKNOWN,0.0008,0.0008,0.0112,0.0358,0.0001,0.0008,0.1566,0.0102,0.0585
20181111446,0.7929,0.0053,0.7876,1,Working at Height,HIGH,ACCEPT_MODEL_PREDICTED,MODEL_PREDICTED,0.0003,0.0014,0.0007,0.0036,0.0024,0.0053,0.0015,0.0018,0.7929
20181111451,0.9995,0.4334,0.5661,2,Driving | Safe Mechanical Lifting,HIGH,ACCEPT_MODEL_PREDICTED,MODEL_PREDICTED,0.0005,0.0003,0.9995,0.0057,0.0026,0.0002,0.4334,0.0309,0.0181
20181111465,0.0078,0.0009,0.0069,0,NONE,NO_PREDICTION,REJECTED_ZERO_LABELS,UNKNOWN,0.0,0.0,0.0,0.0005,0.0078,0.0009,0.0007,0.0,0.0
20181111486,0.0009,0.0003,0.0006,0,NONE,NO_PREDICTION,REJECTED_ZERO_LABELS,UNKNOWN,0.0,0.0001,0.0,0.0003,0.0002,0.0009,0.0,0.0,0.0
20181111490,0.0303,0.0293,0.001,0,NONE,NO_PREDICTION,REJECTED_ZERO_LABELS,UNKNOWN,0.0,0.0,0.0001,0.0303,0.0006,0.002,0.0025,0.0,0.0293
20181111503,0.0158,0.0109,0.0049,0,NONE,NO_PREDICTION,REJECTED_ZERO_LABELS,UNKNOWN,0.0,0.0,0.0001,0.0109,0.0,0.0001,0.0002,0.0001,0.0158
20181111515,0.9985,0.1046,0.8939,1,Safe Mechanical Lifting,HIGH,ACCEPT_MODEL_PREDICTED,MODEL_PREDICTED,0.0002,0.0001,0.0116,0.1046,0.0077,0.024,0.9985,0.001,0.011
20181111520,0.0238,0.0097,0.0141,0,NONE,NO_PREDICTION,REJECTED_ZERO_LABELS,UNKNOWN,0.0007,0.0005,0.0002,0.0238,0.0,0.0059,0.0001,0.0002,0.0097
20181111541,0.3021,0.1205,0.1816,1,Working at Height,LOW,REJECTED_LOW_CONFIDENCE,UNKNOWN,0.0001,0.0001,0.0003,0.1205,0.0001,0.0007,0.0124,0.0003,0.3021
20181111543,0.0005,0.0004,0.0001,0,NONE,NO_PREDICTION,REJECTED_ZERO_LABELS,UNKNOWN,0.0,0.0001,0.0001,0.0001,0.0005,0.0004,0.0001,0.0,0.0003
20181111601,0.315,0.0109,0.3041,0,NONE,NO_PREDICTION,REJECTED_ZERO_LABELS,UNKNOWN,0.0,0.0039,0.0,0.0109,0.315,0.0004,0.0003,0.001,0.0001
20181111619,0.6704,0.0193,0.6511,1,Working at Height,MEDIUM,SENT_TO_HUMAN_REVIEW,UNKNOWN,0.0,0.0,0.0001,0.0023,0.0071,0.0011,0.0193,0.0002,0.6704
20181111625,0.0431,0.0195,0.0236,0,NONE,NO_PREDICTION,REJECTED_ZERO_LABELS,UNKNOWN,0.0001,0.0011,0.0001,0.0431,0.0007,0.0002,0.0159,0.0082,0.0195
20181111629,0.79,0.0665,0.7235,1,Hot Work,HIGH,ACCEPT_MODEL_PREDICTED,MODEL_PREDICTED,0.0,0.0011,0.0,0.0665,0.79,0.0,0.0002,0.0009,0.0009
20181111634,0.2906,0.0992,0.1914,0,NONE,NO_PREDICTION,REJECTED_ZERO_LABELS,UNKNOWN,0.0003,0.0011,0.0003,0.2906,0.0017,0.0992,0.0006,0.0,0.001
20181111649,0.9272,0.0372,0.89,1,Line of Fire,HIGH,ACCEPT_MODEL_PREDICTED,MODEL_PREDICTED,0.0021,0.0005,0.0043,0.0004,0.0013,0.9272,0.0372,0.0001,0.0066
20181111731,0.9101,0.0011,0.909,1,Hot Work,HIGH,ACCEPT_MODEL_PREDICTED,MODEL_PREDICTED,0.0,0.0011,0.0,0.0001,0.9101,0.0003,0.0,0.0002,0.0007
20181111790,0.9937,0.0177,0.976,1,Energy Isolation,HIGH,ACCEPT_MODEL_PREDICTED,MODEL_PREDICTED,0.0015,0.0096,0.0001,0.9937,0.0177,0.0003,0.0009,0.0028,0.0008
20181111831,0.0007,0.0002,0.0005,0,NONE,NO_PREDICTION,REJECTED_ZERO_LABELS,UNKNOWN,0.0,0.0,0.0,0.0001,0.0007,0.0002,0.0002,0.0,0.0
20181111862,0.9671,0.0456,0.9215,1,Hot Work,HIGH,ACCEPT_MODEL_PREDICTED,MODEL_PREDICTED,0.0002,0.0456,0.0008,0.0043,0.9671,0.0007,0.0089,0.0286,0.0002
20181111868,0.0597,0.0262,0.0335,0,NONE,NO_PREDICTION,REJECTED_ZERO_LABELS,UNKNOWN,0.0,0.0003,0.0001,0.0021,0.0262,0.0001,0.0597,0.0027,0.0004
20181111869,0.9906,0.9446,0.046,3,Hot Work | Work Authorization | Confined Space,MEDIUM,SENT_TO_HUMAN_REVIEW,UNKNOWN,0.0013,0.5213,0.005,0.0529,0.9906,0.0016,0.1952,0.9446,0.0024
20181111874,0.0663,0.0109,0.0554,0,NONE,NO_PREDICTION,REJECTED_ZERO_LABELS,UNKNOWN,0.0,0.0,0.0001,0.0001,0.0022,0.0109,0.0663,0.0,0.0001
20181111892,0.0215,0.0011,0.0204,0,NONE,NO_PREDICTION,REJECTED_ZERO_LABELS,UNKNOWN,0.0001,0.0,0.0,0.0011,0.0002,0.0215,0.0003,0.0,0.0003
20181111905,0.8636,0.1111,0.7525,1,Safe Mechanical Lifting,HIGH,ACCEPT_MODEL_PREDICTED,MODEL_PREDICTED,0.0,0.0004,0.0001,0.0087,0.1111,0.0001,0.8636,0.0066,0.005
20181111906,0.99,0.9768,0.0132,2,Working at Height | Safe Mechanical Lifting,MEDIUM,SENT_TO_HUMAN_REVIEW,UNKNOWN,0.0026,0.0008,0.0418,0.2154,0.002,0.0418,0.9768,0.0101,0.99
20181111926,0.0086,0.0015,0.0071,0,NONE,NO_PREDICTION,REJECTED_ZERO_LABELS,UNKNOWN,0.0001,0.0003,0.0014,0.0015,0.0007,0.0008,0.0086,0.0003,0.0013
20181111936,0.0138,0.011,0.0028,0,NONE,NO_PREDICTION,REJECTED_ZERO_LABELS,UNKNOWN,0.0007,0.0028,0.0138,0.0009,0.0,0.0003,0.0025,0.011,0.0009
20181111937,0.1929,0.0612,0.1317,0,NONE,NO_PREDICTION,REJECTED_ZERO_LABELS,UNKNOWN,0.0,0.0005,0.0001,0.004,0.0612,0.0,0.1929,0.0046,0.0
20181112021,0.9855,0.0004,0.9851,1,Hot Work,HIGH,ACCEPT_MODEL_PREDICTED,MODEL_PREDICTED,0.0,0.0004,0.0,0.0001,0.9855,0.0001,0.0,0.0,0.0
20181112114,0.0022,0.002,0.0002,0,NONE,NO_PREDICTION,REJECTED_ZERO_LABELS,UNKNOWN,0.0,0.0003,0.0002,0.0,0.002,0.0002,0.0,0.0001,0.0022
20181112134,0.0018,0.0012,0.0006,0,NONE,NO_PREDICTION,REJECTED_ZERO_LABELS,UNKNOWN,0.0,0.0,0.0012,0.0,0.0,0.0002,0.0018,0.0002,0.0007
20181112145,0.2261,0.0437,0.1824,1,Line of Fire,LOW,REJECTED_LOW_CONFIDENCE,UNKNOWN,0.0007,0.0001,0.0317,0.0004,0.0001,0.2261,0.0437,0.0001,0.0015
20181112235,0.0328,0.0061,0.0267,0,NONE,NO_PREDICTION,REJECTED_ZERO_LABELS,UNKNOWN,0.0,0.0,0.0008,0.0015,0.0043,0.0001,0.0328,0.0003,0.0061
20181112236,0.0007,0.0001,0.0006,0,NONE,NO_PREDICTION,REJECTED_ZERO_LABELS,UNKNOWN,0.0,0.0,0.0007,0.0,0.0,0.0,0.0001,0.0001,0.0001
20181112243,0.9998,0.0294,0.9704,1,Energy Isolation,HIGH,ACCEPT_MODEL_PREDICTED,MODEL_PREDICTED,0.0086,0.0294,0.0001,0.9998,0.0047,0.0017,0.0003,0.001,0.0003
20181112247,0.9799,0.0644,0.9155,1,Safe Mechanical Lifting,HIGH,ACCEPT_MODEL_PREDICTED,MODEL_PREDICTED,0.0,0.0,0.0194,0.0,0.0001,0.0005,0.9799,0.0003,0.0644
20181112264,0.408,0.3787,0.0293,2,Safe Mechanical Lifting | Working at Height,LOW,REJECTED_LOW_CONFIDENCE,UNKNOWN,0.0006,0.0104,0.1345,0.0755,0.0486,0.0008,0.408,0.0585,0.3787
20181212352,0.0897,0.0157,0.074,0,NONE,NO_PREDICTION,REJECTED_ZERO_LABELS,UNKNOWN,0.0001,0.0055,0.0,0.0157,0.0897,0.0002,0.0,0.0018,0.0002
20181212395,0.0105,0.0082,0.0023,0,NONE,NO_PREDICTION,REJECTED_ZERO_LABELS,UNKNOWN,0.0001,0.0003,0.0001,0.0082,0.0006,0.0002,0.0105,0.0017,0.0074
20181212428,0.0193,0.0018,0.0175,0,NONE,NO_PREDICTION,REJECTED_ZERO_LABELS,UNKNOWN,0.0002,0.0005,0.0001,0.0193,0.0007,0.0011,0.0018,0.0003,0.0001
20181212440,0.9983,0.7761,0.2222,2,Safe Mechanical Lifting | Working at Height,HIGH,ACCEPT_MODEL_PREDICTED,MODEL_PREDICTED,0.0001,0.0,0.0576,0.0005,0.0085,0.0563,0.9983,0.0007,0.7761
20181212466,0.0546,0.023,0.0316,0,NONE,NO_PREDICTION,REJECTED_ZERO_LABELS,UNKNOWN,0.0,0.0,0.003,0.0005,0.0,0.0008,0.023,0.0001,0.0546
20181212517,0.1141,0.0082,0.1059,0,NONE,NO_PREDICTION,REJECTED_ZERO_LABELS,UNKNOWN,0.0001,0.0003,0.0001,0.0011,0.0014,0.0046,0.0082,0.0005,0.1141
20181212518,0.8041,0.4831,0.321,2,Energy Isolation | Safe Mechanical Lifting,HIGH,ACCEPT_MODEL_PREDICTED,MODEL_PREDICTED,0.0003,0.0004,0.003,0.8041,0.0044,0.0009,0.4831,0.0015,0.0004
20181212537,0.1516,0.0373,0.1143,0,NONE,NO_PREDICTION,REJECTED_ZERO_LABELS,UNKNOWN,0.0001,0.0,0.003,0.0,0.0001,0.1516,0.0373,0.0,0.0006
20181212606,0.0013,0.0007,0.0006,0,NONE,NO_PREDICTION,REJECTED_ZERO_LABELS,UNKNOWN,0.0,0.0,0.0,0.0007,0.0001,0.0013,0.0003,0.0,0.0002
20181212623,0.7986,0.4159,0.3827,2,Energy Isolation | Working at Height,HIGH,ACCEPT_MODEL_PREDICTED,MODEL_PREDICTED,0.0026,0.0077,0.0126,0.7986,0.0041,0.0002,0.0171,0.0346,0.4159
20181212625,0.0309,0.0148,0.0161,0,NONE,NO_PREDICTION,REJECTED_ZERO_LABELS,UNKNOWN,0.0002,0.0002,0.0001,0.0148,0.0001,0.0017,0.0309,0.0005,0.003
20181212633,0.1438,0.0285,0.1153,0,NONE,NO_PREDICTION,REJECTED_ZERO_LABELS,UNKNOWN,0.0001,0.0003,0.0,0.1438,0.0119,0.001,0.0285,0.0002,0.0
20181212701,0.0482,0.0471,0.0011,0,NONE,NO_PREDICTION,REJECTED_ZERO_LABELS,UNKNOWN,0.0,0.0,0.0003,0.0002,0.0,0.0482,0.0001,0.0,0.0471
20181212705,0.9981,0.2811,0.717,2,Safe Mechanical Lifting | Working at Height,HIGH,ACCEPT_MODEL_PREDICTED,MODEL_PREDICTED,0.0005,0.0005,0.0175,0.0406,0.0087,0.0398,0.9981,0.0048,0.2811
20181212715,0.0614,0.0164,0.045,0,NONE,NO_PREDICTION,REJECTED_ZERO_LABELS,UNKNOWN,0.0001,0.0009,0.0001,0.0614,0.0164,0.0004,0.0016,0.0008,0.0148
20181212741,0.0005,0.0003,0.0002,0,NONE,NO_PREDICTION,REJECTED_ZERO_LABELS,UNKNOWN,0.0,0.0,0.0,0.0005,0.0003,0.0001,0.0,0.0,0.0
20181212793,0.9106,0.01,0.9006,1,Energy Isolation,HIGH,ACCEPT_MODEL_PREDICTED,MODEL_PREDICTED,0.0009,0.0003,0.0001,0.9106,0.0007,0.0079,0.01,0.0001,0.0004
20181212843,0.9936,0.0094,0.9842,1,Energy Isolation,HIGH,ACCEPT_MODEL_PREDICTED,MODEL_PREDICTED,0.0049,0.0034,0.0004,0.9936,0.0001,0.0094,0.0007,0.0004,0.0012
20181212860,0.9973,0.0751,0.9222,1,Driving,HIGH,ACCEPT_MODEL_PREDICTED,MODEL_PREDICTED,0.0058,0.0069,0.9973,0.0017,0.0014,0.0023,0.0003,0.0052,0.0751
20181212873,0.1168,0.0037,0.1131,0,NONE,NO_PREDICTION,REJECTED_ZERO_LABELS,UNKNOWN,0.0,0.0002,0.003,0.0003,0.0037,0.0001,0.1168,0.0029,0.0005
20181212989,0.9003,0.8757,0.0246,3,Safe Mechanical Lifting | Energy Isolation | Driving,MEDIUM,SENT_TO_HUMAN_REVIEW,UNKNOWN,0.0335,0.011,0.3774,0.8757,0.0007,0.1061,0.9003,0.0145,0.0077
20181212992,0.9944,0.0595,0.9349,1,Hot Work,HIGH,ACCEPT_MODEL_PREDICTED,MODEL_PREDICTED,0.0001,0.0129,0.0001,0.007,0.9944,0.0021,0.0595,0.0083,0.0
20181213018,0.1481,0.0013,0.1468,0,NONE,NO_PREDICTION,REJECTED_ZERO_LABELS,UNKNOWN,0.0001,0.0003,0.0,0.1481,0.0003,0.0002,0.0,0.0,0.0013
20181213030,0.037,0.0319,0.0051,0,NONE,NO_PREDICTION,REJECTED_ZERO_LABELS,UNKNOWN,0.0002,0.0008,0.0007,0.0319,0.0001,0.0,0.037,0.0278,0.0212
20181213039,0.9989,0.0239,0.975,1,Energy Isolation,HIGH,ACCEPT_MODEL_PREDICTED,MODEL_PREDICTED,0.0008,0.0011,0.0001,0.9989,0.0009,0.0009,0.0015,0.0002,0.0239
20181213047,0.0746,0.0539,0.0207,0,NONE,NO_PREDICTION,REJECTED_ZERO_LABELS,UNKNOWN,0.0001,0.0001,0.0122,0.0,0.0009,0.0539,0.0746,0.0001,0.027
20181213114,0.0002,0.0001,0.0001,0,NONE,NO_PREDICTION,REJECTED_ZERO_LABELS,UNKNOWN,0.0,0.0,0.0002,0.0,0.0,0.0,0.0,0.0,0.0001
20181213123,0.0785,0.0045,0.074,0,NONE,NO_PREDICTION,REJECTED_ZERO_LABELS,UNKNOWN,0.0,0.0002,0.0,0.0785,0.0017,0.0001,0.0001,0.0002,0.0045
20181213137,0.2499,0.0008,0.2491,1,Safe Mechanical Lifting,LOW,REJECTED_LOW_CONFIDENCE,UNKNOWN,0.0,0.0,0.0002,0.0001,0.0001,0.0008,0.2499,0.0,0.0001
20181213141,0.0023,0.0013,0.001,0,NONE,NO_PREDICTION,REJECTED_ZERO_LABELS,UNKNOWN,0.0001,0.0003,0.0002,0.0013,0.0,0.0,0.0001,0.0011,0.0023
20181213193,0.0409,0.0152,0.0257,0,NONE,NO_PREDICTION,REJECTED_ZERO_LABELS,UNKNOWN,0.0004,0.0007,0.0006,0.0152,0.0084,0.0409,0.0123,0.0,0.0001
20181213238,0.4051,0.0064,0.3987,0,NONE,NO_PREDICTION,REJECTED_ZERO_LABELS,UNKNOWN,0.0,0.0008,0.0,0.0011,0.4051,0.0001,0.0005,0.0003,0.0064
20181213289,0.6382,0.2103,0.4279,1,Safe Mechanical Lifting,MEDIUM,SENT_TO_HUMAN_REVIEW,UNKNOWN,0.0002,0.0015,0.0004,0.2103,0.0351,0.0004,0.6382,0.0128,0.0019
2019010003,0.0104,0.0003,0.0101,0,NONE,NO_PREDICTION,REJECTED_ZERO_LABELS,UNKNOWN,0.0,0.0003,0.0,0.0002,0.0104,0.0001,0.0001,0.0001,0.0
2019010019,0.8988,0.1502,0.7486,1,Working at Height,HIGH,ACCEPT_MODEL_PREDICTED,MODEL_PREDICTED,0.0003,0.0012,0.0011,0.0047,0.1502,0.108,0.0677,0.0007,0.8988
2019010020,0.001,0.0009,0.0001,0,NONE,NO_PREDICTION,REJECTED_ZERO_LABELS,UNKNOWN,0.0,0.0002,0.0002,0.0009,0.0007,0.0,0.0,0.0,0.001
2019017889,0.9972,0.2662,0.731,1,Hot Work,HIGH,ACCEPT_MODEL_PREDICTED,MODEL_PREDICTED,0.0004,0.2662,0.0002,0.0007,0.9972,0.0067,0.0009,0.0205,0.0
2019010143,0.9992,0.2997,0.6995,2,Hot Work | Safe Mechanical Lifting,HIGH,ACCEPT_MODEL_PREDICTED,MODEL_PREDICTED,0.0003,0.1038,0.0021,0.2127,0.9992,0.0057,0.2997,0.1025,0.0035
2019010164,0.5253,0.5159,0.0094,2,Energy Isolation | Safe Mechanical Lifting,MEDIUM,SENT_TO_HUMAN_REVIEW,UNKNOWN,0.0005,0.0025,0.0,0.5253,0.324,0.1071,0.5159,0.0015,0.0706
2019010175,0.9972,0.0053,0.9919,1,Safe Mechanical Lifting,HIGH,ACCEPT_MODEL_PREDICTED,MODEL_PREDICTED,0.0,0.0,0.0053,0.0009,0.0014,0.0036,0.9972,0.0005,0.0028
2019010178,0.9946,0.068,0.9266,1,Line of Fire,HIGH,ACCEPT_MODEL_PREDICTED,MODEL_PREDICTED,0.005,0.0006,0.0013,0.0471,0.0029,0.9946,0.068,0.0,0.0072
2019010224,0.0005,0.0005,0.0,0,NONE,NO_PREDICTION,REJECTED_ZERO_LABELS,UNKNOWN,0.0,0.0002,0.0002,0.0,0.0005,0.0,0.0005,0.0005,0.0005
2019010230,0.0003,0.0001,0.0002,0,NONE,NO_PREDICTION,REJECTED_ZERO_LABELS,UNKNOWN,0.0,0.0,0.0,0.0,0.0,0.0001,0.0,0.0,0.0003
2019010232,0.0033,0.0004,0.0029,0,NONE,NO_PREDICTION,REJECTED_ZERO_LABELS,UNKNOWN,0.0,0.0003,0.0,0.0033,0.0004,0.0,0.0,0.0001,0.0002
2019010279,0.9995,0.0219,0.9776,1,Working at Height,HIGH,ACCEPT_MODEL_PREDICTED,MODEL_PREDICTED,0.0001,0.0002,0.0137,0.0219,0.0004,0.0006,0.0195,0.003,0.9995
2019010294,0.9996,0.0129,0.9867,1,Safe Mechanical Lifting,HIGH,ACCEPT_MODEL_PREDICTED,MODEL_PREDICTED,0.0001,0.0001,0.012,0.011,0.0129,0.0087,0.9996,0.0005,0.0013
2019010321,0.1713,0.0039,0.1674,0,NONE,NO_PREDICTION,REJECTED_ZERO_LABELS,UNKNOWN,0.0,0.0,0.0001,0.0039,0.0001,0.0006,0.0023,0.0002,0.1713
2019010384,0.049,0.0011,0.0479,0,NONE,NO_PREDICTION,REJECTED_ZERO_LABELS,UNKNOWN,0.0001,0.0003,0.0003,0.0011,0.0,0.0004,0.0,0.0003,0.049
2019010396,0.0046,0.0002,0.0044,0,NONE,NO_PREDICTION,REJECTED_ZERO_LABELS,UNKNOWN,0.0,0.0,0.0,0.0001,0.0,0.0002,0.0046,0.0,0.0
2019010417,0.6168,0.2891,0.3277,2,Working at Height | Line of Fire,MEDIUM,SENT_TO_HUMAN_REVIEW,UNKNOWN,0.0064,0.0056,0.002,0.2138,0.0011,0.2891,0.0313,0.002,0.6168
2019010446,0.0232,0.0155,0.0077,0,NONE,NO_PREDICTION,REJECTED_ZERO_LABELS,UNKNOWN,0.0,0.0002,0.0232,0.0001,0.0036,0.0002,0.0073,0.0003,0.0155
2019010465,0.0043,0.001,0.0033,0,NONE,NO_PREDICTION,REJECTED_ZERO_LABELS,UNKNOWN,0.0,0.0001,0.0001,0.001,0.0003,0.0001,0.0043,0.0006,0.0002
2019010476,0.7141,0.0294,0.6847,1,Hot Work,HIGH,ACCEPT_MODEL_PREDICTED,MODEL_PREDICTED,0.0,0.008,0.0294,0.0008,0.7141,0.0,0.0003,0.0062,0.0024
2019010485,0.0382,0.038,0.0002,0,NONE,NO_PREDICTION,REJECTED_ZERO_LABELS,UNKNOWN,0.0002,0.0008,0.0003,0.0014,0.0057,0.038,0.0,0.0,0.0382
2019010489,0.9143,0.8989,0.0154,2,Energy Isolation | Safe Mechanical Lifting,MEDIUM,SENT_TO_HUMAN_REVIEW,UNKNOWN,0.0007,0.0096,0.0034,0.9143,0.0426,0.0004,0.8989,0.1022,0.0194
2019010538,0.9779,0.3163,0.6616,2,Line of Fire | Energy Isolation,HIGH,ACCEPT_MODEL_PREDICTED,MODEL_PREDICTED,0.0055,0.0022,0.0009,0.3163,0.0022,0.9779,0.0321,0.0,0.0064
2019010585,0.0032,0.0003,0.0029,0,NONE,NO_PREDICTION,REJECTED_ZERO_LABELS,UNKNOWN,0.0001,0.0,0.0001,0.0003,0.0,0.0032,0.0001,0.0,0.0002
2019010626,0.992,0.0484,0.9436,1,Safe Mechanical Lifting,HIGH,ACCEPT_MODEL_PREDICTED,MODEL_PREDICTED,0.0011,0.0003,0.0144,0.0125,0.0001,0.0484,0.992,0.0082,0.0109
2019010648,0.9932,0.2621,0.7311,1,Energy Isolation,HIGH,ACCEPT_MODEL_PREDICTED,MODEL_PREDICTED,0.0121,0.1393,0.0004,0.9932,0.2621,0.019,0.0028,0.0066,0.0392
2019010683,0.0017,0.0011,0.0006,0,NONE,NO_PREDICTION,REJECTED_ZERO_LABELS,UNKNOWN,0.0,0.0,0.0001,0.0008,0.0001,0.0003,0.0017,0.0001,0.0011
2019010687,0.1301,0.0055,0.1246,0,NONE,NO_PREDICTION,REJECTED_ZERO_LABELS,UNKNOWN,0.0,0.0,0.0055,0.0004,0.0002,0.0002,0.0003,0.0001,0.1301
2019010728,0.1172,0.0796,0.0376,0,NONE,NO_PREDICTION,REJECTED_ZERO_LABELS,UNKNOWN,0.0085,0.0043,0.1172,0.0314,0.0001,0.0796,0.0107,0.0014,0.0022
2019010782,0.996,0.9155,0.0805,2,Hot Work | Driving,MEDIUM,SENT_TO_HUMAN_REVIEW,UNKNOWN,0.0017,0.3674,0.9155,0.0316,0.996,0.0011,0.0034,0.3487,0.1362
2019010786,0.0012,0.0004,0.0008,0,NONE,NO_PREDICTION,REJECTED_ZERO_LABELS,UNKNOWN,0.0,0.0001,0.0001,0.0004,0.0012,0.0,0.0,0.0,0.0004
2019010788,0.0212,0.0019,0.0193,0,NONE,NO_PREDICTION,REJECTED_ZERO_LABELS,UNKNOWN,0.0001,0.0003,0.0002,0.0006,0.0003,0.0004,0.0019,0.0004,0.0212
2019010791,0.8532,0.003,0.8502,1,Hot Work,HIGH,ACCEPT_MODEL_PREDICTED,MODEL_PREDICTED,0.0,0.003,0.0,0.0023,0.8532,0.0002,0.0,0.0002,0.0
2019010796,0.0301,0.0052,0.0249,0,NONE,NO_PREDICTION,REJECTED_ZERO_LABELS,UNKNOWN,0.0,0.0,0.0001,0.0,0.0002,0.0301,0.0052,0.0,0.0052
2019010841,0.9998,0.1974,0.8024,1,Driving,HIGH,ACCEPT_MODEL_PREDICTED,MODEL_PREDICTED,0.0031,0.0013,0.9998,0.0033,0.0064,0.0056,0.1974,0.0254,0.0626
2019010860,0.2836,0.0745,0.2091,0,NONE,NO_PREDICTION,REJECTED_ZERO_LABELS,UNKNOWN,0.0011,0.0745,0.0101,0.0015,0.0005,0.0,0.0004,0.2836,0.0009
2019010892,0.9998,0.1786,0.8212,1,Energy Isolation,HIGH,ACCEPT_MODEL_PREDICTED,MODEL_PREDICTED,0.0224,0.1786,0.0006,0.9998,0.0446,0.0024,0.0025,0.0079,0.0027
2019010917,0.0048,0.0005,0.0043,0,NONE,NO_PREDICTION,REJECTED_ZERO_LABELS,UNKNOWN,0.0,0.0,0.0,0.0005,0.0001,0.0,0.0048,0.0004,0.0
2019010956,0.3831,0.2838,0.0993,2,Safe Mechanical Lifting | Working at Height,LOW,REJECTED_LOW_CONFIDENCE,UNKNOWN,0.0006,0.0064,0.0716,0.0148,0.0621,0.0036,0.3831,0.02,0.2838
2019011012,0.699,0.0488,0.6502,1,Driving,MEDIUM,SENT_TO_HUMAN_REVIEW,UNKNOWN,0.0014,0.0003,0.699,0.0006,0.0,0.0488,0.004,0.0003,0.0202
2019011040,0.9999,0.1862,0.8137,1,Safe Mechanical Lifting,HIGH,ACCEPT_MODEL_PREDICTED,MODEL_PREDICTED,0.0012,0.0006,0.1862,0.1476,0.0069,0.0049,0.9999,0.0559,0.0178
2019011053,0.2075,0.0003,0.2072,1,Line of Fire,LOW,REJECTED_LOW_CONFIDENCE,UNKNOWN,0.0002,0.0,0.0001,0.0003,0.0,0.2075,0.0001,0.0,0.0001
2019011064,0.7461,0.5596,0.1865,2,Safe Mechanical Lifting | Line of Fire,HIGH,ACCEPT_MODEL_PREDICTED,MODEL_PREDICTED,0.0029,0.0008,0.0197,0.0287,0.0014,0.5596,0.7461,0.0002,0.0002
2019011101,0.2267,0.089,0.1377,1,Safe Mechanical Lifting,LOW,REJECTED_LOW_CONFIDENCE,UNKNOWN,0.0,0.0001,0.0003,0.089,0.0034,0.0001,0.2267,0.0003,0.0519
2019011143,0.9626,0.9281,0.0345,2,Line of Fire | Safe Mechanical Lifting,MEDIUM,SENT_TO_HUMAN_REVIEW,UNKNOWN,0.0023,0.0001,0.001,0.0042,0.0003,0.9626,0.9281,0.0001,0.0008
2019011175,0.0071,0.0007,0.0064,0,NONE,NO_PREDICTION,REJECTED_ZERO_LABELS,UNKNOWN,0.0,0.0,0.0,0.0001,0.0007,0.0071,0.0001,0.0,0.0005
2019021198,0.0069,0.0016,0.0053,0,NONE,NO_PREDICTION,REJECTED_ZERO_LABELS,UNKNOWN,0.0001,0.0008,0.0001,0.0069,0.0016,0.0001,0.0,0.0002,0.0005
2019021219,0.993,0.0185,0.9745,1,Working at Height,HIGH,ACCEPT_MODEL_PREDICTED,MODEL_PREDICTED,0.0003,0.0009,0.0017,0.0084,0.0024,0.007,0.0185,0.0052,0.993
2019021221,0.4085,0.0149,0.3936,1,Working at Height,LOW,REJECTED_LOW_CONFIDENCE,UNKNOWN,0.0,0.0002,0.0,0.0149,0.0015,0.0002,0.0003,0.0002,0.4085
2019021246,0.5079,0.3499,0.158,2,Energy Isolation | Safe Mechanical Lifting,MEDIUM,SENT_TO_HUMAN_REVIEW,UNKNOWN,0.0012,0.0002,0.003,0.5079,0.0001,0.0266,0.3499,0.0003,0.0065
2019021261,0.9962,0.0285,0.9677,1,Energy Isolation,HIGH,ACCEPT_MODEL_PREDICTED,MODEL_PREDICTED,0.0265,0.0285,0.0032,0.9962,0.0103,0.0163,0.01,0.0032,0.0065
2019021273,0.1815,0.0085,0.173,0,NONE,NO_PREDICTION,REJECTED_ZERO_LABELS,UNKNOWN,0.0004,0.0001,0.0001,0.0011,0.0001,0.1815,0.0085,0.0,0.0001
2019021291,0.0941,0.0253,0.0688,0,NONE,NO_PREDICTION,REJECTED_ZERO_LABELS,UNKNOWN,0.0003,0.0001,0.0007,0.0001,0.0002,0.0941,0.0253,0.0001,0.0012
2019021292,0.6569,0.0031,0.6538,1,Safe Mechanical Lifting,MEDIUM,SENT_TO_HUMAN_REVIEW,UNKNOWN,0.0,0.0001,0.0006,0.0006,0.0024,0.0,0.6569,0.0031,0.0009
2019021314,0.9525,0.0939,0.8586,1,Line of Fire,HIGH,ACCEPT_MODEL_PREDICTED,MODEL_PREDICTED,0.0019,0.0001,0.0001,0.0059,0.001,0.9525,0.0939,0.0,0.0072
2019021329,0.8238,0.0016,0.8222,1,Line of Fire,HIGH,ACCEPT_MODEL_PREDICTED,MODEL_PREDICTED,0.0006,0.0001,0.0002,0.0004,0.0016,0.8238,0.0011,0.0,0.0002
2019021330,0.0058,0.0046,0.0012,0,NONE,NO_PREDICTION,REJECTED_ZERO_LABELS,UNKNOWN,0.0005,0.0015,0.0046,0.0058,0.0002,0.001,0.0002,0.0004,0.0003
2019021334,0.9141,0.8784,0.0357,2,Driving | Safe Mechanical Lifting,MEDIUM,SENT_TO_HUMAN_REVIEW,UNKNOWN,0.0016,0.0011,0.9141,0.0013,0.0185,0.0929,0.8784,0.0019,0.0056
2019021368,0.1004,0.0404,0.06,0,NONE,NO_PREDICTION,REJECTED_ZERO_LABELS,UNKNOWN,0.0006,0.0008,0.0042,0.0404,0.0,0.0004,0.1004,0.006,0.0001
2019021374,0.9996,0.0528,0.9468,1,Energy Isolation,HIGH,ACCEPT_MODEL_PREDICTED,MODEL_PREDICTED,0.0183,0.035,0.0032,0.9996,0.0063,0.0046,0.0528,0.0068,0.0147
2019021399,0.9056,0.0251,0.8805,1,Working at Height,HIGH,ACCEPT_MODEL_PREDICTED,MODEL_PREDICTED,0.0,0.0,0.0017,0.0012,0.0001,0.0038,0.0251,0.0001,0.9056
2019021493,0.9978,0.0055,0.9923,1,Hot Work,HIGH,ACCEPT_MODEL_PREDICTED,MODEL_PREDICTED,0.0,0.0055,0.0,0.0014,0.9978,0.0004,0.001,0.0018,0.0001
2019021514,0.0022,0.0011,0.0011,0,NONE,NO_PREDICTION,REJECTED_ZERO_LABELS,UNKNOWN,0.0,0.0,0.0002,0.0002,0.0002,0.0011,0.0001,0.0,0.0022
2019021597,0.0041,0.0029,0.0012,0,NONE,NO_PREDICTION,REJECTED_ZERO_LABELS,UNKNOWN,0.0001,0.0006,0.0029,0.0004,0.0,0.0,0.0004,0.0041,0.0021
2019021646,0.2665,0.0013,0.2652,0,NONE,NO_PREDICTION,REJECTED_ZERO_LABELS,UNKNOWN,0.0,0.0013,0.0002,0.0003,0.2665,0.0001,0.0004,0.0009,0.0002
2019021660,0.1118,0.0633,0.0485,0,NONE,NO_PREDICTION,REJECTED_ZERO_LABELS,UNKNOWN,0.0004,0.0029,0.0046,0.0007,0.0016,0.014,0.1118,0.0021,0.0633
2019021671,0.0553,0.0153,0.04,0,NONE,NO_PREDICTION,REJECTED_ZERO_LABELS,UNKNOWN,0.0,0.0025,0.0007,0.0553,0.0153,0.0,0.0032,0.0055,0.0001
2019021679,0.0145,0.0091,0.0054,0,NONE,NO_PREDICTION,REJECTED_ZERO_LABELS,UNKNOWN,0.0001,0.0005,0.0003,0.0024,0.0033,0.0011,0.0091,0.0018,0.0145
2019021712,0.6269,0.297,0.3299,2,Safe Mechanical Lifting | Driving,MEDIUM,SENT_TO_HUMAN_REVIEW,UNKNOWN,0.0001,0.0002,0.297,0.0027,0.0073,0.0005,0.6269,0.0008,0.0005
2019021755,0.3563,0.0073,0.349,1,Energy Isolation,LOW,REJECTED_LOW_CONFIDENCE,UNKNOWN,0.0002,0.0001,0.0,0.3563,0.0003,0.0011,0.0073,0.0001,0.0
2019021758,0.7739,0.0423,0.7316,1,Energy Isolation,HIGH,ACCEPT_MODEL_PREDICTED,MODEL_PREDICTED,0.0002,0.0001,0.0,0.7739,0.0004,0.0423,0.0001,0.0,0.0295
2019021783,0.0278,0.0112,0.0166,0,NONE,NO_PREDICTION,REJECTED_ZERO_LABELS,UNKNOWN,0.0011,0.0054,0.0278,0.0024,0.0112,0.0021,0.0001,0.0008,0.0028
2019021814,0.6647,0.0048,0.6599,1,Safe Mechanical Lifting,MEDIUM,SENT_TO_HUMAN_REVIEW,UNKNOWN,0.0001,0.0,0.0019,0.0002,0.0001,0.0048,0.6647,0.0001,0.0001
2019021842,0.0488,0.0005,0.0483,0,NONE,NO_PREDICTION,REJECTED_ZERO_LABELS,UNKNOWN,0.0002,0.0001,0.0004,0.0002,0.0002,0.0488,0.0005,0.0,0.0001
2019021847,0.9983,0.0504,0.9479,1,Safe Mechanical Lifting,HIGH,ACCEPT_MODEL_PREDICTED,MODEL_PREDICTED,0.0002,0.0001,0.0178,0.0214,0.0097,0.0039,0.9983,0.0027,0.0504
2019021888,0.8275,0.0657,0.7618,1,Hot Work,HIGH,ACCEPT_MODEL_PREDICTED,MODEL_PREDICTED,0.0,0.0083,0.0007,0.0074,0.8275,0.0,0.0066,0.0657,0.002
2019021895,0.1678,0.0017,0.1661,0,NONE,NO_PREDICTION,REJECTED_ZERO_LABELS,UNKNOWN,0.0,0.0001,0.0,0.0011,0.0017,0.0009,0.1678,0.0006,0.0
2019021900,0.0556,0.0046,0.051,0,NONE,NO_PREDICTION,REJECTED_ZERO_LABELS,UNKNOWN,0.0001,0.0005,0.0046,0.0021,0.0009,0.0,0.0556,0.0033,0.0
2019021911,0.3585,0.0673,0.2912,0,NONE,NO_PREDICTION,REJECTED_ZERO_LABELS,UNKNOWN,0.0001,0.0009,0.0001,0.0016,0.3585,0.0017,0.0094,0.0011,0.0673
2019021918,0.0954,0.0056,0.0898,0,NONE,NO_PREDICTION,REJECTED_ZERO_LABELS,UNKNOWN,0.0,0.0,0.0,0.0056,0.0004,0.0016,0.0954,0.0,0.0004
2019021931,0.9485,0.0257,0.9228,1,Safe Mechanical Lifting,HIGH,ACCEPT_MODEL_PREDICTED,MODEL_PREDICTED,0.0,0.0001,0.002,0.0145,0.0257,0.0001,0.9485,0.001,0.0
2019021953,0.2353,0.0011,0.2342,1,Safe Mechanical Lifting,LOW,REJECTED_LOW_CONFIDENCE,UNKNOWN,0.0,0.0,0.0001,0.0001,0.0001,0.0001,0.2353,0.0001,0.0011
2019021964,0.0066,0.0027,0.0039,0,NONE,NO_PREDICTION,REJECTED_ZERO_LABELS,UNKNOWN,0.0003,0.0003,0.0002,0.0027,0.0004,0.0066,0.0021,0.0001,0.0001
2019022010,0.0388,0.0112,0.0276,0,NONE,NO_PREDICTION,REJECTED_ZERO_LABELS,UNKNOWN,0.0,0.0,0.0029,0.0002,0.0,0.0001,0.0112,0.0001,0.0388
2019022037,0.0316,0.0174,0.0142,0,NONE,NO_PREDICTION,REJECTED_ZERO_LABELS,UNKNOWN,0.0,0.0,0.0003,0.0,0.0023,0.0004,0.0316,0.0,0.0174
2019022062,0.195,0.0668,0.1282,0,NONE,NO_PREDICTION,REJECTED_ZERO_LABELS,UNKNOWN,0.0,0.0,0.0002,0.0668,0.0,0.0002,0.0002,0.0,0.195
2019022069,0.1033,0.0711,0.0322,0,NONE,NO_PREDICTION,REJECTED_ZERO_LABELS,UNKNOWN,0.0009,0.0002,0.0037,0.0001,0.0005,0.1033,0.0711,0.0003,0.0007
2019022080,0.0129,0.0088,0.0041,0,NONE,NO_PREDICTION,REJECTED_ZERO_LABELS,UNKNOWN,0.0001,0.0004,0.0023,0.0088,0.0129,0.0011,0.0062,0.0002,0.0001
2019022083,0.0374,0.0023,0.0351,0,NONE,NO_PREDICTION,REJECTED_ZERO_LABELS,UNKNOWN,0.0,0.0,0.0003,0.0023,0.0002,0.0001,0.0001,0.0,0.0374
2019022096,0.1332,0.0135,0.1197,0,NONE,NO_PREDICTION,REJECTED_ZERO_LABELS,UNKNOWN,0.0001,0.0,0.0007,0.0135,0.0,0.0071,0.1332,0.0,0.0047
2019022110,0.0375,0.0073,0.0302,0,NONE,NO_PREDICTION,REJECTED_ZERO_LABELS,UNKNOWN,0.0,0.0003,0.0,0.0375,0.0052,0.0004,0.0073,0.0003,0.0004
2019022140,0.0033,0.0003,0.003,0,NONE,NO_PREDICTION,REJECTED_ZERO_LABELS,UNKNOWN,0.0,0.0,0.0001,0.0033,0.0,0.0002,0.0003,0.0,0.0
2019022167,0.9988,0.0215,0.9773,1,Energy Isolation,HIGH,ACCEPT_MODEL_PREDICTED,MODEL_PREDICTED,0.0016,0.0215,0.0,0.9988,0.0181,0.0004,0.0001,0.0017,0.0014
2019022178,0.5866,0.0161,0.5705,1,Energy Isolation,MEDIUM,SENT_TO_HUMAN_REVIEW,UNKNOWN,0.0016,0.0109,0.001,0.5866,0.0057,0.0003,0.0001,0.0099,0.0161
2019022195,0.0079,0.0037,0.0042,0,NONE,NO_PREDICTION,REJECTED_ZERO_LABELS,UNKNOWN,0.0,0.0001,0.0,0.0037,0.0079,0.0,0.0013,0.0004,0.0022
2019032243,0.8442,0.2645,0.5797,2,Energy Isolation | Working at Height,HIGH,ACCEPT_MODEL_PREDICTED,MODEL_PREDICTED,0.0005,0.0006,0.0012,0.8442,0.0006,0.001,0.0022,0.0006,0.2645
2019032256,0.0236,0.0003,0.0233,0,NONE,NO_PREDICTION,REJECTED_ZERO_LABELS,UNKNOWN,0.0,0.0002,0.0,0.0236,0.0003,0.0,0.0002,0.0001,0.0003
2019032269,0.0007,0.0004,0.0003,0,NONE,NO_PREDICTION,REJECTED_ZERO_LABELS,UNKNOWN,0.0,0.0,0.0,0.0,0.0007,0.0002,0.0,0.0,0.0004
2019032282,0.9998,0.0515,0.9483,1,Safe Mechanical Lifting,HIGH,ACCEPT_MODEL_PREDICTED,MODEL_PREDICTED,0.0004,0.0001,0.0515,0.0223,0.0014,0.026,0.9998,0.0017,0.0041
2019032290,0.0064,0.003,0.0034,0,NONE,NO_PREDICTION,REJECTED_ZERO_LABELS,UNKNOWN,0.0002,0.0006,0.0064,0.0001,0.0001,0.003,0.0004,0.0003,0.0007
2019032373,0.9996,0.1398,0.8598,1,Hot Work,HIGH,ACCEPT_MODEL_PREDICTED,MODEL_PREDICTED,0.0006,0.1398,0.0002,0.0047,0.9996,0.0363,0.002,0.0137,0.0013
2019032399,0.0323,0.0141,0.0182,0,NONE,NO_PREDICTION,REJECTED_ZERO_LABELS,UNKNOWN,0.0002,0.0009,0.0011,0.0015,0.0141,0.0047,0.0007,0.0002,0.0323
2019032406,0.7759,0.161,0.6149,1,Working at Height,HIGH,ACCEPT_MODEL_PREDICTED,MODEL_PREDICTED,0.0007,0.0003,0.0914,0.0054,0.0005,0.0437,0.161,0.0006,0.7759
2019032408,0.1084,0.0552,0.0532,0,NONE,NO_PREDICTION,REJECTED_ZERO_LABELS,UNKNOWN,0.0013,0.019,0.0049,0.0552,0.049,0.0179,0.0041,0.0075,0.1084
2019032433,0.9992,0.0561,0.9431,1,Safe Mechanical Lifting,HIGH,ACCEPT_MODEL_PREDICTED,MODEL_PREDICTED,0.0003,0.0003,0.0164,0.0561,0.003,0.0041,0.9992,0.0069,0.0161
2019032471,0.9928,0.0422,0.9506,1,Safe Mechanical Lifting,HIGH,ACCEPT_MODEL_PREDICTED,MODEL_PREDICTED,0.0001,0.0001,0.0102,0.0029,0.0012,0.0023,0.9928,0.003,0.0422
2019032472,0.2844,0.1922,0.0922,1,Working at Height,LOW,REJECTED_LOW_CONFIDENCE,UNKNOWN,0.0,0.0,0.0001,0.0001,0.0028,0.0022,0.1922,0.0001,0.2844
2019032566,0.0086,0.0035,0.0051,0,NONE,NO_PREDICTION,REJECTED_ZERO_LABELS,UNKNOWN,0.0,0.0001,0.0,0.0086,0.0013,0.0001,0.0035,0.0002,0.0001
2019032604,0.9968,0.0914,0.9054,1,Energy Isolation,HIGH,ACCEPT_MODEL_PREDICTED,MODEL_PREDICTED,0.0785,0.0914,0.0336,0.9968,0.0091,0.0099,0.0085,0.0178,0.0316
2019032630,0.9995,0.099,0.9005,1,Driving,HIGH,ACCEPT_MODEL_PREDICTED,MODEL_PREDICTED,0.0111,0.025,0.9995,0.0089,0.0093,0.0029,0.0022,0.099,0.0043
2019032643,0.9984,0.4822,0.5162,2,Safe Mechanical Lifting | Working at Height,HIGH,ACCEPT_MODEL_PREDICTED,MODEL_PREDICTED,0.0002,0.0,0.1986,0.0008,0.0017,0.0662,0.9984,0.0013,0.4822
2019032716,0.0257,0.0082,0.0175,0,NONE,NO_PREDICTION,REJECTED_ZERO_LABELS,UNKNOWN,0.0007,0.0018,0.0,0.0082,0.007,0.0257,0.0019,0.0003,0.0
2019032733,0.9986,0.1074,0.8912,1,Driving,HIGH,ACCEPT_MODEL_PREDICTED,MODEL_PREDICTED,0.0106,0.0443,0.9986,0.0094,0.089,0.0073,0.0112,0.1074,0.0373
2019032764,0.9663,0.1723,0.794,1,Driving,HIGH,ACCEPT_MODEL_PREDICTED,MODEL_PREDICTED,0.0035,0.0026,0.9663,0.0018,0.0001,0.0031,0.0058,0.011,0.1723
2019032787,0.0482,0.0267,0.0215,0,NONE,NO_PREDICTION,REJECTED_ZERO_LABELS,UNKNOWN,0.0001,0.0027,0.0003,0.0267,0.0482,0.0,0.0036,0.0054,0.0041
2019032795,0.9981,0.0796,0.9185,1,Energy Isolation,HIGH,ACCEPT_MODEL_PREDICTED,MODEL_PREDICTED,0.048,0.0796,0.0036,0.9981,0.0065,0.0343,0.0069,0.0115,0.0059
2019032806,0.0059,0.0009,0.005,0,NONE,NO_PREDICTION,REJECTED_ZERO_LABELS,UNKNOWN,0.0,0.0,0.0001,0.0009,0.0,0.0001,0.0059,0.0001,0.0001
2019032807,0.9838,0.6676,0.3162,2,Energy Isolation | Working at Height,HIGH,ACCEPT_MODEL_PREDICTED,MODEL_PREDICTED,0.0008,0.0088,0.0023,0.9838,0.0244,0.0001,0.0009,0.0054,0.6676
2019032809,0.9955,0.0639,0.9316,1,Safe Mechanical Lifting,HIGH,ACCEPT_MODEL_PREDICTED,MODEL_PREDICTED,0.0001,0.0001,0.0024,0.0639,0.0384,0.0024,0.9955,0.0013,0.0001
2019032855,0.0355,0.0274,0.0081,0,NONE,NO_PREDICTION,REJECTED_ZERO_LABELS,UNKNOWN,0.0007,0.0007,0.0003,0.0009,0.0081,0.0274,0.0355,0.0009,0.0001
2019032915,0.9823,0.2329,0.7494,2,Driving | Safe Mechanical Lifting,HIGH,ACCEPT_MODEL_PREDICTED,MODEL_PREDICTED,0.0007,0.0018,0.9823,0.0032,0.0364,0.0033,0.2329,0.0023,0.0018
2019032968,0.0018,0.0001,0.0017,0,NONE,NO_PREDICTION,REJECTED_ZERO_LABELS,UNKNOWN,0.0,0.0,0.0001,0.0018,0.0,0.0,0.0,0.0,0.0001
2019032972,0.0024,0.0015,0.0009,0,NONE,NO_PREDICTION,REJECTED_ZERO_LABELS,UNKNOWN,0.0001,0.0014,0.0,0.0015,0.0024,0.0012,0.0,0.0001,0.0002
2019032977,0.9818,0.0026,0.9792,1,Working at Height,HIGH,ACCEPT_MODEL_PREDICTED,MODEL_PREDICTED,0.0001,0.0002,0.0001,0.0021,0.0026,0.0002,0.0007,0.0014,0.9818
2019032980,0.9988,0.1222,0.8766,1,Safe Mechanical Lifting,HIGH,ACCEPT_MODEL_PREDICTED,MODEL_PREDICTED,0.0003,0.0005,0.0035,0.1222,0.1082,0.003,0.9988,0.0394,0.0201
2019033005,0.0298,0.0058,0.024,0,NONE,NO_PREDICTION,REJECTED_ZERO_LABELS,UNKNOWN,0.0001,0.0003,0.0003,0.0298,0.0006,0.0003,0.0058,0.0001,0.0003
2019033091,0.0208,0.0002,0.0206,0,NONE,NO_PREDICTION,REJECTED_ZERO_LABELS,UNKNOWN,0.0,0.0,0.0,0.0001,0.0,0.0002,0.0208,0.0001,0.0001
2019033107,0.9963,0.9665,0.0298,2,Working at Height | Driving,MEDIUM,SENT_TO_HUMAN_REVIEW,UNKNOWN,0.0005,0.0007,0.9665,0.0037,0.0008,0.0011,0.0018,0.0026,0.9963
2019033162,0.9999,0.3544,0.6455,2,Safe Mechanical Lifting | Line of Fire,HIGH,ACCEPT_MODEL_PREDICTED,MODEL_PREDICTED,0.0071,0.0009,0.215,0.0372,0.0024,0.3544,0.9999,0.0127,0.024
2019033176,0.9984,0.1795,0.8189,1,Safe Mechanical Lifting,HIGH,ACCEPT_MODEL_PREDICTED,MODEL_PREDICTED,0.0004,0.0006,0.0704,0.1795,0.0113,0.0033,0.9984,0.0112,0.0102
2019033190,0.6661,0.0085,0.6576,1,Energy Isolation,MEDIUM,SENT_TO_HUMAN_REVIEW,UNKNOWN,0.002,0.0085,0.0001,0.6661,0.0006,0.0018,0.0003,0.0033,0.0011
2019033272,0.7679,0.7427,0.0252,2,Driving | Safe Mechanical Lifting,MEDIUM,SENT_TO_HUMAN_REVIEW,UNKNOWN,0.0001,0.0001,0.7679,0.0004,0.001,0.0,0.7427,0.0121,0.0487
2019033283,0.9998,0.0608,0.939,1,Hot Work,HIGH,ACCEPT_MODEL_PREDICTED,MODEL_PREDICTED,0.0001,0.0446,0.0,0.0608,0.9998,0.0145,0.0015,0.0006,0.0007
2019033303,0.4814,0.205,0.2764,2,Energy Isolation | Line of Fire,MEDIUM,SENT_TO_HUMAN_REVIEW,UNKNOWN,0.0024,0.0014,0.0202,0.4814,0.0001,0.205,0.0053,0.0001,0.002
2019043344,0.4506,0.0051,0.4455,1,Safe Mechanical Lifting,MEDIUM,SENT_TO_HUMAN_REVIEW,UNKNOWN,0.0,0.0001,0.0002,0.0051,0.0047,0.0011,0.4506,0.0002,0.0027
2019043372,0.001,0.0003,0.0007,0,NONE,NO_PREDICTION,REJECTED_ZERO_LABELS,UNKNOWN,0.0,0.0001,0.0001,0.0,0.001,0.0003,0.0003,0.0002,0.0001
2019043400,0.0788,0.0524,0.0264,0,NONE,NO_PREDICTION,REJECTED_ZERO_LABELS,UNKNOWN,0.0001,0.0001,0.002,0.0075,0.0047,0.0162,0.0788,0.0002,0.0524
2019043410,0.0175,0.0078,0.0097,0,NONE,NO_PREDICTION,REJECTED_ZERO_LABELS,UNKNOWN,0.0003,0.0059,0.0001,0.0078,0.0175,0.0019,0.0,0.0004,0.0029
2019043414,0.996,0.0332,0.9628,1,Energy Isolation,HIGH,ACCEPT_MODEL_PREDICTED,MODEL_PREDICTED,0.0332,0.024,0.0008,0.996,0.0007,0.0179,0.0028,0.0026,0.0003
2019043417,0.0033,0.0002,0.0031,0,NONE,NO_PREDICTION,REJECTED_ZERO_LABELS,UNKNOWN,0.0,0.0,0.0,0.0,0.0033,0.0,0.0001,0.0001,0.0002
2019043457,0.0026,0.0017,0.0009,0,NONE,NO_PREDICTION,REJECTED_ZERO_LABELS,UNKNOWN,0.0002,0.0001,0.0017,0.0005,0.0,0.0004,0.0012,0.0005,0.0026
2019043466,0.7432,0.0006,0.7426,1,Driving,HIGH,ACCEPT_MODEL_PREDICTED,MODEL_PREDICTED,0.0,0.0,0.7432,0.0,0.0003,0.0,0.0002,0.0002,0.0006
2019043477,0.7964,0.5831,0.2133,2,Working at Height | Safe Mechanical Lifting,HIGH,ACCEPT_MODEL_PREDICTED,MODEL_PREDICTED,0.0005,0.0006,0.1389,0.001,0.0025,0.0298,0.5831,0.0025,0.7964
2019043497,0.9996,0.5186,0.481,2,Driving | Safe Mechanical Lifting,HIGH,ACCEPT_MODEL_PREDICTED,MODEL_PREDICTED,0.0025,0.0009,0.9996,0.0017,0.0037,0.0047,0.5186,0.0371,0.0588
2019043499,0.5056,0.0131,0.4925,1,Safe Mechanical Lifting,MEDIUM,SENT_TO_HUMAN_REVIEW,UNKNOWN,0.0001,0.0001,0.0032,0.0002,0.0004,0.0013,0.5056,0.0025,0.0131
2019043582,0.8439,0.004,0.8399,1,Driving,HIGH,ACCEPT_MODEL_PREDICTED,MODEL_PREDICTED,0.0004,0.0009,0.8439,0.0017,0.004,0.0001,0.0005,0.0013,0.0002
2019043592,0.082,0.0183,0.0637,0,NONE,NO_PREDICTION,REJECTED_ZERO_LABELS,UNKNOWN,0.0003,0.0002,0.0002,0.082,0.0006,0.0032,0.0183,0.0004,0.0003
2019043596,0.7551,0.448,0.3071,3,Working at Height | Energy Isolation | Line of Fire,HIGH,ACCEPT_MODEL_PREDICTED,MODEL_PREDICTED,0.0106,0.0139,0.0037,0.448,0.0169,0.2083,0.0002,0.0008,0.7551
2019043636,0.98,0.8358,0.1442,2,Driving | Line of Fire,MEDIUM,SENT_TO_HUMAN_REVIEW,UNKNOWN,0.0186,0.0055,0.98,0.0046,0.0136,0.8358,0.0241,0.0012,0.0039
2019043654,0.6096,0.0065,0.6031,1,Hot Work,MEDIUM,SENT_TO_HUMAN_REVIEW,UNKNOWN,0.0001,0.0061,0.0,0.0044,0.6096,0.0003,0.0004,0.0035,0.0065
2019043677,0.771,0.2549,0.5161,2,Safe Mechanical Lifting | Working at Height,HIGH,ACCEPT_MODEL_PREDICTED,MODEL_PREDICTED,0.0002,0.0001,0.0143,0.0015,0.0001,0.0261,0.771,0.0008,0.2549
2019043794,0.3673,0.0519,0.3154,1,Safe Mechanical Lifting,LOW,REJECTED_LOW_CONFIDENCE,UNKNOWN,0.0006,0.0014,0.0519,0.047,0.0015,0.0008,0.3673,0.0146,0.0001
2019043795,0.3328,0.0182,0.3146,1,Safe Mechanical Lifting,LOW,REJECTED_LOW_CONFIDENCE,UNKNOWN,0.0001,0.0001,0.0014,0.0062,0.0004,0.0013,0.3328,0.0011,0.0182
2019043838,0.855,0.1075,0.7475,1,Line of Fire,HIGH,ACCEPT_MODEL_PREDICTED,MODEL_PREDICTED,0.0003,0.0,0.0012,0.0009,0.0,0.855,0.1075,0.0,0.005
2019043839,0.021,0.0029,0.0181,0,NONE,NO_PREDICTION,REJECTED_ZERO_LABELS,UNKNOWN,0.0,0.0,0.0,0.0019,0.0,0.0006,0.021,0.0,0.0029
2019043879,0.5729,0.2585,0.3144,2,Working at Height | Safe Mechanical Lifting,MEDIUM,SENT_TO_HUMAN_REVIEW,UNKNOWN,0.0,0.0004,0.0013,0.0296,0.1287,0.0001,0.2585,0.0086,0.5729
2019043921,0.0675,0.0223,0.0452,0,NONE,NO_PREDICTION,REJECTED_ZERO_LABELS,UNKNOWN,0.0012,0.0002,0.0031,0.0049,0.0001,0.0223,0.0675,0.0004,0.0026
2019043940,0.0309,0.0046,0.0263,0,NONE,NO_PREDICTION,REJECTED_ZERO_LABELS,UNKNOWN,0.001,0.0046,0.0004,0.0309,0.0002,0.0009,0.0,0.0012,0.0017
2019043955,0.0061,0.0029,0.0032,0,NONE,NO_PREDICTION,REJECTED_ZERO_LABELS,UNKNOWN,0.0001,0.0001,0.0,0.0061,0.0009,0.0029,0.0001,0.0,0.0
2019043970,0.0161,0.0078,0.0083,0,NONE,NO_PREDICTION,REJECTED_ZERO_LABELS,UNKNOWN,0.0,0.0,0.0015,0.0004,0.0,0.0001,0.0078,0.0002,0.0161
2019043987,0.9898,0.0501,0.9397,1,Energy Isolation,HIGH,ACCEPT_MODEL_PREDICTED,MODEL_PREDICTED,0.0012,0.0224,0.0006,0.9898,0.0501,0.0003,0.0413,0.0168,0.0012
2019044020,0.0112,0.0011,0.0101,0,NONE,NO_PREDICTION,REJECTED_ZERO_LABELS,UNKNOWN,0.0,0.0001,0.0002,0.0007,0.0011,0.0,0.0112,0.0003,0.0006
2019044024,0.0904,0.0893,0.0011,0,NONE,NO_PREDICTION,REJECTED_ZERO_LABELS,UNKNOWN,0.0001,0.0002,0.0,0.0904,0.002,0.0002,0.0003,0.0001,0.0893
2019044047,0.0128,0.0017,0.0111,0,NONE,NO_PREDICTION,REJECTED_ZERO_LABELS,UNKNOWN,0.0001,0.0017,0.0004,0.0002,0.0015,0.0009,0.0001,0.0004,0.0128
2019044056,0.1592,0.0088,0.1504,0,NONE,NO_PREDICTION,REJECTED_ZERO_LABELS,UNKNOWN,0.0,0.0,0.0088,0.0002,0.0007,0.0002,0.1592,0.0001,0.0028
2019044057,0.0008,0.0007,0.0001,0,NONE,NO_PREDICTION,REJECTED_ZERO_LABELS,UNKNOWN,0.0,0.0001,0.0,0.0006,0.0002,0.0,0.0008,0.0003,0.0007
2019044100,0.0104,0.0003,0.0101,0,NONE,NO_PREDICTION,REJECTED_ZERO_LABELS,UNKNOWN,0.0,0.0,0.0003,0.0,0.0002,0.0001,0.0104,0.0,0.0
2019044108,0.009,0.0015,0.0075,0,NONE,NO_PREDICTION,REJECTED_ZERO_LABELS,UNKNOWN,0.0001,0.0001,0.0,0.009,0.0002,0.0015,0.0,0.0,0.0001
2019044131,0.0019,0.0017,0.0002,0,NONE,NO_PREDICTION,REJECTED_ZERO_LABELS,UNKNOWN,0.0,0.0,0.0001,0.0001,0.0,0.0006,0.0019,0.0001,0.0017
2019044133,0.8358,0.025,0.8108,1,Driving,HIGH,ACCEPT_MODEL_PREDICTED,MODEL_PREDICTED,0.0011,0.0005,0.8358,0.0002,0.0002,0.025,0.0002,0.0001,0.0032
2019049066,0.0123,0.0085,0.0038,0,NONE,NO_PREDICTION,REJECTED_ZERO_LABELS,UNKNOWN,0.0002,0.0006,0.0003,0.0045,0.0085,0.0003,0.0123,0.0012,0.0057
2019044175,0.4895,0.0149,0.4746,1,Safe Mechanical Lifting,MEDIUM,SENT_TO_HUMAN_REVIEW,UNKNOWN,0.0001,0.0,0.0002,0.0149,0.0001,0.0025,0.4895,0.0002,0.0
2019044201,0.0022,0.0003,0.0019,0,NONE,NO_PREDICTION,REJECTED_ZERO_LABELS,UNKNOWN,0.0,0.0,0.0,0.0002,0.0003,0.0,0.0022,0.0002,0.0001
2019044204,0.0065,0.0054,0.0011,0,NONE,NO_PREDICTION,REJECTED_ZERO_LABELS,UNKNOWN,0.0004,0.0002,0.0001,0.0054,0.0001,0.0065,0.0002,0.0,0.0004
2019044228,0.9413,0.7833,0.158,2,Line of Fire | Safe Mechanical Lifting,HIGH,ACCEPT_MODEL_PREDICTED,MODEL_PREDICTED,0.0087,0.0086,0.0087,0.0078,0.0756,0.9413,0.7833,0.0013,0.0162
2019044244,0.4716,0.0507,0.4209,1,Safe Mechanical Lifting,MEDIUM,SENT_TO_HUMAN_REVIEW,UNKNOWN,0.0001,0.0,0.0008,0.0006,0.0003,0.0507,0.4716,0.0,0.0001
2019044313,0.3274,0.0089,0.3185,0,NONE,NO_PREDICTION,REJECTED_ZERO_LABELS,UNKNOWN,0.0001,0.0033,0.0002,0.0089,0.3274,0.0002,0.0023,0.006,0.0046
2019044341,0.9978,0.0458,0.952,1,Energy Isolation,HIGH,ACCEPT_MODEL_PREDICTED,MODEL_PREDICTED,0.0069,0.0458,0.0011,0.9978,0.0262,0.0036,0.0006,0.0053,0.0395
2019044343,0.0036,0.0034,0.0002,0,NONE,NO_PREDICTION,REJECTED_ZERO_LABELS,UNKNOWN,0.0,0.0001,0.0001,0.0026,0.0036,0.0001,0.0034,0.0002,0.0022
2019044361,0.1493,0.0009,0.1484,0,NONE,NO_PREDICTION,REJECTED_ZERO_LABELS,UNKNOWN,0.0002,0.0007,0.1493,0.0003,0.0003,0.0002,0.0,0.0007,0.0009
2019044370,0.4259,0.2656,0.1603,1,Working at Height,LOW,REJECTED_LOW_CONFIDENCE,UNKNOWN,0.0003,0.0136,0.0003,0.2656,0.1331,0.0007,0.0034,0.0047,0.4259
2019044371,0.0013,0.001,0.0003,0,NONE,NO_PREDICTION,REJECTED_ZERO_LABELS,UNKNOWN,0.0,0.0001,0.0008,0.001,0.0,0.0004,0.0013,0.0,0.0001
2019044381,0.3192,0.0275,0.2917,1,Energy Isolation,LOW,REJECTED_LOW_CONFIDENCE,UNKNOWN,0.0001,0.0034,0.0005,0.3192,0.0275,0.0,0.006,0.0095,0.0146
2019054462,0.9733,0.0548,0.9185,1,Hot Work,HIGH,ACCEPT_MODEL_PREDICTED,MODEL_PREDICTED,0.0,0.0548,0.0,0.0205,0.9733,0.0,0.0,0.0142,0.0001
2019054516,0.5645,0.0136,0.5509,1,Energy Isolation,MEDIUM,SENT_TO_HUMAN_REVIEW,UNKNOWN,0.0015,0.0136,0.0014,0.5645,0.0023,0.0002,0.0,0.0033,0.0005
2019054562,0.0025,0.0005,0.002,0,NONE,NO_PREDICTION,REJECTED_ZERO_LABELS,UNKNOWN,0.0001,0.0001,0.0002,0.0005,0.0,0.0025,0.0001,0.0,0.0003
2019054580,0.0902,0.0011,0.0891,0,NONE,NO_PREDICTION,REJECTED_ZERO_LABELS,UNKNOWN,0.0,0.0001,0.0005,0.0001,0.0,0.0011,0.0,0.0,0.0902
2019054587,0.0387,0.0141,0.0246,0,NONE,NO_PREDICTION,REJECTED_ZERO_LABELS,UNKNOWN,0.0,0.0001,0.0001,0.0,0.0141,0.0,0.0387,0.0002,0.0
2019054615,0.9986,0.0381,0.9605,1,Hot Work,HIGH,ACCEPT_MODEL_PREDICTED,MODEL_PREDICTED,0.0002,0.0381,0.0002,0.0316,0.9986,0.0026,0.0,0.0015,0.0005
2019054651,0.2971,0.066,0.2311,1,Safe Mechanical Lifting,LOW,REJECTED_LOW_CONFIDENCE,UNKNOWN,0.001,0.0018,0.0071,0.0143,0.0039,0.0053,0.2971,0.066,0.0003
2019054684,0.5897,0.0045,0.5852,1,Working at Height,MEDIUM,SENT_TO_HUMAN_REVIEW,UNKNOWN,0.0,0.0001,0.0004,0.0007,0.0,0.0003,0.0045,0.0004,0.5897
2019054696,0.0351,0.0063,0.0288,0,NONE,NO_PREDICTION,REJECTED_ZERO_LABELS,UNKNOWN,0.0,0.0002,0.0,0.0351,0.0021,0.0,0.0063,0.0016,0.0017
2019054740,0.9974,0.2129,0.7845,1,Safe Mechanical Lifting,HIGH,ACCEPT_MODEL_PREDICTED,MODEL_PREDICTED,0.0001,0.0001,0.0028,0.0195,0.2129,0.0073,0.9974,0.0006,0.0007
2019054745,0.0116,0.0033,0.0083,0,NONE,NO_PREDICTION,REJECTED_ZERO_LABELS,UNKNOWN,0.0,0.0005,0.0002,0.0002,0.0116,0.0001,0.0033,0.002,0.0002
2019054755,0.6534,0.0126,0.6408,1,Working at Height,MEDIUM,SENT_TO_HUMAN_REVIEW,UNKNOWN,0.0006,0.0011,0.002,0.0126,0.0001,0.0021,0.0029,0.0032,0.6534
2019054808,0.9954,0.0175,0.9779,1,Working at Height,HIGH,ACCEPT_MODEL_PREDICTED,MODEL_PREDICTED,0.0001,0.0003,0.0175,0.0062,0.0008,0.0007,0.0092,0.002,0.9954
2019054813,0.0068,0.0023,0.0045,0,NONE,NO_PREDICTION,REJECTED_ZERO_LABELS,UNKNOWN,0.0002,0.0013,0.0002,0.0068,0.0021,0.0001,0.0,0.0003,0.0023
2019054853,0.0073,0.0068,0.0005,0,NONE,NO_PREDICTION,REJECTED_ZERO_LABELS,UNKNOWN,0.0,0.0,0.0005,0.0001,0.0013,0.0068,0.0073,0.0,0.0
2019054870,0.0309,0.0003,0.0306,0,NONE,NO_PREDICTION,REJECTED_ZERO_LABELS,UNKNOWN,0.0,0.0,0.0003,0.0001,0.0002,0.0,0.0,0.0,0.0309
2019054897,0.0166,0.0087,0.0079,0,NONE,NO_PREDICTION,REJECTED_ZERO_LABELS,UNKNOWN,0.0,0.0002,0.0003,0.0011,0.0087,0.0,0.002,0.0012,0.0166
2019054948,0.0398,0.0019,0.0379,0,NONE,NO_PREDICTION,REJECTED_ZERO_LABELS,UNKNOWN,0.0,0.0006,0.0398,0.0001,0.0014,0.0,0.0002,0.0019,0.0001
2019054952,0.6937,0.0616,0.6321,1,Safe Mechanical Lifting,MEDIUM,SENT_TO_HUMAN_REVIEW,UNKNOWN,0.0033,0.0035,0.0191,0.0616,0.0299,0.046,0.6937,0.0052,0.0016
2019054960,0.9267,0.877,0.0497,2,Safe Mechanical Lifting | Working at Height,MEDIUM,SENT_TO_HUMAN_REVIEW,UNKNOWN,0.0017,0.0056,0.0063,0.2294,0.0663,0.0058,0.9267,0.0653,0.877
2019054968,0.9999,0.0122,0.9877,1,Hot Work,HIGH,ACCEPT_MODEL_PREDICTED,MODEL_PREDICTED,0.0,0.0122,0.0,0.007,0.9999,0.0002,0.0001,0.0015,0.0002
2019054984,0.6009,0.5835,0.0174,3,Line of Fire | Working at Height | Safe Mechanical Lifting,MEDIUM,SENT_TO_HUMAN_REVIEW,UNKNOWN,0.0008,0.0001,0.0811,0.0075,0.0002,0.6009,0.541,0.0002,0.5835
2019055008,0.039,0.0002,0.0388,0,NONE,NO_PREDICTION,REJECTED_ZERO_LABELS,UNKNOWN,0.0,0.0,0.0001,0.0,0.0,0.0002,0.039,0.0002,0.0002
2019055052,0.3016,0.0414,0.2602,1,Line of Fire,LOW,REJECTED_LOW_CONFIDENCE,UNKNOWN,0.0001,0.0,0.0002,0.0001,0.0001,0.3016,0.0414,0.0,0.0015
2019055099,0.9383,0.1558,0.7825,1,Energy Isolation,HIGH,ACCEPT_MODEL_PREDICTED,MODEL_PREDICTED,0.0009,0.0252,0.002,0.9383,0.0873,0.0003,0.1558,0.0501,0.1499
2019055171,0.765,0.0069,0.7581,1,Hot Work,HIGH,ACCEPT_MODEL_PREDICTED,MODEL_PREDICTED,0.0001,0.0013,0.0,0.0043,0.765,0.0069,0.0007,0.0002,0.0014
2019055184,0.9893,0.0213,0.968,1,Energy Isolation,HIGH,ACCEPT_MODEL_PREDICTED,MODEL_PREDICTED,0.002,0.0213,0.0003,0.9893,0.0022,0.0002,0.0064,0.0142,0.0
2019055198,0.0892,0.0092,0.08,0,NONE,NO_PREDICTION,REJECTED_ZERO_LABELS,UNKNOWN,0.0,0.0001,0.0008,0.0034,0.0092,0.0,0.0892,0.0005,0.0
2019055204,0.094,0.048,0.046,0,NONE,NO_PREDICTION,REJECTED_ZERO_LABELS,UNKNOWN,0.0001,0.0,0.0,0.0007,0.0,0.094,0.048,0.0,0.0002
2019055217,0.9947,0.0863,0.9084,1,Working at Height,HIGH,ACCEPT_MODEL_PREDICTED,MODEL_PREDICTED,0.0008,0.0057,0.0061,0.0542,0.0863,0.0269,0.0031,0.0053,0.9947
2019055298,0.0135,0.0032,0.0103,0,NONE,NO_PREDICTION,REJECTED_ZERO_LABELS,UNKNOWN,0.0,0.0001,0.0,0.0135,0.0001,0.0001,0.0,0.0001,0.0032
2019055315,0.0253,0.0146,0.0107,0,NONE,NO_PREDICTION,REJECTED_ZERO_LABELS,UNKNOWN,0.0016,0.0033,0.0098,0.0066,0.0003,0.0253,0.0146,0.0055,0.0007
2019055359,0.2705,0.1411,0.1294,1,Working at Height,LOW,REJECTED_LOW_CONFIDENCE,UNKNOWN,0.0001,0.0009,0.0024,0.1411,0.0201,0.0007,0.066,0.0014,0.2705
2019055449,0.0541,0.0197,0.0344,0,NONE,NO_PREDICTION,REJECTED_ZERO_LABELS,UNKNOWN,0.0004,0.0047,0.0,0.0541,0.0056,0.0004,0.0004,0.0051,0.0197
2019055484,0.6027,0.2231,0.3796,2,Working at Height | Line of Fire,MEDIUM,SENT_TO_HUMAN_REVIEW,UNKNOWN,0.0001,0.0,0.0148,0.0005,0.0001,0.2231,0.0871,0.0,0.6027
2019065534,0.0051,0.0003,0.0048,0,NONE,NO_PREDICTION,REJECTED_ZERO_LABELS,UNKNOWN,0.0,0.0,0.0001,0.0003,0.0001,0.0,0.0,0.0,0.0051
2019065549,0.9431,0.1175,0.8256,1,Safe Mechanical Lifting,HIGH,ACCEPT_MODEL_PREDICTED,MODEL_PREDICTED,0.0011,0.0022,0.0016,0.1175,0.0167,0.0087,0.9431,0.0073,0.0011
2019065559,0.0075,0.0036,0.0039,0,NONE,NO_PREDICTION,REJECTED_ZERO_LABELS,UNKNOWN,0.0003,0.0004,0.0005,0.0036,0.0,0.0075,0.0,0.0,0.0
2019065568,0.0103,0.0012,0.0091,0,NONE,NO_PREDICTION,REJECTED_ZERO_LABELS,UNKNOWN,0.0,0.0001,0.0012,0.0,0.0,0.0004,0.0103,0.0003,0.0008
2019065577,0.8447,0.6771,0.1676,3,Working at Height | Line of Fire | Safe Mechanical Lifting,HIGH,ACCEPT_MODEL_PREDICTED,MODEL_PREDICTED,0.0029,0.001,0.2188,0.0067,0.0153,0.6771,0.5365,0.001,0.8447
2019065586,0.9758,0.0947,0.8811,1,Driving,HIGH,ACCEPT_MODEL_PREDICTED,MODEL_PREDICTED,0.0001,0.0001,0.9758,0.0,0.0003,0.0003,0.059,0.0022,0.0947
2019065599,0.0044,0.0007,0.0037,0,NONE,NO_PREDICTION,REJECTED_ZERO_LABELS,UNKNOWN,0.0,0.0,0.0003,0.0,0.0,0.0007,0.0001,0.0,0.0044
2019065630,0.0307,0.0179,0.0128,0,NONE,NO_PREDICTION,REJECTED_ZERO_LABELS,UNKNOWN,0.0,0.0004,0.0001,0.0011,0.0307,0.0003,0.0029,0.0004,0.0179
2019065639,0.9914,0.034,0.9574,1,Energy Isolation,HIGH,ACCEPT_MODEL_PREDICTED,MODEL_PREDICTED,0.0067,0.034,0.0007,0.9914,0.0063,0.0008,0.0006,0.0052,0.0003
2019065659,0.9948,0.2212,0.7736,2,Working at Height | Safe Mechanical Lifting,HIGH,ACCEPT_MODEL_PREDICTED,MODEL_PREDICTED,0.0,0.0001,0.0015,0.0018,0.0003,0.0008,0.2212,0.001,0.9948
2019065685,0.9983,0.0371,0.9612,1,Driving,HIGH,ACCEPT_MODEL_PREDICTED,MODEL_PREDICTED,0.0082,0.0043,0.9983,0.0231,0.0003,0.0026,0.0052,0.009,0.0371
2019065695,0.896,0.3285,0.5675,2,Line of Fire | Safe Mechanical Lifting,HIGH,ACCEPT_MODEL_PREDICTED,MODEL_PREDICTED,0.0014,0.0003,0.0032,0.004,0.0015,0.896,0.3285,0.0002,0.2015
2019065709,0.9376,0.0006,0.937,1,Hot Work,HIGH,ACCEPT_MODEL_PREDICTED,MODEL_PREDICTED,0.0,0.0004,0.0001,0.0001,0.9376,0.0006,0.0001,0.0,0.0
2019065723,0.0129,0.0009,0.012,0,NONE,NO_PREDICTION,REJECTED_ZERO_LABELS,UNKNOWN,0.0,0.0,0.0,0.0001,0.0002,0.0129,0.0009,0.0,0.0006
2019065758,0.9214,0.0022,0.9192,1,Energy Isolation,HIGH,ACCEPT_MODEL_PREDICTED,MODEL_PREDICTED,0.0005,0.0007,0.0,0.9214,0.0022,0.0006,0.0004,0.0001,0.0001
2019065790,0.9947,0.0633,0.9314,1,Driving,HIGH,ACCEPT_MODEL_PREDICTED,MODEL_PREDICTED,0.0007,0.0003,0.9947,0.0131,0.0001,0.0011,0.0633,0.0012,0.0024
2019065813,0.008,0.0069,0.0011,0,NONE,NO_PREDICTION,REJECTED_ZERO_LABELS,UNKNOWN,0.0008,0.008,0.0006,0.0069,0.0007,0.0043,0.0023,0.0023,0.0
2019065823,0.9995,0.0846,0.9149,1,Hot Work,HIGH,ACCEPT_MODEL_PREDICTED,MODEL_PREDICTED,0.0001,0.0846,0.0001,0.0013,0.9995,0.0016,0.0017,0.0393,0.0004
2019065833,0.8514,0.2977,0.5537,2,Safe Mechanical Lifting | Working at Height,HIGH,ACCEPT_MODEL_PREDICTED,MODEL_PREDICTED,0.0025,0.0371,0.0076,0.0482,0.241,0.0222,0.8514,0.0364,0.2977
2019065845,0.8665,0.0914,0.7751,1,Energy Isolation,HIGH,ACCEPT_MODEL_PREDICTED,MODEL_PREDICTED,0.0072,0.0299,0.0015,0.8665,0.0914,0.019,0.0868,0.0119,0.003
2019065881,0.0006,0.0005,0.0001,0,NONE,NO_PREDICTION,REJECTED_ZERO_LABELS,UNKNOWN,0.0,0.0,0.0,0.0001,0.0001,0.0,0.0005,0.0001,0.0006
2019065907,0.404,0.0336,0.3704,1,Safe Mechanical Lifting,LOW,REJECTED_LOW_CONFIDENCE,UNKNOWN,0.0007,0.0038,0.0034,0.0336,0.0011,0.009,0.404,0.0097,0.0116
2019065932,0.138,0.0151,0.1229,0,NONE,NO_PREDICTION,REJECTED_ZERO_LABELS,UNKNOWN,0.0002,0.0002,0.0054,0.0061,0.0,0.0076,0.0151,0.0004,0.138
2019065940,0.5229,0.0069,0.516,1,Safe Mechanical Lifting,MEDIUM,SENT_TO_HUMAN_REVIEW,UNKNOWN,0.0,0.0001,0.0002,0.005,0.0036,0.0004,0.5229,0.0021,0.0069
2019065947,0.9262,0.9061,0.0201,2,Energy Isolation | Safe Mechanical Lifting,MEDIUM,SENT_TO_HUMAN_REVIEW,UNKNOWN,0.0023,0.0015,0.0015,0.9262,0.0008,0.0045,0.9061,0.0069,0.0008
2019065978,0.0222,0.0045,0.0177,0,NONE,NO_PREDICTION,REJECTED_ZERO_LABELS,UNKNOWN,0.0003,0.0002,0.0026,0.0045,0.0001,0.0222,0.0004,0.0,0.0015
2019066042,0.0387,0.0319,0.0068,0,NONE,NO_PREDICTION,REJECTED_ZERO_LABELS,UNKNOWN,0.0001,0.0005,0.0,0.0387,0.0319,0.0006,0.0012,0.0002,0.0002
2019066059,0.0003,0.0001,0.0002,0,NONE,NO_PREDICTION,REJECTED_ZERO_LABELS,UNKNOWN,0.0,0.0,0.0,0.0,0.0,0.0003,0.0,0.0,0.0001
2019066062,0.6961,0.004,0.6921,1,Working at Height,MEDIUM,SENT_TO_HUMAN_REVIEW,UNKNOWN,0.0,0.0,0.0002,0.0033,0.0,0.0013,0.004,0.0001,0.6961
2019066116,0.6046,0.4548,0.1498,2,Driving | Working at Height,MEDIUM,SENT_TO_HUMAN_REVIEW,UNKNOWN,0.0002,0.0001,0.6046,0.0008,0.0001,0.0122,0.0028,0.0,0.4548
2019066117,0.9601,0.7917,0.1684,2,Safe Mechanical Lifting | Line of Fire,HIGH,ACCEPT_MODEL_PREDICTED,MODEL_PREDICTED,0.0015,0.0002,0.0048,0.0135,0.0006,0.7917,0.9601,0.0002,0.02
2019066152,0.5861,0.0468,0.5393,1,Line of Fire,MEDIUM,SENT_TO_HUMAN_REVIEW,UNKNOWN,0.0011,0.0005,0.0468,0.0012,0.0267,0.5861,0.0259,0.0001,0.0095
2019066171,0.0006,0.0003,0.0003,0,NONE,NO_PREDICTION,REJECTED_ZERO_LABELS,UNKNOWN,0.0,0.0,0.0,0.0001,0.0,0.0003,0.0006,0.0,0.0
2019066186,0.6685,0.103,0.5655,1,Energy Isolation,MEDIUM,SENT_TO_HUMAN_REVIEW,UNKNOWN,0.0003,0.0015,0.0001,0.6685,0.0481,0.0056,0.103,0.0012,0.0032
2019066194,0.9934,0.0012,0.9922,1,Energy Isolation,HIGH,ACCEPT_MODEL_PREDICTED,MODEL_PREDICTED,0.0011,0.0006,0.0,0.9934,0.0003,0.0012,0.0003,0.0001,0.0001
2019066196,0.7365,0.1221,0.6144,1,Safe Mechanical Lifting,HIGH,ACCEPT_MODEL_PREDICTED,MODEL_PREDICTED,0.0003,0.003,0.1221,0.0522,0.0147,0.0008,0.7365,0.0101,0.0398
2019066208,0.3346,0.0019,0.3327,1,Working at Height,LOW,REJECTED_LOW_CONFIDENCE,UNKNOWN,0.0,0.0,0.0,0.0019,0.0001,0.0003,0.0,0.0,0.3346
2019066246,0.0121,0.0112,0.0009,0,NONE,NO_PREDICTION,REJECTED_ZERO_LABELS,UNKNOWN,0.0001,0.0,0.0121,0.0,0.0,0.0112,0.0019,0.0,0.0007
2019066253,0.065,0.0046,0.0604,0,NONE,NO_PREDICTION,REJECTED_ZERO_LABELS,UNKNOWN,0.0,0.0001,0.0,0.0046,0.0002,0.0,0.0,0.0001,0.065
2019066275,0.0173,0.0086,0.0087,0,NONE,NO_PREDICTION,REJECTED_ZERO_LABELS,UNKNOWN,0.0006,0.0086,0.0072,0.0023,0.0173,0.0031,0.0017,0.0044,0.0
2019066282,0.6958,0.3361,0.3597,1,Safe Mechanical Lifting,MEDIUM,SENT_TO_HUMAN_REVIEW,UNKNOWN,0.0017,0.0251,0.001,0.0911,0.0058,0.0015,0.6958,0.3361,0.0004
2019066300,0.0012,0.0001,0.0011,0,NONE,NO_PREDICTION,REJECTED_ZERO_LABELS,UNKNOWN,0.0,0.0,0.0,0.0001,0.0,0.0,0.0012,0.0,0.0
2019066346,0.9742,0.0042,0.97,1,Safe Mechanical Lifting,HIGH,ACCEPT_MODEL_PREDICTED,MODEL_PREDICTED,0.0001,0.0001,0.0008,0.0027,0.0001,0.0042,0.9742,0.0012,0.0002
2019066374,0.4244,0.0073,0.4171,0,NONE,NO_PREDICTION,REJECTED_ZERO_LABELS,UNKNOWN,0.0001,0.0043,0.0001,0.0073,0.4244,0.001,0.0065,0.0044,0.0001
2019066395,0.9943,0.952,0.0423,4,Work Authorization | Driving | Hot Work | Confined Space,MEDIUM,SENT_TO_HUMAN_REVIEW,UNKNOWN,0.0325,0.679,0.952,0.0636,0.8704,0.007,0.0777,0.9943,0.1367
2019066411,0.3241,0.0031,0.321,1,Safe Mechanical Lifting,LOW,REJECTED_LOW_CONFIDENCE,UNKNOWN,0.0001,0.0001,0.0005,0.0031,0.0006,0.0002,0.3241,0.0018,0.0001
2019066417,0.9933,0.0105,0.9828,1,Working at Height,HIGH,ACCEPT_MODEL_PREDICTED,MODEL_PREDICTED,0.0002,0.0002,0.0059,0.0105,0.0003,0.0064,0.0025,0.0004,0.9933
2019066439,0.0554,0.055,0.0004,0,NONE,NO_PREDICTION,REJECTED_ZERO_LABELS,UNKNOWN,0.0011,0.0025,0.0004,0.0014,0.0012,0.0554,0.055,0.0019,0.0003
2019066505,0.592,0.0425,0.5495,1,Driving,MEDIUM,SENT_TO_HUMAN_REVIEW,UNKNOWN,0.0024,0.0202,0.592,0.0008,0.0425,0.0074,0.0003,0.0091,0.0005
2019066528,0.8408,0.0008,0.84,1,Energy Isolation,HIGH,ACCEPT_MODEL_PREDICTED,MODEL_PREDICTED,0.0002,0.0008,0.0,0.8408,0.0004,0.0001,0.0,0.0,0.0001
2019066535,0.999,0.2044,0.7946,2,Driving | Safe Mechanical Lifting,HIGH,ACCEPT_MODEL_PREDICTED,MODEL_PREDICTED,0.014,0.0218,0.999,0.0759,0.0583,0.0094,0.2044,0.1771,0.0111
2019066548,0.9943,0.0027,0.9916,1,Working at Height,HIGH,ACCEPT_MODEL_PREDICTED,MODEL_PREDICTED,0.0001,0.0003,0.0018,0.0027,0.0007,0.0014,0.0002,0.0002,0.9943
2019066550,0.1072,0.0013,0.1059,0,NONE,NO_PREDICTION,REJECTED_ZERO_LABELS,UNKNOWN,0.0,0.0,0.0,0.0013,0.0003,0.0009,0.1072,0.0001,0.0002
2019066554,0.1422,0.0132,0.129,0,NONE,NO_PREDICTION,REJECTED_ZERO_LABELS,UNKNOWN,0.0002,0.0004,0.1422,0.0014,0.0001,0.0001,0.0132,0.0023,0.0025
2019066556,0.9987,0.0244,0.9743,1,Hot Work,HIGH,ACCEPT_MODEL_PREDICTED,MODEL_PREDICTED,0.0,0.0244,0.0,0.0031,0.9987,0.0006,0.0,0.0004,0.0004
2019066573,0.0155,0.0152,0.0003,0,NONE,NO_PREDICTION,REJECTED_ZERO_LABELS,UNKNOWN,0.0,0.0001,0.0,0.0011,0.0011,0.0152,0.0,0.0,0.0155
2019066584,0.9345,0.8987,0.0358,2,Working at Height | Hot Work,MEDIUM,SENT_TO_HUMAN_REVIEW,UNKNOWN,0.0002,0.0162,0.0001,0.1365,0.8987,0.001,0.0014,0.0107,0.9345
2019076621,0.6905,0.4463,0.2442,2,Driving | Safe Mechanical Lifting,MEDIUM,SENT_TO_HUMAN_REVIEW,UNKNOWN,0.0052,0.0042,0.6905,0.015,0.0029,0.0219,0.4463,0.0019,0.0
2019076628,0.0068,0.0015,0.0053,0,NONE,NO_PREDICTION,REJECTED_ZERO_LABELS,UNKNOWN,0.0001,0.0002,0.001,0.0015,0.0001,0.0003,0.0,0.0,0.0068
2019076699,0.0231,0.0079,0.0152,0,NONE,NO_PREDICTION,REJECTED_ZERO_LABELS,UNKNOWN,0.0001,0.0009,0.0002,0.0046,0.0034,0.0,0.0231,0.0079,0.0
2019076726,0.0042,0.0019,0.0023,0,NONE,NO_PREDICTION,REJECTED_ZERO_LABELS,UNKNOWN,0.0001,0.0002,0.0002,0.0042,0.0,0.0007,0.0019,0.0002,0.0001
2019076742,0.9994,0.0071,0.9923,1,Safe Mechanical Lifting,HIGH,ACCEPT_MODEL_PREDICTED,MODEL_PREDICTED,0.0,0.0,0.0071,0.0021,0.0005,0.0019,0.9994,0.0005,0.0045
2019076764,0.1477,0.0162,0.1315,0,NONE,NO_PREDICTION,REJECTED_ZERO_LABELS,UNKNOWN,0.0001,0.0,0.0003,0.0003,0.0,0.1477,0.0162,0.0,0.0001
2019076828,0.9987,0.0036,0.9951,1,Working at Height,HIGH,ACCEPT_MODEL_PREDICTED,MODEL_PREDICTED,0.0,0.0,0.0024,0.0002,0.0006,0.0002,0.0036,0.0005,0.9987
2019076839,0.9998,0.0075,0.9923,1,Hot Work,HIGH,ACCEPT_MODEL_PREDICTED,MODEL_PREDICTED,0.0,0.0075,0.0,0.0008,0.9998,0.0002,0.0001,0.0009,0.0001
2019076841,0.0003,0.0002,0.0001,0,NONE,NO_PREDICTION,REJECTED_ZERO_LABELS,UNKNOWN,0.0,0.0,0.0,0.0003,0.0,0.0001,0.0002,0.0,0.0
2019076859,0.9968,0.0163,0.9805,1,Hot Work,HIGH,ACCEPT_MODEL_PREDICTED,MODEL_PREDICTED,0.0,0.0051,0.0001,0.0163,0.9968,0.0004,0.0007,0.0016,0.0006
2019076882,0.0095,0.0078,0.0017,0,NONE,NO_PREDICTION,REJECTED_ZERO_LABELS,UNKNOWN,0.0001,0.0004,0.0078,0.0006,0.0009,0.0095,0.0004,0.0,0.0003
2019076925,0.002,0.0002,0.0018,0,NONE,NO_PREDICTION,REJECTED_ZERO_LABELS,UNKNOWN,0.0,0.0,0.0,0.0,0.0,0.0001,0.002,0.0001,0.0002
2019076953,0.0092,0.0013,0.0079,0,NONE,NO_PREDICTION,REJECTED_ZERO_LABELS,UNKNOWN,0.0,0.0,0.0002,0.0013,0.0003,0.0001,0.0092,0.0,0.0
2019077012,0.0051,0.0004,0.0047,0,NONE,NO_PREDICTION,REJECTED_ZERO_LABELS,UNKNOWN,0.0001,0.0001,0.0002,0.0003,0.0,0.0002,0.0051,0.0004,0.0001
2019077040,0.0007,0.0004,0.0003,0,NONE,NO_PREDICTION,REJECTED_ZERO_LABELS,UNKNOWN,0.0,0.0001,0.0001,0.0002,0.0,0.0,0.0004,0.0007,0.0002
2019077049,0.0001,0.0001,0.0,0,NONE,NO_PREDICTION,REJECTED_ZERO_LABELS,UNKNOWN,0.0,0.0001,0.0001,0.0,0.0,0.0001,0.0001,0.0001,0.0
2019077054,0.1591,0.0174,0.1417,0,NONE,NO_PREDICTION,REJECTED_ZERO_LABELS,UNKNOWN,0.0,0.0,0.0005,0.0174,0.0001,0.0,0.1591,0.0007,0.0003
2019077110,0.9748,0.0092,0.9656,1,Working at Height,HIGH,ACCEPT_MODEL_PREDICTED,MODEL_PREDICTED,0.0,0.0001,0.0001,0.0092,0.003,0.0,0.0022,0.0008,0.9748
2019077166,0.0031,0.0015,0.0016,0,NONE,NO_PREDICTION,REJECTED_ZERO_LABELS,UNKNOWN,0.0,0.0001,0.0001,0.0015,0.0002,0.0,0.001,0.0002,0.0031
2019077172,0.9999,0.0041,0.9958,1,Energy Isolation,HIGH,ACCEPT_MODEL_PREDICTED,MODEL_PREDICTED,0.0015,0.0011,0.0001,0.9999,0.0013,0.0002,0.0012,0.0004,0.0041
2019077361,0.0022,0.0009,0.0013,0,NONE,NO_PREDICTION,REJECTED_ZERO_LABELS,UNKNOWN,0.0,0.0,0.0,0.0001,0.0009,0.0,0.0002,0.0,0.0022
2019077369,0.0059,0.0012,0.0047,0,NONE,NO_PREDICTION,REJECTED_ZERO_LABELS,UNKNOWN,0.0001,0.0001,0.0002,0.0006,0.0,0.0003,0.0059,0.0007,0.0012
2019077401,0.005,0.0016,0.0034,0,NONE,NO_PREDICTION,REJECTED_ZERO_LABELS,UNKNOWN,0.0,0.0001,0.0,0.005,0.0016,0.0001,0.0,0.0001,0.0001
2019077402,0.2869,0.0108,0.2761,0,NONE,NO_PREDICTION,REJECTED_ZERO_LABELS,UNKNOWN,0.0001,0.0007,0.0,0.2869,0.0007,0.0002,0.0,0.0001,0.0108
2019077423,0.8543,0.0003,0.854,1,Working at Height,HIGH,ACCEPT_MODEL_PREDICTED,MODEL_PREDICTED,0.0,0.0001,0.0003,0.0003,0.0002,0.0,0.0,0.0,0.8543
2019077434,0.0195,0.0082,0.0113,0,NONE,NO_PREDICTION,REJECTED_ZERO_LABELS,UNKNOWN,0.0,0.0,0.0,0.0082,0.0003,0.0009,0.0018,0.0,0.0195
2019077444,0.0034,0.0008,0.0026,0,NONE,NO_PREDICTION,REJECTED_ZERO_LABELS,UNKNOWN,0.0,0.0001,0.0,0.0,0.0034,0.0,0.0008,0.0005,0.0001
2019077445,0.466,0.1356,0.3304,1,Safe Mechanical Lifting,MEDIUM,SENT_TO_HUMAN_REVIEW,UNKNOWN,0.0001,0.0003,0.1356,0.0042,0.0029,0.0001,0.466,0.003,0.0219
2019077459,0.9995,0.3806,0.6189,2,Working at Height | Energy Isolation,HIGH,ACCEPT_MODEL_PREDICTED,MODEL_PREDICTED,0.0005,0.0012,0.002,0.3806,0.0053,0.0069,0.0034,0.003,0.9995
2019077628,0.0011,0.0005,0.0006,0,NONE,NO_PREDICTION,REJECTED_ZERO_LABELS,UNKNOWN,0.0,0.0001,0.0001,0.0003,0.0,0.0002,0.0011,0.0001,0.0005
2019077665,0.1311,0.0103,0.1208,0,NONE,NO_PREDICTION,REJECTED_ZERO_LABELS,UNKNOWN,0.0,0.0,0.0001,0.0,0.0042,0.0001,0.1311,0.0001,0.0103
2019077786,0.0004,0.0001,0.0003,0,NONE,NO_PREDICTION,REJECTED_ZERO_LABELS,UNKNOWN,0.0,0.0,0.0,0.0001,0.0004,0.0,0.0,0.0,0.0
2019077826,0.0515,0.0065,0.045,0,NONE,NO_PREDICTION,REJECTED_ZERO_LABELS,UNKNOWN,0.0001,0.0004,0.0015,0.0008,0.0006,0.0002,0.0065,0.0006,0.0515
2019077840,0.004,0.0008,0.0032,0,NONE,NO_PREDICTION,REJECTED_ZERO_LABELS,UNKNOWN,0.0,0.0004,0.0,0.0008,0.004,0.0002,0.0,0.0,0.0003
2019077845,0.0097,0.0091,0.0006,0,NONE,NO_PREDICTION,REJECTED_ZERO_LABELS,UNKNOWN,0.0002,0.0003,0.0027,0.0034,0.0024,0.0091,0.0097,0.0003,0.001
2019087895,0.0045,0.0038,0.0007,0,NONE,NO_PREDICTION,REJECTED_ZERO_LABELS,UNKNOWN,0.0003,0.0007,0.0045,0.0038,0.0001,0.0002,0.0,0.001,0.0003
2019087950,0.9972,0.1016,0.8956,1,Energy Isolation,HIGH,ACCEPT_MODEL_PREDICTED,MODEL_PREDICTED,0.0299,0.1016,0.0018,0.9972,0.014,0.0108,0.0006,0.0077,0.0454
2019087975,0.0003,0.0001,0.0002,0,NONE,NO_PREDICTION,REJECTED_ZERO_LABELS,UNKNOWN,0.0,0.0,0.0,0.0,0.0,0.0,0.0001,0.0,0.0003
2019088040,0.0131,0.0003,0.0128,0,NONE,NO_PREDICTION,REJECTED_ZERO_LABELS,UNKNOWN,0.0,0.0,0.0,0.0002,0.0003,0.0131,0.0003,0.0,0.0
2019088071,0.0595,0.0015,0.058,0,NONE,NO_PREDICTION,REJECTED_ZERO_LABELS,UNKNOWN,0.0,0.0015,0.0,0.0006,0.0595,0.0,0.0,0.0014,0.0001
2019088074,0.0003,0.0002,0.0001,0,NONE,NO_PREDICTION,REJECTED_ZERO_LABELS,UNKNOWN,0.0,0.0,0.0,0.0002,0.0,0.0003,0.0,0.0,0.0002
2019088080,0.6386,0.001,0.6376,1,Hot Work,MEDIUM,SENT_TO_HUMAN_REVIEW,UNKNOWN,0.0,0.001,0.0,0.0002,0.6386,0.0,0.0001,0.0003,0.0001
2019088049,0.9749,0.0019,0.973,1,Energy Isolation,HIGH,ACCEPT_MODEL_PREDICTED,MODEL_PREDICTED,0.0002,0.0019,0.0,0.9749,0.0006,0.0,0.0002,0.0012,0.0011
2019088052,0.1128,0.0047,0.1081,0,NONE,NO_PREDICTION,REJECTED_ZERO_LABELS,UNKNOWN,0.0002,0.0004,0.0001,0.003,0.0002,0.0047,0.0001,0.0001,0.1128
2019088084,0.0019,0.0004,0.0015,0,NONE,NO_PREDICTION,REJECTED_ZERO_LABELS,UNKNOWN,0.0,0.0,0.0,0.0019,0.0004,0.0001,0.0001,0.0,0.0002
2019088098,0.0285,0.0014,0.0271,0,NONE,NO_PREDICTION,REJECTED_ZERO_LABELS,UNKNOWN,0.0,0.0001,0.0,0.0014,0.0,0.0001,0.0285,0.0003,0.0001
2019088121,0.9921,0.0026,0.9895,1,Energy Isolation,HIGH,ACCEPT_MODEL_PREDICTED,MODEL_PREDICTED,0.002,0.0026,0.0001,0.9921,0.0001,0.0003,0.0,0.0004,0.0004
2019088156,0.0075,0.0008,0.0067,0,NONE,NO_PREDICTION,REJECTED_ZERO_LABELS,UNKNOWN,0.0,0.0001,0.0008,0.0001,0.0002,0.0,0.0006,0.0004,0.0075
2019088168,0.2671,0.1439,0.1232,1,Safe Mechanical Lifting,LOW,REJECTED_LOW_CONFIDENCE,UNKNOWN,0.0029,0.0017,0.1348,0.0031,0.0058,0.0267,0.2671,0.0326,0.1439
2019088182,0.0102,0.0011,0.0091,0,NONE,NO_PREDICTION,REJECTED_ZERO_LABELS,UNKNOWN,0.0,0.0,0.0,0.0007,0.0002,0.0,0.0011,0.0,0.0102
2019088188,0.9997,0.0299,0.9698,1,Energy Isolation,HIGH,ACCEPT_MODEL_PREDICTED,MODEL_PREDICTED,0.0059,0.0299,0.0001,0.9997,0.0064,0.0017,0.0034,0.0041,0.0009
2019088220,0.9963,0.9602,0.0361,2,Working at Height | Driving,MEDIUM,SENT_TO_HUMAN_REVIEW,UNKNOWN,0.003,0.0033,0.9602,0.0183,0.0062,0.0152,0.0159,0.0098,0.9963
2019088283,0.9999,0.0476,0.9523,1,Energy Isolation,HIGH,ACCEPT_MODEL_PREDICTED,MODEL_PREDICTED,0.0203,0.0476,0.0012,0.9999,0.003,0.0011,0.0135,0.0055,0.003
2019088315,0.0515,0.0022,0.0493,0,NONE,NO_PREDICTION,REJECTED_ZERO_LABELS,UNKNOWN,0.0003,0.0001,0.0022,0.0004,0.0011,0.0515,0.0011,0.0,0.0001
2019088395,0.792,0.0086,0.7834,1,Hot Work,HIGH,ACCEPT_MODEL_PREDICTED,MODEL_PREDICTED,0.0,0.0086,0.0001,0.0012,0.792,0.0,0.0009,0.0086,0.0
2019088358,0.851,0.1607,0.6903,1,Working at Height,HIGH,ACCEPT_MODEL_PREDICTED,MODEL_PREDICTED,0.0001,0.0003,0.0018,0.1607,0.0001,0.0004,0.0051,0.0011,0.851
2019088362,0.1043,0.0061,0.0982,0,NONE,NO_PREDICTION,REJECTED_ZERO_LABELS,UNKNOWN,0.0002,0.0005,0.0016,0.0008,0.0061,0.0015,0.1043,0.0012,0.0001
2019088402,0.0033,0.0004,0.0029,0,NONE,NO_PREDICTION,REJECTED_ZERO_LABELS,UNKNOWN,0.0,0.0,0.0,0.0033,0.0,0.0004,0.0,0.0,0.0001
2019088442,0.9994,0.0557,0.9437,1,Driving,HIGH,ACCEPT_MODEL_PREDICTED,MODEL_PREDICTED,0.0033,0.0018,0.9994,0.0027,0.0012,0.0048,0.0557,0.0109,0.0035
2019088450,0.0036,0.0031,0.0005,0,NONE,NO_PREDICTION,REJECTED_ZERO_LABELS,UNKNOWN,0.0002,0.0005,0.0001,0.0036,0.0008,0.0031,0.0002,0.0001,0.0
2019088462,0.9948,0.6173,0.3775,2,Safe Mechanical Lifting | Working at Height,HIGH,ACCEPT_MODEL_PREDICTED,MODEL_PREDICTED,0.0001,0.0,0.1835,0.0095,0.0005,0.0004,0.9948,0.0041,0.6173
2019088481,0.3312,0.2859,0.0453,1,Working at Height,LOW,REJECTED_LOW_CONFIDENCE,UNKNOWN,0.0004,0.0306,0.0045,0.0262,0.2859,0.0,0.0066,0.2465,0.3312
2019088499,0.3479,0.0016,0.3463,1,Line of Fire,LOW,REJECTED_LOW_CONFIDENCE,UNKNOWN,0.0013,0.0016,0.0012,0.0006,0.0014,0.3479,0.0012,0.0,0.0004
2019088514,0.0733,0.0054,0.0679,0,NONE,NO_PREDICTION,REJECTED_ZERO_LABELS,UNKNOWN,0.0,0.0002,0.0,0.0054,0.0733,0.0003,0.0018,0.0001,0.0043
2019088588,0.9995,0.0148,0.9847,1,Safe Mechanical Lifting,HIGH,ACCEPT_MODEL_PREDICTED,MODEL_PREDICTED,0.0001,0.0,0.0148,0.0049,0.0016,0.0017,0.9995,0.0043,0.0061
2019088590,0.0004,0.0,0.0004,0,NONE,NO_PREDICTION,REJECTED_ZERO_LABELS,UNKNOWN,0.0,0.0,0.0,0.0004,0.0,0.0,0.0,0.0,0.0
2019088560,0.0047,0.0007,0.004,0,NONE,NO_PREDICTION,REJECTED_ZERO_LABELS,UNKNOWN,0.0,0.0,0.0,0.0047,0.0002,0.0,0.0007,0.0,0.0
2019088608,0.384,0.1508,0.2332,1,Safe Mechanical Lifting,LOW,REJECTED_LOW_CONFIDENCE,UNKNOWN,0.003,0.0196,0.1508,0.0257,0.0001,0.0003,0.384,0.1016,0.0005
2019088612,0.3501,0.0012,0.3489,1,Safe Mechanical Lifting,LOW,REJECTED_LOW_CONFIDENCE,UNKNOWN,0.0,0.0,0.0009,0.0003,0.0012,0.0004,0.3501,0.0004,0.0004
2019088613,0.9984,0.0189,0.9795,1,Energy Isolation,HIGH,ACCEPT_MODEL_PREDICTED,MODEL_PREDICTED,0.0002,0.0029,0.0,0.9984,0.0189,0.0,0.0,0.0003,0.0005
2019088561,0.014,0.0087,0.0053,0,NONE,NO_PREDICTION,REJECTED_ZERO_LABELS,UNKNOWN,0.0002,0.0019,0.0002,0.014,0.0087,0.0025,0.0003,0.0003,0.0067
2019088655,0.0557,0.0361,0.0196,0,NONE,NO_PREDICTION,REJECTED_ZERO_LABELS,UNKNOWN,0.0004,0.0145,0.0015,0.0361,0.0557,0.0003,0.0,0.001,0.0006
2019088695,0.0164,0.0052,0.0112,0,NONE,NO_PREDICTION,REJECTED_ZERO_LABELS,UNKNOWN,0.0004,0.002,0.0003,0.0164,0.0003,0.0003,0.0005,0.0052,0.0
2019088707,0.9987,0.0113,0.9874,1,Safe Mechanical Lifting,HIGH,ACCEPT_MODEL_PREDICTED,MODEL_PREDICTED,0.0,0.0,0.0113,0.0002,0.0004,0.0076,0.9987,0.0003,0.0069
2019088713,0.9931,0.9674,0.0257,2,Safe Mechanical Lifting | Driving,MEDIUM,SENT_TO_HUMAN_REVIEW,UNKNOWN,0.0082,0.0028,0.9674,0.0543,0.0083,0.1361,0.9931,0.0109,0.0054
2019088721,0.9966,0.8211,0.1755,3,Working at Height | Safe Mechanical Lifting | Driving,HIGH,ACCEPT_MODEL_PREDICTED,MODEL_PREDICTED,0.0002,0.0011,0.2647,0.0119,0.0204,0.0008,0.8211,0.0532,0.9966
2019088783,0.998,0.2453,0.7527,1,Safe Mechanical Lifting,HIGH,ACCEPT_MODEL_PREDICTED,MODEL_PREDICTED,0.0003,0.0002,0.0087,0.2453,0.0049,0.0005,0.998,0.0111,0.0077
2019088817,0.0009,0.0009,0.0,0,NONE,NO_PREDICTION,REJECTED_ZERO_LABELS,UNKNOWN,0.0001,0.0001,0.0009,0.0002,0.0,0.0001,0.0009,0.0003,0.0
2019088825,0.0019,0.0018,0.0001,0,NONE,NO_PREDICTION,REJECTED_ZERO_LABELS,UNKNOWN,0.0,0.0001,0.0005,0.0011,0.0003,0.0018,0.0002,0.0,0.0019
2019088877,0.1801,0.0028,0.1773,0,NONE,NO_PREDICTION,REJECTED_ZERO_LABELS,UNKNOWN,0.0017,0.0006,0.0028,0.0003,0.0001,0.1801,0.0003,0.0001,0.0003
2019088893,0.1081,0.0033,0.1048,0,NONE,NO_PREDICTION,REJECTED_ZERO_LABELS,UNKNOWN,0.0002,0.0,0.0,0.0033,0.0001,0.1081,0.0032,0.0,0.0
2019088912,0.9987,0.2023,0.7964,1,Hot Work,HIGH,ACCEPT_MODEL_PREDICTED,MODEL_PREDICTED,0.0002,0.2023,0.0011,0.0012,0.9987,0.0011,0.0035,0.0691,0.0014
2019088929,0.2345,0.0121,0.2224,0,NONE,NO_PREDICTION,REJECTED_ZERO_LABELS,UNKNOWN,0.0,0.0005,0.0002,0.0004,0.2345,0.0097,0.0003,0.0001,0.0121
2019088948,0.5893,0.012,0.5773,1,Safe Mechanical Lifting,MEDIUM,SENT_TO_HUMAN_REVIEW,UNKNOWN,0.0001,0.0002,0.0002,0.0005,0.012,0.0023,0.5893,0.0023,0.0018
2019089056,0.1407,0.0346,0.1061,0,NONE,NO_PREDICTION,REJECTED_ZERO_LABELS,UNKNOWN,0.0002,0.0005,0.1407,0.0002,0.0346,0.0048,0.0002,0.0001,0.001
2019099090,0.0837,0.0103,0.0734,0,NONE,NO_PREDICTION,REJECTED_ZERO_LABELS,UNKNOWN,0.0001,0.0001,0.0001,0.0103,0.0072,0.0024,0.0837,0.0002,0.0034
2019099098,0.0436,0.0097,0.0339,0,NONE,NO_PREDICTION,REJECTED_ZERO_LABELS,UNKNOWN,0.0003,0.0022,0.0,0.0436,0.0097,0.0009,0.0046,0.0069,0.0001
2019099136,0.0752,0.001,0.0742,0,NONE,NO_PREDICTION,REJECTED_ZERO_LABELS,UNKNOWN,0.0002,0.0001,0.0001,0.001,0.0003,0.0752,0.0003,0.0,0.0007
2019099149,0.3048,0.0017,0.3031,1,Working at Height,LOW,REJECTED_LOW_CONFIDENCE,UNKNOWN,0.0,0.0,0.0001,0.0017,0.0006,0.0001,0.0007,0.0001,0.3048
2019099163,0.4108,0.2639,0.1469,2,Safe Mechanical Lifting | Working at Height,LOW,REJECTED_LOW_CONFIDENCE,UNKNOWN,0.0,0.0,0.0015,0.0001,0.0,0.0971,0.4108,0.0,0.2639
2019099171,0.0016,0.0012,0.0004,0,NONE,NO_PREDICTION,REJECTED_ZERO_LABELS,UNKNOWN,0.0,0.0,0.0001,0.0,0.0012,0.0016,0.0002,0.0,0.0
2019099174,0.752,0.0038,0.7482,1,Hot Work,HIGH,ACCEPT_MODEL_PREDICTED,MODEL_PREDICTED,0.0,0.0038,0.0001,0.0006,0.752,0.0002,0.0013,0.0016,0.0005
2019099186,0.0075,0.0063,0.0012,0,NONE,NO_PREDICTION,REJECTED_ZERO_LABELS,UNKNOWN,0.0001,0.0004,0.0008,0.0011,0.0,0.0,0.0075,0.0063,0.0006
2019099193,0.9164,0.011,0.9054,1,Hot Work,HIGH,ACCEPT_MODEL_PREDICTED,MODEL_PREDICTED,0.0,0.011,0.0,0.0011,0.9164,0.0001,0.0003,0.0071,0.0
2019099202,0.0404,0.0157,0.0247,0,NONE,NO_PREDICTION,REJECTED_ZERO_LABELS,UNKNOWN,0.0004,0.0006,0.0009,0.0157,0.0058,0.0404,0.0068,0.0001,0.0003
2019099239,0.0096,0.0026,0.007,0,NONE,NO_PREDICTION,REJECTED_ZERO_LABELS,UNKNOWN,0.0001,0.0002,0.0002,0.0003,0.0026,0.0096,0.0002,0.0,0.0002
2019099248,0.9908,0.0329,0.9579,1,Safe Mechanical Lifting,HIGH,ACCEPT_MODEL_PREDICTED,MODEL_PREDICTED,0.0002,0.0,0.0005,0.0174,0.0007,0.0124,0.9908,0.0008,0.0329
2019099259,0.9975,0.0569,0.9406,1,Working at Height,HIGH,ACCEPT_MODEL_PREDICTED,MODEL_PREDICTED,0.0,0.0003,0.0002,0.0569,0.0049,0.0001,0.0004,0.0014,0.9975
2019099261,0.9994,0.0554,0.944,1,Hot Work,HIGH,ACCEPT_MODEL_PREDICTED,MODEL_PREDICTED,0.0,0.0337,0.0,0.0554,0.9994,0.0004,0.0001,0.0018,0.0001
2019099280,0.0402,0.0178,0.0224,0,NONE,NO_PREDICTION,REJECTED_ZERO_LABELS,UNKNOWN,0.0,0.0,0.0003,0.0178,0.0006,0.0008,0.0402,0.0002,0.0062
2019099312,0.224,0.0044,0.2196,0,NONE,NO_PREDICTION,REJECTED_ZERO_LABELS,UNKNOWN,0.0005,0.0013,0.0,0.224,0.0005,0.0044,0.0026,0.0004,0.0002
2019099325,0.0113,0.0008,0.0105,0,NONE,NO_PREDICTION,REJECTED_ZERO_LABELS,UNKNOWN,0.0003,0.0003,0.0001,0.0113,0.0001,0.0005,0.0008,0.0003,0.0001
2019099328,0.4152,0.0148,0.4004,1,Line of Fire,LOW,REJECTED_LOW_CONFIDENCE,UNKNOWN,0.0004,0.0001,0.0008,0.0001,0.0003,0.4152,0.0148,0.0,0.0001
2019099329,0.1094,0.0073,0.1021,0,NONE,NO_PREDICTION,REJECTED_ZERO_LABELS,UNKNOWN,0.0,0.0023,0.0008,0.0045,0.1094,0.0,0.0045,0.0073,0.0001
2019099426,0.9967,0.0101,0.9866,1,Driving,HIGH,ACCEPT_MODEL_PREDICTED,MODEL_PREDICTED,0.0022,0.0019,0.9967,0.0005,0.0015,0.0101,0.0006,0.0009,0.002
2019099435,0.0171,0.0009,0.0162,0,NONE,NO_PREDICTION,REJECTED_ZERO_LABELS,UNKNOWN,0.0,0.0003,0.0001,0.0171,0.0009,0.0,0.0,0.0002,0.0007
2019099476,0.8343,0.0133,0.821,1,Safe Mechanical Lifting,HIGH,ACCEPT_MODEL_PREDICTED,MODEL_PREDICTED,0.0,0.0,0.0004,0.001,0.0001,0.0,0.8343,0.0004,0.0133
2019099501,0.7969,0.0035,0.7934,1,Energy Isolation,HIGH,ACCEPT_MODEL_PREDICTED,MODEL_PREDICTED,0.0001,0.0004,0.0001,0.7969,0.0018,0.0,0.0013,0.0003,0.0035
2019099506,0.0075,0.0004,0.0071,0,NONE,NO_PREDICTION,REJECTED_ZERO_LABELS,UNKNOWN,0.0,0.0001,0.0,0.0075,0.0004,0.0,0.0,0.0,0.0002
2019099511,0.7462,0.0778,0.6684,1,Hot Work,HIGH,ACCEPT_MODEL_PREDICTED,MODEL_PREDICTED,0.0006,0.0778,0.0027,0.0057,0.7462,0.0027,0.0,0.001,0.0002
2019099649,0.9443,0.3602,0.5841,2,Hot Work | Safe Mechanical Lifting,HIGH,ACCEPT_MODEL_PREDICTED,MODEL_PREDICTED,0.003,0.176,0.0307,0.0376,0.9443,0.0259,0.3602,0.204,0.0046
2019099661,0.9972,0.0033,0.9939,1,Working at Height,HIGH,ACCEPT_MODEL_PREDICTED,MODEL_PREDICTED,0.0,0.0002,0.0011,0.0033,0.0006,0.0006,0.0001,0.0003,0.9972
2019099664,0.9737,0.8617,0.112,2,Driving | Safe Mechanical Lifting,MEDIUM,SENT_TO_HUMAN_REVIEW,UNKNOWN,0.0089,0.002,0.9737,0.011,0.0013,0.024,0.8617,0.0226,0.0129
2019099665,0.9964,0.9695,0.0269,2,Driving | Working at Height,MEDIUM,SENT_TO_HUMAN_REVIEW,UNKNOWN,0.003,0.0022,0.9964,0.0055,0.0107,0.0278,0.0224,0.0052,0.9695
2019099682,0.0513,0.0028,0.0485,0,NONE,NO_PREDICTION,REJECTED_ZERO_LABELS,UNKNOWN,0.0,0.0,0.0005,0.0003,0.0028,0.0001,0.0026,0.0001,0.0513
2019099707,0.9963,0.9623,0.034,2,Safe Mechanical Lifting | Driving,MEDIUM,SENT_TO_HUMAN_REVIEW,UNKNOWN,0.0016,0.0002,0.9623,0.0032,0.0028,0.1154,0.9963,0.0015,0.0104
2019099736,0.8825,0.3049,0.5776,2,Hot Work | Energy Isolation,HIGH,ACCEPT_MODEL_PREDICTED,MODEL_PREDICTED,0.0002,0.0169,0.0,0.3049,0.8825,0.0008,0.0005,0.0047,0.0043
2019099776,0.0357,0.0031,0.0326,0,NONE,NO_PREDICTION,REJECTED_ZERO_LABELS,UNKNOWN,0.0,0.0002,0.0,0.0357,0.0023,0.0,0.0001,0.0003,0.0031
2019099801,0.5734,0.0653,0.5081,1,Safe Mechanical Lifting,MEDIUM,SENT_TO_HUMAN_REVIEW,UNKNOWN,0.0005,0.0003,0.0022,0.0653,0.0001,0.0013,0.5734,0.0024,0.0
2019099833,0.0255,0.0218,0.0037,0,NONE,NO_PREDICTION,REJECTED_ZERO_LABELS,UNKNOWN,0.0,0.0025,0.0004,0.0013,0.0255,0.0,0.0004,0.0218,0.0016
2019099854,0.0108,0.0108,0.0,0,NONE,NO_PREDICTION,REJECTED_ZERO_LABELS,UNKNOWN,0.0,0.0,0.0001,0.0002,0.0108,0.0,0.0108,0.0,0.0001
2019099875,0.0289,0.0006,0.0283,0,NONE,NO_PREDICTION,REJECTED_ZERO_LABELS,UNKNOWN,0.0,0.0004,0.0,0.0002,0.0289,0.0006,0.0001,0.0001,0.0
2019099891,0.0097,0.0005,0.0092,0,NONE,NO_PREDICTION,REJECTED_ZERO_LABELS,UNKNOWN,0.0,0.0001,0.0001,0.0003,0.0003,0.0001,0.0097,0.0005,0.0
2019099922,0.7534,0.4323,0.3211,2,Hot Work | Working at Height,HIGH,ACCEPT_MODEL_PREDICTED,MODEL_PREDICTED,0.0001,0.0016,0.0017,0.0026,0.7534,0.0122,0.0265,0.0021,0.4323
2019099967,0.7041,0.001,0.7031,1,Driving,HIGH,ACCEPT_MODEL_PREDICTED,MODEL_PREDICTED,0.0001,0.0001,0.7041,0.0009,0.0006,0.0,0.0001,0.0002,0.001
2019099970,0.051,0.0328,0.0182,0,NONE,NO_PREDICTION,REJECTED_ZERO_LABELS,UNKNOWN,0.0003,0.0085,0.0009,0.0034,0.0328,0.0002,0.0,0.0019,0.051
20190910042,0.0297,0.0007,0.029,0,NONE,NO_PREDICTION,REJECTED_ZERO_LABELS,UNKNOWN,0.0,0.0,0.0005,0.0,0.0002,0.0001,0.0007,0.0,0.0297
20190910077,0.3975,0.0538,0.3437,1,Safe Mechanical Lifting,LOW,REJECTED_LOW_CONFIDENCE,UNKNOWN,0.0001,0.0001,0.0,0.0194,0.004,0.0094,0.3975,0.0004,0.0538
20190910093,0.9993,0.0343,0.965,1,Driving,HIGH,ACCEPT_MODEL_PREDICTED,MODEL_PREDICTED,0.0017,0.0026,0.9993,0.0002,0.0006,0.0017,0.0025,0.0076,0.0343
20190910175,0.9931,0.0217,0.9714,1,Hot Work,HIGH,ACCEPT_MODEL_PREDICTED,MODEL_PREDICTED,0.0,0.0063,0.0001,0.005,0.9931,0.0003,0.0018,0.0018,0.0217
20190910188,0.9746,0.0482,0.9264,1,Safe Mechanical Lifting,HIGH,ACCEPT_MODEL_PREDICTED,MODEL_PREDICTED,0.0002,0.0003,0.003,0.0009,0.0017,0.0482,0.9746,0.0009,0.0051
20190910190,0.0445,0.0043,0.0402,0,NONE,NO_PREDICTION,REJECTED_ZERO_LABELS,UNKNOWN,0.0001,0.0003,0.0445,0.0043,0.0013,0.0,0.0033,0.0013,0.0001
20190910223,0.8265,0.1935,0.633,1,Working at Height,HIGH,ACCEPT_MODEL_PREDICTED,MODEL_PREDICTED,0.0012,0.0553,0.0057,0.0389,0.1935,0.0009,0.0016,0.0495,0.8265
20191010279,0.0018,0.001,0.0008,0,NONE,NO_PREDICTION,REJECTED_ZERO_LABELS,UNKNOWN,0.0,0.0,0.0,0.001,0.0003,0.0008,0.0018,0.0,0.0
20191010316,0.7759,0.6144,0.1615,3,Safe Mechanical Lifting | Driving | Working at Height,HIGH,ACCEPT_MODEL_PREDICTED,MODEL_PREDICTED,0.0068,0.0025,0.6144,0.0199,0.0005,0.0576,0.7759,0.0555,0.4282
20191010353,0.0555,0.0054,0.0501,0,NONE,NO_PREDICTION,REJECTED_ZERO_LABELS,UNKNOWN,0.0,0.0,0.0013,0.0008,0.0,0.0054,0.0004,0.0,0.0555
20191010377,0.7848,0.078,0.7068,1,Safe Mechanical Lifting,HIGH,ACCEPT_MODEL_PREDICTED,MODEL_PREDICTED,0.0006,0.0002,0.0099,0.078,0.0003,0.0038,0.7848,0.001,0.0019
20191010465,0.1107,0.0636,0.0471,0,NONE,NO_PREDICTION,REJECTED_ZERO_LABELS,UNKNOWN,0.0002,0.0002,0.0008,0.1107,0.0001,0.0033,0.0024,0.0001,0.0636
20191010495,0.9917,0.0056,0.9861,1,Hot Work,HIGH,ACCEPT_MODEL_PREDICTED,MODEL_PREDICTED,0.0,0.0021,0.0,0.0032,0.9917,0.0056,0.0,0.0001,0.0033
20191010515,0.0083,0.0034,0.0049,0,NONE,NO_PREDICTION,REJECTED_ZERO_LABELS,UNKNOWN,0.0,0.0001,0.0,0.0083,0.0034,0.0,0.0015,0.0001,0.0
20191010516,0.0051,0.0018,0.0033,0,NONE,NO_PREDICTION,REJECTED_ZERO_LABELS,UNKNOWN,0.0001,0.0002,0.0,0.0051,0.0003,0.0018,0.0,0.0,0.0001
20191010583,0.9979,0.0419,0.956,1,Energy Isolation,HIGH,ACCEPT_MODEL_PREDICTED,MODEL_PREDICTED,0.002,0.0345,0.0,0.9979,0.0419,0.001,0.0001,0.0012,0.0052
20191010597,0.0105,0.0053,0.0052,0,NONE,NO_PREDICTION,REJECTED_ZERO_LABELS,UNKNOWN,0.0,0.0,0.0005,0.0105,0.0,0.0001,0.0053,0.0001,0.0002
20191010601,0.9989,0.1765,0.8224,1,Safe Mechanical Lifting,HIGH,ACCEPT_MODEL_PREDICTED,MODEL_PREDICTED,0.0006,0.0005,0.0015,0.09,0.0513,0.1765,0.9989,0.0031,0.0164
20191010642,0.7385,0.06,0.6785,1,Line of Fire,HIGH,ACCEPT_MODEL_PREDICTED,MODEL_PREDICTED,0.0041,0.0011,0.0014,0.06,0.0017,0.7385,0.0342,0.0003,0.0321
20191010687,0.998,0.8452,0.1528,2,Safe Mechanical Lifting | Driving,HIGH,ACCEPT_MODEL_PREDICTED,MODEL_PREDICTED,0.0008,0.0006,0.8452,0.0077,0.0014,0.0008,0.998,0.0272,0.0088
20191010690,0.0037,0.0017,0.002,0,NONE,NO_PREDICTION,REJECTED_ZERO_LABELS,UNKNOWN,0.0,0.0,0.0,0.0004,0.0017,0.0037,0.0002,0.0,0.0
20191010700,0.9992,0.4019,0.5973,2,Safe Mechanical Lifting | Energy Isolation,HIGH,ACCEPT_MODEL_PREDICTED,MODEL_PREDICTED,0.0,0.0001,0.0009,0.4019,0.0095,0.0001,0.9992,0.0025,0.0063
20191010749,0.0018,0.001,0.0008,0,NONE,NO_PREDICTION,REJECTED_ZERO_LABELS,UNKNOWN,0.0,0.0,0.0001,0.0,0.0,0.0018,0.001,0.0,0.0
20191010772,0.7792,0.6267,0.1525,3,Driving | Energy Isolation | Working at Height,HIGH,ACCEPT_MODEL_PREDICTED,MODEL_PREDICTED,0.0033,0.0064,0.7792,0.6267,0.0006,0.0001,0.0024,0.0115,0.4319
20191010778,0.1893,0.0064,0.1829,0,NONE,NO_PREDICTION,REJECTED_ZERO_LABELS,UNKNOWN,0.0005,0.0002,0.0001,0.0064,0.0025,0.1893,0.0009,0.0,0.0
20191010790,0.9882,0.0345,0.9537,1,Safe Mechanical Lifting,HIGH,ACCEPT_MODEL_PREDICTED,MODEL_PREDICTED,0.0002,0.0001,0.0037,0.0006,0.0004,0.0345,0.9882,0.0017,0.0283
20191011397,0.0052,0.0038,0.0014,0,NONE,NO_PREDICTION,REJECTED_ZERO_LABELS,UNKNOWN,0.0,0.0,0.0003,0.0038,0.0,0.0001,0.0001,0.0,0.0052
20191010890,0.9992,0.0306,0.9686,1,Working at Height,HIGH,ACCEPT_MODEL_PREDICTED,MODEL_PREDICTED,0.0001,0.0005,0.0043,0.0306,0.002,0.0004,0.0017,0.0036,0.9992
20191010909,0.0033,0.0012,0.0021,0,NONE,NO_PREDICTION,REJECTED_ZERO_LABELS,UNKNOWN,0.0,0.0,0.0,0.0033,0.0003,0.0001,0.0,0.0,0.0012
20191010947,0.9943,0.9268,0.0675,2,Safe Mechanical Lifting | Working at Height,MEDIUM,SENT_TO_HUMAN_REVIEW,UNKNOWN,0.001,0.004,0.0769,0.1436,0.0256,0.0036,0.9943,0.144,0.9268
20191010958,0.0126,0.0029,0.0097,0,NONE,NO_PREDICTION,REJECTED_ZERO_LABELS,UNKNOWN,0.0,0.0002,0.0,0.0001,0.0003,0.0,0.0126,0.0029,0.0
20191010963,0.4143,0.0384,0.3759,1,Driving,LOW,REJECTED_LOW_CONFIDENCE,UNKNOWN,0.0002,0.0003,0.4143,0.0,0.0005,0.0085,0.0002,0.0001,0.0384
20191010969,0.4063,0.0302,0.3761,1,Working at Height,LOW,REJECTED_LOW_CONFIDENCE,UNKNOWN,0.0002,0.0005,0.001,0.0302,0.0,0.0006,0.0003,0.0007,0.4063
20191010972,0.9963,0.3515,0.6448,2,Driving | Line of Fire,HIGH,ACCEPT_MODEL_PREDICTED,MODEL_PREDICTED,0.0626,0.0923,0.9963,0.2419,0.1225,0.3515,0.128,0.0624,0.0231
20191011048,0.0091,0.0054,0.0037,0,NONE,NO_PREDICTION,REJECTED_ZERO_LABELS,UNKNOWN,0.0001,0.0004,0.0001,0.0091,0.0,0.0001,0.0054,0.0017,0.0003
20191011116,0.6471,0.0129,0.6342,1,Working at Height,MEDIUM,SENT_TO_HUMAN_REVIEW,UNKNOWN,0.0005,0.0027,0.0089,0.0051,0.0001,0.0005,0.0025,0.0129,0.6471
20191011173,0.8488,0.123,0.7258,1,Safe Mechanical Lifting,HIGH,ACCEPT_MODEL_PREDICTED,MODEL_PREDICTED,0.001,0.0228,0.09,0.008,0.123,0.0084,0.8488,0.0809,0.0001
20191011175,0.7721,0.0495,0.7226,1,Working at Height,HIGH,ACCEPT_MODEL_PREDICTED,MODEL_PREDICTED,0.0003,0.0003,0.0495,0.0246,0.0,0.0021,0.0001,0.0002,0.7721
20191011194,0.4122,0.109,0.3032,1,Driving,LOW,REJECTED_LOW_CONFIDENCE,UNKNOWN,0.0031,0.0339,0.4122,0.109,0.0004,0.0001,0.0002,0.081,0.0017
20191011202,0.0291,0.0244,0.0047,0,NONE,NO_PREDICTION,REJECTED_ZERO_LABELS,UNKNOWN,0.0001,0.0001,0.0,0.0244,0.0011,0.0018,0.0291,0.0001,0.0021
20191011285,0.9996,0.1346,0.865,1,Hot Work,HIGH,ACCEPT_MODEL_PREDICTED,MODEL_PREDICTED,0.0001,0.1346,0.0001,0.0158,0.9996,0.0002,0.0001,0.0091,0.0
20191011311,0.5655,0.0581,0.5074,1,Hot Work,MEDIUM,SENT_TO_HUMAN_REVIEW,UNKNOWN,0.0001,0.0155,0.0,0.0009,0.5655,0.0002,0.0013,0.0581,0.0002
20191011252,0.4099,0.1707,0.2392,1,Working at Height,LOW,REJECTED_LOW_CONFIDENCE,UNKNOWN,0.0004,0.001,0.0004,0.1328,0.0022,0.0016,0.1707,0.0023,0.4099
20191011348,0.0015,0.0001,0.0014,0,NONE,NO_PREDICTION,REJECTED_ZERO_LABELS,UNKNOWN,0.0,0.0001,0.0001,0.0001,0.0015,0.0001,0.0,0.0001,0.0001
20191011374,0.3936,0.2046,0.189,1,Energy Isolation,LOW,REJECTED_LOW_CONFIDENCE,UNKNOWN,0.0001,0.0022,0.0,0.3936,0.2046,0.0,0.0037,0.0071,0.0005
20191111405,0.9997,0.0148,0.9849,1,Safe Mechanical Lifting,HIGH,ACCEPT_MODEL_PREDICTED,MODEL_PREDICTED,0.0001,0.0001,0.0041,0.0105,0.0069,0.0103,0.9997,0.0029,0.0148
20191111425,0.3831,0.1404,0.2427,1,Safe Mechanical Lifting,LOW,REJECTED_LOW_CONFIDENCE,UNKNOWN,0.0006,0.0006,0.0824,0.0015,0.0012,0.0376,0.3831,0.0039,0.1404
20191111444,0.3747,0.3117,0.063,2,Line of Fire | Working at Height,LOW,REJECTED_LOW_CONFIDENCE,UNKNOWN,0.0031,0.0009,0.0015,0.0232,0.0003,0.3747,0.003,0.0003,0.3117
20191111472,0.0356,0.0036,0.032,0,NONE,NO_PREDICTION,REJECTED_ZERO_LABELS,UNKNOWN,0.0,0.0,0.0001,0.0029,0.0036,0.0011,0.0356,0.0,0.0002
20191111473,0.9995,0.0882,0.9113,1,Driving,HIGH,ACCEPT_MODEL_PREDICTED,MODEL_PREDICTED,0.0088,0.0036,0.9995,0.0042,0.0037,0.0152,0.0149,0.0122,0.0882
20191111477,0.0018,0.001,0.0008,0,NONE,NO_PREDICTION,REJECTED_ZERO_LABELS,UNKNOWN,0.0,0.0002,0.0,0.0018,0.001,0.0,0.0,0.0001,0.0
20191111487,0.8501,0.8472,0.0029,3,Hot Work | Energy Isolation | Safe Mechanical Lifting,MEDIUM,SENT_TO_HUMAN_REVIEW,UNKNOWN,0.0005,0.0086,0.0007,0.8472,0.8501,0.0125,0.799,0.0109,0.0114
20191111540,0.0096,0.0024,0.0072,0,NONE,NO_PREDICTION,REJECTED_ZERO_LABELS,UNKNOWN,0.0,0.0,0.0,0.0006,0.0024,0.0024,0.0096,0.0,0.0
20191111569,0.9996,0.3193,0.6803,1,Hot Work,HIGH,ACCEPT_MODEL_PREDICTED,MODEL_PREDICTED,0.0003,0.3193,0.0006,0.1607,0.9996,0.001,0.0038,0.0898,0.0107
20191111644,0.2305,0.01,0.2205,0,NONE,NO_PREDICTION,REJECTED_ZERO_LABELS,UNKNOWN,0.0003,0.0008,0.0058,0.0024,0.0012,0.01,0.0007,0.0006,0.2305
20191111654,0.8621,0.0706,0.7915,1,Safe Mechanical Lifting,HIGH,ACCEPT_MODEL_PREDICTED,MODEL_PREDICTED,0.0,0.0001,0.0034,0.0044,0.0706,0.0003,0.8621,0.0007,0.0313
20191111687,0.4327,0.014,0.4187,1,Line of Fire,LOW,REJECTED_LOW_CONFIDENCE,UNKNOWN,0.0007,0.0005,0.0002,0.0007,0.0017,0.4327,0.014,0.0,0.0
20191111780,0.1239,0.0816,0.0423,0,NONE,NO_PREDICTION,REJECTED_ZERO_LABELS,UNKNOWN,0.007,0.0304,0.0816,0.1239,0.0068,0.0051,0.0,0.0032,0.0002
20191111789,0.0014,0.0009,0.0005,0,NONE,NO_PREDICTION,REJECTED_ZERO_LABELS,UNKNOWN,0.0,0.0,0.0,0.0014,0.0009,0.0,0.0,0.0001,0.0001
20191111812,0.9862,0.0674,0.9188,1,Line of Fire,HIGH,ACCEPT_MODEL_PREDICTED,MODEL_PREDICTED,0.0077,0.0011,0.01,0.0381,0.0005,0.9862,0.0471,0.0001,0.0674
20191111908,0.0237,0.0005,0.0232,0,NONE,NO_PREDICTION,REJECTED_ZERO_LABELS,UNKNOWN,0.0,0.0,0.0001,0.0,0.0005,0.0004,0.0237,0.0,0.0
20191111947,0.0067,0.0065,0.0002,0,NONE,NO_PREDICTION,REJECTED_ZERO_LABELS,UNKNOWN,0.0,0.0,0.0002,0.0,0.0067,0.0011,0.0,0.0,0.0065
20191111973,0.0778,0.0022,0.0756,0,NONE,NO_PREDICTION,REJECTED_ZERO_LABELS,UNKNOWN,0.0,0.0,0.0001,0.0002,0.0,0.0001,0.0778,0.0,0.0022
20191111978,0.9796,0.012,0.9676,1,Energy Isolation,HIGH,ACCEPT_MODEL_PREDICTED,MODEL_PREDICTED,0.0015,0.012,0.0004,0.9796,0.0007,0.0002,0.0004,0.0025,0.0003
20191112016,0.611,0.0359,0.5751,1,Safe Mechanical Lifting,MEDIUM,SENT_TO_HUMAN_REVIEW,UNKNOWN,0.0,0.0,0.0035,0.0096,0.0294,0.0002,0.611,0.0006,0.0359
20191112020,0.1134,0.0164,0.097,0,NONE,NO_PREDICTION,REJECTED_ZERO_LABELS,UNKNOWN,0.0001,0.0001,0.0003,0.0164,0.0005,0.0024,0.1134,0.0001,0.0031
20191112035,0.9996,0.0174,0.9822,1,Working at Height,HIGH,ACCEPT_MODEL_PREDICTED,MODEL_PREDICTED,0.0,0.0004,0.0041,0.0174,0.0005,0.0001,0.0037,0.0027,0.9996
20191112038,0.0174,0.0004,0.017,0,NONE,NO_PREDICTION,REJECTED_ZERO_LABELS,UNKNOWN,0.0001,0.0,0.0001,0.0001,0.0001,0.0174,0.0004,0.0,0.0002
20191112075,0.9304,0.1969,0.7335,1,Working at Height,HIGH,ACCEPT_MODEL_PREDICTED,MODEL_PREDICTED,0.0,0.0004,0.002,0.0033,0.0059,0.0,0.1969,0.0385,0.9304
20191112077,0.9904,0.0379,0.9525,1,Working at Height,HIGH,ACCEPT_MODEL_PREDICTED,MODEL_PREDICTED,0.0012,0.0029,0.0379,0.0079,0.0047,0.0175,0.0109,0.0058,0.9904
20191112100,0.9626,0.577,0.3856,2,Driving | Safe Mechanical Lifting,HIGH,ACCEPT_MODEL_PREDICTED,MODEL_PREDICTED,0.0012,0.0015,0.9626,0.004,0.0081,0.0011,0.577,0.0165,0.0116
20191112104,0.4234,0.406,0.0174,2,Energy Isolation | Safe Mechanical Lifting,LOW,REJECTED_LOW_CONFIDENCE,UNKNOWN,0.0003,0.0008,0.0005,0.4234,0.0011,0.0001,0.406,0.0127,0.012
20191112105,0.9744,0.0073,0.9671,1,Hot Work,HIGH,ACCEPT_MODEL_PREDICTED,MODEL_PREDICTED,0.0,0.0073,0.0,0.006,0.9744,0.0001,0.0004,0.0055,0.0
20191112143,0.6809,0.0888,0.5921,1,Safe Mechanical Lifting,MEDIUM,SENT_TO_HUMAN_REVIEW,UNKNOWN,0.0002,0.0,0.0007,0.0888,0.0014,0.0143,0.6809,0.0002,0.0011
20191112157,0.1101,0.0776,0.0325,0,NONE,NO_PREDICTION,REJECTED_ZERO_LABELS,UNKNOWN,0.0003,0.0001,0.0002,0.0776,0.0001,0.0028,0.1101,0.0002,0.0001
20191112166,0.9981,0.0117,0.9864,1,Hot Work,HIGH,ACCEPT_MODEL_PREDICTED,MODEL_PREDICTED,0.0,0.0117,0.0,0.0053,0.9981,0.0003,0.0001,0.0019,0.0016
20191112229,0.1008,0.053,0.0478,0,NONE,NO_PREDICTION,REJECTED_ZERO_LABELS,UNKNOWN,0.0001,0.0,0.0003,0.0001,0.0,0.053,0.1008,0.0,0.0016
20191112250,0.0192,0.0012,0.018,0,NONE,NO_PREDICTION,REJECTED_ZERO_LABELS,UNKNOWN,0.0001,0.0001,0.0009,0.0012,0.0001,0.0003,0.0192,0.0011,0.0007
20191112331,0.0007,0.0002,0.0005,0,NONE,NO_PREDICTION,REJECTED_ZERO_LABELS,UNKNOWN,0.0,0.0,0.0,0.0002,0.0002,0.0,0.0007,0.0,0.0
20191212354,0.001,0.0007,0.0003,0,NONE,NO_PREDICTION,REJECTED_ZERO_LABELS,UNKNOWN,0.0,0.0,0.001,0.0007,0.0,0.0002,0.0,0.0,0.0006
20191212481,0.0177,0.0156,0.0021,0,NONE,NO_PREDICTION,REJECTED_ZERO_LABELS,UNKNOWN,0.0004,0.0002,0.0177,0.0038,0.0,0.0156,0.0076,0.0001,0.001
20191212527,0.0015,0.0008,0.0007,0,NONE,NO_PREDICTION,REJECTED_ZERO_LABELS,UNKNOWN,0.0,0.0,0.0004,0.0,0.0008,0.0,0.0015,0.0,0.0006
20191212565,0.0082,0.0038,0.0044,0,NONE,NO_PREDICTION,REJECTED_ZERO_LABELS,UNKNOWN,0.0,0.0006,0.0003,0.0038,0.0005,0.0,0.0007,0.0082,0.0002
20191212594,0.9999,0.0514,0.9485,1,Hot Work,HIGH,ACCEPT_MODEL_PREDICTED,MODEL_PREDICTED,0.0,0.0514,0.0001,0.0006,0.9999,0.0003,0.002,0.0241,0.0001
20191212604,0.4795,0.065,0.4145,1,Hot Work,MEDIUM,SENT_TO_HUMAN_REVIEW,UNKNOWN,0.0005,0.065,0.0005,0.0102,0.4795,0.0009,0.0001,0.0337,0.0002
20191212619,0.7155,0.0247,0.6908,1,Safe Mechanical Lifting,HIGH,ACCEPT_MODEL_PREDICTED,MODEL_PREDICTED,0.0001,0.0,0.0004,0.0005,0.0002,0.0247,0.7155,0.0,0.0001
20191212656,0.0275,0.0011,0.0264,0,NONE,NO_PREDICTION,REJECTED_ZERO_LABELS,UNKNOWN,0.0,0.0003,0.0001,0.0008,0.0002,0.0,0.0001,0.0011,0.0275
20191212660,0.9973,0.0167,0.9806,1,Driving,HIGH,ACCEPT_MODEL_PREDICTED,MODEL_PREDICTED,0.0016,0.0011,0.9973,0.0019,0.0009,0.0004,0.0007,0.002,0.0167
20191212667,0.0251,0.0193,0.0058,0,NONE,NO_PREDICTION,REJECTED_ZERO_LABELS,UNKNOWN,0.0,0.0009,0.0,0.0193,0.0251,0.0001,0.0164,0.0031,0.0
20191212678,0.413,0.1556,0.2574,1,Driving,LOW,REJECTED_LOW_CONFIDENCE,UNKNOWN,0.0003,0.0003,0.413,0.0123,0.0,0.0005,0.0002,0.0002,0.1556
20191212710,0.059,0.004,0.055,0,NONE,NO_PREDICTION,REJECTED_ZERO_LABELS,UNKNOWN,0.0,0.0001,0.0006,0.0002,0.0036,0.0032,0.004,0.0001,0.059
20191212712,0.0169,0.0074,0.0095,0,NONE,NO_PREDICTION,REJECTED_ZERO_LABELS,UNKNOWN,0.0001,0.0007,0.0001,0.0169,0.0074,0.0001,0.0072,0.0006,0.0
20191212785,0.3535,0.0018,0.3517,0,NONE,NO_PREDICTION,REJECTED_ZERO_LABELS,UNKNOWN,0.0,0.0018,0.0,0.0002,0.3535,0.0002,0.0004,0.0008,0.0002
20191212788,0.9992,0.0359,0.9633,1,Safe Mechanical Lifting,HIGH,ACCEPT_MODEL_PREDICTED,MODEL_PREDICTED,0.0003,0.0001,0.0033,0.0359,0.001,0.0106,0.9992,0.0024,0.0027
20191212817,0.0011,0.0006,0.0005,0,NONE,NO_PREDICTION,REJECTED_ZERO_LABELS,UNKNOWN,0.0,0.0001,0.0,0.0011,0.0006,0.0,0.0001,0.0001,0.0006
20191212860,0.0006,0.0005,0.0001,0,NONE,NO_PREDICTION,REJECTED_ZERO_LABELS,UNKNOWN,0.0,0.0,0.0006,0.0,0.0001,0.0005,0.0001,0.0,0.0001
20191212889,0.9793,0.0633,0.916,1,Hot Work,HIGH,ACCEPT_MODEL_PREDICTED,MODEL_PREDICTED,0.0001,0.0107,0.0001,0.0062,0.9793,0.0004,0.0633,0.008,0.0006
20191212965,0.0058,0.005,0.0008,0,NONE,NO_PREDICTION,REJECTED_ZERO_LABELS,UNKNOWN,0.0,0.0002,0.0,0.0058,0.005,0.0002,0.0,0.0,0.0032
20191213002,0.0087,0.0027,0.006,0,NONE,NO_PREDICTION,REJECTED_ZERO_LABELS,UNKNOWN,0.0,0.0,0.0,0.0027,0.0001,0.0087,0.001,0.0,0.002
20191213024,0.9622,0.0209,0.9413,1,Energy Isolation,HIGH,ACCEPT_MODEL_PREDICTED,MODEL_PREDICTED,0.0004,0.0048,0.0,0.9622,0.0209,0.0002,0.0002,0.0007,0.0007
20191213083,0.0151,0.0104,0.0047,0,NONE,NO_PREDICTION,REJECTED_ZERO_LABELS,UNKNOWN,0.0002,0.0104,0.0005,0.0057,0.0072,0.0001,0.0,0.0151,0.0001
20191213108,0.9287,0.5658,0.3629,4,Hot Work | Work Authorization | Energy Isolation | Safe Mechanical Lifting,HIGH,ACCEPT_MODEL_PREDICTED,MODEL_PREDICTED,0.004,0.3038,0.0105,0.49,0.9287,0.0019,0.4227,0.5658,0.0031
20191213118,0.0682,0.0294,0.0388,0,NONE,NO_PREDICTION,REJECTED_ZERO_LABELS,UNKNOWN,0.0001,0.0001,0.0001,0.0682,0.001,0.0023,0.0294,0.0002,0.0061
20191213134,0.0019,0.001,0.0009,0,NONE,NO_PREDICTION,REJECTED_ZERO_LABELS,UNKNOWN,0.0001,0.0001,0.0002,0.001,0.0002,0.0005,0.0019,0.0004,0.0002
20191213168,0.0669,0.0201,0.0468,0,NONE,NO_PREDICTION,REJECTED_ZERO_LABELS,UNKNOWN,0.0017,0.0035,0.0669,0.0012,0.0197,0.018,0.0201,0.0023,0.0002
20191213223,0.0029,0.001,0.0019,0,NONE,NO_PREDICTION,REJECTED_ZERO_LABELS,UNKNOWN,0.0,0.0002,0.001,0.0001,0.0029,0.0002,0.0,0.0001,0.0001
20191213261,0.0002,0.0001,0.0001,0,NONE,NO_PREDICTION,REJECTED_ZERO_LABELS,UNKNOWN,0.0,0.0,0.0001,0.0001,0.0001,0.0,0.0002,0.0001,0.0
20191213263,0.9948,0.0277,0.9671,1,Working at Height,HIGH,ACCEPT_MODEL_PREDICTED,MODEL_PREDICTED,0.0005,0.0014,0.0036,0.0277,0.0134,0.0185,0.0009,0.002,0.9948
20191213278,0.0594,0.002,0.0574,0,NONE,NO_PREDICTION,REJECTED_ZERO_LABELS,UNKNOWN,0.0,0.0007,0.0001,0.0019,0.0594,0.0001,0.0012,0.0014,0.002
20191213300,0.9996,0.9537,0.0459,2,Safe Mechanical Lifting | Driving,MEDIUM,SENT_TO_HUMAN_REVIEW,UNKNOWN,0.0133,0.0027,0.9537,0.2388,0.0124,0.0917,0.9996,0.1021,0.0159
20191213304,0.0021,0.0019,0.0002,0,NONE,NO_PREDICTION,REJECTED_ZERO_LABELS,UNKNOWN,0.0,0.0,0.0001,0.0021,0.0001,0.0001,0.0019,0.0,0.0
2020010039,0.0018,0.0007,0.0011,0,NONE,NO_PREDICTION,REJECTED_ZERO_LABELS,UNKNOWN,0.0,0.0001,0.0007,0.0002,0.0,0.0001,0.0005,0.0001,0.0018
2020010052,0.0071,0.0025,0.0046,0,NONE,NO_PREDICTION,REJECTED_ZERO_LABELS,UNKNOWN,0.0002,0.0005,0.0003,0.0007,0.0025,0.0012,0.0025,0.0014,0.0071
2020010094,0.4261,0.1561,0.27,0,NONE,NO_PREDICTION,REJECTED_ZERO_LABELS,UNKNOWN,0.0004,0.1561,0.001,0.0016,0.0456,0.0,0.0012,0.4261,0.0008
2020010095,0.0001,0.0001,0.0,0,NONE,NO_PREDICTION,REJECTED_ZERO_LABELS,UNKNOWN,0.0,0.0,0.0001,0.0,0.0,0.0,0.0001,0.0,0.0
2020010132,0.1961,0.0037,0.1924,0,NONE,NO_PREDICTION,REJECTED_ZERO_LABELS,UNKNOWN,0.0003,0.0026,0.0,0.1961,0.0037,0.0002,0.0023,0.0026,0.0
2020010186,0.9529,0.2275,0.7254,1,Safe Mechanical Lifting,HIGH,ACCEPT_MODEL_PREDICTED,MODEL_PREDICTED,0.0,0.0002,0.0001,0.2275,0.0189,0.0002,0.9529,0.0039,0.0001
2020010220,0.6628,0.0507,0.6121,1,Safe Mechanical Lifting,MEDIUM,SENT_TO_HUMAN_REVIEW,UNKNOWN,0.0013,0.0023,0.0195,0.041,0.0005,0.002,0.6628,0.0507,0.0012
2020010221,0.0199,0.0005,0.0194,0,NONE,NO_PREDICTION,REJECTED_ZERO_LABELS,UNKNOWN,0.0,0.0,0.0001,0.0,0.0,0.0199,0.0005,0.0,0.0002
2020010223,0.0757,0.002,0.0737,0,NONE,NO_PREDICTION,REJECTED_ZERO_LABELS,UNKNOWN,0.0002,0.0002,0.0,0.0018,0.0001,0.002,0.0757,0.002,0.0005
2020010240,0.9829,0.0284,0.9545,1,Energy Isolation,HIGH,ACCEPT_MODEL_PREDICTED,MODEL_PREDICTED,0.0031,0.0284,0.0002,0.9829,0.0032,0.0006,0.0003,0.0069,0.0025
2020010270,0.9787,0.3191,0.6596,2,Driving | Safe Mechanical Lifting,HIGH,ACCEPT_MODEL_PREDICTED,MODEL_PREDICTED,0.0032,0.0007,0.9787,0.0087,0.0001,0.0084,0.3191,0.0043,0.0566
2020010290,0.4164,0.0323,0.3841,1,Driving,LOW,REJECTED_LOW_CONFIDENCE,UNKNOWN,0.0006,0.0002,0.4164,0.0002,0.0,0.0323,0.0022,0.0001,0.0014
2020010298,0.9928,0.0102,0.9826,1,Safe Mechanical Lifting,HIGH,ACCEPT_MODEL_PREDICTED,MODEL_PREDICTED,0.0001,0.0,0.0004,0.0102,0.0001,0.0083,0.9928,0.0003,0.005
2020010304,0.3412,0.2557,0.0855,0,NONE,NO_PREDICTION,REJECTED_ZERO_LABELS,UNKNOWN,0.0018,0.1861,0.0776,0.0045,0.3412,0.0008,0.0073,0.2557,0.0072
2020010341,0.0196,0.0055,0.0141,0,NONE,NO_PREDICTION,REJECTED_ZERO_LABELS,UNKNOWN,0.0001,0.0008,0.0001,0.0001,0.0196,0.0004,0.0055,0.004,0.0
2020010353,0.9318,0.1072,0.8246,1,Working at Height,HIGH,ACCEPT_MODEL_PREDICTED,MODEL_PREDICTED,0.0,0.0001,0.0012,0.0082,0.0029,0.0024,0.1072,0.0005,0.9318
2020010360,0.3112,0.1015,0.2097,1,Safe Mechanical Lifting,LOW,REJECTED_LOW_CONFIDENCE,UNKNOWN,0.0001,0.0018,0.0001,0.1015,0.0846,0.0006,0.3112,0.0072,0.0001
2020010405,0.7596,0.1981,0.5615,1,Driving,HIGH,ACCEPT_MODEL_PREDICTED,MODEL_PREDICTED,0.0369,0.0262,0.7596,0.1981,0.0002,0.0105,0.0529,0.0442,0.0786
2020010446,0.0493,0.0419,0.0074,0,NONE,NO_PREDICTION,REJECTED_ZERO_LABELS,UNKNOWN,0.0006,0.0006,0.0003,0.0493,0.0004,0.0419,0.003,0.0001,0.0008
2020010457,0.0771,0.0029,0.0742,0,NONE,NO_PREDICTION,REJECTED_ZERO_LABELS,UNKNOWN,0.0,0.0003,0.0001,0.0022,0.0029,0.0,0.0002,0.0011,0.0771
2020010556,0.004,0.0011,0.0029,0,NONE,NO_PREDICTION,REJECTED_ZERO_LABELS,UNKNOWN,0.0,0.0,0.0,0.0011,0.0001,0.004,0.0003,0.0,0.0
2020010577,0.9761,0.9633,0.0128,2,Working at Height | Driving,MEDIUM,SENT_TO_HUMAN_REVIEW,UNKNOWN,0.0016,0.0015,0.9633,0.0205,0.0038,0.0054,0.0247,0.0077,0.9761
2020010604,0.0042,0.0009,0.0033,0,NONE,NO_PREDICTION,REJECTED_ZERO_LABELS,UNKNOWN,0.0001,0.0001,0.0001,0.0004,0.0009,0.0042,0.0,0.0,0.0003
2020010637,0.0012,0.0004,0.0008,0,NONE,NO_PREDICTION,REJECTED_ZERO_LABELS,UNKNOWN,0.0001,0.0001,0.0,0.0012,0.0,0.0004,0.0003,0.0,0.0001
2020010657,0.9998,0.0812,0.9186,1,Hot Work,HIGH,ACCEPT_MODEL_PREDICTED,MODEL_PREDICTED,0.0,0.0812,0.0001,0.0047,0.9998,0.001,0.0002,0.0068,0.0003
2020010717,0.0614,0.0152,0.0462,0,NONE,NO_PREDICTION,REJECTED_ZERO_LABELS,UNKNOWN,0.0,0.0008,0.0081,0.0099,0.0614,0.0001,0.0001,0.0006,0.0152
2020010759,0.0187,0.0072,0.0115,0,NONE,NO_PREDICTION,REJECTED_ZERO_LABELS,UNKNOWN,0.0001,0.0003,0.0072,0.0008,0.0001,0.0006,0.0001,0.0001,0.0187
2020010772,0.7926,0.0905,0.7021,1,Safe Mechanical Lifting,HIGH,ACCEPT_MODEL_PREDICTED,MODEL_PREDICTED,0.0001,0.0004,0.0009,0.0037,0.0905,0.0005,0.7926,0.005,0.0003
2020010781,0.0358,0.0185,0.0173,0,NONE,NO_PREDICTION,REJECTED_ZERO_LABELS,UNKNOWN,0.0018,0.0021,0.0004,0.0185,0.0003,0.0358,0.0012,0.0005,0.0109
2020010794,0.7702,0.2088,0.5614,1,Hot Work,HIGH,ACCEPT_MODEL_PREDICTED,MODEL_PREDICTED,0.0002,0.0337,0.0,0.2088,0.7702,0.0001,0.0004,0.0324,0.0014
2020021104,0.9905,0.3497,0.6408,2,Safe Mechanical Lifting | Driving,HIGH,ACCEPT_MODEL_PREDICTED,MODEL_PREDICTED,0.0004,0.001,0.3497,0.0016,0.0043,0.0006,0.9905,0.0605,0.002
2020021105,0.9993,0.0071,0.9922,1,Working at Height,HIGH,ACCEPT_MODEL_PREDICTED,MODEL_PREDICTED,0.0001,0.0002,0.0071,0.002,0.0007,0.0006,0.0015,0.0012,0.9993
2020021186,0.9005,0.0439,0.8566,1,Energy Isolation,HIGH,ACCEPT_MODEL_PREDICTED,MODEL_PREDICTED,0.0011,0.0439,0.0023,0.9005,0.0172,0.0,0.0003,0.0093,0.0006
2020021190,0.0013,0.0009,0.0004,0,NONE,NO_PREDICTION,REJECTED_ZERO_LABELS,UNKNOWN,0.0,0.0003,0.0002,0.0013,0.0003,0.0,0.0,0.0001,0.0009
2020021231,0.0016,0.001,0.0006,0,NONE,NO_PREDICTION,REJECTED_ZERO_LABELS,UNKNOWN,0.0,0.0001,0.0001,0.0016,0.0001,0.0,0.001,0.0006,0.0
2020021291,0.0006,0.0005,0.0001,0,NONE,NO_PREDICTION,REJECTED_ZERO_LABELS,UNKNOWN,0.0,0.0,0.0,0.0001,0.0005,0.0,0.0006,0.0003,0.0003
2020021314,0.0034,0.0015,0.0019,0,NONE,NO_PREDICTION,REJECTED_ZERO_LABELS,UNKNOWN,0.0002,0.0002,0.0014,0.0013,0.0001,0.0015,0.0034,0.0002,0.0
2020021315,0.305,0.2316,0.0734,0,NONE,NO_PREDICTION,REJECTED_ZERO_LABELS,UNKNOWN,0.0001,0.0249,0.0002,0.0253,0.305,0.0,0.0174,0.2316,0.0037
2020021322,0.9999,0.323,0.6769,2,Safe Mechanical Lifting | Driving,HIGH,ACCEPT_MODEL_PREDICTED,MODEL_PREDICTED,0.0058,0.0014,0.323,0.1404,0.0034,0.0227,0.9999,0.0534,0.1372
2020021323,0.9296,0.1614,0.7682,1,Energy Isolation,HIGH,ACCEPT_MODEL_PREDICTED,MODEL_PREDICTED,0.0036,0.005,0.0009,0.9296,0.0002,0.001,0.0,0.0008,0.1614
2020021385,0.9903,0.9813,0.009,2,Energy Isolation | Safe Mechanical Lifting,MEDIUM,SENT_TO_HUMAN_REVIEW,UNKNOWN,0.0072,0.0328,0.0112,0.9903,0.1275,0.0243,0.9813,0.0347,0.1185
2020021387,0.9982,0.9761,0.0221,2,Driving | Safe Mechanical Lifting,MEDIUM,SENT_TO_HUMAN_REVIEW,UNKNOWN,0.0062,0.0011,0.9982,0.0393,0.0119,0.0232,0.9761,0.034,0.0484
2020021532,0.9938,0.1237,0.8701,1,Safe Mechanical Lifting,HIGH,ACCEPT_MODEL_PREDICTED,MODEL_PREDICTED,0.0007,0.0001,0.0322,0.0028,0.0004,0.1237,0.9938,0.0007,0.001
2020021548,0.0247,0.0037,0.021,0,NONE,NO_PREDICTION,REJECTED_ZERO_LABELS,UNKNOWN,0.0,0.0012,0.0001,0.0004,0.0247,0.0005,0.0001,0.0004,0.0037
2020021553,0.9949,0.9872,0.0077,2,Safe Mechanical Lifting | Driving,MEDIUM,SENT_TO_HUMAN_REVIEW,UNKNOWN,0.0007,0.0002,0.9872,0.0027,0.003,0.009,0.9949,0.0094,0.0245
2020021604,0.3513,0.3251,0.0262,2,Safe Mechanical Lifting | Energy Isolation,LOW,REJECTED_LOW_CONFIDENCE,UNKNOWN,0.0002,0.0002,0.0011,0.3251,0.0132,0.0008,0.3513,0.0007,0.1965
2020021613,0.0709,0.0168,0.0541,0,NONE,NO_PREDICTION,REJECTED_ZERO_LABELS,UNKNOWN,0.0001,0.0002,0.0027,0.0709,0.0003,0.0007,0.0168,0.0003,0.0047
2020021643,0.0001,0.0001,0.0,0,NONE,NO_PREDICTION,REJECTED_ZERO_LABELS,UNKNOWN,0.0,0.0,0.0001,0.0001,0.0,0.0001,0.0001,0.0,0.0
2020021724,0.9952,0.0087,0.9865,1,Line of Fire,HIGH,ACCEPT_MODEL_PREDICTED,MODEL_PREDICTED,0.0035,0.0004,0.0006,0.0029,0.0063,0.9952,0.0087,0.0,0.001
2020021725,0.0035,0.001,0.0025,0,NONE,NO_PREDICTION,REJECTED_ZERO_LABELS,UNKNOWN,0.0,0.0001,0.0035,0.0,0.0,0.0003,0.0005,0.0001,0.001
2020021745,0.9589,0.8333,0.1256,2,Driving | Working at Height,MEDIUM,SENT_TO_HUMAN_REVIEW,UNKNOWN,0.0088,0.0131,0.9589,0.0064,0.0049,0.0851,0.0245,0.0094,0.8333
2020021775,0.0619,0.001,0.0609,0,NONE,NO_PREDICTION,REJECTED_ZERO_LABELS,UNKNOWN,0.0,0.0,0.001,0.0,0.0004,0.0004,0.0002,0.0001,0.0619
2020021794,0.2089,0.0135,0.1954,0,NONE,NO_PREDICTION,REJECTED_ZERO_LABELS,UNKNOWN,0.0,0.0,0.0007,0.0008,0.0,0.0006,0.0135,0.0001,0.2089
2020021800,0.9846,0.4373,0.5473,2,Driving | Working at Height,HIGH,ACCEPT_MODEL_PREDICTED,MODEL_PREDICTED,0.0388,0.0573,0.9846,0.0367,0.021,0.0322,0.0021,0.0465,0.4373
2020021821,0.1264,0.0822,0.0442,0,NONE,NO_PREDICTION,REJECTED_ZERO_LABELS,UNKNOWN,0.0001,0.0216,0.0,0.1264,0.0822,0.0001,0.0,0.0022,0.0001
2020021856,0.1053,0.0227,0.0826,0,NONE,NO_PREDICTION,REJECTED_ZERO_LABELS,UNKNOWN,0.0003,0.0002,0.0001,0.1053,0.0002,0.003,0.0001,0.0001,0.0227
2020021857,0.0119,0.0035,0.0084,0,NONE,NO_PREDICTION,REJECTED_ZERO_LABELS,UNKNOWN,0.0,0.0,0.0001,0.0,0.0001,0.0001,0.0035,0.0,0.0119
2020021871,0.0101,0.0058,0.0043,0,NONE,NO_PREDICTION,REJECTED_ZERO_LABELS,UNKNOWN,0.0001,0.0004,0.0001,0.0058,0.0005,0.0001,0.0022,0.0018,0.0101
2020021922,0.001,0.0005,0.0005,0,NONE,NO_PREDICTION,REJECTED_ZERO_LABELS,UNKNOWN,0.0001,0.0001,0.001,0.0,0.0,0.0002,0.0004,0.0003,0.0005
2020021951,0.7236,0.5484,0.1752,3,Confined Space | Work Authorization | Energy Isolation,HIGH,ACCEPT_MODEL_PREDICTED,MODEL_PREDICTED,0.0244,0.7236,0.0241,0.4881,0.0606,0.0031,0.0017,0.5484,0.0012
2020032012,0.0431,0.0203,0.0228,0,NONE,NO_PREDICTION,REJECTED_ZERO_LABELS,UNKNOWN,0.0001,0.0001,0.0183,0.0001,0.0006,0.0203,0.0116,0.0001,0.0431
2020032021,0.996,0.0357,0.9603,1,Safe Mechanical Lifting,HIGH,ACCEPT_MODEL_PREDICTED,MODEL_PREDICTED,0.0005,0.0001,0.012,0.0357,0.0039,0.0112,0.996,0.0046,0.0096
2020032040,0.5306,0.0701,0.4605,1,Energy Isolation,MEDIUM,SENT_TO_HUMAN_REVIEW,UNKNOWN,0.0006,0.0003,0.0,0.5306,0.0197,0.0701,0.0018,0.0,0.0006
2020032058,0.0618,0.0076,0.0542,0,NONE,NO_PREDICTION,REJECTED_ZERO_LABELS,UNKNOWN,0.0,0.0,0.0,0.0021,0.0007,0.0002,0.0076,0.0001,0.0618
2020032071,0.0021,0.0011,0.001,0,NONE,NO_PREDICTION,REJECTED_ZERO_LABELS,UNKNOWN,0.0,0.0001,0.0005,0.0011,0.0001,0.0002,0.0021,0.0001,0.0011
2020032237,0.0032,0.0001,0.0031,0,NONE,NO_PREDICTION,REJECTED_ZERO_LABELS,UNKNOWN,0.0,0.0,0.0,0.0,0.0,0.0,0.0032,0.0,0.0001
2020032242,0.401,0.2892,0.1118,0,NONE,NO_PREDICTION,REJECTED_ZERO_LABELS,UNKNOWN,0.0005,0.0387,0.0024,0.0009,0.401,0.0004,0.0324,0.2892,0.0004
2020032253,0.0952,0.0047,0.0905,0,NONE,NO_PREDICTION,REJECTED_ZERO_LABELS,UNKNOWN,0.0,0.0,0.0001,0.0047,0.0001,0.0008,0.0952,0.0001,0.0004
2020032270,0.7861,0.6046,0.1815,2,Energy Isolation | Working at Height,HIGH,ACCEPT_MODEL_PREDICTED,MODEL_PREDICTED,0.0147,0.1016,0.2455,0.7861,0.0064,0.0141,0.0003,0.02,0.6046
2020032273,0.6977,0.3157,0.382,1,Work Authorization,MEDIUM,SENT_TO_HUMAN_REVIEW,UNKNOWN,0.011,0.3157,0.0322,0.0022,0.0031,0.0026,0.0416,0.6977,0.0003
2020032289,0.8438,0.0055,0.8383,1,Driving,HIGH,ACCEPT_MODEL_PREDICTED,MODEL_PREDICTED,0.0002,0.0002,0.8438,0.0001,0.0002,0.0015,0.0055,0.0004,0.0002
2020032324,0.9885,0.0413,0.9472,1,Line of Fire,HIGH,ACCEPT_MODEL_PREDICTED,MODEL_PREDICTED,0.0158,0.0024,0.0229,0.0101,0.0008,0.9885,0.0413,0.0002,0.0253
2020032338,0.9993,0.0262,0.9731,1,Energy Isolation,HIGH,ACCEPT_MODEL_PREDICTED,MODEL_PREDICTED,0.0061,0.0043,0.0002,0.9993,0.0019,0.0047,0.001,0.0006,0.0262
2020032380,0.0141,0.0032,0.0109,0,NONE,NO_PREDICTION,REJECTED_ZERO_LABELS,UNKNOWN,0.0,0.0001,0.0,0.0032,0.0,0.0002,0.0,0.0,0.0141
2020032386,0.0152,0.0114,0.0038,0,NONE,NO_PREDICTION,REJECTED_ZERO_LABELS,UNKNOWN,0.0001,0.0,0.0,0.0065,0.0001,0.0152,0.0114,0.0,0.0
2020032391,0.9999,0.0204,0.9795,1,Safe Mechanical Lifting,HIGH,ACCEPT_MODEL_PREDICTED,MODEL_PREDICTED,0.0004,0.0001,0.0204,0.0106,0.003,0.0179,0.9999,0.0063,0.009
2020032408,0.1153,0.0013,0.114,0,NONE,NO_PREDICTION,REJECTED_ZERO_LABELS,UNKNOWN,0.0,0.0,0.0004,0.0,0.0001,0.0013,0.0007,0.0,0.1153
2020032430,0.3157,0.002,0.3137,1,Safe Mechanical Lifting,LOW,REJECTED_LOW_CONFIDENCE,UNKNOWN,0.0,0.0,0.0004,0.0008,0.0001,0.002,0.3157,0.0002,0.0019
2020032520,0.0211,0.0006,0.0205,0,NONE,NO_PREDICTION,REJECTED_ZERO_LABELS,UNKNOWN,0.0,0.0003,0.0,0.0211,0.0006,0.0,0.0002,0.0005,0.0001
2020032596,0.8895,0.3277,0.5618,2,Safe Mechanical Lifting | Line of Fire,HIGH,ACCEPT_MODEL_PREDICTED,MODEL_PREDICTED,0.0002,0.0001,0.0008,0.0015,0.0034,0.3277,0.8895,0.0003,0.2304
2020032606,0.1952,0.0429,0.1523,0,NONE,NO_PREDICTION,REJECTED_ZERO_LABELS,UNKNOWN,0.0,0.0,0.0024,0.0002,0.0004,0.0001,0.0429,0.0005,0.1952
2020032643,0.9997,0.0447,0.955,1,Driving,HIGH,ACCEPT_MODEL_PREDICTED,MODEL_PREDICTED,0.0046,0.0024,0.9997,0.0011,0.003,0.0103,0.0016,0.0026,0.0447
2020032675,0.2041,0.0056,0.1985,0,NONE,NO_PREDICTION,REJECTED_ZERO_LABELS,UNKNOWN,0.0001,0.0008,0.0056,0.0018,0.0012,0.0002,0.0001,0.0003,0.2041
2020032683,0.0186,0.0024,0.0162,0,NONE,NO_PREDICTION,REJECTED_ZERO_LABELS,UNKNOWN,0.0002,0.0007,0.0003,0.0186,0.0001,0.0,0.0002,0.0019,0.0024
2020032696,0.0056,0.0015,0.0041,0,NONE,NO_PREDICTION,REJECTED_ZERO_LABELS,UNKNOWN,0.0,0.0,0.0,0.0056,0.0,0.0001,0.0015,0.0,0.0002
2020032750,0.0382,0.0108,0.0274,0,NONE,NO_PREDICTION,REJECTED_ZERO_LABELS,UNKNOWN,0.0001,0.0003,0.0,0.0108,0.0382,0.005,0.0037,0.0002,0.0
2020032754,0.1466,0.0019,0.1447,0,NONE,NO_PREDICTION,REJECTED_ZERO_LABELS,UNKNOWN,0.0001,0.0001,0.0008,0.0011,0.0,0.0019,0.1466,0.0004,0.0008
2020032765,0.1838,0.1301,0.0537,0,NONE,NO_PREDICTION,REJECTED_ZERO_LABELS,UNKNOWN,0.0004,0.0459,0.0033,0.1838,0.0796,0.0,0.0018,0.1301,0.0001
2020043024,0.462,0.2279,0.2341,1,Energy Isolation,MEDIUM,SENT_TO_HUMAN_REVIEW,UNKNOWN,0.0009,0.0628,0.0018,0.462,0.1269,0.0001,0.0442,0.2279,0.0004
2020043030,0.9997,0.0206,0.9791,1,Energy Isolation,HIGH,ACCEPT_MODEL_PREDICTED,MODEL_PREDICTED,0.0162,0.0206,0.0005,0.9997,0.0038,0.0018,0.0004,0.0011,0.0063
2020043058,0.0295,0.0057,0.0238,0,NONE,NO_PREDICTION,REJECTED_ZERO_LABELS,UNKNOWN,0.0001,0.0003,0.0057,0.0001,0.0001,0.0003,0.0295,0.0025,0.0005
2020043073,0.0067,0.0065,0.0002,0,NONE,NO_PREDICTION,REJECTED_ZERO_LABELS,UNKNOWN,0.0001,0.0001,0.0004,0.0065,0.0001,0.0003,0.0067,0.0003,0.0007
2020043090,0.0054,0.0011,0.0043,0,NONE,NO_PREDICTION,REJECTED_ZERO_LABELS,UNKNOWN,0.0,0.0,0.0,0.0003,0.0054,0.0001,0.0011,0.0,0.0
2020043156,0.98,0.11,0.87,1,Working at Height,HIGH,ACCEPT_MODEL_PREDICTED,MODEL_PREDICTED,0.0004,0.0024,0.11,0.0945,0.0071,0.001,0.0013,0.0026,0.98
2020043161,0.9909,0.5039,0.487,3,Energy Isolation | Confined Space | Working at Height,HIGH,ACCEPT_MODEL_PREDICTED,MODEL_PREDICTED,0.1019,0.5039,0.0626,0.9909,0.0809,0.0042,0.0118,0.2614,0.2556
2020043208,0.9863,0.9725,0.0138,2,Driving | Working at Height,MEDIUM,SENT_TO_HUMAN_REVIEW,UNKNOWN,0.0003,0.0002,0.9863,0.0012,0.0009,0.0024,0.0554,0.0006,0.9725
2020043303,0.9318,0.7445,0.1873,2,Hot Work | Energy Isolation,HIGH,ACCEPT_MODEL_PREDICTED,MODEL_PREDICTED,0.0004,0.0354,0.0001,0.7445,0.9318,0.0008,0.0052,0.0077,0.0001
2020043399,0.4803,0.0072,0.4731,1,Working at Height,MEDIUM,SENT_TO_HUMAN_REVIEW,UNKNOWN,0.0,0.0001,0.0002,0.0072,0.0001,0.0001,0.0003,0.0004,0.4803
2020043401,0.9916,0.0613,0.9303,1,Working at Height,HIGH,ACCEPT_MODEL_PREDICTED,MODEL_PREDICTED,0.0019,0.0107,0.0122,0.0613,0.0057,0.0073,0.0017,0.0129,0.9916
2020043482,0.0217,0.0012,0.0205,0,NONE,NO_PREDICTION,REJECTED_ZERO_LABELS,UNKNOWN,0.0001,0.0003,0.0,0.0217,0.0002,0.0012,0.0001,0.0001,0.0
2020043494,0.0009,0.0003,0.0006,0,NONE,NO_PREDICTION,REJECTED_ZERO_LABELS,UNKNOWN,0.0,0.0,0.0,0.0,0.0003,0.0,0.0009,0.0,0.0
2020043632,0.9672,0.089,0.8782,1,Safe Mechanical Lifting,HIGH,ACCEPT_MODEL_PREDICTED,MODEL_PREDICTED,0.0004,0.0018,0.0022,0.0361,0.0733,0.0045,0.9672,0.017,0.089
2020043758,0.9967,0.0185,0.9782,1,Line of Fire,HIGH,ACCEPT_MODEL_PREDICTED,MODEL_PREDICTED,0.0038,0.0003,0.0018,0.0125,0.0012,0.9967,0.0185,0.0,0.0055
2020043776,0.9463,0.1166,0.8297,1,Energy Isolation,HIGH,ACCEPT_MODEL_PREDICTED,MODEL_PREDICTED,0.0007,0.0077,0.0006,0.9463,0.1166,0.001,0.0532,0.01,0.0004
2020043778,0.0718,0.0048,0.067,0,NONE,NO_PREDICTION,REJECTED_ZERO_LABELS,UNKNOWN,0.0005,0.0038,0.0008,0.0718,0.0048,0.0012,0.0005,0.0006,0.0
2020043804,0.0803,0.003,0.0773,0,NONE,NO_PREDICTION,REJECTED_ZERO_LABELS,UNKNOWN,0.0,0.0004,0.0,0.003,0.0803,0.0002,0.0002,0.0003,0.0002
2020043896,0.041,0.0074,0.0336,0,NONE,NO_PREDICTION,REJECTED_ZERO_LABELS,UNKNOWN,0.0001,0.0001,0.0,0.041,0.0,0.0074,0.0,0.0,0.0003
2020043906,0.999,0.9944,0.0046,2,Safe Mechanical Lifting | Line of Fire,MEDIUM,SENT_TO_HUMAN_REVIEW,UNKNOWN,0.0053,0.0004,0.009,0.0394,0.0065,0.9944,0.999,0.0002,0.027
2020043974,0.0003,0.0002,0.0001,0,NONE,NO_PREDICTION,REJECTED_ZERO_LABELS,UNKNOWN,0.0,0.0001,0.0,0.0001,0.0002,0.0,0.0,0.0001,0.0003
2020044001,0.9898,0.0269,0.9629,1,Driving,HIGH,ACCEPT_MODEL_PREDICTED,MODEL_PREDICTED,0.0014,0.0014,0.9898,0.0042,0.0024,0.0006,0.0269,0.0071,0.0008
2020054074,0.2101,0.0356,0.1745,0,NONE,NO_PREDICTION,REJECTED_ZERO_LABELS,UNKNOWN,0.0002,0.0008,0.0003,0.0356,0.0068,0.0044,0.003,0.0005,0.2101
2020054077,0.0233,0.0007,0.0226,0,NONE,NO_PREDICTION,REJECTED_ZERO_LABELS,UNKNOWN,0.0,0.0,0.0002,0.0007,0.0006,0.0001,0.0233,0.0001,0.0001
2020054179,0.9992,0.0058,0.9934,1,Safe Mechanical Lifting,HIGH,ACCEPT_MODEL_PREDICTED,MODEL_PREDICTED,0.0,0.0,0.0058,0.0002,0.0009,0.0039,0.9992,0.0004,0.0021
2020054220,0.9992,0.0892,0.91,1,Hot Work,HIGH,ACCEPT_MODEL_PREDICTED,MODEL_PREDICTED,0.0001,0.0456,0.0001,0.0892,0.9992,0.0016,0.0015,0.0036,0.0001
2020054277,0.0153,0.0036,0.0117,0,NONE,NO_PREDICTION,REJECTED_ZERO_LABELS,UNKNOWN,0.0,0.0,0.0003,0.0,0.0002,0.0153,0.0036,0.0,0.0008
2020054325,0.4407,0.0923,0.3484,1,Working at Height,LOW,REJECTED_LOW_CONFIDENCE,UNKNOWN,0.0011,0.0026,0.009,0.0923,0.0113,0.0024,0.0001,0.0011,0.4407
2020054375,0.9532,0.0115,0.9417,1,Working at Height,HIGH,ACCEPT_MODEL_PREDICTED,MODEL_PREDICTED,0.0,0.0001,0.0012,0.0001,0.0115,0.0012,0.0105,0.0006,0.9532
2020054436,0.79,0.0102,0.7798,1,Safe Mechanical Lifting,HIGH,ACCEPT_MODEL_PREDICTED,MODEL_PREDICTED,0.0007,0.0003,0.0078,0.0102,0.0001,0.0041,0.79,0.0023,0.0005
2020054450,0.9957,0.0205,0.9752,1,Hot Work,HIGH,ACCEPT_MODEL_PREDICTED,MODEL_PREDICTED,0.0,0.0205,0.0,0.0097,0.9957,0.0001,0.0001,0.0012,0.0
2020054454,0.8622,0.0825,0.7797,1,Driving,HIGH,ACCEPT_MODEL_PREDICTED,MODEL_PREDICTED,0.0043,0.0035,0.8622,0.0145,0.0004,0.0027,0.0003,0.0052,0.0825
2020054470,0.0735,0.0717,0.0018,0,NONE,NO_PREDICTION,REJECTED_ZERO_LABELS,UNKNOWN,0.0001,0.0014,0.0002,0.0735,0.0021,0.0,0.0,0.0004,0.0717
2020054488,0.0497,0.0049,0.0448,0,NONE,NO_PREDICTION,REJECTED_ZERO_LABELS,UNKNOWN,0.0,0.0002,0.0,0.0049,0.0497,0.0001,0.0003,0.0001,0.0046
2020054578,0.9311,0.0194,0.9117,1,Working at Height,HIGH,ACCEPT_MODEL_PREDICTED,MODEL_PREDICTED,0.0002,0.0006,0.0194,0.0016,0.0008,0.0001,0.003,0.007,0.9311
2020054579,0.99,0.9057,0.0843,2,Driving | Working at Height,MEDIUM,SENT_TO_HUMAN_REVIEW,UNKNOWN,0.0009,0.0061,0.99,0.0054,0.0349,0.0004,0.0147,0.0607,0.9057
2020054632,0.9937,0.4308,0.5629,2,Hot Work | Energy Isolation,HIGH,ACCEPT_MODEL_PREDICTED,MODEL_PREDICTED,0.0006,0.4308,0.0001,0.3425,0.9937,0.0004,0.0003,0.1032,0.0076
2020054658,0.9966,0.0075,0.9891,1,Working at Height,HIGH,ACCEPT_MODEL_PREDICTED,MODEL_PREDICTED,0.0,0.0001,0.0033,0.0042,0.0011,0.0021,0.0075,0.0011,0.9966
2020054688,0.0004,0.0002,0.0002,0,NONE,NO_PREDICTION,REJECTED_ZERO_LABELS,UNKNOWN,0.0,0.0004,0.0,0.0002,0.0002,0.0001,0.0,0.0,0.0001
2020054742,0.0412,0.0267,0.0145,0,NONE,NO_PREDICTION,REJECTED_ZERO_LABELS,UNKNOWN,0.0016,0.0027,0.0267,0.0412,0.0,0.0007,0.0026,0.0081,0.0196
2020054755,0.0044,0.0006,0.0038,0,NONE,NO_PREDICTION,REJECTED_ZERO_LABELS,UNKNOWN,0.0,0.0003,0.0001,0.0002,0.0001,0.0,0.0044,0.0006,0.0
2020054774,0.9989,0.0487,0.9502,1,Hot Work,HIGH,ACCEPT_MODEL_PREDICTED,MODEL_PREDICTED,0.0,0.006,0.0,0.0487,0.9989,0.0045,0.0009,0.0002,0.0004
2020054824,0.9995,0.072,0.9275,1,Safe Mechanical Lifting,HIGH,ACCEPT_MODEL_PREDICTED,MODEL_PREDICTED,0.0002,0.0001,0.0266,0.0302,0.0116,0.072,0.9995,0.0007,0.0044
2020054841,0.025,0.003,0.022,0,NONE,NO_PREDICTION,REJECTED_ZERO_LABELS,UNKNOWN,0.0,0.0003,0.0002,0.0029,0.0003,0.0002,0.003,0.0009,0.025
2020054902,0.0101,0.0046,0.0055,0,NONE,NO_PREDICTION,REJECTED_ZERO_LABELS,UNKNOWN,0.0,0.0,0.0,0.0016,0.0046,0.0003,0.0001,0.0,0.0101
2020065111,0.72,0.0004,0.7196,1,Energy Isolation,HIGH,ACCEPT_MODEL_PREDICTED,MODEL_PREDICTED,0.0002,0.0001,0.0,0.72,0.0,0.0004,0.0,0.0,0.0001
2020065158,0.8256,0.6115,0.2141,3,Working at Height | Energy Isolation | Line of Fire,HIGH,ACCEPT_MODEL_PREDICTED,MODEL_PREDICTED,0.0015,0.0006,0.0009,0.6115,0.0004,0.2262,0.0171,0.0002,0.8256
2020065239,0.2239,0.0052,0.2187,1,Safe Mechanical Lifting,LOW,REJECTED_LOW_CONFIDENCE,UNKNOWN,0.0001,0.0001,0.0035,0.0002,0.0004,0.0052,0.2239,0.0003,0.0008
2020065308,0.0003,0.0002,0.0001,0,NONE,NO_PREDICTION,REJECTED_ZERO_LABELS,UNKNOWN,0.0001,0.0002,0.0001,0.0002,0.0,0.0003,0.0,0.0,0.0
2020065325,0.9822,0.5045,0.4777,3,Safe Mechanical Lifting | Energy Isolation | Working at Height,HIGH,ACCEPT_MODEL_PREDICTED,MODEL_PREDICTED,0.0017,0.0011,0.0035,0.5045,0.0029,0.0275,0.9822,0.0133,0.4208
2020065397,0.0068,0.0014,0.0054,0,NONE,NO_PREDICTION,REJECTED_ZERO_LABELS,UNKNOWN,0.0001,0.0003,0.0,0.0068,0.0003,0.0014,0.0001,0.0,0.0
2020065465,0.9536,0.2699,0.6837,1,Driving,HIGH,ACCEPT_MODEL_PREDICTED,MODEL_PREDICTED,0.0028,0.0475,0.9536,0.0235,0.2238,0.0007,0.1196,0.2699,0.1867
2020065512,0.9879,0.0207,0.9672,1,Driving,HIGH,ACCEPT_MODEL_PREDICTED,MODEL_PREDICTED,0.0058,0.0195,0.9879,0.009,0.0046,0.0005,0.0003,0.0127,0.0207
2020065533,0.8494,0.0333,0.8161,1,Hot Work,HIGH,ACCEPT_MODEL_PREDICTED,MODEL_PREDICTED,0.0,0.0028,0.0001,0.0333,0.8494,0.0001,0.0007,0.0019,0.022
2020065549,0.2713,0.0033,0.268,1,Working at Height,LOW,REJECTED_LOW_CONFIDENCE,UNKNOWN,0.0001,0.0006,0.0013,0.0013,0.0001,0.0,0.0007,0.0033,0.2713
2020065556,0.9993,0.0112,0.9881,1,Working at Height,HIGH,ACCEPT_MODEL_PREDICTED,MODEL_PREDICTED,0.0002,0.0008,0.0095,0.0112,0.0015,0.0005,0.0071,0.0108,0.9993
2020065807,0.0521,0.0093,0.0428,0,NONE,NO_PREDICTION,REJECTED_ZERO_LABELS,UNKNOWN,0.0,0.0001,0.0,0.0093,0.0521,0.0,0.0036,0.0004,0.0003
2020065966,0.7954,0.0104,0.785,1,Safe Mechanical Lifting,HIGH,ACCEPT_MODEL_PREDICTED,MODEL_PREDICTED,0.0,0.0,0.0001,0.0046,0.0003,0.0104,0.7954,0.0002,0.0018
2020066001,0.1801,0.0021,0.178,0,NONE,NO_PREDICTION,REJECTED_ZERO_LABELS,UNKNOWN,0.0,0.0,0.0021,0.0,0.0,0.0002,0.1801,0.0002,0.0003
2020066032,0.9726,0.0243,0.9483,1,Hot Work,HIGH,ACCEPT_MODEL_PREDICTED,MODEL_PREDICTED,0.0,0.0054,0.0,0.0243,0.9726,0.0002,0.0001,0.0007,0.0007
2020066061,0.0077,0.0044,0.0033,0,NONE,NO_PREDICTION,REJECTED_ZERO_LABELS,UNKNOWN,0.0001,0.0001,0.0,0.0077,0.0002,0.0044,0.0006,0.0,0.0002
2020066088,0.9983,0.0358,0.9625,1,Energy Isolation,HIGH,ACCEPT_MODEL_PREDICTED,MODEL_PREDICTED,0.003,0.0358,0.0,0.9983,0.022,0.0011,0.0002,0.0039,0.0023
2020066117,0.023,0.0003,0.0227,0,NONE,NO_PREDICTION,REJECTED_ZERO_LABELS,UNKNOWN,0.0,0.0001,0.0,0.023,0.0002,0.0,0.0,0.0001,0.0003
2020076170,0.6344,0.5807,0.0537,2,Safe Mechanical Lifting | Energy Isolation,MEDIUM,SENT_TO_HUMAN_REVIEW,UNKNOWN,0.0007,0.0067,0.0013,0.5807,0.0058,0.0002,0.6344,0.1544,0.0379
2020076181,0.1547,0.1017,0.053,0,NONE,NO_PREDICTION,REJECTED_ZERO_LABELS,UNKNOWN,0.0044,0.0022,0.0197,0.0336,0.0077,0.1547,0.0042,0.0011,0.1017
2020076236,0.999,0.0268,0.9722,1,Driving,HIGH,ACCEPT_MODEL_PREDICTED,MODEL_PREDICTED,0.0033,0.0072,0.999,0.0005,0.0048,0.001,0.001,0.0149,0.0268
2020076263,0.1229,0.0286,0.0943,0,NONE,NO_PREDICTION,REJECTED_ZERO_LABELS,UNKNOWN,0.0002,0.004,0.0,0.1229,0.0286,0.0028,0.0003,0.0008,0.0006
2020076277,0.0702,0.0074,0.0628,0,NONE,NO_PREDICTION,REJECTED_ZERO_LABELS,UNKNOWN,0.0003,0.0011,0.001,0.0074,0.0004,0.0008,0.0,0.0003,0.0702
2020076290,0.9952,0.0046,0.9906,1,Working at Height,HIGH,ACCEPT_MODEL_PREDICTED,MODEL_PREDICTED,0.0,0.0001,0.0013,0.0016,0.0046,0.0006,0.0008,0.0006,0.9952
2020076412,0.0025,0.0017,0.0008,0,NONE,NO_PREDICTION,REJECTED_ZERO_LABELS,UNKNOWN,0.0,0.0009,0.0,0.0002,0.0017,0.0001,0.0014,0.0025,0.0001
2020076335,0.9925,0.0541,0.9384,1,Safe Mechanical Lifting,HIGH,ACCEPT_MODEL_PREDICTED,MODEL_PREDICTED,0.0002,0.0001,0.0541,0.025,0.0002,0.0004,0.9925,0.0032,0.0003
2020076436,0.9802,0.0277,0.9525,1,Working at Height,HIGH,ACCEPT_MODEL_PREDICTED,MODEL_PREDICTED,0.0005,0.0023,0.0185,0.0212,0.0119,0.0037,0.0277,0.0098,0.9802
2020076441,0.2805,0.0258,0.2547,1,Line of Fire,LOW,REJECTED_LOW_CONFIDENCE,UNKNOWN,0.0001,0.0,0.0003,0.0002,0.0001,0.2805,0.0258,0.0,0.0025
2020076617,0.0338,0.0109,0.0229,0,NONE,NO_PREDICTION,REJECTED_ZERO_LABELS,UNKNOWN,0.0003,0.0005,0.0001,0.0109,0.0029,0.0338,0.0001,0.0,0.0003
2020076628,0.6527,0.0036,0.6491,1,Line of Fire,MEDIUM,SENT_TO_HUMAN_REVIEW,UNKNOWN,0.0036,0.0007,0.0006,0.0027,0.0001,0.6527,0.001,0.0001,0.0015
2020076685,0.1064,0.0003,0.1061,0,NONE,NO_PREDICTION,REJECTED_ZERO_LABELS,UNKNOWN,0.0001,0.0002,0.0,0.1064,0.0,0.0003,0.0,0.0,0.0001
2020076849,0.8441,0.0969,0.7472,1,Working at Height,HIGH,ACCEPT_MODEL_PREDICTED,MODEL_PREDICTED,0.0003,0.0003,0.0018,0.0019,0.0009,0.0969,0.0007,0.0001,0.8441
2020076939,0.0005,0.0002,0.0003,0,NONE,NO_PREDICTION,REJECTED_ZERO_LABELS,UNKNOWN,0.0,0.0,0.0,0.0001,0.0005,0.0,0.0002,0.0,0.0
2020076980,0.1767,0.0552,0.1215,0,NONE,NO_PREDICTION,REJECTED_ZERO_LABELS,UNKNOWN,0.0016,0.0003,0.0167,0.0068,0.0001,0.0552,0.0251,0.0009,0.1767
2020076998,0.0031,0.0007,0.0024,0,NONE,NO_PREDICTION,REJECTED_ZERO_LABELS,UNKNOWN,0.0,0.0001,0.0001,0.0002,0.0,0.0001,0.0031,0.0005,0.0007
2020077074,0.883,0.0084,0.8746,1,Safe Mechanical Lifting,HIGH,ACCEPT_MODEL_PREDICTED,MODEL_PREDICTED,0.0001,0.0002,0.0006,0.0084,0.0004,0.0008,0.883,0.0045,0.0023
2020077099,0.0156,0.0063,0.0093,0,NONE,NO_PREDICTION,REJECTED_ZERO_LABELS,UNKNOWN,0.0,0.0032,0.0,0.0028,0.0156,0.0,0.0001,0.0063,0.0002
2020077125,0.004,0.002,0.002,0,NONE,NO_PREDICTION,REJECTED_ZERO_LABELS,UNKNOWN,0.0001,0.002,0.0001,0.0012,0.0008,0.0,0.0003,0.004,0.0
2020077193,0.1273,0.0026,0.1247,0,NONE,NO_PREDICTION,REJECTED_ZERO_LABELS,UNKNOWN,0.0002,0.0007,0.0,0.1273,0.0013,0.0026,0.0004,0.0001,0.0
2020087280,0.9992,0.9286,0.0706,2,Safe Mechanical Lifting | Driving,MEDIUM,SENT_TO_HUMAN_REVIEW,UNKNOWN,0.0028,0.001,0.9286,0.0471,0.0059,0.004,0.9992,0.0358,0.0057
2020087333,0.0672,0.0025,0.0647,0,NONE,NO_PREDICTION,REJECTED_ZERO_LABELS,UNKNOWN,0.0,0.0025,0.0,0.002,0.0672,0.0,0.0001,0.0025,0.0002
2020087361,0.0096,0.0083,0.0013,0,NONE,NO_PREDICTION,REJECTED_ZERO_LABELS,UNKNOWN,0.0002,0.0022,0.0001,0.001,0.0061,0.0004,0.002,0.0096,0.0083
2020087365,0.9918,0.1423,0.8495,1,Energy Isolation,HIGH,ACCEPT_MODEL_PREDICTED,MODEL_PREDICTED,0.0149,0.1423,0.0011,0.9918,0.0251,0.001,0.0005,0.0273,0.0116
2020087443,0.0011,0.0008,0.0003,0,NONE,NO_PREDICTION,REJECTED_ZERO_LABELS,UNKNOWN,0.0,0.0002,0.0001,0.0005,0.0002,0.0001,0.0008,0.0005,0.0011
2020087510,0.1482,0.0081,0.1401,0,NONE,NO_PREDICTION,REJECTED_ZERO_LABELS,UNKNOWN,0.0002,0.0012,0.0049,0.0081,0.0021,0.0009,0.0003,0.0007,0.1482
2020087613,0.001,0.0009,0.0001,0,NONE,NO_PREDICTION,REJECTED_ZERO_LABELS,UNKNOWN,0.0,0.0,0.001,0.0,0.0,0.0002,0.0001,0.0,0.0009
2020087675,0.7962,0.244,0.5522,1,Working at Height,HIGH,ACCEPT_MODEL_PREDICTED,MODEL_PREDICTED,0.0024,0.008,0.244,0.0086,0.0636,0.0147,0.0263,0.0133,0.7962
2020087681,0.0214,0.001,0.0204,0,NONE,NO_PREDICTION,REJECTED_ZERO_LABELS,UNKNOWN,0.0,0.0,0.0002,0.0,0.0001,0.001,0.0214,0.0001,0.0
2020087747,0.0341,0.0047,0.0294,0,NONE,NO_PREDICTION,REJECTED_ZERO_LABELS,UNKNOWN,0.0002,0.0022,0.0001,0.0044,0.0341,0.0047,0.0008,0.0022,0.0
2020087790,0.0641,0.0045,0.0596,0,NONE,NO_PREDICTION,REJECTED_ZERO_LABELS,UNKNOWN,0.0001,0.0002,0.002,0.0003,0.0006,0.0045,0.0044,0.0003,0.0641
2020087813,0.9998,0.2571,0.7427,1,Hot Work,HIGH,ACCEPT_MODEL_PREDICTED,MODEL_PREDICTED,0.0001,0.2571,0.0002,0.0014,0.9998,0.0005,0.001,0.1504,0.0003
2020087951,0.0829,0.0087,0.0742,0,NONE,NO_PREDICTION,REJECTED_ZERO_LABELS,UNKNOWN,0.0004,0.0004,0.0001,0.0077,0.0009,0.0087,0.0829,0.0007,0.0
2020088015,0.9729,0.0775,0.8954,1,Working at Height,HIGH,ACCEPT_MODEL_PREDICTED,MODEL_PREDICTED,0.0005,0.0011,0.0012,0.0775,0.0024,0.0023,0.0009,0.0017,0.9729
2020088291,0.6409,0.0171,0.6238,1,Safe Mechanical Lifting,MEDIUM,SENT_TO_HUMAN_REVIEW,UNKNOWN,0.0001,0.0004,0.0007,0.0171,0.0157,0.0005,0.6409,0.0028,0.0004
2020088122,0.0606,0.0341,0.0265,0,NONE,NO_PREDICTION,REJECTED_ZERO_LABELS,UNKNOWN,0.0001,0.0023,0.0,0.0341,0.0606,0.0014,0.0008,0.0003,0.0001
2020088164,0.9999,0.0996,0.9003,1,Safe Mechanical Lifting,HIGH,ACCEPT_MODEL_PREDICTED,MODEL_PREDICTED,0.0005,0.0002,0.0996,0.0323,0.0097,0.0064,0.9999,0.0138,0.0384
2020088271,0.6354,0.0171,0.6183,1,Safe Mechanical Lifting,MEDIUM,SENT_TO_HUMAN_REVIEW,UNKNOWN,0.0002,0.0001,0.0005,0.0171,0.0002,0.0017,0.6354,0.0011,0.0003
2020098294,0.5039,0.0009,0.503,1,Working at Height,MEDIUM,SENT_TO_HUMAN_REVIEW,UNKNOWN,0.0,0.0001,0.0001,0.0003,0.0001,0.0009,0.0007,0.0001,0.5039
2020098394,0.9948,0.0654,0.9294,1,Energy Isolation,HIGH,ACCEPT_MODEL_PREDICTED,MODEL_PREDICTED,0.0017,0.0654,0.0005,0.9948,0.0593,0.0004,0.0021,0.0082,0.0006
2020098497,0.7108,0.0061,0.7047,1,Hot Work,HIGH,ACCEPT_MODEL_PREDICTED,MODEL_PREDICTED,0.0,0.0061,0.0,0.0001,0.7108,0.0001,0.0,0.0038,0.0001
2020098509,0.0039,0.0004,0.0035,0,NONE,NO_PREDICTION,REJECTED_ZERO_LABELS,UNKNOWN,0.0001,0.0002,0.0,0.0039,0.0002,0.0004,0.0,0.0,0.0
2020098531,0.9129,0.4575,0.4554,2,Safe Mechanical Lifting | Energy Isolation,HIGH,ACCEPT_MODEL_PREDICTED,MODEL_PREDICTED,0.0031,0.0121,0.0017,0.4575,0.0954,0.0195,0.9129,0.0337,0.001
2020098536,0.9721,0.0349,0.9372,1,Working at Height,HIGH,ACCEPT_MODEL_PREDICTED,MODEL_PREDICTED,0.0001,0.0001,0.0003,0.0303,0.0011,0.0003,0.0349,0.0046,0.9721
2020098559,0.0006,0.0006,0.0,0,NONE,NO_PREDICTION,REJECTED_ZERO_LABELS,UNKNOWN,0.0,0.0,0.0006,0.0,0.0,0.0,0.0006,0.0003,0.0
2020098561,0.0461,0.0014,0.0447,0,NONE,NO_PREDICTION,REJECTED_ZERO_LABELS,UNKNOWN,0.0001,0.0014,0.0,0.0461,0.0012,0.0,0.0001,0.001,0.0
2020098574,0.0304,0.0037,0.0267,0,NONE,NO_PREDICTION,REJECTED_ZERO_LABELS,UNKNOWN,0.0002,0.0001,0.0003,0.0032,0.0002,0.0304,0.0004,0.0,0.0037
2020098626,0.9993,0.126,0.8733,1,Driving,HIGH,ACCEPT_MODEL_PREDICTED,MODEL_PREDICTED,0.0187,0.0238,0.9993,0.0078,0.047,0.0101,0.0371,0.126,0.1202
2020098697,0.9998,0.0032,0.9966,1,Energy Isolation,HIGH,ACCEPT_MODEL_PREDICTED,MODEL_PREDICTED,0.003,0.0032,0.0001,0.9998,0.0001,0.0002,0.0003,0.0006,0.0006
2020098817,0.9991,0.0114,0.9877,1,Safe Mechanical Lifting,HIGH,ACCEPT_MODEL_PREDICTED,MODEL_PREDICTED,0.0001,0.0001,0.0114,0.001,0.0022,0.0012,0.9991,0.0009,0.0004
2020098845,0.9912,0.9708,0.0204,2,Working at Height | Driving,MEDIUM,SENT_TO_HUMAN_REVIEW,UNKNOWN,0.0016,0.0015,0.9708,0.009,0.0009,0.0013,0.0046,0.0162,0.9912
2020098899,0.9984,0.9157,0.0827,2,Driving | Working at Height,MEDIUM,SENT_TO_HUMAN_REVIEW,UNKNOWN,0.0028,0.0068,0.9984,0.0052,0.0374,0.0037,0.0151,0.0383,0.9157
2020098906,0.025,0.0116,0.0134,0,NONE,NO_PREDICTION,REJECTED_ZERO_LABELS,UNKNOWN,0.0005,0.0105,0.0002,0.025,0.007,0.0002,0.0011,0.0116,0.0001
2020098969,0.9936,0.3143,0.6793,3,Working at Height | Safe Mechanical Lifting | Driving,HIGH,ACCEPT_MODEL_PREDICTED,MODEL_PREDICTED,0.0019,0.0145,0.2799,0.1518,0.3143,0.0021,0.3013,0.151,0.9936
2020098975,0.4457,0.0755,0.3702,1,Working at Height,LOW,REJECTED_LOW_CONFIDENCE,UNKNOWN,0.0006,0.0006,0.0755,0.002,0.0001,0.0068,0.0125,0.0009,0.4457
20200910354,0.0097,0.0007,0.009,0,NONE,NO_PREDICTION,REJECTED_ZERO_LABELS,UNKNOWN,0.0,0.0,0.0001,0.0003,0.0002,0.0004,0.0097,0.0001,0.0007
2020099086,0.8801,0.0012,0.8789,1,Energy Isolation,HIGH,ACCEPT_MODEL_PREDICTED,MODEL_PREDICTED,0.0011,0.0012,0.0002,0.8801,0.0,0.001,0.0002,0.0002,0.0006
2020099121,0.9989,0.0212,0.9777,1,Energy Isolation,HIGH,ACCEPT_MODEL_PREDICTED,MODEL_PREDICTED,0.002,0.0212,0.0007,0.9989,0.0032,0.0002,0.0027,0.0119,0.0085
2020099163,0.9996,0.2218,0.7778,2,Safe Mechanical Lifting | Line of Fire,HIGH,ACCEPT_MODEL_PREDICTED,MODEL_PREDICTED,0.0082,0.0045,0.0403,0.0527,0.0025,0.2218,0.9996,0.027,0.0337
2020099164,0.1047,0.0799,0.0248,0,NONE,NO_PREDICTION,REJECTED_ZERO_LABELS,UNKNOWN,0.0001,0.0074,0.0116,0.0045,0.0425,0.0002,0.0387,0.0799,0.1047
2020099171,0.188,0.1072,0.0808,0,NONE,NO_PREDICTION,REJECTED_ZERO_LABELS,UNKNOWN,0.0001,0.0097,0.0006,0.0044,0.188,0.0,0.0021,0.1072,0.0002
2020099223,0.0006,0.0005,0.0001,0,NONE,NO_PREDICTION,REJECTED_ZERO_LABELS,UNKNOWN,0.0,0.0,0.0,0.0001,0.0002,0.0005,0.0006,0.0,0.0
2020099254,0.9997,0.054,0.9457,1,Driving,HIGH,ACCEPT_MODEL_PREDICTED,MODEL_PREDICTED,0.0013,0.0005,0.9997,0.0004,0.0008,0.0114,0.054,0.0015,0.0307
2020099279,0.0716,0.0457,0.0259,0,NONE,NO_PREDICTION,REJECTED_ZERO_LABELS,UNKNOWN,0.0041,0.0457,0.0005,0.0716,0.0127,0.0039,0.003,0.0103,0.0001
2020099283,0.0017,0.0016,0.0001,0,NONE,NO_PREDICTION,REJECTED_ZERO_LABELS,UNKNOWN,0.0,0.0001,0.0003,0.0016,0.0002,0.0,0.0017,0.0008,0.0001
2020109341,0.2515,0.0403,0.2112,1,Line of Fire,LOW,REJECTED_LOW_CONFIDENCE,UNKNOWN,0.0001,0.0,0.0006,0.0002,0.0002,0.2515,0.0403,0.0,0.0123
2020109380,0.1448,0.1377,0.0071,0,NONE,NO_PREDICTION,REJECTED_ZERO_LABELS,UNKNOWN,0.0002,0.0,0.0001,0.0006,0.0,0.1377,0.1448,0.0,0.0007
2020109436,0.0644,0.058,0.0064,0,NONE,NO_PREDICTION,REJECTED_ZERO_LABELS,UNKNOWN,0.0004,0.0001,0.0004,0.0083,0.0002,0.058,0.0644,0.0001,0.0016
2020109456,0.2658,0.0551,0.2107,0,NONE,NO_PREDICTION,REJECTED_ZERO_LABELS,UNKNOWN,0.0001,0.0022,0.0001,0.0551,0.2658,0.0002,0.0004,0.0013,0.027
2020109576,0.9968,0.3688,0.628,2,Line of Fire | Energy Isolation,HIGH,ACCEPT_MODEL_PREDICTED,MODEL_PREDICTED,0.0559,0.0048,0.0628,0.3688,0.0021,0.9968,0.1858,0.0003,0.0533
2020109584,0.8538,0.5607,0.2931,2,Driving | Hot Work,HIGH,ACCEPT_MODEL_PREDICTED,MODEL_PREDICTED,0.0002,0.0109,0.8538,0.0028,0.5607,0.0001,0.0005,0.0319,0.0133
2020109641,0.0072,0.0015,0.0057,0,NONE,NO_PREDICTION,REJECTED_ZERO_LABELS,UNKNOWN,0.0,0.0015,0.0001,0.0006,0.0072,0.0,0.0,0.0007,0.0002
2020109643,0.9946,0.0118,0.9828,1,Safe Mechanical Lifting,HIGH,ACCEPT_MODEL_PREDICTED,MODEL_PREDICTED,0.0001,0.0001,0.0008,0.0118,0.003,0.0005,0.9946,0.0041,0.0004
2020109709,0.0136,0.0056,0.008,0,NONE,NO_PREDICTION,REJECTED_ZERO_LABELS,UNKNOWN,0.0001,0.0003,0.0001,0.0136,0.001,0.0002,0.0002,0.0003,0.0056
2020109712,0.3853,0.0043,0.381,1,Energy Isolation,LOW,REJECTED_LOW_CONFIDENCE,UNKNOWN,0.0001,0.0001,0.0001,0.3853,0.0,0.0004,0.0003,0.0,0.0043
2020109742,0.1201,0.0124,0.1077,0,NONE,NO_PREDICTION,REJECTED_ZERO_LABELS,UNKNOWN,0.0008,0.0041,0.0008,0.1201,0.0059,0.0046,0.0124,0.0036,0.0001
2020109746,0.9999,0.2607,0.7392,1,Hot Work,HIGH,ACCEPT_MODEL_PREDICTED,MODEL_PREDICTED,0.0001,0.2607,0.0001,0.0247,0.9999,0.0007,0.0018,0.1039,0.0003
2020109774,0.8278,0.0121,0.8157,1,Safe Mechanical Lifting,HIGH,ACCEPT_MODEL_PREDICTED,MODEL_PREDICTED,0.0,0.0,0.0121,0.0004,0.0001,0.0,0.8278,0.0058,0.001
2020109817,0.9988,0.0199,0.9789,1,Energy Isolation,HIGH,ACCEPT_MODEL_PREDICTED,MODEL_PREDICTED,0.0043,0.0197,0.0001,0.9988,0.0012,0.0199,0.0005,0.0003,0.0016
2020109831,0.2336,0.0059,0.2277,1,Line of Fire,LOW,REJECTED_LOW_CONFIDENCE,UNKNOWN,0.0001,0.0,0.0001,0.0001,0.0001,0.2336,0.0059,0.0,0.0001
2020109944,0.0411,0.0163,0.0248,0,NONE,NO_PREDICTION,REJECTED_ZERO_LABELS,UNKNOWN,0.0,0.0001,0.0082,0.0001,0.0053,0.0163,0.008,0.0001,0.0411
20201010127,0.0108,0.0036,0.0072,0,NONE,NO_PREDICTION,REJECTED_ZERO_LABELS,UNKNOWN,0.0,0.0002,0.0001,0.0021,0.0036,0.0,0.0004,0.002,0.0108
20201010185,0.0018,0.0009,0.0009,0,NONE,NO_PREDICTION,REJECTED_ZERO_LABELS,UNKNOWN,0.0,0.0002,0.0,0.0018,0.0002,0.0,0.0009,0.0006,0.0001
20201010232,0.0073,0.0066,0.0007,0,NONE,NO_PREDICTION,REJECTED_ZERO_LABELS,UNKNOWN,0.0001,0.0001,0.0073,0.0001,0.0,0.001,0.0,0.0,0.0066
20201110396,0.0048,0.0048,0.0,0,NONE,NO_PREDICTION,REJECTED_ZERO_LABELS,UNKNOWN,0.0,0.0003,0.0005,0.0024,0.0002,0.0,0.0048,0.0048,0.0001
20201110403,0.0728,0.0668,0.006,0,NONE,NO_PREDICTION,REJECTED_ZERO_LABELS,UNKNOWN,0.0002,0.0001,0.0,0.0728,0.0005,0.0277,0.0668,0.0001,0.0042
20201110432,0.0001,0.0001,0.0,0,NONE,NO_PREDICTION,REJECTED_ZERO_LABELS,UNKNOWN,0.0,0.0,0.0001,0.0,0.0,0.0001,0.0,0.0,0.0001
20201111259,0.9999,0.0454,0.9545,1,Hot Work,HIGH,ACCEPT_MODEL_PREDICTED,MODEL_PREDICTED,0.0,0.0454,0.0001,0.0012,0.9999,0.0016,0.0013,0.0068,0.0004
20201110566,0.0812,0.0035,0.0777,0,NONE,NO_PREDICTION,REJECTED_ZERO_LABELS,UNKNOWN,0.0,0.0025,0.0001,0.0002,0.0812,0.0001,0.002,0.0035,0.0
20201110570,0.9857,0.9731,0.0126,2,Safe Mechanical Lifting | Line of Fire,MEDIUM,SENT_TO_HUMAN_REVIEW,UNKNOWN,0.0045,0.0003,0.0032,0.0125,0.0011,0.9731,0.9857,0.0003,0.0075
20201110723,0.0922,0.001,0.0912,0,NONE,NO_PREDICTION,REJECTED_ZERO_LABELS,UNKNOWN,0.0001,0.0001,0.0009,0.001,0.0,0.0003,0.0008,0.0005,0.0922
20201110734,0.5409,0.0075,0.5334,1,Hot Work,MEDIUM,SENT_TO_HUMAN_REVIEW,UNKNOWN,0.0,0.0005,0.0,0.0012,0.5409,0.0003,0.0075,0.0016,0.0055
20201110744,0.0692,0.0115,0.0577,0,NONE,NO_PREDICTION,REJECTED_ZERO_LABELS,UNKNOWN,0.0001,0.0001,0.0001,0.0115,0.0,0.0007,0.0692,0.0004,0.0001
20201110751,0.4838,0.0303,0.4535,1,Energy Isolation,MEDIUM,SENT_TO_HUMAN_REVIEW,UNKNOWN,0.007,0.0292,0.0043,0.4838,0.0054,0.0303,0.0196,0.0107,0.0003
20201110809,0.7664,0.7388,0.0276,3,Energy Isolation | Safe Mechanical Lifting | Working at Height,MEDIUM,SENT_TO_HUMAN_REVIEW,UNKNOWN,0.0004,0.0003,0.0003,0.7664,0.0121,0.0382,0.7388,0.0012,0.4105
20201110836,0.0005,0.0004,0.0001,0,NONE,NO_PREDICTION,REJECTED_ZERO_LABELS,UNKNOWN,0.0,0.0003,0.0003,0.0002,0.0001,0.0001,0.0001,0.0004,0.0005
20201110940,0.742,0.0088,0.7332,1,Line of Fire,HIGH,ACCEPT_MODEL_PREDICTED,MODEL_PREDICTED,0.0003,0.0,0.002,0.0007,0.0049,0.742,0.0088,0.0,0.0002
20201111008,0.8914,0.1459,0.7455,1,Safe Mechanical Lifting,HIGH,ACCEPT_MODEL_PREDICTED,MODEL_PREDICTED,0.0004,0.0022,0.0605,0.0322,0.005,0.0001,0.8914,0.1459,0.0892
20201111073,0.9685,0.25,0.7185,2,Driving | Working at Height,HIGH,ACCEPT_MODEL_PREDICTED,MODEL_PREDICTED,0.0013,0.0025,0.9685,0.0024,0.0008,0.0015,0.0431,0.0378,0.25
20201111093,0.0018,0.0013,0.0005,0,NONE,NO_PREDICTION,REJECTED_ZERO_LABELS,UNKNOWN,0.0,0.0,0.0,0.0013,0.0001,0.0018,0.0,0.0,0.0001
20201111168,0.159,0.0007,0.1583,0,NONE,NO_PREDICTION,REJECTED_ZERO_LABELS,UNKNOWN,0.0,0.0,0.0005,0.0,0.0,0.0007,0.159,0.0001,0.0001
20201111186,0.0016,0.0001,0.0015,0,NONE,NO_PREDICTION,REJECTED_ZERO_LABELS,UNKNOWN,0.0,0.0,0.0,0.0016,0.0001,0.0001,0.0,0.0,0.0
20201111268,0.0269,0.0053,0.0216,0,NONE,NO_PREDICTION,REJECTED_ZERO_LABELS,UNKNOWN,0.0001,0.0007,0.0009,0.0003,0.0005,0.0003,0.0269,0.0053,0.0
20201111222,0.9984,0.0226,0.9758,1,Driving,HIGH,ACCEPT_MODEL_PREDICTED,MODEL_PREDICTED,0.0022,0.001,0.9984,0.002,0.0006,0.0025,0.0226,0.0075,0.0047
20201211311,0.9181,0.0407,0.8774,1,Driving,HIGH,ACCEPT_MODEL_PREDICTED,MODEL_PREDICTED,0.0037,0.0049,0.9181,0.0082,0.0019,0.0151,0.0006,0.006,0.0407
20201211358,0.0008,0.0004,0.0004,0,NONE,NO_PREDICTION,REJECTED_ZERO_LABELS,UNKNOWN,0.0,0.0001,0.0001,0.0008,0.0,0.0001,0.0,0.0001,0.0004
20201211416,0.1273,0.0014,0.1259,0,NONE,NO_PREDICTION,REJECTED_ZERO_LABELS,UNKNOWN,0.0,0.0,0.0003,0.0001,0.0005,0.0003,0.1273,0.0,0.0014
20201211546,0.0028,0.0003,0.0025,0,NONE,NO_PREDICTION,REJECTED_ZERO_LABELS,UNKNOWN,0.0001,0.0002,0.0,0.0003,0.0001,0.0028,0.0001,0.0001,0.0
20201211603,0.8224,0.2709,0.5515,1,Safe Mechanical Lifting,HIGH,ACCEPT_MODEL_PREDICTED,MODEL_PREDICTED,0.0003,0.0008,0.0105,0.2709,0.0374,0.001,0.8224,0.0037,0.0
20201211612,0.0112,0.001,0.0102,0,NONE,NO_PREDICTION,REJECTED_ZERO_LABELS,UNKNOWN,0.0001,0.0001,0.0,0.001,0.0003,0.0112,0.0,0.0,0.0001
20201211749,0.9998,0.0665,0.9333,1,Working at Height,HIGH,ACCEPT_MODEL_PREDICTED,MODEL_PREDICTED,0.0003,0.0011,0.0084,0.0665,0.0061,0.0036,0.0027,0.0053,0.9998
20201211833,0.9974,0.1984,0.799,1,Driving,HIGH,ACCEPT_MODEL_PREDICTED,MODEL_PREDICTED,0.035,0.0306,0.9974,0.1984,0.0048,0.0115,0.0479,0.0966,0.0632
20201211952,0.0077,0.0003,0.0074,0,NONE,NO_PREDICTION,REJECTED_ZERO_LABELS,UNKNOWN,0.0,0.0,0.0,0.0002,0.0,0.0003,0.0,0.0,0.0077
20201212003,0.9466,0.0091,0.9375,1,Energy Isolation,HIGH,ACCEPT_MODEL_PREDICTED,MODEL_PREDICTED,0.0032,0.0053,0.0,0.9466,0.0031,0.0091,0.0002,0.0002,0.0
20201212027,0.9886,0.469,0.5196,2,Energy Isolation | Driving,HIGH,ACCEPT_MODEL_PREDICTED,MODEL_PREDICTED,0.0181,0.0446,0.469,0.9886,0.0349,0.0062,0.002,0.0128,0.0115
20201212123,0.0024,0.0002,0.0022,0,NONE,NO_PREDICTION,REJECTED_ZERO_LABELS,UNKNOWN,0.0,0.0002,0.0,0.0001,0.0024,0.0001,0.0,0.0001,0.0002
2021010036,0.6602,0.0092,0.651,1,Line of Fire,MEDIUM,SENT_TO_HUMAN_REVIEW,UNKNOWN,0.0013,0.0002,0.001,0.0023,0.0,0.6602,0.0016,0.0,0.0092
2021010063,0.1115,0.0051,0.1064,0,NONE,NO_PREDICTION,REJECTED_ZERO_LABELS,UNKNOWN,0.0001,0.0002,0.0004,0.0051,0.0,0.0002,0.0005,0.0004,0.1115
2021010102,0.0065,0.0025,0.004,0,NONE,NO_PREDICTION,REJECTED_ZERO_LABELS,UNKNOWN,0.0001,0.0001,0.0,0.0025,0.0003,0.0065,0.0004,0.0,0.0002
2021010170,0.0176,0.0156,0.002,0,NONE,NO_PREDICTION,REJECTED_ZERO_LABELS,UNKNOWN,0.0003,0.0004,0.001,0.0156,0.0002,0.0176,0.0012,0.0001,0.0011
2021010260,0.306,0.269,0.037,2,Driving | Working at Height,LOW,REJECTED_LOW_CONFIDENCE,UNKNOWN,0.0014,0.008,0.306,0.0203,0.0026,0.0012,0.0,0.0008,0.269
2021010321,0.9993,0.0629,0.9364,1,Driving,HIGH,ACCEPT_MODEL_PREDICTED,MODEL_PREDICTED,0.011,0.006,0.9993,0.0036,0.0047,0.0629,0.0074,0.0044,0.0517
2021010504,0.9987,0.061,0.9377,1,Line of Fire,HIGH,ACCEPT_MODEL_PREDICTED,MODEL_PREDICTED,0.0141,0.0009,0.0061,0.0127,0.0025,0.9987,0.061,0.0,0.0011
2021010693,0.0055,0.0005,0.005,0,NONE,NO_PREDICTION,REJECTED_ZERO_LABELS,UNKNOWN,0.0,0.0001,0.0005,0.0003,0.0,0.0001,0.0,0.0001,0.0055
2021010868,0.0062,0.0027,0.0035,0,NONE,NO_PREDICTION,REJECTED_ZERO_LABELS,UNKNOWN,0.0,0.0,0.0,0.0001,0.0001,0.0062,0.0002,0.0,0.0027
2021010805,0.9887,0.3971,0.5916,2,Driving | Safe Mechanical Lifting,HIGH,ACCEPT_MODEL_PREDICTED,MODEL_PREDICTED,0.0007,0.0003,0.9887,0.0001,0.0015,0.038,0.3971,0.0008,0.0173
2021010860,0.0198,0.002,0.0178,0,NONE,NO_PREDICTION,REJECTED_ZERO_LABELS,UNKNOWN,0.0,0.0,0.0001,0.002,0.0,0.0002,0.0198,0.0001,0.0001
2021020878,0.005,0.0012,0.0038,0,NONE,NO_PREDICTION,REJECTED_ZERO_LABELS,UNKNOWN,0.0,0.0001,0.0,0.0011,0.0012,0.005,0.0001,0.0,0.0
2021020886,0.004,0.0025,0.0015,0,NONE,NO_PREDICTION,REJECTED_ZERO_LABELS,UNKNOWN,0.0001,0.0007,0.0004,0.0008,0.004,0.0025,0.0,0.0,0.0015
2021020895,0.28,0.0014,0.2786,0,NONE,NO_PREDICTION,REJECTED_ZERO_LABELS,UNKNOWN,0.0,0.0006,0.0014,0.0006,0.28,0.0002,0.0,0.0001,0.0007
2021020944,0.0715,0.0079,0.0636,0,NONE,NO_PREDICTION,REJECTED_ZERO_LABELS,UNKNOWN,0.0002,0.0017,0.0715,0.0013,0.0003,0.0001,0.0,0.0007,0.0079
2021020948,0.1471,0.0267,0.1204,0,NONE,NO_PREDICTION,REJECTED_ZERO_LABELS,UNKNOWN,0.0004,0.0128,0.0004,0.1471,0.0087,0.0,0.0005,0.0267,0.0001
2021021097,0.938,0.8296,0.1084,2,Safe Mechanical Lifting | Working at Height,MEDIUM,SENT_TO_HUMAN_REVIEW,UNKNOWN,0.0,0.0001,0.0102,0.0274,0.0181,0.0,0.938,0.021,0.8296
2021021108,0.4736,0.4609,0.0127,2,Working at Height | Driving,MEDIUM,SENT_TO_HUMAN_REVIEW,UNKNOWN,0.0207,0.0396,0.4609,0.01,0.0001,0.0348,0.0003,0.007,0.4736
2021021143,0.9535,0.7191,0.2344,2,Energy Isolation | Line of Fire,HIGH,ACCEPT_MODEL_PREDICTED,MODEL_PREDICTED,0.2293,0.4812,0.0193,0.9535,0.1434,0.7191,0.099,0.0271,0.0081
2021021187,0.8314,0.7856,0.0458,2,Driving | Working at Height,MEDIUM,SENT_TO_HUMAN_REVIEW,UNKNOWN,0.0093,0.0051,0.8314,0.1383,0.0004,0.0106,0.0026,0.0058,0.7856
2021021191,0.0038,0.0029,0.0009,0,NONE,NO_PREDICTION,REJECTED_ZERO_LABELS,UNKNOWN,0.0,0.0,0.0,0.0038,0.0004,0.0,0.0029,0.0,0.0
2021021198,0.0085,0.0019,0.0066,0,NONE,NO_PREDICTION,REJECTED_ZERO_LABELS,UNKNOWN,0.0002,0.0008,0.0,0.0085,0.0019,0.0016,0.0004,0.0002,0.0003
2021021232,0.0074,0.0003,0.0071,0,NONE,NO_PREDICTION,REJECTED_ZERO_LABELS,UNKNOWN,0.0,0.0,0.0,0.0002,0.0003,0.0,0.0002,0.0001,0.0074
2021021240,0.0242,0.0011,0.0231,0,NONE,NO_PREDICTION,REJECTED_ZERO_LABELS,UNKNOWN,0.0,0.0,0.0001,0.0001,0.0,0.0,0.0242,0.0001,0.0011
2021021272,0.9936,0.0249,0.9687,1,Hot Work,HIGH,ACCEPT_MODEL_PREDICTED,MODEL_PREDICTED,0.0,0.0109,0.0,0.0249,0.9936,0.0,0.0143,0.0074,0.0005
2021021309,0.9992,0.0643,0.9349,1,Working at Height,HIGH,ACCEPT_MODEL_PREDICTED,MODEL_PREDICTED,0.0006,0.0021,0.0108,0.0643,0.0031,0.0021,0.0008,0.0038,0.9992
2021021316,0.029,0.0008,0.0282,0,NONE,NO_PREDICTION,REJECTED_ZERO_LABELS,UNKNOWN,0.0,0.0,0.0001,0.0004,0.0008,0.0,0.029,0.0004,0.0001
2021021383,0.2499,0.0023,0.2476,1,Safe Mechanical Lifting,LOW,REJECTED_LOW_CONFIDENCE,UNKNOWN,0.0,0.0,0.0,0.0007,0.0023,0.002,0.2499,0.0001,0.0001
2021021401,0.0174,0.0002,0.0172,0,NONE,NO_PREDICTION,REJECTED_ZERO_LABELS,UNKNOWN,0.0,0.0,0.0,0.0001,0.0002,0.0,0.0001,0.0,0.0174
2021021365,0.0008,0.0001,0.0007,0,NONE,NO_PREDICTION,REJECTED_ZERO_LABELS,UNKNOWN,0.0,0.0001,0.0008,0.0001,0.0001,0.0001,0.0,0.0,0.0001
2021021480,0.9982,0.4576,0.5406,2,Safe Mechanical Lifting | Line of Fire,HIGH,ACCEPT_MODEL_PREDICTED,MODEL_PREDICTED,0.0006,0.0001,0.006,0.0028,0.0012,0.4576,0.9982,0.0008,0.0774
2021021518,0.0463,0.0026,0.0437,0,NONE,NO_PREDICTION,REJECTED_ZERO_LABELS,UNKNOWN,0.0,0.001,0.0001,0.0002,0.0463,0.0,0.0011,0.0026,0.0004
2021021528,0.9049,0.8118,0.0931,2,Driving | Safe Mechanical Lifting,MEDIUM,SENT_TO_HUMAN_REVIEW,UNKNOWN,0.0043,0.0287,0.9049,0.0141,0.3209,0.0206,0.8118,0.2452,0.0092
2021021556,0.9601,0.0231,0.937,1,Hot Work,HIGH,ACCEPT_MODEL_PREDICTED,MODEL_PREDICTED,0.0001,0.0147,0.0,0.0231,0.9601,0.0002,0.0,0.0017,0.0001
2021021689,0.5782,0.0177,0.5605,1,Energy Isolation,MEDIUM,SENT_TO_HUMAN_REVIEW,UNKNOWN,0.0005,0.007,0.0091,0.5782,0.0177,0.0002,0.0,0.0008,0.0003
2021021709,0.005,0.0003,0.0047,0,NONE,NO_PREDICTION,REJECTED_ZERO_LABELS,UNKNOWN,0.0001,0.0002,0.0001,0.005,0.0,0.0003,0.0003,0.0001,0.0001
2021021713,0.6935,0.1559,0.5376,1,Working at Height,MEDIUM,SENT_TO_HUMAN_REVIEW,UNKNOWN,0.0005,0.0045,0.0006,0.1559,0.1447,0.0039,0.0042,0.0032,0.6935
2021021735,0.096,0.0088,0.0872,0,NONE,NO_PREDICTION,REJECTED_ZERO_LABELS,UNKNOWN,0.0001,0.0001,0.0001,0.096,0.0004,0.0003,0.0001,0.0001,0.0088
2021021783,0.0174,0.0014,0.016,0,NONE,NO_PREDICTION,REJECTED_ZERO_LABELS,UNKNOWN,0.0002,0.0001,0.0014,0.0009,0.0,0.0174,0.0004,0.0,0.0007
2021021798,0.9455,0.0052,0.9403,1,Hot Work,HIGH,ACCEPT_MODEL_PREDICTED,MODEL_PREDICTED,0.0,0.0052,0.0,0.0011,0.9455,0.0005,0.0,0.0003,0.0
2021031932,0.3044,0.0223,0.2821,1,Energy Isolation,LOW,REJECTED_LOW_CONFIDENCE,UNKNOWN,0.0003,0.002,0.0001,0.3044,0.0223,0.0003,0.008,0.0036,0.0001
2021031933,0.9975,0.4406,0.5569,1,Driving,HIGH,ACCEPT_MODEL_PREDICTED,MODEL_PREDICTED,0.0059,0.0323,0.9975,0.0016,0.0419,0.0041,0.0489,0.4406,0.0013
2021031981,0.3707,0.2448,0.1259,1,Energy Isolation,LOW,REJECTED_LOW_CONFIDENCE,UNKNOWN,0.0159,0.1564,0.0036,0.3707,0.1676,0.0245,0.0428,0.2448,0.0072
2021032008,0.839,0.1479,0.6911,1,Hot Work,HIGH,ACCEPT_MODEL_PREDICTED,MODEL_PREDICTED,0.0001,0.01,0.0,0.1479,0.839,0.0004,0.0,0.0003,0.0001
2021032024,0.0018,0.0005,0.0013,0,NONE,NO_PREDICTION,REJECTED_ZERO_LABELS,UNKNOWN,0.0,0.0001,0.0001,0.0002,0.0005,0.0001,0.0018,0.0004,0.0
2021032038,0.9966,0.0443,0.9523,1,Hot Work,HIGH,ACCEPT_MODEL_PREDICTED,MODEL_PREDICTED,0.0001,0.0443,0.0,0.0042,0.9966,0.0006,0.0007,0.0077,0.0
2021032160,0.0003,0.0001,0.0002,0,NONE,NO_PREDICTION,REJECTED_ZERO_LABELS,UNKNOWN,0.0,0.0,0.0,0.0,0.0003,0.0001,0.0,0.0,0.0
2021032202,0.0026,0.0002,0.0024,0,NONE,NO_PREDICTION,REJECTED_ZERO_LABELS,UNKNOWN,0.0,0.0001,0.0002,0.0001,0.0001,0.0,0.0,0.0,0.0026
2021032218,0.9998,0.0135,0.9863,1,Safe Mechanical Lifting,HIGH,ACCEPT_MODEL_PREDICTED,MODEL_PREDICTED,0.0001,0.0001,0.0135,0.008,0.0024,0.0009,0.9998,0.0078,0.0018
2021032228,0.0409,0.0055,0.0354,0,NONE,NO_PREDICTION,REJECTED_ZERO_LABELS,UNKNOWN,0.0006,0.0006,0.0004,0.0014,0.0001,0.0409,0.0023,0.0002,0.0055
2021032296,0.995,0.9863,0.0087,2,Safe Mechanical Lifting | Energy Isolation,MEDIUM,SENT_TO_HUMAN_REVIEW,UNKNOWN,0.0026,0.0037,0.0174,0.9863,0.0246,0.0081,0.995,0.0118,0.0143
2021032306,0.808,0.584,0.224,2,Energy Isolation | Safe Mechanical Lifting,HIGH,ACCEPT_MODEL_PREDICTED,MODEL_PREDICTED,0.0007,0.0017,0.0001,0.808,0.0016,0.0026,0.584,0.003,0.0023
2021032372,0.383,0.0827,0.3003,1,Safe Mechanical Lifting,LOW,REJECTED_LOW_CONFIDENCE,UNKNOWN,0.0003,0.0064,0.0014,0.0041,0.0098,0.0026,0.383,0.0827,0.0436
2021032400,0.003,0.0017,0.0013,0,NONE,NO_PREDICTION,REJECTED_ZERO_LABELS,UNKNOWN,0.0001,0.0001,0.0003,0.0017,0.0,0.0002,0.003,0.0002,0.0001
2021032462,0.8989,0.7599,0.139,2,Energy Isolation | Hot Work,MEDIUM,SENT_TO_HUMAN_REVIEW,UNKNOWN,0.003,0.1835,0.0003,0.8989,0.7599,0.0025,0.0436,0.206,0.015
2021032503,0.6001,0.1508,0.4493,1,Safe Mechanical Lifting,MEDIUM,SENT_TO_HUMAN_REVIEW,UNKNOWN,0.0,0.0001,0.0006,0.0085,0.0262,0.0042,0.6001,0.0004,0.1508
2021032531,0.8515,0.7825,0.069,2,Driving | Working at Height,MEDIUM,SENT_TO_HUMAN_REVIEW,UNKNOWN,0.0002,0.0001,0.8515,0.0142,0.0,0.0,0.0012,0.001,0.7825
2021032562,0.9512,0.0649,0.8863,1,Safe Mechanical Lifting,HIGH,ACCEPT_MODEL_PREDICTED,MODEL_PREDICTED,0.0,0.0001,0.001,0.023,0.0016,0.0001,0.9512,0.0041,0.0649
2021032612,0.5575,0.091,0.4665,1,Energy Isolation,MEDIUM,SENT_TO_HUMAN_REVIEW,UNKNOWN,0.0005,0.0034,0.0001,0.5575,0.0044,0.0011,0.091,0.0063,0.0007
2021032618,0.0104,0.0042,0.0062,0,NONE,NO_PREDICTION,REJECTED_ZERO_LABELS,UNKNOWN,0.0001,0.0012,0.0012,0.0006,0.0042,0.0002,0.0,0.0006,0.0104
2021032625,0.8023,0.0209,0.7814,1,Safe Mechanical Lifting,HIGH,ACCEPT_MODEL_PREDICTED,MODEL_PREDICTED,0.0003,0.0006,0.0071,0.0013,0.0001,0.0004,0.8023,0.0209,0.0013
2021032629,0.003,0.0002,0.0028,0,NONE,NO_PREDICTION,REJECTED_ZERO_LABELS,UNKNOWN,0.0,0.0001,0.0,0.0002,0.003,0.0001,0.0002,0.0001,0.0
2021032721,0.9573,0.2008,0.7565,2,Driving | Line of Fire,HIGH,ACCEPT_MODEL_PREDICTED,MODEL_PREDICTED,0.0049,0.0004,0.9573,0.0022,0.0001,0.2008,0.1345,0.0004,0.0002
2021042835,0.0068,0.0027,0.0041,0,NONE,NO_PREDICTION,REJECTED_ZERO_LABELS,UNKNOWN,0.0002,0.0002,0.0004,0.0004,0.0002,0.0027,0.0068,0.0005,0.0001
2021042858,0.1268,0.0549,0.0719,0,NONE,NO_PREDICTION,REJECTED_ZERO_LABELS,UNKNOWN,0.0012,0.0007,0.0005,0.1268,0.0001,0.0069,0.0549,0.0015,0.0
2021042899,0.9996,0.0023,0.9973,1,Energy Isolation,HIGH,ACCEPT_MODEL_PREDICTED,MODEL_PREDICTED,0.0018,0.0023,0.0003,0.9996,0.0007,0.0001,0.0005,0.0004,0.0005
2021042905,0.0043,0.0003,0.004,0,NONE,NO_PREDICTION,REJECTED_ZERO_LABELS,UNKNOWN,0.0001,0.0001,0.0,0.0043,0.0,0.0003,0.0,0.0,0.0001
2021042927,0.0167,0.0163,0.0004,0,NONE,NO_PREDICTION,REJECTED_ZERO_LABELS,UNKNOWN,0.0,0.0012,0.0,0.0167,0.0163,0.0,0.0,0.0004,0.0103
2021043031,0.1793,0.0092,0.1701,0,NONE,NO_PREDICTION,REJECTED_ZERO_LABELS,UNKNOWN,0.0011,0.0005,0.0076,0.0065,0.0001,0.0092,0.1793,0.0024,0.003
2021043269,0.003,0.0014,0.0016,0,NONE,NO_PREDICTION,REJECTED_ZERO_LABELS,UNKNOWN,0.0,0.0,0.0001,0.003,0.0004,0.0004,0.0,0.0,0.0014
2021043290,0.9859,0.3314,0.6545,1,Work Authorization,HIGH,ACCEPT_MODEL_PREDICTED,MODEL_PREDICTED,0.0102,0.3314,0.0114,0.066,0.1974,0.0005,0.1024,0.9859,0.0137
2021043291,0.9994,0.003,0.9964,1,Energy Isolation,HIGH,ACCEPT_MODEL_PREDICTED,MODEL_PREDICTED,0.0028,0.003,0.0001,0.9994,0.0016,0.0005,0.0004,0.0006,0.0003
2021043459,0.9604,0.0756,0.8848,1,Working at Height,HIGH,ACCEPT_MODEL_PREDICTED,MODEL_PREDICTED,0.0006,0.0006,0.0257,0.0154,0.0036,0.0457,0.0756,0.0015,0.9604
2021043502,0.0001,0.0001,0.0,0,NONE,NO_PREDICTION,REJECTED_ZERO_LABELS,UNKNOWN,0.0,0.0,0.0,0.0001,0.0001,0.0001,0.0,0.0,0.0
2021043503,0.0079,0.0049,0.003,0,NONE,NO_PREDICTION,REJECTED_ZERO_LABELS,UNKNOWN,0.0,0.0,0.0001,0.0049,0.0,0.0001,0.0001,0.0001,0.0079
2021043586,0.0024,0.0023,0.0001,0,NONE,NO_PREDICTION,REJECTED_ZERO_LABELS,UNKNOWN,0.0001,0.0006,0.0024,0.0001,0.0023,0.0002,0.0001,0.0006,0.0021
2021053630,0.0919,0.0098,0.0821,0,NONE,NO_PREDICTION,REJECTED_ZERO_LABELS,UNKNOWN,0.0001,0.0001,0.0,0.0006,0.0011,0.0098,0.0002,0.0,0.0919
2021053647,0.0286,0.0261,0.0025,0,NONE,NO_PREDICTION,REJECTED_ZERO_LABELS,UNKNOWN,0.0,0.0001,0.0286,0.0001,0.0034,0.0001,0.0261,0.0002,0.0
2021053656,0.0007,0.0002,0.0005,0,NONE,NO_PREDICTION,REJECTED_ZERO_LABELS,UNKNOWN,0.0,0.0,0.0,0.0002,0.0,0.0001,0.0007,0.0001,0.0
2021053657,0.0079,0.0012,0.0067,0,NONE,NO_PREDICTION,REJECTED_ZERO_LABELS,UNKNOWN,0.0,0.0001,0.0,0.0079,0.0012,0.0001,0.0001,0.0001,0.0
2021053666,0.0597,0.0455,0.0142,0,NONE,NO_PREDICTION,REJECTED_ZERO_LABELS,UNKNOWN,0.0004,0.0054,0.0455,0.0003,0.0001,0.0,0.0006,0.0597,0.0049
2021053698,0.9962,0.4867,0.5095,1,Hot Work,HIGH,ACCEPT_MODEL_PREDICTED,MODEL_PREDICTED,0.0004,0.1096,0.0021,0.0162,0.9962,0.0008,0.0852,0.4867,0.003
2021053716,0.9847,0.0024,0.9823,1,Energy Isolation,HIGH,ACCEPT_MODEL_PREDICTED,MODEL_PREDICTED,0.0007,0.0006,0.0,0.9847,0.0001,0.0004,0.0006,0.0003,0.0024
2021053922,0.1414,0.0043,0.1371,0,NONE,NO_PREDICTION,REJECTED_ZERO_LABELS,UNKNOWN,0.0,0.0043,0.0005,0.0019,0.1414,0.0,0.0,0.0028,0.0008
2021053931,0.3548,0.0017,0.3531,1,Working at Height,LOW,REJECTED_LOW_CONFIDENCE,UNKNOWN,0.0001,0.0002,0.0003,0.0017,0.0001,0.0016,0.0001,0.0001,0.3548
2021053932,0.9405,0.0383,0.9022,1,Safe Mechanical Lifting,HIGH,ACCEPT_MODEL_PREDICTED,MODEL_PREDICTED,0.0001,0.0004,0.0039,0.0193,0.0383,0.0001,0.9405,0.0062,0.0001
2021053934,0.1645,0.0102,0.1543,0,NONE,NO_PREDICTION,REJECTED_ZERO_LABELS,UNKNOWN,0.0007,0.0102,0.0009,0.0054,0.1645,0.0098,0.0014,0.0082,0.002
2021053936,0.8904,0.1337,0.7567,1,Line of Fire,HIGH,ACCEPT_MODEL_PREDICTED,MODEL_PREDICTED,0.0002,0.0,0.0035,0.0002,0.0001,0.8904,0.1337,0.0,0.001
2021054001,0.9513,0.1394,0.8119,1,Working at Height,HIGH,ACCEPT_MODEL_PREDICTED,MODEL_PREDICTED,0.0034,0.0082,0.0926,0.1394,0.0069,0.0193,0.0004,0.0029,0.9513
2021054034,0.0022,0.0004,0.0018,0,NONE,NO_PREDICTION,REJECTED_ZERO_LABELS,UNKNOWN,0.0001,0.0001,0.0001,0.0022,0.0,0.0003,0.0,0.0001,0.0004
2021054085,0.0005,0.0001,0.0004,0,NONE,NO_PREDICTION,REJECTED_ZERO_LABELS,UNKNOWN,0.0,0.0,0.0,0.0,0.0001,0.0,0.0,0.0,0.0005
2021054189,0.9973,0.0534,0.9439,1,Energy Isolation,HIGH,ACCEPT_MODEL_PREDICTED,MODEL_PREDICTED,0.0015,0.007,0.0008,0.9973,0.0534,0.0014,0.0011,0.0008,0.0301
2021054192,0.7516,0.0075,0.7441,1,Working at Height,HIGH,ACCEPT_MODEL_PREDICTED,MODEL_PREDICTED,0.0001,0.0006,0.0016,0.0075,0.0004,0.0,0.0005,0.0032,0.7516
2021054255,0.0698,0.0007,0.0691,0,NONE,NO_PREDICTION,REJECTED_ZERO_LABELS,UNKNOWN,0.0,0.0,0.0002,0.0,0.0007,0.0,0.0001,0.0001,0.0698
2021054274,0.0354,0.0285,0.0069,0,NONE,NO_PREDICTION,REJECTED_ZERO_LABELS,UNKNOWN,0.0019,0.0169,0.0001,0.0354,0.0285,0.0134,0.0007,0.0022,0.0004
2021054325,0.2339,0.1097,0.1242,1,Line of Fire,LOW,REJECTED_LOW_CONFIDENCE,UNKNOWN,0.0006,0.0012,0.0003,0.1097,0.1025,0.2339,0.0162,0.0001,0.0003
2021054356,0.9503,0.9156,0.0347,2,Energy Isolation | Hot Work,MEDIUM,SENT_TO_HUMAN_REVIEW,UNKNOWN,0.0008,0.138,0.0001,0.9503,0.9156,0.0002,0.0002,0.0297,0.011
2021054373,0.9845,0.0047,0.9798,1,Working at Height,HIGH,ACCEPT_MODEL_PREDICTED,MODEL_PREDICTED,0.0001,0.0002,0.0004,0.0047,0.0013,0.0003,0.0014,0.001,0.9845
2021064448,0.9821,0.0081,0.974,1,Driving,HIGH,ACCEPT_MODEL_PREDICTED,MODEL_PREDICTED,0.0026,0.0081,0.9821,0.0034,0.0013,0.0002,0.0001,0.0067,0.0008
2021064450,0.1342,0.0021,0.1321,0,NONE,NO_PREDICTION,REJECTED_ZERO_LABELS,UNKNOWN,0.0001,0.0002,0.0002,0.0021,0.0001,0.0007,0.0,0.0,0.1342
2021064520,0.9958,0.0209,0.9749,1,Energy Isolation,HIGH,ACCEPT_MODEL_PREDICTED,MODEL_PREDICTED,0.0109,0.0209,0.0019,0.9958,0.0025,0.0003,0.0001,0.0022,0.0004
2021064545,0.006,0.0022,0.0038,0,NONE,NO_PREDICTION,REJECTED_ZERO_LABELS,UNKNOWN,0.0,0.0001,0.0,0.0001,0.006,0.0022,0.0,0.0,0.0003
2021064638,0.2068,0.0156,0.1912,1,Line of Fire,LOW,REJECTED_LOW_CONFIDENCE,UNKNOWN,0.0022,0.0036,0.0023,0.0039,0.0022,0.2068,0.0156,0.0002,0.0
2021064685,0.1526,0.0573,0.0953,0,NONE,NO_PREDICTION,REJECTED_ZERO_LABELS,UNKNOWN,0.0005,0.0001,0.0034,0.0573,0.0001,0.0441,0.1526,0.0001,0.0141
2021064811,0.6567,0.2108,0.4459,1,Work Authorization,MEDIUM,SENT_TO_HUMAN_REVIEW,UNKNOWN,0.0032,0.1428,0.0536,0.0546,0.2108,0.0006,0.1076,0.6567,0.0049
2021064818,0.0091,0.0018,0.0073,0,NONE,NO_PREDICTION,REJECTED_ZERO_LABELS,UNKNOWN,0.0,0.0003,0.0003,0.0004,0.0018,0.0,0.0,0.0002,0.0091
2021064847,0.0006,0.0006,0.0,0,NONE,NO_PREDICTION,REJECTED_ZERO_LABELS,UNKNOWN,0.0,0.0,0.0005,0.0,0.0006,0.0,0.0,0.0,0.0006
2021064858,0.0216,0.0025,0.0191,0,NONE,NO_PREDICTION,REJECTED_ZERO_LABELS,UNKNOWN,0.0001,0.0006,0.0004,0.0001,0.0001,0.0001,0.0216,0.0025,0.0
2021064864,0.0125,0.0109,0.0016,0,NONE,NO_PREDICTION,REJECTED_ZERO_LABELS,UNKNOWN,0.0002,0.0003,0.0002,0.0125,0.0,0.0002,0.0109,0.0013,0.0002
2021064893,0.9994,0.0435,0.9559,1,Safe Mechanical Lifting,HIGH,ACCEPT_MODEL_PREDICTED,MODEL_PREDICTED,0.0002,0.0001,0.0435,0.0038,0.001,0.0007,0.9994,0.0056,0.0006
2021064905,0.0236,0.0084,0.0152,0,NONE,NO_PREDICTION,REJECTED_ZERO_LABELS,UNKNOWN,0.0003,0.0007,0.0084,0.0022,0.0007,0.0058,0.0236,0.0003,0.0
2021065002,0.0383,0.0086,0.0297,0,NONE,NO_PREDICTION,REJECTED_ZERO_LABELS,UNKNOWN,0.0,0.0001,0.0004,0.0086,0.0001,0.0006,0.0,0.0,0.0383
2021065117,0.007,0.0047,0.0023,0,NONE,NO_PREDICTION,REJECTED_ZERO_LABELS,UNKNOWN,0.0001,0.003,0.0001,0.0047,0.0005,0.0,0.0001,0.007,0.0005
2021065121,0.9843,0.414,0.5703,2,Hot Work | Energy Isolation,HIGH,ACCEPT_MODEL_PREDICTED,MODEL_PREDICTED,0.0007,0.2059,0.0007,0.414,0.9843,0.0004,0.0008,0.102,0.0004
2021066389,0.0027,0.0023,0.0004,0,NONE,NO_PREDICTION,REJECTED_ZERO_LABELS,UNKNOWN,0.0001,0.0013,0.0023,0.0003,0.0023,0.0004,0.0002,0.0027,0.0007
2021065167,0.9377,0.0332,0.9045,1,Safe Mechanical Lifting,HIGH,ACCEPT_MODEL_PREDICTED,MODEL_PREDICTED,0.0,0.0,0.0001,0.0332,0.0006,0.0004,0.9377,0.0011,0.0027
2021065187,0.3766,0.0162,0.3604,1,Energy Isolation,LOW,REJECTED_LOW_CONFIDENCE,UNKNOWN,0.0,0.0001,0.0,0.3766,0.001,0.0,0.0162,0.0002,0.0031
2021065194,0.8024,0.014,0.7884,1,Working at Height,HIGH,ACCEPT_MODEL_PREDICTED,MODEL_PREDICTED,0.0001,0.0005,0.0005,0.014,0.0012,0.0002,0.0015,0.0017,0.8024
2021065197,0.9801,0.1884,0.7917,1,Working at Height,HIGH,ACCEPT_MODEL_PREDICTED,MODEL_PREDICTED,0.0041,0.0039,0.1189,0.0518,0.0016,0.1884,0.002,0.0014,0.9801
2021065203,0.0121,0.0087,0.0034,0,NONE,NO_PREDICTION,REJECTED_ZERO_LABELS,UNKNOWN,0.0,0.0,0.0001,0.0001,0.0003,0.0008,0.0087,0.0,0.0121
2021065246,0.0107,0.0012,0.0095,0,NONE,NO_PREDICTION,REJECTED_ZERO_LABELS,UNKNOWN,0.0,0.0001,0.0,0.0001,0.0107,0.0012,0.0007,0.0,0.0
2021065283,0.0027,0.001,0.0017,0,NONE,NO_PREDICTION,REJECTED_ZERO_LABELS,UNKNOWN,0.0,0.0001,0.001,0.0008,0.0007,0.0,0.0,0.0,0.0027
2021065350,0.9761,0.6273,0.3488,3,Energy Isolation | Safe Mechanical Lifting | Line of Fire,HIGH,ACCEPT_MODEL_PREDICTED,MODEL_PREDICTED,0.0275,0.0028,0.0025,0.9761,0.0007,0.5872,0.6273,0.0012,0.008
2021075390,0.9974,0.0329,0.9645,1,Working at Height,HIGH,ACCEPT_MODEL_PREDICTED,MODEL_PREDICTED,0.0003,0.0009,0.0017,0.0329,0.0069,0.0026,0.0012,0.0021,0.9974
2021075392,0.0314,0.0064,0.025,0,NONE,NO_PREDICTION,REJECTED_ZERO_LABELS,UNKNOWN,0.0,0.0,0.0,0.0,0.0005,0.0314,0.0019,0.0,0.0064
2021075430,0.0233,0.0169,0.0064,0,NONE,NO_PREDICTION,REJECTED_ZERO_LABELS,UNKNOWN,0.0,0.0001,0.0001,0.0169,0.0002,0.0001,0.0233,0.0003,0.0007
2021075595,0.9155,0.2359,0.6796,1,Safe Mechanical Lifting,HIGH,ACCEPT_MODEL_PREDICTED,MODEL_PREDICTED,0.0002,0.0,0.0012,0.0428,0.0005,0.1305,0.9155,0.0001,0.2359
2021075598,0.7551,0.0417,0.7134,1,Working at Height,HIGH,ACCEPT_MODEL_PREDICTED,MODEL_PREDICTED,0.0001,0.0006,0.0001,0.0417,0.0012,0.0003,0.0006,0.0011,0.7551
2021075652,0.9998,0.1207,0.8791,1,Safe Mechanical Lifting,HIGH,ACCEPT_MODEL_PREDICTED,MODEL_PREDICTED,0.0019,0.0012,0.0754,0.1207,0.0035,0.007,0.9998,0.0257,0.0022
2021075663,0.0302,0.0141,0.0161,0,NONE,NO_PREDICTION,REJECTED_ZERO_LABELS,UNKNOWN,0.0001,0.0001,0.0,0.0031,0.0005,0.0302,0.0141,0.0,0.0007
2021075698,0.7883,0.0046,0.7837,1,Hot Work,HIGH,ACCEPT_MODEL_PREDICTED,MODEL_PREDICTED,0.0,0.0004,0.0,0.0046,0.7883,0.0001,0.0001,0.0001,0.0
2021075728,0.9416,0.0076,0.934,1,Hot Work,HIGH,ACCEPT_MODEL_PREDICTED,MODEL_PREDICTED,0.0,0.0012,0.0,0.0076,0.9416,0.0001,0.0002,0.0001,0.0
2021075756,0.6761,0.0086,0.6675,1,Hot Work,MEDIUM,SENT_TO_HUMAN_REVIEW,UNKNOWN,0.0,0.0023,0.0,0.0086,0.6761,0.0002,0.0002,0.0003,0.0001
2021075781,0.219,0.0238,0.1952,0,NONE,NO_PREDICTION,REJECTED_ZERO_LABELS,UNKNOWN,0.0006,0.0023,0.0006,0.219,0.005,0.0044,0.0002,0.0005,0.0238
2021075825,0.9352,0.3544,0.5808,2,Working at Height | Safe Mechanical Lifting,HIGH,ACCEPT_MODEL_PREDICTED,MODEL_PREDICTED,0.015,0.0894,0.0481,0.1823,0.0802,0.1402,0.3544,0.1848,0.9352
2021075858,0.0008,0.0002,0.0006,0,NONE,NO_PREDICTION,REJECTED_ZERO_LABELS,UNKNOWN,0.0,0.0,0.0,0.0001,0.0002,0.0,0.0001,0.0,0.0008
2021075867,1.0,0.0103,0.9897,1,Energy Isolation,HIGH,ACCEPT_MODEL_PREDICTED,MODEL_PREDICTED,0.0069,0.0103,0.0002,1.0,0.0038,0.0015,0.0063,0.0009,0.0006
2021075898,0.9733,0.0014,0.9719,1,Working at Height,HIGH,ACCEPT_MODEL_PREDICTED,MODEL_PREDICTED,0.0,0.0002,0.0008,0.0014,0.0004,0.0002,0.0002,0.0006,0.9733
2021075934,0.001,0.0005,0.0005,0,NONE,NO_PREDICTION,REJECTED_ZERO_LABELS,UNKNOWN,0.0001,0.0002,0.0005,0.0001,0.0001,0.0002,0.001,0.0005,0.0
2021075939,0.0119,0.0004,0.0115,0,NONE,NO_PREDICTION,REJECTED_ZERO_LABELS,UNKNOWN,0.0,0.0,0.0001,0.0004,0.0002,0.0,0.0119,0.0002,0.0003
2021075963,0.0017,0.0013,0.0004,0,NONE,NO_PREDICTION,REJECTED_ZERO_LABELS,UNKNOWN,0.0001,0.0006,0.0002,0.0013,0.0003,0.0,0.0001,0.0017,0.0002
2021075964,0.1697,0.0191,0.1506,0,NONE,NO_PREDICTION,REJECTED_ZERO_LABELS,UNKNOWN,0.0019,0.0191,0.001,0.1697,0.0031,0.002,0.0002,0.0042,0.0053
2021075989,0.0495,0.0141,0.0354,0,NONE,NO_PREDICTION,REJECTED_ZERO_LABELS,UNKNOWN,0.0,0.0,0.0005,0.0043,0.0001,0.0003,0.0495,0.0001,0.0141
2021077496,0.3167,0.0362,0.2805,1,Safe Mechanical Lifting,LOW,REJECTED_LOW_CONFIDENCE,UNKNOWN,0.0,0.0001,0.0001,0.0362,0.002,0.0001,0.3167,0.0016,0.0001
2021076087,0.5571,0.3179,0.2392,3,Hot Work | Energy Isolation | Working at Height,MEDIUM,SENT_TO_HUMAN_REVIEW,UNKNOWN,0.0002,0.008,0.0021,0.3179,0.5571,0.0003,0.1852,0.029,0.312
2021076136,0.9111,0.5283,0.3828,2,Safe Mechanical Lifting | Energy Isolation,HIGH,ACCEPT_MODEL_PREDICTED,MODEL_PREDICTED,0.0229,0.03,0.0317,0.5283,0.0018,0.0225,0.9111,0.2293,0.007
2021076146,0.9995,0.1306,0.8689,1,Energy Isolation,HIGH,ACCEPT_MODEL_PREDICTED,MODEL_PREDICTED,0.0397,0.1306,0.0008,0.9995,0.0462,0.0144,0.0079,0.0098,0.035
2021076172,0.003,0.0012,0.0018,0,NONE,NO_PREDICTION,REJECTED_ZERO_LABELS,UNKNOWN,0.0,0.0,0.0006,0.0002,0.0,0.003,0.0012,0.0,0.0002
2021076197,0.0026,0.0006,0.002,0,NONE,NO_PREDICTION,REJECTED_ZERO_LABELS,UNKNOWN,0.0,0.0,0.0001,0.0006,0.0001,0.0,0.0,0.0,0.0026
2021076257,0.0015,0.0004,0.0011,0,NONE,NO_PREDICTION,REJECTED_ZERO_LABELS,UNKNOWN,0.0,0.0,0.0,0.0002,0.0015,0.0004,0.0,0.0,0.0001
2021076285,0.047,0.0009,0.0461,0,NONE,NO_PREDICTION,REJECTED_ZERO_LABELS,UNKNOWN,0.0,0.0002,0.0002,0.0002,0.047,0.0009,0.0007,0.0,0.0009
2021076287,0.7498,0.4024,0.3474,2,Work Authorization | Safe Mechanical Lifting,HIGH,ACCEPT_MODEL_PREDICTED,MODEL_PREDICTED,0.0005,0.0787,0.0091,0.0192,0.4024,0.0003,0.2789,0.7498,0.0872
2021076304,0.9982,0.006,0.9922,1,Energy Isolation,HIGH,ACCEPT_MODEL_PREDICTED,MODEL_PREDICTED,0.0022,0.006,0.0001,0.9982,0.0039,0.0007,0.0012,0.0009,0.0009
2021076306,0.0022,0.0008,0.0014,0,NONE,NO_PREDICTION,REJECTED_ZERO_LABELS,UNKNOWN,0.0001,0.0022,0.0001,0.0008,0.0002,0.0001,0.0001,0.0008,0.0
2021076347,0.1333,0.0074,0.1259,0,NONE,NO_PREDICTION,REJECTED_ZERO_LABELS,UNKNOWN,0.0002,0.0001,0.0001,0.0074,0.0022,0.1333,0.005,0.0,0.0006
2021086464,0.9997,0.0082,0.9915,1,Driving,HIGH,ACCEPT_MODEL_PREDICTED,MODEL_PREDICTED,0.0014,0.0005,0.9997,0.0012,0.0007,0.0008,0.0011,0.0013,0.0082
2021086483,0.1917,0.0724,0.1193,0,NONE,NO_PREDICTION,REJECTED_ZERO_LABELS,UNKNOWN,0.0026,0.0023,0.0002,0.0724,0.0008,0.1917,0.001,0.0001,0.0074
2021086495,0.0039,0.0024,0.0015,0,NONE,NO_PREDICTION,REJECTED_ZERO_LABELS,UNKNOWN,0.0,0.0,0.0001,0.0001,0.0039,0.0024,0.0015,0.0,0.0012
2021086547,0.0022,0.0015,0.0007,0,NONE,NO_PREDICTION,REJECTED_ZERO_LABELS,UNKNOWN,0.0001,0.0,0.0002,0.0015,0.0001,0.0022,0.0007,0.0,0.0002
2021086581,0.0201,0.0152,0.0049,0,NONE,NO_PREDICTION,REJECTED_ZERO_LABELS,UNKNOWN,0.0,0.0002,0.0,0.0152,0.0007,0.0,0.0201,0.0021,0.0
2021086609,0.2728,0.0622,0.2106,1,Working at Height,LOW,REJECTED_LOW_CONFIDENCE,UNKNOWN,0.0016,0.0015,0.0056,0.018,0.0002,0.0622,0.0002,0.0002,0.2728
2021086744,0.9954,0.0967,0.8987,1,Driving,HIGH,ACCEPT_MODEL_PREDICTED,MODEL_PREDICTED,0.0125,0.0131,0.9954,0.066,0.002,0.004,0.0034,0.0217,0.0967
2021086753,0.916,0.7611,0.1549,2,Driving | Working at Height,HIGH,ACCEPT_MODEL_PREDICTED,MODEL_PREDICTED,0.0008,0.005,0.916,0.0194,0.0711,0.0016,0.006,0.0114,0.7611
2021086898,0.136,0.0062,0.1298,0,NONE,NO_PREDICTION,REJECTED_ZERO_LABELS,UNKNOWN,0.0006,0.0018,0.136,0.0018,0.0062,0.0002,0.0003,0.0017,0.0
2021086899,0.9914,0.0167,0.9747,1,Driving,HIGH,ACCEPT_MODEL_PREDICTED,MODEL_PREDICTED,0.0016,0.0009,0.9914,0.0005,0.0002,0.0151,0.0167,0.0013,0.0061
2021086966,0.0007,0.0002,0.0005,0,NONE,NO_PREDICTION,REJECTED_ZERO_LABELS,UNKNOWN,0.0,0.0001,0.0001,0.0,0.0002,0.0001,0.0007,0.0001,0.0001
2021086980,0.8884,0.4482,0.4402,2,Safe Mechanical Lifting | Driving,HIGH,ACCEPT_MODEL_PREDICTED,MODEL_PREDICTED,0.0001,0.0,0.4482,0.0012,0.0004,0.0001,0.8884,0.0027,0.0254
2021087009,0.9999,0.0376,0.9623,1,Safe Mechanical Lifting,HIGH,ACCEPT_MODEL_PREDICTED,MODEL_PREDICTED,0.0003,0.0001,0.0376,0.0029,0.0011,0.0074,0.9999,0.0076,0.022
2021087029,0.0828,0.0405,0.0423,0,NONE,NO_PREDICTION,REJECTED_ZERO_LABELS,UNKNOWN,0.0014,0.0045,0.0022,0.0102,0.0405,0.0828,0.0059,0.0006,0.0008
2021087059,0.0175,0.0035,0.014,0,NONE,NO_PREDICTION,REJECTED_ZERO_LABELS,UNKNOWN,0.0004,0.0006,0.0001,0.0035,0.0002,0.0175,0.0017,0.0002,0.0016
2021087185,0.0014,0.0013,0.0001,0,NONE,NO_PREDICTION,REJECTED_ZERO_LABELS,UNKNOWN,0.0,0.0,0.0,0.0014,0.0006,0.0004,0.0013,0.0,0.0004
2021087419,0.1279,0.0211,0.1068,0,NONE,NO_PREDICTION,REJECTED_ZERO_LABELS,UNKNOWN,0.0002,0.0001,0.0034,0.0016,0.001,0.0211,0.0031,0.0002,0.1279
2021087447,0.9997,0.0643,0.9354,1,Energy Isolation,HIGH,ACCEPT_MODEL_PREDICTED,MODEL_PREDICTED,0.0379,0.0643,0.0009,0.9997,0.0046,0.0267,0.0619,0.0054,0.017
2021097510,0.0588,0.0082,0.0506,0,NONE,NO_PREDICTION,REJECTED_ZERO_LABELS,UNKNOWN,0.001,0.0005,0.0004,0.0082,0.0,0.0588,0.0003,0.0,0.0
2021097577,0.2672,0.0721,0.1951,1,Line of Fire,LOW,REJECTED_LOW_CONFIDENCE,UNKNOWN,0.0,0.0,0.0003,0.0,0.0,0.2672,0.0721,0.0,0.0035
2021097582,0.041,0.0354,0.0056,0,NONE,NO_PREDICTION,REJECTED_ZERO_LABELS,UNKNOWN,0.0001,0.0047,0.0,0.0127,0.041,0.0001,0.0001,0.0051,0.0354
2021097620,0.0028,0.0024,0.0004,0,NONE,NO_PREDICTION,REJECTED_ZERO_LABELS,UNKNOWN,0.0,0.0002,0.0001,0.0024,0.0016,0.0002,0.0,0.0,0.0028
2021097652,0.1439,0.0003,0.1436,0,NONE,NO_PREDICTION,REJECTED_ZERO_LABELS,UNKNOWN,0.0,0.0,0.0002,0.0,0.0001,0.0001,0.1439,0.0003,0.0001
2021097655,0.4853,0.1429,0.3424,1,Safe Mechanical Lifting,MEDIUM,SENT_TO_HUMAN_REVIEW,UNKNOWN,0.0,0.0,0.0004,0.0,0.1429,0.0005,0.4853,0.0001,0.0011
2021097714,0.138,0.0003,0.1377,0,NONE,NO_PREDICTION,REJECTED_ZERO_LABELS,UNKNOWN,0.0,0.0,0.0002,0.0003,0.0001,0.0,0.0001,0.0002,0.138
2021097806,0.9972,0.0509,0.9463,1,Safe Mechanical Lifting,HIGH,ACCEPT_MODEL_PREDICTED,MODEL_PREDICTED,0.0002,0.0001,0.0092,0.0342,0.0049,0.0107,0.9972,0.0018,0.0509
2021097880,0.9939,0.0261,0.9678,1,Line of Fire,HIGH,ACCEPT_MODEL_PREDICTED,MODEL_PREDICTED,0.0023,0.0002,0.0032,0.0006,0.0007,0.9939,0.0261,0.0,0.0186
2021097953,0.8807,0.0106,0.8701,1,Line of Fire,HIGH,ACCEPT_MODEL_PREDICTED,MODEL_PREDICTED,0.001,0.0001,0.0003,0.0008,0.0002,0.8807,0.0106,0.0,0.0003
2021098049,0.9951,0.1091,0.886,1,Energy Isolation,HIGH,ACCEPT_MODEL_PREDICTED,MODEL_PREDICTED,0.0002,0.0162,0.0,0.9951,0.0367,0.0001,0.0,0.0017,0.1091
2021098098,0.0652,0.0204,0.0448,0,NONE,NO_PREDICTION,REJECTED_ZERO_LABELS,UNKNOWN,0.0,0.0003,0.0,0.0652,0.003,0.0,0.0,0.0001,0.0204
2021098117,0.5672,0.083,0.4842,1,Line of Fire,MEDIUM,SENT_TO_HUMAN_REVIEW,UNKNOWN,0.0009,0.001,0.0003,0.083,0.0018,0.5672,0.0021,0.0,0.0052
2021098129,0.0245,0.0036,0.0209,0,NONE,NO_PREDICTION,REJECTED_ZERO_LABELS,UNKNOWN,0.0001,0.0001,0.0005,0.0003,0.0,0.0036,0.0245,0.0001,0.0001
2021098147,0.0064,0.0001,0.0063,0,NONE,NO_PREDICTION,REJECTED_ZERO_LABELS,UNKNOWN,0.0,0.0,0.0001,0.0001,0.0,0.0001,0.0064,0.0001,0.0
2021098190,0.3817,0.1203,0.2614,1,Energy Isolation,LOW,REJECTED_LOW_CONFIDENCE,UNKNOWN,0.0002,0.006,0.0003,0.3817,0.0809,0.0001,0.1203,0.0433,0.0147
2021098260,0.3756,0.0399,0.3357,1,Safe Mechanical Lifting,LOW,REJECTED_LOW_CONFIDENCE,UNKNOWN,0.0,0.0002,0.0055,0.0399,0.0114,0.0,0.3756,0.0011,0.0003
2021098271,0.3973,0.064,0.3333,0,NONE,NO_PREDICTION,REJECTED_ZERO_LABELS,UNKNOWN,0.0001,0.0048,0.0001,0.064,0.3973,0.0004,0.0001,0.0012,0.0327
2021098289,0.9988,0.0899,0.9089,1,Driving,HIGH,ACCEPT_MODEL_PREDICTED,MODEL_PREDICTED,0.0047,0.009,0.9988,0.0469,0.0899,0.0013,0.0288,0.0459,0.0368
2021098317,0.965,0.0937,0.8713,1,Driving,HIGH,ACCEPT_MODEL_PREDICTED,MODEL_PREDICTED,0.0086,0.0249,0.965,0.0937,0.0334,0.0088,0.0191,0.0501,0.0191
2021098326,0.9708,0.9457,0.0251,2,Line of Fire | Safe Mechanical Lifting,MEDIUM,SENT_TO_HUMAN_REVIEW,UNKNOWN,0.0018,0.0001,0.0033,0.0159,0.0009,0.9708,0.9457,0.0001,0.004
2021098433,0.9956,0.1266,0.869,1,Energy Isolation,HIGH,ACCEPT_MODEL_PREDICTED,MODEL_PREDICTED,0.0014,0.0146,0.0001,0.9956,0.0132,0.0007,0.0001,0.0025,0.1266
2021098434,0.2895,0.0409,0.2486,1,Working at Height,LOW,REJECTED_LOW_CONFIDENCE,UNKNOWN,0.0004,0.0009,0.005,0.0409,0.0002,0.0007,0.0007,0.001,0.2895
2021108500,0.6143,0.0005,0.6138,1,Safe Mechanical Lifting,MEDIUM,SENT_TO_HUMAN_REVIEW,UNKNOWN,0.0,0.0,0.0005,0.0001,0.0002,0.0,0.6143,0.0002,0.0001
2021108549,0.4599,0.1626,0.2973,1,Line of Fire,MEDIUM,SENT_TO_HUMAN_REVIEW,UNKNOWN,0.0006,0.0003,0.0001,0.1626,0.0004,0.4599,0.001,0.0,0.0783
2021108560,0.3489,0.1655,0.1834,0,NONE,NO_PREDICTION,REJECTED_ZERO_LABELS,UNKNOWN,0.0001,0.0016,0.0,0.1655,0.3489,0.0012,0.0025,0.0013,0.0242
2021108596,0.6225,0.0691,0.5534,1,Energy Isolation,MEDIUM,SENT_TO_HUMAN_REVIEW,UNKNOWN,0.0038,0.0022,0.0002,0.6225,0.0013,0.0691,0.0089,0.0005,0.0009
2021108649,0.0051,0.0005,0.0046,0,NONE,NO_PREDICTION,REJECTED_ZERO_LABELS,UNKNOWN,0.0,0.0001,0.0005,0.0,0.0002,0.0001,0.0051,0.0005,0.0001
2021108718,1.0,0.0616,0.9384,1,Hot Work,HIGH,ACCEPT_MODEL_PREDICTED,MODEL_PREDICTED,0.0001,0.0616,0.0,0.0108,1.0,0.0051,0.0005,0.0023,0.0005
2021108773,0.9904,0.3953,0.5951,2,Safe Mechanical Lifting | Working at Height,HIGH,ACCEPT_MODEL_PREDICTED,MODEL_PREDICTED,0.0,0.0,0.0037,0.0023,0.0071,0.0,0.9904,0.0062,0.3953
2021108797,0.0006,0.0002,0.0004,0,NONE,NO_PREDICTION,REJECTED_ZERO_LABELS,UNKNOWN,0.0,0.0,0.0001,0.0,0.0,0.0,0.0006,0.0,0.0002
2021108821,0.9981,0.0359,0.9622,1,Driving,HIGH,ACCEPT_MODEL_PREDICTED,MODEL_PREDICTED,0.0031,0.0005,0.9981,0.0052,0.0001,0.0359,0.0156,0.0009,0.018
20211011196,0.7179,0.0481,0.6698,1,Line of Fire,HIGH,ACCEPT_MODEL_PREDICTED,MODEL_PREDICTED,0.0008,0.0,0.0004,0.002,0.0001,0.7179,0.0481,0.0,0.0043
2021108947,0.9995,0.0665,0.933,1,Safe Mechanical Lifting,HIGH,ACCEPT_MODEL_PREDICTED,MODEL_PREDICTED,0.0004,0.0001,0.0123,0.0665,0.0005,0.023,0.9995,0.0009,0.0059
2021109010,0.9025,0.1311,0.7714,1,Working at Height,HIGH,ACCEPT_MODEL_PREDICTED,MODEL_PREDICTED,0.0007,0.0003,0.011,0.0023,0.0001,0.1311,0.047,0.0006,0.9025
2021109047,0.9867,0.0067,0.98,1,Safe Mechanical Lifting,HIGH,ACCEPT_MODEL_PREDICTED,MODEL_PREDICTED,0.0,0.0,0.0029,0.0067,0.0008,0.0002,0.9867,0.0012,0.0005
2021109084,0.7441,0.0474,0.6967,1,Energy Isolation,HIGH,ACCEPT_MODEL_PREDICTED,MODEL_PREDICTED,0.0024,0.015,0.0015,0.7441,0.0474,0.0077,0.0003,0.0031,0.0073
2021109142,0.0009,0.0003,0.0006,0,NONE,NO_PREDICTION,REJECTED_ZERO_LABELS,UNKNOWN,0.0,0.0,0.0,0.0001,0.0009,0.0003,0.0002,0.0,0.0
2021109161,0.9884,0.0821,0.9063,1,Hot Work,HIGH,ACCEPT_MODEL_PREDICTED,MODEL_PREDICTED,0.0001,0.0238,0.0002,0.0821,0.9884,0.0004,0.0,0.0011,0.0005
2021109176,0.9982,0.0116,0.9866,1,Working at Height,HIGH,ACCEPT_MODEL_PREDICTED,MODEL_PREDICTED,0.0,0.0,0.0014,0.0044,0.0006,0.003,0.0116,0.0,0.9982
2021109197,0.0014,0.001,0.0004,0,NONE,NO_PREDICTION,REJECTED_ZERO_LABELS,UNKNOWN,0.0001,0.0001,0.0004,0.0002,0.0,0.0014,0.001,0.0001,0.0004
2021109252,0.0013,0.001,0.0003,0,NONE,NO_PREDICTION,REJECTED_ZERO_LABELS,UNKNOWN,0.0,0.0001,0.0,0.001,0.0002,0.0001,0.0013,0.0002,0.0009
2021109324,0.997,0.0237,0.9733,1,Energy Isolation,HIGH,ACCEPT_MODEL_PREDICTED,MODEL_PREDICTED,0.0026,0.0048,0.0001,0.997,0.0237,0.0096,0.0124,0.0004,0.0002
2021119423,0.9245,0.0876,0.8369,1,Hot Work,HIGH,ACCEPT_MODEL_PREDICTED,MODEL_PREDICTED,0.0,0.0013,0.0,0.0876,0.9245,0.0,0.0,0.0002,0.0001
2021119451,0.9894,0.4494,0.54,2,Working at Height | Safe Mechanical Lifting,HIGH,ACCEPT_MODEL_PREDICTED,MODEL_PREDICTED,0.0011,0.0012,0.0084,0.0184,0.0617,0.1302,0.4494,0.0025,0.9894
2021119534,0.5839,0.0038,0.5801,1,Working at Height,MEDIUM,SENT_TO_HUMAN_REVIEW,UNKNOWN,0.0,0.0001,0.0002,0.0038,0.0002,0.002,0.0,0.0,0.5839
2021119597,0.0004,0.0001,0.0003,0,NONE,NO_PREDICTION,REJECTED_ZERO_LABELS,UNKNOWN,0.0,0.0,0.0,0.0004,0.0,0.0001,0.0,0.0,0.0001
2021119635,0.1189,0.0371,0.0818,0,NONE,NO_PREDICTION,REJECTED_ZERO_LABELS,UNKNOWN,0.0001,0.0,0.0071,0.0,0.0001,0.0045,0.1189,0.0005,0.0371
2021119791,0.6348,0.4842,0.1506,2,Energy Isolation | Working at Height,MEDIUM,SENT_TO_HUMAN_REVIEW,UNKNOWN,0.0012,0.0011,0.0004,0.6348,0.001,0.0299,0.0219,0.0014,0.4842
2021119854,0.0251,0.0042,0.0209,0,NONE,NO_PREDICTION,REJECTED_ZERO_LABELS,UNKNOWN,0.0006,0.0042,0.0008,0.0251,0.0016,0.0019,0.0,0.0003,0.0
2021119877,0.061,0.0075,0.0535,0,NONE,NO_PREDICTION,REJECTED_ZERO_LABELS,UNKNOWN,0.0,0.0014,0.0,0.061,0.0075,0.0,0.0002,0.0017,0.0021
2021119925,0.991,0.0111,0.9799,1,Driving,HIGH,ACCEPT_MODEL_PREDICTED,MODEL_PREDICTED,0.0058,0.0062,0.991,0.0111,0.0035,0.0074,0.0016,0.0039,0.0087
2021119952,0.0058,0.0007,0.0051,0,NONE,NO_PREDICTION,REJECTED_ZERO_LABELS,UNKNOWN,0.0001,0.0001,0.0002,0.0007,0.0002,0.0058,0.0001,0.0,0.0001
2021119965,0.8121,0.7705,0.0416,2,Line of Fire | Safe Mechanical Lifting,MEDIUM,SENT_TO_HUMAN_REVIEW,UNKNOWN,0.0015,0.0004,0.0017,0.0476,0.0188,0.8121,0.7705,0.0001,0.0005
20211110001,0.9999,0.0457,0.9542,1,Safe Mechanical Lifting,HIGH,ACCEPT_MODEL_PREDICTED,MODEL_PREDICTED,0.0003,0.0001,0.0457,0.0162,0.0004,0.0061,0.9999,0.0038,0.0037
20211110017,0.8503,0.1118,0.7385,1,Safe Mechanical Lifting,HIGH,ACCEPT_MODEL_PREDICTED,MODEL_PREDICTED,0.0008,0.0006,0.0015,0.1118,0.0005,0.0246,0.8503,0.0081,0.0392
2021119990,0.0613,0.0578,0.0035,0,NONE,NO_PREDICTION,REJECTED_ZERO_LABELS,UNKNOWN,0.0015,0.0024,0.0613,0.0578,0.0005,0.002,0.0002,0.0007,0.0005
20211110034,0.0477,0.0015,0.0462,0,NONE,NO_PREDICTION,REJECTED_ZERO_LABELS,UNKNOWN,0.0,0.0015,0.0001,0.0008,0.0477,0.0004,0.0001,0.0006,0.0
20211110151,0.38,0.0067,0.3733,1,Line of Fire,LOW,REJECTED_LOW_CONFIDENCE,UNKNOWN,0.0006,0.0002,0.0067,0.002,0.0013,0.38,0.0059,0.0,0.0012
20211110210,0.0011,0.0002,0.0009,0,NONE,NO_PREDICTION,REJECTED_ZERO_LABELS,UNKNOWN,0.0,0.0002,0.0,0.0011,0.0001,0.0001,0.0,0.0,0.0002
20211210301,0.0018,0.0017,0.0001,0,NONE,NO_PREDICTION,REJECTED_ZERO_LABELS,UNKNOWN,0.0001,0.0017,0.0014,0.0003,0.0018,0.0008,0.0001,0.0002,0.0012
20211210302,0.935,0.0678,0.8672,1,Driving,HIGH,ACCEPT_MODEL_PREDICTED,MODEL_PREDICTED,0.0004,0.0001,0.935,0.0004,0.0,0.0071,0.0158,0.0005,0.0678
20211210306,0.9782,0.7915,0.1867,3,Driving | Working at Height | Safe Mechanical Lifting,HIGH,ACCEPT_MODEL_PREDICTED,MODEL_PREDICTED,0.0008,0.0008,0.9782,0.0421,0.0104,0.0001,0.745,0.0525,0.7915
20211210341,0.9953,0.0223,0.973,1,Working at Height,HIGH,ACCEPT_MODEL_PREDICTED,MODEL_PREDICTED,0.0007,0.0011,0.0009,0.0223,0.0082,0.0168,0.0118,0.0068,0.9953
20211210349,0.5729,0.0115,0.5614,1,Working at Height,MEDIUM,SENT_TO_HUMAN_REVIEW,UNKNOWN,0.0001,0.0001,0.0002,0.0115,0.0001,0.0013,0.0001,0.0,0.5729
20211210415,0.936,0.5423,0.3937,2,Working at Height | Safe Mechanical Lifting,HIGH,ACCEPT_MODEL_PREDICTED,MODEL_PREDICTED,0.0004,0.0001,0.0978,0.0025,0.0003,0.1366,0.5423,0.0006,0.936
20211210513,0.9958,0.0284,0.9674,1,Line of Fire,HIGH,ACCEPT_MODEL_PREDICTED,MODEL_PREDICTED,0.0036,0.0003,0.003,0.0016,0.0018,0.9958,0.0284,0.0,0.0004
20211210525,0.381,0.1753,0.2057,1,Working at Height,LOW,REJECTED_LOW_CONFIDENCE,UNKNOWN,0.0003,0.0,0.0222,0.0029,0.0,0.1753,0.1562,0.0001,0.381
20211210538,0.0039,0.0033,0.0006,0,NONE,NO_PREDICTION,REJECTED_ZERO_LABELS,UNKNOWN,0.0008,0.0033,0.0004,0.0039,0.0002,0.0015,0.0,0.0009,0.0012
20211210584,0.9996,0.1091,0.8905,1,Hot Work,HIGH,ACCEPT_MODEL_PREDICTED,MODEL_PREDICTED,0.0003,0.1091,0.0002,0.0123,0.9996,0.0121,0.0004,0.0084,0.0017
20211210609,0.0353,0.0015,0.0338,0,NONE,NO_PREDICTION,REJECTED_ZERO_LABELS,UNKNOWN,0.0001,0.0002,0.0001,0.0015,0.0,0.0004,0.0002,0.0001,0.0353
20211210653,0.0232,0.0059,0.0173,0,NONE,NO_PREDICTION,REJECTED_ZERO_LABELS,UNKNOWN,0.0001,0.0,0.0004,0.0059,0.0,0.0015,0.0232,0.0001,0.0019
20211210759,0.0143,0.0021,0.0122,0,NONE,NO_PREDICTION,REJECTED_ZERO_LABELS,UNKNOWN,0.0,0.0001,0.0,0.0021,0.0001,0.0003,0.0,0.0001,0.0143
20211210790,0.1186,0.0292,0.0894,0,NONE,NO_PREDICTION,REJECTED_ZERO_LABELS,UNKNOWN,0.0014,0.0056,0.0007,0.1186,0.0151,0.0292,0.0039,0.0009,0.0
20211210831,0.9973,0.1254,0.8719,1,Safe Mechanical Lifting,HIGH,ACCEPT_MODEL_PREDICTED,MODEL_PREDICTED,0.001,0.0002,0.0179,0.1254,0.0009,0.0587,0.9973,0.0023,0.0233
20211210869,0.008,0.0052,0.0028,0,NONE,NO_PREDICTION,REJECTED_ZERO_LABELS,UNKNOWN,0.0002,0.0002,0.008,0.0,0.0,0.0052,0.0018,0.0001,0.0001
20211210915,0.9398,0.3368,0.603,2,Driving | Working at Height,HIGH,ACCEPT_MODEL_PREDICTED,MODEL_PREDICTED,0.0017,0.0129,0.9398,0.0006,0.0042,0.0009,0.0002,0.0054,0.3368
20211210928,0.0022,0.001,0.0012,0,NONE,NO_PREDICTION,REJECTED_ZERO_LABELS,UNKNOWN,0.0,0.0,0.0001,0.0022,0.0,0.001,0.001,0.0,0.0003
20211211057,0.6587,0.0637,0.595,1,Safe Mechanical Lifting,MEDIUM,SENT_TO_HUMAN_REVIEW,UNKNOWN,0.0005,0.0034,0.0005,0.025,0.0172,0.008,0.6587,0.0637,0.003
20211211176,0.0382,0.0066,0.0316,0,NONE,NO_PREDICTION,REJECTED_ZERO_LABELS,UNKNOWN,0.0003,0.0003,0.0009,0.0066,0.0013,0.0382,0.0001,0.0,0.0006
20211211193,0.0231,0.0024,0.0207,0,NONE,NO_PREDICTION,REJECTED_ZERO_LABELS,UNKNOWN,0.0,0.0,0.0003,0.0022,0.0,0.0002,0.0231,0.0005,0.0024
2022010005,0.9766,0.0958,0.8808,1,Working at Height,HIGH,ACCEPT_MODEL_PREDICTED,MODEL_PREDICTED,0.0004,0.0003,0.012,0.0336,0.0003,0.0958,0.024,0.0002,0.9766
2022010029,0.0003,0.0001,0.0002,0,NONE,NO_PREDICTION,REJECTED_ZERO_LABELS,UNKNOWN,0.0,0.0,0.0001,0.0001,0.0001,0.0001,0.0003,0.0,0.0
2022010138,0.9992,0.0224,0.9768,1,Hot Work,HIGH,ACCEPT_MODEL_PREDICTED,MODEL_PREDICTED,0.0,0.0224,0.0,0.0008,0.9992,0.0002,0.0001,0.0049,0.0001
2022010172,0.0007,0.0006,0.0001,0,NONE,NO_PREDICTION,REJECTED_ZERO_LABELS,UNKNOWN,0.0001,0.0002,0.0002,0.0006,0.0001,0.0004,0.0005,0.0003,0.0007
2022010187,0.9005,0.0258,0.8747,1,Driving,HIGH,ACCEPT_MODEL_PREDICTED,MODEL_PREDICTED,0.0003,0.0006,0.9005,0.0007,0.0016,0.0002,0.0011,0.0005,0.0258
2022010208,0.8618,0.4402,0.4216,1,Working at Height,HIGH,ACCEPT_MODEL_PREDICTED,MODEL_PREDICTED,0.0002,0.0171,0.0045,0.0097,0.0249,0.0,0.0027,0.4402,0.8618
2022010216,0.9934,0.0315,0.9619,1,Working at Height,HIGH,ACCEPT_MODEL_PREDICTED,MODEL_PREDICTED,0.0,0.0,0.0031,0.002,0.0043,0.0058,0.0315,0.0002,0.9934
2022010265,0.9994,0.061,0.9384,1,Safe Mechanical Lifting,HIGH,ACCEPT_MODEL_PREDICTED,MODEL_PREDICTED,0.0001,0.0,0.0163,0.0009,0.0022,0.061,0.9994,0.0004,0.005
2022010271,0.8971,0.4153,0.4818,2,Safe Mechanical Lifting | Energy Isolation,HIGH,ACCEPT_MODEL_PREDICTED,MODEL_PREDICTED,0.0002,0.0002,0.0026,0.4153,0.005,0.0002,0.8971,0.0024,0.0029
2022010301,0.1451,0.0427,0.1024,0,NONE,NO_PREDICTION,REJECTED_ZERO_LABELS,UNKNOWN,0.0006,0.0049,0.0086,0.0427,0.0281,0.0051,0.0003,0.0016,0.1451
2022010316,0.0039,0.0037,0.0002,0,NONE,NO_PREDICTION,REJECTED_ZERO_LABELS,UNKNOWN,0.0002,0.0039,0.0034,0.0004,0.0012,0.0008,0.0019,0.0037,0.0002
2022010318,0.7535,0.4293,0.3242,2,Hot Work | Energy Isolation,HIGH,ACCEPT_MODEL_PREDICTED,MODEL_PREDICTED,0.0001,0.0146,0.0,0.4293,0.7535,0.0003,0.0001,0.0013,0.0001
2022010390,0.0014,0.0005,0.0009,0,NONE,NO_PREDICTION,REJECTED_ZERO_LABELS,UNKNOWN,0.0,0.0,0.0,0.0001,0.0014,0.0,0.0005,0.0001,0.0
2022010413,0.0053,0.0017,0.0036,0,NONE,NO_PREDICTION,REJECTED_ZERO_LABELS,UNKNOWN,0.0001,0.0,0.0015,0.0003,0.0,0.0017,0.0053,0.0001,0.0003
2022010418,0.008,0.0004,0.0076,0,NONE,NO_PREDICTION,REJECTED_ZERO_LABELS,UNKNOWN,0.0,0.0,0.0004,0.0001,0.0004,0.0001,0.008,0.0004,0.0001
2022010560,0.6206,0.0399,0.5807,1,Line of Fire,MEDIUM,SENT_TO_HUMAN_REVIEW,UNKNOWN,0.0024,0.0005,0.0004,0.0079,0.0,0.6206,0.0399,0.0001,0.0003
2022010566,0.1419,0.0187,0.1232,0,NONE,NO_PREDICTION,REJECTED_ZERO_LABELS,UNKNOWN,0.0001,0.0,0.0,0.0001,0.0026,0.1419,0.0187,0.0,0.0001
2022010607,0.8831,0.0281,0.855,1,Safe Mechanical Lifting,HIGH,ACCEPT_MODEL_PREDICTED,MODEL_PREDICTED,0.0004,0.0001,0.0281,0.0014,0.0001,0.0193,0.8831,0.0004,0.0027
2022010609,0.9716,0.0019,0.9697,1,Driving,HIGH,ACCEPT_MODEL_PREDICTED,MODEL_PREDICTED,0.0001,0.0005,0.9716,0.0001,0.0005,0.0,0.0,0.0006,0.0019
2022010615,0.9918,0.3317,0.6601,2,Driving | Working at Height,HIGH,ACCEPT_MODEL_PREDICTED,MODEL_PREDICTED,0.0002,0.0003,0.9918,0.0001,0.0008,0.0001,0.0049,0.0059,0.3317
2022010626,0.0242,0.0036,0.0206,0,NONE,NO_PREDICTION,REJECTED_ZERO_LABELS,UNKNOWN,0.0001,0.0004,0.0008,0.0036,0.0006,0.0004,0.0001,0.0002,0.0242
2022010682,0.3351,0.0031,0.332,0,NONE,NO_PREDICTION,REJECTED_ZERO_LABELS,UNKNOWN,0.0001,0.003,0.0009,0.0009,0.3351,0.0004,0.0002,0.0008,0.0031
2022010747,0.0374,0.0187,0.0187,0,NONE,NO_PREDICTION,REJECTED_ZERO_LABELS,UNKNOWN,0.0008,0.0021,0.0187,0.0008,0.0033,0.0102,0.001,0.0024,0.0374
2022010777,0.2286,0.0004,0.2282,0,NONE,NO_PREDICTION,REJECTED_ZERO_LABELS,UNKNOWN,0.0,0.0,0.0,0.0002,0.0004,0.0001,0.0,0.0,0.2286
2022010791,0.1114,0.0028,0.1086,0,NONE,NO_PREDICTION,REJECTED_ZERO_LABELS,UNKNOWN,0.0,0.0009,0.0,0.0028,0.1114,0.0002,0.0,0.0001,0.0002
2022010826,0.9584,0.1684,0.79,1,Driving,HIGH,ACCEPT_MODEL_PREDICTED,MODEL_PREDICTED,0.0004,0.0021,0.9584,0.0001,0.1684,0.0063,0.0005,0.0007,0.0035
2022010854,0.0003,0.0003,0.0,0,NONE,NO_PREDICTION,REJECTED_ZERO_LABELS,UNKNOWN,0.0,0.0001,0.0002,0.0002,0.0,0.0,0.0003,0.0003,0.0003
2022010873,0.0009,0.0005,0.0004,0,NONE,NO_PREDICTION,REJECTED_ZERO_LABELS,UNKNOWN,0.0,0.0,0.0001,0.0002,0.0002,0.0009,0.0,0.0,0.0005
2022010883,0.4467,0.0047,0.442,1,Safe Mechanical Lifting,LOW,REJECTED_LOW_CONFIDENCE,UNKNOWN,0.0001,0.0001,0.0015,0.0047,0.0036,0.0036,0.4467,0.0004,0.0004
2022010896,0.0059,0.0013,0.0046,0,NONE,NO_PREDICTION,REJECTED_ZERO_LABELS,UNKNOWN,0.0003,0.0006,0.0002,0.0012,0.0002,0.0011,0.0059,0.0013,0.0
2022020987,0.0081,0.0014,0.0067,0,NONE,NO_PREDICTION,REJECTED_ZERO_LABELS,UNKNOWN,0.0,0.0,0.0,0.0081,0.0001,0.0001,0.0001,0.0,0.0014
2022020992,0.0338,0.0131,0.0207,0,NONE,NO_PREDICTION,REJECTED_ZERO_LABELS,UNKNOWN,0.0001,0.0001,0.0001,0.0338,0.0001,0.0131,0.0004,0.0,0.0027
2022021007,0.9966,0.3797,0.6169,2,Driving | Working at Height,HIGH,ACCEPT_MODEL_PREDICTED,MODEL_PREDICTED,0.0036,0.0115,0.9966,0.0016,0.0037,0.0006,0.0003,0.0234,0.3797
2022021107,0.987,0.9128,0.0742,2,Energy Isolation | Hot Work,MEDIUM,SENT_TO_HUMAN_REVIEW,UNKNOWN,0.001,0.2286,0.0,0.987,0.9128,0.001,0.0011,0.0109,0.001
2022021127,0.0902,0.0739,0.0163,0,NONE,NO_PREDICTION,REJECTED_ZERO_LABELS,UNKNOWN,0.0001,0.0002,0.0133,0.0739,0.0079,0.0002,0.0902,0.0016,0.0709
2022021168,0.031,0.0006,0.0304,0,NONE,NO_PREDICTION,REJECTED_ZERO_LABELS,UNKNOWN,0.0,0.0006,0.0,0.0006,0.031,0.0,0.0,0.0001,0.0
2022021208,0.947,0.5628,0.3842,2,Driving | Line of Fire,HIGH,ACCEPT_MODEL_PREDICTED,MODEL_PREDICTED,0.0093,0.0013,0.947,0.0024,0.0001,0.5628,0.006,0.0002,0.0007
2022021234,0.9976,0.0189,0.9787,1,Energy Isolation,HIGH,ACCEPT_MODEL_PREDICTED,MODEL_PREDICTED,0.0032,0.0189,0.0005,0.9976,0.0011,0.0001,0.0012,0.0071,0.0052
2022021276,0.0737,0.0164,0.0573,0,NONE,NO_PREDICTION,REJECTED_ZERO_LABELS,UNKNOWN,0.0,0.0,0.001,0.0,0.0004,0.0164,0.0737,0.0,0.004
2022021291,0.1031,0.0024,0.1007,0,NONE,NO_PREDICTION,REJECTED_ZERO_LABELS,UNKNOWN,0.0002,0.0,0.0002,0.0002,0.0,0.1031,0.0024,0.0,0.0
2022021300,0.5268,0.0297,0.4971,1,Energy Isolation,MEDIUM,SENT_TO_HUMAN_REVIEW,UNKNOWN,0.0009,0.0184,0.0006,0.5268,0.0056,0.0003,0.0,0.0032,0.0297
2022021399,0.0113,0.0086,0.0027,0,NONE,NO_PREDICTION,REJECTED_ZERO_LABELS,UNKNOWN,0.0,0.0,0.0011,0.0001,0.0001,0.0113,0.0015,0.0,0.0086
2022021421,0.9935,0.993,0.0005,2,Safe Mechanical Lifting | Driving,MEDIUM,SENT_TO_HUMAN_REVIEW,UNKNOWN,0.0411,0.0027,0.993,0.2308,0.0033,0.106,0.9935,0.0915,0.0247
2022021454,0.9996,0.3084,0.6912,2,Safe Mechanical Lifting | Line of Fire,HIGH,ACCEPT_MODEL_PREDICTED,MODEL_PREDICTED,0.0019,0.0004,0.1113,0.0178,0.0039,0.3084,0.9996,0.0045,0.0816
2022021506,0.0017,0.001,0.0007,0,NONE,NO_PREDICTION,REJECTED_ZERO_LABELS,UNKNOWN,0.0001,0.001,0.0003,0.0005,0.0009,0.0,0.0,0.0007,0.0017
2022021592,0.9987,0.015,0.9837,1,Energy Isolation,HIGH,ACCEPT_MODEL_PREDICTED,MODEL_PREDICTED,0.002,0.015,0.0002,0.9987,0.0011,0.0,0.0001,0.0026,0.0005
2022021695,0.5045,0.0059,0.4986,1,Safe Mechanical Lifting,MEDIUM,SENT_TO_HUMAN_REVIEW,UNKNOWN,0.0001,0.0003,0.0011,0.0059,0.0028,0.0001,0.5045,0.0038,0.0014
2022021761,0.9856,0.0057,0.9799,1,Energy Isolation,HIGH,ACCEPT_MODEL_PREDICTED,MODEL_PREDICTED,0.0007,0.0057,0.0,0.9856,0.0012,0.0002,0.0002,0.0004,0.0
2022021786,0.9958,0.9641,0.0317,4,Working at Height | Safe Mechanical Lifting | Line of Fire | Driving,MEDIUM,SENT_TO_HUMAN_REVIEW,UNKNOWN,0.0086,0.005,0.2882,0.2023,0.0352,0.3156,0.9641,0.0149,0.9958
2022021790,0.9931,0.9874,0.0057,2,Driving | Work Authorization,MEDIUM,SENT_TO_HUMAN_REVIEW,UNKNOWN,0.0771,0.3602,0.9931,0.0541,0.2024,0.0143,0.067,0.9874,0.007
2022021797,0.9944,0.3585,0.6359,2,Energy Isolation | Working at Height,HIGH,ACCEPT_MODEL_PREDICTED,MODEL_PREDICTED,0.0097,0.0115,0.0037,0.9944,0.0031,0.0071,0.0034,0.0021,0.3585
2022021856,0.0009,0.0008,0.0001,0,NONE,NO_PREDICTION,REJECTED_ZERO_LABELS,UNKNOWN,0.0,0.0,0.0002,0.0,0.0005,0.0008,0.0009,0.0,0.0007
2022031910,0.39,0.0895,0.3005,1,Line of Fire,LOW,REJECTED_LOW_CONFIDENCE,UNKNOWN,0.0004,0.0001,0.001,0.0035,0.0014,0.39,0.0895,0.0001,0.0059
2022031950,0.9999,0.0507,0.9492,1,Energy Isolation,HIGH,ACCEPT_MODEL_PREDICTED,MODEL_PREDICTED,0.0113,0.0507,0.0002,0.9999,0.0079,0.0013,0.0007,0.003,0.0052
2022031954,0.9998,0.0692,0.9306,1,Safe Mechanical Lifting,HIGH,ACCEPT_MODEL_PREDICTED,MODEL_PREDICTED,0.0003,0.0001,0.0692,0.0072,0.0015,0.0082,0.9998,0.0037,0.0326
2022032159,0.8994,0.3288,0.5706,3,Safe Mechanical Lifting | Line of Fire | Driving,HIGH,ACCEPT_MODEL_PREDICTED,MODEL_PREDICTED,0.0007,0.0001,0.2677,0.0001,0.0,0.3288,0.8994,0.0005,0.0211
2022032168,0.1863,0.0106,0.1757,0,NONE,NO_PREDICTION,REJECTED_ZERO_LABELS,UNKNOWN,0.0,0.0,0.0001,0.0079,0.0106,0.0003,0.1863,0.0001,0.0105
2022032246,0.1345,0.0034,0.1311,0,NONE,NO_PREDICTION,REJECTED_ZERO_LABELS,UNKNOWN,0.0001,0.0,0.0006,0.0015,0.0002,0.0034,0.1345,0.0003,0.0002
2022032317,0.0029,0.0005,0.0024,0,NONE,NO_PREDICTION,REJECTED_ZERO_LABELS,UNKNOWN,0.0,0.0003,0.0,0.0029,0.0005,0.0,0.0001,0.0002,0.0
2022032417,0.8021,0.6809,0.1212,2,Safe Mechanical Lifting | Line of Fire,MEDIUM,SENT_TO_HUMAN_REVIEW,UNKNOWN,0.0004,0.0,0.0278,0.0001,0.0013,0.6809,0.8021,0.0001,0.0148
2022032551,0.0637,0.0034,0.0603,0,NONE,NO_PREDICTION,REJECTED_ZERO_LABELS,UNKNOWN,0.0,0.0,0.0034,0.0006,0.0001,0.0001,0.0637,0.0004,0.0021
2022032570,0.99,0.0044,0.9856,1,Energy Isolation,HIGH,ACCEPT_MODEL_PREDICTED,MODEL_PREDICTED,0.0004,0.0044,0.0,0.99,0.0024,0.0001,0.0001,0.0006,0.0001
2022032571,0.0347,0.001,0.0337,0,NONE,NO_PREDICTION,REJECTED_ZERO_LABELS,UNKNOWN,0.0,0.0,0.0001,0.0003,0.0002,0.001,0.0347,0.0001,0.0001
2022032592,0.0279,0.0018,0.0261,0,NONE,NO_PREDICTION,REJECTED_ZERO_LABELS,UNKNOWN,0.0,0.0,0.0,0.0002,0.0018,0.0279,0.0003,0.0,0.0001
2022032618,0.0201,0.0002,0.0199,0,NONE,NO_PREDICTION,REJECTED_ZERO_LABELS,UNKNOWN,0.0,0.0,0.0002,0.0002,0.0,0.0001,0.0,0.0,0.0201
2022032630,0.0205,0.0005,0.02,0,NONE,NO_PREDICTION,REJECTED_ZERO_LABELS,UNKNOWN,0.0,0.0,0.0002,0.0001,0.0,0.0005,0.0205,0.0001,0.0004
2022032643,0.0128,0.0104,0.0024,0,NONE,NO_PREDICTION,REJECTED_ZERO_LABELS,UNKNOWN,0.0002,0.0002,0.0011,0.0001,0.0002,0.0128,0.0104,0.0003,0.0008
2022032741,0.7112,0.5402,0.171,2,Work Authorization | Confined Space,HIGH,ACCEPT_MODEL_PREDICTED,MODEL_PREDICTED,0.0032,0.5402,0.006,0.21,0.3557,0.0004,0.0062,0.7112,0.0002
2022032759,0.991,0.0161,0.9749,1,Working at Height,HIGH,ACCEPT_MODEL_PREDICTED,MODEL_PREDICTED,0.0002,0.0002,0.0036,0.0028,0.002,0.0161,0.0015,0.0004,0.991
2022032767,0.9961,0.0469,0.9492,1,Energy Isolation,HIGH,ACCEPT_MODEL_PREDICTED,MODEL_PREDICTED,0.0035,0.0248,0.0002,0.9961,0.0134,0.0029,0.0003,0.0013,0.0469
2022032813,1.0,0.1443,0.8557,1,Safe Mechanical Lifting,HIGH,ACCEPT_MODEL_PREDICTED,MODEL_PREDICTED,0.0007,0.0001,0.1388,0.1443,0.0005,0.0073,1.0,0.007,0.015
2022032816,0.9852,0.0249,0.9603,1,Safe Mechanical Lifting,HIGH,ACCEPT_MODEL_PREDICTED,MODEL_PREDICTED,0.0002,0.0,0.0249,0.0115,0.0,0.0037,0.9852,0.0022,0.0206
2022032876,0.8595,0.458,0.4015,4,Working at Height | Safe Mechanical Lifting | Energy Isolation | Line of Fire,HIGH,ACCEPT_MODEL_PREDICTED,MODEL_PREDICTED,0.0112,0.0033,0.2121,0.3521,0.0021,0.2415,0.458,0.0077,0.8595
2022032893,0.6733,0.0117,0.6616,1,Working at Height,MEDIUM,SENT_TO_HUMAN_REVIEW,UNKNOWN,0.0002,0.0012,0.0019,0.0022,0.0003,0.0001,0.0018,0.0117,0.6733
2022042994,0.2395,0.0951,0.1444,1,Line of Fire,LOW,REJECTED_LOW_CONFIDENCE,UNKNOWN,0.0022,0.0017,0.0089,0.0461,0.0053,0.2395,0.0951,0.0007,0.0018
2022043040,0.0934,0.0386,0.0548,0,NONE,NO_PREDICTION,REJECTED_ZERO_LABELS,UNKNOWN,0.0,0.0016,0.0001,0.0001,0.0386,0.0001,0.0003,0.0033,0.0934
2022045754,0.9088,0.0024,0.9064,1,Energy Isolation,HIGH,ACCEPT_MODEL_PREDICTED,MODEL_PREDICTED,0.0005,0.0014,0.0,0.9088,0.0024,0.0002,0.0007,0.0005,0.0
2022043119,0.0152,0.0104,0.0048,0,NONE,NO_PREDICTION,REJECTED_ZERO_LABELS,UNKNOWN,0.0022,0.0013,0.0152,0.0104,0.0,0.0046,0.0088,0.001,0.0
2022043141,0.9217,0.0384,0.8833,1,Driving,HIGH,ACCEPT_MODEL_PREDICTED,MODEL_PREDICTED,0.0005,0.0002,0.9217,0.0006,0.0007,0.0384,0.0067,0.0001,0.0115
2022043183,0.8835,0.0022,0.8813,1,Working at Height,HIGH,ACCEPT_MODEL_PREDICTED,MODEL_PREDICTED,0.0,0.0,0.0009,0.0008,0.0013,0.0001,0.0022,0.0013,0.8835
2022043259,0.7516,0.0545,0.6971,1,Hot Work,HIGH,ACCEPT_MODEL_PREDICTED,MODEL_PREDICTED,0.0001,0.0006,0.0,0.0545,0.7516,0.0052,0.0086,0.0001,0.0003
2022043315,0.997,0.1843,0.8127,1,Driving,HIGH,ACCEPT_MODEL_PREDICTED,MODEL_PREDICTED,0.0063,0.0056,0.997,0.0061,0.0016,0.006,0.1843,0.0773,0.0608
2022043316,0.0879,0.0287,0.0592,0,NONE,NO_PREDICTION,REJECTED_ZERO_LABELS,UNKNOWN,0.0002,0.001,0.0012,0.0137,0.0879,0.0031,0.0287,0.0009,0.001
2022043318,0.0839,0.0104,0.0735,0,NONE,NO_PREDICTION,REJECTED_ZERO_LABELS,UNKNOWN,0.0001,0.0001,0.001,0.0021,0.0004,0.0004,0.0104,0.0006,0.0839
2022043336,0.0065,0.0053,0.0012,0,NONE,NO_PREDICTION,REJECTED_ZERO_LABELS,UNKNOWN,0.0,0.0002,0.0008,0.0065,0.0008,0.0,0.0053,0.0005,0.0003
2022043387,0.0919,0.0037,0.0882,0,NONE,NO_PREDICTION,REJECTED_ZERO_LABELS,UNKNOWN,0.0001,0.0,0.0037,0.0001,0.0,0.0006,0.0919,0.0012,0.0024
2022043392,0.1839,0.0011,0.1828,0,NONE,NO_PREDICTION,REJECTED_ZERO_LABELS,UNKNOWN,0.0,0.0008,0.0,0.0011,0.1839,0.0002,0.0,0.0001,0.0
2022043395,0.0058,0.0018,0.004,0,NONE,NO_PREDICTION,REJECTED_ZERO_LABELS,UNKNOWN,0.0001,0.0,0.0,0.0058,0.0,0.0018,0.0005,0.0,0.0011
2022043423,0.0382,0.0134,0.0248,0,NONE,NO_PREDICTION,REJECTED_ZERO_LABELS,UNKNOWN,0.0001,0.0003,0.0002,0.0005,0.0134,0.0382,0.0002,0.0,0.0001
2022043490,0.0279,0.0033,0.0246,0,NONE,NO_PREDICTION,REJECTED_ZERO_LABELS,UNKNOWN,0.0,0.0001,0.0,0.0008,0.0279,0.0,0.0033,0.0002,0.0001
2022043506,0.0224,0.002,0.0204,0,NONE,NO_PREDICTION,REJECTED_ZERO_LABELS,UNKNOWN,0.0001,0.0002,0.0003,0.002,0.0002,0.0003,0.0001,0.0002,0.0224
2022043517,0.0121,0.0005,0.0116,0,NONE,NO_PREDICTION,REJECTED_ZERO_LABELS,UNKNOWN,0.0,0.0005,0.0,0.0005,0.0121,0.0002,0.0,0.0001,0.0001
2022043532,0.1424,0.0182,0.1242,0,NONE,NO_PREDICTION,REJECTED_ZERO_LABELS,UNKNOWN,0.0007,0.001,0.0182,0.0021,0.0013,0.002,0.1424,0.0073,0.0056
2022043575,0.0594,0.0195,0.0399,0,NONE,NO_PREDICTION,REJECTED_ZERO_LABELS,UNKNOWN,0.0008,0.0006,0.0011,0.0195,0.0,0.0022,0.0008,0.0007,0.0594
2022043603,0.0003,0.0002,0.0001,0,NONE,NO_PREDICTION,REJECTED_ZERO_LABELS,UNKNOWN,0.0,0.0,0.0,0.0002,0.0,0.0,0.0003,0.0,0.0
2022043607,0.7577,0.1748,0.5829,1,Working at Height,HIGH,ACCEPT_MODEL_PREDICTED,MODEL_PREDICTED,0.0,0.0005,0.0007,0.1748,0.0015,0.0,0.0034,0.0025,0.7577
2022043626,0.038,0.0015,0.0365,0,NONE,NO_PREDICTION,REJECTED_ZERO_LABELS,UNKNOWN,0.0,0.0,0.0,0.0002,0.038,0.0009,0.0011,0.0,0.0015
2022053762,0.0019,0.0012,0.0007,0,NONE,NO_PREDICTION,REJECTED_ZERO_LABELS,UNKNOWN,0.0001,0.0001,0.0001,0.0009,0.0001,0.0012,0.0019,0.0002,0.0012
2022053775,0.0038,0.003,0.0008,0,NONE,NO_PREDICTION,REJECTED_ZERO_LABELS,UNKNOWN,0.0001,0.0002,0.0,0.0038,0.003,0.0022,0.002,0.0001,0.0
2022053864,0.9535,0.01,0.9435,1,Working at Height,HIGH,ACCEPT_MODEL_PREDICTED,MODEL_PREDICTED,0.0002,0.0005,0.0076,0.0017,0.0031,0.01,0.0026,0.0005,0.9535
2022053886,0.0029,0.0008,0.0021,0,NONE,NO_PREDICTION,REJECTED_ZERO_LABELS,UNKNOWN,0.0,0.0,0.0,0.0008,0.0001,0.0,0.0002,0.0,0.0029
2022053905,0.0308,0.0007,0.0301,0,NONE,NO_PREDICTION,REJECTED_ZERO_LABELS,UNKNOWN,0.0,0.0004,0.0002,0.0006,0.0007,0.0,0.0004,0.0006,0.0308
2022053953,0.8491,0.0057,0.8434,1,Safe Mechanical Lifting,HIGH,ACCEPT_MODEL_PREDICTED,MODEL_PREDICTED,0.0001,0.0004,0.0057,0.0027,0.0029,0.0001,0.8491,0.0034,0.0049
2022053958,0.0888,0.0073,0.0815,0,NONE,NO_PREDICTION,REJECTED_ZERO_LABELS,UNKNOWN,0.0,0.0,0.0,0.0073,0.0002,0.0,0.0888,0.0003,0.0005
2022053964,0.1621,0.0114,0.1507,0,NONE,NO_PREDICTION,REJECTED_ZERO_LABELS,UNKNOWN,0.0001,0.001,0.0,0.1621,0.0114,0.0004,0.0002,0.0004,0.0001
2022053992,0.0288,0.0048,0.024,0,NONE,NO_PREDICTION,REJECTED_ZERO_LABELS,UNKNOWN,0.0,0.0001,0.0,0.0048,0.0288,0.0,0.0,0.0001,0.0026
2022054035,0.104,0.0564,0.0476,0,NONE,NO_PREDICTION,REJECTED_ZERO_LABELS,UNKNOWN,0.0,0.0003,0.0002,0.0059,0.104,0.0,0.0564,0.0029,0.0001
2022054048,0.9946,0.6987,0.2959,2,Working at Height | Driving,HIGH,ACCEPT_MODEL_PREDICTED,MODEL_PREDICTED,0.0016,0.001,0.6987,0.0351,0.001,0.0402,0.0929,0.004,0.9946
2022054199,0.0001,0.0001,0.0,0,NONE,NO_PREDICTION,REJECTED_ZERO_LABELS,UNKNOWN,0.0,0.0,0.0,0.0,0.0001,0.0001,0.0,0.0,0.0001
2022054240,0.9187,0.7069,0.2118,3,Safe Mechanical Lifting | Working at Height | Energy Isolation,HIGH,ACCEPT_MODEL_PREDICTED,MODEL_PREDICTED,0.0047,0.0033,0.0123,0.3986,0.001,0.0087,0.9187,0.0941,0.7069
2022054249,0.347,0.0465,0.3005,1,Working at Height,LOW,REJECTED_LOW_CONFIDENCE,UNKNOWN,0.0004,0.0002,0.0331,0.0001,0.0,0.0465,0.0151,0.0004,0.347
2022054262,0.6032,0.1486,0.4546,1,Energy Isolation,MEDIUM,SENT_TO_HUMAN_REVIEW,UNKNOWN,0.0111,0.1486,0.04,0.6032,0.0109,0.0433,0.0047,0.1083,0.0468
2022054287,0.0493,0.0115,0.0378,0,NONE,NO_PREDICTION,REJECTED_ZERO_LABELS,UNKNOWN,0.0,0.0001,0.0003,0.0022,0.0115,0.0012,0.0493,0.0001,0.0006
2022054387,0.9991,0.0023,0.9968,1,Hot Work,HIGH,ACCEPT_MODEL_PREDICTED,MODEL_PREDICTED,0.0,0.0023,0.0,0.0016,0.9991,0.0021,0.001,0.0003,0.0003
2022054432,0.9887,0.1492,0.8395,1,Driving,HIGH,ACCEPT_MODEL_PREDICTED,MODEL_PREDICTED,0.0003,0.0001,0.9887,0.0001,0.0001,0.0043,0.0616,0.0009,0.1492
2022054435,0.9964,0.2551,0.7413,2,Safe Mechanical Lifting | Working at Height,HIGH,ACCEPT_MODEL_PREDICTED,MODEL_PREDICTED,0.0002,0.0001,0.0336,0.0004,0.0014,0.0522,0.9964,0.0011,0.2551
2022054467,0.0279,0.0008,0.0271,0,NONE,NO_PREDICTION,REJECTED_ZERO_LABELS,UNKNOWN,0.0,0.0001,0.0003,0.0001,0.0001,0.0,0.0008,0.0002,0.0279
2022054509,0.8734,0.0311,0.8423,1,Hot Work,HIGH,ACCEPT_MODEL_PREDICTED,MODEL_PREDICTED,0.0,0.0043,0.0,0.0311,0.8734,0.0001,0.0009,0.0056,0.0003
2022054582,0.8164,0.0018,0.8146,1,Working at Height,HIGH,ACCEPT_MODEL_PREDICTED,MODEL_PREDICTED,0.0,0.0001,0.0006,0.0018,0.0017,0.0001,0.0006,0.0004,0.8164
2022054600,0.0132,0.0056,0.0076,0,NONE,NO_PREDICTION,REJECTED_ZERO_LABELS,UNKNOWN,0.0,0.0,0.0006,0.0002,0.0,0.0056,0.0009,0.0,0.0132
2022054630,0.0123,0.0053,0.007,0,NONE,NO_PREDICTION,REJECTED_ZERO_LABELS,UNKNOWN,0.0,0.0,0.0045,0.0002,0.0003,0.0019,0.0053,0.0001,0.0123
2022054674,0.0094,0.0032,0.0062,0,NONE,NO_PREDICTION,REJECTED_ZERO_LABELS,UNKNOWN,0.0,0.0,0.0,0.0009,0.0032,0.0027,0.0094,0.0,0.0011
2022064739,0.974,0.9674,0.0066,3,Energy Isolation | Safe Mechanical Lifting | Driving,MEDIUM,SENT_TO_HUMAN_REVIEW,UNKNOWN,0.074,0.0587,0.9315,0.974,0.0521,0.0441,0.9674,0.1007,0.0099
2022064766,0.0471,0.0165,0.0306,0,NONE,NO_PREDICTION,REJECTED_ZERO_LABELS,UNKNOWN,0.0001,0.0001,0.0,0.0029,0.0032,0.0165,0.0471,0.0001,0.0087
2022064775,0.987,0.7271,0.2599,2,Safe Mechanical Lifting | Energy Isolation,HIGH,ACCEPT_MODEL_PREDICTED,MODEL_PREDICTED,0.0018,0.013,0.0435,0.7271,0.4057,0.0201,0.987,0.0192,0.1458
2022064891,0.9973,0.0548,0.9425,1,Driving,HIGH,ACCEPT_MODEL_PREDICTED,MODEL_PREDICTED,0.0011,0.0005,0.9973,0.003,0.0001,0.0009,0.0039,0.003,0.0548
2022064944,0.8375,0.0466,0.7909,1,Line of Fire,HIGH,ACCEPT_MODEL_PREDICTED,MODEL_PREDICTED,0.0003,0.0,0.0019,0.0011,0.0,0.8375,0.0176,0.0,0.0466
2022064986,0.0489,0.0155,0.0334,0,NONE,NO_PREDICTION,REJECTED_ZERO_LABELS,UNKNOWN,0.0004,0.0007,0.0002,0.0489,0.0002,0.0019,0.0155,0.0007,0.001
2022065048,0.8983,0.0068,0.8915,1,Energy Isolation,HIGH,ACCEPT_MODEL_PREDICTED,MODEL_PREDICTED,0.0004,0.0029,0.0,0.8983,0.0068,0.0,0.0025,0.0062,0.0001
2022065054,0.0038,0.0016,0.0022,0,NONE,NO_PREDICTION,REJECTED_ZERO_LABELS,UNKNOWN,0.0,0.0,0.0005,0.0038,0.0001,0.0016,0.0004,0.0,0.0003
2022065055,0.0172,0.0039,0.0133,0,NONE,NO_PREDICTION,REJECTED_ZERO_LABELS,UNKNOWN,0.0002,0.0009,0.0005,0.0039,0.0005,0.0008,0.0,0.0002,0.0172
2022065058,0.3687,0.2944,0.0743,1,Line of Fire,LOW,REJECTED_LOW_CONFIDENCE,UNKNOWN,0.0014,0.0007,0.0007,0.2944,0.0032,0.3687,0.0438,0.0002,0.0122
2022065110,0.1144,0.001,0.1134,0,NONE,NO_PREDICTION,REJECTED_ZERO_LABELS,UNKNOWN,0.0,0.0,0.0005,0.001,0.0001,0.0,0.1144,0.0006,0.0004
2022065111,0.0061,0.0034,0.0027,0,NONE,NO_PREDICTION,REJECTED_ZERO_LABELS,UNKNOWN,0.0,0.0003,0.0001,0.0061,0.0003,0.0,0.0008,0.0006,0.0034
2022065132,0.3834,0.069,0.3144,1,Energy Isolation,LOW,REJECTED_LOW_CONFIDENCE,UNKNOWN,0.0008,0.0014,0.069,0.3834,0.0002,0.0001,0.0,0.0003,0.0015
2022065144,0.6713,0.0046,0.6667,1,Working at Height,MEDIUM,SENT_TO_HUMAN_REVIEW,UNKNOWN,0.0,0.0001,0.0046,0.0007,0.0003,0.0023,0.0006,0.0,0.6713
2022065164,0.6444,0.0368,0.6076,1,Line of Fire,MEDIUM,SENT_TO_HUMAN_REVIEW,UNKNOWN,0.0002,0.0,0.0003,0.0031,0.0007,0.6444,0.0368,0.0,0.0059
2022065209,0.9994,0.0794,0.92,1,Hot Work,HIGH,ACCEPT_MODEL_PREDICTED,MODEL_PREDICTED,0.0001,0.0794,0.0,0.0026,0.9994,0.0009,0.0004,0.0225,0.0003
2022065228,0.9991,0.0227,0.9764,1,Energy Isolation,HIGH,ACCEPT_MODEL_PREDICTED,MODEL_PREDICTED,0.0014,0.0108,0.0001,0.9991,0.0227,0.0002,0.0034,0.0032,0.0014
2022065267,0.9826,0.6844,0.2982,3,Confined Space | Work Authorization | Hot Work,HIGH,ACCEPT_MODEL_PREDICTED,MODEL_PREDICTED,0.1185,0.9826,0.0633,0.0544,0.5289,0.0529,0.0013,0.6844,0.0009
2022065292,0.1583,0.0949,0.0634,0,NONE,NO_PREDICTION,REJECTED_ZERO_LABELS,UNKNOWN,0.0002,0.0,0.0002,0.0247,0.0,0.1583,0.0949,0.0,0.082
2022065295,0.0449,0.0059,0.039,0,NONE,NO_PREDICTION,REJECTED_ZERO_LABELS,UNKNOWN,0.0005,0.0005,0.0009,0.0059,0.0001,0.0041,0.0449,0.0013,0.0007
2022065307,0.0084,0.0067,0.0017,0,NONE,NO_PREDICTION,REJECTED_ZERO_LABELS,UNKNOWN,0.0001,0.0004,0.0,0.0084,0.0067,0.0001,0.0,0.0001,0.001
2022065356,0.0103,0.0006,0.0097,0,NONE,NO_PREDICTION,REJECTED_ZERO_LABELS,UNKNOWN,0.0002,0.0006,0.0,0.0103,0.0001,0.0003,0.0,0.0001,0.0
2022065371,0.9101,0.2373,0.6728,1,Energy Isolation,HIGH,ACCEPT_MODEL_PREDICTED,MODEL_PREDICTED,0.0138,0.0155,0.0124,0.9101,0.0095,0.061,0.0025,0.0018,0.2373
2022065392,0.0012,0.0006,0.0006,0,NONE,NO_PREDICTION,REJECTED_ZERO_LABELS,UNKNOWN,0.0,0.0001,0.0,0.0002,0.0006,0.0003,0.0002,0.0001,0.0012
2022065430,0.9943,0.2561,0.7382,1,Working at Height,HIGH,ACCEPT_MODEL_PREDICTED,MODEL_PREDICTED,0.0025,0.0021,0.0148,0.2561,0.0008,0.0106,0.0319,0.0091,0.9943
2022065505,0.086,0.0473,0.0387,0,NONE,NO_PREDICTION,REJECTED_ZERO_LABELS,UNKNOWN,0.0001,0.0,0.0003,0.086,0.0029,0.0473,0.0042,0.0,0.0147
2022065559,0.8685,0.1025,0.766,1,Safe Mechanical Lifting,HIGH,ACCEPT_MODEL_PREDICTED,MODEL_PREDICTED,0.0001,0.0009,0.0001,0.1025,0.0093,0.0004,0.8685,0.0072,0.0009
2022065601,0.0276,0.009,0.0186,0,NONE,NO_PREDICTION,REJECTED_ZERO_LABELS,UNKNOWN,0.0001,0.0002,0.0002,0.009,0.0033,0.0051,0.0002,0.0,0.0276
2022065616,0.0928,0.0094,0.0834,0,NONE,NO_PREDICTION,REJECTED_ZERO_LABELS,UNKNOWN,0.0004,0.0008,0.0928,0.0022,0.0001,0.0001,0.0002,0.0029,0.0094
2022065639,0.9957,0.0251,0.9706,1,Working at Height,HIGH,ACCEPT_MODEL_PREDICTED,MODEL_PREDICTED,0.0002,0.0002,0.0117,0.0251,0.0007,0.0051,0.0012,0.0003,0.9957
2022065643,0.0045,0.003,0.0015,0,NONE,NO_PREDICTION,REJECTED_ZERO_LABELS,UNKNOWN,0.0001,0.0,0.0,0.0045,0.0,0.003,0.0017,0.0,0.0008
2022065711,0.7055,0.1033,0.6022,1,Working at Height,HIGH,ACCEPT_MODEL_PREDICTED,MODEL_PREDICTED,0.0002,0.0004,0.0005,0.1033,0.0049,0.008,0.0571,0.0005,0.7055
2022065728,0.0419,0.0352,0.0067,0,NONE,NO_PREDICTION,REJECTED_ZERO_LABELS,UNKNOWN,0.0,0.0,0.0034,0.0002,0.0001,0.0352,0.0419,0.0,0.0023
2022075794,0.0393,0.0022,0.0371,0,NONE,NO_PREDICTION,REJECTED_ZERO_LABELS,UNKNOWN,0.0002,0.0012,0.0,0.0393,0.0022,0.0002,0.0001,0.0006,0.0
2022075803,0.2852,0.0438,0.2414,0,NONE,NO_PREDICTION,REJECTED_ZERO_LABELS,UNKNOWN,0.0011,0.0014,0.0015,0.2852,0.0001,0.0002,0.0438,0.0126,0.0001
2022075807,0.0034,0.0032,0.0002,0,NONE,NO_PREDICTION,REJECTED_ZERO_LABELS,UNKNOWN,0.0,0.0,0.0,0.0034,0.0018,0.0018,0.0032,0.0,0.0006
2022075820,0.8262,0.0118,0.8144,1,Hot Work,HIGH,ACCEPT_MODEL_PREDICTED,MODEL_PREDICTED,0.0,0.0118,0.0,0.0013,0.8262,0.0001,0.0001,0.0029,0.0001
2022075823,0.0032,0.0002,0.003,0,NONE,NO_PREDICTION,REJECTED_ZERO_LABELS,UNKNOWN,0.0001,0.0001,0.0002,0.0032,0.0,0.0,0.0001,0.0002,0.0001
2022075855,0.2001,0.0494,0.1507,0,NONE,NO_PREDICTION,REJECTED_ZERO_LABELS,UNKNOWN,0.0003,0.0003,0.0494,0.0012,0.0107,0.0169,0.0027,0.0002,0.2001
2022075905,0.0099,0.0061,0.0038,0,NONE,NO_PREDICTION,REJECTED_ZERO_LABELS,UNKNOWN,0.0002,0.0005,0.0001,0.0046,0.0099,0.0017,0.0061,0.0003,0.0
2022075929,0.9989,0.6918,0.3071,2,Safe Mechanical Lifting | Line of Fire,HIGH,ACCEPT_MODEL_PREDICTED,MODEL_PREDICTED,0.0014,0.0001,0.1246,0.044,0.0014,0.6918,0.9989,0.0006,0.0792
2022075938,0.0076,0.0002,0.0074,0,NONE,NO_PREDICTION,REJECTED_ZERO_LABELS,UNKNOWN,0.0,0.0002,0.0002,0.0002,0.0001,0.0002,0.0,0.0,0.0076
2022075998,0.0552,0.0046,0.0506,0,NONE,NO_PREDICTION,REJECTED_ZERO_LABELS,UNKNOWN,0.0004,0.0046,0.0002,0.0552,0.0022,0.0003,0.0006,0.0038,0.0
2022076016,0.0013,0.0002,0.0011,0,NONE,NO_PREDICTION,REJECTED_ZERO_LABELS,UNKNOWN,0.0,0.0,0.0,0.0002,0.0001,0.0,0.0013,0.0,0.0002
2022076017,0.9534,0.1993,0.7541,1,Safe Mechanical Lifting,HIGH,ACCEPT_MODEL_PREDICTED,MODEL_PREDICTED,0.0,0.0,0.0008,0.1993,0.0004,0.0004,0.9534,0.0004,0.0217
2022076022,0.9997,0.2267,0.773,1,Hot Work,HIGH,ACCEPT_MODEL_PREDICTED,MODEL_PREDICTED,0.0001,0.2267,0.0001,0.0103,0.9997,0.0006,0.0004,0.0518,0.0004
2022076033,0.003,0.0003,0.0027,0,NONE,NO_PREDICTION,REJECTED_ZERO_LABELS,UNKNOWN,0.0,0.0001,0.0002,0.0002,0.0003,0.0001,0.003,0.0001,0.0
2022076034,0.2427,0.0415,0.2012,0,NONE,NO_PREDICTION,REJECTED_ZERO_LABELS,UNKNOWN,0.0004,0.0002,0.0005,0.2427,0.0002,0.005,0.0003,0.0002,0.0415
2022076056,0.896,0.2669,0.6291,1,Driving,HIGH,ACCEPT_MODEL_PREDICTED,MODEL_PREDICTED,0.0085,0.0024,0.896,0.2669,0.0013,0.0479,0.0007,0.0003,0.0115
2022076091,0.9976,0.0094,0.9882,1,Working at Height,HIGH,ACCEPT_MODEL_PREDICTED,MODEL_PREDICTED,0.0,0.0,0.0009,0.0005,0.0003,0.0094,0.004,0.0001,0.9976
2022076133,0.9662,0.4764,0.4898,2,Safe Mechanical Lifting | Line of Fire,HIGH,ACCEPT_MODEL_PREDICTED,MODEL_PREDICTED,0.0254,0.008,0.008,0.1812,0.0028,0.4764,0.9662,0.0126,0.1549
2022076136,0.9533,0.6549,0.2984,2,Safe Mechanical Lifting | Line of Fire,HIGH,ACCEPT_MODEL_PREDICTED,MODEL_PREDICTED,0.0005,0.0004,0.0199,0.0031,0.0245,0.6549,0.9533,0.0006,0.0339
2022076193,0.9993,0.0106,0.9887,1,Safe Mechanical Lifting,HIGH,ACCEPT_MODEL_PREDICTED,MODEL_PREDICTED,0.0002,0.0001,0.0106,0.0078,0.001,0.0022,0.9993,0.0042,0.0016
2022076232,0.1015,0.0479,0.0536,0,NONE,NO_PREDICTION,REJECTED_ZERO_LABELS,UNKNOWN,0.0001,0.0002,0.0003,0.02,0.0054,0.0104,0.0479,0.0003,0.1015
2022076240,0.0082,0.0035,0.0047,0,NONE,NO_PREDICTION,REJECTED_ZERO_LABELS,UNKNOWN,0.0,0.0002,0.0,0.0035,0.0018,0.0013,0.0003,0.0,0.0082
2022076346,0.0016,0.0009,0.0007,0,NONE,NO_PREDICTION,REJECTED_ZERO_LABELS,UNKNOWN,0.0,0.0,0.0,0.0005,0.0009,0.0003,0.0016,0.0001,0.0002
2022076349,0.0012,0.0004,0.0008,0,NONE,NO_PREDICTION,REJECTED_ZERO_LABELS,UNKNOWN,0.0,0.0001,0.0,0.0003,0.0004,0.0001,0.0,0.0,0.0012
2022076356,0.9923,0.0261,0.9662,1,Working at Height,HIGH,ACCEPT_MODEL_PREDICTED,MODEL_PREDICTED,0.0003,0.0019,0.0049,0.0075,0.0261,0.0069,0.0027,0.0029,0.9923
2022076393,0.0289,0.0002,0.0287,0,NONE,NO_PREDICTION,REJECTED_ZERO_LABELS,UNKNOWN,0.0,0.0,0.0289,0.0001,0.0001,0.0,0.0002,0.0001,0.0001
2022076409,0.9807,0.0503,0.9304,1,Energy Isolation,HIGH,ACCEPT_MODEL_PREDICTED,MODEL_PREDICTED,0.0013,0.0462,0.0001,0.9807,0.0503,0.0001,0.0001,0.006,0.0061
2022076497,0.6722,0.0005,0.6717,1,Energy Isolation,MEDIUM,SENT_TO_HUMAN_REVIEW,UNKNOWN,0.0005,0.0005,0.0001,0.6722,0.0,0.0001,0.0,0.0002,0.0004
2022076579,0.0114,0.0104,0.001,0,NONE,NO_PREDICTION,REJECTED_ZERO_LABELS,UNKNOWN,0.0001,0.0114,0.0011,0.0003,0.0018,0.0001,0.0004,0.0104,0.0
2022076589,0.1155,0.0027,0.1128,0,NONE,NO_PREDICTION,REJECTED_ZERO_LABELS,UNKNOWN,0.0,0.0,0.0002,0.0001,0.0001,0.0027,0.1155,0.0,0.0021
2022076600,0.0058,0.0018,0.004,0,NONE,NO_PREDICTION,REJECTED_ZERO_LABELS,UNKNOWN,0.0001,0.0001,0.0,0.0058,0.0002,0.0018,0.0004,0.0,0.0
2022076609,0.9991,0.064,0.9351,1,Driving,HIGH,ACCEPT_MODEL_PREDICTED,MODEL_PREDICTED,0.0168,0.003,0.9991,0.0259,0.0002,0.0149,0.0051,0.0047,0.064
2022076612,0.9947,0.0041,0.9906,1,Energy Isolation,HIGH,ACCEPT_MODEL_PREDICTED,MODEL_PREDICTED,0.0023,0.0041,0.0001,0.9947,0.0005,0.0003,0.0024,0.0028,0.0013
2022076642,0.0217,0.0045,0.0172,0,NONE,NO_PREDICTION,REJECTED_ZERO_LABELS,UNKNOWN,0.0,0.0,0.0001,0.0,0.0045,0.0031,0.0007,0.0,0.0217
2022076664,0.0086,0.0036,0.005,0,NONE,NO_PREDICTION,REJECTED_ZERO_LABELS,UNKNOWN,0.0,0.0002,0.0,0.0036,0.0004,0.0,0.0086,0.0011,0.0001
2022076676,0.0669,0.0193,0.0476,0,NONE,NO_PREDICTION,REJECTED_ZERO_LABELS,UNKNOWN,0.0001,0.0,0.0005,0.0002,0.0,0.0011,0.0669,0.0003,0.0193
2022086720,0.0001,0.0,0.0001,0,NONE,NO_PREDICTION,REJECTED_ZERO_LABELS,UNKNOWN,0.0,0.0,0.0001,0.0,0.0,0.0,0.0,0.0,0.0
2022086747,0.0145,0.0022,0.0123,0,NONE,NO_PREDICTION,REJECTED_ZERO_LABELS,UNKNOWN,0.0,0.0,0.0001,0.0022,0.0,0.0006,0.0145,0.0001,0.0003
2022086771,0.0002,0.0002,0.0,0,NONE,NO_PREDICTION,REJECTED_ZERO_LABELS,UNKNOWN,0.0,0.0002,0.0001,0.0002,0.0,0.0,0.0,0.0001,0.0001
2022086810,0.0224,0.0124,0.01,0,NONE,NO_PREDICTION,REJECTED_ZERO_LABELS,UNKNOWN,0.0001,0.0001,0.0224,0.0001,0.0001,0.0001,0.0124,0.0009,0.0011
2022086822,0.0083,0.0012,0.0071,0,NONE,NO_PREDICTION,REJECTED_ZERO_LABELS,UNKNOWN,0.0,0.0,0.0012,0.0,0.0,0.0002,0.0083,0.0002,0.0006
2022086936,0.0142,0.0078,0.0064,0,NONE,NO_PREDICTION,REJECTED_ZERO_LABELS,UNKNOWN,0.0001,0.0,0.0018,0.0078,0.0,0.0003,0.0142,0.0001,0.0008
2022086939,0.0004,0.0003,0.0001,0,NONE,NO_PREDICTION,REJECTED_ZERO_LABELS,UNKNOWN,0.0,0.0001,0.0003,0.0002,0.0003,0.0003,0.0,0.0,0.0004
2022086957,0.0591,0.0226,0.0365,0,NONE,NO_PREDICTION,REJECTED_ZERO_LABELS,UNKNOWN,0.0004,0.0018,0.0002,0.0031,0.0591,0.0226,0.0,0.0001,0.0004
2022086970,0.8186,0.0069,0.8117,1,Energy Isolation,HIGH,ACCEPT_MODEL_PREDICTED,MODEL_PREDICTED,0.0005,0.0007,0.0001,0.8186,0.0019,0.001,0.0002,0.0002,0.0069
2022086984,0.1819,0.0013,0.1806,0,NONE,NO_PREDICTION,REJECTED_ZERO_LABELS,UNKNOWN,0.0002,0.0001,0.0002,0.0004,0.0004,0.1819,0.0011,0.0,0.0013
2022086990,0.0087,0.0028,0.0059,0,NONE,NO_PREDICTION,REJECTED_ZERO_LABELS,UNKNOWN,0.0,0.0,0.001,0.0028,0.0011,0.0012,0.0087,0.0,0.0
2022086992,0.2046,0.0583,0.1463,0,NONE,NO_PREDICTION,REJECTED_ZERO_LABELS,UNKNOWN,0.0003,0.0095,0.0016,0.0049,0.0583,0.0003,0.0,0.0024,0.2046
2022087006,0.0426,0.0084,0.0342,0,NONE,NO_PREDICTION,REJECTED_ZERO_LABELS,UNKNOWN,0.0,0.0,0.0001,0.0012,0.0,0.0426,0.0001,0.0,0.0084
2022087009,0.9859,0.8901,0.0958,3,Line of Fire | Energy Isolation | Safe Mechanical Lifting,MEDIUM,SENT_TO_HUMAN_REVIEW,UNKNOWN,0.098,0.0354,0.0075,0.8901,0.0064,0.9859,0.2477,0.0022,0.1415
2022087016,0.9953,0.22,0.7753,1,Safe Mechanical Lifting,HIGH,ACCEPT_MODEL_PREDICTED,MODEL_PREDICTED,0.0002,0.0006,0.22,0.0086,0.0033,0.0002,0.9953,0.0248,0.0105
2022087022,0.0006,0.0004,0.0002,0,NONE,NO_PREDICTION,REJECTED_ZERO_LABELS,UNKNOWN,0.0,0.0,0.0001,0.0001,0.0,0.0006,0.0003,0.0,0.0004
2022087150,0.0388,0.0007,0.0381,0,NONE,NO_PREDICTION,REJECTED_ZERO_LABELS,UNKNOWN,0.0,0.0,0.0,0.0007,0.0004,0.0001,0.0388,0.0001,0.0003
2022087181,0.0263,0.0012,0.0251,0,NONE,NO_PREDICTION,REJECTED_ZERO_LABELS,UNKNOWN,0.0,0.0003,0.0001,0.0012,0.0263,0.0004,0.001,0.0003,0.0001
2022087202,0.0049,0.002,0.0029,0,NONE,NO_PREDICTION,REJECTED_ZERO_LABELS,UNKNOWN,0.0,0.0002,0.0,0.0049,0.0013,0.0,0.002,0.0015,0.0
2022087262,0.9876,0.9757,0.0119,3,Safe Mechanical Lifting | Working at Height | Line of Fire,MEDIUM,SENT_TO_HUMAN_REVIEW,UNKNOWN,0.0018,0.0009,0.0443,0.1146,0.0096,0.3371,0.9876,0.0082,0.9757
2022087290,0.0123,0.0118,0.0005,0,NONE,NO_PREDICTION,REJECTED_ZERO_LABELS,UNKNOWN,0.0001,0.0034,0.0001,0.0004,0.0123,0.0001,0.0001,0.0118,0.0
2022087295,0.9993,0.097,0.9023,1,Energy Isolation,HIGH,ACCEPT_MODEL_PREDICTED,MODEL_PREDICTED,0.0043,0.097,0.0001,0.9993,0.0057,0.0005,0.0007,0.0064,0.0003
2022087335,0.7124,0.0474,0.665,1,Safe Mechanical Lifting,HIGH,ACCEPT_MODEL_PREDICTED,MODEL_PREDICTED,0.0005,0.0011,0.0002,0.0474,0.0014,0.0239,0.7124,0.0033,0.0008
2022087346,0.1948,0.0532,0.1416,0,NONE,NO_PREDICTION,REJECTED_ZERO_LABELS,UNKNOWN,0.0015,0.0012,0.0532,0.0023,0.0007,0.0125,0.1948,0.01,0.0027
2022087370,0.9987,0.0149,0.9838,1,Driving,HIGH,ACCEPT_MODEL_PREDICTED,MODEL_PREDICTED,0.003,0.008,0.9987,0.0012,0.0149,0.0018,0.0008,0.0136,0.0148
2022087391,0.02,0.0062,0.0138,0,NONE,NO_PREDICTION,REJECTED_ZERO_LABELS,UNKNOWN,0.0,0.0014,0.0,0.0062,0.02,0.0,0.0,0.0002,0.0002
2022087410,0.0603,0.0059,0.0544,0,NONE,NO_PREDICTION,REJECTED_ZERO_LABELS,UNKNOWN,0.0001,0.0025,0.0002,0.0603,0.0022,0.0,0.0013,0.0059,0.0019
2022087439,0.0146,0.0086,0.006,0,NONE,NO_PREDICTION,REJECTED_ZERO_LABELS,UNKNOWN,0.0,0.0,0.0,0.0049,0.0018,0.0002,0.0086,0.0002,0.0146
2022087496,0.6764,0.0018,0.6746,1,Safe Mechanical Lifting,MEDIUM,SENT_TO_HUMAN_REVIEW,UNKNOWN,0.0,0.0,0.0002,0.0,0.0001,0.0018,0.6764,0.0001,0.0004
2022087533,0.0601,0.0059,0.0542,0,NONE,NO_PREDICTION,REJECTED_ZERO_LABELS,UNKNOWN,0.0001,0.0001,0.0017,0.0003,0.0001,0.0022,0.0601,0.0003,0.0059
2022087662,0.8275,0.0023,0.8252,1,Hot Work,HIGH,ACCEPT_MODEL_PREDICTED,MODEL_PREDICTED,0.0,0.0017,0.0,0.0002,0.8275,0.0004,0.0023,0.0007,0.0001
2022087690,0.0234,0.0158,0.0076,0,NONE,NO_PREDICTION,REJECTED_ZERO_LABELS,UNKNOWN,0.0001,0.0001,0.0019,0.0,0.0,0.0234,0.0158,0.0001,0.0123
2022087756,0.8752,0.0062,0.869,1,Safe Mechanical Lifting,HIGH,ACCEPT_MODEL_PREDICTED,MODEL_PREDICTED,0.0,0.0,0.0005,0.0006,0.0062,0.0004,0.8752,0.0018,0.0001
2022097847,0.0426,0.0025,0.0401,0,NONE,NO_PREDICTION,REJECTED_ZERO_LABELS,UNKNOWN,0.0,0.0,0.0,0.0025,0.0002,0.0001,0.0426,0.0001,0.0001
2022097907,0.9991,0.0172,0.9819,1,Safe Mechanical Lifting,HIGH,ACCEPT_MODEL_PREDICTED,MODEL_PREDICTED,0.0001,0.0002,0.0172,0.0048,0.0036,0.0007,0.9991,0.0076,0.0029
2022097919,0.9999,0.082,0.9179,1,Safe Mechanical Lifting,HIGH,ACCEPT_MODEL_PREDICTED,MODEL_PREDICTED,0.0007,0.0001,0.082,0.0599,0.0005,0.0145,0.9999,0.0096,0.0201
2022097922,0.9165,0.7213,0.1952,3,Hot Work | Confined Space | Work Authorization,HIGH,ACCEPT_MODEL_PREDICTED,MODEL_PREDICTED,0.008,0.7213,0.0236,0.0524,0.9165,0.016,0.0064,0.5437,0.0032
2022097939,0.5975,0.006,0.5915,1,Hot Work,MEDIUM,SENT_TO_HUMAN_REVIEW,UNKNOWN,0.0,0.0002,0.0,0.006,0.5975,0.0001,0.0005,0.0001,0.0024
2022098046,0.8777,0.0125,0.8652,1,Working at Height,HIGH,ACCEPT_MODEL_PREDICTED,MODEL_PREDICTED,0.0001,0.0002,0.0004,0.0069,0.0035,0.0125,0.0022,0.0001,0.8777
2022098102,0.9998,0.5609,0.4389,2,Safe Mechanical Lifting | Working at Height,HIGH,ACCEPT_MODEL_PREDICTED,MODEL_PREDICTED,0.0003,0.0,0.0366,0.0518,0.0032,0.1385,0.9998,0.0014,0.5609
2022098120,0.0096,0.0059,0.0037,0,NONE,NO_PREDICTION,REJECTED_ZERO_LABELS,UNKNOWN,0.0001,0.0013,0.0009,0.0059,0.0006,0.0001,0.0011,0.0053,0.0096
2022098151,0.9861,0.0245,0.9616,1,Energy Isolation,HIGH,ACCEPT_MODEL_PREDICTED,MODEL_PREDICTED,0.018,0.0188,0.0084,0.9861,0.0015,0.0245,0.0157,0.0041,0.0048
2022098159,0.9715,0.0767,0.8948,1,Energy Isolation,HIGH,ACCEPT_MODEL_PREDICTED,MODEL_PREDICTED,0.0317,0.0272,0.0371,0.9715,0.0008,0.0094,0.0002,0.0026,0.0767
2022098216,0.5963,0.0212,0.5751,1,Working at Height,MEDIUM,SENT_TO_HUMAN_REVIEW,UNKNOWN,0.0,0.0001,0.0006,0.0212,0.0011,0.0,0.0008,0.0002,0.5963
2022098217,0.918,0.0041,0.9139,1,Safe Mechanical Lifting,HIGH,ACCEPT_MODEL_PREDICTED,MODEL_PREDICTED,0.0001,0.0,0.0015,0.0032,0.0023,0.0041,0.918,0.0017,0.0007
2022098220,0.9746,0.9741,0.0005,2,Working at Height | Driving,MEDIUM,SENT_TO_HUMAN_REVIEW,UNKNOWN,0.0014,0.0026,0.9741,0.006,0.0047,0.0023,0.0026,0.0094,0.9746
2022098283,0.9981,0.7643,0.2338,3,Working at Height | Driving | Safe Mechanical Lifting,HIGH,ACCEPT_MODEL_PREDICTED,MODEL_PREDICTED,0.0018,0.0011,0.7643,0.0526,0.0032,0.0573,0.5288,0.007,0.9981
2022098322,0.9551,0.4149,0.5402,2,Safe Mechanical Lifting | Working at Height,HIGH,ACCEPT_MODEL_PREDICTED,MODEL_PREDICTED,0.0005,0.0001,0.0869,0.0075,0.0001,0.0611,0.9551,0.0008,0.4149
2022098383,0.517,0.0038,0.5132,1,Hot Work,MEDIUM,SENT_TO_HUMAN_REVIEW,UNKNOWN,0.0,0.0038,0.0001,0.0035,0.517,0.0,0.0002,0.0027,0.0001
2022098386,0.2564,0.009,0.2474,1,Safe Mechanical Lifting,LOW,REJECTED_LOW_CONFIDENCE,UNKNOWN,0.0,0.0,0.0,0.0005,0.0004,0.0001,0.2564,0.0,0.009
2022098402,0.9863,0.0616,0.9247,1,Driving,HIGH,ACCEPT_MODEL_PREDICTED,MODEL_PREDICTED,0.0291,0.0443,0.9863,0.0451,0.0026,0.0066,0.0019,0.0616,0.0033
2022098426,0.17,0.0138,0.1562,0,NONE,NO_PREDICTION,REJECTED_ZERO_LABELS,UNKNOWN,0.0,0.0022,0.0004,0.0138,0.17,0.0,0.0,0.0004,0.0004
2022098434,0.0011,0.0003,0.0008,0,NONE,NO_PREDICTION,REJECTED_ZERO_LABELS,UNKNOWN,0.0,0.0,0.0,0.0003,0.0,0.0,0.0011,0.0001,0.0001
2022098441,0.0758,0.0038,0.072,0,NONE,NO_PREDICTION,REJECTED_ZERO_LABELS,UNKNOWN,0.0001,0.0001,0.0002,0.0002,0.0005,0.0038,0.0758,0.0004,0.0004
2022098516,0.9949,0.9218,0.0731,2,Driving | Safe Mechanical Lifting,MEDIUM,SENT_TO_HUMAN_REVIEW,UNKNOWN,0.0055,0.0018,0.9949,0.0059,0.0006,0.0144,0.9218,0.0705,0.0111
2022098532,0.9476,0.0053,0.9423,1,Driving,HIGH,ACCEPT_MODEL_PREDICTED,MODEL_PREDICTED,0.0032,0.0036,0.9476,0.0053,0.0004,0.0039,0.0009,0.0035,0.0003
2022098550,0.9974,0.0784,0.919,1,Driving,HIGH,ACCEPT_MODEL_PREDICTED,MODEL_PREDICTED,0.0234,0.0424,0.9974,0.012,0.0145,0.046,0.0051,0.0784,0.0018
2022098554,0.9999,0.1251,0.8748,1,Safe Mechanical Lifting,HIGH,ACCEPT_MODEL_PREDICTED,MODEL_PREDICTED,0.0001,0.0001,0.1251,0.0099,0.006,0.0017,0.9999,0.0082,0.0802
2022098590,0.0026,0.0012,0.0014,0,NONE,NO_PREDICTION,REJECTED_ZERO_LABELS,UNKNOWN,0.0001,0.0007,0.0001,0.0012,0.0011,0.001,0.0026,0.0006,0.0001
2022098597,0.9975,0.6565,0.341,2,Safe Mechanical Lifting | Driving,HIGH,ACCEPT_MODEL_PREDICTED,MODEL_PREDICTED,0.0037,0.0021,0.6565,0.0044,0.0613,0.1906,0.9975,0.0202,0.0852
2022098618,0.994,0.1597,0.8343,1,Safe Mechanical Lifting,HIGH,ACCEPT_MODEL_PREDICTED,MODEL_PREDICTED,0.0003,0.0002,0.0024,0.1597,0.0051,0.0051,0.994,0.0011,0.0012
2022108639,0.0241,0.0048,0.0193,0,NONE,NO_PREDICTION,REJECTED_ZERO_LABELS,UNKNOWN,0.0001,0.0001,0.0002,0.0048,0.0014,0.0007,0.0241,0.0001,0.0
2022108656,0.0573,0.0324,0.0249,0,NONE,NO_PREDICTION,REJECTED_ZERO_LABELS,UNKNOWN,0.0004,0.0001,0.0005,0.0176,0.0,0.0573,0.0324,0.0,0.0
2022108749,0.3242,0.3072,0.017,2,Energy Isolation | Working at Height,LOW,REJECTED_LOW_CONFIDENCE,UNKNOWN,0.0025,0.0144,0.0029,0.3242,0.0012,0.0012,0.0003,0.0069,0.3072
2022108789,0.9852,0.135,0.8502,1,Hot Work,HIGH,ACCEPT_MODEL_PREDICTED,MODEL_PREDICTED,0.0002,0.135,0.0001,0.0849,0.9852,0.0006,0.0001,0.0119,0.0003
2022108794,0.1274,0.0061,0.1213,0,NONE,NO_PREDICTION,REJECTED_ZERO_LABELS,UNKNOWN,0.0002,0.0024,0.0001,0.003,0.1274,0.0061,0.0001,0.0001,0.0001
2022108800,0.0992,0.0274,0.0718,0,NONE,NO_PREDICTION,REJECTED_ZERO_LABELS,UNKNOWN,0.0,0.0,0.0002,0.0018,0.0014,0.0011,0.0992,0.0,0.0274
2022108895,0.4094,0.0194,0.39,1,Working at Height,LOW,REJECTED_LOW_CONFIDENCE,UNKNOWN,0.0004,0.0004,0.006,0.0046,0.0004,0.0194,0.0129,0.0006,0.4094
2022108957,0.0163,0.0161,0.0002,0,NONE,NO_PREDICTION,REJECTED_ZERO_LABELS,UNKNOWN,0.0005,0.0001,0.0005,0.0095,0.0,0.0163,0.0161,0.0002,0.0009
2022109025,0.9381,0.0023,0.9358,1,Working at Height,HIGH,ACCEPT_MODEL_PREDICTED,MODEL_PREDICTED,0.0,0.0001,0.0013,0.0023,0.0001,0.0015,0.0007,0.0001,0.9381
2022109093,0.0421,0.0155,0.0266,0,NONE,NO_PREDICTION,REJECTED_ZERO_LABELS,UNKNOWN,0.0002,0.0007,0.0155,0.0001,0.0008,0.0058,0.0421,0.0036,0.0023
2022109101,0.0324,0.0199,0.0125,0,NONE,NO_PREDICTION,REJECTED_ZERO_LABELS,UNKNOWN,0.0005,0.0017,0.0199,0.0006,0.0,0.0001,0.0161,0.0324,0.0006
2022109115,0.9053,0.0225,0.8828,1,Safe Mechanical Lifting,HIGH,ACCEPT_MODEL_PREDICTED,MODEL_PREDICTED,0.0001,0.0002,0.0023,0.0225,0.0031,0.0037,0.9053,0.0011,0.0007
2022109125,0.9737,0.8815,0.0922,2,Driving | Hot Work,MEDIUM,SENT_TO_HUMAN_REVIEW,UNKNOWN,0.0065,0.2214,0.9737,0.0912,0.8815,0.0008,0.0023,0.4201,0.0089
2022109223,0.5004,0.3683,0.1321,1,Energy Isolation,MEDIUM,SENT_TO_HUMAN_REVIEW,UNKNOWN,0.0001,0.0203,0.0,0.5004,0.3683,0.0,0.0002,0.0135,0.0
2022109234,0.0248,0.0049,0.0199,0,NONE,NO_PREDICTION,REJECTED_ZERO_LABELS,UNKNOWN,0.0,0.0001,0.0003,0.0049,0.0009,0.0001,0.0023,0.0001,0.0248
2022109271,0.0028,0.0003,0.0025,0,NONE,NO_PREDICTION,REJECTED_ZERO_LABELS,UNKNOWN,0.0,0.0,0.0001,0.0003,0.0003,0.0028,0.0,0.0,0.0001
2022109291,0.0024,0.0009,0.0015,0,NONE,NO_PREDICTION,REJECTED_ZERO_LABELS,UNKNOWN,0.0,0.0,0.0003,0.0001,0.0001,0.0024,0.0009,0.0,0.0004
2022109337,0.9549,0.4286,0.5263,2,Energy Isolation | Safe Mechanical Lifting,HIGH,ACCEPT_MODEL_PREDICTED,MODEL_PREDICTED,0.004,0.0019,0.0022,0.9549,0.0008,0.0181,0.4286,0.0075,0.1214
2022109383,0.0004,0.0002,0.0002,0,NONE,NO_PREDICTION,REJECTED_ZERO_LABELS,UNKNOWN,0.0,0.0,0.0,0.0002,0.0004,0.0,0.0001,0.0,0.0001
2022109440,0.0013,0.0012,0.0001,0,NONE,NO_PREDICTION,REJECTED_ZERO_LABELS,UNKNOWN,0.0001,0.0001,0.0009,0.0004,0.0001,0.0007,0.0012,0.0001,0.0013
2022109503,0.2108,0.0004,0.2104,0,NONE,NO_PREDICTION,REJECTED_ZERO_LABELS,UNKNOWN,0.0,0.0004,0.0,0.0,0.2108,0.0002,0.0,0.0001,0.0
2022109543,0.0041,0.0025,0.0016,0,NONE,NO_PREDICTION,REJECTED_ZERO_LABELS,UNKNOWN,0.0,0.0002,0.0004,0.0025,0.0003,0.0002,0.0001,0.0001,0.0041
2022119604,0.0485,0.0433,0.0052,0,NONE,NO_PREDICTION,REJECTED_ZERO_LABELS,UNKNOWN,0.0002,0.0023,0.0013,0.0433,0.0485,0.0001,0.0135,0.0035,0.0
2022119646,0.2163,0.0022,0.2141,0,NONE,NO_PREDICTION,REJECTED_ZERO_LABELS,UNKNOWN,0.0,0.0,0.0008,0.0007,0.0004,0.0003,0.0022,0.0003,0.2163
2022119650,0.9984,0.0105,0.9879,1,Energy Isolation,HIGH,ACCEPT_MODEL_PREDICTED,MODEL_PREDICTED,0.0013,0.0105,0.0002,0.9984,0.0055,0.0002,0.0003,0.002,0.0022
2022119684,0.7715,0.5744,0.1971,2,Driving | Working at Height,HIGH,ACCEPT_MODEL_PREDICTED,MODEL_PREDICTED,0.0003,0.0001,0.7715,0.005,0.0,0.0007,0.0048,0.0014,0.5744
2022119726,0.0076,0.0003,0.0073,0,NONE,NO_PREDICTION,REJECTED_ZERO_LABELS,UNKNOWN,0.0,0.0001,0.0,0.0076,0.0003,0.0001,0.0002,0.0001,0.0
2022119754,0.0167,0.0119,0.0048,0,NONE,NO_PREDICTION,REJECTED_ZERO_LABELS,UNKNOWN,0.0,0.0001,0.0119,0.0029,0.0046,0.0019,0.0167,0.0001,0.0038
2022119761,0.9919,0.2549,0.737,2,Safe Mechanical Lifting | Working at Height,HIGH,ACCEPT_MODEL_PREDICTED,MODEL_PREDICTED,0.0001,0.0,0.0076,0.0209,0.0023,0.0541,0.9919,0.0001,0.2549
2022119778,0.9998,0.0134,0.9864,1,Driving,HIGH,ACCEPT_MODEL_PREDICTED,MODEL_PREDICTED,0.0023,0.001,0.9998,0.0048,0.0008,0.0006,0.0134,0.0048,0.0006
2022119848,0.9769,0.7442,0.2327,2,Working at Height | Energy Isolation,HIGH,ACCEPT_MODEL_PREDICTED,MODEL_PREDICTED,0.0142,0.0111,0.0116,0.7442,0.0053,0.1967,0.0049,0.0036,0.9769
2022119862,0.1262,0.1073,0.0189,0,NONE,NO_PREDICTION,REJECTED_ZERO_LABELS,UNKNOWN,0.0003,0.001,0.0003,0.1262,0.0002,0.0004,0.0004,0.0015,0.1073
2022119910,0.9999,0.0086,0.9913,1,Energy Isolation,HIGH,ACCEPT_MODEL_PREDICTED,MODEL_PREDICTED,0.0016,0.0064,0.0001,0.9999,0.0033,0.0002,0.0043,0.0035,0.0086
2022119923,0.9995,0.0075,0.992,1,Energy Isolation,HIGH,ACCEPT_MODEL_PREDICTED,MODEL_PREDICTED,0.0004,0.0014,0.0,0.9995,0.0075,0.0001,0.0003,0.0003,0.002
2022119940,0.9359,0.0698,0.8661,1,Energy Isolation,HIGH,ACCEPT_MODEL_PREDICTED,MODEL_PREDICTED,0.0001,0.0012,0.0,0.9359,0.0698,0.0005,0.0002,0.0001,0.0001
2022119949,0.0341,0.0016,0.0325,0,NONE,NO_PREDICTION,REJECTED_ZERO_LABELS,UNKNOWN,0.0001,0.0001,0.0341,0.0007,0.0,0.0001,0.0,0.0,0.0016
20221110052,0.3767,0.113,0.2637,1,Driving,LOW,REJECTED_LOW_CONFIDENCE,UNKNOWN,0.0005,0.0005,0.3767,0.0001,0.0003,0.0085,0.0055,0.0008,0.113
20221110022,0.0396,0.0222,0.0174,0,NONE,NO_PREDICTION,REJECTED_ZERO_LABELS,UNKNOWN,0.0002,0.001,0.0007,0.0222,0.0001,0.0002,0.0,0.0004,0.0396
20221110062,0.3025,0.0141,0.2884,1,Line of Fire,LOW,REJECTED_LOW_CONFIDENCE,UNKNOWN,0.0008,0.0002,0.0004,0.0141,0.0002,0.3025,0.0084,0.0,0.0025
20221110139,0.9992,0.0024,0.9968,1,Energy Isolation,HIGH,ACCEPT_MODEL_PREDICTED,MODEL_PREDICTED,0.0003,0.0019,0.0,0.9992,0.0024,0.0,0.0001,0.0003,0.0013
20221110191,0.9781,0.3238,0.6543,2,Driving | Line of Fire,HIGH,ACCEPT_MODEL_PREDICTED,MODEL_PREDICTED,0.0256,0.0081,0.9781,0.0216,0.0007,0.3238,0.0033,0.001,0.0015
20221110343,0.8054,0.0053,0.8001,1,Hot Work,HIGH,ACCEPT_MODEL_PREDICTED,MODEL_PREDICTED,0.0,0.0053,0.0001,0.0051,0.8054,0.0001,0.0007,0.0048,0.0015
20221110345,0.0181,0.0179,0.0002,0,NONE,NO_PREDICTION,REJECTED_ZERO_LABELS,UNKNOWN,0.0002,0.0005,0.0026,0.0008,0.0024,0.0068,0.0181,0.0005,0.0179
20221110369,0.9547,0.2892,0.6655,2,Energy Isolation | Safe Mechanical Lifting,HIGH,ACCEPT_MODEL_PREDICTED,MODEL_PREDICTED,0.0033,0.0274,0.0006,0.9547,0.1557,0.0305,0.2892,0.0147,0.0671
20221110389,0.0238,0.0076,0.0162,0,NONE,NO_PREDICTION,REJECTED_ZERO_LABELS,UNKNOWN,0.0,0.0001,0.0076,0.0008,0.001,0.0001,0.0002,0.0,0.0238
20221210520,0.9875,0.0109,0.9766,1,Driving,HIGH,ACCEPT_MODEL_PREDICTED,MODEL_PREDICTED,0.0041,0.0031,0.9875,0.0067,0.0009,0.0024,0.0026,0.0062,0.0109
20221210521,0.3686,0.0094,0.3592,1,Energy Isolation,LOW,REJECTED_LOW_CONFIDENCE,UNKNOWN,0.0009,0.0006,0.0007,0.3686,0.0002,0.0094,0.0046,0.0001,0.003
20221210576,0.0004,0.0002,0.0002,0,NONE,NO_PREDICTION,REJECTED_ZERO_LABELS,UNKNOWN,0.0,0.0,0.0,0.0004,0.0002,0.0001,0.0002,0.0,0.0001
20221210618,0.1978,0.0636,0.1342,0,NONE,NO_PREDICTION,REJECTED_ZERO_LABELS,UNKNOWN,0.0003,0.001,0.0008,0.0636,0.0012,0.0009,0.0002,0.0008,0.1978
20221210623,0.0007,0.0006,0.0001,0,NONE,NO_PREDICTION,REJECTED_ZERO_LABELS,UNKNOWN,0.0,0.0,0.0001,0.0001,0.0006,0.0001,0.0,0.0,0.0007
20221210644,0.0435,0.0135,0.03,0,NONE,NO_PREDICTION,REJECTED_ZERO_LABELS,UNKNOWN,0.0,0.0001,0.0007,0.0135,0.0014,0.0001,0.0435,0.0007,0.0107
20221210658,0.0203,0.005,0.0153,0,NONE,NO_PREDICTION,REJECTED_ZERO_LABELS,UNKNOWN,0.0001,0.0,0.0009,0.0021,0.0,0.0003,0.005,0.0003,0.0203
20221210689,0.0203,0.0012,0.0191,0,NONE,NO_PREDICTION,REJECTED_ZERO_LABELS,UNKNOWN,0.0003,0.0001,0.0012,0.0012,0.0,0.0203,0.0012,0.0,0.0002
20221210699,0.563,0.0225,0.5405,1,Line of Fire,MEDIUM,SENT_TO_HUMAN_REVIEW,UNKNOWN,0.0015,0.001,0.0132,0.0029,0.0225,0.563,0.0022,0.0001,0.0109
20221210717,0.0178,0.0006,0.0172,0,NONE,NO_PREDICTION,REJECTED_ZERO_LABELS,UNKNOWN,0.0,0.0001,0.0,0.0178,0.0006,0.0,0.0006,0.0002,0.0004
20221210721,0.9979,0.0016,0.9963,1,Energy Isolation,HIGH,ACCEPT_MODEL_PREDICTED,MODEL_PREDICTED,0.0005,0.0011,0.0,0.9979,0.0003,0.0,0.0012,0.0009,0.0016
20221210765,0.9994,0.1464,0.853,1,Hot Work,HIGH,ACCEPT_MODEL_PREDICTED,MODEL_PREDICTED,0.0002,0.1464,0.0,0.0113,0.9994,0.0029,0.0003,0.012,0.0002
20221210798,0.2178,0.0433,0.1745,0,NONE,NO_PREDICTION,REJECTED_ZERO_LABELS,UNKNOWN,0.0011,0.0044,0.2178,0.0013,0.0048,0.0032,0.0001,0.0004,0.0433
20221210881,0.0244,0.0097,0.0147,0,NONE,NO_PREDICTION,REJECTED_ZERO_LABELS,UNKNOWN,0.0022,0.0097,0.0024,0.0244,0.0008,0.0076,0.0035,0.0051,0.0008
20221210883,0.984,0.1629,0.8211,1,Working at Height,HIGH,ACCEPT_MODEL_PREDICTED,MODEL_PREDICTED,0.0013,0.0476,0.0111,0.1071,0.0816,0.0005,0.0046,0.1629,0.984
20221210958,0.9642,0.0261,0.9381,1,Safe Mechanical Lifting,HIGH,ACCEPT_MODEL_PREDICTED,MODEL_PREDICTED,0.0001,0.0,0.004,0.0261,0.0002,0.0007,0.9642,0.0006,0.0013
20221211001,0.0242,0.0045,0.0197,0,NONE,NO_PREDICTION,REJECTED_ZERO_LABELS,UNKNOWN,0.0001,0.0001,0.0003,0.0002,0.0016,0.0242,0.0002,0.0,0.0045
20221211017,0.0521,0.0046,0.0475,0,NONE,NO_PREDICTION,REJECTED_ZERO_LABELS,UNKNOWN,0.0001,0.0004,0.0046,0.0036,0.0002,0.0001,0.0521,0.0026,0.0
20221211038,0.0367,0.003,0.0337,0,NONE,NO_PREDICTION,REJECTED_ZERO_LABELS,UNKNOWN,0.0,0.0004,0.0,0.0028,0.0367,0.0001,0.0,0.0,0.003
20221211060,0.0143,0.0031,0.0112,0,NONE,NO_PREDICTION,REJECTED_ZERO_LABELS,UNKNOWN,0.0003,0.0017,0.0031,0.0007,0.0003,0.0002,0.0001,0.0009,0.0143
20221211136,0.0297,0.0258,0.0039,0,NONE,NO_PREDICTION,REJECTED_ZERO_LABELS,UNKNOWN,0.0002,0.0001,0.0001,0.0297,0.0,0.0067,0.0047,0.0001,0.0258
20221211155,0.3406,0.0306,0.31,0,NONE,NO_PREDICTION,REJECTED_ZERO_LABELS,UNKNOWN,0.0,0.003,0.0,0.0002,0.3406,0.0,0.0004,0.0306,0.0001
20221211177,0.2181,0.0076,0.2105,0,NONE,NO_PREDICTION,REJECTED_ZERO_LABELS,UNKNOWN,0.0003,0.0006,0.0076,0.005,0.0023,0.0034,0.0002,0.0003,0.2181
20221211260,0.9969,0.0127,0.9842,1,Working at Height,HIGH,ACCEPT_MODEL_PREDICTED,MODEL_PREDICTED,0.0001,0.0001,0.0113,0.0089,0.0008,0.0065,0.0127,0.0004,0.9969
20221211283,0.9992,0.0773,0.9219,1,Energy Isolation,HIGH,ACCEPT_MODEL_PREDICTED,MODEL_PREDICTED,0.0021,0.0045,0.0001,0.9992,0.0012,0.0004,0.0001,0.0007,0.0773
20221211294,0.9885,0.0229,0.9656,1,Working at Height,HIGH,ACCEPT_MODEL_PREDICTED,MODEL_PREDICTED,0.0001,0.0002,0.0229,0.0003,0.003,0.0008,0.0051,0.0012,0.9885
20221211296,0.8963,0.8211,0.0752,3,Line of Fire | Working at Height | Energy Isolation,MEDIUM,SENT_TO_HUMAN_REVIEW,UNKNOWN,0.0248,0.0208,0.0224,0.5364,0.0262,0.8963,0.0549,0.0015,0.8211
2023010004,0.0242,0.0209,0.0033,0,NONE,NO_PREDICTION,REJECTED_ZERO_LABELS,UNKNOWN,0.0,0.0,0.001,0.0001,0.0003,0.0242,0.0209,0.0,0.0024
2023010015,0.1195,0.019,0.1005,0,NONE,NO_PREDICTION,REJECTED_ZERO_LABELS,UNKNOWN,0.0006,0.0002,0.0006,0.0039,0.0013,0.1195,0.0003,0.0,0.019
2023010019,0.0014,0.001,0.0004,0,NONE,NO_PREDICTION,REJECTED_ZERO_LABELS,UNKNOWN,0.0,0.0,0.0014,0.0008,0.0007,0.0001,0.001,0.0,0.0001
2023010085,0.9998,0.0255,0.9743,1,Safe Mechanical Lifting,HIGH,ACCEPT_MODEL_PREDICTED,MODEL_PREDICTED,0.0001,0.0,0.01,0.0107,0.0006,0.0255,0.9998,0.0005,0.0104
2023010090,0.4784,0.2069,0.2715,2,Driving | Safe Mechanical Lifting,MEDIUM,SENT_TO_HUMAN_REVIEW,UNKNOWN,0.0006,0.0001,0.4784,0.0007,0.0,0.0537,0.2069,0.0001,0.0002
2023010097,0.0233,0.0112,0.0121,0,NONE,NO_PREDICTION,REJECTED_ZERO_LABELS,UNKNOWN,0.0001,0.0003,0.0003,0.0233,0.0,0.0001,0.0003,0.0006,0.0112
2023010109,0.0046,0.0009,0.0037,0,NONE,NO_PREDICTION,REJECTED_ZERO_LABELS,UNKNOWN,0.0002,0.0007,0.0008,0.0046,0.0001,0.0,0.0,0.0009,0.0001
2023010133,0.0098,0.0011,0.0087,0,NONE,NO_PREDICTION,REJECTED_ZERO_LABELS,UNKNOWN,0.0002,0.0002,0.0011,0.0006,0.0002,0.0098,0.0001,0.0,0.0003
2023010136,0.3418,0.0596,0.2822,1,Safe Mechanical Lifting,LOW,REJECTED_LOW_CONFIDENCE,UNKNOWN,0.0036,0.0016,0.0369,0.0587,0.0003,0.0596,0.3418,0.0019,0.0214
2023010137,0.0009,0.0003,0.0006,0,NONE,NO_PREDICTION,REJECTED_ZERO_LABELS,UNKNOWN,0.0001,0.0001,0.0002,0.0009,0.0001,0.0001,0.0001,0.0001,0.0003
2023010148,0.9959,0.9835,0.0124,2,Driving | Safe Mechanical Lifting,MEDIUM,SENT_TO_HUMAN_REVIEW,UNKNOWN,0.0006,0.0001,0.9959,0.001,0.0006,0.0198,0.9835,0.0018,0.0151
2023010169,0.302,0.0169,0.2851,1,Safe Mechanical Lifting,LOW,REJECTED_LOW_CONFIDENCE,UNKNOWN,0.0001,0.0002,0.0003,0.0169,0.0011,0.0001,0.302,0.004,0.0004
2023010170,0.0581,0.008,0.0501,0,NONE,NO_PREDICTION,REJECTED_ZERO_LABELS,UNKNOWN,0.0,0.0,0.0007,0.0024,0.0,0.0001,0.008,0.0002,0.0581
2023010243,0.0299,0.0044,0.0255,0,NONE,NO_PREDICTION,REJECTED_ZERO_LABELS,UNKNOWN,0.0,0.0002,0.0001,0.0299,0.0001,0.0,0.0021,0.0012,0.0044
2023010245,0.0259,0.0027,0.0232,0,NONE,NO_PREDICTION,REJECTED_ZERO_LABELS,UNKNOWN,0.0,0.0007,0.0,0.0,0.0259,0.0027,0.0,0.0,0.0
2023010254,0.021,0.0042,0.0168,0,NONE,NO_PREDICTION,REJECTED_ZERO_LABELS,UNKNOWN,0.0,0.0002,0.0,0.0042,0.021,0.0,0.0006,0.0001,0.0016
2023010293,0.4686,0.1164,0.3522,1,Working at Height,MEDIUM,SENT_TO_HUMAN_REVIEW,UNKNOWN,0.0065,0.0089,0.0981,0.1164,0.0035,0.0131,0.0436,0.0393,0.4686
2023010332,0.9999,0.025,0.9749,1,Safe Mechanical Lifting,HIGH,ACCEPT_MODEL_PREDICTED,MODEL_PREDICTED,0.0001,0.0,0.0138,0.0072,0.006,0.0024,0.9999,0.0021,0.025
2023010364,0.6612,0.1352,0.526,1,Line of Fire,MEDIUM,SENT_TO_HUMAN_REVIEW,UNKNOWN,0.0032,0.0009,0.0002,0.1352,0.0017,0.6612,0.0636,0.0002,0.0003
2023010404,0.9909,0.0182,0.9727,1,Safe Mechanical Lifting,HIGH,ACCEPT_MODEL_PREDICTED,MODEL_PREDICTED,0.0,0.0,0.0003,0.0016,0.0059,0.0182,0.9909,0.0001,0.0022
2023010431,0.4663,0.002,0.4643,1,Line of Fire,MEDIUM,SENT_TO_HUMAN_REVIEW,UNKNOWN,0.0003,0.0001,0.0004,0.0009,0.0002,0.4663,0.0012,0.0,0.002
2023010438,0.1814,0.0083,0.1731,0,NONE,NO_PREDICTION,REJECTED_ZERO_LABELS,UNKNOWN,0.0,0.0,0.0004,0.0083,0.0003,0.0,0.1814,0.0001,0.0019
2023010465,0.0033,0.0012,0.0021,0,NONE,NO_PREDICTION,REJECTED_ZERO_LABELS,UNKNOWN,0.0001,0.0001,0.0003,0.0009,0.0,0.0012,0.0033,0.0001,0.0001
2023010502,0.0054,0.0029,0.0025,0,NONE,NO_PREDICTION,REJECTED_ZERO_LABELS,UNKNOWN,0.0001,0.0005,0.0005,0.0018,0.0001,0.0,0.0002,0.0029,0.0054
2023010525,0.0038,0.0018,0.002,0,NONE,NO_PREDICTION,REJECTED_ZERO_LABELS,UNKNOWN,0.0,0.0,0.0018,0.0001,0.0003,0.0038,0.0002,0.0,0.0004
2023010578,0.4646,0.0089,0.4557,1,Energy Isolation,MEDIUM,SENT_TO_HUMAN_REVIEW,UNKNOWN,0.0011,0.0017,0.0018,0.4646,0.0022,0.0071,0.0089,0.001,0.0063
2023010635,0.0327,0.0136,0.0191,0,NONE,NO_PREDICTION,REJECTED_ZERO_LABELS,UNKNOWN,0.0,0.0001,0.0327,0.0001,0.0001,0.0002,0.0136,0.0006,0.0053
2023010697,0.097,0.0022,0.0948,0,NONE,NO_PREDICTION,REJECTED_ZERO_LABELS,UNKNOWN,0.0002,0.0005,0.0001,0.097,0.0004,0.0002,0.0022,0.0009,0.0001
2023010702,0.0198,0.0127,0.0071,0,NONE,NO_PREDICTION,REJECTED_ZERO_LABELS,UNKNOWN,0.0,0.0001,0.0,0.0198,0.0041,0.0001,0.0127,0.0003,0.0011
2023010750,0.0031,0.003,0.0001,0,NONE,NO_PREDICTION,REJECTED_ZERO_LABELS,UNKNOWN,0.0002,0.0008,0.0002,0.001,0.0001,0.0004,0.0024,0.0031,0.003
2023010825,0.2151,0.0149,0.2002,0,NONE,NO_PREDICTION,REJECTED_ZERO_LABELS,UNKNOWN,0.0,0.0,0.0,0.0149,0.0006,0.001,0.0029,0.0,0.2151
2023010846,0.0043,0.0026,0.0017,0,NONE,NO_PREDICTION,REJECTED_ZERO_LABELS,UNKNOWN,0.0002,0.0002,0.0005,0.0009,0.0001,0.0043,0.0026,0.0002,0.0001
2023010915,0.0687,0.0599,0.0088,0,NONE,NO_PREDICTION,REJECTED_ZERO_LABELS,UNKNOWN,0.0,0.0002,0.0002,0.0599,0.0005,0.0001,0.0376,0.0021,0.0687
2023010960,0.9338,0.8976,0.0362,3,Working at Height | Safe Mechanical Lifting | Line of Fire,MEDIUM,SENT_TO_HUMAN_REVIEW,UNKNOWN,0.0063,0.0013,0.033,0.2682,0.0016,0.6134,0.8976,0.0013,0.9338
2023010965,0.0023,0.0022,0.0001,0,NONE,NO_PREDICTION,REJECTED_ZERO_LABELS,UNKNOWN,0.0001,0.0001,0.0023,0.0022,0.0,0.0001,0.0015,0.0005,0.0022
2023010969,0.9085,0.4152,0.4933,2,Driving | Energy Isolation,HIGH,ACCEPT_MODEL_PREDICTED,MODEL_PREDICTED,0.0084,0.034,0.9085,0.4152,0.0171,0.0004,0.0018,0.0996,0.0073
2023010982,0.113,0.0035,0.1095,0,NONE,NO_PREDICTION,REJECTED_ZERO_LABELS,UNKNOWN,0.0001,0.0007,0.0001,0.113,0.0001,0.0001,0.0035,0.0015,0.0016
2023021004,0.0118,0.0055,0.0063,0,NONE,NO_PREDICTION,REJECTED_ZERO_LABELS,UNKNOWN,0.0,0.0002,0.0118,0.0007,0.0006,0.0,0.0002,0.0001,0.0055
2023021016,0.0111,0.0033,0.0078,0,NONE,NO_PREDICTION,REJECTED_ZERO_LABELS,UNKNOWN,0.0,0.0001,0.0001,0.0111,0.0002,0.0003,0.0008,0.0,0.0033
2023021061,0.755,0.1675,0.5875,1,Safe Mechanical Lifting,HIGH,ACCEPT_MODEL_PREDICTED,MODEL_PREDICTED,0.0002,0.0009,0.0001,0.1675,0.0664,0.002,0.755,0.003,0.0003
2023021087,0.0011,0.0003,0.0008,0,NONE,NO_PREDICTION,REJECTED_ZERO_LABELS,UNKNOWN,0.0,0.0,0.0,0.0002,0.0011,0.0003,0.0,0.0,0.0003
2023021098,0.0069,0.0013,0.0056,0,NONE,NO_PREDICTION,REJECTED_ZERO_LABELS,UNKNOWN,0.0,0.0,0.0001,0.0013,0.0001,0.0005,0.0069,0.0,0.0011
2023021122,0.2936,0.0008,0.2928,0,NONE,NO_PREDICTION,REJECTED_ZERO_LABELS,UNKNOWN,0.0,0.0002,0.0,0.0008,0.2936,0.0001,0.0,0.0,0.0
2023021152,0.9962,0.9232,0.073,2,Hot Work | Working at Height,MEDIUM,SENT_TO_HUMAN_REVIEW,UNKNOWN,0.0005,0.0332,0.0097,0.0267,0.9962,0.0184,0.0364,0.0412,0.9232
2023021182,0.9997,0.0712,0.9285,1,Safe Mechanical Lifting,HIGH,ACCEPT_MODEL_PREDICTED,MODEL_PREDICTED,0.0003,0.0001,0.0712,0.0149,0.0019,0.0026,0.9997,0.0075,0.0026
2023021227,0.9135,0.0271,0.8864,1,Safe Mechanical Lifting,HIGH,ACCEPT_MODEL_PREDICTED,MODEL_PREDICTED,0.0002,0.0001,0.0003,0.0271,0.0063,0.0113,0.9135,0.0006,0.0002
2023021263,0.865,0.8292,0.0358,2,Safe Mechanical Lifting | Line of Fire,MEDIUM,SENT_TO_HUMAN_REVIEW,UNKNOWN,0.0007,0.0001,0.0047,0.0013,0.0024,0.8292,0.865,0.0002,0.1476
2023021276,0.0012,0.001,0.0002,0,NONE,NO_PREDICTION,REJECTED_ZERO_LABELS,UNKNOWN,0.0,0.0,0.0,0.0012,0.0,0.0,0.0004,0.0002,0.001
2023021284,1.0,0.0981,0.9019,1,Safe Mechanical Lifting,HIGH,ACCEPT_MODEL_PREDICTED,MODEL_PREDICTED,0.0009,0.0003,0.0981,0.0528,0.0023,0.026,1.0,0.0093,0.0143
2023021323,0.9536,0.9486,0.005,2,Driving | Energy Isolation,MEDIUM,SENT_TO_HUMAN_REVIEW,UNKNOWN,0.0369,0.0251,0.9536,0.9486,0.0061,0.0025,0.0146,0.0293,0.025
2023021329,0.966,0.0193,0.9467,1,Driving,HIGH,ACCEPT_MODEL_PREDICTED,MODEL_PREDICTED,0.0005,0.0005,0.966,0.001,0.0008,0.0023,0.001,0.0003,0.0193
2023021341,0.0465,0.0023,0.0442,0,NONE,NO_PREDICTION,REJECTED_ZERO_LABELS,UNKNOWN,0.0,0.0003,0.0,0.0465,0.0021,0.0,0.001,0.0023,0.0001
2023021350,0.0183,0.0038,0.0145,0,NONE,NO_PREDICTION,REJECTED_ZERO_LABELS,UNKNOWN,0.0001,0.0005,0.0,0.0011,0.0038,0.0015,0.0001,0.0001,0.0183
2023021351,0.0009,0.0006,0.0003,0,NONE,NO_PREDICTION,REJECTED_ZERO_LABELS,UNKNOWN,0.0,0.0,0.0,0.0009,0.0001,0.0,0.0006,0.0001,0.0002
2023021471,0.0831,0.0684,0.0147,0,NONE,NO_PREDICTION,REJECTED_ZERO_LABELS,UNKNOWN,0.0003,0.0096,0.0003,0.0684,0.0354,0.0003,0.0831,0.0342,0.0004
2023021486,0.5054,0.0077,0.4977,1,Safe Mechanical Lifting,MEDIUM,SENT_TO_HUMAN_REVIEW,UNKNOWN,0.0004,0.0001,0.0039,0.0077,0.0,0.0014,0.5054,0.0003,0.0
2023021550,0.4082,0.0641,0.3441,0,NONE,NO_PREDICTION,REJECTED_ZERO_LABELS,UNKNOWN,0.0003,0.0641,0.0008,0.0083,0.4082,0.001,0.0001,0.0245,0.0004
2023021560,0.8219,0.0205,0.8014,1,Safe Mechanical Lifting,HIGH,ACCEPT_MODEL_PREDICTED,MODEL_PREDICTED,0.0001,0.0001,0.0026,0.0205,0.0001,0.0001,0.8219,0.0014,0.0007
2023021577,0.0693,0.0221,0.0472,0,NONE,NO_PREDICTION,REJECTED_ZERO_LABELS,UNKNOWN,0.0004,0.0002,0.001,0.0221,0.0007,0.0693,0.0005,0.0,0.0032
2023021647,0.914,0.7823,0.1317,3,Hot Work | Confined Space | Work Authorization,MEDIUM,SENT_TO_HUMAN_REVIEW,UNKNOWN,0.0074,0.7823,0.0731,0.0443,0.914,0.0039,0.0214,0.7518,0.0016
2023021692,0.1869,0.004,0.1829,0,NONE,NO_PREDICTION,REJECTED_ZERO_LABELS,UNKNOWN,0.0003,0.0017,0.0013,0.1869,0.0031,0.0001,0.0009,0.004,0.0002
2023021727,0.9879,0.0474,0.9405,1,Hot Work,HIGH,ACCEPT_MODEL_PREDICTED,MODEL_PREDICTED,0.0001,0.0474,0.0,0.0177,0.9879,0.0006,0.0001,0.0045,0.0002
2023021752,0.8752,0.1551,0.7201,1,Working at Height,HIGH,ACCEPT_MODEL_PREDICTED,MODEL_PREDICTED,0.0001,0.0007,0.1551,0.0044,0.0051,0.0,0.025,0.0216,0.8752
2023021817,0.9865,0.6504,0.3361,2,Energy Isolation | Safe Mechanical Lifting,HIGH,ACCEPT_MODEL_PREDICTED,MODEL_PREDICTED,0.0058,0.0184,0.0035,0.9865,0.0893,0.1422,0.6504,0.0027,0.0004
2023021826,0.9428,0.8316,0.1112,4,Confined Space | Working at Height | Work Authorization | Energy Isolation,MEDIUM,SENT_TO_HUMAN_REVIEW,UNKNOWN,0.1996,0.9428,0.2234,0.4195,0.3072,0.1228,0.0089,0.7158,0.8316
2023021829,0.0513,0.0189,0.0324,0,NONE,NO_PREDICTION,REJECTED_ZERO_LABELS,UNKNOWN,0.0,0.0001,0.0004,0.0001,0.0513,0.0029,0.0002,0.0,0.0189
2023031899,0.9986,0.1031,0.8955,1,Safe Mechanical Lifting,HIGH,ACCEPT_MODEL_PREDICTED,MODEL_PREDICTED,0.0001,0.0,0.0019,0.0042,0.0044,0.003,0.9986,0.0015,0.1031
2023031900,0.2374,0.0041,0.2333,0,NONE,NO_PREDICTION,REJECTED_ZERO_LABELS,UNKNOWN,0.0,0.004,0.0001,0.0041,0.2374,0.0002,0.0012,0.0033,0.0002
2023031909,0.5776,0.131,0.4466,1,Driving,MEDIUM,SENT_TO_HUMAN_REVIEW,UNKNOWN,0.0001,0.0007,0.5776,0.0006,0.0008,0.0,0.0021,0.0026,0.131
2023031938,0.0398,0.0045,0.0353,0,NONE,NO_PREDICTION,REJECTED_ZERO_LABELS,UNKNOWN,0.0005,0.0006,0.0045,0.0004,0.0002,0.0398,0.0009,0.0001,0.0001
2023031973,0.1764,0.0053,0.1711,0,NONE,NO_PREDICTION,REJECTED_ZERO_LABELS,UNKNOWN,0.0001,0.0001,0.0017,0.0053,0.0,0.0001,0.1764,0.0007,0.0005
2023031990,0.074,0.0027,0.0713,0,NONE,NO_PREDICTION,REJECTED_ZERO_LABELS,UNKNOWN,0.0001,0.0,0.0005,0.0002,0.0,0.0007,0.0027,0.0003,0.074
2023032004,0.9962,0.2461,0.7501,1,Safe Mechanical Lifting,HIGH,ACCEPT_MODEL_PREDICTED,MODEL_PREDICTED,0.0025,0.0274,0.0326,0.2455,0.2195,0.0045,0.9962,0.2461,0.0301
2023032085,0.9933,0.0149,0.9784,1,Line of Fire,HIGH,ACCEPT_MODEL_PREDICTED,MODEL_PREDICTED,0.0018,0.0001,0.0016,0.0038,0.0003,0.9933,0.002,0.0,0.0149
2023032153,0.7661,0.0134,0.7527,1,Hot Work,HIGH,ACCEPT_MODEL_PREDICTED,MODEL_PREDICTED,0.0,0.0134,0.0,0.0126,0.7661,0.0001,0.0,0.0035,0.0
2023032196,0.9984,0.9874,0.011,3,Work Authorization | Confined Space | Hot Work,MEDIUM,SENT_TO_HUMAN_REVIEW,UNKNOWN,0.0386,0.9874,0.0695,0.0715,0.5962,0.0022,0.0211,0.9984,0.0074
2023032216,0.0114,0.0066,0.0048,0,NONE,NO_PREDICTION,REJECTED_ZERO_LABELS,UNKNOWN,0.0,0.0003,0.0,0.0066,0.0114,0.0014,0.0019,0.0001,0.0
2023032237,0.7059,0.0067,0.6992,1,Energy Isolation,HIGH,ACCEPT_MODEL_PREDICTED,MODEL_PREDICTED,0.0003,0.0009,0.0,0.7059,0.0004,0.0002,0.0067,0.0018,0.0002
2023032278,0.0089,0.0012,0.0077,0,NONE,NO_PREDICTION,REJECTED_ZERO_LABELS,UNKNOWN,0.0,0.0001,0.0,0.0089,0.0012,0.0002,0.0001,0.0,0.0005
2023032283,0.984,0.411,0.573,2,Working at Height | Safe Mechanical Lifting,HIGH,ACCEPT_MODEL_PREDICTED,MODEL_PREDICTED,0.0002,0.0001,0.0451,0.0051,0.0003,0.005,0.411,0.0015,0.984
2023032296,0.6634,0.0009,0.6625,1,Driving,MEDIUM,SENT_TO_HUMAN_REVIEW,UNKNOWN,0.0003,0.0004,0.6634,0.0008,0.0002,0.0002,0.0002,0.0009,0.0006
2023032332,0.0196,0.0139,0.0057,0,NONE,NO_PREDICTION,REJECTED_ZERO_LABELS,UNKNOWN,0.0001,0.0001,0.0011,0.0196,0.0,0.0002,0.0,0.0001,0.0139
2023032359,0.9981,0.0146,0.9835,1,Hot Work,HIGH,ACCEPT_MODEL_PREDICTED,MODEL_PREDICTED,0.0,0.0146,0.0,0.0053,0.9981,0.0001,0.0,0.0017,0.0001
2023032400,0.9961,0.0927,0.9034,1,Safe Mechanical Lifting,HIGH,ACCEPT_MODEL_PREDICTED,MODEL_PREDICTED,0.0002,0.0001,0.0098,0.0194,0.0007,0.0539,0.9961,0.0006,0.0927
2023032404,0.0053,0.0016,0.0037,0,NONE,NO_PREDICTION,REJECTED_ZERO_LABELS,UNKNOWN,0.0,0.0005,0.0,0.0016,0.0053,0.0,0.0001,0.001,0.0
2023032407,0.0072,0.0001,0.0071,0,NONE,NO_PREDICTION,REJECTED_ZERO_LABELS,UNKNOWN,0.0,0.0,0.0,0.0,0.0001,0.0,0.0,0.0,0.0072
2023032509,0.0577,0.011,0.0467,0,NONE,NO_PREDICTION,REJECTED_ZERO_LABELS,UNKNOWN,0.0001,0.0,0.0,0.0577,0.0001,0.002,0.011,0.0001,0.0001
2023032554,0.5037,0.0552,0.4485,1,Driving,MEDIUM,SENT_TO_HUMAN_REVIEW,UNKNOWN,0.0009,0.001,0.5037,0.0004,0.0002,0.0041,0.0001,0.0003,0.0552
2023032587,0.2725,0.07,0.2025,1,Driving,LOW,REJECTED_LOW_CONFIDENCE,UNKNOWN,0.0001,0.0001,0.2725,0.0002,0.0001,0.0025,0.0004,0.0001,0.07
2023032590,0.7048,0.0912,0.6136,1,Working at Height,HIGH,ACCEPT_MODEL_PREDICTED,MODEL_PREDICTED,0.0001,0.0001,0.0001,0.0912,0.0001,0.0001,0.0055,0.0011,0.7048
2023032692,0.3644,0.0559,0.3085,1,Line of Fire,LOW,REJECTED_LOW_CONFIDENCE,UNKNOWN,0.0065,0.0043,0.003,0.0074,0.0009,0.3644,0.0011,0.0007,0.0559
2023032769,0.4048,0.1886,0.2162,1,Working at Height,LOW,REJECTED_LOW_CONFIDENCE,UNKNOWN,0.0002,0.0004,0.1886,0.0003,0.0001,0.0005,0.0196,0.0058,0.4048
2023032802,0.0008,0.0004,0.0004,0,NONE,NO_PREDICTION,REJECTED_ZERO_LABELS,UNKNOWN,0.0,0.0003,0.0001,0.0008,0.0002,0.0004,0.0,0.0001,0.0001
2023032813,0.1311,0.0013,0.1298,0,NONE,NO_PREDICTION,REJECTED_ZERO_LABELS,UNKNOWN,0.0,0.0,0.0002,0.001,0.0013,0.0001,0.0002,0.0,0.1311
2023032839,0.1018,0.0061,0.0957,0,NONE,NO_PREDICTION,REJECTED_ZERO_LABELS,UNKNOWN,0.0005,0.0017,0.0006,0.001,0.1018,0.0061,0.0035,0.0009,0.0006
2023042913,0.999,0.0469,0.9521,1,Hot Work,HIGH,ACCEPT_MODEL_PREDICTED,MODEL_PREDICTED,0.0,0.0469,0.0,0.0023,0.999,0.0002,0.0001,0.0032,0.0003
2023042956,0.0757,0.0532,0.0225,0,NONE,NO_PREDICTION,REJECTED_ZERO_LABELS,UNKNOWN,0.0001,0.0,0.0022,0.0018,0.0009,0.0479,0.0757,0.0,0.0532
2023043032,0.0196,0.0046,0.015,0,NONE,NO_PREDICTION,REJECTED_ZERO_LABELS,UNKNOWN,0.0001,0.0006,0.001,0.0196,0.0007,0.0,0.0033,0.0046,0.003
2023043040,0.0389,0.0175,0.0214,0,NONE,NO_PREDICTION,REJECTED_ZERO_LABELS,UNKNOWN,0.0014,0.0147,0.0004,0.0389,0.0136,0.0175,0.0001,0.0005,0.0001
2023043132,0.0977,0.0282,0.0695,0,NONE,NO_PREDICTION,REJECTED_ZERO_LABELS,UNKNOWN,0.001,0.0084,0.0008,0.0179,0.0199,0.0029,0.0977,0.0282,0.0182
2023043137,0.0042,0.0038,0.0004,0,NONE,NO_PREDICTION,REJECTED_ZERO_LABELS,UNKNOWN,0.0001,0.0001,0.0002,0.0018,0.0,0.0038,0.0,0.0,0.0042
2023043192,0.0162,0.0017,0.0145,0,NONE,NO_PREDICTION,REJECTED_ZERO_LABELS,UNKNOWN,0.0001,0.0001,0.0001,0.0162,0.0,0.0017,0.0002,0.0,0.0003
2023043228,0.0704,0.0041,0.0663,0,NONE,NO_PREDICTION,REJECTED_ZERO_LABELS,UNKNOWN,0.0,0.0,0.0,0.0704,0.0041,0.0004,0.0019,0.0,0.0006
2023043254,0.0655,0.0023,0.0632,0,NONE,NO_PREDICTION,REJECTED_ZERO_LABELS,UNKNOWN,0.0,0.0001,0.0001,0.0002,0.0001,0.0001,0.0655,0.0023,0.0012
2023043271,0.6428,0.0321,0.6107,1,Safe Mechanical Lifting,MEDIUM,SENT_TO_HUMAN_REVIEW,UNKNOWN,0.0001,0.0001,0.0002,0.0321,0.0028,0.0013,0.6428,0.0003,0.0
2023043294,0.0197,0.0021,0.0176,0,NONE,NO_PREDICTION,REJECTED_ZERO_LABELS,UNKNOWN,0.0001,0.0001,0.0,0.0197,0.0002,0.0021,0.0,0.0,0.0001
2023043375,0.0003,0.0003,0.0,0,NONE,NO_PREDICTION,REJECTED_ZERO_LABELS,UNKNOWN,0.0,0.0,0.0,0.0003,0.0,0.0001,0.0003,0.0,0.0
2023043389,0.9979,0.0483,0.9496,1,Working at Height,HIGH,ACCEPT_MODEL_PREDICTED,MODEL_PREDICTED,0.0002,0.0009,0.003,0.0483,0.0024,0.0008,0.0005,0.0016,0.9979
2023043405,0.0109,0.0007,0.0102,0,NONE,NO_PREDICTION,REJECTED_ZERO_LABELS,UNKNOWN,0.0,0.0,0.0001,0.0002,0.0,0.0001,0.0109,0.0004,0.0007
2023043447,0.9577,0.3645,0.5932,2,Line of Fire | Energy Isolation,HIGH,ACCEPT_MODEL_PREDICTED,MODEL_PREDICTED,0.0024,0.0004,0.0003,0.3645,0.0163,0.9577,0.1117,0.0,0.0317
2023043455,0.9253,0.0286,0.8967,1,Safe Mechanical Lifting,HIGH,ACCEPT_MODEL_PREDICTED,MODEL_PREDICTED,0.0001,0.0002,0.0001,0.0286,0.0021,0.0005,0.9253,0.006,0.0135
2023043569,0.9998,0.0582,0.9416,1,Working at Height,HIGH,ACCEPT_MODEL_PREDICTED,MODEL_PREDICTED,0.001,0.0019,0.0503,0.0171,0.0046,0.0115,0.0582,0.0216,0.9998
2023043617,0.0441,0.0284,0.0157,0,NONE,NO_PREDICTION,REJECTED_ZERO_LABELS,UNKNOWN,0.0001,0.0002,0.0,0.0284,0.0001,0.023,0.0011,0.0001,0.0441
2023043697,0.9989,0.0059,0.993,1,Safe Mechanical Lifting,HIGH,ACCEPT_MODEL_PREDICTED,MODEL_PREDICTED,0.0001,0.0001,0.0019,0.0052,0.002,0.0014,0.9989,0.002,0.0059
2023043716,0.2509,0.0069,0.244,1,Working at Height,LOW,REJECTED_LOW_CONFIDENCE,UNKNOWN,0.0001,0.0001,0.0001,0.0005,0.0017,0.0069,0.0024,0.0001,0.2509
2023053885,0.0542,0.0011,0.0531,0,NONE,NO_PREDICTION,REJECTED_ZERO_LABELS,UNKNOWN,0.0,0.0002,0.0,0.0011,0.0542,0.0,0.0001,0.0002,0.0004
2023053913,0.9957,0.9791,0.0166,2,Energy Isolation | Driving,MEDIUM,SENT_TO_HUMAN_REVIEW,UNKNOWN,0.1318,0.0905,0.9791,0.9957,0.0128,0.002,0.0257,0.0814,0.0065
2023053928,0.0013,0.0002,0.0011,0,NONE,NO_PREDICTION,REJECTED_ZERO_LABELS,UNKNOWN,0.0,0.0,0.0001,0.0013,0.0,0.0001,0.0,0.0,0.0002
2023053944,0.5615,0.2978,0.2637,2,Working at Height | Safe Mechanical Lifting,MEDIUM,SENT_TO_HUMAN_REVIEW,UNKNOWN,0.0,0.0002,0.002,0.1698,0.0031,0.0,0.2978,0.0087,0.5615
2023053955,0.0588,0.0012,0.0576,0,NONE,NO_PREDICTION,REJECTED_ZERO_LABELS,UNKNOWN,0.0,0.0001,0.0002,0.0003,0.0,0.0002,0.0588,0.0009,0.0012
2023053963,0.9831,0.9465,0.0366,2,Energy Isolation | Hot Work,MEDIUM,SENT_TO_HUMAN_REVIEW,UNKNOWN,0.0002,0.0644,0.0002,0.9831,0.9465,0.0,0.004,0.0381,0.0072
2023053976,0.9997,0.1107,0.889,1,Working at Height,HIGH,ACCEPT_MODEL_PREDICTED,MODEL_PREDICTED,0.0002,0.0013,0.0223,0.1107,0.0009,0.0003,0.0006,0.0057,0.9997
2023053981,0.0093,0.0008,0.0085,0,NONE,NO_PREDICTION,REJECTED_ZERO_LABELS,UNKNOWN,0.0001,0.0003,0.0002,0.0093,0.0001,0.0001,0.0003,0.0006,0.0008
2023054020,0.9934,0.0098,0.9836,1,Safe Mechanical Lifting,HIGH,ACCEPT_MODEL_PREDICTED,MODEL_PREDICTED,0.0,0.0,0.0098,0.0018,0.0004,0.0006,0.9934,0.0006,0.0052
2023054142,0.0768,0.0411,0.0357,0,NONE,NO_PREDICTION,REJECTED_ZERO_LABELS,UNKNOWN,0.0002,0.0003,0.0009,0.0411,0.0033,0.0012,0.0768,0.0019,0.0219
2023054167,0.0037,0.0019,0.0018,0,NONE,NO_PREDICTION,REJECTED_ZERO_LABELS,UNKNOWN,0.0001,0.0001,0.0002,0.0,0.0019,0.0037,0.0003,0.0,0.0001
2023054177,0.0106,0.0063,0.0043,0,NONE,NO_PREDICTION,REJECTED_ZERO_LABELS,UNKNOWN,0.0002,0.0001,0.0,0.0106,0.0001,0.0063,0.0001,0.0,0.0001
2023054216,0.605,0.1503,0.4547,1,Energy Isolation,MEDIUM,SENT_TO_HUMAN_REVIEW,UNKNOWN,0.0003,0.0025,0.0,0.605,0.0225,0.0012,0.0002,0.0006,0.1503
2023054221,0.9986,0.0173,0.9813,1,Energy Isolation,HIGH,ACCEPT_MODEL_PREDICTED,MODEL_PREDICTED,0.0104,0.0173,0.0079,0.9986,0.0134,0.0025,0.0012,0.0031,0.0099
2023054329,0.0043,0.0043,0.0,0,NONE,NO_PREDICTION,REJECTED_ZERO_LABELS,UNKNOWN,0.0,0.0001,0.0,0.0003,0.0009,0.0043,0.0006,0.0,0.0043
2023054368,0.162,0.0028,0.1592,0,NONE,NO_PREDICTION,REJECTED_ZERO_LABELS,UNKNOWN,0.0001,0.0,0.0002,0.0003,0.0001,0.162,0.0028,0.0,0.0
2023054464,0.1296,0.0678,0.0618,0,NONE,NO_PREDICTION,REJECTED_ZERO_LABELS,UNKNOWN,0.0006,0.0019,0.0015,0.0678,0.0194,0.0044,0.006,0.0008,0.1296
2023054476,0.9987,0.0207,0.978,1,Energy Isolation,HIGH,ACCEPT_MODEL_PREDICTED,MODEL_PREDICTED,0.0028,0.0207,0.0,0.9987,0.008,0.0004,0.0002,0.0012,0.0001
2023054490,0.5854,0.1148,0.4706,1,Energy Isolation,MEDIUM,SENT_TO_HUMAN_REVIEW,UNKNOWN,0.0403,0.0344,0.1148,0.5854,0.0002,0.0218,0.0011,0.0064,0.0195
2023054495,0.0732,0.0047,0.0685,0,NONE,NO_PREDICTION,REJECTED_ZERO_LABELS,UNKNOWN,0.0,0.0001,0.0,0.0036,0.0047,0.0732,0.0,0.0,0.0
2023054537,0.2323,0.0142,0.2181,1,Safe Mechanical Lifting,LOW,REJECTED_LOW_CONFIDENCE,UNKNOWN,0.0009,0.0016,0.0077,0.005,0.001,0.0142,0.2323,0.0014,0.0001
2023054548,0.9998,0.3853,0.6145,2,Working at Height | Energy Isolation,HIGH,ACCEPT_MODEL_PREDICTED,MODEL_PREDICTED,0.0017,0.0037,0.0587,0.3853,0.0086,0.0315,0.0271,0.0089,0.9998
2023054552,0.7299,0.0248,0.7051,1,Safe Mechanical Lifting,HIGH,ACCEPT_MODEL_PREDICTED,MODEL_PREDICTED,0.0001,0.0007,0.0005,0.0248,0.0022,0.0001,0.7299,0.0162,0.0003
2023054560,0.7128,0.0015,0.7113,1,Energy Isolation,HIGH,ACCEPT_MODEL_PREDICTED,MODEL_PREDICTED,0.0002,0.0011,0.0,0.7128,0.0015,0.0001,0.0,0.0002,0.0003
2023054747,0.0268,0.004,0.0228,0,NONE,NO_PREDICTION,REJECTED_ZERO_LABELS,UNKNOWN,0.0005,0.0003,0.0028,0.0009,0.0004,0.0268,0.004,0.0003,0.0001
2023054799,0.9981,0.013,0.9851,1,Driving,HIGH,ACCEPT_MODEL_PREDICTED,MODEL_PREDICTED,0.0051,0.0037,0.9981,0.0022,0.0006,0.0019,0.0002,0.0058,0.013
2023054815,0.0011,0.0008,0.0003,0,NONE,NO_PREDICTION,REJECTED_ZERO_LABELS,UNKNOWN,0.0,0.0003,0.0003,0.0,0.0011,0.0003,0.0008,0.0005,0.0
2023064831,0.0013,0.0007,0.0006,0,NONE,NO_PREDICTION,REJECTED_ZERO_LABELS,UNKNOWN,0.0,0.0002,0.0006,0.0007,0.0002,0.0002,0.0004,0.0003,0.0013
2023064840,0.2458,0.1269,0.1189,0,NONE,NO_PREDICTION,REJECTED_ZERO_LABELS,UNKNOWN,0.0017,0.0097,0.1269,0.0788,0.0001,0.0004,0.0021,0.0358,0.2458
2023064947,0.9993,0.1708,0.8285,1,Hot Work,HIGH,ACCEPT_MODEL_PREDICTED,MODEL_PREDICTED,0.0003,0.1708,0.0001,0.0093,0.9993,0.0062,0.0047,0.0335,0.0007
2023064974,0.0222,0.0031,0.0191,0,NONE,NO_PREDICTION,REJECTED_ZERO_LABELS,UNKNOWN,0.0004,0.0002,0.0001,0.0031,0.0,0.0222,0.0019,0.0,0.0001
2023064997,0.0222,0.0153,0.0069,0,NONE,NO_PREDICTION,REJECTED_ZERO_LABELS,UNKNOWN,0.0007,0.002,0.0001,0.0222,0.0019,0.004,0.0004,0.0007,0.0153
2023065076,0.9969,0.0869,0.91,1,Safe Mechanical Lifting,HIGH,ACCEPT_MODEL_PREDICTED,MODEL_PREDICTED,0.0027,0.001,0.0869,0.0237,0.0028,0.0507,0.9969,0.0075,0.003
2023065081,0.0106,0.0039,0.0067,0,NONE,NO_PREDICTION,REJECTED_ZERO_LABELS,UNKNOWN,0.0001,0.0,0.0,0.0039,0.0002,0.0106,0.0013,0.0,0.0001
2023065128,0.9137,0.0133,0.9004,1,Safe Mechanical Lifting,HIGH,ACCEPT_MODEL_PREDICTED,MODEL_PREDICTED,0.0,0.0001,0.0006,0.0041,0.0133,0.0028,0.9137,0.0004,0.0001
2023065137,0.8857,0.8722,0.0135,2,Safe Mechanical Lifting | Driving,MEDIUM,SENT_TO_HUMAN_REVIEW,UNKNOWN,0.0011,0.0005,0.8722,0.0045,0.0014,0.0003,0.8857,0.0593,0.0314
2023065142,0.9971,0.4463,0.5508,2,Driving | Working at Height,HIGH,ACCEPT_MODEL_PREDICTED,MODEL_PREDICTED,0.004,0.0015,0.9971,0.0184,0.0014,0.0361,0.0101,0.0017,0.4463
2023065180,0.1828,0.0247,0.1581,0,NONE,NO_PREDICTION,REJECTED_ZERO_LABELS,UNKNOWN,0.0001,0.0003,0.1828,0.0001,0.0009,0.0003,0.0001,0.0002,0.0247
2023065206,0.0458,0.0153,0.0305,0,NONE,NO_PREDICTION,REJECTED_ZERO_LABELS,UNKNOWN,0.0002,0.0,0.0002,0.0078,0.0,0.0458,0.0153,0.0,0.0007
2023065217,0.0052,0.0019,0.0033,0,NONE,NO_PREDICTION,REJECTED_ZERO_LABELS,UNKNOWN,0.0,0.0,0.0001,0.0052,0.0012,0.0019,0.0011,0.0,0.0008
2023065307,0.2286,0.1769,0.0517,0,NONE,NO_PREDICTION,REJECTED_ZERO_LABELS,UNKNOWN,0.0017,0.0014,0.0357,0.0045,0.0021,0.1769,0.0729,0.0011,0.2286
2023065321,0.0113,0.004,0.0073,0,NONE,NO_PREDICTION,REJECTED_ZERO_LABELS,UNKNOWN,0.0005,0.0015,0.0019,0.0001,0.0001,0.0005,0.0113,0.004,0.0001
2023065324,0.9982,0.2265,0.7717,1,Hot Work,HIGH,ACCEPT_MODEL_PREDICTED,MODEL_PREDICTED,0.0002,0.2265,0.0002,0.0028,0.9982,0.0021,0.0001,0.0112,0.0
2023065355,0.0468,0.003,0.0438,0,NONE,NO_PREDICTION,REJECTED_ZERO_LABELS,UNKNOWN,0.0007,0.0003,0.0017,0.003,0.0,0.0468,0.0002,0.0,0.0023
2023065377,0.1599,0.0176,0.1423,0,NONE,NO_PREDICTION,REJECTED_ZERO_LABELS,UNKNOWN,0.0,0.0004,0.0002,0.0046,0.0019,0.0001,0.1599,0.0146,0.0176
2023065378,0.138,0.0093,0.1287,0,NONE,NO_PREDICTION,REJECTED_ZERO_LABELS,UNKNOWN,0.0001,0.0003,0.0013,0.0059,0.002,0.0002,0.138,0.002,0.0093
2023065389,0.071,0.0145,0.0565,0,NONE,NO_PREDICTION,REJECTED_ZERO_LABELS,UNKNOWN,0.0003,0.0018,0.071,0.0093,0.0016,0.0007,0.0145,0.0015,0.0086
2023065425,0.015,0.0055,0.0095,0,NONE,NO_PREDICTION,REJECTED_ZERO_LABELS,UNKNOWN,0.0014,0.015,0.0015,0.0036,0.0055,0.0025,0.0,0.0017,0.0013
2023065471,0.1885,0.0305,0.158,0,NONE,NO_PREDICTION,REJECTED_ZERO_LABELS,UNKNOWN,0.0005,0.0005,0.1885,0.0042,0.0001,0.0003,0.0305,0.0027,0.0037
2023065476,0.9556,0.5366,0.419,2,Hot Work | Energy Isolation,HIGH,ACCEPT_MODEL_PREDICTED,MODEL_PREDICTED,0.0004,0.1149,0.0002,0.5366,0.9556,0.0002,0.0021,0.0847,0.0035
2023065484,0.9991,0.2014,0.7977,1,Hot Work,HIGH,ACCEPT_MODEL_PREDICTED,MODEL_PREDICTED,0.0003,0.2014,0.0001,0.0317,0.9991,0.0014,0.0008,0.0284,0.0008
2023065502,0.9987,0.0396,0.9591,1,Safe Mechanical Lifting,HIGH,ACCEPT_MODEL_PREDICTED,MODEL_PREDICTED,0.0003,0.0002,0.0162,0.0018,0.007,0.0396,0.9987,0.0046,0.0077
2023065514,0.9986,0.2906,0.708,1,Driving,HIGH,ACCEPT_MODEL_PREDICTED,MODEL_PREDICTED,0.0078,0.0557,0.9986,0.0033,0.1683,0.0031,0.0208,0.2906,0.0058
2023065614,0.0297,0.0025,0.0272,0,NONE,NO_PREDICTION,REJECTED_ZERO_LABELS,UNKNOWN,0.0001,0.0005,0.0002,0.0021,0.0013,0.0003,0.0297,0.0025,0.0002
2023065627,0.0006,0.0006,0.0,0,NONE,NO_PREDICTION,REJECTED_ZERO_LABELS,UNKNOWN,0.0,0.0,0.0001,0.0006,0.0001,0.0004,0.0006,0.0,0.0003
2023065655,0.0553,0.0005,0.0548,0,NONE,NO_PREDICTION,REJECTED_ZERO_LABELS,UNKNOWN,0.0,0.0001,0.0553,0.0001,0.0001,0.0,0.0001,0.0002,0.0005
2023065659,0.9998,0.0848,0.915,1,Driving,HIGH,ACCEPT_MODEL_PREDICTED,MODEL_PREDICTED,0.0111,0.0036,0.9998,0.0058,0.0042,0.0848,0.0605,0.0076,0.0495
2023065702,0.014,0.0072,0.0068,0,NONE,NO_PREDICTION,REJECTED_ZERO_LABELS,UNKNOWN,0.0,0.0,0.0001,0.0001,0.0013,0.0072,0.014,0.0,0.0038
2023065739,0.0003,0.0001,0.0002,0,NONE,NO_PREDICTION,REJECTED_ZERO_LABELS,UNKNOWN,0.0,0.0,0.0003,0.0,0.0001,0.0,0.0,0.0,0.0001
2023065783,0.9571,0.9229,0.0342,2,Energy Isolation | Driving,MEDIUM,SENT_TO_HUMAN_REVIEW,UNKNOWN,0.0602,0.0864,0.9229,0.9571,0.0051,0.0011,0.0019,0.0853,0.028
2023065787,0.0032,0.0001,0.0031,0,NONE,NO_PREDICTION,REJECTED_ZERO_LABELS,UNKNOWN,0.0,0.0,0.0,0.0032,0.0001,0.0,0.0001,0.0,0.0
2023065853,0.8079,0.0894,0.7185,1,Working at Height,HIGH,ACCEPT_MODEL_PREDICTED,MODEL_PREDICTED,0.0004,0.0008,0.0894,0.0061,0.0176,0.007,0.0876,0.0034,0.8079
2023075858,0.1464,0.0291,0.1173,0,NONE,NO_PREDICTION,REJECTED_ZERO_LABELS,UNKNOWN,0.0005,0.001,0.001,0.1464,0.0019,0.0291,0.0029,0.0003,0.0182
2023075869,0.9276,0.0014,0.9262,1,Driving,HIGH,ACCEPT_MODEL_PREDICTED,MODEL_PREDICTED,0.0006,0.0007,0.9276,0.0004,0.0003,0.0007,0.0001,0.0014,0.0009
2023075874,0.1008,0.0105,0.0903,0,NONE,NO_PREDICTION,REJECTED_ZERO_LABELS,UNKNOWN,0.0001,0.0001,0.0007,0.0005,0.0,0.0031,0.0105,0.0004,0.1008
2023075897,0.9775,0.9393,0.0382,2,Hot Work | Driving,MEDIUM,SENT_TO_HUMAN_REVIEW,UNKNOWN,0.0007,0.1371,0.9393,0.0068,0.9775,0.001,0.0111,0.2531,0.0276
2023075906,0.2171,0.1991,0.018,1,Safe Mechanical Lifting,LOW,REJECTED_LOW_CONFIDENCE,UNKNOWN,0.0001,0.0003,0.0,0.0445,0.1991,0.0039,0.2171,0.0006,0.0053
2023075946,0.1333,0.0321,0.1012,0,NONE,NO_PREDICTION,REJECTED_ZERO_LABELS,UNKNOWN,0.0002,0.0004,0.0,0.1333,0.0321,0.0145,0.0008,0.0,0.0
2023076017,0.7666,0.6228,0.1438,2,Work Authorization | Confined Space,MEDIUM,SENT_TO_HUMAN_REVIEW,UNKNOWN,0.0081,0.6228,0.0045,0.005,0.0463,0.0019,0.0023,0.7666,0.0001
2023076036,0.9986,0.5205,0.4781,3,Working at Height | Driving | Safe Mechanical Lifting,HIGH,ACCEPT_MODEL_PREDICTED,MODEL_PREDICTED,0.0003,0.0005,0.5205,0.0093,0.0287,0.0037,0.2613,0.0089,0.9986
2023076052,0.0336,0.0214,0.0122,0,NONE,NO_PREDICTION,REJECTED_ZERO_LABELS,UNKNOWN,0.0002,0.0021,0.0121,0.0045,0.0214,0.0002,0.0006,0.0041,0.0336
2023076098,0.0066,0.0002,0.0064,0,NONE,NO_PREDICTION,REJECTED_ZERO_LABELS,UNKNOWN,0.0,0.0,0.0,0.0002,0.0001,0.0066,0.0002,0.0,0.0001
2023076133,0.0215,0.0065,0.015,0,NONE,NO_PREDICTION,REJECTED_ZERO_LABELS,UNKNOWN,0.0001,0.001,0.0001,0.0215,0.0047,0.0002,0.0065,0.0019,0.0004
2023076136,0.001,0.0007,0.0003,0,NONE,NO_PREDICTION,REJECTED_ZERO_LABELS,UNKNOWN,0.0001,0.0003,0.0002,0.0003,0.0,0.0007,0.001,0.0004,0.0005
2023076148,0.0413,0.0031,0.0382,0,NONE,NO_PREDICTION,REJECTED_ZERO_LABELS,UNKNOWN,0.0003,0.0009,0.0001,0.0413,0.0019,0.0031,0.0009,0.0003,0.0016
2023076164,0.0292,0.0019,0.0273,0,NONE,NO_PREDICTION,REJECTED_ZERO_LABELS,UNKNOWN,0.0003,0.0001,0.0002,0.0012,0.0,0.0292,0.0005,0.0,0.0019
2023076176,0.9839,0.0184,0.9655,1,Safe Mechanical Lifting,HIGH,ACCEPT_MODEL_PREDICTED,MODEL_PREDICTED,0.0002,0.0007,0.0073,0.0026,0.0183,0.0039,0.9839,0.0184,0.009
2023076211,0.9993,0.1282,0.8711,1,Energy Isolation,HIGH,ACCEPT_MODEL_PREDICTED,MODEL_PREDICTED,0.0208,0.1282,0.0003,0.9993,0.0035,0.0025,0.0007,0.0079,0.0098
2023076227,0.2511,0.2305,0.0206,1,Safe Mechanical Lifting,LOW,REJECTED_LOW_CONFIDENCE,UNKNOWN,0.0,0.0001,0.0,0.0077,0.2305,0.0078,0.2511,0.0001,0.0016
2023076287,0.0926,0.063,0.0296,0,NONE,NO_PREDICTION,REJECTED_ZERO_LABELS,UNKNOWN,0.0011,0.0394,0.063,0.0073,0.0926,0.0007,0.0001,0.0218,0.0101
2023076350,0.0734,0.0057,0.0677,0,NONE,NO_PREDICTION,REJECTED_ZERO_LABELS,UNKNOWN,0.0001,0.0025,0.0,0.0734,0.0057,0.0001,0.0004,0.0011,0.0011
2023076395,0.9976,0.0037,0.9939,1,Hot Work,HIGH,ACCEPT_MODEL_PREDICTED,MODEL_PREDICTED,0.0,0.0034,0.0,0.0037,0.9976,0.0001,0.0001,0.0003,0.0
2023076464,0.0198,0.0131,0.0067,0,NONE,NO_PREDICTION,REJECTED_ZERO_LABELS,UNKNOWN,0.0002,0.0014,0.0001,0.0131,0.0198,0.0045,0.0,0.0001,0.0007
2023076572,0.9856,0.1171,0.8685,1,Energy Isolation,HIGH,ACCEPT_MODEL_PREDICTED,MODEL_PREDICTED,0.0051,0.1067,0.0004,0.9856,0.0573,0.0007,0.0009,0.0645,0.1171
2023076574,0.0279,0.0176,0.0103,0,NONE,NO_PREDICTION,REJECTED_ZERO_LABELS,UNKNOWN,0.0001,0.0003,0.0,0.0279,0.0012,0.0013,0.0176,0.0003,0.0003
2023076635,0.0008,0.0003,0.0005,0,NONE,NO_PREDICTION,REJECTED_ZERO_LABELS,UNKNOWN,0.0001,0.0001,0.0001,0.0008,0.0,0.0003,0.0003,0.0002,0.0001
2023076656,0.4249,0.0578,0.3671,1,Safe Mechanical Lifting,LOW,REJECTED_LOW_CONFIDENCE,UNKNOWN,0.0001,0.0,0.0022,0.0028,0.0001,0.0578,0.4249,0.0001,0.0059
2023076658,0.0476,0.0158,0.0318,0,NONE,NO_PREDICTION,REJECTED_ZERO_LABELS,UNKNOWN,0.0,0.0004,0.0001,0.0005,0.0476,0.0001,0.0001,0.0003,0.0158
2023076691,0.9999,0.0596,0.9403,1,Safe Mechanical Lifting,HIGH,ACCEPT_MODEL_PREDICTED,MODEL_PREDICTED,0.0001,0.0,0.0062,0.0045,0.008,0.0433,0.9999,0.0006,0.0596
2023076755,0.0118,0.0064,0.0054,0,NONE,NO_PREDICTION,REJECTED_ZERO_LABELS,UNKNOWN,0.0,0.0001,0.0041,0.0007,0.0019,0.0001,0.0118,0.0003,0.0064
2023076777,0.0118,0.0005,0.0113,0,NONE,NO_PREDICTION,REJECTED_ZERO_LABELS,UNKNOWN,0.0001,0.0004,0.0,0.0118,0.0005,0.0001,0.0,0.0001,0.0
2023076787,0.0006,0.0003,0.0003,0,NONE,NO_PREDICTION,REJECTED_ZERO_LABELS,UNKNOWN,0.0,0.0,0.0,0.0003,0.0,0.0006,0.0,0.0,0.0002
2023076903,0.2332,0.2214,0.0118,0,NONE,NO_PREDICTION,REJECTED_ZERO_LABELS,UNKNOWN,0.0019,0.0204,0.0029,0.2332,0.2214,0.003,0.0027,0.0063,0.0893
2023076905,0.9997,0.0572,0.9425,1,Hot Work,HIGH,ACCEPT_MODEL_PREDICTED,MODEL_PREDICTED,0.0001,0.0572,0.0,0.0243,0.9997,0.0006,0.0003,0.0062,0.0001
2023076918,0.3879,0.1583,0.2296,1,Energy Isolation,LOW,REJECTED_LOW_CONFIDENCE,UNKNOWN,0.0006,0.0092,0.0,0.3879,0.1583,0.0097,0.0256,0.0016,0.0
2023086955,0.9674,0.8041,0.1633,4,Working at Height | Driving | Energy Isolation | Line of Fire,HIGH,ACCEPT_MODEL_PREDICTED,MODEL_PREDICTED,0.0167,0.0133,0.8041,0.4148,0.022,0.2597,0.0353,0.0071,0.9674
2023086966,0.0141,0.0121,0.002,0,NONE,NO_PREDICTION,REJECTED_ZERO_LABELS,UNKNOWN,0.0004,0.0002,0.0024,0.0066,0.0,0.0121,0.0141,0.0001,0.0016
2023086969,0.9732,0.0869,0.8863,1,Safe Mechanical Lifting,HIGH,ACCEPT_MODEL_PREDICTED,MODEL_PREDICTED,0.001,0.002,0.0067,0.0306,0.0031,0.0041,0.9732,0.0869,0.0028
2023086983,0.0148,0.0079,0.0069,0,NONE,NO_PREDICTION,REJECTED_ZERO_LABELS,UNKNOWN,0.0001,0.0,0.0,0.0079,0.0,0.0148,0.0001,0.0,0.0
2023087057,0.0011,0.0007,0.0004,0,NONE,NO_PREDICTION,REJECTED_ZERO_LABELS,UNKNOWN,0.0,0.0002,0.0011,0.0001,0.0001,0.0001,0.0001,0.0001,0.0007
2023087067,0.0735,0.0521,0.0214,0,NONE,NO_PREDICTION,REJECTED_ZERO_LABELS,UNKNOWN,0.0023,0.0046,0.004,0.0735,0.0136,0.0521,0.0303,0.0015,0.0002
2023087086,0.9052,0.324,0.5812,2,Safe Mechanical Lifting | Energy Isolation,HIGH,ACCEPT_MODEL_PREDICTED,MODEL_PREDICTED,0.0021,0.0027,0.0013,0.324,0.004,0.1239,0.9052,0.0032,0.0003
2023087087,0.0063,0.0035,0.0028,0,NONE,NO_PREDICTION,REJECTED_ZERO_LABELS,UNKNOWN,0.0,0.0,0.0,0.0002,0.0,0.0002,0.0035,0.0,0.0063
2023087098,0.9985,0.5246,0.4739,2,Working at Height | Driving,HIGH,ACCEPT_MODEL_PREDICTED,MODEL_PREDICTED,0.0005,0.0017,0.5246,0.008,0.017,0.0067,0.0018,0.0029,0.9985
2023087116,0.0007,0.0002,0.0005,0,NONE,NO_PREDICTION,REJECTED_ZERO_LABELS,UNKNOWN,0.0,0.0001,0.0001,0.0,0.0001,0.0,0.0007,0.0002,0.0002
2023087194,0.7187,0.0149,0.7038,1,Safe Mechanical Lifting,HIGH,ACCEPT_MODEL_PREDICTED,MODEL_PREDICTED,0.0001,0.0001,0.0149,0.0008,0.0,0.0002,0.7187,0.0008,0.0002
2023087217,0.0061,0.0006,0.0055,0,NONE,NO_PREDICTION,REJECTED_ZERO_LABELS,UNKNOWN,0.0004,0.0002,0.0001,0.0006,0.0001,0.0061,0.0001,0.0,0.0
2023087241,0.0783,0.0006,0.0777,0,NONE,NO_PREDICTION,REJECTED_ZERO_LABELS,UNKNOWN,0.0001,0.0001,0.0003,0.0004,0.0001,0.0001,0.0783,0.0006,0.0001
2023087255,0.2352,0.0096,0.2256,1,Safe Mechanical Lifting,LOW,REJECTED_LOW_CONFIDENCE,UNKNOWN,0.0001,0.0001,0.0009,0.0004,0.0002,0.0096,0.2352,0.0002,0.0002
2023087369,0.1141,0.0041,0.11,0,NONE,NO_PREDICTION,REJECTED_ZERO_LABELS,UNKNOWN,0.0001,0.0004,0.002,0.0041,0.0,0.0007,0.1141,0.0019,0.0012
2023087374,0.8368,0.1716,0.6652,1,Hot Work,HIGH,ACCEPT_MODEL_PREDICTED,MODEL_PREDICTED,0.0003,0.0643,0.0004,0.1716,0.8368,0.0001,0.0029,0.0859,0.0001
2023087375,0.7376,0.6599,0.0777,2,Energy Isolation | Hot Work,MEDIUM,SENT_TO_HUMAN_REVIEW,UNKNOWN,0.017,0.3054,0.0018,0.7376,0.6599,0.0557,0.0079,0.0294,0.0261
2023087415,0.9724,0.9445,0.0279,2,Working at Height | Driving,MEDIUM,SENT_TO_HUMAN_REVIEW,UNKNOWN,0.001,0.0013,0.9445,0.0051,0.0053,0.0101,0.004,0.0027,0.9724
2023087506,0.9894,0.0241,0.9653,1,Energy Isolation,HIGH,ACCEPT_MODEL_PREDICTED,MODEL_PREDICTED,0.0066,0.0241,0.0,0.9894,0.004,0.0094,0.0001,0.0009,0.0009
2023087538,0.0008,0.0003,0.0005,0,NONE,NO_PREDICTION,REJECTED_ZERO_LABELS,UNKNOWN,0.0,0.0,0.0,0.0008,0.0002,0.0002,0.0,0.0,0.0003
2023087549,0.9851,0.0394,0.9457,1,Energy Isolation,HIGH,ACCEPT_MODEL_PREDICTED,MODEL_PREDICTED,0.0098,0.0035,0.0062,0.9851,0.0006,0.0124,0.0061,0.0023,0.0394
2023087644,0.9998,0.1222,0.8776,1,Safe Mechanical Lifting,HIGH,ACCEPT_MODEL_PREDICTED,MODEL_PREDICTED,0.0003,0.0001,0.0095,0.1222,0.0011,0.0044,0.9998,0.0034,0.013
2023087683,0.3258,0.0036,0.3222,1,Safe Mechanical Lifting,LOW,REJECTED_LOW_CONFIDENCE,UNKNOWN,0.0001,0.0003,0.0036,0.0003,0.0021,0.0008,0.3258,0.0014,0.0001
2023087770,0.5774,0.1313,0.4461,1,Safe Mechanical Lifting,MEDIUM,SENT_TO_HUMAN_REVIEW,UNKNOWN,0.0004,0.0002,0.0003,0.1313,0.0017,0.0477,0.5774,0.0002,0.0136
2023087803,0.9948,0.0914,0.9034,1,Hot Work,HIGH,ACCEPT_MODEL_PREDICTED,MODEL_PREDICTED,0.0001,0.0914,0.0,0.0073,0.9948,0.0004,0.0012,0.0235,0.0003
2023088012,0.6265,0.0119,0.6146,1,Line of Fire,MEDIUM,SENT_TO_HUMAN_REVIEW,UNKNOWN,0.0001,0.0,0.0001,0.0016,0.001,0.6265,0.0101,0.0,0.0119
2023088023,0.5186,0.0029,0.5157,1,Working at Height,MEDIUM,SENT_TO_HUMAN_REVIEW,UNKNOWN,0.0001,0.0003,0.0005,0.0022,0.0017,0.0,0.0022,0.0029,0.5186
2023098190,0.1663,0.1263,0.04,0,NONE,NO_PREDICTION,REJECTED_ZERO_LABELS,UNKNOWN,0.0003,0.0248,0.0003,0.1663,0.1263,0.0001,0.0013,0.0091,0.0232
2023098234,0.0102,0.0017,0.0085,0,NONE,NO_PREDICTION,REJECTED_ZERO_LABELS,UNKNOWN,0.0,0.0002,0.0001,0.0007,0.0004,0.0,0.001,0.0017,0.0102
2023098318,0.9974,0.0579,0.9395,1,Energy Isolation,HIGH,ACCEPT_MODEL_PREDICTED,MODEL_PREDICTED,0.0148,0.0579,0.0002,0.9974,0.0084,0.0043,0.0011,0.0066,0.0043
2023098333,0.5707,0.0133,0.5574,1,Working at Height,MEDIUM,SENT_TO_HUMAN_REVIEW,UNKNOWN,0.0,0.0,0.0,0.0133,0.0003,0.0005,0.0001,0.0,0.5707
2023098368,0.9992,0.642,0.3572,2,Line of Fire | Safe Mechanical Lifting,HIGH,ACCEPT_MODEL_PREDICTED,MODEL_PREDICTED,0.0068,0.0006,0.0042,0.0157,0.0035,0.9992,0.642,0.0,0.0038
2023098382,0.0271,0.0167,0.0104,0,NONE,NO_PREDICTION,REJECTED_ZERO_LABELS,UNKNOWN,0.0012,0.0009,0.0019,0.0271,0.0,0.0167,0.0006,0.0002,0.0054
2023098420,0.9941,0.041,0.9531,1,Driving,HIGH,ACCEPT_MODEL_PREDICTED,MODEL_PREDICTED,0.002,0.0098,0.9941,0.0024,0.0017,0.0001,0.0046,0.041,0.0007
2023098521,0.9999,0.1065,0.8934,1,Hot Work,HIGH,ACCEPT_MODEL_PREDICTED,MODEL_PREDICTED,0.0001,0.1065,0.0001,0.0036,0.9999,0.0012,0.0035,0.0368,0.0009
2023098729,0.8905,0.0084,0.8821,1,Working at Height,HIGH,ACCEPT_MODEL_PREDICTED,MODEL_PREDICTED,0.0003,0.0026,0.0045,0.0053,0.0084,0.004,0.0003,0.0014,0.8905
2023098762,0.0045,0.0004,0.0041,0,NONE,NO_PREDICTION,REJECTED_ZERO_LABELS,UNKNOWN,0.0001,0.0002,0.0,0.0045,0.0001,0.0002,0.0004,0.0002,0.0
2023098811,0.1975,0.0232,0.1743,0,NONE,NO_PREDICTION,REJECTED_ZERO_LABELS,UNKNOWN,0.0001,0.0042,0.0,0.0148,0.1975,0.0012,0.0001,0.0011,0.0232
2023098856,0.0028,0.0003,0.0025,0,NONE,NO_PREDICTION,REJECTED_ZERO_LABELS,UNKNOWN,0.0,0.0001,0.0003,0.0003,0.0003,0.0002,0.0002,0.0001,0.0028
2023098907,0.0729,0.0525,0.0204,0,NONE,NO_PREDICTION,REJECTED_ZERO_LABELS,UNKNOWN,0.0005,0.0079,0.0004,0.0525,0.0729,0.0278,0.0008,0.0005,0.0008
2023098955,0.0113,0.01,0.0013,0,NONE,NO_PREDICTION,REJECTED_ZERO_LABELS,UNKNOWN,0.0001,0.0001,0.0037,0.0001,0.0011,0.01,0.0096,0.0001,0.0113
2023098975,0.8352,0.0276,0.8076,1,Working at Height,HIGH,ACCEPT_MODEL_PREDICTED,MODEL_PREDICTED,0.0004,0.0004,0.0276,0.0038,0.0001,0.0015,0.0008,0.0014,0.8352
2023099011,0.0343,0.0001,0.0342,0,NONE,NO_PREDICTION,REJECTED_ZERO_LABELS,UNKNOWN,0.0,0.0001,0.0,0.0343,0.0001,0.0,0.0,0.0001,0.0001
2023099040,0.9092,0.0047,0.9045,1,Working at Height,HIGH,ACCEPT_MODEL_PREDICTED,MODEL_PREDICTED,0.0,0.0001,0.0002,0.0047,0.0028,0.0001,0.0,0.0001,0.9092
2023109081,0.3649,0.038,0.3269,1,Energy Isolation,LOW,REJECTED_LOW_CONFIDENCE,UNKNOWN,0.0005,0.0066,0.0001,0.3649,0.038,0.0018,0.0035,0.0049,0.0149
2023109090,0.9914,0.4774,0.514,2,Hot Work | Energy Isolation,HIGH,ACCEPT_MODEL_PREDICTED,MODEL_PREDICTED,0.0001,0.0678,0.0,0.4774,0.9914,0.0001,0.0004,0.0197,0.0002
2023109116,0.2192,0.0402,0.179,1,Safe Mechanical Lifting,LOW,REJECTED_LOW_CONFIDENCE,UNKNOWN,0.0001,0.0,0.0005,0.0005,0.0,0.0402,0.2192,0.0,0.0006
2023109131,0.7777,0.3774,0.4003,2,Safe Mechanical Lifting | Energy Isolation,HIGH,ACCEPT_MODEL_PREDICTED,MODEL_PREDICTED,0.0004,0.0015,0.0012,0.3774,0.0016,0.0002,0.7777,0.0245,0.0007
2023109132,0.0259,0.0088,0.0171,0,NONE,NO_PREDICTION,REJECTED_ZERO_LABELS,UNKNOWN,0.0,0.0,0.0007,0.0001,0.0,0.0088,0.0013,0.0,0.0259
2023109134,0.9991,0.1333,0.8658,1,Hot Work,HIGH,ACCEPT_MODEL_PREDICTED,MODEL_PREDICTED,0.0002,0.1333,0.0001,0.0095,0.9991,0.0009,0.0025,0.0686,0.0021
2023109264,0.9958,0.0267,0.9691,1,Working at Height,HIGH,ACCEPT_MODEL_PREDICTED,MODEL_PREDICTED,0.0002,0.0024,0.0082,0.0267,0.0047,0.0004,0.0002,0.0031,0.9958
2023109276,0.9418,0.3031,0.6387,3,Energy Isolation | Working at Height | Safe Mechanical Lifting,HIGH,ACCEPT_MODEL_PREDICTED,MODEL_PREDICTED,0.001,0.0037,0.0002,0.9418,0.0043,0.0008,0.2934,0.0222,0.3031
2023109304,0.9902,0.2768,0.7134,1,Working at Height,HIGH,ACCEPT_MODEL_PREDICTED,MODEL_PREDICTED,0.0003,0.0031,0.0023,0.2768,0.023,0.0037,0.0574,0.0047,0.9902
2023109370,0.0271,0.0094,0.0177,0,NONE,NO_PREDICTION,REJECTED_ZERO_LABELS,UNKNOWN,0.0,0.0,0.0005,0.0001,0.0001,0.0001,0.0271,0.0001,0.0094
2023109415,0.1955,0.0158,0.1797,0,NONE,NO_PREDICTION,REJECTED_ZERO_LABELS,UNKNOWN,0.0,0.0,0.0003,0.0026,0.0001,0.0002,0.1955,0.0003,0.0158
2023109432,0.0004,0.0003,0.0001,0,NONE,NO_PREDICTION,REJECTED_ZERO_LABELS,UNKNOWN,0.0001,0.0001,0.0001,0.0002,0.0,0.0004,0.0003,0.0001,0.0
2023109484,0.0085,0.0054,0.0031,0,NONE,NO_PREDICTION,REJECTED_ZERO_LABELS,UNKNOWN,0.0007,0.0041,0.0006,0.0054,0.0015,0.0004,0.0032,0.0085,0.0
2023109523,0.9994,0.1135,0.8859,1,Driving,HIGH,ACCEPT_MODEL_PREDICTED,MODEL_PREDICTED,0.0184,0.008,0.9994,0.1135,0.0083,0.0142,0.0215,0.0192,0.012
2023109527,0.4798,0.2512,0.2286,2,Energy Isolation | Driving,MEDIUM,SENT_TO_HUMAN_REVIEW,UNKNOWN,0.0432,0.1163,0.2512,0.4798,0.0025,0.0191,0.0009,0.0606,0.0127
2023109600,0.002,0.0005,0.0015,0,NONE,NO_PREDICTION,REJECTED_ZERO_LABELS,UNKNOWN,0.0,0.0,0.0,0.002,0.0005,0.0,0.0001,0.0,0.0001
2023109637,0.1284,0.0684,0.06,0,NONE,NO_PREDICTION,REJECTED_ZERO_LABELS,UNKNOWN,0.0004,0.0427,0.0003,0.0684,0.1284,0.0002,0.0009,0.0308,0.0
2023109662,0.0043,0.0013,0.003,0,NONE,NO_PREDICTION,REJECTED_ZERO_LABELS,UNKNOWN,0.0,0.0005,0.0,0.0013,0.0043,0.0003,0.0003,0.0002,0.0
2023109791,0.9988,0.0897,0.9091,1,Hot Work,HIGH,ACCEPT_MODEL_PREDICTED,MODEL_PREDICTED,0.0,0.0897,0.0,0.007,0.9988,0.0002,0.0,0.0036,0.0001
2023109804,0.0132,0.0049,0.0083,0,NONE,NO_PREDICTION,REJECTED_ZERO_LABELS,UNKNOWN,0.0004,0.0028,0.0049,0.0046,0.0024,0.0039,0.0001,0.0005,0.0132
2023109815,0.7395,0.0125,0.727,1,Hot Work,HIGH,ACCEPT_MODEL_PREDICTED,MODEL_PREDICTED,0.0001,0.0125,0.0,0.0031,0.7395,0.0009,0.0,0.0007,0.0003
2023109847,0.0003,0.0,0.0003,0,NONE,NO_PREDICTION,REJECTED_ZERO_LABELS,UNKNOWN,0.0,0.0,0.0,0.0003,0.0,0.0,0.0,0.0,0.0
2023109880,0.9996,0.0125,0.9871,1,Hot Work,HIGH,ACCEPT_MODEL_PREDICTED,MODEL_PREDICTED,0.0,0.0125,0.0,0.0033,0.9996,0.0003,0.0001,0.0008,0.0001
2023109976,0.9285,0.4292,0.4993,2,Working at Height | Energy Isolation,HIGH,ACCEPT_MODEL_PREDICTED,MODEL_PREDICTED,0.0053,0.0062,0.016,0.4292,0.0015,0.0244,0.0118,0.0044,0.9285
20231010006,0.4957,0.0705,0.4252,1,Safe Mechanical Lifting,MEDIUM,SENT_TO_HUMAN_REVIEW,UNKNOWN,0.0002,0.0003,0.0001,0.0705,0.001,0.0009,0.4957,0.0015,0.0007
20231010049,0.6265,0.0748,0.5517,1,Working at Height,MEDIUM,SENT_TO_HUMAN_REVIEW,UNKNOWN,0.0001,0.0005,0.0009,0.0748,0.0056,0.0006,0.0001,0.0001,0.6265
20231110082,0.183,0.0428,0.1402,0,NONE,NO_PREDICTION,REJECTED_ZERO_LABELS,UNKNOWN,0.0001,0.0021,0.0,0.0428,0.183,0.0002,0.0022,0.0014,0.0008
20231110097,0.9267,0.74,0.1867,3,Energy Isolation | Safe Mechanical Lifting | Line of Fire,HIGH,ACCEPT_MODEL_PREDICTED,MODEL_PREDICTED,0.0032,0.0007,0.0006,0.9267,0.0012,0.2577,0.74,0.0003,0.0033
20231110122,0.0009,0.0004,0.0005,0,NONE,NO_PREDICTION,REJECTED_ZERO_LABELS,UNKNOWN,0.0,0.0,0.0,0.0009,0.0001,0.0004,0.0002,0.0,0.0001
20231110198,0.4779,0.0761,0.4018,1,Driving,MEDIUM,SENT_TO_HUMAN_REVIEW,UNKNOWN,0.0132,0.0369,0.4779,0.0186,0.0761,0.0309,0.0001,0.0023,0.0065
20231110248,0.9908,0.062,0.9288,1,Hot Work,HIGH,ACCEPT_MODEL_PREDICTED,MODEL_PREDICTED,0.0002,0.062,0.0001,0.0513,0.9908,0.0009,0.0072,0.016,0.0032
20231110382,0.0022,0.0009,0.0013,0,NONE,NO_PREDICTION,REJECTED_ZERO_LABELS,UNKNOWN,0.0001,0.0001,0.0007,0.0022,0.0,0.0005,0.0009,0.0001,0.0
20231110399,0.1421,0.0203,0.1218,0,NONE,NO_PREDICTION,REJECTED_ZERO_LABELS,UNKNOWN,0.0009,0.0026,0.0046,0.0203,0.0052,0.0068,0.1421,0.0123,0.0014
20231110462,0.0079,0.0049,0.003,0,NONE,NO_PREDICTION,REJECTED_ZERO_LABELS,UNKNOWN,0.0003,0.0003,0.003,0.0002,0.0,0.0049,0.001,0.0002,0.0079
20231110468,0.9984,0.971,0.0274,2,Hot Work | Confined Space,MEDIUM,SENT_TO_HUMAN_REVIEW,UNKNOWN,0.0098,0.971,0.0167,0.0397,0.9984,0.0969,0.0133,0.4989,0.0071
20231110496,0.005,0.0018,0.0032,0,NONE,NO_PREDICTION,REJECTED_ZERO_LABELS,UNKNOWN,0.0,0.0003,0.0002,0.0,0.005,0.0,0.001,0.0018,0.0002
20231110521,0.0066,0.0051,0.0015,0,NONE,NO_PREDICTION,REJECTED_ZERO_LABELS,UNKNOWN,0.0003,0.0001,0.0012,0.0003,0.0,0.0066,0.0004,0.0001,0.0051
20231110721,0.0004,0.0003,0.0001,0,NONE,NO_PREDICTION,REJECTED_ZERO_LABELS,UNKNOWN,0.0,0.0,0.0,0.0003,0.0,0.0004,0.0,0.0,0.0001
20231110732,0.9682,0.7624,0.2058,2,Safe Mechanical Lifting | Working at Height,HIGH,ACCEPT_MODEL_PREDICTED,MODEL_PREDICTED,0.0002,0.0,0.0097,0.2481,0.0001,0.016,0.9682,0.0004,0.7624
20231110797,0.5709,0.0029,0.568,1,Working at Height,MEDIUM,SENT_TO_HUMAN_REVIEW,UNKNOWN,0.0,0.0001,0.0002,0.0029,0.0017,0.0009,0.0001,0.0001,0.5709
20231110804,0.9977,0.9479,0.0498,2,Driving | Working at Height,MEDIUM,SENT_TO_HUMAN_REVIEW,UNKNOWN,0.0017,0.0008,0.9977,0.0041,0.0034,0.0155,0.0159,0.0025,0.9479
20231110822,0.0143,0.0051,0.0092,0,NONE,NO_PREDICTION,REJECTED_ZERO_LABELS,UNKNOWN,0.0,0.0001,0.0,0.0001,0.0051,0.0,0.0143,0.0005,0.0
20231110914,0.1236,0.0061,0.1175,0,NONE,NO_PREDICTION,REJECTED_ZERO_LABELS,UNKNOWN,0.0,0.0027,0.0001,0.0028,0.1236,0.0,0.001,0.0061,0.0002
20231110918,0.995,0.9416,0.0534,3,Working at Height | Driving | Safe Mechanical Lifting,MEDIUM,SENT_TO_HUMAN_REVIEW,UNKNOWN,0.0022,0.0013,0.9416,0.0186,0.01,0.0112,0.7692,0.0401,0.995
20231210995,0.0554,0.0205,0.0349,0,NONE,NO_PREDICTION,REJECTED_ZERO_LABELS,UNKNOWN,0.0001,0.0,0.0001,0.0554,0.0001,0.0054,0.0196,0.0,0.0205
20231211001,0.8477,0.0175,0.8302,1,Safe Mechanical Lifting,HIGH,ACCEPT_MODEL_PREDICTED,MODEL_PREDICTED,0.0002,0.0,0.0006,0.0175,0.0002,0.0115,0.8477,0.0005,0.0115
20231211029,0.8744,0.5549,0.3195,2,Safe Mechanical Lifting | Energy Isolation,HIGH,ACCEPT_MODEL_PREDICTED,MODEL_PREDICTED,0.0024,0.0106,0.0011,0.5549,0.0764,0.0636,0.8744,0.0361,0.0068
20231211030,0.9884,0.9881,0.0003,2,Confined Space | Work Authorization,MEDIUM,SENT_TO_HUMAN_REVIEW,UNKNOWN,0.2349,0.9884,0.0827,0.216,0.1708,0.0525,0.0144,0.9881,0.0045
20231211031,0.9409,0.4198,0.5211,3,Driving | Working at Height | Safe Mechanical Lifting,HIGH,ACCEPT_MODEL_PREDICTED,MODEL_PREDICTED,0.0004,0.0014,0.9409,0.0005,0.0106,0.0004,0.21,0.0457,0.4198
20231211033,0.9998,0.1311,0.8687,1,Hot Work,HIGH,ACCEPT_MODEL_PREDICTED,MODEL_PREDICTED,0.0001,0.1311,0.0,0.0006,0.9998,0.0012,0.0004,0.0077,0.0001
20231211048,0.0072,0.005,0.0022,0,NONE,NO_PREDICTION,REJECTED_ZERO_LABELS,UNKNOWN,0.0,0.0003,0.0,0.005,0.003,0.0,0.0072,0.0019,0.0014
20231211094,0.0036,0.001,0.0026,0,NONE,NO_PREDICTION,REJECTED_ZERO_LABELS,UNKNOWN,0.0,0.0,0.0,0.0036,0.0,0.0001,0.001,0.0001,0.0003
20231211112,0.9996,0.0309,0.9687,1,Hot Work,HIGH,ACCEPT_MODEL_PREDICTED,MODEL_PREDICTED,0.0,0.0092,0.0,0.0309,0.9996,0.0002,0.0001,0.0006,0.0001
20231211139,0.0295,0.0076,0.0219,0,NONE,NO_PREDICTION,REJECTED_ZERO_LABELS,UNKNOWN,0.0,0.0,0.0009,0.0076,0.0002,0.0057,0.0026,0.0,0.0295
20231211158,0.0587,0.0482,0.0105,0,NONE,NO_PREDICTION,REJECTED_ZERO_LABELS,UNKNOWN,0.0005,0.0282,0.0004,0.0587,0.019,0.0001,0.0005,0.0482,0.0001
20231211186,0.0977,0.0025,0.0952,0,NONE,NO_PREDICTION,REJECTED_ZERO_LABELS,UNKNOWN,0.0001,0.0,0.0001,0.0013,0.0001,0.0025,0.0977,0.0001,0.0001
20231211205,0.0059,0.0008,0.0051,0,NONE,NO_PREDICTION,REJECTED_ZERO_LABELS,UNKNOWN,0.0003,0.0003,0.0002,0.0059,0.0001,0.0005,0.0002,0.0002,0.0008
20231211210,0.0028,0.0015,0.0013,0,NONE,NO_PREDICTION,REJECTED_ZERO_LABELS,UNKNOWN,0.0001,0.0001,0.0005,0.0003,0.0,0.0028,0.0015,0.0001,0.0014
20231211216,0.2173,0.0194,0.1979,1,Line of Fire,LOW,REJECTED_LOW_CONFIDENCE,UNKNOWN,0.001,0.0001,0.0018,0.0095,0.0001,0.2173,0.0107,0.0001,0.0194
20231211219,0.998,0.0738,0.9242,1,Line of Fire,HIGH,ACCEPT_MODEL_PREDICTED,MODEL_PREDICTED,0.0115,0.0004,0.0165,0.0158,0.0001,0.998,0.0738,0.0,0.0126
20231211258,0.0136,0.0099,0.0037,0,NONE,NO_PREDICTION,REJECTED_ZERO_LABELS,UNKNOWN,0.0001,0.0019,0.0001,0.0099,0.0004,0.0,0.0015,0.0136,0.0001
20231211272,0.9935,0.0316,0.9619,1,Working at Height,HIGH,ACCEPT_MODEL_PREDICTED,MODEL_PREDICTED,0.0005,0.0008,0.0135,0.0316,0.0002,0.0036,0.0002,0.0008,0.9935
20231211278,0.8724,0.4347,0.4377,2,Safe Mechanical Lifting | Working at Height,HIGH,ACCEPT_MODEL_PREDICTED,MODEL_PREDICTED,0.0009,0.0038,0.0312,0.031,0.0015,0.0027,0.8724,0.1036,0.4347
20231211299,0.0049,0.0042,0.0007,0,NONE,NO_PREDICTION,REJECTED_ZERO_LABELS,UNKNOWN,0.0001,0.0001,0.0002,0.004,0.0,0.0042,0.0049,0.0001,0.0005
20231211320,0.599,0.0221,0.5769,1,Line of Fire,MEDIUM,SENT_TO_HUMAN_REVIEW,UNKNOWN,0.0002,0.0,0.0016,0.0001,0.0001,0.599,0.0221,0.0,0.002
20231211323,0.0407,0.0218,0.0189,0,NONE,NO_PREDICTION,REJECTED_ZERO_LABELS,UNKNOWN,0.0,0.0,0.0026,0.0005,0.0013,0.0004,0.0407,0.0004,0.0218
20231211334,0.9993,0.4544,0.5449,1,Hot Work,HIGH,ACCEPT_MODEL_PREDICTED,MODEL_PREDICTED,0.0005,0.4544,0.0004,0.0376,0.9993,0.0011,0.0003,0.1125,0.0004
20231211369,0.0633,0.0224,0.0409,0,NONE,NO_PREDICTION,REJECTED_ZERO_LABELS,UNKNOWN,0.0,0.0,0.0005,0.0004,0.0112,0.0224,0.0633,0.0001,0.0091
20231211376,0.9987,0.0976,0.9011,1,Safe Mechanical Lifting,HIGH,ACCEPT_MODEL_PREDICTED,MODEL_PREDICTED,0.0004,0.0002,0.0146,0.0976,0.0085,0.0088,0.9987,0.0049,0.0326
20231211408,0.0078,0.0005,0.0073,0,NONE,NO_PREDICTION,REJECTED_ZERO_LABELS,UNKNOWN,0.0,0.0002,0.0,0.0005,0.0078,0.0,0.0001,0.0003,0.0002
20231211429,0.0086,0.0019,0.0067,0,NONE,NO_PREDICTION,REJECTED_ZERO_LABELS,UNKNOWN,0.0,0.0008,0.0,0.0086,0.0012,0.0,0.0011,0.0019,0.0002
20231211464,0.0493,0.0273,0.022,0,NONE,NO_PREDICTION,REJECTED_ZERO_LABELS,UNKNOWN,0.0,0.0084,0.0001,0.0273,0.0493,0.0,0.0001,0.0168,0.0003
20231211471,0.0067,0.001,0.0057,0,NONE,NO_PREDICTION,REJECTED_ZERO_LABELS,UNKNOWN,0.0,0.0,0.0,0.001,0.0003,0.0002,0.0067,0.0001,0.0002
20231211493,0.1071,0.0028,0.1043,0,NONE,NO_PREDICTION,REJECTED_ZERO_LABELS,UNKNOWN,0.0002,0.0001,0.0002,0.0028,0.0,0.1071,0.0001,0.0,0.0012
20231211530,0.1542,0.0029,0.1513,0,NONE,NO_PREDICTION,REJECTED_ZERO_LABELS,UNKNOWN,0.0014,0.0029,0.0007,0.1542,0.0,0.0003,0.0,0.0008,0.0011
20231211550,0.0435,0.0011,0.0424,0,NONE,NO_PREDICTION,REJECTED_ZERO_LABELS,UNKNOWN,0.0008,0.0005,0.0003,0.0004,0.0001,0.0435,0.0011,0.0001,0.0001
20231211620,0.0006,0.0004,0.0002,0,NONE,NO_PREDICTION,REJECTED_ZERO_LABELS,UNKNOWN,0.0,0.0001,0.0,0.0004,0.0003,0.0001,0.0006,0.0001,0.0
20231211674,0.9995,0.1115,0.888,1,Hot Work,HIGH,ACCEPT_MODEL_PREDICTED,MODEL_PREDICTED,0.0001,0.1115,0.0001,0.013,0.9995,0.0005,0.0028,0.0537,0.0069
20231211690,0.0089,0.0031,0.0058,0,NONE,NO_PREDICTION,REJECTED_ZERO_LABELS,UNKNOWN,0.0001,0.0005,0.0001,0.0089,0.0031,0.0003,0.0001,0.0002,0.0
20231211765,0.1012,0.0117,0.0895,0,NONE,NO_PREDICTION,REJECTED_ZERO_LABELS,UNKNOWN,0.0,0.0001,0.0,0.0074,0.0117,0.0005,0.1012,0.0003,0.0
2024010031,0.984,0.5036,0.4804,2,Energy Isolation | Hot Work,HIGH,ACCEPT_MODEL_PREDICTED,MODEL_PREDICTED,0.0017,0.0279,0.0009,0.984,0.5036,0.0018,0.0087,0.0073,0.0002
2024010047,0.9903,0.3566,0.6337,2,Driving | Working at Height,HIGH,ACCEPT_MODEL_PREDICTED,MODEL_PREDICTED,0.0016,0.0065,0.9903,0.003,0.007,0.0003,0.0004,0.0157,0.3566
2024010058,0.9939,0.9118,0.0821,2,Working at Height | Driving,MEDIUM,SENT_TO_HUMAN_REVIEW,UNKNOWN,0.017,0.0814,0.9118,0.0858,0.2075,0.0331,0.0174,0.2041,0.9939
2024010071,0.9988,0.3531,0.6457,2,Driving | Working at Height,HIGH,ACCEPT_MODEL_PREDICTED,MODEL_PREDICTED,0.0201,0.0097,0.9988,0.0064,0.0025,0.0177,0.0024,0.0182,0.3531
2024010090,0.5826,0.16,0.4226,1,Safe Mechanical Lifting,MEDIUM,SENT_TO_HUMAN_REVIEW,UNKNOWN,0.0005,0.0006,0.0008,0.16,0.0027,0.0018,0.5826,0.0048,0.0003
2024010091,0.0092,0.0006,0.0086,0,NONE,NO_PREDICTION,REJECTED_ZERO_LABELS,UNKNOWN,0.0,0.0,0.0,0.0006,0.0003,0.0,0.0,0.0,0.0092
2024010118,0.0945,0.0569,0.0376,0,NONE,NO_PREDICTION,REJECTED_ZERO_LABELS,UNKNOWN,0.0027,0.0551,0.0005,0.0569,0.0017,0.0013,0.0038,0.0945,0.0003
2024010122,0.0191,0.0175,0.0016,0,NONE,NO_PREDICTION,REJECTED_ZERO_LABELS,UNKNOWN,0.0001,0.0001,0.0,0.0175,0.0105,0.0191,0.0025,0.0,0.0
2024010135,0.994,0.3493,0.6447,2,Safe Mechanical Lifting | Line of Fire,HIGH,ACCEPT_MODEL_PREDICTED,MODEL_PREDICTED,0.0003,0.0,0.0193,0.0008,0.0001,0.3493,0.994,0.0002,0.0199
2024010158,0.5796,0.4906,0.089,2,Safe Mechanical Lifting | Working at Height,MEDIUM,SENT_TO_HUMAN_REVIEW,UNKNOWN,0.0002,0.0004,0.0141,0.0256,0.0059,0.0005,0.5796,0.0072,0.4906
2024010229,0.9765,0.0087,0.9678,1,Energy Isolation,HIGH,ACCEPT_MODEL_PREDICTED,MODEL_PREDICTED,0.0038,0.0087,0.0001,0.9765,0.0004,0.008,0.0009,0.0015,0.0012
2024010257,0.9991,0.015,0.9841,1,Safe Mechanical Lifting,HIGH,ACCEPT_MODEL_PREDICTED,MODEL_PREDICTED,0.0001,0.0001,0.0019,0.015,0.0126,0.0019,0.9991,0.0044,0.0023
2024010267,0.0267,0.0192,0.0075,0,NONE,NO_PREDICTION,REJECTED_ZERO_LABELS,UNKNOWN,0.0002,0.0015,0.0006,0.0267,0.0011,0.0002,0.0003,0.0005,0.0192
2024010305,0.9974,0.0022,0.9952,1,Energy Isolation,HIGH,ACCEPT_MODEL_PREDICTED,MODEL_PREDICTED,0.0022,0.0022,0.0001,0.9974,0.0001,0.0003,0.0,0.0002,0.0006
2024010349,0.312,0.1212,0.1908,1,Working at Height,LOW,REJECTED_LOW_CONFIDENCE,UNKNOWN,0.0004,0.0024,0.0018,0.0017,0.1212,0.0167,0.0549,0.0025,0.312
2024010386,0.2221,0.0478,0.1743,0,NONE,NO_PREDICTION,REJECTED_ZERO_LABELS,UNKNOWN,0.0002,0.0051,0.0001,0.0064,0.2221,0.0005,0.0478,0.0284,0.0028
2024010648,0.4519,0.0041,0.4478,1,Working at Height,MEDIUM,SENT_TO_HUMAN_REVIEW,UNKNOWN,0.0001,0.0001,0.0009,0.0041,0.0,0.0003,0.0002,0.0002,0.4519
2024010653,0.9014,0.1175,0.7839,1,Working at Height,HIGH,ACCEPT_MODEL_PREDICTED,MODEL_PREDICTED,0.0011,0.0153,0.0069,0.1175,0.0954,0.0079,0.071,0.0483,0.9014
2024010671,0.0038,0.0015,0.0023,0,NONE,NO_PREDICTION,REJECTED_ZERO_LABELS,UNKNOWN,0.0001,0.001,0.0001,0.0015,0.0004,0.0001,0.0009,0.0038,0.0004
2024010753,0.7765,0.0113,0.7652,1,Driving,HIGH,ACCEPT_MODEL_PREDICTED,MODEL_PREDICTED,0.0004,0.0007,0.7765,0.0113,0.0021,0.0005,0.0004,0.0007,0.0035
2024010778,0.5368,0.0055,0.5313,1,Safe Mechanical Lifting,MEDIUM,SENT_TO_HUMAN_REVIEW,UNKNOWN,0.0001,0.0001,0.0015,0.0011,0.0,0.0001,0.5368,0.0055,0.0039
2024010797,0.0197,0.0144,0.0053,0,NONE,NO_PREDICTION,REJECTED_ZERO_LABELS,UNKNOWN,0.0006,0.0144,0.0197,0.0008,0.007,0.0034,0.0001,0.0027,0.0027
2024010830,0.8411,0.011,0.8301,1,Energy Isolation,HIGH,ACCEPT_MODEL_PREDICTED,MODEL_PREDICTED,0.0007,0.0009,0.0007,0.8411,0.0008,0.0013,0.011,0.0006,0.0026
2024010850,0.1989,0.0113,0.1876,0,NONE,NO_PREDICTION,REJECTED_ZERO_LABELS,UNKNOWN,0.0009,0.001,0.0063,0.0015,0.0002,0.0077,0.1989,0.0113,0.0072
2024010882,0.991,0.9737,0.0173,2,Driving | Working at Height,MEDIUM,SENT_TO_HUMAN_REVIEW,UNKNOWN,0.0081,0.0036,0.991,0.0164,0.0071,0.0296,0.0416,0.0195,0.9737
2024010903,0.9996,0.0239,0.9757,1,Safe Mechanical Lifting,HIGH,ACCEPT_MODEL_PREDICTED,MODEL_PREDICTED,0.0001,0.0,0.0239,0.0024,0.0006,0.001,0.9996,0.002,0.002
2024010927,0.3959,0.0146,0.3813,0,NONE,NO_PREDICTION,REJECTED_ZERO_LABELS,UNKNOWN,0.0002,0.0146,0.0065,0.0024,0.3959,0.0018,0.0001,0.0023,0.0008
2024021020,0.0799,0.066,0.0139,0,NONE,NO_PREDICTION,REJECTED_ZERO_LABELS,UNKNOWN,0.0002,0.0011,0.0092,0.066,0.0008,0.0,0.0018,0.0065,0.0799
2024021046,0.0869,0.0312,0.0557,0,NONE,NO_PREDICTION,REJECTED_ZERO_LABELS,UNKNOWN,0.0001,0.0001,0.0,0.0312,0.0138,0.0869,0.0001,0.0,0.0021
2024021056,0.9978,0.4856,0.5122,1,Energy Isolation,HIGH,ACCEPT_MODEL_PREDICTED,MODEL_PREDICTED,0.1414,0.4856,0.0539,0.9978,0.0735,0.0066,0.0398,0.1043,0.0475
2024021072,0.1187,0.0634,0.0553,0,NONE,NO_PREDICTION,REJECTED_ZERO_LABELS,UNKNOWN,0.0,0.0,0.0036,0.0005,0.0001,0.0006,0.1187,0.0001,0.0634
2024021097,0.9893,0.0273,0.962,1,Safe Mechanical Lifting,HIGH,ACCEPT_MODEL_PREDICTED,MODEL_PREDICTED,0.0,0.0,0.0002,0.0175,0.0273,0.0003,0.9893,0.0014,0.0007
2024021188,0.901,0.3774,0.5236,2,Energy Isolation | Safe Mechanical Lifting,HIGH,ACCEPT_MODEL_PREDICTED,MODEL_PREDICTED,0.0013,0.0003,0.0002,0.901,0.0004,0.0056,0.3774,0.0012,0.005
2024021191,0.9956,0.9928,0.0028,2,Energy Isolation | Safe Mechanical Lifting,MEDIUM,SENT_TO_HUMAN_REVIEW,UNKNOWN,0.0049,0.0038,0.0127,0.9956,0.0039,0.0056,0.9928,0.0134,0.008
2024021302,0.0309,0.011,0.0199,0,NONE,NO_PREDICTION,REJECTED_ZERO_LABELS,UNKNOWN,0.0,0.0001,0.0002,0.0009,0.0027,0.0003,0.011,0.0002,0.0309
2024021303,0.3453,0.0156,0.3297,1,Driving,LOW,REJECTED_LOW_CONFIDENCE,UNKNOWN,0.0038,0.0013,0.3453,0.0149,0.0,0.0156,0.0069,0.0008,0.0057
2024021317,0.9841,0.9759,0.0082,2,Safe Mechanical Lifting | Line of Fire,MEDIUM,SENT_TO_HUMAN_REVIEW,UNKNOWN,0.0047,0.0003,0.0485,0.0513,0.0029,0.9759,0.9841,0.0001,0.0011
2024021318,0.9999,0.0296,0.9703,1,Working at Height,HIGH,ACCEPT_MODEL_PREDICTED,MODEL_PREDICTED,0.0004,0.002,0.0242,0.0234,0.0074,0.005,0.0296,0.0258,0.9999
2024021345,0.1889,0.0004,0.1885,0,NONE,NO_PREDICTION,REJECTED_ZERO_LABELS,UNKNOWN,0.0001,0.0,0.0001,0.0002,0.0001,0.1889,0.0,0.0,0.0004
2024021395,0.9461,0.0094,0.9367,1,Working at Height,HIGH,ACCEPT_MODEL_PREDICTED,MODEL_PREDICTED,0.0002,0.001,0.001,0.0094,0.0039,0.0028,0.0005,0.0007,0.9461
2024021406,0.9974,0.0104,0.987,1,Energy Isolation,HIGH,ACCEPT_MODEL_PREDICTED,MODEL_PREDICTED,0.0008,0.0104,0.0001,0.9974,0.0068,0.0,0.0,0.0013,0.0015
2024021458,0.0142,0.0015,0.0127,0,NONE,NO_PREDICTION,REJECTED_ZERO_LABELS,UNKNOWN,0.0,0.0,0.0,0.0002,0.0,0.0001,0.0142,0.0,0.0015
2024021480,0.0546,0.0031,0.0515,0,NONE,NO_PREDICTION,REJECTED_ZERO_LABELS,UNKNOWN,0.0002,0.0001,0.0002,0.0031,0.0002,0.0546,0.0003,0.0,0.0001
2024021494,0.0625,0.0058,0.0567,0,NONE,NO_PREDICTION,REJECTED_ZERO_LABELS,UNKNOWN,0.0001,0.0003,0.0033,0.0058,0.0002,0.0026,0.0002,0.0002,0.0625
2024021495,0.9975,0.0135,0.984,1,Line of Fire,HIGH,ACCEPT_MODEL_PREDICTED,MODEL_PREDICTED,0.0051,0.0003,0.0047,0.0051,0.0008,0.9975,0.0135,0.0,0.0052
2024021513,0.7147,0.0132,0.7015,1,Working at Height,HIGH,ACCEPT_MODEL_PREDICTED,MODEL_PREDICTED,0.0001,0.0014,0.0009,0.0021,0.0112,0.0007,0.0132,0.0091,0.7147
2024021516,0.9409,0.0562,0.8847,1,Line of Fire,HIGH,ACCEPT_MODEL_PREDICTED,MODEL_PREDICTED,0.0017,0.0001,0.0018,0.0073,0.0001,0.9409,0.0562,0.0,0.0002
2024021562,0.2543,0.0022,0.2521,0,NONE,NO_PREDICTION,REJECTED_ZERO_LABELS,UNKNOWN,0.0,0.0002,0.0,0.2543,0.0022,0.0,0.0,0.0,0.0002
2024021565,0.0607,0.0227,0.038,0,NONE,NO_PREDICTION,REJECTED_ZERO_LABELS,UNKNOWN,0.0002,0.0081,0.0031,0.0191,0.0607,0.0001,0.0024,0.0227,0.0001
2024021680,0.084,0.0259,0.0581,0,NONE,NO_PREDICTION,REJECTED_ZERO_LABELS,UNKNOWN,0.0003,0.0002,0.0,0.0096,0.0029,0.084,0.0259,0.0001,0.0001
2024021685,0.0012,0.001,0.0002,0,NONE,NO_PREDICTION,REJECTED_ZERO_LABELS,UNKNOWN,0.0001,0.0001,0.0012,0.0006,0.0,0.0008,0.0,0.0,0.001
2024021688,0.9773,0.0567,0.9206,1,Safe Mechanical Lifting,HIGH,ACCEPT_MODEL_PREDICTED,MODEL_PREDICTED,0.0006,0.0002,0.0026,0.0567,0.0002,0.008,0.9773,0.0029,0.0016
2024021727,0.0578,0.002,0.0558,0,NONE,NO_PREDICTION,REJECTED_ZERO_LABELS,UNKNOWN,0.0001,0.0001,0.0002,0.0003,0.0007,0.002,0.0578,0.0003,0.0001
2024021751,0.2784,0.0161,0.2623,1,Safe Mechanical Lifting,LOW,REJECTED_LOW_CONFIDENCE,UNKNOWN,0.0001,0.0002,0.0002,0.0031,0.009,0.0161,0.2784,0.0003,0.0009
2024032112,0.0036,0.0031,0.0005,0,NONE,NO_PREDICTION,REJECTED_ZERO_LABELS,UNKNOWN,0.0002,0.0001,0.0004,0.003,0.0,0.0031,0.0008,0.0001,0.0036
2024032160,0.3117,0.0342,0.2775,1,Working at Height,LOW,REJECTED_LOW_CONFIDENCE,UNKNOWN,0.0003,0.0008,0.0001,0.0342,0.0013,0.0066,0.0001,0.0002,0.3117
2024032164,0.6249,0.1518,0.4731,1,Energy Isolation,MEDIUM,SENT_TO_HUMAN_REVIEW,UNKNOWN,0.0011,0.0141,0.0124,0.6249,0.0038,0.0001,0.0001,0.0102,0.1518
2024032181,0.0303,0.0188,0.0115,0,NONE,NO_PREDICTION,REJECTED_ZERO_LABELS,UNKNOWN,0.0001,0.0003,0.0001,0.0007,0.0023,0.0188,0.0002,0.0001,0.0303
2024032201,0.053,0.0282,0.0248,0,NONE,NO_PREDICTION,REJECTED_ZERO_LABELS,UNKNOWN,0.0,0.0004,0.0002,0.0224,0.0282,0.0001,0.0006,0.0006,0.053
2024032242,0.0009,0.0004,0.0005,0,NONE,NO_PREDICTION,REJECTED_ZERO_LABELS,UNKNOWN,0.0,0.0,0.0001,0.0001,0.0,0.0,0.0009,0.0004,0.0001
2024032254,0.9748,0.9406,0.0342,2,Line of Fire | Driving,MEDIUM,SENT_TO_HUMAN_REVIEW,UNKNOWN,0.0453,0.0036,0.9406,0.0337,0.0052,0.9748,0.0386,0.0004,0.0112
2024032434,0.0102,0.0005,0.0097,0,NONE,NO_PREDICTION,REJECTED_ZERO_LABELS,UNKNOWN,0.0,0.0,0.0,0.0005,0.0102,0.0,0.0001,0.0,0.0001
2024032536,0.569,0.0025,0.5665,1,Hot Work,MEDIUM,SENT_TO_HUMAN_REVIEW,UNKNOWN,0.0,0.0025,0.0,0.0001,0.569,0.0,0.0,0.0019,0.0005
2024032554,0.0016,0.0008,0.0008,0,NONE,NO_PREDICTION,REJECTED_ZERO_LABELS,UNKNOWN,0.0001,0.0002,0.0008,0.0001,0.0003,0.0016,0.0,0.0,0.0002
2024032595,0.3841,0.0158,0.3683,1,Safe Mechanical Lifting,LOW,REJECTED_LOW_CONFIDENCE,UNKNOWN,0.0002,0.0013,0.0158,0.0031,0.001,0.0001,0.3841,0.0103,0.0033
2024032598,0.0081,0.0017,0.0064,0,NONE,NO_PREDICTION,REJECTED_ZERO_LABELS,UNKNOWN,0.0001,0.0003,0.0005,0.0015,0.0004,0.0081,0.0017,0.0001,0.0001
2024032628,0.0182,0.0002,0.018,0,NONE,NO_PREDICTION,REJECTED_ZERO_LABELS,UNKNOWN,0.0002,0.0002,0.0001,0.0001,0.0001,0.0182,0.0,0.0,0.0
2024032654,0.9868,0.0058,0.981,1,Energy Isolation,HIGH,ACCEPT_MODEL_PREDICTED,MODEL_PREDICTED,0.0018,0.0058,0.0,0.9868,0.0008,0.0004,0.0,0.0003,0.0002
2024032752,0.112,0.0042,0.1078,0,NONE,NO_PREDICTION,REJECTED_ZERO_LABELS,UNKNOWN,0.0012,0.0006,0.0001,0.0031,0.0,0.112,0.0042,0.0001,0.0004
2024032823,0.2958,0.0187,0.2771,1,Driving,LOW,REJECTED_LOW_CONFIDENCE,UNKNOWN,0.0001,0.0,0.2958,0.0001,0.0,0.0072,0.0004,0.0,0.0187
2024042848,0.0097,0.0051,0.0046,0,NONE,NO_PREDICTION,REJECTED_ZERO_LABELS,UNKNOWN,0.0,0.0004,0.0001,0.0029,0.0097,0.0,0.0001,0.0004,0.0051
2024042936,0.0027,0.002,0.0007,0,NONE,NO_PREDICTION,REJECTED_ZERO_LABELS,UNKNOWN,0.0,0.0002,0.0,0.0027,0.0008,0.0,0.0,0.0001,0.002
2024042949,0.0235,0.0008,0.0227,0,NONE,NO_PREDICTION,REJECTED_ZERO_LABELS,UNKNOWN,0.0,0.0002,0.0008,0.0002,0.0,0.0001,0.0,0.0001,0.0235
2024042960,0.8769,0.2438,0.6331,1,Working at Height,HIGH,ACCEPT_MODEL_PREDICTED,MODEL_PREDICTED,0.0001,0.0009,0.0017,0.0108,0.2438,0.0043,0.0175,0.0006,0.8769
2024043008,0.1832,0.0091,0.1741,0,NONE,NO_PREDICTION,REJECTED_ZERO_LABELS,UNKNOWN,0.0,0.0003,0.0004,0.0041,0.0091,0.0001,0.1832,0.0028,0.0
2024043057,0.9102,0.6196,0.2906,3,Energy Isolation | Line of Fire | Safe Mechanical Lifting,HIGH,ACCEPT_MODEL_PREDICTED,MODEL_PREDICTED,0.0071,0.0037,0.0073,0.9102,0.0046,0.6196,0.4935,0.0009,0.0002
2024043181,0.9563,0.021,0.9353,1,Driving,HIGH,ACCEPT_MODEL_PREDICTED,MODEL_PREDICTED,0.001,0.0022,0.9563,0.0051,0.0002,0.0001,0.0001,0.0047,0.021
2024043217,0.9998,0.1885,0.8113,1,Safe Mechanical Lifting,HIGH,ACCEPT_MODEL_PREDICTED,MODEL_PREDICTED,0.0003,0.0002,0.0841,0.1419,0.0018,0.0005,0.9998,0.0205,0.1885
2024043227,0.1732,0.1367,0.0365,0,NONE,NO_PREDICTION,REJECTED_ZERO_LABELS,UNKNOWN,0.0001,0.0002,0.001,0.1732,0.0002,0.0003,0.1367,0.0007,0.0012
2024043262,0.9804,0.0363,0.9441,1,Line of Fire,HIGH,ACCEPT_MODEL_PREDICTED,MODEL_PREDICTED,0.0055,0.0005,0.0017,0.0363,0.0004,0.9804,0.0059,0.0,0.0024
2024043521,0.1703,0.0218,0.1485,0,NONE,NO_PREDICTION,REJECTED_ZERO_LABELS,UNKNOWN,0.0008,0.0002,0.0044,0.0066,0.0,0.0218,0.1703,0.0006,0.0005
2024043602,0.86,0.0082,0.8518,1,Energy Isolation,HIGH,ACCEPT_MODEL_PREDICTED,MODEL_PREDICTED,0.0013,0.0022,0.0001,0.86,0.0001,0.0026,0.0001,0.0003,0.0082
2024043641,0.1277,0.1002,0.0275,0,NONE,NO_PREDICTION,REJECTED_ZERO_LABELS,UNKNOWN,0.0013,0.0004,0.0003,0.1277,0.0004,0.1002,0.0163,0.0001,0.0009
2024043650,0.0461,0.0062,0.0399,0,NONE,NO_PREDICTION,REJECTED_ZERO_LABELS,UNKNOWN,0.0004,0.0029,0.0022,0.0015,0.0016,0.0062,0.0461,0.0015,0.0006
2024043693,0.985,0.9018,0.0832,2,Hot Work | Working at Height,MEDIUM,SENT_TO_HUMAN_REVIEW,UNKNOWN,0.0003,0.025,0.0022,0.0336,0.985,0.001,0.0709,0.1663,0.9018
2024043711,0.0053,0.0028,0.0025,0,NONE,NO_PREDICTION,REJECTED_ZERO_LABELS,UNKNOWN,0.0002,0.0008,0.0,0.0053,0.0006,0.0019,0.0,0.0001,0.0028
2024043748,0.2736,0.0022,0.2714,1,Safe Mechanical Lifting,LOW,REJECTED_LOW_CONFIDENCE,UNKNOWN,0.0001,0.0001,0.0003,0.0001,0.0001,0.0007,0.2736,0.0022,0.0008
2024053785,0.0172,0.0004,0.0168,0,NONE,NO_PREDICTION,REJECTED_ZERO_LABELS,UNKNOWN,0.0,0.0,0.0,0.0172,0.0001,0.0,0.0004,0.0001,0.0003
2024053811,0.3799,0.0466,0.3333,1,Safe Mechanical Lifting,LOW,REJECTED_LOW_CONFIDENCE,UNKNOWN,0.0001,0.0001,0.0004,0.0466,0.0007,0.0015,0.3799,0.0005,0.0004
2024053815,0.0002,0.0001,0.0001,0,NONE,NO_PREDICTION,REJECTED_ZERO_LABELS,UNKNOWN,0.0,0.0001,0.0001,0.0001,0.0001,0.0002,0.0,0.0,0.0
2024053824,0.4714,0.3703,0.1011,1,Energy Isolation,MEDIUM,SENT_TO_HUMAN_REVIEW,UNKNOWN,0.0065,0.1391,0.0086,0.4714,0.3703,0.007,0.0365,0.0824,0.002
2024053858,0.6468,0.1163,0.5305,1,Energy Isolation,MEDIUM,SENT_TO_HUMAN_REVIEW,UNKNOWN,0.0076,0.1163,0.0157,0.6468,0.0005,0.0001,0.0,0.0656,0.0005
2024053863,0.0297,0.0064,0.0233,0,NONE,NO_PREDICTION,REJECTED_ZERO_LABELS,UNKNOWN,0.0,0.0,0.0002,0.0,0.0001,0.0297,0.0064,0.0,0.0003
2024053873,0.0019,0.0004,0.0015,0,NONE,NO_PREDICTION,REJECTED_ZERO_LABELS,UNKNOWN,0.0,0.0,0.0,0.0002,0.0,0.0019,0.0004,0.0,0.0001
2024053898,0.0004,0.0,0.0004,0,NONE,NO_PREDICTION,REJECTED_ZERO_LABELS,UNKNOWN,0.0,0.0,0.0,0.0,0.0004,0.0,0.0,0.0,0.0
2024053930,0.0026,0.0005,0.0021,0,NONE,NO_PREDICTION,REJECTED_ZERO_LABELS,UNKNOWN,0.0,0.0,0.0,0.0003,0.0002,0.0005,0.0026,0.0,0.0
2024053940,0.9972,0.0395,0.9577,1,Energy Isolation,HIGH,ACCEPT_MODEL_PREDICTED,MODEL_PREDICTED,0.0291,0.0395,0.0009,0.9972,0.0053,0.0217,0.0011,0.0023,0.0081
2024053968,0.8052,0.0294,0.7758,1,Driving,HIGH,ACCEPT_MODEL_PREDICTED,MODEL_PREDICTED,0.0001,0.0,0.8052,0.0004,0.0,0.0006,0.0294,0.0001,0.0215
2024054022,0.993,0.1469,0.8461,1,Driving,HIGH,ACCEPT_MODEL_PREDICTED,MODEL_PREDICTED,0.0004,0.0003,0.993,0.0006,0.0003,0.0003,0.0023,0.0009,0.1469
2024054058,0.8293,0.001,0.8283,1,Hot Work,HIGH,ACCEPT_MODEL_PREDICTED,MODEL_PREDICTED,0.0,0.0005,0.0,0.0,0.8293,0.001,0.0005,0.0001,0.0
2024054144,0.9989,0.0202,0.9787,1,Driving,HIGH,ACCEPT_MODEL_PREDICTED,MODEL_PREDICTED,0.0051,0.0044,0.9989,0.0151,0.0007,0.0018,0.0009,0.0054,0.0202
2024054149,0.4842,0.065,0.4192,1,Energy Isolation,MEDIUM,SENT_TO_HUMAN_REVIEW,UNKNOWN,0.0013,0.0018,0.0017,0.4842,0.0011,0.0014,0.0011,0.0009,0.065
2024054169,0.0182,0.017,0.0012,0,NONE,NO_PREDICTION,REJECTED_ZERO_LABELS,UNKNOWN,0.0008,0.0007,0.0005,0.0118,0.0011,0.017,0.0182,0.0009,0.0008
2024054227,0.9994,0.3043,0.6951,3,Safe Mechanical Lifting | Energy Isolation | Driving,HIGH,ACCEPT_MODEL_PREDICTED,MODEL_PREDICTED,0.002,0.0007,0.267,0.3043,0.0032,0.0053,0.9994,0.045,0.1777
2024054278,0.997,0.9128,0.0842,2,Working at Height | Driving,MEDIUM,SENT_TO_HUMAN_REVIEW,UNKNOWN,0.0014,0.001,0.9128,0.0271,0.0015,0.0041,0.0119,0.005,0.997
2024054292,0.6126,0.022,0.5906,1,Working at Height,MEDIUM,SENT_TO_HUMAN_REVIEW,UNKNOWN,0.0021,0.0105,0.0092,0.0149,0.0014,0.022,0.0046,0.0064,0.6126
2024054307,0.789,0.1394,0.6496,1,Working at Height,HIGH,ACCEPT_MODEL_PREDICTED,MODEL_PREDICTED,0.0003,0.0023,0.0022,0.1258,0.0005,0.0003,0.1394,0.0388,0.789
2024054326,0.9997,0.0048,0.9949,1,Energy Isolation,HIGH,ACCEPT_MODEL_PREDICTED,MODEL_PREDICTED,0.0016,0.0048,0.0001,0.9997,0.004,0.0001,0.0001,0.0007,0.0007
2024054385,0.0069,0.0006,0.0063,0,NONE,NO_PREDICTION,REJECTED_ZERO_LABELS,UNKNOWN,0.0001,0.0001,0.0,0.0069,0.0,0.0006,0.0001,0.0,0.0
2024054394,0.0081,0.0058,0.0023,0,NONE,NO_PREDICTION,REJECTED_ZERO_LABELS,UNKNOWN,0.0001,0.0006,0.0001,0.0054,0.0047,0.0013,0.0058,0.0004,0.0081
2024054402,0.0039,0.0005,0.0034,0,NONE,NO_PREDICTION,REJECTED_ZERO_LABELS,UNKNOWN,0.0,0.0001,0.0,0.0005,0.0039,0.0,0.0001,0.0001,0.0002
2024054406,0.4022,0.0036,0.3986,0,NONE,NO_PREDICTION,REJECTED_ZERO_LABELS,UNKNOWN,0.0,0.0018,0.0,0.0036,0.4022,0.0,0.0,0.0005,0.0003
2024054417,0.9908,0.6455,0.3453,2,Safe Mechanical Lifting | Line of Fire,HIGH,ACCEPT_MODEL_PREDICTED,MODEL_PREDICTED,0.0041,0.0004,0.0286,0.0043,0.0003,0.6455,0.9908,0.0004,0.0029
2024054419,0.1032,0.0764,0.0268,0,NONE,NO_PREDICTION,REJECTED_ZERO_LABELS,UNKNOWN,0.0005,0.0004,0.0001,0.1032,0.0057,0.0764,0.058,0.0001,0.0
2024054438,0.0376,0.0352,0.0024,0,NONE,NO_PREDICTION,REJECTED_ZERO_LABELS,UNKNOWN,0.005,0.0027,0.0021,0.0376,0.0003,0.0352,0.0234,0.0036,0.0047
2024054448,0.2423,0.0013,0.241,1,Safe Mechanical Lifting,LOW,REJECTED_LOW_CONFIDENCE,UNKNOWN,0.0,0.0,0.0001,0.0013,0.0005,0.0003,0.2423,0.0001,0.0
2024054524,0.0103,0.0074,0.0029,0,NONE,NO_PREDICTION,REJECTED_ZERO_LABELS,UNKNOWN,0.0003,0.0008,0.0044,0.0035,0.0015,0.0074,0.0003,0.0001,0.0103
2024054535,0.4303,0.0187,0.4116,1,Line of Fire,LOW,REJECTED_LOW_CONFIDENCE,UNKNOWN,0.0018,0.0002,0.0002,0.0187,0.0,0.4303,0.0023,0.0,0.0004
2024054568,0.2278,0.0526,0.1752,0,NONE,NO_PREDICTION,REJECTED_ZERO_LABELS,UNKNOWN,0.0012,0.0007,0.0526,0.2278,0.0,0.0018,0.0,0.0001,0.0046
2024054584,0.92,0.0037,0.9163,1,Safe Mechanical Lifting,HIGH,ACCEPT_MODEL_PREDICTED,MODEL_PREDICTED,0.0001,0.0,0.0037,0.0012,0.0001,0.002,0.92,0.0003,0.0002
2024054611,0.0241,0.0068,0.0173,0,NONE,NO_PREDICTION,REJECTED_ZERO_LABELS,UNKNOWN,0.0008,0.0008,0.0003,0.0241,0.0,0.0068,0.0001,0.0001,0.0003
2024054626,0.0619,0.0031,0.0588,0,NONE,NO_PREDICTION,REJECTED_ZERO_LABELS,UNKNOWN,0.0002,0.0031,0.0005,0.0025,0.0619,0.0009,0.0,0.0005,0.0
2024054631,0.9948,0.2869,0.7079,2,Driving | Working at Height,HIGH,ACCEPT_MODEL_PREDICTED,MODEL_PREDICTED,0.0146,0.0178,0.9948,0.048,0.0017,0.0026,0.0009,0.0192,0.2869
2024054712,0.0069,0.0002,0.0067,0,NONE,NO_PREDICTION,REJECTED_ZERO_LABELS,UNKNOWN,0.0,0.0,0.0001,0.0002,0.0001,0.0069,0.0002,0.0,0.0002
2024064805,0.9909,0.003,0.9879,1,Driving,HIGH,ACCEPT_MODEL_PREDICTED,MODEL_PREDICTED,0.0013,0.0009,0.9909,0.0017,0.0001,0.0006,0.0005,0.0013,0.003
2024064969,0.6061,0.0402,0.5659,1,Energy Isolation,MEDIUM,SENT_TO_HUMAN_REVIEW,UNKNOWN,0.0005,0.002,0.0,0.6061,0.0237,0.0047,0.0402,0.0006,0.0
2024065056,0.992,0.9806,0.0114,2,Safe Mechanical Lifting | Energy Isolation,MEDIUM,SENT_TO_HUMAN_REVIEW,UNKNOWN,0.0017,0.0018,0.0058,0.9806,0.0029,0.003,0.992,0.0106,0.0066
2024065078,0.0003,0.0002,0.0001,0,NONE,NO_PREDICTION,REJECTED_ZERO_LABELS,UNKNOWN,0.0,0.0,0.0,0.0003,0.0001,0.0002,0.0001,0.0,0.0002
2024065079,0.2432,0.1788,0.0644,1,Line of Fire,LOW,REJECTED_LOW_CONFIDENCE,UNKNOWN,0.0119,0.0135,0.0117,0.089,0.0012,0.2432,0.1788,0.0129,0.0054
2024065117,0.0325,0.0216,0.0109,0,NONE,NO_PREDICTION,REJECTED_ZERO_LABELS,UNKNOWN,0.0002,0.0021,0.0013,0.0216,0.004,0.0,0.0026,0.0135,0.0325
2024065232,0.0173,0.0072,0.0101,0,NONE,NO_PREDICTION,REJECTED_ZERO_LABELS,UNKNOWN,0.0,0.0005,0.0001,0.0004,0.0013,0.0,0.0173,0.0072,0.0001
2024065298,0.6146,0.0074,0.6072,1,Driving,MEDIUM,SENT_TO_HUMAN_REVIEW,UNKNOWN,0.0001,0.0001,0.6146,0.0017,0.0,0.0,0.0074,0.0009,0.0008
2024065324,0.9442,0.059,0.8852,1,Working at Height,HIGH,ACCEPT_MODEL_PREDICTED,MODEL_PREDICTED,0.0001,0.0006,0.001,0.059,0.0029,0.0017,0.0001,0.0002,0.9442
2024065344,0.8275,0.2179,0.6096,2,Energy Isolation | Safe Mechanical Lifting,HIGH,ACCEPT_MODEL_PREDICTED,MODEL_PREDICTED,0.0005,0.0009,0.0094,0.8275,0.0079,0.0025,0.2179,0.0009,0.1091
2024065349,0.0364,0.0012,0.0352,0,NONE,NO_PREDICTION,REJECTED_ZERO_LABELS,UNKNOWN,0.0,0.0002,0.0001,0.0012,0.0003,0.0001,0.0364,0.0009,0.0
2024065350,0.0249,0.0024,0.0225,0,NONE,NO_PREDICTION,REJECTED_ZERO_LABELS,UNKNOWN,0.0007,0.0024,0.0002,0.0249,0.0001,0.0023,0.0001,0.0003,0.0001
2024065418,0.9903,0.9736,0.0167,2,Working at Height | Driving,MEDIUM,SENT_TO_HUMAN_REVIEW,UNKNOWN,0.0027,0.0054,0.9736,0.0051,0.0605,0.0094,0.0193,0.0481,0.9903
2024065474,0.7396,0.0167,0.7229,1,Safe Mechanical Lifting,HIGH,ACCEPT_MODEL_PREDICTED,MODEL_PREDICTED,0.0,0.0,0.0001,0.0167,0.0019,0.0001,0.7396,0.0008,0.0001
2024065534,0.0106,0.0014,0.0092,0,NONE,NO_PREDICTION,REJECTED_ZERO_LABELS,UNKNOWN,0.0001,0.0002,0.0014,0.0004,0.0003,0.0004,0.0009,0.0005,0.0106
2024065642,0.0039,0.0024,0.0015,0,NONE,NO_PREDICTION,REJECTED_ZERO_LABELS,UNKNOWN,0.0001,0.0001,0.0001,0.0024,0.0,0.0039,0.0003,0.0,0.0002
2024065650,0.0189,0.0038,0.0151,0,NONE,NO_PREDICTION,REJECTED_ZERO_LABELS,UNKNOWN,0.0002,0.0038,0.0001,0.0189,0.0036,0.0001,0.0,0.0021,0.0003
2024065660,0.9992,0.2031,0.7961,1,Driving,HIGH,ACCEPT_MODEL_PREDICTED,MODEL_PREDICTED,0.0276,0.0184,0.9992,0.0819,0.0391,0.0468,0.027,0.0269,0.2031
2024065679,0.0371,0.0054,0.0317,0,NONE,NO_PREDICTION,REJECTED_ZERO_LABELS,UNKNOWN,0.0001,0.0004,0.0014,0.003,0.0,0.0001,0.0371,0.0054,0.0004
2024065726,0.8398,0.3468,0.493,1,Energy Isolation,HIGH,ACCEPT_MODEL_PREDICTED,MODEL_PREDICTED,0.0002,0.0374,0.0001,0.8398,0.3468,0.0,0.0003,0.0099,0.0001
2024065754,0.0256,0.0191,0.0065,0,NONE,NO_PREDICTION,REJECTED_ZERO_LABELS,UNKNOWN,0.0002,0.0101,0.0001,0.0191,0.0256,0.0001,0.0001,0.0072,0.0
2024065779,0.052,0.0488,0.0032,0,NONE,NO_PREDICTION,REJECTED_ZERO_LABELS,UNKNOWN,0.0,0.0002,0.0001,0.052,0.0002,0.0,0.0005,0.0005,0.0488
2024065810,0.8087,0.1542,0.6545,1,Hot Work,HIGH,ACCEPT_MODEL_PREDICTED,MODEL_PREDICTED,0.0,0.0245,0.0003,0.0651,0.8087,0.0,0.0011,0.1542,0.0259
2024065838,0.0022,0.0012,0.001,0,NONE,NO_PREDICTION,REJECTED_ZERO_LABELS,UNKNOWN,0.0001,0.0005,0.0022,0.001,0.0,0.0,0.0,0.0003,0.0012
2024065842,0.8657,0.529,0.3367,2,Working at Height | Safe Mechanical Lifting,HIGH,ACCEPT_MODEL_PREDICTED,MODEL_PREDICTED,0.0001,0.0002,0.0005,0.0837,0.008,0.0001,0.529,0.0101,0.8657
2024065857,0.0068,0.0037,0.0031,0,NONE,NO_PREDICTION,REJECTED_ZERO_LABELS,UNKNOWN,0.0002,0.0004,0.0002,0.0003,0.0013,0.0037,0.0031,0.0008,0.0068
2024065869,0.0719,0.0012,0.0707,0,NONE,NO_PREDICTION,REJECTED_ZERO_LABELS,UNKNOWN,0.0,0.0001,0.0002,0.0006,0.0005,0.0,0.0012,0.0002,0.0719
2024075879,0.0856,0.0075,0.0781,0,NONE,NO_PREDICTION,REJECTED_ZERO_LABELS,UNKNOWN,0.0004,0.0004,0.0001,0.0856,0.0003,0.0075,0.0,0.0,0.0026
2024075882,0.0571,0.0082,0.0489,0,NONE,NO_PREDICTION,REJECTED_ZERO_LABELS,UNKNOWN,0.0001,0.0013,0.0,0.0571,0.0025,0.0001,0.0001,0.0005,0.0082
2024075885,0.0052,0.0038,0.0014,0,NONE,NO_PREDICTION,REJECTED_ZERO_LABELS,UNKNOWN,0.0012,0.0031,0.003,0.0052,0.0,0.0038,0.0,0.0001,0.0001
2024075894,0.1773,0.0381,0.1392,0,NONE,NO_PREDICTION,REJECTED_ZERO_LABELS,UNKNOWN,0.0,0.0,0.0,0.0015,0.0381,0.0009,0.1773,0.0,0.0001
2024075952,0.0157,0.0134,0.0023,0,NONE,NO_PREDICTION,REJECTED_ZERO_LABELS,UNKNOWN,0.0002,0.0005,0.0004,0.0134,0.0012,0.0071,0.0074,0.0002,0.0157
2024076029,0.1164,0.0071,0.1093,0,NONE,NO_PREDICTION,REJECTED_ZERO_LABELS,UNKNOWN,0.0001,0.0002,0.0008,0.0071,0.0,0.0007,0.0007,0.0006,0.1164
2024076032,0.979,0.0273,0.9517,1,Hot Work,HIGH,ACCEPT_MODEL_PREDICTED,MODEL_PREDICTED,0.0001,0.0273,0.0,0.0123,0.979,0.0031,0.0005,0.0025,0.0001
2024076038,0.9897,0.0368,0.9529,1,Hot Work,HIGH,ACCEPT_MODEL_PREDICTED,MODEL_PREDICTED,0.0001,0.0368,0.0,0.0005,0.9897,0.0005,0.0,0.0015,0.0
2024076060,0.9999,0.0735,0.9264,1,Safe Mechanical Lifting,HIGH,ACCEPT_MODEL_PREDICTED,MODEL_PREDICTED,0.0003,0.0001,0.0366,0.0735,0.0009,0.0014,0.9999,0.0054,0.0278
2024076147,0.0019,0.0015,0.0004,0,NONE,NO_PREDICTION,REJECTED_ZERO_LABELS,UNKNOWN,0.0001,0.0007,0.0003,0.0003,0.0015,0.0002,0.0,0.0003,0.0019
2024076150,0.9891,0.1793,0.8098,1,Working at Height,HIGH,ACCEPT_MODEL_PREDICTED,MODEL_PREDICTED,0.003,0.0164,0.0574,0.1793,0.0041,0.0135,0.001,0.0055,0.9891
2024076151,0.6776,0.2086,0.469,2,Energy Isolation | Safe Mechanical Lifting,MEDIUM,SENT_TO_HUMAN_REVIEW,UNKNOWN,0.0013,0.0002,0.0008,0.6776,0.0001,0.0707,0.2086,0.0001,0.0968
2024076212,0.999,0.1538,0.8452,1,Hot Work,HIGH,ACCEPT_MODEL_PREDICTED,MODEL_PREDICTED,0.0001,0.1538,0.0001,0.0008,0.999,0.0005,0.0002,0.0313,0.0003
2024076231,0.0006,0.0005,0.0001,0,NONE,NO_PREDICTION,REJECTED_ZERO_LABELS,UNKNOWN,0.0,0.0001,0.0,0.0001,0.0005,0.0001,0.0,0.0,0.0006
2024076234,0.9998,0.2176,0.7822,1,Energy Isolation,HIGH,ACCEPT_MODEL_PREDICTED,MODEL_PREDICTED,0.0207,0.2176,0.0013,0.9998,0.0172,0.0014,0.025,0.0316,0.0012
2024076298,0.7479,0.2314,0.5165,1,Energy Isolation,HIGH,ACCEPT_MODEL_PREDICTED,MODEL_PREDICTED,0.0009,0.0258,0.0001,0.7479,0.2314,0.0011,0.0003,0.0035,0.0004
2024076299,0.5328,0.0059,0.5269,1,Energy Isolation,MEDIUM,SENT_TO_HUMAN_REVIEW,UNKNOWN,0.0021,0.0059,0.0002,0.5328,0.0004,0.0056,0.0018,0.0009,0.0002
2024076300,0.9547,0.6878,0.2669,2,Energy Isolation | Working at Height,HIGH,ACCEPT_MODEL_PREDICTED,MODEL_PREDICTED,0.0004,0.0008,0.0033,0.9547,0.0021,0.0001,0.0027,0.0028,0.6878
2024076319,0.0218,0.0017,0.0201,0,NONE,NO_PREDICTION,REJECTED_ZERO_LABELS,UNKNOWN,0.0,0.0001,0.0,0.0016,0.0218,0.0006,0.0017,0.0001,0.0003
2024076324,0.9991,0.0238,0.9753,1,Hot Work,HIGH,ACCEPT_MODEL_PREDICTED,MODEL_PREDICTED,0.0001,0.0235,0.0,0.0238,0.9991,0.0065,0.0011,0.001,0.0
2024076349,0.006,0.001,0.005,0,NONE,NO_PREDICTION,REJECTED_ZERO_LABELS,UNKNOWN,0.0,0.0001,0.0001,0.001,0.006,0.001,0.0009,0.0,0.0001
2024076378,0.9985,0.9856,0.0129,2,Safe Mechanical Lifting | Working at Height,MEDIUM,SENT_TO_HUMAN_REVIEW,UNKNOWN,0.0014,0.0006,0.032,0.0825,0.0097,0.0692,0.9985,0.0079,0.9856
2024076405,0.1907,0.0782,0.1125,0,NONE,NO_PREDICTION,REJECTED_ZERO_LABELS,UNKNOWN,0.0006,0.0036,0.0782,0.0003,0.0001,0.0002,0.1907,0.0268,0.0005
2024076428,0.6977,0.5293,0.1684,2,Energy Isolation | Safe Mechanical Lifting,MEDIUM,SENT_TO_HUMAN_REVIEW,UNKNOWN,0.0195,0.019,0.077,0.6977,0.0027,0.036,0.5293,0.0467,0.0087
2024076472,0.304,0.151,0.153,1,Line of Fire,LOW,REJECTED_LOW_CONFIDENCE,UNKNOWN,0.0045,0.0034,0.0011,0.151,0.004,0.304,0.1001,0.0027,0.1345
2024076494,0.1858,0.0096,0.1762,0,NONE,NO_PREDICTION,REJECTED_ZERO_LABELS,UNKNOWN,0.0,0.0,0.0002,0.0096,0.0024,0.0003,0.1858,0.0001,0.0001
2024076502,0.9999,0.0144,0.9855,1,Safe Mechanical Lifting,HIGH,ACCEPT_MODEL_PREDICTED,MODEL_PREDICTED,0.0001,0.0,0.0105,0.0055,0.0002,0.0065,0.9999,0.0011,0.0144
2024076517,0.0021,0.0013,0.0008,0,NONE,NO_PREDICTION,REJECTED_ZERO_LABELS,UNKNOWN,0.0,0.0,0.0001,0.0013,0.0,0.0001,0.0021,0.0002,0.0008
2024076539,0.61,0.0057,0.6043,1,Driving,MEDIUM,SENT_TO_HUMAN_REVIEW,UNKNOWN,0.0017,0.0017,0.61,0.0057,0.0001,0.0007,0.0055,0.0047,0.0002
2024076540,0.0664,0.0054,0.061,0,NONE,NO_PREDICTION,REJECTED_ZERO_LABELS,UNKNOWN,0.0002,0.0003,0.0007,0.0004,0.0,0.0001,0.0664,0.0054,0.0002
2024076544,0.1046,0.0021,0.1025,0,NONE,NO_PREDICTION,REJECTED_ZERO_LABELS,UNKNOWN,0.0001,0.0002,0.0008,0.0006,0.0003,0.0007,0.0021,0.0013,0.1046
2024076546,0.9977,0.2395,0.7582,1,Working at Height,HIGH,ACCEPT_MODEL_PREDICTED,MODEL_PREDICTED,0.0002,0.0005,0.2395,0.009,0.0021,0.0011,0.0047,0.0027,0.9977
2024076589,0.0008,0.0006,0.0002,0,NONE,NO_PREDICTION,REJECTED_ZERO_LABELS,UNKNOWN,0.0,0.0001,0.0,0.0004,0.0002,0.0,0.0008,0.0006,0.0001
2024076651,0.4139,0.0718,0.3421,1,Line of Fire,LOW,REJECTED_LOW_CONFIDENCE,UNKNOWN,0.0059,0.0018,0.0024,0.0718,0.0001,0.4139,0.0027,0.0001,0.001
2024076809,0.7764,0.1799,0.5965,1,Energy Isolation,HIGH,ACCEPT_MODEL_PREDICTED,MODEL_PREDICTED,0.0002,0.0094,0.0,0.7764,0.1799,0.0006,0.0,0.0004,0.0002
2024076855,0.9967,0.0293,0.9674,1,Working at Height,HIGH,ACCEPT_MODEL_PREDICTED,MODEL_PREDICTED,0.0002,0.0005,0.0042,0.0293,0.0036,0.0006,0.0007,0.0017,0.9967
2024076873,0.0057,0.0041,0.0016,0,NONE,NO_PREDICTION,REJECTED_ZERO_LABELS,UNKNOWN,0.0002,0.0011,0.0,0.0057,0.0041,0.0011,0.0003,0.0002,0.0
2024076876,0.9453,0.6556,0.2897,2,Working at Height | Driving,HIGH,ACCEPT_MODEL_PREDICTED,MODEL_PREDICTED,0.001,0.0057,0.6556,0.0013,0.0097,0.0016,0.0027,0.0189,0.9453
2024076890,0.0772,0.0049,0.0723,0,NONE,NO_PREDICTION,REJECTED_ZERO_LABELS,UNKNOWN,0.0003,0.0001,0.001,0.0002,0.0,0.0772,0.0049,0.0,0.0004
2024076905,0.2881,0.2285,0.0596,0,NONE,NO_PREDICTION,REJECTED_ZERO_LABELS,UNKNOWN,0.0001,0.0003,0.0001,0.2881,0.0007,0.0007,0.0275,0.0003,0.2285
2024076916,0.2662,0.0199,0.2463,0,NONE,NO_PREDICTION,REJECTED_ZERO_LABELS,UNKNOWN,0.0007,0.0038,0.0002,0.2662,0.0018,0.0005,0.0,0.0002,0.0199
2024087010,0.012,0.0017,0.0103,0,NONE,NO_PREDICTION,REJECTED_ZERO_LABELS,UNKNOWN,0.0,0.0,0.0001,0.0012,0.0,0.0017,0.012,0.0,0.0007
2024087059,0.9954,0.098,0.8974,1,Hot Work,HIGH,ACCEPT_MODEL_PREDICTED,MODEL_PREDICTED,0.0001,0.098,0.0,0.0015,0.9954,0.0014,0.0001,0.0055,0.0
2024087099,0.9244,0.0096,0.9148,1,Driving,HIGH,ACCEPT_MODEL_PREDICTED,MODEL_PREDICTED,0.0017,0.0053,0.9244,0.0053,0.0015,0.0013,0.0088,0.0087,0.0096
2024087108,0.7192,0.1275,0.5917,1,Safe Mechanical Lifting,HIGH,ACCEPT_MODEL_PREDICTED,MODEL_PREDICTED,0.0003,0.0003,0.0019,0.1275,0.0,0.0009,0.7192,0.0061,0.0742
2024087156,0.9878,0.9588,0.029,2,Driving | Safe Mechanical Lifting,MEDIUM,SENT_TO_HUMAN_REVIEW,UNKNOWN,0.0054,0.0016,0.9878,0.2587,0.0012,0.0017,0.9588,0.0686,0.0059
2024087200,0.4405,0.0065,0.434,1,Working at Height,LOW,REJECTED_LOW_CONFIDENCE,UNKNOWN,0.0001,0.0001,0.0036,0.0002,0.0048,0.0045,0.0065,0.0004,0.4405
2024087244,0.735,0.0364,0.6986,1,Safe Mechanical Lifting,HIGH,ACCEPT_MODEL_PREDICTED,MODEL_PREDICTED,0.0001,0.0,0.0032,0.0008,0.0007,0.0364,0.735,0.0,0.0018
2024087293,0.0426,0.0327,0.0099,0,NONE,NO_PREDICTION,REJECTED_ZERO_LABELS,UNKNOWN,0.0006,0.0426,0.0005,0.0236,0.0327,0.0002,0.0,0.0083,0.0057
2024087451,0.7286,0.312,0.4166,2,Working at Height | Energy Isolation,HIGH,ACCEPT_MODEL_PREDICTED,MODEL_PREDICTED,0.0003,0.0006,0.0022,0.312,0.0002,0.0005,0.108,0.0067,0.7286
2024087478,0.0034,0.001,0.0024,0,NONE,NO_PREDICTION,REJECTED_ZERO_LABELS,UNKNOWN,0.0002,0.0001,0.0001,0.0034,0.0,0.0003,0.001,0.0002,0.0002
2024087540,0.7218,0.3443,0.3775,1,Work Authorization,HIGH,ACCEPT_MODEL_PREDICTED,MODEL_PREDICTED,0.0006,0.0956,0.0112,0.0156,0.3443,0.0001,0.0094,0.7218,0.1011
2024087656,0.0034,0.0015,0.0019,0,NONE,NO_PREDICTION,REJECTED_ZERO_LABELS,UNKNOWN,0.0,0.0,0.0001,0.0034,0.0001,0.0002,0.0015,0.0001,0.0011
2024087792,0.9841,0.0278,0.9563,1,Safe Mechanical Lifting,HIGH,ACCEPT_MODEL_PREDICTED,MODEL_PREDICTED,0.0004,0.0003,0.0124,0.0107,0.0006,0.0039,0.9841,0.0278,0.0128
2024087827,0.0041,0.004,0.0001,0,NONE,NO_PREDICTION,REJECTED_ZERO_LABELS,UNKNOWN,0.0004,0.0041,0.0002,0.0013,0.0038,0.0015,0.0002,0.0022,0.004
2024088010,0.9991,0.0464,0.9527,1,Hot Work,HIGH,ACCEPT_MODEL_PREDICTED,MODEL_PREDICTED,0.0001,0.0464,0.0,0.0159,0.9991,0.0005,0.0001,0.0094,0.0082
2024088049,0.0981,0.0016,0.0965,0,NONE,NO_PREDICTION,REJECTED_ZERO_LABELS,UNKNOWN,0.0008,0.0006,0.0009,0.0981,0.0,0.0016,0.0005,0.0005,0.001
2024098123,0.0247,0.0007,0.024,0,NONE,NO_PREDICTION,REJECTED_ZERO_LABELS,UNKNOWN,0.0,0.0001,0.0001,0.0007,0.0003,0.0,0.0,0.0001,0.0247
2024098152,0.0929,0.078,0.0149,0,NONE,NO_PREDICTION,REJECTED_ZERO_LABELS,UNKNOWN,0.0001,0.0002,0.0059,0.078,0.0001,0.0001,0.0929,0.0003,0.0
2024098171,0.9969,0.3036,0.6933,1,Energy Isolation,HIGH,ACCEPT_MODEL_PREDICTED,MODEL_PREDICTED,0.1054,0.3036,0.0118,0.9969,0.0128,0.0178,0.0292,0.0703,0.0076
2024098181,0.0058,0.0026,0.0032,0,NONE,NO_PREDICTION,REJECTED_ZERO_LABELS,UNKNOWN,0.0,0.0,0.0,0.0026,0.0001,0.0,0.0,0.0,0.0058
2024098203,0.9946,0.0058,0.9888,1,Driving,HIGH,ACCEPT_MODEL_PREDICTED,MODEL_PREDICTED,0.0007,0.0022,0.9946,0.0012,0.0005,0.0,0.0002,0.0058,0.0018
2024098218,0.1343,0.0108,0.1235,0,NONE,NO_PREDICTION,REJECTED_ZERO_LABELS,UNKNOWN,0.0001,0.0005,0.0001,0.0108,0.0036,0.0015,0.0001,0.0001,0.1343
2024098252,0.7018,0.355,0.3468,1,Energy Isolation,HIGH,ACCEPT_MODEL_PREDICTED,MODEL_PREDICTED,0.0005,0.0101,0.0,0.7018,0.355,0.0125,0.0024,0.0016,0.0018
2024098286,0.9218,0.0013,0.9205,1,Energy Isolation,HIGH,ACCEPT_MODEL_PREDICTED,MODEL_PREDICTED,0.0005,0.0005,0.0002,0.9218,0.0001,0.0,0.0,0.0001,0.0013
2024098326,0.0007,0.0004,0.0003,0,NONE,NO_PREDICTION,REJECTED_ZERO_LABELS,UNKNOWN,0.0,0.0,0.0,0.0001,0.0,0.0003,0.0004,0.0,0.0007
2024098347,0.0343,0.0012,0.0331,0,NONE,NO_PREDICTION,REJECTED_ZERO_LABELS,UNKNOWN,0.0001,0.0005,0.0343,0.0001,0.0012,0.0006,0.0,0.0001,0.0001
2024098388,0.0189,0.015,0.0039,0,NONE,NO_PREDICTION,REJECTED_ZERO_LABELS,UNKNOWN,0.0002,0.0189,0.0005,0.0032,0.015,0.0001,0.0,0.0124,0.0
2024098391,0.2369,0.0077,0.2292,0,NONE,NO_PREDICTION,REJECTED_ZERO_LABELS,UNKNOWN,0.0026,0.0077,0.0003,0.2369,0.0002,0.0026,0.0004,0.0027,0.0004
2024098429,0.0296,0.0091,0.0205,0,NONE,NO_PREDICTION,REJECTED_ZERO_LABELS,UNKNOWN,0.0,0.0001,0.0001,0.0024,0.0091,0.0004,0.0296,0.0001,0.0
2024098464,0.9946,0.5245,0.4701,2,Hot Work | Driving,HIGH,ACCEPT_MODEL_PREDICTED,MODEL_PREDICTED,0.0008,0.2216,0.5245,0.0075,0.9946,0.001,0.0089,0.3633,0.0103
2024098513,0.3635,0.2352,0.1283,2,Safe Mechanical Lifting | Line of Fire,LOW,REJECTED_LOW_CONFIDENCE,UNKNOWN,0.0003,0.0,0.0021,0.0031,0.0,0.2352,0.3635,0.0001,0.0518
2024098520,0.9973,0.0287,0.9686,1,Energy Isolation,HIGH,ACCEPT_MODEL_PREDICTED,MODEL_PREDICTED,0.0013,0.0071,0.0001,0.9973,0.0287,0.002,0.0023,0.0027,0.0262
2024098564,0.9948,0.0246,0.9702,1,Safe Mechanical Lifting,HIGH,ACCEPT_MODEL_PREDICTED,MODEL_PREDICTED,0.0004,0.0002,0.0075,0.0061,0.0012,0.0246,0.9948,0.001,0.0023
2024098614,0.0139,0.0114,0.0025,0,NONE,NO_PREDICTION,REJECTED_ZERO_LABELS,UNKNOWN,0.0001,0.0056,0.0,0.0047,0.0139,0.0,0.0001,0.0114,0.0002
2024098663,0.9555,0.0191,0.9364,1,Safe Mechanical Lifting,HIGH,ACCEPT_MODEL_PREDICTED,MODEL_PREDICTED,0.0001,0.0,0.0047,0.0191,0.0004,0.0017,0.9555,0.0006,0.0067
2024098672,0.2541,0.074,0.1801,0,NONE,NO_PREDICTION,REJECTED_ZERO_LABELS,UNKNOWN,0.0011,0.0029,0.0002,0.2541,0.0062,0.0224,0.0003,0.0005,0.074
2024098681,0.0039,0.0012,0.0027,0,NONE,NO_PREDICTION,REJECTED_ZERO_LABELS,UNKNOWN,0.0002,0.0001,0.0002,0.0039,0.0001,0.0012,0.0006,0.0001,0.0
2024098728,0.0214,0.0026,0.0188,0,NONE,NO_PREDICTION,REJECTED_ZERO_LABELS,UNKNOWN,0.0003,0.0002,0.0002,0.0026,0.0,0.0214,0.001,0.0,0.0008
2024098837,0.0079,0.0002,0.0077,0,NONE,NO_PREDICTION,REJECTED_ZERO_LABELS,UNKNOWN,0.0,0.0,0.0001,0.0001,0.0,0.0001,0.0079,0.0002,0.0001
2024098850,0.0097,0.0021,0.0076,0,NONE,NO_PREDICTION,REJECTED_ZERO_LABELS,UNKNOWN,0.0001,0.0002,0.0019,0.0097,0.0,0.0,0.0002,0.0002,0.0021
2024098894,0.0401,0.0047,0.0354,0,NONE,NO_PREDICTION,REJECTED_ZERO_LABELS,UNKNOWN,0.0002,0.0001,0.0002,0.0047,0.0002,0.0401,0.0011,0.0,0.0043
2024098909,0.5396,0.2481,0.2915,1,Safe Mechanical Lifting,MEDIUM,SENT_TO_HUMAN_REVIEW,UNKNOWN,0.0,0.0,0.0002,0.0133,0.002,0.0021,0.5396,0.0,0.2481
2024098993,0.0411,0.0194,0.0217,0,NONE,NO_PREDICTION,REJECTED_ZERO_LABELS,UNKNOWN,0.0,0.0001,0.0,0.0194,0.0019,0.0004,0.0006,0.0001,0.0411
2024099002,0.8757,0.0124,0.8633,1,Driving,HIGH,ACCEPT_MODEL_PREDICTED,MODEL_PREDICTED,0.0002,0.0016,0.8757,0.0001,0.0124,0.0005,0.0069,0.0064,0.0095
2024099043,0.9232,0.4071,0.5161,2,Safe Mechanical Lifting | Working at Height,HIGH,ACCEPT_MODEL_PREDICTED,MODEL_PREDICTED,0.0011,0.0014,0.06,0.0659,0.0031,0.0269,0.9232,0.0035,0.4071
2024099102,0.0475,0.0064,0.0411,0,NONE,NO_PREDICTION,REJECTED_ZERO_LABELS,UNKNOWN,0.0,0.0004,0.0,0.0064,0.0475,0.0001,0.0,0.0001,0.0
2024099144,0.5411,0.5228,0.0183,2,Line of Fire | Working at Height,MEDIUM,SENT_TO_HUMAN_REVIEW,UNKNOWN,0.0005,0.0002,0.002,0.0108,0.0018,0.5411,0.0099,0.0,0.5228
2024109160,0.999,0.8533,0.1457,2,Working at Height | Driving,MEDIUM,SENT_TO_HUMAN_REVIEW,UNKNOWN,0.0004,0.0009,0.8533,0.0036,0.0116,0.0054,0.1776,0.0138,0.999
2024109267,0.1266,0.007,0.1196,0,NONE,NO_PREDICTION,REJECTED_ZERO_LABELS,UNKNOWN,0.0002,0.0003,0.0005,0.0003,0.0015,0.1266,0.0006,0.0,0.007
2024109270,0.9978,0.118,0.8798,1,Energy Isolation,HIGH,ACCEPT_MODEL_PREDICTED,MODEL_PREDICTED,0.0218,0.0186,0.0,0.9978,0.0019,0.118,0.0002,0.0004,0.0005
2024109277,0.9977,0.0235,0.9742,1,Energy Isolation,HIGH,ACCEPT_MODEL_PREDICTED,MODEL_PREDICTED,0.0056,0.0235,0.0004,0.9977,0.0009,0.0014,0.0002,0.0027,0.0047
2024109330,0.9464,0.0031,0.9433,1,Safe Mechanical Lifting,HIGH,ACCEPT_MODEL_PREDICTED,MODEL_PREDICTED,0.0,0.0,0.0016,0.0031,0.0005,0.0015,0.9464,0.0002,0.0004
2024109364,0.9064,0.6899,0.2165,2,Safe Mechanical Lifting | Driving,HIGH,ACCEPT_MODEL_PREDICTED,MODEL_PREDICTED,0.0011,0.0005,0.6899,0.0035,0.0003,0.0086,0.9064,0.002,0.002
2024109377,0.7524,0.6973,0.0551,3,Working at Height | Energy Isolation | Safe Mechanical Lifting,MEDIUM,SENT_TO_HUMAN_REVIEW,UNKNOWN,0.0001,0.0001,0.0005,0.6973,0.0027,0.0012,0.6841,0.0006,0.7524
2024109430,0.9955,0.0111,0.9844,1,Hot Work,HIGH,ACCEPT_MODEL_PREDICTED,MODEL_PREDICTED,0.0,0.0111,0.0,0.0097,0.9955,0.0001,0.0001,0.0025,0.0001
2024109437,0.6142,0.1083,0.5059,1,Energy Isolation,MEDIUM,SENT_TO_HUMAN_REVIEW,UNKNOWN,0.0007,0.0152,0.0,0.6142,0.1083,0.0025,0.0001,0.0023,0.0001
2024109482,0.9979,0.1104,0.8875,1,Driving,HIGH,ACCEPT_MODEL_PREDICTED,MODEL_PREDICTED,0.0009,0.0004,0.9979,0.0002,0.0001,0.006,0.0012,0.0003,0.1104
2024109521,0.1863,0.0035,0.1828,0,NONE,NO_PREDICTION,REJECTED_ZERO_LABELS,UNKNOWN,0.0008,0.0007,0.0001,0.1863,0.0,0.0035,0.0023,0.0007,0.0004
2024109535,0.9779,0.1241,0.8538,1,Working at Height,HIGH,ACCEPT_MODEL_PREDICTED,MODEL_PREDICTED,0.0079,0.0162,0.1241,0.0554,0.1045,0.0176,0.0327,0.0731,0.9779
2024109570,0.9988,0.1156,0.8832,1,Line of Fire,HIGH,ACCEPT_MODEL_PREDICTED,MODEL_PREDICTED,0.0058,0.0009,0.0075,0.009,0.0088,0.9988,0.1156,0.0,0.0025
2024109587,0.2224,0.0057,0.2167,0,NONE,NO_PREDICTION,REJECTED_ZERO_LABELS,UNKNOWN,0.0,0.0001,0.0,0.0057,0.003,0.0,0.0004,0.0001,0.2224
2024109635,0.8357,0.0116,0.8241,1,Line of Fire,HIGH,ACCEPT_MODEL_PREDICTED,MODEL_PREDICTED,0.009,0.0024,0.0102,0.0116,0.0046,0.8357,0.0003,0.0001,0.0003
2024109644,0.9687,0.0263,0.9424,1,Hot Work,HIGH,ACCEPT_MODEL_PREDICTED,MODEL_PREDICTED,0.0002,0.0074,0.0,0.0046,0.9687,0.0095,0.0004,0.002,0.0263
2024109694,0.01,0.0056,0.0044,0,NONE,NO_PREDICTION,REJECTED_ZERO_LABELS,UNKNOWN,0.0,0.0001,0.0,0.0045,0.0056,0.0016,0.01,0.0001,0.0001
2024109696,0.0025,0.0014,0.0011,0,NONE,NO_PREDICTION,REJECTED_ZERO_LABELS,UNKNOWN,0.0001,0.0001,0.0001,0.001,0.0,0.0014,0.0001,0.0001,0.0025
2024109712,0.0035,0.0024,0.0011,0,NONE,NO_PREDICTION,REJECTED_ZERO_LABELS,UNKNOWN,0.0002,0.0003,0.0005,0.0005,0.0007,0.0035,0.0024,0.0003,0.0005
2024109723,0.1651,0.101,0.0641,0,NONE,NO_PREDICTION,REJECTED_ZERO_LABELS,UNKNOWN,0.0013,0.0025,0.0025,0.1651,0.0008,0.101,0.0009,0.0002,0.0302
2024109748,0.0023,0.001,0.0013,0,NONE,NO_PREDICTION,REJECTED_ZERO_LABELS,UNKNOWN,0.0,0.0001,0.0002,0.0009,0.0004,0.0001,0.001,0.0001,0.0023
2024109766,0.0164,0.0074,0.009,0,NONE,NO_PREDICTION,REJECTED_ZERO_LABELS,UNKNOWN,0.0001,0.0016,0.0001,0.0164,0.0074,0.0,0.0,0.0006,0.0004
2024109767,0.9927,0.0772,0.9155,1,Safe Mechanical Lifting,HIGH,ACCEPT_MODEL_PREDICTED,MODEL_PREDICTED,0.0003,0.0003,0.0772,0.0008,0.0006,0.0056,0.9927,0.0105,0.0116
2024109869,0.0706,0.0371,0.0335,0,NONE,NO_PREDICTION,REJECTED_ZERO_LABELS,UNKNOWN,0.0001,0.0001,0.0083,0.0015,0.0011,0.0149,0.0371,0.0002,0.0706
2024109902,0.0195,0.002,0.0175,0,NONE,NO_PREDICTION,REJECTED_ZERO_LABELS,UNKNOWN,0.0001,0.0005,0.002,0.0002,0.0,0.0002,0.0001,0.0003,0.0195
2024109910,0.2017,0.0118,0.1899,0,NONE,NO_PREDICTION,REJECTED_ZERO_LABELS,UNKNOWN,0.0001,0.0,0.0118,0.0002,0.0,0.0063,0.007,0.0001,0.2017
2024109922,0.7344,0.0113,0.7231,1,Energy Isolation,HIGH,ACCEPT_MODEL_PREDICTED,MODEL_PREDICTED,0.0001,0.0001,0.0002,0.7344,0.0001,0.0,0.0,0.0,0.0113
2024109936,0.1973,0.195,0.0023,0,NONE,NO_PREDICTION,REJECTED_ZERO_LABELS,UNKNOWN,0.0019,0.001,0.195,0.0012,0.0009,0.0828,0.1973,0.0005,0.0005
2024109959,0.9985,0.0642,0.9343,1,Working at Height,HIGH,ACCEPT_MODEL_PREDICTED,MODEL_PREDICTED,0.0005,0.0008,0.0307,0.0532,0.0032,0.0179,0.0642,0.002,0.9985
20241010077,0.0157,0.0075,0.0082,0,NONE,NO_PREDICTION,REJECTED_ZERO_LABELS,UNKNOWN,0.0004,0.0015,0.0157,0.0022,0.0026,0.0002,0.0033,0.0075,0.0
20241010101,0.6446,0.0728,0.5718,1,Line of Fire,MEDIUM,SENT_TO_HUMAN_REVIEW,UNKNOWN,0.0037,0.0019,0.0026,0.0728,0.0014,0.6446,0.0009,0.0002,0.0461
20241010175,0.0035,0.0009,0.0026,0,NONE,NO_PREDICTION,REJECTED_ZERO_LABELS,UNKNOWN,0.0003,0.0005,0.0004,0.0009,0.0001,0.0035,0.0,0.0001,0.0002
20241110203,0.9966,0.0329,0.9637,1,Driving,HIGH,ACCEPT_MODEL_PREDICTED,MODEL_PREDICTED,0.0029,0.0104,0.9966,0.0009,0.0016,0.0008,0.0001,0.0099,0.0329
20241110208,0.0183,0.0159,0.0024,0,NONE,NO_PREDICTION,REJECTED_ZERO_LABELS,UNKNOWN,0.0,0.0,0.0,0.0183,0.0007,0.0004,0.0159,0.0001,0.0006
20241110234,0.9989,0.01,0.9889,1,Driving,HIGH,ACCEPT_MODEL_PREDICTED,MODEL_PREDICTED,0.0053,0.0035,0.9989,0.0027,0.0016,0.0051,0.0024,0.0054,0.01
20241110237,0.3004,0.2599,0.0405,2,Energy Isolation | Working at Height,LOW,REJECTED_LOW_CONFIDENCE,UNKNOWN,0.0002,0.0081,0.0,0.3004,0.2137,0.0041,0.0015,0.0013,0.2599
20241110304,0.3298,0.0016,0.3282,1,Safe Mechanical Lifting,LOW,REJECTED_LOW_CONFIDENCE,UNKNOWN,0.0,0.0,0.0016,0.0,0.0002,0.0001,0.3298,0.0013,0.0013
20241110358,0.4658,0.0527,0.4131,1,Working at Height,MEDIUM,SENT_TO_HUMAN_REVIEW,UNKNOWN,0.0003,0.0001,0.0005,0.0527,0.0,0.0248,0.0002,0.0,0.4658
20241110477,0.9992,0.0866,0.9126,1,Energy Isolation,HIGH,ACCEPT_MODEL_PREDICTED,MODEL_PREDICTED,0.0101,0.0866,0.001,0.9992,0.0282,0.0017,0.005,0.0077,0.0006
20241110502,0.1568,0.0035,0.1533,0,NONE,NO_PREDICTION,REJECTED_ZERO_LABELS,UNKNOWN,0.0001,0.0001,0.0005,0.0035,0.0013,0.0002,0.1568,0.0003,0.0003
20241110508,0.5582,0.0045,0.5537,1,Energy Isolation,MEDIUM,SENT_TO_HUMAN_REVIEW,UNKNOWN,0.0003,0.002,0.0001,0.5582,0.0045,0.0009,0.0031,0.0012,0.0023
20241110523,0.0211,0.0077,0.0134,0,NONE,NO_PREDICTION,REJECTED_ZERO_LABELS,UNKNOWN,0.0001,0.0003,0.0211,0.0077,0.0001,0.0005,0.0001,0.0001,0.0018
20241110530,0.7221,0.2788,0.4433,1,Energy Isolation,HIGH,ACCEPT_MODEL_PREDICTED,MODEL_PREDICTED,0.0012,0.0187,0.0001,0.7221,0.2788,0.0093,0.0023,0.0039,0.0011
20241110579,0.0461,0.02,0.0261,0,NONE,NO_PREDICTION,REJECTED_ZERO_LABELS,UNKNOWN,0.001,0.0005,0.0003,0.02,0.0001,0.0461,0.0183,0.0002,0.0007
20241110682,0.3882,0.0226,0.3656,1,Line of Fire,LOW,REJECTED_LOW_CONFIDENCE,UNKNOWN,0.0031,0.0004,0.0109,0.0226,0.0,0.3882,0.0015,0.0001,0.0015
20241110724,0.3758,0.2415,0.1343,1,Line of Fire,LOW,REJECTED_LOW_CONFIDENCE,UNKNOWN,0.01,0.0632,0.1458,0.0969,0.2415,0.3758,0.1618,0.0073,0.0771
20241110727,0.5358,0.0136,0.5222,1,Working at Height,MEDIUM,SENT_TO_HUMAN_REVIEW,UNKNOWN,0.0002,0.0007,0.0007,0.0015,0.001,0.0136,0.0008,0.0003,0.5358
20241110810,0.0991,0.0009,0.0982,0,NONE,NO_PREDICTION,REJECTED_ZERO_LABELS,UNKNOWN,0.0,0.0004,0.0003,0.0009,0.0991,0.0001,0.0001,0.0003,0.0006
20241110847,0.9993,0.1406,0.8587,1,Hot Work,HIGH,ACCEPT_MODEL_PREDICTED,MODEL_PREDICTED,0.0001,0.1406,0.0,0.0046,0.9993,0.0003,0.0001,0.0071,0.0
20241110889,0.0441,0.0172,0.0269,0,NONE,NO_PREDICTION,REJECTED_ZERO_LABELS,UNKNOWN,0.0001,0.0037,0.001,0.0172,0.0441,0.0002,0.0,0.0017,0.0016
20241110910,0.9496,0.0667,0.8829,1,Hot Work,HIGH,ACCEPT_MODEL_PREDICTED,MODEL_PREDICTED,0.0003,0.0667,0.0215,0.0042,0.9496,0.0013,0.0,0.0069,0.0004
20241110922,0.0701,0.0209,0.0492,0,NONE,NO_PREDICTION,REJECTED_ZERO_LABELS,UNKNOWN,0.0008,0.0032,0.0179,0.0081,0.0209,0.0173,0.0701,0.0021,0.0002
20241110946,0.0256,0.0052,0.0204,0,NONE,NO_PREDICTION,REJECTED_ZERO_LABELS,UNKNOWN,0.0,0.0,0.0001,0.0052,0.0003,0.0,0.0256,0.0001,0.0049
20241110952,0.0027,0.0016,0.0011,0,NONE,NO_PREDICTION,REJECTED_ZERO_LABELS,UNKNOWN,0.0,0.0002,0.0,0.0027,0.0006,0.0001,0.0,0.0,0.0016
20241110999,0.0269,0.0215,0.0054,0,NONE,NO_PREDICTION,REJECTED_ZERO_LABELS,UNKNOWN,0.0001,0.0001,0.001,0.0007,0.0001,0.0215,0.0006,0.0,0.0269
20241211081,0.0396,0.0013,0.0383,0,NONE,NO_PREDICTION,REJECTED_ZERO_LABELS,UNKNOWN,0.0,0.0001,0.0001,0.0013,0.0004,0.0,0.0002,0.0003,0.0396
20241211100,0.9974,0.0109,0.9865,1,Working at Height,HIGH,ACCEPT_MODEL_PREDICTED,MODEL_PREDICTED,0.0001,0.0001,0.001,0.0109,0.0006,0.0021,0.0005,0.0002,0.9974
20241211139,0.0021,0.0012,0.0009,0,NONE,NO_PREDICTION,REJECTED_ZERO_LABELS,UNKNOWN,0.0,0.0003,0.0001,0.0012,0.0021,0.0,0.0005,0.0012,0.0009
20241211220,0.0012,0.0009,0.0003,0,NONE,NO_PREDICTION,REJECTED_ZERO_LABELS,UNKNOWN,0.0,0.0,0.0001,0.0009,0.0,0.0,0.0,0.0,0.0012
20241211224,0.6752,0.3225,0.3527,2,Hot Work | Driving,MEDIUM,SENT_TO_HUMAN_REVIEW,UNKNOWN,0.0004,0.0241,0.3225,0.0057,0.6752,0.001,0.0384,0.0578,0.1491
20241211244,0.8694,0.1002,0.7692,1,Safe Mechanical Lifting,HIGH,ACCEPT_MODEL_PREDICTED,MODEL_PREDICTED,0.0009,0.0014,0.0597,0.0989,0.0004,0.0001,0.8694,0.1002,0.0234
20241211278,0.2277,0.0206,0.2071,0,NONE,NO_PREDICTION,REJECTED_ZERO_LABELS,UNKNOWN,0.0004,0.0141,0.0,0.005,0.2277,0.0206,0.0005,0.0012,0.0
20241211318,0.937,0.0171,0.9199,1,Working at Height,HIGH,ACCEPT_MODEL_PREDICTED,MODEL_PREDICTED,0.0008,0.0011,0.016,0.0171,0.002,0.0111,0.0086,0.002,0.937
20241211383,0.0121,0.0069,0.0052,0,NONE,NO_PREDICTION,REJECTED_ZERO_LABELS,UNKNOWN,0.0,0.0002,0.0,0.0069,0.0121,0.0,0.0,0.0001,0.0009
20241211420,0.0024,0.0005,0.0019,0,NONE,NO_PREDICTION,REJECTED_ZERO_LABELS,UNKNOWN,0.0,0.0,0.0002,0.0005,0.0,0.0003,0.0024,0.0,0.0001
20241211461,0.9835,0.0631,0.9204,1,Safe Mechanical Lifting,HIGH,ACCEPT_MODEL_PREDICTED,MODEL_PREDICTED,0.0009,0.0025,0.0204,0.0347,0.0051,0.0099,0.9835,0.0201,0.0631
20241211491,0.3276,0.2573,0.0703,2,Safe Mechanical Lifting | Driving,LOW,REJECTED_LOW_CONFIDENCE,UNKNOWN,0.0003,0.0051,0.2573,0.0014,0.1216,0.0017,0.3276,0.0788,0.1579
20241211610,0.0013,0.0005,0.0008,0,NONE,NO_PREDICTION,REJECTED_ZERO_LABELS,UNKNOWN,0.0,0.0,0.0,0.0013,0.0,0.0003,0.0001,0.0,0.0005
20241211667,0.0437,0.0059,0.0378,0,NONE,NO_PREDICTION,REJECTED_ZERO_LABELS,UNKNOWN,0.0003,0.0001,0.0004,0.0059,0.0,0.0437,0.0004,0.0,0.0001
20241211746,0.3467,0.2637,0.083,0,NONE,NO_PREDICTION,REJECTED_ZERO_LABELS,UNKNOWN,0.0028,0.1524,0.0001,0.2637,0.3467,0.004,0.0,0.0036,0.0
20241211763,0.012,0.0014,0.0106,0,NONE,NO_PREDICTION,REJECTED_ZERO_LABELS,UNKNOWN,0.0,0.0002,0.0,0.012,0.0,0.0001,0.0001,0.0001,0.0014
20241211764,0.9994,0.2345,0.7649,1,Hot Work,HIGH,ACCEPT_MODEL_PREDICTED,MODEL_PREDICTED,0.0,0.0213,0.0,0.2345,0.9994,0.0003,0.0007,0.0022,0.0003
20241211769,0.9987,0.0113,0.9874,1,Working at Height,HIGH,ACCEPT_MODEL_PREDICTED,MODEL_PREDICTED,0.0002,0.001,0.0057,0.0113,0.0026,0.0014,0.004,0.0055,0.9987
20241211799,0.9575,0.5393,0.4182,2,Safe Mechanical Lifting | Driving,HIGH,ACCEPT_MODEL_PREDICTED,MODEL_PREDICTED,0.0015,0.0015,0.5393,0.1637,0.0049,0.0005,0.9575,0.0359,0.0064
20241211880,0.5617,0.0247,0.537,1,Hot Work,MEDIUM,SENT_TO_HUMAN_REVIEW,UNKNOWN,0.0003,0.0125,0.0004,0.0247,0.5617,0.0016,0.0,0.0007,0.0013
2025010048,0.3597,0.2435,0.1162,1,Safe Mechanical Lifting,LOW,REJECTED_LOW_CONFIDENCE,UNKNOWN,0.0007,0.0009,0.0005,0.2435,0.0026,0.0009,0.3597,0.0091,0.0173
2025010091,0.0091,0.0016,0.0075,0,NONE,NO_PREDICTION,REJECTED_ZERO_LABELS,UNKNOWN,0.0,0.0001,0.0001,0.0016,0.0001,0.0,0.0001,0.0001,0.0091
2025010106,0.007,0.0006,0.0064,0,NONE,NO_PREDICTION,REJECTED_ZERO_LABELS,UNKNOWN,0.0,0.0001,0.0003,0.0006,0.007,0.0004,0.0003,0.0001,0.0001
2025010111,0.2453,0.0045,0.2408,0,NONE,NO_PREDICTION,REJECTED_ZERO_LABELS,UNKNOWN,0.0,0.0002,0.0001,0.0045,0.0004,0.0007,0.0,0.0,0.2453
2025010135,0.0491,0.0084,0.0407,0,NONE,NO_PREDICTION,REJECTED_ZERO_LABELS,UNKNOWN,0.0,0.001,0.0003,0.0026,0.0035,0.0,0.0049,0.0084,0.0491
2025010176,0.0933,0.0066,0.0867,0,NONE,NO_PREDICTION,REJECTED_ZERO_LABELS,UNKNOWN,0.0001,0.0003,0.0002,0.0933,0.0026,0.0001,0.0066,0.0006,0.0001
2025010347,0.0009,0.0002,0.0007,0,NONE,NO_PREDICTION,REJECTED_ZERO_LABELS,UNKNOWN,0.0,0.0001,0.0001,0.0002,0.0,0.0,0.0009,0.0002,0.0
2025010356,0.0113,0.0003,0.011,0,NONE,NO_PREDICTION,REJECTED_ZERO_LABELS,UNKNOWN,0.0,0.0,0.0001,0.0003,0.0001,0.0003,0.0113,0.0001,0.0003
2025010412,0.1981,0.0018,0.1963,0,NONE,NO_PREDICTION,REJECTED_ZERO_LABELS,UNKNOWN,0.0,0.0,0.0,0.0018,0.0004,0.0006,0.0,0.0,0.1981
2025010469,1.0,0.1263,0.8737,1,Hot Work,HIGH,ACCEPT_MODEL_PREDICTED,MODEL_PREDICTED,0.0001,0.1263,0.0001,0.0112,1.0,0.0027,0.0009,0.0048,0.0003
2025010515,0.9931,0.5555,0.4376,2,Driving | Working at Height,HIGH,ACCEPT_MODEL_PREDICTED,MODEL_PREDICTED,0.0013,0.0009,0.9931,0.0036,0.0001,0.0003,0.0003,0.0024,0.5555
2025010579,0.0198,0.01,0.0098,0,NONE,NO_PREDICTION,REJECTED_ZERO_LABELS,UNKNOWN,0.0001,0.0001,0.0004,0.0005,0.0,0.01,0.0005,0.0001,0.0198
2025010588,0.0014,0.0007,0.0007,0,NONE,NO_PREDICTION,REJECTED_ZERO_LABELS,UNKNOWN,0.0,0.0,0.0001,0.0,0.0005,0.0014,0.0007,0.0,0.0
2025010601,0.9917,0.9626,0.0291,2,Safe Mechanical Lifting | Line of Fire,MEDIUM,SENT_TO_HUMAN_REVIEW,UNKNOWN,0.004,0.0009,0.0396,0.034,0.0695,0.9626,0.9917,0.0002,0.0043
2025010603,0.6561,0.0188,0.6373,1,Energy Isolation,MEDIUM,SENT_TO_HUMAN_REVIEW,UNKNOWN,0.001,0.0188,0.0009,0.6561,0.003,0.0,0.0001,0.0119,0.0057
2025010693,0.1016,0.0135,0.0881,0,NONE,NO_PREDICTION,REJECTED_ZERO_LABELS,UNKNOWN,0.0013,0.0006,0.003,0.0135,0.0,0.1016,0.0029,0.0001,0.0115
2025010726,0.6897,0.0028,0.6869,1,Safe Mechanical Lifting,MEDIUM,SENT_TO_HUMAN_REVIEW,UNKNOWN,0.0001,0.0001,0.0005,0.0015,0.0003,0.0002,0.6897,0.0028,0.0008
2025010786,0.004,0.0037,0.0003,0,NONE,NO_PREDICTION,REJECTED_ZERO_LABELS,UNKNOWN,0.0,0.0004,0.0,0.004,0.0037,0.0001,0.0,0.0001,0.0005
2025010829,0.0852,0.0439,0.0413,0,NONE,NO_PREDICTION,REJECTED_ZERO_LABELS,UNKNOWN,0.0006,0.042,0.0046,0.0422,0.0852,0.0002,0.0,0.0439,0.0025
2025010852,0.9912,0.499,0.4922,1,Energy Isolation,HIGH,ACCEPT_MODEL_PREDICTED,MODEL_PREDICTED,0.0385,0.499,0.014,0.9912,0.1836,0.0048,0.0069,0.0958,0.0004
2025010866,0.0446,0.002,0.0426,0,NONE,NO_PREDICTION,REJECTED_ZERO_LABELS,UNKNOWN,0.0004,0.0003,0.0005,0.002,0.0,0.0016,0.0446,0.0016,0.0006
2025010887,0.0073,0.0005,0.0068,0,NONE,NO_PREDICTION,REJECTED_ZERO_LABELS,UNKNOWN,0.0,0.0,0.0001,0.0004,0.0,0.0005,0.0073,0.0,0.0003
2025010920,0.9926,0.0223,0.9703,1,Energy Isolation,HIGH,ACCEPT_MODEL_PREDICTED,MODEL_PREDICTED,0.0019,0.0223,0.0001,0.9926,0.0223,0.0004,0.0003,0.0033,0.0
2025010924,0.9464,0.0793,0.8671,1,Safe Mechanical Lifting,HIGH,ACCEPT_MODEL_PREDICTED,MODEL_PREDICTED,0.0001,0.0001,0.0002,0.0793,0.0006,0.0009,0.9464,0.0009,0.0006
2025010937,0.6991,0.0529,0.6462,1,Hot Work,MEDIUM,SENT_TO_HUMAN_REVIEW,UNKNOWN,0.0,0.011,0.0,0.0529,0.6991,0.0,0.0001,0.0047,0.0003
2025010976,0.8637,0.1064,0.7573,1,Energy Isolation,HIGH,ACCEPT_MODEL_PREDICTED,MODEL_PREDICTED,0.0001,0.0055,0.0,0.8637,0.1064,0.0,0.0005,0.004,0.0006
2025010998,0.375,0.092,0.283,1,Energy Isolation,LOW,REJECTED_LOW_CONFIDENCE,UNKNOWN,0.0005,0.0007,0.0001,0.375,0.0001,0.0005,0.0007,0.0016,0.092
2025011024,0.0009,0.0007,0.0002,0,NONE,NO_PREDICTION,REJECTED_ZERO_LABELS,UNKNOWN,0.0,0.0002,0.0,0.0009,0.0007,0.0,0.0004,0.0002,0.0
2025021033,0.9913,0.3063,0.685,2,Safe Mechanical Lifting | Line of Fire,HIGH,ACCEPT_MODEL_PREDICTED,MODEL_PREDICTED,0.0006,0.0002,0.0009,0.0985,0.0153,0.3063,0.9913,0.0004,0.0009
2025021042,0.9591,0.5813,0.3778,2,Energy Isolation | Hot Work,HIGH,ACCEPT_MODEL_PREDICTED,MODEL_PREDICTED,0.0007,0.1007,0.0002,0.9591,0.5813,0.0001,0.0,0.0169,0.0026
2025021062,0.0408,0.0385,0.0023,0,NONE,NO_PREDICTION,REJECTED_ZERO_LABELS,UNKNOWN,0.0001,0.0002,0.0,0.0408,0.0005,0.0001,0.0,0.0,0.0385
2025021073,0.1011,0.0376,0.0635,0,NONE,NO_PREDICTION,REJECTED_ZERO_LABELS,UNKNOWN,0.0007,0.0096,0.0058,0.0243,0.0115,0.0029,0.1011,0.0376,0.0005
2025021075,0.4096,0.0228,0.3868,0,NONE,NO_PREDICTION,REJECTED_ZERO_LABELS,UNKNOWN,0.0,0.0006,0.0228,0.0002,0.4096,0.0005,0.0035,0.0005,0.0001
2025021078,0.9974,0.0056,0.9918,1,Energy Isolation,HIGH,ACCEPT_MODEL_PREDICTED,MODEL_PREDICTED,0.0002,0.0036,0.0,0.9974,0.0056,0.0,0.0056,0.0042,0.0002
2025021117,0.9975,0.0217,0.9758,1,Safe Mechanical Lifting,HIGH,ACCEPT_MODEL_PREDICTED,MODEL_PREDICTED,0.0004,0.0004,0.0217,0.01,0.0006,0.0023,0.9975,0.0102,0.0115
2025021221,0.8107,0.0014,0.8093,1,Working at Height,HIGH,ACCEPT_MODEL_PREDICTED,MODEL_PREDICTED,0.0,0.0001,0.0002,0.0008,0.0014,0.0001,0.0001,0.0003,0.8107
2025021232,0.0185,0.0113,0.0072,0,NONE,NO_PREDICTION,REJECTED_ZERO_LABELS,UNKNOWN,0.0002,0.0113,0.0005,0.0185,0.0097,0.0002,0.0009,0.0109,0.0
2025021270,0.513,0.0041,0.5089,1,Working at Height,MEDIUM,SENT_TO_HUMAN_REVIEW,UNKNOWN,0.0002,0.001,0.0011,0.0041,0.0029,0.0008,0.0001,0.0004,0.513
2025021297,0.9993,0.0434,0.9559,1,Hot Work,HIGH,ACCEPT_MODEL_PREDICTED,MODEL_PREDICTED,0.0002,0.0434,0.0001,0.0374,0.9993,0.0057,0.0067,0.0046,0.0004
2025021337,0.031,0.0016,0.0294,0,NONE,NO_PREDICTION,REJECTED_ZERO_LABELS,UNKNOWN,0.0,0.0003,0.0001,0.0013,0.0016,0.0001,0.0,0.0003,0.031
2025021358,0.0107,0.0107,0.0,0,NONE,NO_PREDICTION,REJECTED_ZERO_LABELS,UNKNOWN,0.0023,0.0107,0.002,0.0092,0.0016,0.0107,0.0022,0.0032,0.0009
2025021422,0.9997,0.0114,0.9883,1,Safe Mechanical Lifting,HIGH,ACCEPT_MODEL_PREDICTED,MODEL_PREDICTED,0.0001,0.0,0.0054,0.0052,0.0005,0.0014,0.9997,0.0015,0.0114
2025021453,0.9853,0.0075,0.9778,1,Energy Isolation,HIGH,ACCEPT_MODEL_PREDICTED,MODEL_PREDICTED,0.0015,0.0075,0.0,0.9853,0.0002,0.0001,0.0,0.0011,0.0001
2025021525,0.0011,0.0005,0.0006,0,NONE,NO_PREDICTION,REJECTED_ZERO_LABELS,UNKNOWN,0.0,0.0005,0.0,0.0003,0.0011,0.0001,0.0,0.0002,0.0
2025021527,0.1313,0.0818,0.0495,0,NONE,NO_PREDICTION,REJECTED_ZERO_LABELS,UNKNOWN,0.0004,0.0531,0.001,0.0021,0.0818,0.0001,0.0005,0.1313,0.0005
2025021617,0.0006,0.0004,0.0002,0,NONE,NO_PREDICTION,REJECTED_ZERO_LABELS,UNKNOWN,0.0,0.0002,0.0,0.0006,0.0001,0.0004,0.0,0.0,0.0001
2025021642,0.9953,0.0483,0.947,1,Hot Work,HIGH,ACCEPT_MODEL_PREDICTED,MODEL_PREDICTED,0.0,0.0036,0.0,0.0035,0.9953,0.0005,0.0,0.0003,0.0483
2025021657,0.1119,0.0167,0.0952,0,NONE,NO_PREDICTION,REJECTED_ZERO_LABELS,UNKNOWN,0.0001,0.0001,0.0001,0.1119,0.0005,0.0007,0.0167,0.0001,0.0044
2025021658,0.9943,0.0182,0.9761,1,Safe Mechanical Lifting,HIGH,ACCEPT_MODEL_PREDICTED,MODEL_PREDICTED,0.0001,0.0001,0.0182,0.0065,0.0011,0.0007,0.9943,0.0023,0.0026
2025021704,0.0023,0.0013,0.001,0,NONE,NO_PREDICTION,REJECTED_ZERO_LABELS,UNKNOWN,0.0,0.0002,0.0003,0.0002,0.0002,0.0,0.0023,0.0013,0.0
2025021767,0.0108,0.0058,0.005,0,NONE,NO_PREDICTION,REJECTED_ZERO_LABELS,UNKNOWN,0.0,0.0,0.0,0.0032,0.0108,0.0058,0.0057,0.0,0.001
2025021944,0.8136,0.1842,0.6294,1,Safe Mechanical Lifting,HIGH,ACCEPT_MODEL_PREDICTED,MODEL_PREDICTED,0.0003,0.0001,0.0033,0.1842,0.0037,0.0097,0.8136,0.0004,0.0889
2025021970,0.1718,0.0111,0.1607,0,NONE,NO_PREDICTION,REJECTED_ZERO_LABELS,UNKNOWN,0.0033,0.003,0.0111,0.0043,0.0002,0.1718,0.0086,0.0009,0.0103
2025032020,0.992,0.444,0.548,2,Working at Height | Safe Mechanical Lifting,HIGH,ACCEPT_MODEL_PREDICTED,MODEL_PREDICTED,0.0005,0.0009,0.0559,0.1611,0.0021,0.0015,0.444,0.0111,0.992
2025032029,0.4663,0.0056,0.4607,1,Energy Isolation,MEDIUM,SENT_TO_HUMAN_REVIEW,UNKNOWN,0.0006,0.0056,0.0002,0.4663,0.0052,0.0014,0.0,0.0003,0.0011
2025032085,0.0501,0.0227,0.0274,0,NONE,NO_PREDICTION,REJECTED_ZERO_LABELS,UNKNOWN,0.0002,0.0023,0.0003,0.0501,0.0018,0.0003,0.0227,0.0048,0.0001
2025032104,0.9996,0.1081,0.8915,1,Safe Mechanical Lifting,HIGH,ACCEPT_MODEL_PREDICTED,MODEL_PREDICTED,0.007,0.0017,0.0942,0.1081,0.0005,0.0208,0.9996,0.0341,0.0107
2025032125,0.0155,0.0024,0.0131,0,NONE,NO_PREDICTION,REJECTED_ZERO_LABELS,UNKNOWN,0.0,0.0,0.0001,0.0002,0.0,0.0,0.0024,0.0001,0.0155
2025032146,0.6091,0.019,0.5901,1,Driving,MEDIUM,SENT_TO_HUMAN_REVIEW,UNKNOWN,0.0002,0.0003,0.6091,0.0021,0.0,0.0002,0.0007,0.0008,0.019
2025032160,0.0044,0.0004,0.004,0,NONE,NO_PREDICTION,REJECTED_ZERO_LABELS,UNKNOWN,0.0,0.0001,0.0004,0.0001,0.0001,0.0001,0.0,0.0,0.0044
2025032196,0.9618,0.0133,0.9485,1,Line of Fire,HIGH,ACCEPT_MODEL_PREDICTED,MODEL_PREDICTED,0.006,0.001,0.0009,0.0133,0.0005,0.9618,0.0011,0.0,0.0018
2025032225,0.9974,0.0137,0.9837,1,Driving,HIGH,ACCEPT_MODEL_PREDICTED,MODEL_PREDICTED,0.0031,0.0032,0.9974,0.001,0.0038,0.0042,0.0034,0.0092,0.0137
2025032239,0.9978,0.0056,0.9922,1,Energy Isolation,HIGH,ACCEPT_MODEL_PREDICTED,MODEL_PREDICTED,0.0023,0.0056,0.0,0.9978,0.0015,0.001,0.0001,0.0003,0.0
2025032241,0.2358,0.0039,0.2319,0,NONE,NO_PREDICTION,REJECTED_ZERO_LABELS,UNKNOWN,0.0,0.0,0.0001,0.0013,0.0002,0.0001,0.0039,0.0001,0.2358
2025032244,0.0211,0.0126,0.0085,0,NONE,NO_PREDICTION,REJECTED_ZERO_LABELS,UNKNOWN,0.0,0.0001,0.0,0.0211,0.0014,0.0003,0.0028,0.0001,0.0126
2025032248,0.0087,0.0021,0.0066,0,NONE,NO_PREDICTION,REJECTED_ZERO_LABELS,UNKNOWN,0.0005,0.0004,0.0003,0.0009,0.0001,0.0087,0.0021,0.0005,0.0001
2025032327,0.2744,0.1559,0.1185,0,NONE,NO_PREDICTION,REJECTED_ZERO_LABELS,UNKNOWN,0.0239,0.2744,0.0029,0.1559,0.0015,0.0098,0.0004,0.1299,0.0001
2025032361,0.9978,0.0582,0.9396,1,Energy Isolation,HIGH,ACCEPT_MODEL_PREDICTED,MODEL_PREDICTED,0.0052,0.0582,0.0002,0.9978,0.0053,0.0004,0.0001,0.0054,0.0013
2025032365,0.9958,0.3317,0.6641,2,Energy Isolation | Driving,HIGH,ACCEPT_MODEL_PREDICTED,MODEL_PREDICTED,0.0444,0.1243,0.3317,0.9958,0.0029,0.0004,0.0004,0.0452,0.0038
2025032390,0.4673,0.0158,0.4515,1,Energy Isolation,MEDIUM,SENT_TO_HUMAN_REVIEW,UNKNOWN,0.0003,0.0026,0.0011,0.4673,0.0007,0.0,0.0,0.0006,0.0158
2025032411,0.3554,0.1028,0.2526,1,Driving,LOW,REJECTED_LOW_CONFIDENCE,UNKNOWN,0.0016,0.0182,0.3554,0.017,0.0049,0.0006,0.0043,0.1028,0.0252
2025032450,0.0237,0.0102,0.0135,0,NONE,NO_PREDICTION,REJECTED_ZERO_LABELS,UNKNOWN,0.0015,0.0102,0.0006,0.0072,0.0077,0.0237,0.0,0.0004,0.002
2025032488,0.6857,0.3046,0.3811,2,Working at Height | Energy Isolation,MEDIUM,SENT_TO_HUMAN_REVIEW,UNKNOWN,0.0025,0.017,0.1044,0.3046,0.0077,0.0054,0.0026,0.0325,0.6857
2025032548,0.031,0.0018,0.0292,0,NONE,NO_PREDICTION,REJECTED_ZERO_LABELS,UNKNOWN,0.0002,0.0,0.0001,0.031,0.0,0.0018,0.0,0.0,0.0002
2025032579,0.4742,0.3074,0.1668,2,Safe Mechanical Lifting | Line of Fire,MEDIUM,SENT_TO_HUMAN_REVIEW,UNKNOWN,0.0034,0.0027,0.1505,0.1514,0.0143,0.3074,0.4742,0.0004,0.016
2025032662,0.0084,0.0038,0.0046,0,NONE,NO_PREDICTION,REJECTED_ZERO_LABELS,UNKNOWN,0.0001,0.0001,0.0,0.0038,0.0005,0.0084,0.0001,0.0,0.0
2025032682,0.3383,0.0656,0.2727,0,NONE,NO_PREDICTION,REJECTED_ZERO_LABELS,UNKNOWN,0.0017,0.0229,0.0015,0.006,0.3383,0.0656,0.0072,0.0102,0.0003
2025032724,0.0012,0.0007,0.0005,0,NONE,NO_PREDICTION,REJECTED_ZERO_LABELS,UNKNOWN,0.0,0.0002,0.0,0.0007,0.0003,0.0,0.0,0.0001,0.0012
2025032785,0.0013,0.0013,0.0,0,NONE,NO_PREDICTION,REJECTED_ZERO_LABELS,UNKNOWN,0.0,0.0001,0.0,0.0013,0.0013,0.0001,0.0002,0.0001,0.0004
2025032811,0.0094,0.0036,0.0058,0,NONE,NO_PREDICTION,REJECTED_ZERO_LABELS,UNKNOWN,0.0006,0.0009,0.0006,0.0094,0.0,0.0036,0.0027,0.0007,0.0022
2025032922,0.9775,0.6257,0.3518,2,Working at Height | Energy Isolation,HIGH,ACCEPT_MODEL_PREDICTED,MODEL_PREDICTED,0.0004,0.002,0.0021,0.6257,0.0109,0.0011,0.012,0.008,0.9775
2025032938,0.2358,0.1324,0.1034,0,NONE,NO_PREDICTION,REJECTED_ZERO_LABELS,UNKNOWN,0.0017,0.0005,0.0011,0.2358,0.0001,0.0292,0.1324,0.0005,0.0031
2025032939,0.4245,0.2674,0.1571,2,Energy Isolation | Working at Height,LOW,REJECTED_LOW_CONFIDENCE,UNKNOWN,0.0009,0.006,0.0016,0.4245,0.003,0.0041,0.0075,0.0087,0.2674
2025032952,0.0015,0.0014,0.0001,0,NONE,NO_PREDICTION,REJECTED_ZERO_LABELS,UNKNOWN,0.0,0.0,0.0005,0.0015,0.0003,0.0001,0.0014,0.0002,0.0004
2025032979,0.7136,0.0583,0.6553,1,Energy Isolation,HIGH,ACCEPT_MODEL_PREDICTED,MODEL_PREDICTED,0.0067,0.024,0.0036,0.7136,0.0034,0.0176,0.0583,0.009,0.0513
2025032986,0.8269,0.0443,0.7826,1,Safe Mechanical Lifting,HIGH,ACCEPT_MODEL_PREDICTED,MODEL_PREDICTED,0.0005,0.0011,0.0075,0.0443,0.0062,0.0007,0.8269,0.0179,0.0007
2025032997,0.1292,0.0065,0.1227,0,NONE,NO_PREDICTION,REJECTED_ZERO_LABELS,UNKNOWN,0.0005,0.0017,0.005,0.0027,0.0004,0.0002,0.0008,0.0065,0.1292
2025032998,0.9992,0.0139,0.9853,1,Hot Work,HIGH,ACCEPT_MODEL_PREDICTED,MODEL_PREDICTED,0.0,0.0139,0.0,0.002,0.9992,0.0006,0.0002,0.0006,0.0
2025043094,0.9703,0.1627,0.8076,1,Safe Mechanical Lifting,HIGH,ACCEPT_MODEL_PREDICTED,MODEL_PREDICTED,0.0001,0.0005,0.0007,0.1627,0.0038,0.0018,0.9703,0.0051,0.0275
2025043227,0.8869,0.768,0.1189,2,Line of Fire | Working at Height,MEDIUM,SENT_TO_HUMAN_REVIEW,UNKNOWN,0.0017,0.0002,0.0458,0.0057,0.0006,0.8869,0.0079,0.0001,0.768
2025043235,0.9989,0.0374,0.9615,1,Energy Isolation,HIGH,ACCEPT_MODEL_PREDICTED,MODEL_PREDICTED,0.0027,0.0113,0.0,0.9989,0.0227,0.0055,0.0033,0.0011,0.0374
2025043243,0.015,0.0006,0.0144,0,NONE,NO_PREDICTION,REJECTED_ZERO_LABELS,UNKNOWN,0.0,0.0002,0.0,0.0006,0.015,0.0,0.0,0.0003,0.0001
2025043267,0.9999,0.0943,0.9056,1,Safe Mechanical Lifting,HIGH,ACCEPT_MODEL_PREDICTED,MODEL_PREDICTED,0.0003,0.0001,0.0943,0.0234,0.0072,0.0098,0.9999,0.0045,0.0153
2025043278,0.0333,0.0029,0.0304,0,NONE,NO_PREDICTION,REJECTED_ZERO_LABELS,UNKNOWN,0.0005,0.0002,0.0001,0.0025,0.0,0.0333,0.0029,0.0002,0.0007
2025043298,0.9795,0.571,0.4085,2,Driving | Working at Height,HIGH,ACCEPT_MODEL_PREDICTED,MODEL_PREDICTED,0.0035,0.0031,0.9795,0.0853,0.0021,0.0034,0.0303,0.0082,0.571
2025043319,0.173,0.0097,0.1633,0,NONE,NO_PREDICTION,REJECTED_ZERO_LABELS,UNKNOWN,0.0001,0.001,0.0003,0.0097,0.0054,0.0015,0.0002,0.0002,0.173
2025043332,0.0008,0.0001,0.0007,0,NONE,NO_PREDICTION,REJECTED_ZERO_LABELS,UNKNOWN,0.0,0.0,0.0,0.0001,0.0,0.0,0.0008,0.0,0.0
2025043356,0.0083,0.0035,0.0048,0,NONE,NO_PREDICTION,REJECTED_ZERO_LABELS,UNKNOWN,0.0,0.0001,0.0001,0.0035,0.0001,0.0,0.0083,0.0006,0.0
2025043363,0.0037,0.0005,0.0032,0,NONE,NO_PREDICTION,REJECTED_ZERO_LABELS,UNKNOWN,0.0,0.0,0.0,0.0005,0.0037,0.0001,0.0004,0.0,0.0
2025043560,0.9899,0.9748,0.0151,2,Energy Isolation | Hot Work,MEDIUM,SENT_TO_HUMAN_REVIEW,UNKNOWN,0.0005,0.1661,0.0002,0.9899,0.9748,0.0001,0.0023,0.024,0.0029
2025043575,0.0118,0.0109,0.0009,0,NONE,NO_PREDICTION,REJECTED_ZERO_LABELS,UNKNOWN,0.0002,0.0001,0.0005,0.0003,0.0002,0.0109,0.0118,0.0001,0.0
2025043606,0.8413,0.6098,0.2315,2,Working at Height | Safe Mechanical Lifting,HIGH,ACCEPT_MODEL_PREDICTED,MODEL_PREDICTED,0.0005,0.0023,0.0275,0.1985,0.0496,0.002,0.6098,0.0217,0.8413
2025043700,0.482,0.1839,0.2981,0,NONE,MEDIUM,SENT_TO_HUMAN_REVIEW,UNKNOWN,0.0013,0.1839,0.004,0.0003,0.0052,0.0003,0.0024,0.482,0.0002
2025043710,0.2339,0.0165,0.2174,0,NONE,NO_PREDICTION,REJECTED_ZERO_LABELS,UNKNOWN,0.0062,0.008,0.003,0.2339,0.0001,0.0165,0.0004,0.0006,0.0045
2025043738,0.7902,0.0078,0.7824,1,Energy Isolation,HIGH,ACCEPT_MODEL_PREDICTED,MODEL_PREDICTED,0.0013,0.0031,0.0011,0.7902,0.0007,0.0007,0.0078,0.0033,0.0013
2025043757,0.5401,0.535,0.0051,2,Line of Fire | Driving,MEDIUM,SENT_TO_HUMAN_REVIEW,UNKNOWN,0.0027,0.0004,0.535,0.0032,0.0006,0.5401,0.0242,0.0001,0.0093
2025043798,0.0032,0.0021,0.0011,0,NONE,NO_PREDICTION,REJECTED_ZERO_LABELS,UNKNOWN,0.0,0.0004,0.0001,0.001,0.0021,0.0,0.001,0.0007,0.0032
2025043953,0.0785,0.0232,0.0553,0,NONE,NO_PREDICTION,REJECTED_ZERO_LABELS,UNKNOWN,0.0003,0.0007,0.0001,0.0785,0.0001,0.0005,0.0232,0.0008,0.0001
2025043957,0.6468,0.0491,0.5977,1,Safe Mechanical Lifting,MEDIUM,SENT_TO_HUMAN_REVIEW,UNKNOWN,0.0001,0.0001,0.0006,0.0491,0.0002,0.0006,0.6468,0.0011,0.0011
2025044020,0.9187,0.3501,0.5686,2,Line of Fire | Safe Mechanical Lifting,HIGH,ACCEPT_MODEL_PREDICTED,MODEL_PREDICTED,0.0006,0.0001,0.0013,0.0007,0.0008,0.9187,0.3501,0.0,0.0093
2025044036,0.0059,0.0012,0.0047,0,NONE,NO_PREDICTION,REJECTED_ZERO_LABELS,UNKNOWN,0.0001,0.0004,0.0001,0.0059,0.0004,0.0012,0.0,0.0001,0.0003
2025044044,0.0104,0.0101,0.0003,0,NONE,NO_PREDICTION,REJECTED_ZERO_LABELS,UNKNOWN,0.0001,0.0001,0.0,0.0104,0.0012,0.0101,0.0009,0.0,0.0002
2025054177,0.3057,0.0376,0.2681,0,NONE,NO_PREDICTION,REJECTED_ZERO_LABELS,UNKNOWN,0.0001,0.0055,0.0,0.0376,0.3057,0.0,0.0003,0.0034,0.0
2025054184,0.0081,0.0006,0.0075,0,NONE,NO_PREDICTION,REJECTED_ZERO_LABELS,UNKNOWN,0.0,0.0003,0.0,0.0006,0.0081,0.0001,0.0,0.0001,0.0
2025054185,0.0069,0.0005,0.0064,0,NONE,NO_PREDICTION,REJECTED_ZERO_LABELS,UNKNOWN,0.0,0.0,0.0,0.0005,0.0,0.0001,0.0069,0.0001,0.0
2025054216,0.5159,0.0147,0.5012,1,Safe Mechanical Lifting,MEDIUM,SENT_TO_HUMAN_REVIEW,UNKNOWN,0.0002,0.0011,0.0002,0.0147,0.0098,0.0004,0.5159,0.005,0.0001
2025054232,0.0993,0.0864,0.0129,0,NONE,NO_PREDICTION,REJECTED_ZERO_LABELS,UNKNOWN,0.0038,0.027,0.0308,0.0052,0.0549,0.0864,0.0013,0.0054,0.0993
2025054258,0.004,0.0018,0.0022,0,NONE,NO_PREDICTION,REJECTED_ZERO_LABELS,UNKNOWN,0.0,0.0002,0.0,0.0018,0.004,0.0,0.0004,0.0003,0.0011
2025054259,0.0673,0.0145,0.0528,0,NONE,NO_PREDICTION,REJECTED_ZERO_LABELS,UNKNOWN,0.0003,0.0016,0.0145,0.0033,0.0054,0.0053,0.0003,0.0002,0.0673
2025054266,0.9992,0.4341,0.5651,2,Safe Mechanical Lifting | Working at Height,HIGH,ACCEPT_MODEL_PREDICTED,MODEL_PREDICTED,0.0003,0.0003,0.0243,0.0186,0.0057,0.0032,0.9992,0.0382,0.4341
2025054284,0.9997,0.0206,0.9791,1,Driving,HIGH,ACCEPT_MODEL_PREDICTED,MODEL_PREDICTED,0.0013,0.0002,0.9997,0.0006,0.0013,0.0206,0.0126,0.0005,0.018
2025054363,0.9833,0.0661,0.9172,1,Working at Height,HIGH,ACCEPT_MODEL_PREDICTED,MODEL_PREDICTED,0.0003,0.0012,0.0025,0.0029,0.0661,0.0055,0.0057,0.0043,0.9833
2025054381,0.9996,0.0094,0.9902,1,Energy Isolation,HIGH,ACCEPT_MODEL_PREDICTED,MODEL_PREDICTED,0.0047,0.0094,0.0002,0.9996,0.0009,0.0005,0.0049,0.0022,0.0001
2025054387,0.9323,0.8919,0.0404,3,Driving | Safe Mechanical Lifting | Line of Fire,MEDIUM,SENT_TO_HUMAN_REVIEW,UNKNOWN,0.0034,0.0005,0.9323,0.002,0.0007,0.7123,0.8919,0.0004,0.0171
2025054411,0.939,0.0169,0.9221,1,Driving,HIGH,ACCEPT_MODEL_PREDICTED,MODEL_PREDICTED,0.0003,0.0001,0.939,0.0002,0.0,0.0008,0.0004,0.0004,0.0169
2025054433,0.9995,0.9264,0.0731,2,Safe Mechanical Lifting | Working at Height,MEDIUM,SENT_TO_HUMAN_REVIEW,UNKNOWN,0.0006,0.0004,0.0418,0.0285,0.0204,0.0104,0.9995,0.0267,0.9264
2025054571,0.025,0.0005,0.0245,0,NONE,NO_PREDICTION,REJECTED_ZERO_LABELS,UNKNOWN,0.0,0.0,0.0005,0.0001,0.0002,0.0,0.025,0.0001,0.0001
2025054581,0.1165,0.1141,0.0024,0,NONE,NO_PREDICTION,REJECTED_ZERO_LABELS,UNKNOWN,0.0027,0.0049,0.015,0.1165,0.0018,0.0291,0.1141,0.0031,0.0177
2025054583,0.0749,0.0396,0.0353,0,NONE,NO_PREDICTION,REJECTED_ZERO_LABELS,UNKNOWN,0.0004,0.0115,0.0003,0.0396,0.0749,0.0022,0.0,0.0004,0.0001
2025054591,0.9936,0.1943,0.7993,1,Energy Isolation,HIGH,ACCEPT_MODEL_PREDICTED,MODEL_PREDICTED,0.0051,0.0016,0.0039,0.9936,0.0004,0.0018,0.1943,0.0076,0.0441
2025054633,0.1367,0.0744,0.0623,0,NONE,NO_PREDICTION,REJECTED_ZERO_LABELS,UNKNOWN,0.0008,0.0023,0.0744,0.0001,0.0053,0.1367,0.0018,0.0001,0.0013
2025054646,0.9003,0.0324,0.8679,1,Hot Work,HIGH,ACCEPT_MODEL_PREDICTED,MODEL_PREDICTED,0.0002,0.0306,0.0002,0.0324,0.9003,0.0011,0.0001,0.0018,0.0
2025054767,0.0693,0.0044,0.0649,0,NONE,NO_PREDICTION,REJECTED_ZERO_LABELS,UNKNOWN,0.0004,0.0008,0.0001,0.0693,0.0016,0.0012,0.0044,0.0017,0.0001
2025054777,0.9275,0.0014,0.9261,1,Working at Height,HIGH,ACCEPT_MODEL_PREDICTED,MODEL_PREDICTED,0.0,0.0002,0.0003,0.0007,0.0004,0.0004,0.0014,0.0007,0.9275
2025054816,0.9789,0.0153,0.9636,1,Line of Fire,HIGH,ACCEPT_MODEL_PREDICTED,MODEL_PREDICTED,0.0052,0.001,0.0003,0.0153,0.0038,0.9789,0.0027,0.0,0.0002
2025054846,0.0913,0.0162,0.0751,0,NONE,NO_PREDICTION,REJECTED_ZERO_LABELS,UNKNOWN,0.0,0.0,0.0017,0.0001,0.0001,0.0022,0.0162,0.0001,0.0913
2025054880,0.2811,0.044,0.2371,0,NONE,NO_PREDICTION,REJECTED_ZERO_LABELS,UNKNOWN,0.0003,0.0076,0.0015,0.0228,0.2811,0.0013,0.0001,0.0018,0.044
2025054931,0.0056,0.0005,0.0051,0,NONE,NO_PREDICTION,REJECTED_ZERO_LABELS,UNKNOWN,0.0,0.0001,0.0002,0.0056,0.0,0.0,0.0002,0.0004,0.0005
2025054957,0.014,0.0049,0.0091,0,NONE,NO_PREDICTION,REJECTED_ZERO_LABELS,UNKNOWN,0.0,0.0006,0.0,0.0038,0.0049,0.0,0.0002,0.0017,0.014
2025054962,0.0136,0.0002,0.0134,0,NONE,NO_PREDICTION,REJECTED_ZERO_LABELS,UNKNOWN,0.0,0.0,0.0001,0.0002,0.0,0.0001,0.0001,0.0,0.0136
2025055123,0.0021,0.0008,0.0013,0,NONE,NO_PREDICTION,REJECTED_ZERO_LABELS,UNKNOWN,0.0,0.0,0.0,0.0002,0.0,0.0008,0.0008,0.0,0.0021
2025055136,0.0348,0.0213,0.0135,0,NONE,NO_PREDICTION,REJECTED_ZERO_LABELS,UNKNOWN,0.0005,0.0157,0.0007,0.0213,0.0348,0.0006,0.0001,0.0181,0.0089
2025055147,0.0027,0.0007,0.002,0,NONE,NO_PREDICTION,REJECTED_ZERO_LABELS,UNKNOWN,0.0001,0.0002,0.0001,0.0007,0.0004,0.0001,0.0027,0.0006,0.0001
2025065170,0.003,0.0025,0.0005,0,NONE,NO_PREDICTION,REJECTED_ZERO_LABELS,UNKNOWN,0.0,0.0,0.0006,0.0,0.0003,0.003,0.0025,0.0,0.0002
2025065185,0.0713,0.0021,0.0692,0,NONE,NO_PREDICTION,REJECTED_ZERO_LABELS,UNKNOWN,0.0005,0.0014,0.0021,0.0713,0.0001,0.0001,0.0002,0.0014,0.0007
2025065218,0.9957,0.0051,0.9906,1,Energy Isolation,HIGH,ACCEPT_MODEL_PREDICTED,MODEL_PREDICTED,0.0004,0.0003,0.0,0.9957,0.0006,0.0023,0.0003,0.0,0.0051
2025065219,0.0149,0.0106,0.0043,0,NONE,NO_PREDICTION,REJECTED_ZERO_LABELS,UNKNOWN,0.0002,0.0001,0.0,0.0054,0.0001,0.0106,0.0149,0.0,0.0
2025065232,0.0042,0.0031,0.0011,0,NONE,NO_PREDICTION,REJECTED_ZERO_LABELS,UNKNOWN,0.0001,0.0002,0.0042,0.0012,0.0001,0.0002,0.0002,0.0003,0.0031
2025065235,0.0036,0.0019,0.0017,0,NONE,NO_PREDICTION,REJECTED_ZERO_LABELS,UNKNOWN,0.0001,0.0002,0.0036,0.0019,0.0003,0.0001,0.0005,0.0003,0.0003
2025065258,0.8261,0.2373,0.5888,2,Energy Isolation | Safe Mechanical Lifting,HIGH,ACCEPT_MODEL_PREDICTED,MODEL_PREDICTED,0.0025,0.0015,0.0007,0.8261,0.0025,0.0887,0.2373,0.0004,0.001
2025065306,0.0819,0.0614,0.0205,0,NONE,NO_PREDICTION,REJECTED_ZERO_LABELS,UNKNOWN,0.0001,0.0027,0.0109,0.0054,0.0819,0.0001,0.0614,0.0111,0.0095
2025065434,0.0088,0.0016,0.0072,0,NONE,NO_PREDICTION,REJECTED_ZERO_LABELS,UNKNOWN,0.0,0.0,0.0001,0.0001,0.0,0.0012,0.0088,0.0,0.0016
2025065443,0.002,0.0011,0.0009,0,NONE,NO_PREDICTION,REJECTED_ZERO_LABELS,UNKNOWN,0.0001,0.0005,0.002,0.0009,0.0004,0.0,0.0,0.0011,0.0004
2025065466,0.8539,0.0443,0.8096,1,Safe Mechanical Lifting,HIGH,ACCEPT_MODEL_PREDICTED,MODEL_PREDICTED,0.0005,0.0006,0.0182,0.0058,0.0144,0.0443,0.8539,0.0019,0.0049
2025065493,0.3937,0.3542,0.0395,2,Energy Isolation | Safe Mechanical Lifting,LOW,REJECTED_LOW_CONFIDENCE,UNKNOWN,0.0001,0.0005,0.001,0.3937,0.0079,0.0007,0.3542,0.0005,0.0937
2025065601,0.001,0.0008,0.0002,0,NONE,NO_PREDICTION,REJECTED_ZERO_LABELS,UNKNOWN,0.0001,0.0,0.0005,0.0008,0.0,0.001,0.0005,0.0,0.0
2025065779,0.9439,0.2258,0.7181,1,Energy Isolation,HIGH,ACCEPT_MODEL_PREDICTED,MODEL_PREDICTED,0.0011,0.0749,0.0005,0.9439,0.2258,0.0003,0.0022,0.0707,0.1369
2025065802,0.4359,0.037,0.3989,1,Energy Isolation,LOW,REJECTED_LOW_CONFIDENCE,UNKNOWN,0.0007,0.0154,0.0004,0.4359,0.0076,0.0001,0.037,0.028,0.0113
2025065900,0.0006,0.0001,0.0005,0,NONE,NO_PREDICTION,REJECTED_ZERO_LABELS,UNKNOWN,0.0,0.0,0.0,0.0001,0.0006,0.0001,0.0001,0.0,0.0
2025065938,0.0154,0.0013,0.0141,0,NONE,NO_PREDICTION,REJECTED_ZERO_LABELS,UNKNOWN,0.0,0.0,0.0001,0.0001,0.0,0.0,0.0154,0.0001,0.0013
2025065949,0.048,0.0145,0.0335,0,NONE,NO_PREDICTION,REJECTED_ZERO_LABELS,UNKNOWN,0.0001,0.0002,0.0003,0.0145,0.0001,0.0005,0.048,0.0008,0.0014
2025066005,0.9848,0.3048,0.68,2,Safe Mechanical Lifting | Line of Fire,HIGH,ACCEPT_MODEL_PREDICTED,MODEL_PREDICTED,0.0003,0.0001,0.0023,0.0002,0.0005,0.3048,0.9848,0.0002,0.0024
2025066063,0.5549,0.1736,0.3813,1,Working at Height,MEDIUM,SENT_TO_HUMAN_REVIEW,UNKNOWN,0.0039,0.0178,0.0342,0.1686,0.0417,0.0145,0.1736,0.0168,0.5549
2025066070,0.0009,0.0001,0.0008,0,NONE,NO_PREDICTION,REJECTED_ZERO_LABELS,UNKNOWN,0.0,0.0,0.0,0.0,0.0009,0.0,0.0001,0.0,0.0
2025066094,0.3618,0.0755,0.2863,1,Safe Mechanical Lifting,LOW,REJECTED_LOW_CONFIDENCE,UNKNOWN,0.0001,0.0002,0.0001,0.0755,0.0006,0.0013,0.3618,0.0006,0.0054
2025066189,0.4101,0.0094,0.4007,1,Working at Height,LOW,REJECTED_LOW_CONFIDENCE,UNKNOWN,0.0001,0.0002,0.0004,0.0094,0.0,0.0041,0.0007,0.0001,0.4101
2025066199,0.5775,0.5623,0.0152,2,Line of Fire | Working at Height,MEDIUM,SENT_TO_HUMAN_REVIEW,UNKNOWN,0.0026,0.0021,0.0609,0.024,0.0258,0.5775,0.0883,0.001,0.5623
2025066200,0.2806,0.0895,0.1911,1,Safe Mechanical Lifting,LOW,REJECTED_LOW_CONFIDENCE,UNKNOWN,0.0015,0.0055,0.0143,0.0067,0.0132,0.0895,0.2806,0.0023,0.0002
2025066308,0.0455,0.0167,0.0288,0,NONE,NO_PREDICTION,REJECTED_ZERO_LABELS,UNKNOWN,0.0002,0.0017,0.0167,0.0049,0.0008,0.0003,0.0002,0.0027,0.0455
2025076412,0.0037,0.0005,0.0032,0,NONE,NO_PREDICTION,REJECTED_ZERO_LABELS,UNKNOWN,0.0001,0.0003,0.0005,0.0037,0.0,0.0001,0.0004,0.0004,0.0004
2025076502,0.0046,0.0007,0.0039,0,NONE,NO_PREDICTION,REJECTED_ZERO_LABELS,UNKNOWN,0.0,0.0,0.0,0.0007,0.0003,0.0,0.0,0.0,0.0046
2025076542,0.0035,0.0027,0.0008,0,NONE,NO_PREDICTION,REJECTED_ZERO_LABELS,UNKNOWN,0.0001,0.0002,0.0027,0.0016,0.0002,0.0002,0.0,0.0001,0.0035
2025076569,0.0835,0.0099,0.0736,0,NONE,NO_PREDICTION,REJECTED_ZERO_LABELS,UNKNOWN,0.0,0.0,0.0001,0.0003,0.0099,0.0,0.0835,0.0003,0.0
2025076570,0.0401,0.0027,0.0374,0,NONE,NO_PREDICTION,REJECTED_ZERO_LABELS,UNKNOWN,0.0001,0.0008,0.0005,0.0027,0.0003,0.0003,0.0001,0.0004,0.0401
2025076653,0.9993,0.0132,0.9861,1,Energy Isolation,HIGH,ACCEPT_MODEL_PREDICTED,MODEL_PREDICTED,0.0037,0.0132,0.0001,0.9993,0.0067,0.0024,0.0091,0.0018,0.0011
2025076742,0.9999,0.0394,0.9605,1,Driving,HIGH,ACCEPT_MODEL_PREDICTED,MODEL_PREDICTED,0.0037,0.0035,0.9999,0.0053,0.0051,0.0022,0.0394,0.0373,0.0042
2025076753,0.0005,0.0003,0.0002,0,NONE,NO_PREDICTION,REJECTED_ZERO_LABELS,UNKNOWN,0.0,0.0,0.0005,0.0003,0.0,0.0001,0.0003,0.0001,0.0001
2025076762,0.487,0.2977,0.1893,2,Energy Isolation | Safe Mechanical Lifting,MEDIUM,SENT_TO_HUMAN_REVIEW,UNKNOWN,0.0103,0.0084,0.0137,0.487,0.0002,0.012,0.2977,0.0049,0.0004
2025076822,0.0025,0.0002,0.0023,0,NONE,NO_PREDICTION,REJECTED_ZERO_LABELS,UNKNOWN,0.0,0.0001,0.0,0.0002,0.0001,0.0001,0.0025,0.0002,0.0
2025076824,0.1322,0.013,0.1192,0,NONE,NO_PREDICTION,REJECTED_ZERO_LABELS,UNKNOWN,0.0002,0.0002,0.0002,0.013,0.0015,0.0003,0.1322,0.0013,0.0
2025076945,0.9974,0.801,0.1964,2,Energy Isolation | Safe Mechanical Lifting,HIGH,ACCEPT_MODEL_PREDICTED,MODEL_PREDICTED,0.0256,0.0567,0.1009,0.9974,0.0297,0.0094,0.801,0.0843,0.0182
2025076966,0.9941,0.0164,0.9777,1,Driving,HIGH,ACCEPT_MODEL_PREDICTED,MODEL_PREDICTED,0.0025,0.0049,0.9941,0.0015,0.0001,0.0005,0.0012,0.0164,0.0005
2025076973,0.0134,0.0064,0.007,0,NONE,NO_PREDICTION,REJECTED_ZERO_LABELS,UNKNOWN,0.0001,0.0004,0.0004,0.0064,0.0,0.0001,0.0001,0.0002,0.0134
2025076982,0.1623,0.1259,0.0364,0,NONE,NO_PREDICTION,REJECTED_ZERO_LABELS,UNKNOWN,0.0024,0.0023,0.0415,0.0274,0.0509,0.1623,0.1259,0.0006,0.0027
2025077110,0.9893,0.2165,0.7728,1,Safe Mechanical Lifting,HIGH,ACCEPT_MODEL_PREDICTED,MODEL_PREDICTED,0.0002,0.0029,0.0163,0.0213,0.0325,0.0004,0.9893,0.2165,0.1802
2025077190,0.7343,0.0136,0.7207,1,Safe Mechanical Lifting,HIGH,ACCEPT_MODEL_PREDICTED,MODEL_PREDICTED,0.0001,0.0002,0.0003,0.0136,0.001,0.0006,0.7343,0.0013,0.0092
2025077221,0.0021,0.0001,0.002,0,NONE,NO_PREDICTION,REJECTED_ZERO_LABELS,UNKNOWN,0.0,0.0,0.0,0.0001,0.0021,0.0001,0.0001,0.0,0.0
2025077257,0.9972,0.0669,0.9303,1,Hot Work,HIGH,ACCEPT_MODEL_PREDICTED,MODEL_PREDICTED,0.0001,0.0669,0.0002,0.001,0.9972,0.0004,0.0001,0.0072,0.0002
2025077459,0.0018,0.0012,0.0006,0,NONE,NO_PREDICTION,REJECTED_ZERO_LABELS,UNKNOWN,0.0,0.0,0.0,0.0002,0.0,0.0018,0.0012,0.0,0.0003
2025077460,0.7822,0.0492,0.733,1,Safe Mechanical Lifting,HIGH,ACCEPT_MODEL_PREDICTED,MODEL_PREDICTED,0.0,0.0001,0.0001,0.0274,0.0492,0.0023,0.7822,0.0003,0.0239
2025077462,0.0369,0.0075,0.0294,0,NONE,NO_PREDICTION,REJECTED_ZERO_LABELS,UNKNOWN,0.0,0.0,0.001,0.0075,0.0,0.0,0.0049,0.0002,0.0369
2025077486,0.9389,0.0048,0.9341,1,Energy Isolation,HIGH,ACCEPT_MODEL_PREDICTED,MODEL_PREDICTED,0.0042,0.0048,0.0003,0.9389,0.0,0.0005,0.0004,0.0015,0.0001
2025077495,0.0618,0.0486,0.0132,0,NONE,NO_PREDICTION,REJECTED_ZERO_LABELS,UNKNOWN,0.0,0.0,0.0021,0.0123,0.0,0.0006,0.0618,0.0002,0.0486
2025077496,0.1997,0.0208,0.1789,0,NONE,NO_PREDICTION,REJECTED_ZERO_LABELS,UNKNOWN,0.0001,0.0,0.0012,0.0208,0.0,0.0004,0.0003,0.0001,0.1997
2025077539,0.1078,0.0399,0.0679,0,NONE,NO_PREDICTION,REJECTED_ZERO_LABELS,UNKNOWN,0.0,0.0002,0.0012,0.0006,0.0001,0.0001,0.0399,0.0022,0.1078
2025087589,0.999,0.7952,0.2038,2,Driving | Safe Mechanical Lifting,HIGH,ACCEPT_MODEL_PREDICTED,MODEL_PREDICTED,0.0103,0.0031,0.999,0.0174,0.0092,0.0477,0.7952,0.0368,0.1738
2025087666,0.9997,0.0303,0.9694,1,Driving,HIGH,ACCEPT_MODEL_PREDICTED,MODEL_PREDICTED,0.0043,0.0021,0.9997,0.0008,0.0045,0.029,0.0303,0.0055,0.0234
2025087712,0.007,0.0025,0.0045,0,NONE,NO_PREDICTION,REJECTED_ZERO_LABELS,UNKNOWN,0.0001,0.0001,0.0002,0.0025,0.0,0.007,0.0009,0.0,0.0005
2025087716,0.0008,0.0007,0.0001,0,NONE,NO_PREDICTION,REJECTED_ZERO_LABELS,UNKNOWN,0.0001,0.0006,0.0001,0.0001,0.0002,0.0008,0.0006,0.0007,0.0
2025087736,0.0017,0.0011,0.0006,0,NONE,NO_PREDICTION,REJECTED_ZERO_LABELS,UNKNOWN,0.0001,0.0003,0.0,0.0017,0.0006,0.0011,0.0004,0.0001,0.0002
2025087779,0.9993,0.1807,0.8186,1,Hot Work,HIGH,ACCEPT_MODEL_PREDICTED,MODEL_PREDICTED,0.0001,0.1807,0.0002,0.0119,0.9993,0.0024,0.0022,0.0119,0.0001
2025087784,0.0075,0.0071,0.0004,0,NONE,NO_PREDICTION,REJECTED_ZERO_LABELS,UNKNOWN,0.0001,0.0001,0.0002,0.0075,0.001,0.0001,0.0071,0.0007,0.0001
2025087810,0.1941,0.0666,0.1275,0,NONE,NO_PREDICTION,REJECTED_ZERO_LABELS,UNKNOWN,0.0,0.0001,0.001,0.0006,0.0666,0.0004,0.1941,0.0002,0.0218
2025087826,0.0637,0.001,0.0627,0,NONE,NO_PREDICTION,REJECTED_ZERO_LABELS,UNKNOWN,0.0,0.0,0.0001,0.0009,0.0001,0.001,0.0637,0.0001,0.0002
2025087844,0.0097,0.0056,0.0041,0,NONE,NO_PREDICTION,REJECTED_ZERO_LABELS,UNKNOWN,0.0005,0.0016,0.0053,0.0056,0.0024,0.0097,0.0007,0.0001,0.0027
2025087894,0.0109,0.0031,0.0078,0,NONE,NO_PREDICTION,REJECTED_ZERO_LABELS,UNKNOWN,0.0001,0.0006,0.0109,0.0008,0.0003,0.0031,0.0001,0.0001,0.0006
2025087903,0.0055,0.0015,0.004,0,NONE,NO_PREDICTION,REJECTED_ZERO_LABELS,UNKNOWN,0.0,0.0,0.0001,0.0001,0.0015,0.0055,0.0011,0.0,0.0001
2025087910,0.0079,0.0007,0.0072,0,NONE,NO_PREDICTION,REJECTED_ZERO_LABELS,UNKNOWN,0.0001,0.0007,0.0,0.0079,0.0002,0.0002,0.0002,0.0005,0.0
2025088020,0.9991,0.016,0.9831,1,Driving,HIGH,ACCEPT_MODEL_PREDICTED,MODEL_PREDICTED,0.0013,0.0021,0.9991,0.0005,0.0034,0.001,0.0008,0.0028,0.016
2025088080,0.3578,0.0039,0.3539,1,Safe Mechanical Lifting,LOW,REJECTED_LOW_CONFIDENCE,UNKNOWN,0.0,0.0,0.0001,0.003,0.001,0.0,0.3578,0.0008,0.0039
2025088094,0.9956,0.8839,0.1117,3,Safe Mechanical Lifting | Working at Height | Driving,MEDIUM,SENT_TO_HUMAN_REVIEW,UNKNOWN,0.0008,0.0006,0.4474,0.0209,0.0293,0.0376,0.9956,0.0105,0.8839
2025088240,0.0126,0.0068,0.0058,0,NONE,NO_PREDICTION,REJECTED_ZERO_LABELS,UNKNOWN,0.0006,0.0006,0.0003,0.0126,0.0,0.0068,0.0004,0.0001,0.0008
2025088262,0.6725,0.0975,0.575,1,Safe Mechanical Lifting,MEDIUM,SENT_TO_HUMAN_REVIEW,UNKNOWN,0.0002,0.0012,0.0153,0.0004,0.0975,0.0057,0.6725,0.0042,0.0003
2025088305,0.7565,0.0671,0.6894,1,Safe Mechanical Lifting,HIGH,ACCEPT_MODEL_PREDICTED,MODEL_PREDICTED,0.0001,0.0002,0.0109,0.0671,0.0049,0.0007,0.7565,0.0013,0.0204
2025088377,0.9973,0.0206,0.9767,1,Safe Mechanical Lifting,HIGH,ACCEPT_MODEL_PREDICTED,MODEL_PREDICTED,0.0003,0.0001,0.0043,0.0053,0.0004,0.0206,0.9973,0.0011,0.0005
2025088412,0.9372,0.0329,0.9043,1,Energy Isolation,HIGH,ACCEPT_MODEL_PREDICTED,MODEL_PREDICTED,0.0001,0.0011,0.0001,0.9372,0.0022,0.0,0.0329,0.006,0.0131
2025088413,0.9606,0.4587,0.5019,1,Driving,HIGH,ACCEPT_MODEL_PREDICTED,MODEL_PREDICTED,0.0097,0.0747,0.9606,0.0148,0.0045,0.0007,0.0104,0.4587,0.0089
2025088431,0.3032,0.1222,0.181,1,Safe Mechanical Lifting,LOW,REJECTED_LOW_CONFIDENCE,UNKNOWN,0.0004,0.0002,0.0036,0.0087,0.0004,0.1222,0.3032,0.0002,0.0127
2025088501,0.9848,0.0161,0.9687,1,Line of Fire,HIGH,ACCEPT_MODEL_PREDICTED,MODEL_PREDICTED,0.0042,0.0006,0.0017,0.0051,0.0161,0.9848,0.0025,0.0,0.0016
2025088531,0.0057,0.0013,0.0044,0,NONE,NO_PREDICTION,REJECTED_ZERO_LABELS,UNKNOWN,0.0001,0.0002,0.0057,0.0007,0.0,0.0002,0.0,0.0001,0.0013
2025088677,0.0459,0.0414,0.0045,0,NONE,NO_PREDICTION,REJECTED_ZERO_LABELS,UNKNOWN,0.0001,0.0039,0.0,0.0459,0.0414,0.0,0.0029,0.0061,0.0001
2025088680,0.998,0.0279,0.9701,1,Energy Isolation,HIGH,ACCEPT_MODEL_PREDICTED,MODEL_PREDICTED,0.0021,0.0187,0.0006,0.998,0.0015,0.0001,0.0044,0.0279,0.0064
2025088687,0.0447,0.023,0.0217,0,NONE,NO_PREDICTION,REJECTED_ZERO_LABELS,UNKNOWN,0.0004,0.0002,0.0001,0.023,0.0001,0.0106,0.0,0.0,0.0447
2025088688,0.1111,0.0087,0.1024,0,NONE,NO_PREDICTION,REJECTED_ZERO_LABELS,UNKNOWN,0.0001,0.0001,0.0013,0.0025,0.0002,0.0017,0.1111,0.0005,0.0087
2025098800,0.0079,0.0031,0.0048,0,NONE,NO_PREDICTION,REJECTED_ZERO_LABELS,UNKNOWN,0.0,0.0005,0.0002,0.0003,0.0079,0.0002,0.001,0.0006,0.0031
2025098803,0.9958,0.0188,0.977,1,Working at Height,HIGH,ACCEPT_MODEL_PREDICTED,MODEL_PREDICTED,0.0,0.0002,0.0091,0.0081,0.003,0.0001,0.0188,0.0038,0.9958
2025098921,0.9936,0.1271,0.8665,1,Safe Mechanical Lifting,HIGH,ACCEPT_MODEL_PREDICTED,MODEL_PREDICTED,0.0001,0.0,0.0008,0.0011,0.0025,0.1271,0.9936,0.0001,0.0039
2025098976,0.0213,0.0022,0.0191,0,NONE,NO_PREDICTION,REJECTED_ZERO_LABELS,UNKNOWN,0.0001,0.0001,0.0022,0.0001,0.0001,0.0022,0.0004,0.0001,0.0213
2025098988,0.9966,0.0014,0.9952,1,Energy Isolation,HIGH,ACCEPT_MODEL_PREDICTED,MODEL_PREDICTED,0.0005,0.0014,0.0,0.9966,0.0008,0.0004,0.0001,0.0001,0.0009
2025099010,0.0095,0.0078,0.0017,0,NONE,NO_PREDICTION,REJECTED_ZERO_LABELS,UNKNOWN,0.0001,0.0002,0.0,0.0078,0.0003,0.0095,0.0018,0.0,0.0003
2025099030,0.002,0.0019,0.0001,0,NONE,NO_PREDICTION,REJECTED_ZERO_LABELS,UNKNOWN,0.0,0.0,0.0,0.002,0.0,0.0007,0.0,0.0,0.0019
2025099046,0.9985,0.0073,0.9912,1,Energy Isolation,HIGH,ACCEPT_MODEL_PREDICTED,MODEL_PREDICTED,0.0017,0.0073,0.0001,0.9985,0.0004,0.0001,0.0004,0.0027,0.0002
2025099103,0.0747,0.0593,0.0154,0,NONE,NO_PREDICTION,REJECTED_ZERO_LABELS,UNKNOWN,0.0,0.0,0.0019,0.0,0.0002,0.0747,0.0238,0.0,0.0593
2025099120,0.001,0.0002,0.0008,0,NONE,NO_PREDICTION,REJECTED_ZERO_LABELS,UNKNOWN,0.0,0.0001,0.0,0.001,0.0001,0.0,0.0001,0.0002,0.0
2025099162,0.0053,0.0051,0.0002,0,NONE,NO_PREDICTION,REJECTED_ZERO_LABELS,UNKNOWN,0.0002,0.0023,0.0001,0.0053,0.001,0.0007,0.0,0.0004,0.0051
2025099203,0.0114,0.0068,0.0046,0,NONE,NO_PREDICTION,REJECTED_ZERO_LABELS,UNKNOWN,0.0002,0.0002,0.0001,0.0114,0.0003,0.0068,0.0011,0.0001,0.0007
2025099257,0.9829,0.2022,0.7807,2,Working at Height | Line of Fire,HIGH,ACCEPT_MODEL_PREDICTED,MODEL_PREDICTED,0.0002,0.0002,0.0052,0.0033,0.0082,0.2022,0.1233,0.0003,0.9829
2025099258,0.9983,0.0191,0.9792,1,Safe Mechanical Lifting,HIGH,ACCEPT_MODEL_PREDICTED,MODEL_PREDICTED,0.0001,0.0,0.006,0.0113,0.0005,0.0191,0.9983,0.0005,0.0009
2025099291,0.0586,0.0298,0.0288,0,NONE,NO_PREDICTION,REJECTED_ZERO_LABELS,UNKNOWN,0.0011,0.0012,0.0004,0.0298,0.0007,0.0586,0.0,0.0001,0.0011
2025099342,0.9321,0.2735,0.6586,1,Working at Height,HIGH,ACCEPT_MODEL_PREDICTED,MODEL_PREDICTED,0.0003,0.0051,0.0008,0.2735,0.0209,0.0002,0.0004,0.0052,0.9321
2025099762,0.8692,0.0041,0.8651,1,Line of Fire,HIGH,ACCEPT_MODEL_PREDICTED,MODEL_PREDICTED,0.0007,0.0001,0.0014,0.0009,0.0003,0.8692,0.0041,0.0,0.0009
2025099398,0.8212,0.2424,0.5788,2,Working at Height | Line of Fire,HIGH,ACCEPT_MODEL_PREDICTED,MODEL_PREDICTED,0.0223,0.0249,0.0284,0.0627,0.002,0.2424,0.0649,0.0251,0.8212
2025099498,0.0973,0.0046,0.0927,0,NONE,NO_PREDICTION,REJECTED_ZERO_LABELS,UNKNOWN,0.0001,0.0002,0.0004,0.0009,0.0007,0.0046,0.0973,0.0003,0.0005
2025099516,0.0395,0.0173,0.0222,0,NONE,NO_PREDICTION,REJECTED_ZERO_LABELS,UNKNOWN,0.0022,0.0173,0.0013,0.0395,0.0028,0.0066,0.0,0.0017,0.0034
2025099616,0.6543,0.0581,0.5962,1,Safe Mechanical Lifting,MEDIUM,SENT_TO_HUMAN_REVIEW,UNKNOWN,0.0009,0.0032,0.0028,0.0145,0.0017,0.02,0.6543,0.0172,0.0581
2025099644,0.0145,0.0063,0.0082,0,NONE,NO_PREDICTION,REJECTED_ZERO_LABELS,UNKNOWN,0.0001,0.0031,0.0005,0.004,0.0063,0.0001,0.0037,0.0145,0.0003
2025099684,0.5464,0.025,0.5214,1,Safe Mechanical Lifting,MEDIUM,SENT_TO_HUMAN_REVIEW,UNKNOWN,0.0011,0.0011,0.025,0.0178,0.0001,0.0019,0.5464,0.0056,0.0035
2025099700,0.9879,0.1089,0.879,1,Safe Mechanical Lifting,HIGH,ACCEPT_MODEL_PREDICTED,MODEL_PREDICTED,0.0005,0.0003,0.066,0.0075,0.0013,0.079,0.9879,0.0037,0.1089
2025099787,0.0097,0.003,0.0067,0,NONE,NO_PREDICTION,REJECTED_ZERO_LABELS,UNKNOWN,0.0001,0.0024,0.0001,0.0097,0.003,0.0001,0.0002,0.0027,0.0018
2025099818,0.1073,0.015,0.0923,0,NONE,NO_PREDICTION,REJECTED_ZERO_LABELS,UNKNOWN,0.0001,0.0001,0.0011,0.0002,0.0018,0.015,0.1073,0.0001,0.0012
2025109845,0.9322,0.0132,0.919,1,Working at Height,HIGH,ACCEPT_MODEL_PREDICTED,MODEL_PREDICTED,0.0001,0.0003,0.0012,0.0029,0.0001,0.0006,0.0132,0.0007,0.9322
2025109855,0.9964,0.1883,0.8081,1,Driving,HIGH,ACCEPT_MODEL_PREDICTED,MODEL_PREDICTED,0.0033,0.0016,0.9964,0.0004,0.0001,0.0221,0.0222,0.0038,0.1883
2025109890,0.9954,0.0058,0.9896,1,Driving,HIGH,ACCEPT_MODEL_PREDICTED,MODEL_PREDICTED,0.0009,0.001,0.9954,0.0012,0.0003,0.0001,0.0003,0.0036,0.0058
2025109905,0.5401,0.3467,0.1934,2,Driving | Working at Height,MEDIUM,SENT_TO_HUMAN_REVIEW,UNKNOWN,0.0019,0.0008,0.5401,0.0172,0.0009,0.0329,0.0003,0.0001,0.3467
2025109988,0.9982,0.0376,0.9606,1,Driving,HIGH,ACCEPT_MODEL_PREDICTED,MODEL_PREDICTED,0.0063,0.0016,0.9982,0.0376,0.0001,0.0016,0.0064,0.0052,0.0212
20251010061,0.1372,0.0651,0.0721,0,NONE,NO_PREDICTION,REJECTED_ZERO_LABELS,UNKNOWN,0.0011,0.0022,0.0011,0.1372,0.0223,0.0651,0.0568,0.0002,0.0002
20251010066,0.9859,0.1821,0.8038,1,Energy Isolation,HIGH,ACCEPT_MODEL_PREDICTED,MODEL_PREDICTED,0.0097,0.0077,0.002,0.9859,0.002,0.0393,0.0027,0.0007,0.1821
20251010129,0.7702,0.0669,0.7033,1,Working at Height,HIGH,ACCEPT_MODEL_PREDICTED,MODEL_PREDICTED,0.0002,0.0015,0.0075,0.0626,0.0003,0.0,0.0384,0.0669,0.7702
20251010185,0.01,0.0028,0.0072,0,NONE,NO_PREDICTION,REJECTED_ZERO_LABELS,UNKNOWN,0.0,0.0001,0.0002,0.0,0.0021,0.0,0.0028,0.0006,0.01
20251010189,0.0505,0.0006,0.0499,0,NONE,NO_PREDICTION,REJECTED_ZERO_LABELS,UNKNOWN,0.0,0.0002,0.0001,0.0001,0.0505,0.0001,0.0005,0.0005,0.0006
20251010212,0.9999,0.0314,0.9685,1,Safe Mechanical Lifting,HIGH,ACCEPT_MODEL_PREDICTED,MODEL_PREDICTED,0.0002,0.0002,0.0314,0.0196,0.0023,0.0015,0.9999,0.0141,0.0036
20251010214,0.0037,0.0001,0.0036,0,NONE,NO_PREDICTION,REJECTED_ZERO_LABELS,UNKNOWN,0.0,0.0,0.0001,0.0001,0.0001,0.0,0.0,0.0,0.0037
20251010231,0.0597,0.0148,0.0449,0,NONE,NO_PREDICTION,REJECTED_ZERO_LABELS,UNKNOWN,0.0002,0.0001,0.0597,0.0004,0.0001,0.0148,0.0033,0.0001,0.0013
20251010237,0.3239,0.0554,0.2685,1,Line of Fire,LOW,REJECTED_LOW_CONFIDENCE,UNKNOWN,0.0003,0.0006,0.0554,0.0001,0.0014,0.3239,0.0043,0.0,0.0011
20251010239,0.0021,0.001,0.0011,0,NONE,NO_PREDICTION,REJECTED_ZERO_LABELS,UNKNOWN,0.0,0.0,0.0001,0.001,0.0021,0.0002,0.0002,0.0,0.0008
20251010278,0.0323,0.0088,0.0235,0,NONE,NO_PREDICTION,REJECTED_ZERO_LABELS,UNKNOWN,0.0003,0.0002,0.0001,0.002,0.0,0.0323,0.0,0.0,0.0088
20251010281,0.3386,0.1128,0.2258,1,Line of Fire,LOW,REJECTED_LOW_CONFIDENCE,UNKNOWN,0.0003,0.0,0.0003,0.0017,0.0,0.3386,0.1128,0.0,0.0018
20251010318,0.7695,0.6338,0.1357,2,Driving | Safe Mechanical Lifting,MEDIUM,SENT_TO_HUMAN_REVIEW,UNKNOWN,0.0008,0.0002,0.7695,0.0007,0.0013,0.1872,0.6338,0.0006,0.2482
20251010320,0.0888,0.0036,0.0852,0,NONE,NO_PREDICTION,REJECTED_ZERO_LABELS,UNKNOWN,0.0,0.0001,0.0,0.0888,0.0005,0.0,0.0002,0.0001,0.0036
20251010342,0.9493,0.1994,0.7499,1,Working at Height,HIGH,ACCEPT_MODEL_PREDICTED,MODEL_PREDICTED,0.0012,0.0023,0.0246,0.1994,0.0041,0.0077,0.0598,0.0079,0.9493
20251010471,0.0374,0.017,0.0204,0,NONE,NO_PREDICTION,REJECTED_ZERO_LABELS,UNKNOWN,0.0002,0.0005,0.0001,0.0374,0.0049,0.017,0.0001,0.0,0.0014
20251010480,0.9978,0.148,0.8498,1,Driving,HIGH,ACCEPT_MODEL_PREDICTED,MODEL_PREDICTED,0.0123,0.0185,0.9978,0.0589,0.0197,0.0025,0.0112,0.0486,0.148
20251010521,0.9999,0.0975,0.9024,1,Safe Mechanical Lifting,HIGH,ACCEPT_MODEL_PREDICTED,MODEL_PREDICTED,0.0004,0.0001,0.0975,0.0178,0.0052,0.0086,0.9999,0.0055,0.0184
20251010526,0.9826,0.1796,0.803,1,Hot Work,HIGH,ACCEPT_MODEL_PREDICTED,MODEL_PREDICTED,0.0,0.0043,0.0001,0.0212,0.9826,0.002,0.1796,0.0036,0.0009
20251010530,0.6334,0.1949,0.4385,1,Driving,MEDIUM,SENT_TO_HUMAN_REVIEW,UNKNOWN,0.0012,0.0062,0.6334,0.0152,0.1949,0.0029,0.1367,0.0184,0.0133
20251010587,0.9978,0.4034,0.5944,2,Working at Height | Energy Isolation,HIGH,ACCEPT_MODEL_PREDICTED,MODEL_PREDICTED,0.0014,0.0265,0.0019,0.4034,0.0711,0.0014,0.001,0.0564,0.9978
20251010621,0.017,0.0037,0.0133,0,NONE,NO_PREDICTION,REJECTED_ZERO_LABELS,UNKNOWN,0.0001,0.0002,0.0,0.0006,0.0037,0.017,0.0029,0.0,0.0001
20251010643,0.0267,0.0076,0.0191,0,NONE,NO_PREDICTION,REJECTED_ZERO_LABELS,UNKNOWN,0.0003,0.0036,0.0034,0.0054,0.0003,0.0001,0.0011,0.0267,0.0076
20251010647,0.0102,0.0079,0.0023,0,NONE,NO_PREDICTION,REJECTED_ZERO_LABELS,UNKNOWN,0.0003,0.001,0.0001,0.0018,0.0008,0.0079,0.0007,0.0005,0.0102
20251010866,0.9982,0.0202,0.978,1,Working at Height,HIGH,ACCEPT_MODEL_PREDICTED,MODEL_PREDICTED,0.0001,0.0001,0.0028,0.0202,0.0002,0.0085,0.0019,0.0001,0.9982
20251110892,0.9992,0.7864,0.2128,2,Safe Mechanical Lifting | Line of Fire,HIGH,ACCEPT_MODEL_PREDICTED,MODEL_PREDICTED,0.0014,0.0001,0.0328,0.005,0.0004,0.7864,0.9992,0.0003,0.0089
20251110966,0.9211,0.2584,0.6627,1,Working at Height,HIGH,ACCEPT_MODEL_PREDICTED,MODEL_PREDICTED,0.002,0.0037,0.001,0.2584,0.001,0.0481,0.0004,0.0007,0.9211
20251111000,0.952,0.0212,0.9308,1,Hot Work,HIGH,ACCEPT_MODEL_PREDICTED,MODEL_PREDICTED,0.0001,0.0058,0.0212,0.003,0.952,0.0004,0.0002,0.0012,0.0
20251111148,0.0011,0.0006,0.0005,0,NONE,NO_PREDICTION,REJECTED_ZERO_LABELS,UNKNOWN,0.0,0.0001,0.0,0.0011,0.0,0.0003,0.0001,0.0,0.0006
20251111172,0.0102,0.0078,0.0024,0,NONE,NO_PREDICTION,REJECTED_ZERO_LABELS,UNKNOWN,0.0001,0.0003,0.0001,0.0026,0.0078,0.0004,0.0102,0.0006,0.0006
20251111223,0.9788,0.5787,0.4001,4,Driving | Work Authorization | Working at Height | Safe Mechanical Lifting,HIGH,ACCEPT_MODEL_PREDICTED,MODEL_PREDICTED,0.0319,0.1804,0.9788,0.1234,0.3265,0.0215,0.2493,0.5787,0.5268
20251111300,0.0508,0.0058,0.045,0,NONE,NO_PREDICTION,REJECTED_ZERO_LABELS,UNKNOWN,0.0001,0.0019,0.0,0.0058,0.0508,0.0018,0.0,0.0001,0.0002
20251111352,0.0003,0.0002,0.0001,0,NONE,NO_PREDICTION,REJECTED_ZERO_LABELS,UNKNOWN,0.0,0.0001,0.0001,0.0,0.0,0.0003,0.0002,0.0001,0.0
20251111514,0.9608,0.8832,0.0776,5,Energy Isolation | Bypassing Safety Controls | Confined Space | Line of Fire | Driving,MEDIUM,SENT_TO_HUMAN_REVIEW,UNKNOWN,0.8832,0.727,0.2843,0.9608,0.042,0.4491,0.045,0.2094,0.0261
20251111606,0.1967,0.0133,0.1834,0,NONE,NO_PREDICTION,REJECTED_ZERO_LABELS,UNKNOWN,0.0028,0.011,0.0038,0.1967,0.0016,0.0034,0.0133,0.0059,0.0
20251111637,0.0979,0.0149,0.083,0,NONE,NO_PREDICTION,REJECTED_ZERO_LABELS,UNKNOWN,0.0006,0.0029,0.0979,0.0049,0.0114,0.0008,0.0149,0.0094,0.0113
