record_id,source_record_id,incident_text,top_lsr,top_score,second_lsr,second_score,margin,evidence_labels,semantic_score,agreement_state,suggested_action
OILPS_IOGP_HPE_0001,HPE_P006,"On Thursday March 13th, 2025, the crew change bus had a road accident. It was 18h30 and after a heavy rain at the 
time of the incident.
The bus driver was driving too close to the road edge to avoid ",Working at Height,0.0007,Energy Isolation,0.0001,0.0006,Driving,0.55,PARTIAL_AGREEMENT,Manual Review Pending analyst validation.
OILPS_IOGP_HPE_0002,HPE_P007,"At around 4am on 1st of May, the two men on the crane were assigned to a new location. The operation involved 
depositing the counterweights. Following a counter-order from the supervisor, they had to",Hot Work,0.011,Energy Isolation,0.0018,0.0092,Safe Mechanical Lifting,0.35,PARTIAL_AGREEMENT,Manual Review Pending analyst validation.
OILPS_IOGP_HPE_0003,HPE_P008,"On 18 August 2025, a team was installing a 6-inch pipe over a 35-metre section between two lines. This pipe was 
also to be used during WO operations. During the operation, the team separated a 6-inch",Energy Isolation,0.0399,Hot Work,0.0003,0.0396,Safe Mechanical Lifting,0.35,PARTIAL_AGREEMENT,Manual Review Pending analyst validation.
OILPS_IOGP_HPE_0004,HPE_P009,"On January 19, 2025, during restart attempts of the HP-A Gas Compressor following corrective maintenance, 
an unusually loud noise was heard from the exhaust. Seconds later, the fire alarm was trigger",Energy Isolation,0.0005,Hot Work,0.0001,0.0004,Driving,0.35,PARTIAL_AGREEMENT,Manual Review Pending analyst validation.
OILPS_IOGP_HPE_0006,HPE_P011,"At about 02:21hrs, while rig crew was picking 4” drill pipe, a single drill pipe was picked from Catwalk to the rig 
floor with Air winch tugger. The IP removed thread protector from the single pipe w",Energy Isolation,0.0002,Safe Mechanical Lifting,0.0002,0.0,Working at Height,0.35,PARTIAL_AGREEMENT,Manual Review Pending analyst validation.
OILPS_IOGP_HPE_0007,HPE_P000,"At about 10:30 hours, a company-owned light vehicle in a security convoy travelling veered off the road and collided 
with an electric pole. The driver and accompanying customer were safely evacuated ",Driving,0.0054,Working at Height,0.0006,0.0048,Driving,0.75,PARTIAL_AGREEMENT,Manual Review Pending analyst validation.
OILPS_IOGP_HPE_0011,HPE_P015,"At approximately 06:30, lifting operations were being conducted to move spools from the main deck to the cellar/
sub-cellar deck.
Because no direct lifting path existed, the crew chose to lift the loa",Energy Isolation,0.0033,Working at Height,0.0005,0.0028,Safe Mechanical Lifting | Work Authorization | Working at Height,0.35,PARTIAL_AGREEMENT,Manual Review Pending analyst validation.
OILPS_IOGP_HPE_0012,HPE_P016,"While parking the starboard (STBD) crane following routine lifting operations, the crane boom was brought down 
into the boom rest abruptly rather than in a controlled manner. This sudden placement ge",Safe Mechanical Lifting,0.0549,Energy Isolation,0.0001,0.0548,Safe Mechanical Lifting,0.75,PARTIAL_AGREEMENT,Manual Review Pending analyst validation.
OILPS_IOGP_HPE_0014,HPE_P018,"Flex Joint strikes handrail creating 2 Dropped Objects. During the removal of the Flex Joint from the Riser Feeding 
Machine (RFM) using the starboard crane, the aft sling of the Flex Joint became hun",Safe Mechanical Lifting,0.0372,Working at Height,0.009,0.0282,Safe Mechanical Lifting,0.75,PARTIAL_AGREEMENT,Manual Review Pending analyst validation.
OILPS_IOGP_HPE_0016,HPE_P020,"During pallet racking activities in the warehouse, a forklift was in the process of lifting a pallet to the third shelf. The 
load backrest of the forklift inadvertently contacted another pallet direc",Safe Mechanical Lifting,0.0074,Hot Work,0.0005,0.0069,Safe Mechanical Lifting | Working at Height,0.75,PARTIAL_AGREEMENT,Manual Review Pending analyst validation.
OILPS_IOGP_HPE_0017,HPE_P000,"IP1 observed visible bulging of a drain hose and proceeded to disconnect it. Although the associated compressor 
had been isolated, the hose remained connected to the main drainage manifold, which was",Energy Isolation,0.0087,Line of Fire,0.0004,0.0083,Energy Isolation,0.75,PARTIAL_AGREEMENT,Manual Review Pending analyst validation.
OILPS_IOGP_HPE_0018,HPE_P021,"Whilst departing the north berth of the supply base wharf, the contractor inspection maintenance repair vessel 
began moving starboard and aft whilst the forward fender was being lifted and recovered ",Working at Height,0.0008,Safe Mechanical Lifting,0.0007,0.0001,Safe Mechanical Lifting | Working at Height,0.75,PARTIAL_AGREEMENT,Manual Review Pending analyst validation.
OILPS_IOGP_HPE_0019,HPE_P022,"A crew member stepped out of a cherry picker while connecting a hydraulic hose to the Annular BOP, lost balance, 
and fell onto the cellar-pit grating. Subsequent hospital evaluation confirmed a left ",Working at Height,0.0086,Driving,0.0001,0.0085,Working at Height,0.75,PARTIAL_AGREEMENT,Manual Review Pending analyst validation.
OILPS_IOGP_HPE_0020,HPE_P000,"2-7/8"" tubing was released from the lifting cap and hit the back of the right shoulder. Fail to secure equipment.",Safe Mechanical Lifting,0.0017,Working at Height,0.0008,0.0009,Safe Mechanical Lifting,0.75,PARTIAL_AGREEMENT,Manual Review Pending analyst validation.
OILPS_IOGP_HPE_0021,HPE_P023,"During hot work activities to replace process lines, the flange of a service water line was broken. This resulted in a 
release of water followed by a hydrocarbon/water emulsion. There was no CO/LEL d",Hot Work,0.0053,Working at Height,0.0008,0.0045,Energy Isolation | Hot Work,0.75,PARTIAL_AGREEMENT,Manual Review Pending analyst validation.
OILPS_IOGP_HPE_0022,HPE_P024,Fly jib on mobile crane fell to the floor. Lack of training on rarely used equipment.,Safe Mechanical Lifting,0.0022,Hot Work,0.0004,0.0018,Safe Mechanical Lifting,0.75,PARTIAL_AGREEMENT,Manual Review Pending analyst validation.
OILPS_IOGP_HPE_0024,HPE_P000,Employee fell into well cellar. Loose grating led to a fall into the cellar.,Working at Height,0.0019,Hot Work,0.0005,0.0014,Working at Height,0.75,PARTIAL_AGREEMENT,Manual Review Pending analyst validation.
OILPS_IOGP_HPE_0026,HPE_P027,"When filling a mud tank with brine to prepare for cleaning of the tank, the transfer hose became dislodged, fell 
towards the ground (2.6m) and began to whip. The hose struck the pump operator’s leg, ",Working at Height,0.0014,Hot Work,0.0008,0.0006,Working at Height,0.75,PARTIAL_AGREEMENT,Manual Review Pending analyst validation.
OILPS_IOGP_HPE_0027,HPE_P028,"On 8 October 2025 on an offshore rig, a lifting operation was underway to land an 11.8 m, 2.67 ton bottom hole 
assembly (BHA) into a storage basket on the riser deck. During the final positioning, th",Energy Isolation,0.0016,Hot Work,0.0008,0.0008,Line of Fire | Safe Mechanical Lifting,0.35,PARTIAL_AGREEMENT,Manual Review Pending analyst validation.
OILPS_IOGP_HPE_0028,HPE_P029,"An operator was removing a grating panel with manual handling hooks on the weather deck. 
During the operation, the grating unhooked from the manual handling tools and fell through the opening, hit a ",Hot Work,0.0007,Energy Isolation,0.0004,0.0003,Line of Fire,0.55,PARTIAL_AGREEMENT,Manual Review Pending analyst validation.
OILPS_IOGP_HPE_0029,HPE_P030,"A worker was seriously injured when he fell from a height of 4.4 metres. Two of the workers in the team were working at height. One worker was retrieving formwork beams from a stack 
stored on the faç",Working at Height,0.0142,Energy Isolation,0.0015,0.0127,Working at Height,0.75,PARTIAL_AGREEMENT,Manual Review Pending analyst validation.
OILPS_IOGP_HPE_0031,HPE_P031,"During platform crane lifting operations to land a container on the main deck North landing, the IP sustained 
a crush/impact injury to shoulder/ribs. The crane and container were made safe and the in",Safe Mechanical Lifting,0.0002,Working at Height,0.0002,0.0,Line of Fire | Safe Mechanical Lifting,0.75,PARTIAL_AGREEMENT,Manual Review Pending analyst validation.
OILPS_IOGP_HPE_0033,HPE_P000,"Jack failed, with load moving towards personnel. No injuries however fatality as worst case potential outcome. Failure of lifting equipment.",Hot Work,0.0013,Bypassing Safety Controls,0.0,0.0013,Safe Mechanical Lifting,0.35,PARTIAL_AGREEMENT,Manual Review Pending analyst validation.
OILPS_IOGP_HPE_0034,HPE_P033,"Scaffold pole dropped to deck during handling operations. No injuries however dropped object calculator indicates 
fatality as worst case potential outcome. Scaffold pole dropped to deck below during ",Driving,0.0001,Hot Work,0.0001,0.0,Working at Height,0.35,PARTIAL_AGREEMENT,Manual Review Pending analyst validation.
OILPS_IOGP_HPE_0036,HPE_P035,"A forklift driver’s ankle was struck by a spreader bar during offloading from a truck at the logistics base. There 
were no lifting pockets welded onto the bar. In past lifting operations, the spreade",Driving,0.5259,Energy Isolation,0.0045,0.5214,Driving | Line of Fire | Safe Mechanical Lifting,0.75,PARTIAL_AGREEMENT,Manual Review Pending analyst validation.
OILPS_IOGP_HPE_0037,HPE_P036,"On an offshore drilling rig, on 1 September 2025, personnel and marine crew were installing handrails on top of a 
unit on the main deck. Handrail sections (60–90 kg) were lifted by deck crane to the ",Working at Height,0.0043,Energy Isolation,0.0005,0.0038,Safe Mechanical Lifting | Working at Height,0.75,PARTIAL_AGREEMENT,Manual Review Pending analyst validation.
OILPS_IOGP_HPE_0038,HPE_P037,"In connection with a pigging operation on an offshore installation, several pigs weighing 35 - 40 kg were lowered 
from a scaffold using rope, as the pig receiver was placed 5m above the turret deck. ",Hot Work,0.0019,Safe Mechanical Lifting,0.0005,0.0014,Safe Mechanical Lifting | Working at Height,0.35,PARTIAL_AGREEMENT,Manual Review Pending analyst validation.
OILPS_IOGP_HPE_0041,HPE_P040,"During preparations for installing a 20’’ sealing ring on the platform on 2 July 2025, a technician tested the ring 
for fit before the lift operation. The 7.1 kg ring slipped from the technician’s ha",Energy Isolation,0.0015,Working at Height,0.0005,0.001,Hot Work | Working at Height,0.35,PARTIAL_AGREEMENT,Manual Review Pending analyst validation.
OILPS_IOGP_HPE_0043,HPE_P042,"During the night shift, the crew attempted to release an anchor latch tool from a permanent packer using a straight 
pull of 60 klbs (including 55 klbs string weight) without success. Following contra",Working at Height,0.0007,Energy Isolation,0.0004,0.0003,Working at Height,0.75,PARTIAL_AGREEMENT,Manual Review Pending analyst validation.
OILPS_IOGP_HPE_0044,HPE_P043,"While dismantling a scaffold, a contractor accidentally dropped a scaffold board. The board struck a 0.5-inch, 32-bar 
pressurized tube, causing physical damage to the tube and resulting in a gas leak",Energy Isolation,0.0167,Hot Work,0.0043,0.0124,Working at Height,0.35,PARTIAL_AGREEMENT,Manual Review Pending analyst validation.
OILPS_IOGP_HPE_0046,HPE_P044,"A contractor working in the Telecoms room at Central Control Building was found removing a light fixture from the 
ceiling without ensuring the power was fully isolated. The light was part of an energ",Energy Isolation,0.0005,Working at Height,0.0004,0.0001,Energy Isolation | Work Authorization,0.75,PARTIAL_AGREEMENT,Manual Review Pending analyst validation.
OILPS_IOGP_HPE_0047,HPE_P045,"Observed that a Contractor Scaffolder working at 12m height on a Piperack without using his fall protection, 
standing on the hanging scaffold platform without using his double lanyards attached to a ",Working at Height,0.0006,Energy Isolation,0.0001,0.0005,Working at Height,0.75,PARTIAL_AGREEMENT,Manual Review Pending analyst validation.
OILPS_IOGP_HPE_0048,HPE_P046,"A Contractor scaffolder was dismantling a scaffold by removing a 3m high scaffold standard at a height of 11.5m, 
without using lanyards and passing the scaffold standard to a colleague below. 1. Scaf",Safe Mechanical Lifting,0.006,Working at Height,0.002,0.004,Working at Height,0.35,PARTIAL_AGREEMENT,Manual Review Pending analyst validation.
OILPS_IOGP_HPE_0053,HPE_P051,"A steel structure crew was modifying a permanent grating platform handrail when a crowbar (weight approximately 
0.72kg) fell from the platform (height 20 metres) and landed on the ground below in an ",Energy Isolation,0.0033,Hot Work,0.0002,0.0031,Working at Height,0.35,PARTIAL_AGREEMENT,Manual Review Pending analyst validation.
OILPS_IOGP_HPE_0055,HPE_P053,"A trailer driver was transporting six concrete barriers (3.5t each) on a flatbed trailer. The barriers were stacked in 
two rows (three in each row), with one cargo lashing belt securing two concrete ",Line of Fire,0.0009,Working at Height,0.0005,0.0004,Driving,0.55,PARTIAL_AGREEMENT,Manual Review Pending analyst validation.
OILPS_IOGP_HPE_0057,HPE_P055,"A telehandler operator was moving a 714kg pipe spool when he observed a trailer blocking his access. The operator 
pulled the telehandler over to the side waiting for the trailer to move away. When th",Energy Isolation,0.0151,Working at Height,0.0073,0.0078,Driving,0.35,PARTIAL_AGREEMENT,Manual Review Pending analyst validation.
OILPS_IOGP_HPE_0058,HPE_P056,"An 800-ton crawler crane and a 280-ton crawler crane had concluded lifting operations and were idle. A civil crew 
requested the 800-ton crane operator to reposition the hook so they could avoid worki",Safe Mechanical Lifting,0.0208,Energy Isolation,0.0002,0.0206,Safe Mechanical Lifting,0.75,PARTIAL_AGREEMENT,Manual Review Pending analyst validation.
OILPS_IOGP_HPE_0059,HPE_P057,"While a Wellhead Engineer was installing a side outlet valve at the wellhead deck, a Floor Man was preparing 
downhole guides on the upper deck level, but one down hole guide clamp, weighing 7 kg, sli",Energy Isolation,0.003,Working at Height,0.0008,0.0022,Work Authorization | Working at Height,0.35,PARTIAL_AGREEMENT,Manual Review Pending analyst validation.
OILPS_IOGP_HPE_0060,HPE_P058,"Power cable damage during excavation. The incident resulted from inadequate excavation planning, including missing cable markers, an overly shallow trial 
pit that failed to expose the deeper 11 kV ca",Safe Mechanical Lifting,0.0099,Working at Height,0.0014,0.0085,Work Authorization,0.55,PARTIAL_AGREEMENT,Manual Review Pending analyst validation.
OILPS_IOGP_HPE_0062,HPE_P060,"On 30/04/2025, a High Potential (HIPO) occurred when a crane’s counterweight of 15 tonnes fell off the trailer due 
to failure in the securing belt. The trailer was moving from the laydown area to the",Working at Height,0.0006,Energy Isolation,0.0001,0.0005,Driving | Safe Mechanical Lifting,0.35,PARTIAL_AGREEMENT,Manual Review Pending analyst validation.
OILPS_IOGP_HPE_0063,HPE_P061,"After completing the second gyro survey, the crew began rigging down. On the platform deck, a tugger line was 
attached to the gyro tool as secondary retention. The tool was lifted to the rig floor us",Safe Mechanical Lifting,0.0272,Hot Work,0.0126,0.0146,Safe Mechanical Lifting,0.75,PARTIAL_AGREEMENT,Manual Review Pending analyst validation.
OILPS_IOGP_HPE_0064,HPE_P062,"During racking-back a 7” landing joint using the Monkey board forward pullback tugger, the line parted, causing 
the parted hook and line to fall from the Monkey board to the rig floor. No one was inj",Working at Height,0.0024,Energy Isolation,0.0007,0.0017,Line of Fire | Working at Height,0.75,PARTIAL_AGREEMENT,Manual Review Pending analyst validation.
OILPS_IOGP_HPE_0065,HPE_P063,"The rig crew were in the process of nipple down the bell nipple mandrel. While positioning the multi purpose crane 
for installing the bell nipple lifting slings the man basket (354kg), which was hold",Working at Height,0.0091,Safe Mechanical Lifting,0.0003,0.0088,Safe Mechanical Lifting | Working at Height,0.75,PARTIAL_AGREEMENT,Manual Review Pending analyst validation.
OILPS_IOGP_HPE_0066,HPE_P064,"During the workboat transfer operation, workboat was transferred from the laydown area to the transport vessel 
main deck and positioned in its transport cradle. During final positioning, the vessel c",Working at Height,0.0006,Energy Isolation,0.0005,0.0001,Line of Fire | Safe Mechanical Lifting | Work Authorization,0.35,PARTIAL_AGREEMENT,Manual Review Pending analyst validation.
OILPS_IOGP_HPE_0067,HPE_P065,"Two project contractors were observed working outside the handrail on structural beams approximately 30 meters 
above sea level. They were without the required fall-prevention barriers or authorized p",Working at Height,0.0002,Line of Fire,0.0001,0.0001,Work Authorization | Working at Height,0.75,PARTIAL_AGREEMENT,Manual Review Pending analyst validation.
OILPS_IOGP_HPE_0068,HPE_P066,"IP was working alone and attempted to disconnect a 2"" airline which was pressurized. An assumption was made 
that line was de-pressurized without being verified - line was still connected to an air co",Line of Fire,0.0013,Energy Isolation,0.0002,0.0011,Energy Isolation | Line of Fire,0.75,PARTIAL_AGREEMENT,Manual Review Pending analyst validation.
OILPS_IOGP_HPE_0069,HPE_P067,"On May 20, 2025, a worker was engaged in repositioning a spec blind from the closed to the open position on the 
flare line, in preparation to de-isolate the unit for commissioning activities. During ",Line of Fire,0.0067,Energy Isolation,0.0003,0.0064,Energy Isolation,0.55,PARTIAL_AGREEMENT,Manual Review Pending analyst validation.
OILPS_IOGP_HPE_0070,HPE_P068,"During a fluid-hauling task, water transfer to a tank truck was completed and the hose was disconnected. A valve 
was found not fully closed, and hot fluid sprayed during subsequent valve manipulation",Energy Isolation,0.0004,Driving,0.0002,0.0002,Energy Isolation,0.75,PARTIAL_AGREEMENT,Manual Review Pending analyst validation.
OILPS_IOGP_HPE_0071,HPE_P000,"During offloading of a delivery of structural steel, a stacked load became unstable while the final securement strap 
was being removed. A beam fell from the trailer and struck a worker. Emergency res",Working at Height,0.0021,Safe Mechanical Lifting,0.0003,0.0018,Driving,0.55,PARTIAL_AGREEMENT,Manual Review Pending analyst validation.
OILPS_IOGP_HPE_0073,HPE_P070,"A Mechanic and an E-Tech were repairing a section of the natural gas manifold on frac pump. The employees were 
replacing a section on the manifold referred to as a pistol. After the repairs were made",Energy Isolation,0.1502,Hot Work,0.0293,0.1209,Energy Isolation,0.75,PARTIAL_AGREEMENT,Manual Review Pending analyst validation.
OILPS_IOGP_HPE_0074,HPE_P000,"IP contacted by 2 3/8"" joint of pipe. The team finished wireline work of setting a cast iron bridge plug, pressure tested well, ND frac valve and NU BOP. 
The crew then installed 2.875"" elevators (2.3",Working at Height,0.0026,Energy Isolation,0.0004,0.0022,Safe Mechanical Lifting | Working at Height,0.75,PARTIAL_AGREEMENT,Manual Review Pending analyst validation.
OILPS_IOGP_HPE_0075,HPE_P071,"A flash fire occurred during the demolition of internal components in the first-stage knockout drum (module C2) at 
the facility.
NORTH AMERICA ONSHORE
70
Safety performance indicators – 2025 data: Hi",Hot Work,0.0094,Line of Fire,0.0001,0.0093,Confined Space | Hot Work,0.75,PARTIAL_AGREEMENT,Manual Review Pending analyst validation.
OILPS_IOGP_HPE_0076,HPE_P072,"While releasing the tubing hanger, after a BOP test, unknown pressure had built up below the tubing hanger 
assembly causing it to lift up out of the BOP stack and fall to the ground. Fail to verify z",Energy Isolation,0.1457,Working at Height,0.001,0.1447,Working at Height,0.35,PARTIAL_AGREEMENT,Manual Review Pending analyst validation.
OILPS_IOGP_HPE_0077,HPE_P073,"While changing out tong heads during an ESP install, the IP’s right arm came into contact with the actuating lever, 
activating the tongs. IP’s left forearm was struck by the rotation of the tongs. PT",Line of Fire,0.0006,Working at Height,0.0004,0.0002,Line of Fire,0.75,PARTIAL_AGREEMENT,Manual Review Pending analyst validation.
OILPS_IOGP_HPE_0078,HPE_P074,"A worker fell approximately 16 feet from an aerial work platform onto a Christmas tree cart. The incident occurred 
while the worker was using a rope tied to the basket to pull an umbilical and create",Energy Isolation,0.0082,Working at Height,0.0007,0.0075,Line of Fire | Safe Mechanical Lifting,0.55,PARTIAL_AGREEMENT,Manual Review Pending analyst validation.
OILPS_IOGP_HPE_0079,HPE_P075,"While adjusting the ultra-high-pressure water blasting equipment in close proximity to normally energized cable 
trays, in three separate instances, two workers reported experiencing electrical shock ",Energy Isolation,0.0023,Hot Work,0.0001,0.0022,Work Authorization,0.35,PARTIAL_AGREEMENT,Manual Review Pending analyst validation.
OILPS_IOGP_HPE_0086,HPE_P082,"Contractor personnel were working on the installation of a 12-inch spool at ground level, while it was being held 
in a lifting operation. For causes yet to be determined, an actuated valve (SDV) loca",Line of Fire,0.0013,Energy Isolation,0.0011,0.0002,Line of Fire | Safe Mechanical Lifting,0.75,PARTIAL_AGREEMENT,Manual Review Pending analyst validation.
OILPS_IOGP_HPE_0087,HPE_P000,"Crew shuttle collision during a braking manoeuvre, the shuttle initially collided with the vehicle in front, then 
crossed into the oncoming lane and was struck on the right side by a semi-trailer tru",Line of Fire,0.0011,Driving,0.001,0.0001,Driving,0.35,PARTIAL_AGREEMENT,Manual Review Pending analyst validation.
OILPS_IOGP_HPE_0089,HPE_P084,"During the dismantling of scaffolding in a 45° angular configuration, assembler 01 had to apply excessive force 
to loosen a remaining clamp (exposed to the weather) using a ratchet wrench, causing th",Working at Height,0.0343,Line of Fire,0.0003,0.034,Working at Height,0.75,PARTIAL_AGREEMENT,Manual Review Pending analyst validation.
OILPS_IOGP_HPE_0090,HPE_P085,"During maintenance work at a Generation Unit, the mechanical technician suffered a fall from height, falling to a 
lower level from the engine access platform. During corrective maintenance work on tu",Working at Height,0.0034,Hot Work,0.0007,0.0027,Working at Height,0.75,PARTIAL_AGREEMENT,Manual Review Pending analyst validation.
OILPS_IOGP_HPE_0091,HPE_P086,"During the heating of an 18-inch pipe to remove the coating, the worker placed the torch at the entrance of the 18-
inch pipe. When attempting to light the torch with a manual spark igniter, a flammab",Hot Work,0.0746,Line of Fire,0.0026,0.072,Hot Work | Work Authorization,0.75,PARTIAL_AGREEMENT,Manual Review Pending analyst validation.
OILPS_IOGP_HPE_0092,HPE_P087,"During production tubing running operations on the drilling rig, four metallic components fell from height while 
using the catline system.
• Objects dropped from approximately 40 m height
• 2 × 1.8 k",Energy Isolation,0.0011,Working at Height,0.0011,0.0,Work Authorization | Working at Height,0.55,PARTIAL_AGREEMENT,Manual Review Pending analyst validation.
OILPS_IOGP_HPE_0094,HPE_P088,"On 22 March at approximately 08:45, a tool bag was lifted from the rig floor to the derrick using catline #02 during 
equipment mobilisation.
When the bag reached the derrickman’s platform level, it s",Working at Height,0.0021,Energy Isolation,0.0003,0.0018,Safe Mechanical Lifting | Work Authorization,0.55,PARTIAL_AGREEMENT,Manual Review Pending analyst validation.
OILPS_IOGP_FATAL_0005,IOGP_FATAL_P000,"At approximately 03:10 AM, crews were performing flange management on the water 16’’ and 18” lines and 
installation of the blind flange on the 24” overboard line for hydrotest. During the process, cr",Hot Work,0.0013,Energy Isolation,0.0001,0.0012,Hot Work,0.75,PARTIAL_AGREEMENT,Manual Review Pending analyst validation.
OILPS_IOGP_SPI_0009,IOGP_SPI_P013,"23 Sep 2025, 2:58 AM: Pressure drop (~6 psi) was detected during condensate shipping. Operations halted and 
security alerted.
Early Response: 
BY Security Control Room (BYSCR) coordinated with Quick ",Energy Isolation,0.0019,Line of Fire,0.0001,0.0018,Driving,0.35,PARTIAL_AGREEMENT,Manual Review Pending analyst validation.
OILPS_IOGP_SPI_0016,IOGP_SPI_P017,"A loss of hydraulic pressure was detected on a subsea system and troubleshooting indicated a subsea hydraulic 
flying lead had disconnected. The impacted well was shut in, methanol supply was isolated",Energy Isolation,0.0011,Line of Fire,0.0003,0.0008,Energy Isolation,0.75,PARTIAL_AGREEMENT,Manual Review Pending analyst validation.
OILPS_IOGP_SPI_0018,IOGP_SPI_P018,"A leak of Corrosion Inhibitor (CI) occurred at one of the remote wellhead platforms. The source of the leak was 
identified at the bleed ring plug of the storage tank’s level transmitter, which had be",Hot Work,0.0004,Energy Isolation,0.0003,0.0001,Energy Isolation,0.35,PARTIAL_AGREEMENT,Manual Review Pending analyst validation.
OILPS_IOGP_SPI_0020,IOGP_SPI_P020,"The puncture is on the pipeline between #6 and #7, approx. 100 m from the #6 collector. The powerfully flowing gas 
completely carried away the soil from the backbone pipeline. Since we were not able ",Working at Height,0.0006,Energy Isolation,0.0005,0.0001,Energy Isolation,0.55,PARTIAL_AGREEMENT,Manual Review Pending analyst validation.
OILPS_IOGP_SPI_0021,IOGP_SPI_P021,"An incident occurred during the transfer of an amine solution from a truck to a storage tank. The transfer 
was performed using a corrugated flexible hose connected to the truck with a threaded coupli",Driving,0.0443,Working at Height,0.001,0.0433,Energy Isolation,0.35,PARTIAL_AGREEMENT,Manual Review Pending analyst validation.
OILPS_IOGP_SPI_0022,IOGP_SPI_P000,"After completing the loading of a vacuum truck from the pit located on the premises, a fire broke out between 
the shed and the truck cabin while the engine was running. The fire affected the truck ca",Driving,0.1184,Hot Work,0.0061,0.1123,Driving,0.75,PARTIAL_AGREEMENT,Manual Review Pending analyst validation.
OILPS_IOGP_SPI_0024,IOGP_SPI_P023,"During permanent plugging, the 13 3/8’’ casing was cut with open BOP at 510 m after all barriers had towards 
all flowing units had been established below cutting depth. A significant volume of trappe",Energy Isolation,0.0001,Bypassing Safety Controls,0.0,0.0001,Hot Work,0.35,PARTIAL_AGREEMENT,Manual Review Pending analyst validation.
OILPS_IOGP_SPI_0026,IOGP_SPI_P024,"Two operators were preparing the well (gas lift) for maintenance. During preparation, the operators were supposed 
to bleed down the pressure on an isolated segment. Communication was made with the co",Energy Isolation,0.1191,Hot Work,0.0016,0.1175,Energy Isolation | Line of Fire,0.75,PARTIAL_AGREEMENT,Manual Review Pending analyst validation.
OILPS_IOGP_SPI_0028,IOGP_SPI_P000,"• Leak first detected at 17:19 on 12th Nov.
• Line isolated at 18:25 on 12th Nov and start depressurizing through burn pit.
• Line at zero pressure @ 06:00 on 13th Nov
while leak no personal were in f",Energy Isolation,0.0003,Bypassing Safety Controls,0.0,0.0003,Energy Isolation,0.75,PARTIAL_AGREEMENT,Manual Review Pending analyst validation.
OILPS_IOGP_SPI_0030,IOGP_SPI_P027,"Crude oil leak from a 6” line coming from oil wells and going to a facility. The line was isolated. The total volume 
spilled is 20bbls. Corrosion/erosion.
26
Safety performance indicators – Process s",Line of Fire,0.0003,Working at Height,0.0003,0.0,Energy Isolation,0.55,PARTIAL_AGREEMENT,Manual Review Pending analyst validation.
OILPS_IOGP_SPI_0031,IOGP_SPI_P000,"Crude oil leak from a 6’’ underground line coming from oil well and going to Gathering center. The line was isolated. 
The total volume spilled is 10 bbls. Corrosion/erosion.",Line of Fire,0.0013,Working at Height,0.0012,0.0001,Energy Isolation,0.55,PARTIAL_AGREEMENT,Manual Review Pending analyst validation.
OILPS_IOGP_SPI_0032,IOGP_SPI_P028,"Crude oil leak from a line coming from T-Junction and going central processing unit. The line was isolated. The 
total volume spilled is 10 bbls. Corrosion/erosion.",Working at Height,0.0073,Line of Fire,0.0011,0.0062,Energy Isolation,0.35,PARTIAL_AGREEMENT,Manual Review Pending analyst validation.
OILPS_IOGP_SPI_0033,IOGP_SPI_P029,"Several gas-detection alarms were triggered at a remote manifold station during evening operations, followed 
shortly by a report from field personnel of a major leak accompanied by a loud noise. All ",Energy Isolation,0.0005,Hot Work,0.0004,0.0001,Energy Isolation,0.75,PARTIAL_AGREEMENT,Manual Review Pending analyst validation.
OILPS_IOGP_SPI_0035,IOGP_SPI_P030,"On 17 April 2025, at 09:15 AM, during plant round, an operator observed an abnormal sound. Upon further 
inspection of the area, a vapor cloud and condensate leak were identified in Unit-84 from the S",Energy Isolation,0.0001,Working at Height,0.0001,0.0,Energy Isolation,0.75,PARTIAL_AGREEMENT,Manual Review Pending analyst validation.
OILPS_IOGP_SPI_0037,IOGP_SPI_P000,"During a scheduled GLSDV function test, the Well head maintenance team confirmed normal operating 
conditions before detecting a hissing sound at the riser line while leaving the platform. The leak wa",Energy Isolation,0.0001,Hot Work,0.0001,0.0,Energy Isolation,0.75,PARTIAL_AGREEMENT,Manual Review Pending analyst validation.
OILPS_IOGP_SPI_0039,IOGP_SPI_P000,"On 31st May 2025 at 20:45hr, a loud jetting sound from heard from unmanned offshore platform. Emergency 
shutdown (ESD) was initiated from at 21:05 hr. The operating pressure of the isolated pressure ",Energy Isolation,0.1269,Working at Height,0.0004,0.1265,Energy Isolation,0.75,PARTIAL_AGREEMENT,Manual Review Pending analyst validation.
OILPS_IOGP_SPI_0040,IOGP_SPI_P033,"During this operation, the handle and stem assembly of the 3-way valve, operating under an oil pressure of 55 bar, 
detached from the valve body and struck one operator on the lower left side of the f",Energy Isolation,0.1816,Working at Height,0.0094,0.1722,Safe Mechanical Lifting,0.35,PARTIAL_AGREEMENT,Manual Review Pending analyst validation.
OILPS_IOGP_SPI_0044,IOGP_SPI_P036,"An operator identified abnormal pressure conditions on a CO2 injection system and confirmed a pipeline failure on a 
CO2 flexpipe segment. The release was isolated and response actions were initiated.",Energy Isolation,0.0014,Hot Work,0.0001,0.0013,Energy Isolation,0.75,PARTIAL_AGREEMENT,Manual Review Pending analyst validation.
OILPS_IOGP_SPI_0047,IOGP_SPI_P000,Release occurred from water dump bypass valve. Valve erosion.,Working at Height,0.0003,Driving,0.0001,0.0002,Bypassing Safety Controls,0.35,PARTIAL_AGREEMENT,Manual Review Pending analyst validation.
OILPS_IOGP_FATAL_0048,IOGP_FATAL_P038,"The worker was holding the position of Trainee with a service company, while performing activities on the 18” 
floating gate valve located on the inlet line to the separator at the Gas Transportation ",Line of Fire,0.0134,Energy Isolation,0.0004,0.013,Energy Isolation,0.7,PARTIAL_AGREEMENT,Manual Review Pending analyst validation.
OILPS_IOGP_SPI_0049,IOGP_SPI_P039,"During a drone inspection along the Right of Way of the 16” Ø crude oil pipeline, a loss of containment was detected 
at km 31+812, which was subsequently confirmed by pipeline personnel, in a low-lyi",Hot Work,0.0296,Energy Isolation,0.0011,0.0285,Hot Work,0.75,PARTIAL_AGREEMENT,Manual Review Pending analyst validation.
OILPS_IOGP_SPI_0050,IOGP_SPI_P040,"A leak was detected on the 3” Ø liquids line toward the battery limit, which is currently out of operation.
Actions: It was verified that the valves of the liquids circuit were closed; the area around",Energy Isolation,0.0011,Line of Fire,0.0005,0.0006,Energy Isolation,0.75,PARTIAL_AGREEMENT,Manual Review Pending analyst validation.
OILPS_IOGP_SPI_0051,IOGP_SPI_P041,"A loss of containment was detected on the Right of way of the 16” Ø oil-gas pipeline that runs from the #1 
Separation Battery to the interconnection of the 16” Ø oil-gas pipeline (L2) at the AT of th",Hot Work,0.0003,Energy Isolation,0.0002,0.0001,Energy Isolation,0.35,PARTIAL_AGREEMENT,Manual Review Pending analyst validation.
OILPS_IOGP_SPI_0052,IOGP_SPI_P042,"At 18:00 hrs on 11/30/2025, on-call personnel notified the Production Supervisor via radio about an event in the 
measurement tank (TM) area, detecting on site the passage of liquids in the suction va",Energy Isolation,0.2106,Working at Height,0.0011,0.2095,Safe Mechanical Lifting,0.35,PARTIAL_AGREEMENT,Manual Review Pending analyst validation.
OILPS_IOGP_SPI_0057,IOGP_SPI_P045,"Based on witness statements and post incident evidence. On 5/9/2025, at approximately 12:30 hours, a gas leak 
occurred on the gas filter separator located at the Compressor Station. A vapor cloud for",Hot Work,0.013,Energy Isolation,0.0003,0.0127,Hot Work,0.75,PARTIAL_AGREEMENT,Manual Review Pending analyst validation.
OILPS_IOGP_SPI_0063,IOGP_SPI_P048,"Crew were in the process of installing an injection quill/H2S analyser probe into a valve positioned on top of the 
sales gas line in the dehydration building. As part of the installation process they",Energy Isolation,0.0582,Working at Height,0.0033,0.0549,Work Authorization | Working at Height,0.35,PARTIAL_AGREEMENT,Manual Review Pending analyst validation.
OILPS_IOGP_SPI_0064,IOGP_SPI_P000,"Contractor repairing methanol pump caused 3/8” line to part, releasing gas; check valve and fitting failed; no injuries. On 1/13/25, a contractor was repairing a methanol pump in the compressor buildi",Energy Isolation,0.0162,Hot Work,0.0002,0.016,Energy Isolation,0.75,PARTIAL_AGREEMENT,Manual Review Pending analyst validation.
OILPS_IOGP_SPI_0075,IOGP_SPI_P000,"Pump housing failure from foreign object caused spill of 8.92 bbl oil and 2.97 bbl water; contained and recovered. On 5/5/25, environmental was notified of a spill from the circulating pump. The pump ",Working at Height,0.0003,Energy Isolation,0.0002,0.0001,Energy Isolation,0.55,PARTIAL_AGREEMENT,Manual Review Pending analyst validation.
OILPS_IOGP_SPI_0078,IOGP_SPI_P056,"Glycol pump failure released 483 kcf gas over 3.75 hours; site shut down and isolated.
Safety performance indicators – Process safety events – 2025 data
55

===PAGE_56=== On 6/1/2025 Production Forema",Working at Height,0.0003,Energy Isolation,0.0001,0.0002,Energy Isolation,0.35,PARTIAL_AGREEMENT,Manual Review Pending analyst validation.
OILPS_IOGP_SPI_0083,IOGP_SPI_P000,"Truck loading error released 46.8 bbl oil; contained onsite and recovered. LO received a call from third-party trucking company stating they had a spill while loading truck. Driver forgot 
to open the",Driving,0.0055,Working at Height,0.0007,0.0048,Driving,0.75,PARTIAL_AGREEMENT,Manual Review Pending analyst validation.
OILPS_IOGP_SPI_0085,IOGP_SPI_P060,"Discharge line failure released 108 KCF gas; site blown down and isolated. On 8.20.25 a discharge line from the gas lift compressor failed causing segments of the discharge line to separate 
and eject",Hot Work,0.0009,Energy Isolation,0.0001,0.0008,Energy Isolation,0.35,PARTIAL_AGREEMENT,Manual Review Pending analyst validation.
OILPS_IOGP_SPI_0095,IOGP_SPI_P065,"Bottom valve sand blockage masked fluid level, releasing 43 bbl oil during manway opening; no injuries. On 12/19/25, Maintenance crew was tasked with cleaning out Bulk tank. Vessel was isolated correc",Energy Isolation,0.0027,Hot Work,0.0002,0.0025,Energy Isolation,0.75,PARTIAL_AGREEMENT,Manual Review Pending analyst validation.
OILPS_IOGP_SPI_0097,IOGP_SPI_P066,"Sour water pre-filter O-ring leak triggered H2S alarms; facility isolated, ventilated, and area reclassified from air-
pack available to carry zone. On 2/24/2025, the sour water pre-filter leaked thro",Working at Height,0.0011,Energy Isolation,0.0001,0.001,Energy Isolation,0.35,PARTIAL_AGREEMENT,Manual Review Pending analyst validation.
OILPS_IOGP_SPI_0102,IOGP_SPI_P000,"Foreman found small head gasket leak on HP compressor #4 cylinder; compressor shut down; trending later 
showed 1.2 ppm. The foreman was driving past the open doors of the compressor building and hear",Energy Isolation,0.0005,Hot Work,0.0001,0.0004,Driving,0.35,PARTIAL_AGREEMENT,Manual Review Pending analyst validation.
OILPS_IOGP_SPI_0104,IOGP_SPI_P000,"1-inch equalization line leak released CO2/H2S at 320 lb/hr (14.5 lb/hr H2S). On 8/8/2025, gas detection alarmed on 10ppm H2S when a 1” equalization line in the mezzanine leaked downward 
(~1050 psig ",Energy Isolation,0.0002,Working at Height,0.0002,0.0,Energy Isolation,0.75,PARTIAL_AGREEMENT,Manual Review Pending analyst validation.
OILPS_IOGP_SPI_0107,IOGP_SPI_P000,"Production tank load line 3-inch valve failed releasing 228.56 bbl crude into berms; operator isolated line; fluids 
remained contained. At 5:34 am, the operator received a dike alarm which shut in th",Energy Isolation,0.0004,Hot Work,0.0001,0.0003,Energy Isolation,0.75,PARTIAL_AGREEMENT,Manual Review Pending analyst validation.
OILPS_IOGP_SPI_0118,IOGP_SPI_P077,"Lightning strike caused salt water disposal unit (SWD) tank fire, burning 18.75 bbl. oil and damaging multiple tanks 
before extinguished. The Operator saw smoke in field after a storm passed and disc",Hot Work,0.0029,Line of Fire,0.0003,0.0026,Line of Fire,0.35,PARTIAL_AGREEMENT,Manual Review Pending analyst validation.
OILPS_IOGP_SPI_0121,IOGP_SPI_P000,"Pipeline Lease Automatic Custody Transfer (LACT) unit leak from nipple under flow meter spilled 33 bbl. on pad; 30 
bbl. recovered. Night operations was doing final rounds and came upon spill coming f",Line of Fire,0.0005,Working at Height,0.0002,0.0003,Energy Isolation,0.35,PARTIAL_AGREEMENT,Manual Review Pending analyst validation.
OILPS_IOGP_SPI_0122,IOGP_SPI_P079,Contractor vehicle hit gas injection blowdown riser releasing gas; compressor shut in and no injuries. Contractor backed over a high-pressure gas injection blowdown riser with company vehicle causing ,Energy Isolation,0.0023,Hot Work,0.0002,0.0021,Driving,0.35,PARTIAL_AGREEMENT,Manual Review Pending analyst validation.
OILPS_IOGP_SPI_0134,IOGP_SPI_P085,"A localized flash fire occurred inside the injection compressor’s 1st stage knockout (KO) drum within a central 
facility. Personnel had entered the drum to clean and demolish internal components in p",Hot Work,0.058,Line of Fire,0.0007,0.0573,Confined Space | Hot Work | Work Authorization,0.75,PARTIAL_AGREEMENT,Manual Review Pending analyst validation.
OILPS_IOGP_SPI_0138,IOGP_SPI_P087,"Discharge line that had a 1” riser with a 1” ball valve was accidentally run over. Upon striking the riser, it broke off, 
and gas began to release. Vehicle accident.",Energy Isolation,0.0068,Hot Work,0.0015,0.0053,Driving,0.35,PARTIAL_AGREEMENT,Manual Review Pending analyst validation.
OILPS_IOGP_SPI_0148,IOGP_SPI_P092,"After bringing the well online following a frac hit, there was a release downstream of the 90-degree choke on the 
high-pressure separator. Washout occurred in the dump system adjustable choke due to ",Energy Isolation,0.5824,Confined Space,0.0002,0.5822,NONE,0.35,PARTIAL_AGREEMENT,Manual Review Pending analyst validation.
OILPS_IOGP_SPI_0155,IOGP_SPI_P000,"A fire incident occurred at the Central Tank Battery (CTB), with preliminary assessments indicating that the origin 
point was Lease Automatic Custody Transfer (LACT) unit Pump B. The ignition source ",Hot Work,0.0535,Confined Space,0.0002,0.0533,Hot Work,0.75,PARTIAL_AGREEMENT,Manual Review Pending analyst validation.
OILPS_IOGP_SPI_0157,IOGP_SPI_P097,"During a walkthrough on the platform, a worker who was holding the position of Helper C perceived an abnormal 
noise near the fuel gas regulation package, which operates at 74 kg/cm². Upon inspecting ",Hot Work,0.0037,Line of Fire,0.0007,0.003,Energy Isolation,0.35,PARTIAL_AGREEMENT,Manual Review Pending analyst validation.
OILPS_IOGP_SPI_0158,IOGP_SPI_P098,"The subsea support vessel reported that during ballast removal activities on the Line, diving personnel identified, 
during the 06:00 technical schedule, a loss of containment located 57 cm from the f",Energy Isolation,0.0095,Working at Height,0.0008,0.0087,Energy Isolation,0.75,PARTIAL_AGREEMENT,Manual Review Pending analyst validation.
OILPS_IOGP_SPI_0170,IOGP_SPI_P000,"During fibre optic installation work, an 8” pipe was broken by a backhoe excavator. At the time of the excavation, there was no work permit approved for this task. 
The work plan did not include excav",Safe Mechanical Lifting,0.0004,Hot Work,0.0001,0.0003,Work Authorization,0.35,PARTIAL_AGREEMENT,Manual Review Pending analyst validation.
OILPS_IOGP_SPI_0171,IOGP_SPI_P107,"Gas leak in manifold (measurement bridge), in the plant during production bypass to different gas transport 
company. Subsequently, the plant shutdown and blowdown were executed, successfully stopping",Energy Isolation,0.0015,Working at Height,0.0004,0.0011,Bypassing Safety Controls,0.35,PARTIAL_AGREEMENT,Manual Review Pending analyst validation.
OILPS_IOGP_SPI_0177,IOGP_SPI_P112,"During the annulus damping operation, draining the gas from the annulus to the test plant and replacing it with 9.8 
ppg inhibited water-based complementary fluid, methane gas was detected on the deck",Working at Height,0.0002,Energy Isolation,0.0001,0.0001,Work Authorization,0.35,PARTIAL_AGREEMENT,Manual Review Pending analyst validation.
OILPS_IOGP_SPI_0184,IOGP_SPI_P120,"At approximately 05:45, a rupture occurred in a gas lift riser pipeline. Gas detectors on the unit identified the 
presence of a gas cloud, which triggered an emergency shutdown of the facility, resul",Energy Isolation,0.0002,Line of Fire,0.0002,0.0,Driving,0.35,PARTIAL_AGREEMENT,Manual Review Pending analyst validation.
OILPS_IOGP_SPI_0185,IOGP_SPI_P121,"A chemical operator was performing a transfer and dosing operation of a caustic product into a cooling water 
system in an industrial plant. During the disconnection of a hose used for product injecti",Energy Isolation,0.206,Working at Height,0.0163,0.1897,Working at Height,0.35,PARTIAL_AGREEMENT,Manual Review Pending analyst validation.
OILPS_IOGP_SPI_0186,IOGP_SPI_P122,"During the maintenance activity to remove instrumentation from a gas export pipeline, a manual valve stem 
detached, leading to the release of flammable gas. The gas leak was detected by multiple gas ",Working at Height,0.0002,Hot Work,0.0001,0.0001,Energy Isolation,0.35,PARTIAL_AGREEMENT,Manual Review Pending analyst validation.
OILPS_IOGP_FATAL_0189,IOGP_FATAL_P125,"Crews were performing flange management on the water 16’’ and 18’ lines and installation of the blind flange on 
the 24’ overboard line for hydrotest. During the process, crew encountered a clash with",Hot Work,0.0007,Driving,0.0001,0.0006,Hot Work,0.75,PARTIAL_AGREEMENT,Manual Review Pending analyst validation.
OILPS_IOGP_FATAL_0192,IOGP_FATAL_P128,"On 22 October 2025 at approximately 1615 hours, smoke alarm detectors were triggered in the engine room. 
Personnel on Board (POB) mustering and engine room reported one missing person. Emergency Resp",Energy Isolation,0.0001,Safe Mechanical Lifting,0.0001,0.0,Energy Isolation,0.75,PARTIAL_AGREEMENT,Manual Review Pending analyst validation.
OILPS_IOGP_FATAL_0193,IOGP_FATAL_P129,"The contractor worker, 50 years old, while performing activities on an 18” floating gate valve located at the inlet 
line to separator at the Gas Transportation Processing Centre, was struck by a meta",Line of Fire,0.0005,Energy Isolation,0.0003,0.0002,Line of Fire,0.75,PARTIAL_AGREEMENT,Manual Review Pending analyst validation.
OILPS_IOGP_SPI_0202,IOGP_SPI_P137,"A flash fire occurred during the demolition of internal components in the first-stage knockout drum (module C2) at 
the facility.
136
Safety performance indicators – Process safety events – 2025 data
",Hot Work,0.0097,Line of Fire,0.0001,0.0096,Confined Space | Hot Work,0.75,PARTIAL_AGREEMENT,Manual Review Pending analyst validation.
OILPS_IOGP_SPI_0208,IOGP_SPI_P143,"During hot work activities to replace process lines, the flange of a service water line was broken. This resulted in a 
release of water followed by a hydrocarbon/water emulsion. There was no CO/LEL d",Hot Work,0.0003,Line of Fire,0.0002,0.0001,Energy Isolation | Hot Work,0.75,PARTIAL_AGREEMENT,Manual Review Pending analyst validation.
OILPS_OSHA_00002,2015010024,One employee was hospitalized after being struck by a tire when he was airing the tire up during his pre-drive inspection. nan,Safe Mechanical Lifting,0.0754,Line of Fire,0.0476,0.0278,Line of Fire,0.35,PARTIAL_AGREEMENT,Manual Review Pending analyst validation.
OILPS_OSHA_00007,2015010093,An employee was exposed to a pinch point hazard when his left thumb was caught between the ST-80 and another metal object. nan,Line of Fire,0.0905,Safe Mechanical Lifting,0.0069,0.0836,Line of Fire,0.75,PARTIAL_AGREEMENT,Manual Review Pending analyst validation.
OILPS_OSHA_00016,2015010318,"On or about January 9, 2015, an employee slipped on ice on the rig floor. He put his right hand out to break his fall. His right index finger was caught between the stump and the Kelly ripping skin of",Line of Fire,0.1931,Working at Height,0.0424,0.1507,Line of Fire | Working at Height,0.75,PARTIAL_AGREEMENT,Manual Review Pending analyst validation.
OILPS_OSHA_00020,2015010399,"The employee was attempting to rig a steel beam with a chain sling and overhead crane. While attempting to rig this elevated beam, it fell towards the employee. The employee tried to brace/stop the be",Safe Mechanical Lifting,0.4204,Hot Work,0.0215,0.3989,Hot Work | Safe Mechanical Lifting,0.75,PARTIAL_AGREEMENT,Manual Review Pending analyst validation.
OILPS_OSHA_00022,2015010411,Employee was removing a flow line from preventer to mud tank. The flow line pinched the employee's finger between the flange and the BOP causing the amputation. nan,Hot Work,0.7884,Energy Isolation,0.6707,0.1177,NONE,0.35,PARTIAL_AGREEMENT,Manual Review Pending analyst validation.
OILPS_OSHA_00025,2015010425,An employee was injured and admitted to the hospital due to being struck by equipment during the movement of pipe while working on a work-over rig in Northeast Colorado. The accident occurred on Novem,Line of Fire,0.0003,Hot Work,0.0001,0.0002,Line of Fire,0.75,PARTIAL_AGREEMENT,Manual Review Pending analyst validation.
OILPS_OSHA_00028,2015010444,An employee's foot was struck by an excavating machine. The employee was admitted to the hospital and stayed overnight for surgery. nan,Safe Mechanical Lifting,0.0086,Line of Fire,0.0035,0.0051,Line of Fire,0.35,PARTIAL_AGREEMENT,Manual Review Pending analyst validation.
OILPS_OSHA_00032,2015010506,Employee burned by flash fire at pumping station while adjusting compressor. nan,Hot Work,0.5995,Line of Fire,0.0006,0.5989,NONE,0.35,PARTIAL_AGREEMENT,Manual Review Pending analyst validation.
OILPS_OSHA_00036,2015010563,Employee was taking out a 10-inch hose to get water ready for the frac operation when he was struck by the hose on his ankle. The employee flipped and fell on his head. He bled from the left ear and s,Energy Isolation,0.0599,Line of Fire,0.0294,0.0305,Line of Fire,0.35,PARTIAL_AGREEMENT,Manual Review Pending analyst validation.
OILPS_OSHA_00049,2015010720,"An employee was on the stabbing board to hang the tong line. He unhooked the derrick climber from his harness and when he let go of it he was hit in the mouth, lost his footing, and fell even though h",Working at Height,0.9457,Line of Fire,0.9375,0.0082,Working at Height,0.75,STRONG_AGREEMENT,Manual Review Pending analyst validation.
OILPS_OSHA_00057,2015010845,The rig crew was rigging down the work floor on the rig to change out a valve on the well head. The injured employee was standing on the rig platform reaching for the pin and lost his balance. He fell,Energy Isolation,0.1816,Working at Height,0.0177,0.1639,Safe Mechanical Lifting,0.35,PARTIAL_AGREEMENT,Manual Review Pending analyst validation.
OILPS_OSHA_00069,2015021264,"Employee was struck by a 12-inch pipe while it was being lowered into a three-foot deep trench, breaking his leg in two places above the ankle. nan",Safe Mechanical Lifting,0.3486,Line of Fire,0.1694,0.1792,Line of Fire,0.35,PARTIAL_AGREEMENT,Manual Review Pending analyst validation.
OILPS_OSHA_00073,2015021300,An employee's left pinky was amputated after his hand was caught between a roller and a tank. nan,Line of Fire,0.0669,Safe Mechanical Lifting,0.0237,0.0432,Line of Fire,0.75,PARTIAL_AGREEMENT,Manual Review Pending analyst validation.
OILPS_OSHA_00087,2015020518,An employee was standing on a pipe rack using his feet to roll pipe to the edge when his foot was caught by a pipe causing him to fall off the rack. The employee's foot was broken by the pipe that als,Energy Isolation,0.4875,Safe Mechanical Lifting,0.4488,0.0387,Working at Height,0.35,PARTIAL_AGREEMENT,Manual Review Pending analyst validation.
OILPS_OSHA_00091,2015020655,An employee working on an oil-and-gas service rig suffered partial amputations of the right middle and right ring fingers after his hand was caught between the tong plate and the pin that secures the ,Safe Mechanical Lifting,0.1536,Line of Fire,0.005,0.1486,Line of Fire,0.35,PARTIAL_AGREEMENT,Manual Review Pending analyst validation.
OILPS_OSHA_00092,2015020672,An employee was performing maintenance work on a crawler crane's ignition system while standing on the track which provided only 5.5 inches of surface to stand on. The mechanic slipped and fell approx,Hot Work,0.0012,Energy Isolation,0.0001,0.0011,Safe Mechanical Lifting,0.55,PARTIAL_AGREEMENT,Manual Review Pending analyst validation.
OILPS_OSHA_00093,2015020679,"Employee amputated the tip of the left-hand pinky finger while pulling 20' long pipe from a pipe rack. While pulling one section of pipe from the rack, another pipe shifted; the employee's finger beca",Safe Mechanical Lifting,0.5421,Driving,0.0084,0.5337,Line of Fire,0.35,PARTIAL_AGREEMENT,Manual Review Pending analyst validation.
OILPS_OSHA_00097,2015020774,Employee was changing out a piece of pipe while installing underground conduits on a directional drilling rig. He was struck by a wrench. The employee was taken to the hospital with injuries to his fo,Working at Height,0.0033,Line of Fire,0.0023,0.001,Line of Fire,0.35,PARTIAL_AGREEMENT,Manual Review Pending analyst validation.
OILPS_OSHA_00100,2015020858,"An employee was attaching a compressor to a skid with a pneumatic impact driver. The employee's finger got caught in the driver, which tore off his fingertip; the injury did not involve the bone. nan",Line of Fire,0.3041,Driving,0.2684,0.0357,Driving,0.35,PARTIAL_AGREEMENT,Manual Review Pending analyst validation.
OILPS_OSHA_00101,2015030879,"On 3/1/15, an employee was struck by a passenger vehicle in a roadside work zone, resulting in an amputation. nan",Line of Fire,0.5458,Safe Mechanical Lifting,0.0301,0.5157,Driving | Line of Fire,0.75,PARTIAL_AGREEMENT,Manual Review Pending analyst validation.
OILPS_OSHA_00106,2015030991,Employee was struck in his back with a chain while walking behind a vehicle-mounted drilling rig. nan,Line of Fire,0.1903,Safe Mechanical Lifting,0.0033,0.187,Driving,0.35,PARTIAL_AGREEMENT,Manual Review Pending analyst validation.
OILPS_OSHA_00107,2015030582,Employee was lifting pipes when the pipes slipped and fell onto the employee's fingers resulting in medical amputation. nan,Confined Space,0.0109,Work Authorization,0.007,0.0039,Safe Mechanical Lifting,0.35,PARTIAL_AGREEMENT,Manual Review Pending analyst validation.
OILPS_OSHA_00113,2015031093,"On or about March 10, 2015, at 2:30 p.m., two employees got struck by a drilling motor and a cart. While pushing the cart from the outside of the building to the inside, the cart tipped and the drilli",Energy Isolation,0.6349,Working at Height,0.0621,0.5728,Line of Fire,0.35,PARTIAL_AGREEMENT,Manual Review Pending analyst validation.
OILPS_OSHA_00120,2015030311,"An employee was spotting a tractor that was picking up equipment. The employee slipped, and the employee's hand was caught between the tractor and equipment. The hand was crushed and required surgery.",Safe Mechanical Lifting,0.5695,Driving,0.0145,0.555,Line of Fire,0.35,PARTIAL_AGREEMENT,Manual Review Pending analyst validation.
OILPS_OSHA_00122,2015030594,An employee on an oil rig had his left hand amputated by a rock crusher while dislodging rocks from the machine. Lockout procedures were not followed at the time. nan,Line of Fire,0.0006,Working at Height,0.0003,0.0003,Energy Isolation,0.35,PARTIAL_AGREEMENT,Manual Review Pending analyst validation.
OILPS_OSHA_00127,2015031221,"An employee amputated his left pinky (small) finger while moving a drill pipe and putting it on a rack. As he lowered the drill pipe, he slipped and his pinky got caught beneath the pipe. nan",Driving,0.9322,Safe Mechanical Lifting,0.8568,0.0754,NONE,0.35,PARTIAL_AGREEMENT,Manual Review Pending analyst validation.
OILPS_OSHA_00132,2015031358,"An employee was struck by a 2,000-pound pipe while working on a service rig. He sustained damage to his left ankle. nan",Safe Mechanical Lifting,0.0233,Energy Isolation,0.0045,0.0188,Line of Fire,0.35,PARTIAL_AGREEMENT,Manual Review Pending analyst validation.
OILPS_OSHA_00133,2015031378,"An employee fractured his right middle finger while loading a 250-pound test plug onto the back of his truck. The forklift used to raise the load released it, and the employee's finger got caught betw",Driving,0.6312,Safe Mechanical Lifting,0.168,0.4632,Line of Fire,0.35,PARTIAL_AGREEMENT,Manual Review Pending analyst validation.
OILPS_OSHA_00134,2015031384,"An employee slipped and fell while a dump box was simultaneously being lowered. The employee's right thumb was caught between a pinch point, which resulted in an amputation of the right thumb at the f",Line of Fire,0.0184,Hot Work,0.0012,0.0172,Line of Fire,0.75,PARTIAL_AGREEMENT,Manual Review Pending analyst validation.
OILPS_OSHA_00138,2015031447,An employee sustained injuries to his left index finger while rigging down. nan,Safe Mechanical Lifting,0.1234,Hot Work,0.014,0.1094,Safe Mechanical Lifting,0.75,PARTIAL_AGREEMENT,Manual Review Pending analyst validation.
OILPS_OSHA_00140,2015030398,"An employee was injured on 3/26/15 while working on an inactive, disengaged brake. The employee tripped and was struck by a counterbalance in the chest and abdomen. nan",Line of Fire,0.0025,Safe Mechanical Lifting,0.0025,0.0,Line of Fire,0.75,PARTIAL_AGREEMENT,Manual Review Pending analyst validation.
OILPS_OSHA_00143,2015031548,Employees were connecting a drill pipe. The injured employee suffered a partial amputation to his pinky finger when it got caught between the pipe and tong. nan,Line of Fire,0.5455,Hot Work,0.0994,0.4461,Line of Fire,0.75,PARTIAL_AGREEMENT,Manual Review Pending analyst validation.
OILPS_OSHA_00144,2015031579,"An employee's hand got caught between elevators and a derrick. The employee sustained a laceration between the ring and small fingers on the right hand, as well as a fractured small finger. nan",Working at Height,0.2823,Energy Isolation,0.0894,0.1929,Line of Fire,0.35,PARTIAL_AGREEMENT,Manual Review Pending analyst validation.
OILPS_OSHA_00150,2015031639,"An employee was grinding at a pedestal grinder on a small piece of work. The work had been set in place using vice grips. The work slipped from its placement, moving and lodging into the space between",Hot Work,0.0011,Line of Fire,0.0004,0.0007,Hot Work,0.75,PARTIAL_AGREEMENT,Manual Review Pending analyst validation.
OILPS_OSHA_00151,2015041665,An employee with a sledgehammer struck the injured employee's left middle finger while he was holding a board. The injured employee's fingertip was amputated. nan,Safe Mechanical Lifting,0.5298,Line of Fire,0.1492,0.3806,NONE,0.35,PARTIAL_AGREEMENT,Manual Review Pending analyst validation.
OILPS_OSHA_00152,2015041709,"Employees were replacing equipment to install a cannon ball. As they were replacing the equipment, an employee bumped one of the valves. Pressure was released, spraying onto the employee's neck. nan",Energy Isolation,0.6399,Confined Space,0.0124,0.6275,NONE,0.35,PARTIAL_AGREEMENT,Manual Review Pending analyst validation.
OILPS_OSHA_00153,2015041744,"An employee was working on the pipeline. A pipe came off of the trough and coiled on the floor. The employee tried to straighten out the coiled pipe. His feet became tangled in the pipe, causing him t",Energy Isolation,0.002,Working at Height,0.0017,0.0003,Working at Height,0.35,PARTIAL_AGREEMENT,Manual Review Pending analyst validation.
OILPS_OSHA_00160,2015041924,"An employee was performing cementing operations on a drilling rig. While using an air hoist to hoist a cement plug over a pipe, his thumb got caught between the ""wing"" of the plug and the plug itself.",Energy Isolation,0.0098,Safe Mechanical Lifting,0.0035,0.0063,Line of Fire | Safe Mechanical Lifting,0.35,PARTIAL_AGREEMENT,Manual Review Pending analyst validation.
OILPS_OSHA_00164,2015041948,"On April 13, 2015, at approximately 1:30 p.m., an employee was shot in the left hand. Prior to the incident, a well tender found an issue at a well site. The well tender contacted a roustabout crew to",Line of Fire,0.0138,Safe Mechanical Lifting,0.0118,0.002,Driving,0.55,PARTIAL_AGREEMENT,Manual Review Pending analyst validation.
OILPS_OSHA_00168,2015042146,An employee was in the process of rolling a 22 inch diameter pipe with an instrument called a C-Bar (tool used to roll the pipe). His finger got caught between the C-Bar and the next joint of pipe to ,Energy Isolation,0.1837,Hot Work,0.0023,0.1814,Line of Fire,0.35,PARTIAL_AGREEMENT,Manual Review Pending analyst validation.
OILPS_OSHA_00174,2015042298,"An employee fell while standing on a crescent wrench, cutting his leg on a valve. nan",Working at Height,0.0017,Hot Work,0.0002,0.0015,Hot Work,0.35,PARTIAL_AGREEMENT,Manual Review Pending analyst validation.
OILPS_OSHA_00181,2015042419,A third party contractor was nippling up a production tree. The employee was tightening the bull plug and the wrench slipped off causing the employee to lose balance and to fall approximately 5 feet t,Energy Isolation,0.0036,Working at Height,0.0014,0.0022,Working at Height,0.35,PARTIAL_AGREEMENT,Manual Review Pending analyst validation.
OILPS_OSHA_00182,2015042422,An employee was struck by a company truck at the company's construction yard and hospitalized for a broken leg. nan,Driving,0.5818,Safe Mechanical Lifting,0.0161,0.5657,Line of Fire,0.35,PARTIAL_AGREEMENT,Manual Review Pending analyst validation.
OILPS_OSHA_00183,2015042446,"On or about 4/29/15, an employee's index finger on right hand was amputated while cutting a 2 x 6 wood slab on a table saw. The employee was hospitalized. The employee's 4th and 5th digits on the righ",Working at Height,0.0135,Line of Fire,0.0067,0.0068,Hot Work,0.35,PARTIAL_AGREEMENT,Manual Review Pending analyst validation.
OILPS_OSHA_00189,2015052514,"An employee was on a tubular pile adjusting straps. The pile rolled, catching his foot and causing him to fall, fracturing his right leg. No cribbing was used at the time of the incident. nan",Working at Height,0.0164,Safe Mechanical Lifting,0.0053,0.0111,Working at Height,0.75,PARTIAL_AGREEMENT,Manual Review Pending analyst validation.
OILPS_OSHA_00195,2015052675,An employee fell from an elevated work platform on a drill rig while installing piping for the well. The employee broke both ankles. nan,Working at Height,0.0039,Hot Work,0.0023,0.0016,Working at Height,0.75,PARTIAL_AGREEMENT,Manual Review Pending analyst validation.
OILPS_OSHA_00199,2015052806,"While being lifted by a derrick air hoist during oil well drilling operations, an employee's steel-toe boot got caught under the steel cross member ""girt"" of the derrick. The toe was amputated inside ",Working at Height,0.4094,Line of Fire,0.0558,0.3536,Safe Mechanical Lifting,0.35,PARTIAL_AGREEMENT,Manual Review Pending analyst validation.
OILPS_OSHA_00200,2015052818,"An employee was assembling oilfield parts. He had a small piece of pipe (approximately 3-feet high) and was attaching another piece (approximately 500 lbs. with an 18"" diameter) to the upright station",Safe Mechanical Lifting,0.5676,Driving,0.0054,0.5622,Safe Mechanical Lifting,0.75,PARTIAL_AGREEMENT,Manual Review Pending analyst validation.
OILPS_OSHA_00201,2015052822,"On May 13, 2015, at approximately 12:00 midnight, an employee suffered a concussion and was hospitalized after being struck by a 1.5- to 2-inch flex steel hose. The employee was working in the cellar ",Working at Height,0.0152,Hot Work,0.0008,0.0144,Line of Fire,0.7,PARTIAL_AGREEMENT,Manual Review Pending analyst validation.
OILPS_OSHA_00203,2015052839,Employees were trying to maneuver a metal pipe into place using a hoist when the swivel released and caused the pipe to suddenly lift up about 6 inches and strike the injured employee in the jaw. nan,Hot Work,0.0087,Energy Isolation,0.0004,0.0083,Safe Mechanical Lifting,0.35,PARTIAL_AGREEMENT,Manual Review Pending analyst validation.
OILPS_OSHA_00211,2015053034,"An employee fell from a height, fracturing his left and right ankles and left arm. He was hospitalized. nan",Working at Height,0.0112,Line of Fire,0.0024,0.0088,Working at Height,0.75,PARTIAL_AGREEMENT,Manual Review Pending analyst validation.
OILPS_OSHA_00215,2015053107,An operator was instructing a new employee how to operate the hydro blasting machine when it suddenly actuated. The operator suffered injuries to the hand and was admitted to the local hospital for su,Safe Mechanical Lifting,0.5593,Working at Height,0.0062,0.5531,NONE,0.35,PARTIAL_AGREEMENT,Manual Review Pending analyst validation.
OILPS_OSHA_00218,2015053126,"On May 24, 2015, an employee working near a mud pump suffered an injury to his right leg/knee when he was struck by fluid under pressure when a hose ruptured. nan",Energy Isolation,0.5249,Line of Fire,0.0135,0.5114,Line of Fire,0.35,PARTIAL_AGREEMENT,Manual Review Pending analyst validation.
OILPS_OSHA_00219,2015053130,An employee working on a ship was installing a valve into a pipeline. The employee slipped and a toe was caught between the valve and pipeline. nan,Energy Isolation,0.009,Working at Height,0.0005,0.0085,Line of Fire,0.35,PARTIAL_AGREEMENT,Manual Review Pending analyst validation.
OILPS_OSHA_00222,2015053257,"The employee, operating a company vehicle, was involved in a two car accident at an intersection. The employee was hospitalized. nan",Line of Fire,0.0274,Safe Mechanical Lifting,0.0037,0.0237,Driving,0.35,PARTIAL_AGREEMENT,Manual Review Pending analyst validation.
OILPS_OSHA_00226,2015053324,"On or about 1300 hrs on 31 May 2015, a One Source Industrial Services employee was hospitalized when the employee's vehicle overturned on CR 5000 in Andrews County, Texas. The incident occurred as the",Driving,0.0087,Energy Isolation,0.0085,0.0002,Driving,0.75,PARTIAL_AGREEMENT,Manual Review Pending analyst validation.
OILPS_OSHA_00229,2015063361,"On or about 0530 hrs on the 2nd day of June 2015, an employee was injured when the vehicle he was driving overturned on a lease road approximately five miles east of Mentone Texas. The employee was ho",Working at Height,0.0005,Driving,0.0003,0.0002,Driving,0.35,PARTIAL_AGREEMENT,Manual Review Pending analyst validation.
OILPS_OSHA_00230,2015063371,"On or about 3 June 2015, at approximately 1825 hours, an AR Daniel Construction employee was hospitalized due to an injury acquired at the jobsite. The employee was working in a trench under the railr",Safe Mechanical Lifting,0.997,Line of Fire,0.9559,0.0411,Safe Mechanical Lifting,0.75,STRONG_AGREEMENT,Manual Review Pending analyst validation.
OILPS_OSHA_00233,2015060215,An employee was pulled off of the drill floor by a tugger line. The employee was standing behind a safety gate holding the hoist line to put tension on it so it would not get tangled in the hoist drum,Safe Mechanical Lifting,0.2251,Line of Fire,0.0315,0.1936,Safe Mechanical Lifting,0.75,PARTIAL_AGREEMENT,Manual Review Pending analyst validation.
OILPS_OSHA_00242,2015063660,An employee was spotting moving equipment when he noticed a piece of iron that was sticking out from the equipment. He reached up to swivel the iron when his finger got caught between the iron and the,Working at Height,0.0609,Driving,0.0233,0.0376,Line of Fire,0.35,PARTIAL_AGREEMENT,Manual Review Pending analyst validation.
OILPS_OSHA_00245,2015063821,An employee was found unresponsive after being missing for approximately one hour. The employee was potentially exposed to struck by hazards while performing lay down hand duties. nan,Safe Mechanical Lifting,0.1258,Line of Fire,0.0012,0.1246,Line of Fire,0.35,PARTIAL_AGREEMENT,Manual Review Pending analyst validation.
OILPS_OSHA_00255,2015064028,An employee was changing a belt on an abrasive blasting machine. The employee placed the belt on the pulley while the machine was still turning. The pulley pulled his finger into the machine. His left,Safe Mechanical Lifting,0.5915,Hot Work,0.0537,0.5378,NONE,0.35,PARTIAL_AGREEMENT,Manual Review Pending analyst validation.
OILPS_OSHA_00258,2015064044,An employee was handling pipe on the drilling rig. His right ring finger got caught between the thread protector and pipe collar. nan,Safe Mechanical Lifting,0.0009,Line of Fire,0.0007,0.0002,Line of Fire,0.35,PARTIAL_AGREEMENT,Manual Review Pending analyst validation.
OILPS_OSHA_00265,2015074266,"Several employees were getting their tools ready for the day after performing JSA at a jobsite outside of Kennedy, Texas. One employee went to uncradle the lubricator from the wire line rig, and the e",Working at Height,0.0119,Energy Isolation,0.0005,0.0114,Safe Mechanical Lifting,0.55,PARTIAL_AGREEMENT,Manual Review Pending analyst validation.
OILPS_OSHA_00268,2015074297,"While lowering a swivel arm/gate, an employee's fingertip got caught between the heavy equipment. The fingertip was later amputated. nan",Line of Fire,0.0009,Driving,0.0008,0.0001,Line of Fire,0.75,PARTIAL_AGREEMENT,Manual Review Pending analyst validation.
OILPS_OSHA_00272,2015074326,"Employees were rigging down the workover rig at about 11:30 a.m., on July 5, when an employee's right thumb and first finger were caught between the derrick tip section and stop plate. The employee's ",Safe Mechanical Lifting,0.4469,Working at Height,0.1499,0.297,Line of Fire | Safe Mechanical Lifting,0.75,PARTIAL_AGREEMENT,Manual Review Pending analyst validation.
OILPS_OSHA_00274,2015074393,An employee was cutting bands off of tubing to separate the electric cable from the tubing when the band cutter came up and hit him in his left eye. Eye protection was not worn at the time. He was hos,Line of Fire,0.0002,Safe Mechanical Lifting,0.0001,0.0001,Hot Work,0.55,PARTIAL_AGREEMENT,Manual Review Pending analyst validation.
OILPS_OSHA_00278,2015074438,An employee loading high-pressure iron into pipe racking suffered a fingertip amputation after his left pinky finger got caught between the pinch point of the iron and pipe racking. nan,Energy Isolation,0.3606,Line of Fire,0.003,0.3576,Line of Fire,0.35,PARTIAL_AGREEMENT,Manual Review Pending analyst validation.
OILPS_OSHA_00280,2015074471,An employee was repairing a seal on a valve operator. He placed the drum cover over the actuator piston using an overhead crane and was manipulating the drum while operating the crane controls. While ,Safe Mechanical Lifting,0.0022,Energy Isolation,0.0007,0.0015,Safe Mechanical Lifting,0.75,PARTIAL_AGREEMENT,Manual Review Pending analyst validation.
OILPS_OSHA_00281,2015074501,"An employee was using an electronic power jack to set up pallets when he lost control of the jack because of wet conditions. The jack crashed into nearby pallets, causing them to fall on the employee.",Driving,0.0019,Energy Isolation,0.0002,0.0017,Working at Height,0.35,PARTIAL_AGREEMENT,Manual Review Pending analyst validation.
OILPS_OSHA_00290,2015074826,An employee was walking near a forklift holding a non-secure joint casing. The employee sustained a compound fracture to the leg when the joint casing rolled off the forklift tines and landed on the e,Safe Mechanical Lifting,0.9998,Energy Isolation,0.8602,0.1396,NONE,0.35,PARTIAL_AGREEMENT,Manual Review Pending analyst validation.
OILPS_OSHA_00293,2015074954,An employee experienced heat-related muscle cramps while loading materials onto a vehicle. nan,Hot Work,0.0027,Work Authorization,0.0005,0.0022,Driving,0.35,PARTIAL_AGREEMENT,Manual Review Pending analyst validation.
OILPS_OSHA_00296,2015075069,An employee was hospitalized with an ankle injury after falling 4 feet from a pipe lifting machine. nan,Hot Work,0.0126,Safe Mechanical Lifting,0.01,0.0026,Safe Mechanical Lifting,0.35,PARTIAL_AGREEMENT,Manual Review Pending analyst validation.
OILPS_OSHA_00301,2015075200,"On or about July 29, 2015 an employee operating a side boom crane was injured when his right ankle was caught between the wench of a backing bulldozer and the bumper of the boom. The side boom crane o",Safe Mechanical Lifting,0.0428,Working at Height,0.003,0.0398,Line of Fire | Safe Mechanical Lifting,0.75,PARTIAL_AGREEMENT,Manual Review Pending analyst validation.
OILPS_OSHA_00303,2015075223,"On July 29, 2015,an employee standing on a tubular steel beam hanging sheeting, untied his safety harness and was in the process of crossing a vertical beam when he slipped and fell resulting in a com",Energy Isolation,0.0039,Line of Fire,0.0012,0.0027,Working at Height,0.35,PARTIAL_AGREEMENT,Manual Review Pending analyst validation.
OILPS_OSHA_00305,2015075282,An employee was burned by hot water while disconnecting a pump hose that was under pressure. He was hospitalized. nan,Energy Isolation,0.4855,Line of Fire,0.0051,0.4804,NONE,0.35,PARTIAL_AGREEMENT,Manual Review Pending analyst validation.
OILPS_OSHA_00312,2015085535,"The employee was cutting a sample valve using an unguarded grinder. There was a 6"" blade installed on a 4"" grinder. The employee cut his left index finger and shattered the bone. nan",Safe Mechanical Lifting,0.0333,Hot Work,0.006,0.0273,Hot Work,0.35,PARTIAL_AGREEMENT,Manual Review Pending analyst validation.
OILPS_OSHA_00313,2015085564,Employee was struck by a high pressure rigid line on a oil and gas production site and sustained non-life-threatening injuries. nan,Energy Isolation,0.6451,Safe Mechanical Lifting,0.0002,0.6449,Line of Fire,0.35,PARTIAL_AGREEMENT,Manual Review Pending analyst validation.
OILPS_OSHA_00321,2015085925,"An employee was installing light posts when the derrick truck swung the light post and contacted the power line behind them. The trailer holding the post became energized, and the employee received se",Working at Height,0.9902,Driving,0.966,0.0242,NONE,0.35,PARTIAL_AGREEMENT,Manual Review Pending analyst validation.
OILPS_OSHA_00325,2015086069,An employee performing quality checks on filters leaving the assembly line amputated the left pinky finger from the first knuckle when it was caught between the vertical guide rail and the horizontal ,Working at Height,0.0054,Safe Mechanical Lifting,0.0034,0.002,Line of Fire,0.35,PARTIAL_AGREEMENT,Manual Review Pending analyst validation.
OILPS_OSHA_00328,2015086175,An employee was holding a pin while another employee was driving the pin in with a hammer. The employee's finger was struck by the hammer resulting in the amputation of the fingertip. nan,Line of Fire,0.9907,Safe Mechanical Lifting,0.9422,0.0485,Driving | Line of Fire,0.75,STRONG_AGREEMENT,Manual Review Pending analyst validation.
OILPS_OSHA_00340,2015096329,An employee was assembling testing equipment. The employee's left index finger got caught between a nut and an impact wrench and was amputated to the knuckle. nan,Safe Mechanical Lifting,0.0486,Line of Fire,0.0012,0.0474,Line of Fire,0.35,PARTIAL_AGREEMENT,Manual Review Pending analyst validation.
OILPS_OSHA_00342,2015096411,An employee was working to set a tool up to start torqueing when his pinky finger got caught between the hydraulic torque wrench and a part. He dislocated his pinky finger. nan,Safe Mechanical Lifting,0.5009,Driving,0.0176,0.4833,Line of Fire,0.35,PARTIAL_AGREEMENT,Manual Review Pending analyst validation.
OILPS_OSHA_00343,2015096416,"An employee was conducting work on the 60-feet-high platform of an oil derrick, operating rigging to move piping into position. The employee became sick, vomited, experienced cramps, and was eventuall",Safe Mechanical Lifting,0.1016,Working at Height,0.0927,0.0089,Safe Mechanical Lifting,0.75,PARTIAL_AGREEMENT,Manual Review Pending analyst validation.
OILPS_OSHA_00346,2015096462,"An employee was disassembling a one-tier tubular scaffold. The employee removed the cross bracing first. When a coworker removed the planks, the scaffold members came down and struck the employee, cau",Safe Mechanical Lifting,0.9991,Working at Height,0.973,0.0261,Working at Height,0.35,PARTIAL_AGREEMENT,Manual Review Pending analyst validation.
OILPS_OSHA_00349,2015096491,"An employee was driving through a construction zone after unloading production water at a disposal well when his vehicle veered off the road and crashed south of Killdeer, North Dakota, on Highway 22.",Driving,0.0025,Energy Isolation,0.0007,0.0018,Driving,0.75,PARTIAL_AGREEMENT,Manual Review Pending analyst validation.
OILPS_OSHA_00354,2015096608,"An employee was using a grinder to remove tack welds from a 12"" by 4.5"" steel plate. While grinding, the steel plate broke free and struck the employee's left eye. The employee sustained a left cheek ",Safe Mechanical Lifting,0.3637,Working at Height,0.1127,0.251,Hot Work,0.35,PARTIAL_AGREEMENT,Manual Review Pending analyst validation.
OILPS_OSHA_00362,2015096886,"On September 19, 2015, at approximately 3:45pm, an equipment operator was hospitalized after suffering fractured vertebrae in his neck and back, a broken left arm, and broken ribs. The employee was op",Driving,0.0696,Safe Mechanical Lifting,0.0026,0.067,Driving,0.75,PARTIAL_AGREEMENT,Manual Review Pending analyst validation.
OILPS_OSHA_00363,2015096908,An employee was standing next to an excavator. The excavator turned and the employee was struck by the excavator's counterweight. The employee fell over into a sump hole and struck his body against a ,Safe Mechanical Lifting,0.0334,Working at Height,0.0126,0.0208,Line of Fire,0.35,PARTIAL_AGREEMENT,Manual Review Pending analyst validation.
OILPS_OSHA_00365,2015097053,An employee was cleaning out the air actuator. The employee called out to a second employee who did not hear him correctly and the second employee closed a valve amputating the employee's right middle,Work Authorization,0.6588,Energy Isolation,0.5323,0.1265,NONE,0.35,PARTIAL_AGREEMENT,Manual Review Pending analyst validation.
OILPS_OSHA_00369,2015097258,"An employee was using elevators to latch pipe. While pulling the elevators back to latch another joint of pipe from the trailer, his fingertip got caught between the horn and bale. He sustained a righ",Safe Mechanical Lifting,0.0117,Working at Height,0.0033,0.0084,Line of Fire,0.35,PARTIAL_AGREEMENT,Manual Review Pending analyst validation.
OILPS_OSHA_00372,2015107375,"Two shop employees were in the process of tearing down a 1250 Ton Slip Type Elevator (STE) and were pulling the carriers and slips out of the STE. While removing one of the carriers from the slip, uti",Energy Isolation,0.001,Working at Height,0.0003,0.0007,Line of Fire | Safe Mechanical Lifting,0.35,PARTIAL_AGREEMENT,Manual Review Pending analyst validation.
OILPS_OSHA_00373,2015107419,A delivery driver from another company delivered a tanker load of hot oil emulsion for asphalt to the facility. The driver arrived onsite and hooked up a hose up from the tanker to the facility's pump,Driving,0.0489,Confined Space,0.0014,0.0475,Driving,0.75,PARTIAL_AGREEMENT,Manual Review Pending analyst validation.
OILPS_OSHA_00380,2015107653,The employee was pulling a safety pin out of an outrigger on the telebelt and had his finger pinched in the outrigger. The employee sustained a flesh amputation to the fingertip of the right hand midd,Working at Height,0.4759,Line of Fire,0.1277,0.3482,NONE,0.35,PARTIAL_AGREEMENT,Manual Review Pending analyst validation.
OILPS_OSHA_00384,2015107725,The elevator lifting a 30 foot long pipe at an oil well shifted causing the bottom of the pipe to strike an employee in the back. This employee then fell against a second employee pushing the tongs in,Hot Work,0.7223,Safe Mechanical Lifting,0.6088,0.1135,Safe Mechanical Lifting | Working at Height,0.35,PARTIAL_AGREEMENT,Manual Review Pending analyst validation.
OILPS_OSHA_00392,2015107932,"On October 23, 2015, at approximately 1:00pm, a an employee was hospitalized after suffering a compression fracture to his back and laceration to his head. The employee was driving an extendible boom ",Working at Height,0.0022,Energy Isolation,0.002,0.0002,Driving | Working at Height,0.75,PARTIAL_AGREEMENT,Manual Review Pending analyst validation.
OILPS_OSHA_00393,2015107970,An employee was disposing of lab quantities of chemicals and came in contact with 50% phosphoric acid. The employee suffered chemical burns to the right hand. nan,Work Authorization,0.5953,Safe Mechanical Lifting,0.1868,0.4085,NONE,0.35,PARTIAL_AGREEMENT,Manual Review Pending analyst validation.
OILPS_OSHA_00394,2015107996,An employee working in the maintenance garage was conducting an oil change on a vehicle and was looking for a drum to collect the oil. The employee and another employee found a partially full drum tha,Hot Work,0.0458,Energy Isolation,0.005,0.0408,Driving,0.35,PARTIAL_AGREEMENT,Manual Review Pending analyst validation.
OILPS_OSHA_00396,2015108033,An employee was attempting to break loose a pipe connection with a pipe wrench when his thumb was caught between the pipe and the wrench when the pipe string was lifted. He suffered a soft tissue ampu,Energy Isolation,0.0506,Hot Work,0.0058,0.0448,Line of Fire,0.35,PARTIAL_AGREEMENT,Manual Review Pending analyst validation.
OILPS_OSHA_00399,2015108074,"An employee was making welding repairs to one of the pad eyes on a 30 inch Blow Out Preventer (BOP). The task required the employee to place the BOP on a table positioner. While welding the 14,000 lbs",Hot Work,0.9936,Working at Height,0.8873,0.1063,Hot Work,0.75,STRONG_AGREEMENT,Manual Review Pending analyst validation.
OILPS_OSHA_00400,2015108102,"An employee was inspecting a weld on the outside of a 32"" diameter, 80 ft. long pipe. The employee's foot and lower leg were caught between the pipe and a rotator roller. The employee lost tissue on t",Energy Isolation,0.0476,Working at Height,0.0007,0.0469,Line of Fire,0.35,PARTIAL_AGREEMENT,Manual Review Pending analyst validation.
OILPS_OSHA_00401,2015108116,An employee was removing excess grease lube from a boom drum on the derrick with a putty knife and got his right hand fingers caught in the rotating metal gears. His right index finger was amputated a,Line of Fire,0.8292,Working at Height,0.82,0.0092,NONE,0.35,PARTIAL_AGREEMENT,Manual Review Pending analyst validation.
OILPS_OSHA_00404,2015118250,Two employees were bolting round flanges into a pipeline formation. One employee was torqueing with a ratchet while the other was holding a multiplier that was attached to the ratchet with the use of ,Line of Fire,0.0354,Safe Mechanical Lifting,0.009,0.0264,Line of Fire,0.75,PARTIAL_AGREEMENT,Manual Review Pending analyst validation.
OILPS_OSHA_00405,2015118254,An employee was rigging up a swab lubricator when he tripped on an uneven surface and broke his tibia and dislocated the fibula. nan,Safe Mechanical Lifting,0.3254,Driving,0.0017,0.3237,Safe Mechanical Lifting,0.75,PARTIAL_AGREEMENT,Manual Review Pending analyst validation.
OILPS_OSHA_00408,2015118297,"On November 4, 2015, at approximately 8:45 an employee smashed three fingers on his right hand which resulted in hospitalization to surgically repair a broken right pinkie finger. The employee smashed",Working at Height,0.0036,Hot Work,0.0016,0.002,Line of Fire,0.55,PARTIAL_AGREEMENT,Manual Review Pending analyst validation.
OILPS_OSHA_00426,2015118641,An employee was pulling wire on the slip line of a truck when the wire loop caught and amputated his thumb tip. nan,Driving,0.5355,Line of Fire,0.0011,0.5344,NONE,0.35,PARTIAL_AGREEMENT,Manual Review Pending analyst validation.
OILPS_OSHA_00428,2015118688,An employee ran into a guardrail and fractured vertebrae while trying to avoid being struck by a pipe that had fallen from the elevator. nan,Line of Fire,0.0008,Safe Mechanical Lifting,0.0003,0.0005,Line of Fire,0.75,PARTIAL_AGREEMENT,Manual Review Pending analyst validation.
OILPS_OSHA_00439,2015118871,An employee suffered a fracture to his left hand while moving a hydraulic catwalk. nan,Safe Mechanical Lifting,0.6257,Line of Fire,0.0097,0.616,NONE,0.35,PARTIAL_AGREEMENT,Manual Review Pending analyst validation.
OILPS_OSHA_00441,2015118918,"An employee was transferring wire cable from a spool to a cradle. His right-hand middle finger got caught between a washer and a bolt, amputating the distal third of his fingertip. He required reattac",Line of Fire,0.4967,Working at Height,0.1299,0.3668,Line of Fire,0.75,PARTIAL_AGREEMENT,Manual Review Pending analyst validation.
OILPS_OSHA_00445,2015129054,"An employee was struck in the face while blowing down a reinjection line at an oilfield production location, resulting in facial bone fractures, a hole in the roof of his mouth, tooth loss, and a big ",Line of Fire,0.3505,Energy Isolation,0.0185,0.332,Working at Height,0.7,PARTIAL_AGREEMENT,Manual Review Pending analyst validation.
OILPS_OSHA_00460,2015129660,"An employee was in the process of tightening belts on an electric motor on a pump jack and was caught between the arm and the base of the motor experiencing a fractured pelvis, abrasions to left side ",Energy Isolation,0.0136,Hot Work,0.0003,0.0133,Line of Fire,0.35,PARTIAL_AGREEMENT,Manual Review Pending analyst validation.
OILPS_OSHA_00462,2015129745,An employee was unscrewing a 90 foot vertical pipe weighing 1000 lbs. from the rigging. The pipe came loose and fell onto the employee's right foot. The employee was hospitalized for treatment and the,Safe Mechanical Lifting,0.5559,Working at Height,0.1104,0.4455,Safe Mechanical Lifting,0.75,PARTIAL_AGREEMENT,Manual Review Pending analyst validation.
OILPS_OSHA_00473,2016010311,"Employees were lifting an I-beam (approximately 1800 pounds) with a material handler to place it on a tractor trailer. The strap used in the lift broke, and the I-beam struck an employee, breaking two",Hot Work,0.0175,Safe Mechanical Lifting,0.004,0.0135,Safe Mechanical Lifting,0.35,PARTIAL_AGREEMENT,Manual Review Pending analyst validation.
OILPS_OSHA_00479,2016010881,"An employee was hanging a horsehead on a pump jack. As the employee swung the horsehead into place and reached up to grab the weight, the weight was released. The employee's finger got caught between ",Driving,0.0059,Safe Mechanical Lifting,0.0032,0.0027,Line of Fire,0.35,PARTIAL_AGREEMENT,Manual Review Pending analyst validation.
OILPS_OSHA_00480,2016010527,An employee was operating a concrete coring machine. The machine got hung-up in the concrete causing the machine to jerk and the employee to fall fracturing a hip. nan,Line of Fire,0.4376,Working at Height,0.0118,0.4258,Working at Height,0.35,PARTIAL_AGREEMENT,Manual Review Pending analyst validation.
OILPS_OSHA_00486,2016010669,"A Delaware City Refining Company employee was walking to his work location on 1/23/16, at approximately 1:00 AM during an intense snow event. As he was walking, he stopped on the side of the road to a",Driving,0.6189,Line of Fire,0.0054,0.6135,NONE,0.35,PARTIAL_AGREEMENT,Manual Review Pending analyst validation.
OILPS_OSHA_00492,2016010779,"While an employee was operating a drill collar clamp on a workover rig, his right pinky finger was caught between the clamp and the tubing tongs, amputating the fingertip. nan",Line of Fire,0.0509,Safe Mechanical Lifting,0.0041,0.0468,Line of Fire,0.75,PARTIAL_AGREEMENT,Manual Review Pending analyst validation.
OILPS_OSHA_00496,2016010838,An employee was attempting to center a winch drum spacer on a lathe. The winch drum spacer flipped off the lathe and fell onto his right foot resulting in injury. The employee sustained a contusion on,Safe Mechanical Lifting,0.6688,Working at Height,0.0658,0.603,NONE,0.35,PARTIAL_AGREEMENT,Manual Review Pending analyst validation.
OILPS_OSHA_00498,2016010869,"An employee was attempting to pump water into a natural gas line. After he was given the ""all clear"" sign by the pipeline supervisor, he opened a water valve and was instantly struck and injured by pr",Line of Fire,0.0263,Energy Isolation,0.0003,0.026,Energy Isolation,0.55,PARTIAL_AGREEMENT,Manual Review Pending analyst validation.
OILPS_OSHA_00499,2016010925,An employee was using a pry bar to guide the base of a jib crane over the bolts in the floor. The base was suspended by straps attached to a forklift. The base slipped in the straps and pinned the emp,Safe Mechanical Lifting,0.9982,Energy Isolation,0.9744,0.0238,Safe Mechanical Lifting,0.75,STRONG_AGREEMENT,Manual Review Pending analyst validation.
OILPS_OSHA_00503,2016020995,An employee's left ring finger was partially amputated after being struck by a sledge hammer while the employee was repairing a 34-inch pipeline. nan,Line of Fire,0.1566,Safe Mechanical Lifting,0.0167,0.1399,Line of Fire,0.75,PARTIAL_AGREEMENT,Manual Review Pending analyst validation.
OILPS_OSHA_00506,2016021124,An employee received an injury to the right middle finger that required surgery and hospitalization. The employee's finger was caught between a pump plunger and the catwalk when the pump plunger fell ,Working at Height,0.0113,Driving,0.0004,0.0109,Line of Fire,0.35,PARTIAL_AGREEMENT,Manual Review Pending analyst validation.
OILPS_OSHA_00509,2016021171,An employee was repairing a leaking site glass containing caustic acid when the glass ruptured. The employee suffered thermal burns from the wrist to the shoulder. nan,Work Authorization,0.9888,Hot Work,0.9755,0.0133,NONE,0.35,PARTIAL_AGREEMENT,Manual Review Pending analyst validation.
OILPS_OSHA_00519,2016021441,An employee was engaged in rigging down activities. The top drive cradle fell from the rig and struck an employee on the leg resulting in amputation of the leg. nan,Safe Mechanical Lifting,0.5553,Working at Height,0.0645,0.4908,Safe Mechanical Lifting,0.75,PARTIAL_AGREEMENT,Manual Review Pending analyst validation.
OILPS_OSHA_00520,2016021505,An employee was moving a 2' base plate with a fork truck and 1/2 inch chain. He caught his finger between the fork and the chain amputating the right index fingertip. nan,Driving,0.972,Safe Mechanical Lifting,0.9677,0.0043,NONE,0.35,PARTIAL_AGREEMENT,Manual Review Pending analyst validation.
OILPS_OSHA_00521,2016021590,"On 2/20/2016, at around 4:00 p.m., an employee was using a machine called a planner to prep the poly pipe for welding repairs when a short burst of flame occurred. The employee received second degree ",Hot Work,0.9979,Energy Isolation,0.9164,0.0815,Hot Work,0.75,STRONG_AGREEMENT,Manual Review Pending analyst validation.
OILPS_OSHA_00524,2016021703,An employee was unloading a metal table from a trailer with coworkers when the table flipped and landed on top of the employee. The employee was crushed and required hospitalization. nan,Working at Height,0.4601,Safe Mechanical Lifting,0.0134,0.4467,NONE,0.35,PARTIAL_AGREEMENT,Manual Review Pending analyst validation.
OILPS_OSHA_00527,2016021812,"On February 26, 2016, an employee had unloaded a load of salt water from the trailer before bringing it to the shop to help a mechanic remove bolts from the lid on the first hatch to replace the scrub",Hot Work,0.4575,Working at Height,0.0291,0.4284,NONE,0.35,PARTIAL_AGREEMENT,Manual Review Pending analyst validation.
OILPS_OSHA_00534,2016031923,"An employee was helping unravel hose when his hand was placed in the buffer zone between the trailer and hose. His right middle finger was caught between the hose and the trailer, resulting in the tra",Line of Fire,0.4455,Safe Mechanical Lifting,0.0085,0.437,Line of Fire,0.75,PARTIAL_AGREEMENT,Manual Review Pending analyst validation.
OILPS_OSHA_00537,2016032066,"An employee was cleaning wet sand from the sand bin gate when the gate closed on his left hand, causing multiple fractures and lacerations. He required sutures. nan",Safe Mechanical Lifting,0.6593,Line of Fire,0.3084,0.3509,NONE,0.35,PARTIAL_AGREEMENT,Manual Review Pending analyst validation.
OILPS_OSHA_00538,2016032071,The employee was picking up hand tools and materials from around a drilling rig when he was struck in the head by a falling drilling rod and knocked unconscious. He suffered a head and neck vertebra i,Energy Isolation,0.5196,Line of Fire,0.0834,0.4362,NONE,0.35,PARTIAL_AGREEMENT,Manual Review Pending analyst validation.
OILPS_OSHA_00540,2016032262,"Two employees were cleaning a 30-foot tube with a chemical mixture of hydrochloric and nitric acids inside. The tubing became over-pressurized and the end cap dislodged, spraying the mixture onto the ",Hot Work,0.5288,Energy Isolation,0.0183,0.5105,NONE,0.35,PARTIAL_AGREEMENT,Manual Review Pending analyst validation.
OILPS_OSHA_00541,2016032292,An employee was removing a lineup clamp from a piece of pipe when his finger was caught between the turtle clamp and a metal ring. The tip of his right middle finger was amputated. nan,Energy Isolation,0.0347,Line of Fire,0.0312,0.0035,Line of Fire,0.35,PARTIAL_AGREEMENT,Manual Review Pending analyst validation.
OILPS_OSHA_00544,2016032598,"On March 28, 2016, at approximately 11:20 p.m., an employee exited his excavator and peered into the bin where he was placing additives. Wearing metatarsal gloves, the employee placed his left hand on",Line of Fire,0.5916,Working at Height,0.0253,0.5663,NONE,0.55,PARTIAL_AGREEMENT,Manual Review Pending analyst validation.
OILPS_OSHA_00545,2016032719,"An employee was removing a pump from a truck using a forklift. Another employee was removing the last bolt from the pump on the back of the truck, when the forks of the forklift struck that employee i",Safe Mechanical Lifting,0.9918,Driving,0.9835,0.0083,NONE,0.35,PARTIAL_AGREEMENT,Manual Review Pending analyst validation.
OILPS_OSHA_00546,2016032720,An employee was hand grinding a flat piece of metal that was held in place by a vice. The piece of metal slipped out of the vice striking the employee and cutting the right side of his neck. nan,Line of Fire,0.0839,Safe Mechanical Lifting,0.0019,0.082,Hot Work,0.55,PARTIAL_AGREEMENT,Manual Review Pending analyst validation.
OILPS_OSHA_00549,2016042817,"A rig crew was attempting to pull a drill rig through the mud using a company-owned winch truck. While doing so, the winch line separated, striking the injured employee. The employee was hospitalized ",Safe Mechanical Lifting,0.9672,Driving,0.9273,0.0399,NONE,0.35,PARTIAL_AGREEMENT,Manual Review Pending analyst validation.
OILPS_OSHA_00557,2016043141,An employee was transferring wax from a storage tank into a tanker truck. The employee opened a valve that was under pressure and a fire occurred. The employee sustained second and third degree burns ,Energy Isolation,0.9439,Hot Work,0.8479,0.096,NONE,0.35,PARTIAL_AGREEMENT,Manual Review Pending analyst validation.
OILPS_OSHA_00558,2016043154,"An employee putting thread protectors on drill pipe was resting his hand on a TM-80 iron rough neck. The rough neck operator did not see his hand and started retracting the equipment, which caught the",Line of Fire,0.0642,Safe Mechanical Lifting,0.0615,0.0027,Line of Fire,0.75,PARTIAL_AGREEMENT,Manual Review Pending analyst validation.
OILPS_OSHA_00559,2016043155,The employee was going to address a mechanical or electrical problem that occurred and caused some shingles to fall onto the floor. The employee went to pick up the shingles on the floor and when he s,Energy Isolation,0.0088,Confined Space,0.0015,0.0073,Working at Height,0.35,PARTIAL_AGREEMENT,Manual Review Pending analyst validation.
OILPS_OSHA_00560,2016043167,An employee's finger was partially amputated when it was caught in a strap being used to rig pipe. nan,Line of Fire,0.5094,Safe Mechanical Lifting,0.0013,0.5081,NONE,0.35,PARTIAL_AGREEMENT,Manual Review Pending analyst validation.
OILPS_OSHA_00562,2016043213,"On 4/17/16, an employee was cutting down trees to clear an oil field well pad site. A previously cut tree became caught up in the tree he was currently cutting. The tree then fell down and struck his ",Line of Fire,0.0022,Working at Height,0.0011,0.0011,Hot Work,0.35,PARTIAL_AGREEMENT,Manual Review Pending analyst validation.
OILPS_OSHA_00564,2016043279,"Employees were removing a loading arm from the loading platform and were using a rope to hold the loading arm in place. The rope snapped, which caused the arm to swing down and hit an employee in the ",Energy Isolation,0.4798,Hot Work,0.2036,0.2762,NONE,0.35,PARTIAL_AGREEMENT,Manual Review Pending analyst validation.
OILPS_OSHA_00567,2016043298,"An employee was working on a workover rig. While the crew was running pipe in the bore hole, the employee's hand was caught between two strands of pipe. The distal phalanges of the employee's right-ha",Safe Mechanical Lifting,0.0175,Energy Isolation,0.0012,0.0163,Line of Fire,0.35,PARTIAL_AGREEMENT,Manual Review Pending analyst validation.
OILPS_OSHA_00587,2016054101,"An employee was moving heavy equipment on the rig floor when his left hand was caught between two pieces of the equipment, amputating his ring fingertip and the first knuckle of his middle finger. nan",Safe Mechanical Lifting,0.5215,Hot Work,0.0712,0.4503,Line of Fire,0.35,PARTIAL_AGREEMENT,Manual Review Pending analyst validation.
OILPS_OSHA_00588,2016054111,An employee was performing work on a workover rig when a lifting cap came loose from a valve and hit the employee's hardhat. The employee suffered cuts on the head from the hardhat. nan,Energy Isolation,0.191,Hot Work,0.0502,0.1408,Safe Mechanical Lifting,0.35,PARTIAL_AGREEMENT,Manual Review Pending analyst validation.
OILPS_OSHA_00590,2016054317,"An employee was trying to unattach the hook from a lifting ""eye"" on the top of a compressor after it was moved when his pinky fingertip was caught and amputated between the hook and the ""eye."" nan",Safe Mechanical Lifting,0.0097,Line of Fire,0.0005,0.0092,Safe Mechanical Lifting,0.75,PARTIAL_AGREEMENT,Manual Review Pending analyst validation.
OILPS_OSHA_00591,2016054371,"An employee was unbolting pipe and installing a plug on valves. A crane was lifting a B-Tex condensing unit. The unit tipped over, striking the employee in the back. The employee suffered a broken rig",Safe Mechanical Lifting,0.0765,Energy Isolation,0.0673,0.0092,Safe Mechanical Lifting,0.75,PARTIAL_AGREEMENT,Manual Review Pending analyst validation.
OILPS_OSHA_00592,2016054377,An employee was caught between the drilling rig and the mud pit and was injured. nan,Safe Mechanical Lifting,0.0035,Energy Isolation,0.0004,0.0031,Line of Fire,0.35,PARTIAL_AGREEMENT,Manual Review Pending analyst validation.
OILPS_OSHA_00597,2016054552,"While stabilizing and leveling a rig, an employee's hand was caught between the stabilizing jack and the jack stand, amputating his right ring fingertip. nan",Safe Mechanical Lifting,0.0003,Energy Isolation,0.0002,0.0001,Line of Fire,0.35,PARTIAL_AGREEMENT,Manual Review Pending analyst validation.
OILPS_OSHA_00599,2016055851,"An employee was delivering parts when the employee's vehicle became stuck. As the employee attempted to dislodge the vehicle, the grass caught on fire and the employee fell approximately 6 to 8 feet i",Working at Height,0.1869,Hot Work,0.0223,0.1646,Driving,0.35,PARTIAL_AGREEMENT,Manual Review Pending analyst validation.
OILPS_OSHA_00600,2016054606,"An employee was plumbing in a separator on a natural gas line that had pressure in it. The line blew up and knocked the employee to the ground, spraying him with dirt and rocks. He fractured his skull",Energy Isolation,0.9916,Confined Space,0.9557,0.0359,NONE,0.35,PARTIAL_AGREEMENT,Manual Review Pending analyst validation.
OILPS_OSHA_00611,2016065019,An employee was using internal line clamps to drive the internals of piping joints when his fingers were caught between two pipes. His right-hand ring and middle fingertips were amputated. nan,Safe Mechanical Lifting,0.0025,Line of Fire,0.0012,0.0013,Line of Fire,0.35,PARTIAL_AGREEMENT,Manual Review Pending analyst validation.
OILPS_OSHA_00618,2016065364,An employee and a coworker were pulling packing from a pump using a plunger. The coworker used the plunger while the employee had his hand in to pull the packing. The employee's hand was caught betwee,Working at Height,0.4306,Line of Fire,0.0898,0.3408,Line of Fire,0.35,PARTIAL_AGREEMENT,Manual Review Pending analyst validation.
OILPS_OSHA_00631,2016065805,"An employee was pulling a rope connected to tubing when the tubing bent and the attached clamp struck him in the face and collarbone. He suffered a facial laceration and fractured collarbone, requirin",Safe Mechanical Lifting,0.4844,Energy Isolation,0.0525,0.4319,NONE,0.35,PARTIAL_AGREEMENT,Manual Review Pending analyst validation.
OILPS_OSHA_00632,2016065896,"An employee was performing maintenance on skid steer equipment. The employee was changing the bucket and putting pins on. The lock pins were stuck so the employee used a pry bar to pop it loose, but i",Energy Isolation,0.4758,Line of Fire,0.0012,0.4746,Line of Fire,0.35,PARTIAL_AGREEMENT,Manual Review Pending analyst validation.
OILPS_OSHA_00641,2016076156,An employee was setting a bushing when the assembly began to fall. He attempted to catch the assembly to prevent it from falling and in the process caught his right middle finger between the assembly ,Energy Isolation,0.0509,Working at Height,0.0177,0.0332,Working at Height,0.35,PARTIAL_AGREEMENT,Manual Review Pending analyst validation.
OILPS_OSHA_00646,2016076246,"On July 12, 2016, at approximately 1:45 p.m., an employee was attempting to remove a stairway from a 100-barrel tank that was also being prepped for removal. The stairway was held to a platform by two",Safe Mechanical Lifting,0.5017,Work Authorization,0.1837,0.318,NONE,0.35,PARTIAL_AGREEMENT,Manual Review Pending analyst validation.
OILPS_OSHA_00653,2016076492,Employees were picking up a mud pump using a winch and two trucks. The winch line slipped and broke causing the truck holding the pump to be raised approximately five feet off the ground and then slam,Driving,0.9827,Safe Mechanical Lifting,0.91,0.0727,NONE,0.35,PARTIAL_AGREEMENT,Manual Review Pending analyst validation.
OILPS_OSHA_00658,2016076585,"Rigging employees were setting a pipe that was 20 feet long, 24 inches in diameter, and weighed 5 tons. As the load was being transferred from the crane to the rack, the riggers were adjusting the cha",Safe Mechanical Lifting,0.5172,Energy Isolation,0.0052,0.512,Safe Mechanical Lifting | Working at Height,0.75,PARTIAL_AGREEMENT,Manual Review Pending analyst validation.
OILPS_OSHA_00663,2016076762,An employee fell 15 feet from a forklift mast while trying to put an overhead door back on its tracks. The employee sustained three broken ribs and an injury to the T9/T10 vertebrae. nan,Safe Mechanical Lifting,0.698,Working at Height,0.4239,0.2741,NONE,0.35,PARTIAL_AGREEMENT,Manual Review Pending analyst validation.
OILPS_OSHA_00668,2016076874,"An employee was cutting on a damaged tank when the tank buckled and caused the employee to fall 16 inches face-first onto the concrete surface. The employee suffered a fractured orbital socket, broken",Hot Work,0.4356,Work Authorization,0.0344,0.4012,Hot Work | Working at Height,0.75,PARTIAL_AGREEMENT,Manual Review Pending analyst validation.
OILPS_OSHA_00675,2016087141,An employee was completing a rig down and had finished cementing. He was attempting to remove the cement plug of the plug container by lowering the plug to the ground using a wench. The plug shifted a,Energy Isolation,0.0549,Safe Mechanical Lifting,0.0086,0.0463,Line of Fire,0.35,PARTIAL_AGREEMENT,Manual Review Pending analyst validation.
OILPS_OSHA_00678,2016087292,"An employee was performing tank gauging on a produced water tank. After opening the tank's thief hatch, the employee was exposed to hydrogen sulfide, suffering headaches and nausea. nan",Work Authorization,0.9912,Confined Space,0.9786,0.0126,NONE,0.35,PARTIAL_AGREEMENT,Manual Review Pending analyst validation.
OILPS_OSHA_00685,2016087463,"An employee was cleaning a roller with a rag when the rag became caught in the roller. The employee's right index finger was pulled into the roller, causing an abrasion and requiring hospitalization. ",Line of Fire,0.6676,Energy Isolation,0.3519,0.3157,NONE,0.35,PARTIAL_AGREEMENT,Manual Review Pending analyst validation.
OILPS_OSHA_00688,2016087533,An employee was moving a 55-gallon drum off a tommy-lift to a pickup truck. The employee tilted the drum back to roll it off the lift and released the drum. The drum pinched the employee's left pinky ,Driving,0.9242,Safe Mechanical Lifting,0.8001,0.1241,NONE,0.35,PARTIAL_AGREEMENT,Manual Review Pending analyst validation.
OILPS_OSHA_00694,2016087760,An employee's glove was caught in the tubing while making connections with tubing tongs. The employee's arms were twisted around the tubing resulting in injuries to his arms and hand. nan,Line of Fire,0.6462,Working at Height,0.0014,0.6448,NONE,0.35,PARTIAL_AGREEMENT,Manual Review Pending analyst validation.
OILPS_OSHA_00697,2016087864,"An employee was standing on the ground tightening a bolt with a wrench. The wrench slipped and the employee fell, fracturing his right hip. nan",Working at Height,0.6147,Safe Mechanical Lifting,0.0102,0.6045,NONE,0.35,PARTIAL_AGREEMENT,Manual Review Pending analyst validation.
OILPS_OSHA_00706,2016088097,"The employee was reaching into a tool box and slipped and fell to the ground. During the fall, the employee grabbed the tool chain which caused the tool box lid to slam against his fingers resulting i",Working at Height,0.0316,Energy Isolation,0.0021,0.0295,Working at Height,0.75,PARTIAL_AGREEMENT,Manual Review Pending analyst validation.
OILPS_OSHA_00714,2016098350,An employee was attempting to release tension from a 2-inch ratchet strap by lifting the lever that activates the lock/unlock mechanism. The pressurized strap released and the locking mechanism amputa,Working at Height,0.0008,Safe Mechanical Lifting,0.0007,0.0001,Safe Mechanical Lifting,0.35,PARTIAL_AGREEMENT,Manual Review Pending analyst validation.
OILPS_OSHA_00717,2016098387,An employee was ascending a fixed ladder to maintain equipment when he fell and suffered leg and ankle injuries. He was hospitalized. nan,Working at Height,0.0737,Driving,0.0083,0.0654,Working at Height,0.75,PARTIAL_AGREEMENT,Manual Review Pending analyst validation.
OILPS_OSHA_00721,2016098476,"While disconnecting the hook from a lifting eye, an employee's right middle finger was caught and crushed between the street plate and the hook. nan",Safe Mechanical Lifting,0.2043,Energy Isolation,0.0265,0.1778,Safe Mechanical Lifting,0.75,PARTIAL_AGREEMENT,Manual Review Pending analyst validation.
OILPS_OSHA_00723,2016098519,An employee was going to weld on the casing of a drilling rig. The employee was sitting on/near the control panel with the right hand on the traveling chain and left hand near the controls. The employ,Safe Mechanical Lifting,0.5424,Working at Height,0.0209,0.5215,NONE,0.35,PARTIAL_AGREEMENT,Manual Review Pending analyst validation.
OILPS_OSHA_00725,2016098558,An employee suffered a partial amputation to the left ring fingertip while cutting insulation boards with a table saw. nan,Safe Mechanical Lifting,0.0113,Line of Fire,0.0007,0.0106,Hot Work,0.35,PARTIAL_AGREEMENT,Manual Review Pending analyst validation.
OILPS_OSHA_00727,2016098591,"While climbing off a work platform, an employee lost his grip on the side rail and his leg was caught between the rail and platform. His leg was severed and required hospitalization. nan",Hot Work,0.028,Safe Mechanical Lifting,0.0063,0.0217,Line of Fire,0.55,PARTIAL_AGREEMENT,Manual Review Pending analyst validation.
OILPS_OSHA_00731,2016098778,"An employee was attempting to install a belt on a pulley system on a PVC mixer machine when his finger was caught between the pulley and the belt, amputating his pinky finger above the fingernail. nan",Line of Fire,0.1423,Safe Mechanical Lifting,0.0542,0.0881,Line of Fire,0.75,PARTIAL_AGREEMENT,Manual Review Pending analyst validation.
OILPS_OSHA_00732,2016098830,An employee was moving items from one vehicle to another and stepped into a hole and fractured their lower leg. nan,Safe Mechanical Lifting,0.0296,Driving,0.0195,0.0101,Driving,0.35,PARTIAL_AGREEMENT,Manual Review Pending analyst validation.
OILPS_OSHA_00734,2016098843,"An employee was removing clevises from under a blowout preventer (BOP). The employee retrieved the first clevis, but the second clevis was trapped underneath one of the BOPs. He lifted the BOP up and ",Working at Height,0.6528,Energy Isolation,0.0445,0.6083,NONE,0.35,PARTIAL_AGREEMENT,Manual Review Pending analyst validation.
OILPS_OSHA_00736,2016098862,"An employee was driving back to the rig from the water well and ran over a rattlesnake. He got out of his vehicle and walked to the rattlesnake, which bit his right middle finger. He was hospitalized.",Working at Height,0.0998,Driving,0.0077,0.0921,Driving,0.35,PARTIAL_AGREEMENT,Manual Review Pending analyst validation.
OILPS_OSHA_00737,2016098881,"An employee lost his footing while descending a fixed cage ladder and fell 10 feet, fracturing both ankles. nan",Working at Height,0.2922,Line of Fire,0.0005,0.2917,Working at Height,0.75,PARTIAL_AGREEMENT,Manual Review Pending analyst validation.
OILPS_OSHA_00749,2016099175,"An employee was installing an auger on a digger derrick. As he slid the kelly bar down into the sleeve, the bar/sleeve amputated his fingertip. nan",Working at Height,0.6051,Driving,0.0139,0.5912,NONE,0.35,PARTIAL_AGREEMENT,Manual Review Pending analyst validation.
OILPS_OSHA_00751,2016099194,"During rig down procedures, an employee was moving a mud tank with a tandem truck when an overhead walkway slid, hit the ground, and then struck the employee on the left knee. nan",Driving,0.7649,Hot Work,0.6769,0.088,NONE,0.35,PARTIAL_AGREEMENT,Manual Review Pending analyst validation.
OILPS_OSHA_00754,2016109318,"An employee was removing a scaffold runner when it came loose and struck him. He fell backwards and struck his head, suffering a contusion/laceration. nan",Confined Space,0.0091,Energy Isolation,0.0083,0.0008,Working at Height,0.35,PARTIAL_AGREEMENT,Manual Review Pending analyst validation.
OILPS_OSHA_00757,2016109402,An employee was helping to move a stick pipe. He was standing on the ground by the pipe wrangler and had his left hand on the pipe. The pipe skate was too close to the pipe so he motioned to the pipe ,Safe Mechanical Lifting,0.6713,Working at Height,0.0006,0.6707,NONE,0.35,PARTIAL_AGREEMENT,Manual Review Pending analyst validation.
OILPS_OSHA_00764,2016109646,An employee was attempting to secure a material basket and was struck by the basket fracturing the left thumb. nan,Safe Mechanical Lifting,0.1368,Line of Fire,0.0005,0.1363,Line of Fire,0.35,PARTIAL_AGREEMENT,Manual Review Pending analyst validation.
OILPS_OSHA_00765,2016109654,An employee was clearing a blockage in a pipeline and proceeded to blow the line with compressed air. There was a filter screen in the line. The lid on top of the filter screen blew off the filter str,Energy Isolation,0.595,Line of Fire,0.0622,0.5328,NONE,0.35,PARTIAL_AGREEMENT,Manual Review Pending analyst validation.
OILPS_OSHA_00774,2016109793,"The employee was sitting on a static (not operational) skid steer bucket when he stood up and began walking to the compressor work truck. As he walked away from the skid steer bucket, he attempted to ",Driving,0.116,Line of Fire,0.084,0.032,Working at Height,0.35,PARTIAL_AGREEMENT,Manual Review Pending analyst validation.
OILPS_OSHA_00778,2016109828,An employee was stacking rods to space out a pump. His finger was caught between the polishing rod and load cell resulting in the traumatic amputation of the distal and middle phalanx at the proximal ,Line of Fire,0.0039,Working at Height,0.0006,0.0033,Line of Fire,0.75,PARTIAL_AGREEMENT,Manual Review Pending analyst validation.
OILPS_OSHA_00790,20161110315,An employee was troubleshooting an air compressor. The plastic line coupling blew off and struck the employee in the face lacerating and breaking the employee's nose and breaking their cheekbone. nan,Energy Isolation,0.6914,Work Authorization,0.0317,0.6597,NONE,0.35,PARTIAL_AGREEMENT,Manual Review Pending analyst validation.
OILPS_OSHA_00791,20161110347,"An employee was walking to his work trailer when he was struck by a work truck, breaking his left tibia and requiring hospitalization. nan",Line of Fire,0.96,Driving,0.9319,0.0281,Line of Fire,0.75,STRONG_AGREEMENT,Manual Review Pending analyst validation.
OILPS_OSHA_00796,20161110448,"While working on a derrick, an employee's right thumb was caught between a rotator and a stuffing box during a drilling process. The first digit of the employee's right thumb was amputated. nan",Working at Height,0.0373,Safe Mechanical Lifting,0.0107,0.0266,Line of Fire,0.55,PARTIAL_AGREEMENT,Manual Review Pending analyst validation.
OILPS_OSHA_00805,20161110821,"An employee was on a 5-foot ladder cutting a pipe used to carry nitrogen. As the employee was cutting the pipeline, the pipe (which was filled with carbon dioxide) ruptured. The employee suffered a co",Hot Work,0.4622,Energy Isolation,0.1326,0.3296,Hot Work | Working at Height,0.75,PARTIAL_AGREEMENT,Manual Review Pending analyst validation.
OILPS_OSHA_00806,20161110878,An employee was positioning a wind brace and connecting a mast to a work platform. He fell back on his lanyard and his upper arm was caught in a pinch point between the mast and the wind brace. nan,Working at Height,0.1233,Safe Mechanical Lifting,0.1224,0.0009,Line of Fire,0.35,PARTIAL_AGREEMENT,Manual Review Pending analyst validation.
OILPS_OSHA_00811,20161110985,"An employee was entering the cab of a bulldozer. Upon opening the door, his hand slipped off the handle, causing him to lose his balance and fall off the bulldozer. He suffered minor lacerations to th",Safe Mechanical Lifting,0.2074,Working at Height,0.0763,0.1311,Working at Height,0.35,PARTIAL_AGREEMENT,Manual Review Pending analyst validation.
OILPS_OSHA_00822,20161211432,"An employee in a drilling rig had drilled a shaft for a new sewer tunnel. The employee was changing the bit on the drilling rig when the seat broke on the operator's station, causing the employee to f",Energy Isolation,0.0058,Working at Height,0.0019,0.0039,Working at Height,0.35,PARTIAL_AGREEMENT,Manual Review Pending analyst validation.
OILPS_OSHA_00832,20161212073,An employee was removing dunnage from under a rig when the right index finger was caught between the dunnage and the stem of the jack resulting in a fingertip amputation. nan,Energy Isolation,0.038,Line of Fire,0.0086,0.0294,Line of Fire,0.35,PARTIAL_AGREEMENT,Manual Review Pending analyst validation.
OILPS_OSHA_00837,20161211967,"An employee had just finished lifting a shale bin using two loaders (one with a stinger, chain, and lifting equipment) in order to place matting underneath. Once the matting was in place, the employee",Energy Isolation,0.0176,Line of Fire,0.0162,0.0014,Safe Mechanical Lifting,0.35,PARTIAL_AGREEMENT,Manual Review Pending analyst validation.
OILPS_OSHA_00838,20161212025,An employee's left ring fingertip was caught between the cylinder and motor as he was performing maintenance on a compressor. nan,Energy Isolation,0.0018,Safe Mechanical Lifting,0.0004,0.0014,Line of Fire,0.35,PARTIAL_AGREEMENT,Manual Review Pending analyst validation.
OILPS_OSHA_00843,2017010028,Employees were using a rough terrain forklift truck to pivot a fork of another rough terrain forklift truck. The fork was tied to its carriage. When the fork was untied it came down and struck an empl,Driving,0.9892,Safe Mechanical Lifting,0.9887,0.0005,NONE,0.35,PARTIAL_AGREEMENT,Manual Review Pending analyst validation.
OILPS_OSHA_00845,2017010082,"An employee was picking up cones and warning signs in a road construction area when he was struck by a runaway car, requiring hospitalization. nan",Line of Fire,0.0097,Energy Isolation,0.0006,0.0091,Line of Fire,0.75,PARTIAL_AGREEMENT,Manual Review Pending analyst validation.
OILPS_OSHA_00848,2017010067,"An employee slipped and fell on ice while walking to a truck, fracturing his right leg. nan",Driving,0.4518,Working at Height,0.0018,0.45,NONE,0.35,PARTIAL_AGREEMENT,Manual Review Pending analyst validation.
OILPS_OSHA_00850,2017010069,An employee was working on the rig floor of a workover rig. The crew was picking up pipe from the hole. The operator descended the block to the rig floor to connect to the pipe. The bails and elevator,Safe Mechanical Lifting,0.0137,Energy Isolation,0.0011,0.0126,Line of Fire,0.35,PARTIAL_AGREEMENT,Manual Review Pending analyst validation.
OILPS_OSHA_00855,2017010193,"Employees were using an air hoist to lift/move a crossover sub (pipe) on the platform floor. The lifting cap on the air hoist failed and the load fell on an employee's hand, causing a burst wound in h",Energy Isolation,0.0839,Hot Work,0.035,0.0489,Safe Mechanical Lifting,0.35,PARTIAL_AGREEMENT,Manual Review Pending analyst validation.
OILPS_OSHA_00858,2017010232,An employee was driving when his vehicle hit a fire hydrant. He injured his left knee. nan,Hot Work,0.0392,Line of Fire,0.0078,0.0314,Driving,0.35,PARTIAL_AGREEMENT,Manual Review Pending analyst validation.
OILPS_OSHA_00861,2017010274,"An employee was changing a polished rod when the employee's hand was caught between a well head and a block, crushing the ring and pinky fingers. nan",Energy Isolation,0.0301,Safe Mechanical Lifting,0.0157,0.0144,Line of Fire,0.35,PARTIAL_AGREEMENT,Manual Review Pending analyst validation.
OILPS_OSHA_00865,2017010388,"An employee was rigging up a building top-drive track and had the drive track hoisted when he saw something in the pin hole. As he attempted to remove the object, his right index fingertip was caught ",Line of Fire,0.2572,Safe Mechanical Lifting,0.079,0.1782,Safe Mechanical Lifting,0.35,PARTIAL_AGREEMENT,Manual Review Pending analyst validation.
OILPS_OSHA_00875,2017010853,An employee was lining up pipes to be connected when the clamp that holds the pipes together broke and the employee's left index finger was caught in the lifting chains amputating it at the first knuc,Line of Fire,0.1947,Safe Mechanical Lifting,0.0105,0.1842,Safe Mechanical Lifting,0.35,PARTIAL_AGREEMENT,Manual Review Pending analyst validation.
OILPS_OSHA_00876,2017010858,An employee was cleaning a H2S (hydrogen sulfide) tower using a H2O2 (hydrogen peroxide) chemical when a chemical explosion occurred. The employee suffered burns to an ear and leg. nan,Work Authorization,0.9971,Confined Space,0.9814,0.0157,NONE,0.35,PARTIAL_AGREEMENT,Manual Review Pending analyst validation.
OILPS_OSHA_00877,2017012903,"An employee was installing a cooling tower over a pit when he fell approximately 12 feet into the pit, suffering bruising. Fall protection was not worn at the time. nan",Working at Height,0.1693,Hot Work,0.0015,0.1678,Working at Height,0.75,PARTIAL_AGREEMENT,Manual Review Pending analyst validation.
OILPS_OSHA_00888,2017021091,"An employee was cleaning the rig when he reached for something and fell 8 to 10 feet to the ground, fracturing ribs and puncturing a lung. He was hospitalized. His safety lanyard was unhooked at the t",Working at Height,0.6516,Hot Work,0.0006,0.651,NONE,0.55,PARTIAL_AGREEMENT,Manual Review Pending analyst validation.
OILPS_OSHA_00894,2017021170,"An employee was loading equipment from a forklift onto the bed of a pick-up truck. When he attempted to step backward, his foot became caught on an object and he began to fall. He tried to catch himse",Driving,0.9932,Safe Mechanical Lifting,0.857,0.1362,Working at Height,0.35,PARTIAL_AGREEMENT,Manual Review Pending analyst validation.
OILPS_OSHA_00906,2017021593,An employee suffered broken ribs when caught between the bottom part of the rig basket and the pump jack beam. nan,Safe Mechanical Lifting,0.0023,Hot Work,0.0002,0.0021,Line of Fire,0.35,PARTIAL_AGREEMENT,Manual Review Pending analyst validation.
OILPS_OSHA_00915,2017021801,An employee was standing next to a bore pipe observing the work. An excavator was being used to pull an auger bit out of the bore pipe. A chain was attached to the excavator to pull the auger sections,Safe Mechanical Lifting,0.4712,Hot Work,0.0225,0.4487,NONE,0.35,PARTIAL_AGREEMENT,Manual Review Pending analyst validation.
OILPS_OSHA_00920,2017032137,The employee was sitting on a pumping unit walking beam trying to attach the horsehead. The horsehead struck the employee causing him to fall over 9 feet onto the lower portion of the pumping unit res,Working at Height,0.1155,Energy Isolation,0.054,0.0615,Working at Height,0.75,PARTIAL_AGREEMENT,Manual Review Pending analyst validation.
OILPS_OSHA_00926,2017032276,"An employee was using a rig elevator to pull rods out of a hole. As he lowered blocks down the elevator, the block brakes failed, allowing the elevators to strike and fracture the upper phalange on hi",Safe Mechanical Lifting,0.8298,Driving,0.8072,0.0226,NONE,0.35,PARTIAL_AGREEMENT,Manual Review Pending analyst validation.
OILPS_OSHA_00927,2017032283,An employee was helping a coworker adjust the placement of a cellar cover when he slipped and his right middle fingertip was caught and amputated between the cellar cover handle and the matting board.,Energy Isolation,0.4802,Confined Space,0.0032,0.477,NONE,0.35,PARTIAL_AGREEMENT,Manual Review Pending analyst validation.
OILPS_OSHA_00929,2017032346,"Employees were servicing a well. When the injured employee lifted tubing, his finger was caught between the slip segments and the well head resulting in amputation of the middle fingertip. nan",Hot Work,0.0934,Energy Isolation,0.0364,0.057,Line of Fire,0.35,PARTIAL_AGREEMENT,Manual Review Pending analyst validation.
OILPS_OSHA_00932,2017032429,An employee stepped off of the back of a trailer and placed his foot on the bumper. His foot slipped and was caught between the bumper and the trailer resulting in a fracture. nan,Safe Mechanical Lifting,0.4963,Energy Isolation,0.1611,0.3352,Line of Fire,0.35,PARTIAL_AGREEMENT,Manual Review Pending analyst validation.
OILPS_OSHA_00940,2017032688,"An employee was struck by a pipe while attempting to open a bleed line, suffering contusions and broken bones in his torso. He was hospitalized. nan",Safe Mechanical Lifting,0.0459,Line of Fire,0.0288,0.0171,Line of Fire,0.35,PARTIAL_AGREEMENT,Manual Review Pending analyst validation.
OILPS_OSHA_00943,2017032735,"An employee was removing a 4"" valve with a flange. As he was removing the valve, his right pinky finger was caught between the flange of the valve and the pad-I, amputating it at the first joint. nan",Energy Isolation,0.6126,Line of Fire,0.1563,0.4563,Line of Fire,0.35,PARTIAL_AGREEMENT,Manual Review Pending analyst validation.
OILPS_OSHA_00944,2017032737,An employee was moving equipment from a stand to the ground when his right middle fingertip was pinched and amputated between the equipment and the stand. nan,Working at Height,0.0027,Energy Isolation,0.0007,0.002,Line of Fire,0.35,PARTIAL_AGREEMENT,Manual Review Pending analyst validation.
OILPS_OSHA_00952,2017042984,An employee was trying to get sand to flow through a slot gate when it closed and amputated two of the employee's fingertips. nan,Hot Work,0.6621,Safe Mechanical Lifting,0.0132,0.6489,NONE,0.35,PARTIAL_AGREEMENT,Manual Review Pending analyst validation.
OILPS_OSHA_00965,2017043386,"An employee was loading and unloading 3"" pipe from a trailer to the ground when a pipe rolled and pinched his finger. His finger was amputated. nan",Safe Mechanical Lifting,0.6124,Working at Height,0.0223,0.5901,NONE,0.35,PARTIAL_AGREEMENT,Manual Review Pending analyst validation.
OILPS_OSHA_00969,2017043554,An employee was servicing a bulldozer and attempting to grease a fitting located between the blade and the bulldozer. He slipped and his right ring finger was caught and amputated in a pinch point bet,Working at Height,0.0023,Energy Isolation,0.0017,0.0006,Line of Fire,0.35,PARTIAL_AGREEMENT,Manual Review Pending analyst validation.
OILPS_OSHA_00975,2017043610,"Employees were tripping pipe out of the hole. An employee wanted to roll a pipe section from the catwalk onto the skate. The pipe was having difficulty rolling, so the employee changed the angle of th",Working at Height,0.5923,Driving,0.1061,0.4862,NONE,0.35,PARTIAL_AGREEMENT,Manual Review Pending analyst validation.
OILPS_OSHA_00976,2017043676,An employee was driving a road grater when the blade struck something in the ground causing the grater to stop suddenly. The employee was jolted resulting in cracked or slipped vertebrae. nan,Line of Fire,0.0108,Energy Isolation,0.0045,0.0063,Driving,0.35,PARTIAL_AGREEMENT,Manual Review Pending analyst validation.
OILPS_OSHA_00978,2017043726,An employee was on top of the tanker truck loading fuel into the tanker. The vapors ignited causing an explosion and throwing the employee 20 feet into the air. The employee suffered third degree burn,Hot Work,0.8704,Driving,0.7689,0.1015,NONE,0.35,PARTIAL_AGREEMENT,Manual Review Pending analyst validation.
OILPS_OSHA_00979,2017043747,"An employee finished installing power line poles and stepped into a truck. The truck derrick made contact with the power line (12kV), resulting in electric shock to the employee. The employee received",Driving,0.9918,Working at Height,0.9313,0.0605,NONE,0.35,PARTIAL_AGREEMENT,Manual Review Pending analyst validation.
OILPS_OSHA_00981,2017043912,An employee was unscrewing the oil and gas pipe and was pushed over the edge of the work floor by the high pressure release. The employee fell 10 feet to the ground and broke his left arm. nan,Energy Isolation,0.5194,Working at Height,0.0026,0.5168,NONE,0.35,PARTIAL_AGREEMENT,Manual Review Pending analyst validation.
OILPS_OSHA_00983,2017053987,"An employee had entered a confined space in a reactor when he slipped on catalyst support media. As he fell, catalyst support beams (fire brick stacks) weighing approximately 80 to 100 pounds also fel",Working at Height,0.0008,Energy Isolation,0.0003,0.0005,Confined Space,0.35,PARTIAL_AGREEMENT,Manual Review Pending analyst validation.
OILPS_OSHA_00992,2017054157,"An employee in a manlift basket had just finished a painting job. He was wearing a harness and coming down with the manlift when he fell from the basket and struck it, breaking his pelvis. nan",Working at Height,0.2557,Driving,0.0117,0.244,Working at Height,0.75,PARTIAL_AGREEMENT,Manual Review Pending analyst validation.
OILPS_OSHA_00994,2017054165,"While climbing a ladder to an acid gas/ammonia gas drum platform, an employee missed the second rung from the top of the ladder and fell approximately 7 feet. The employee suffered a fractured hip and",Working at Height,0.9938,Work Authorization,0.9479,0.0459,Working at Height,0.75,STRONG_AGREEMENT,Manual Review Pending analyst validation.
OILPS_OSHA_00998,2017054257,"While using a tag line to move a pipe, an employee lost control of the tag line. The employee's right arm was then caught between the pipe and a drilling rig, breaking it. nan",Energy Isolation,0.0155,Line of Fire,0.0019,0.0136,Line of Fire,0.35,PARTIAL_AGREEMENT,Manual Review Pending analyst validation.
OILPS_OSHA_01000,2017054292,"An employee was working on a production line when the palletizer jammed. While attempting to clear the jam, the employee was pinned between pails and the moving equipment. A coworker stopped the machi",Energy Isolation,0.0255,Work Authorization,0.0112,0.0143,Line of Fire,0.35,PARTIAL_AGREEMENT,Manual Review Pending analyst validation.
OILPS_OSHA_01001,2017054302,"A well-servicing rig crew was tripping pipe out of a hole when the safety pin on the tongs (torqueing device) broke, allowing the tongs to strike an employee and knock him off the work platform. He fe",Working at Height,0.5566,Hot Work,0.0159,0.5407,NONE,0.35,PARTIAL_AGREEMENT,Manual Review Pending analyst validation.
OILPS_OSHA_01008,2017054457,An employee was doing maintenance on a hydraulic tong. He was using his left index finger to remove water from the top of the tong's ring gear when the machine was activated. The tong began to rotate ,Working at Height,0.7953,Safe Mechanical Lifting,0.653,0.1423,NONE,0.35,PARTIAL_AGREEMENT,Manual Review Pending analyst validation.
OILPS_OSHA_01019,2017054685,"An employee was stabbing a valve on a stack while guiding a forklift operator who was lifting and holding the rigged valve. The strap slipped off the valve, allowing the valve to fall and strike the e",Safe Mechanical Lifting,0.3622,Driving,0.0135,0.3487,Safe Mechanical Lifting | Working at Height,0.75,PARTIAL_AGREEMENT,Manual Review Pending analyst validation.
OILPS_OSHA_01033,2017065044,"An employee was adjusting a slide seat in an excavator when his right middle finger was caught between the slide seat adjustment bar and the latch behind it, amputating his middle fingertip. nan",Energy Isolation,0.0039,Line of Fire,0.0012,0.0027,Line of Fire,0.35,PARTIAL_AGREEMENT,Manual Review Pending analyst validation.
OILPS_OSHA_01041,2017065268,"An employee was trying to remove sand that was stuck in a jammed sand equipment door. The employee was using a hammer on the door when the door slipped and caught the employee's left hand, crushing th",Safe Mechanical Lifting,0.6822,Hot Work,0.1343,0.5479,NONE,0.35,PARTIAL_AGREEMENT,Manual Review Pending analyst validation.
OILPS_OSHA_01043,2017065270,An employee was moving a crane pad and amputated the right pinky finger at the first knuckle when it was caught in a pinch point between the outrigger and the cylinder. nan,Safe Mechanical Lifting,0.4898,Line of Fire,0.4697,0.0201,Line of Fire | Safe Mechanical Lifting,0.75,PARTIAL_AGREEMENT,Manual Review Pending analyst validation.
OILPS_OSHA_01049,2017065337,"While replacing a roof, an employee walked by an asphalt lugger. The pipeline burst and sprayed hot asphalt on the employee, causing second degree burns on both forearms and requiring hospitalization.",Hot Work,0.0131,Work Authorization,0.0057,0.0074,Working at Height,0.55,PARTIAL_AGREEMENT,Manual Review Pending analyst validation.
OILPS_OSHA_01052,2017065482,"An employee was cutting 3/4-inch strips of wood with a table saw when a piece of scrap wood became stuck between the guard and the saw blade. As the employee attempted to remove it, the left index fin",Hot Work,0.0074,Working at Height,0.0069,0.0005,Hot Work,0.75,PARTIAL_AGREEMENT,Manual Review Pending analyst validation.
OILPS_OSHA_01058,2017065621,"An employee was loading pipes onto a trailer when his left hand was caught between a pipe and the trailer, injuring his thumb and his index and middle fingers. nan",Safe Mechanical Lifting,0.2552,Line of Fire,0.1205,0.1347,Line of Fire,0.35,PARTIAL_AGREEMENT,Manual Review Pending analyst validation.
OILPS_OSHA_01060,2017065682,"An employee was rigging some 2-inch manifold piping near a well head when some of the piping tipped and struck the employee's lower left leg, causing a compound fracture. nan",Energy Isolation,0.9975,Safe Mechanical Lifting,0.9909,0.0066,Safe Mechanical Lifting,0.35,PARTIAL_AGREEMENT,Manual Review Pending analyst validation.
OILPS_OSHA_01068,2017066034,"An employee was attaching the rigging on a base weight when his left foot was caught in the chains. The chains then pulled tight and trapped his left foot between the chains and the hitch, amputating ",Safe Mechanical Lifting,0.8798,Energy Isolation,0.8016,0.0782,Safe Mechanical Lifting,0.75,STRONG_AGREEMENT,Manual Review Pending analyst validation.
OILPS_OSHA_01072,2017066064,"An employee was rolling pipes by hand on top of the first layer of pipes in the pipe rack, when he lost balance and his right foot was caught between the pipes from the first layer. As he tried to sto",Energy Isolation,0.4398,Working at Height,0.3137,0.1261,Line of Fire,0.35,PARTIAL_AGREEMENT,Manual Review Pending analyst validation.
OILPS_OSHA_01075,2017076079,An employee was rigging down casing tools. He had two rig bales on the rig floor and was readying them to be let down to the rig floor. He had one bale upright when the rig-hand helper picked up the o,Safe Mechanical Lifting,0.0788,Energy Isolation,0.005,0.0738,Safe Mechanical Lifting,0.75,PARTIAL_AGREEMENT,Manual Review Pending analyst validation.
OILPS_OSHA_01076,2017076091,An employee was adjusting a dump table gear on a piece of work when a coworker who was helping energized the equipment. The rotating equipment then amputated the employee's pinky fingertip. nan,Hot Work,0.0447,Energy Isolation,0.0106,0.0341,Line of Fire,0.55,PARTIAL_AGREEMENT,Manual Review Pending analyst validation.
OILPS_OSHA_01077,2017076096,"A workover crew was tripping out of a hole when the drill line parted, causing the blocks to drop from 10 to 15 feet up and fall onto the floor. The drill floor sprung up when the blocks contacted it,",Working at Height,0.0979,Line of Fire,0.0015,0.0964,Working at Height,0.75,PARTIAL_AGREEMENT,Manual Review Pending analyst validation.
OILPS_OSHA_01079,2017076111,"An employee was lifting a drive shaft from a pump using chains when one of the chains came off and struck the employee's right leg, lacerating and dislocating the right knee. nan",Energy Isolation,0.0498,Working at Height,0.01,0.0398,Safe Mechanical Lifting,0.35,PARTIAL_AGREEMENT,Manual Review Pending analyst validation.
OILPS_OSHA_01080,2017076131,"An employee was lifting a perforated gun string to go down in a hole when the gun string broke loose and struck the employee's lower back, breaking the tailbone. nan",Hot Work,0.0017,Energy Isolation,0.0009,0.0008,Safe Mechanical Lifting,0.35,PARTIAL_AGREEMENT,Manual Review Pending analyst validation.
OILPS_OSHA_01115,2017076875,An employee was driving around a curve in the road when his truck left the roadway and rolled over. He suffered a fractured pelvis. nan,Driving,0.5353,Line of Fire,0.0306,0.5047,Driving,0.75,PARTIAL_AGREEMENT,Manual Review Pending analyst validation.
OILPS_OSHA_01117,2017076925,"An employee was cutting a piece of metal with a roller press when the employee's right hand contacted the press blade, amputating the pinky finger. nan",Energy Isolation,0.0098,Hot Work,0.0053,0.0045,Hot Work,0.35,PARTIAL_AGREEMENT,Manual Review Pending analyst validation.
OILPS_OSHA_01122,2017077019,"On July 26, 2017, an employee drove a utility vehicle up a hill to refuel a water pump. While driving the vehicle off the hill, the employee ran into mud, at which time the vehicle's back end kicked o",Driving,0.49,Working at Height,0.0092,0.4808,Driving,0.75,PARTIAL_AGREEMENT,Manual Review Pending analyst validation.
OILPS_OSHA_01124,2017077207,"The injured employee was standing on a wellhead that weighed about 8,000 pounds. The wellhead was sitting on a ring gasket about 10 feet off the floor. While the employee was unlatching the chain from",Working at Height,0.8844,Safe Mechanical Lifting,0.8687,0.0157,NONE,0.35,PARTIAL_AGREEMENT,Manual Review Pending analyst validation.
OILPS_OSHA_01126,2017077080,An employee was struck by a trackhoe resulting in a broken right foot. nan,Line of Fire,0.2987,Safe Mechanical Lifting,0.0861,0.2126,Line of Fire,0.75,PARTIAL_AGREEMENT,Manual Review Pending analyst validation.
OILPS_OSHA_01129,2017077113,"While rigging up the top drive, employees needed to move the Kelly hose into position. They had to swing the ST-80 all the way around. The injured employee was in a crush point, and his foot was caugh",Working at Height,0.0142,Safe Mechanical Lifting,0.006,0.0082,Safe Mechanical Lifting,0.35,PARTIAL_AGREEMENT,Manual Review Pending analyst validation.
OILPS_OSHA_01130,2017077116,"An employee was working with a high pressure pump replacing swab. When the cap plug was unscrewed it fell out onto the employee's right middle finger, breaking the finger. nan",Energy Isolation,0.6528,Working at Height,0.0009,0.6519,NONE,0.35,PARTIAL_AGREEMENT,Manual Review Pending analyst validation.
OILPS_OSHA_01132,2017077123,"The employee was assisting with mobile rig removal from a well site. As pipe was being pulled from the hole, rope used for pullout got caught up and pipe began to slip. The employee reached in to grab",Safe Mechanical Lifting,0.5161,Line of Fire,0.0487,0.4674,Line of Fire,0.35,PARTIAL_AGREEMENT,Manual Review Pending analyst validation.
OILPS_OSHA_01134,2017087396,"On August 3, 2017, at approximately 9:00 a.m., an employee was tending a well while standing between two gas production units approximately 15 feet from a sand separator. At that time, a threaded pipe",Energy Isolation,0.2341,Hot Work,0.028,0.2061,Line of Fire,0.35,PARTIAL_AGREEMENT,Manual Review Pending analyst validation.
OILPS_OSHA_01136,2017087499,An employee was attempting to remove a pin from a derrick when a forklift operator moved the derrick board unexpectedly. The employee's right thumb was then caught and amputated between the pin and th,Safe Mechanical Lifting,0.9953,Working at Height,0.9939,0.0014,NONE,0.35,PARTIAL_AGREEMENT,Manual Review Pending analyst validation.
OILPS_OSHA_01139,2017087553,"While making an adjustment to a pouch manufacturing machine, an employee had his left thumb pinched by the machine's cutting blades resulting in partial amputation of the thumb. At the time the interl",Line of Fire,0.0074,Driving,0.0001,0.0073,Bypassing Safety Controls | Hot Work,0.55,PARTIAL_AGREEMENT,Manual Review Pending analyst validation.
OILPS_OSHA_01141,2017087559,"An employee was inspecting counter weight cylinders for clearance when the employee fell from the top of the counter weights to the crane deck, suffering a facial fracture. nan",Working at Height,0.0266,Safe Mechanical Lifting,0.0037,0.0229,Safe Mechanical Lifting,0.35,PARTIAL_AGREEMENT,Manual Review Pending analyst validation.
OILPS_OSHA_01145,2017088366,"An employee was unloading a truck tank when he was exposed to hydrogen sulfide, suffering a headache and nausea. nan",Driving,0.9954,Work Authorization,0.869,0.1264,NONE,0.35,PARTIAL_AGREEMENT,Manual Review Pending analyst validation.
OILPS_OSHA_01149,2017087771,"A dozer was dragging a flume pipe that came loose and struck an employee in the back. The employee suffered a fractured pelvis and shoulder blade, requiring hospitalization. nan",Safe Mechanical Lifting,0.5628,Energy Isolation,0.1463,0.4165,NONE,0.35,PARTIAL_AGREEMENT,Manual Review Pending analyst validation.
OILPS_OSHA_01154,2017087932,"An employee was operating a laser guided vehicle (LGV). The employee put the LGV in manual, got off the machine and was pinched between the LGV and conveyor, suffering a right hip contusion. nan",Driving,0.0015,Working at Height,0.0009,0.0006,Driving,0.75,PARTIAL_AGREEMENT,Manual Review Pending analyst validation.
OILPS_OSHA_01159,2017088073,An employee was unloading a goose neck trailer using a winch and cable. The employee's hand was caught in the winch hook when the truck pulled away amputating the index finger below the nail. nan,Safe Mechanical Lifting,0.9996,Driving,0.8823,0.1173,NONE,0.35,PARTIAL_AGREEMENT,Manual Review Pending analyst validation.
OILPS_OSHA_01164,2017088226,An employee was guiding a section of fracturing iron (straight joint and checksum) as two coworkers were lowering the checksum out of the way. The injured employee's gloved right hand was caught betwe,Line of Fire,0.2269,Safe Mechanical Lifting,0.2084,0.0185,Line of Fire,0.75,PARTIAL_AGREEMENT,Manual Review Pending analyst validation.
OILPS_OSHA_01170,2017088429,"An employee was changing a saver sub, using a sling around a grabber box, when the rating tag on the sling was pinched under the grabber box. The employee was using a wrench to try and pry out the rat",Working at Height,0.03,Safe Mechanical Lifting,0.0283,0.0017,Safe Mechanical Lifting,0.35,PARTIAL_AGREEMENT,Manual Review Pending analyst validation.
OILPS_OSHA_01171,2017098441,An employee was using a portable grinder with a wire brush wheel to clean a metallic natural gas pipe in preparation for welding. The flow of natural gas had been stopped with a metallic stopper pin. ,Line of Fire,0.9632,Hot Work,0.9381,0.0251,Hot Work,0.55,PARTIAL_AGREEMENT,Manual Review Pending analyst validation.
OILPS_OSHA_01173,2017098499,"An employee was lowering a well pump down a well shaft when a 1/2-inch cable snapped and whipped back up, striking the employee. He suffered lacerations to both hands and bruising on the chest, requir",Driving,0.5867,Confined Space,0.0572,0.5295,NONE,0.35,PARTIAL_AGREEMENT,Manual Review Pending analyst validation.
OILPS_OSHA_01176,2017098585,An employee was holding the wing side of a swivel connection in place to connect an iron riser to a wellhead when his right pinky finger was caught between the iron riser and the threaded part of the ,Line of Fire,0.1139,Safe Mechanical Lifting,0.0765,0.0374,Line of Fire,0.75,PARTIAL_AGREEMENT,Manual Review Pending analyst validation.
OILPS_OSHA_01180,2017098662,"An employee was nippling up a blowout preventer at a drill site when the employee's hand was caught between a blind ram and 4-inch gauge sealer valve, crushing the right pinky finger. The employee's p",Safe Mechanical Lifting,0.3826,Energy Isolation,0.2131,0.1695,Line of Fire,0.35,PARTIAL_AGREEMENT,Manual Review Pending analyst validation.
OILPS_OSHA_01182,2017098680,"A drilling crew was in the process of tripping pipe out of a hole when the pulling cable snapped, letting the block fall freely on the rig floor. A piece of the cable hit one of the employees and beca",Energy Isolation,0.0006,Line of Fire,0.0005,0.0001,Working at Height,0.35,PARTIAL_AGREEMENT,Manual Review Pending analyst validation.
OILPS_OSHA_01189,2017098829,An employee was traveling on a lease road making a left hand turn when the tractor trailer shut off completely causing power steering to no longer function. The tractor trailer left the roadway and ro,Line of Fire,0.0045,Working at Height,0.0021,0.0024,Driving,0.55,PARTIAL_AGREEMENT,Manual Review Pending analyst validation.
OILPS_OSHA_01210,2017099138,"An employee's left hand was caught by a pipeline that was being lowered by a rig, partially amputating his thumb, index finger, and forefinger up to the knuckle. He was hospitalized. nan",Safe Mechanical Lifting,0.9841,Line of Fire,0.8942,0.0899,NONE,0.35,PARTIAL_AGREEMENT,Manual Review Pending analyst validation.
OILPS_OSHA_01213,2017099255,"An employee was working approximately 6 feet above ground level servicing a pumpjack when he lost his footing and fell to the ground, fracturing three ribs. nan",Working at Height,0.5842,Driving,0.0152,0.569,NONE,0.55,PARTIAL_AGREEMENT,Manual Review Pending analyst validation.
OILPS_OSHA_01215,2017099287,An employee was filling a tanker trailer with used oil that was being pumped from a larger stationary tank. He climbed the trailer-mounted ladder to open the dome hatch to check on the filling process,Energy Isolation,0.9894,Working at Height,0.9235,0.0659,Working at Height,0.35,PARTIAL_AGREEMENT,Manual Review Pending analyst validation.
OILPS_OSHA_01216,2017099297,An employee was pulling string on the side of a new road to be paved when a reversing tractor hit the employee. The employee suffered a head fracture. nan,Energy Isolation,0.0876,Work Authorization,0.005,0.0826,Driving,0.35,PARTIAL_AGREEMENT,Manual Review Pending analyst validation.
OILPS_OSHA_01223,2017099388,"On 9/29/2017, an employee was attempting to install a pipe onto a wellhead when the pipe fell. As he attempted to shield himself from the falling pipe, his left little finger was caught between the fa",Safe Mechanical Lifting,0.0053,Working at Height,0.0053,0.0,Line of Fire,0.35,PARTIAL_AGREEMENT,Manual Review Pending analyst validation.
OILPS_OSHA_01229,2017109605,"An employee fell while installing safety clamps. During the fall, the employee's left pinky finger was caught and partially amputated between a safety clamp and a pipe. nan",Working at Height,0.0062,Driving,0.0002,0.006,Working at Height,0.75,PARTIAL_AGREEMENT,Manual Review Pending analyst validation.
OILPS_OSHA_01233,2017109664,"During rig-down operations, an employee's left hand was caught between a hydraulic torque wrench and a flange, amputating his thumb from the mid-knuckle to the tip. nan",Safe Mechanical Lifting,0.1051,Working at Height,0.0021,0.103,Line of Fire,0.35,PARTIAL_AGREEMENT,Manual Review Pending analyst validation.
OILPS_OSHA_01234,2017109686,"An employee was getting an oil sample from a hoist on the rig floor. He turned a valve and the hoist activated, amputating his right index fingertip. nan",Safe Mechanical Lifting,0.1207,Energy Isolation,0.0089,0.1118,Safe Mechanical Lifting,0.75,PARTIAL_AGREEMENT,Manual Review Pending analyst validation.
OILPS_OSHA_01248,2017109971,"An employee was putting a well online with a wrench when the flow line blew up. The employee received lacerations to the right arm, and the left ankle was nearly amputated. nan",Energy Isolation,0.591,Safe Mechanical Lifting,0.0638,0.5272,NONE,0.35,PARTIAL_AGREEMENT,Manual Review Pending analyst validation.
OILPS_OSHA_01251,20171010005,"An employee was pushing on a tree while putting on a wraparound when the lifting sup separated from the well head flange at the threads, allowing the flange to drop and crush the employee's right hand",Energy Isolation,0.0072,Working at Height,0.0023,0.0049,Safe Mechanical Lifting,0.35,PARTIAL_AGREEMENT,Manual Review Pending analyst validation.
OILPS_OSHA_01254,20171010051,"An employee was part of a rig floor crew that was picking up 2-and-3/8-inch drill pipe to make a connection with a power swivel. The employee grabbed the pipe above the elevators. At that point, 1/4-i",Hot Work,0.2329,Energy Isolation,0.0661,0.1668,Safe Mechanical Lifting,0.35,PARTIAL_AGREEMENT,Manual Review Pending analyst validation.
OILPS_OSHA_01260,20171010140,"An employee was hooking up equipment to torque test when he stepped onto a wing valve that was 2 feet off of the ground. The wing valve broke, causing him to fall onto the ground. He suffered broken r",Working at Height,0.1256,Driving,0.0067,0.1189,Working at Height,0.75,PARTIAL_AGREEMENT,Manual Review Pending analyst validation.
OILPS_OSHA_01267,20171010233,"Two employees were moving 40-foot long pipes (30 inches in diameter and weighing over 1,000 lbs.) on an elevated pipe rack into the pipe coating facility. While moving the last pipe, one employee's ri",Energy Isolation,0.0274,Hot Work,0.0234,0.004,Line of Fire,0.35,PARTIAL_AGREEMENT,Manual Review Pending analyst validation.
OILPS_OSHA_01269,20171010256,"An employee was cutting bailing wire off a bail of corrugated cardboard when the wire released from the bail under tension and struck the employee's head, penetrating the skull. nan",Energy Isolation,0.0047,Working at Height,0.0003,0.0044,Hot Work,0.35,PARTIAL_AGREEMENT,Manual Review Pending analyst validation.
OILPS_OSHA_01271,20171010313,"On October 27, 2017, at approximately 2:45 p.m., an employee was adjusting the forks of a lift. While holding onto the side of the forklift assembly, he boomed up and kicked the fork over with his foo",Safe Mechanical Lifting,0.5608,Hot Work,0.0028,0.558,NONE,0.35,PARTIAL_AGREEMENT,Manual Review Pending analyst validation.
OILPS_OSHA_01272,20171010330,"An employee was operating a soil boring tool and lifting it out of a 36-inch deep trench. As he was preparing to place the tool on the ground, he lost his grip on it. The tool dropped to the ground, a",Hot Work,0.5531,Confined Space,0.29,0.2631,Line of Fire | Safe Mechanical Lifting,0.35,PARTIAL_AGREEMENT,Manual Review Pending analyst validation.
OILPS_OSHA_01281,20171112302,"An employee was picking up trash when he stumbled into an unguarded pumping unit and was struck by the horse head, suffering pelvic, sternum, and rib fractures. nan",Driving,0.0008,Confined Space,0.0002,0.0006,Line of Fire,0.35,PARTIAL_AGREEMENT,Manual Review Pending analyst validation.
OILPS_OSHA_01282,20171110596,"An employee was prepping a mast to be moved to platforms when his left middle and ring fingers were caught between the chain/hook and mast, amputating his fingertips. nan",Safe Mechanical Lifting,0.0062,Energy Isolation,0.003,0.0032,Line of Fire,0.35,PARTIAL_AGREEMENT,Manual Review Pending analyst validation.
OILPS_OSHA_01285,20171110644,"On 11/4/2017, an employee was dismounting a bulldozer when the employee's right foot slipped. The employee then made hard contact with the ground, breaking the tibia and fibula above the right ankle. ",Working at Height,0.5339,Energy Isolation,0.0134,0.5205,NONE,0.35,PARTIAL_AGREEMENT,Manual Review Pending analyst validation.
OILPS_OSHA_01286,20171110647,"An employee was picking up a mud motor to trip in a hole when a plate fell off the top drive and struck the employee, causing a right index finger amputation. nan",Energy Isolation,0.531,Working at Height,0.0468,0.4842,NONE,0.35,PARTIAL_AGREEMENT,Manual Review Pending analyst validation.
OILPS_OSHA_01290,20171110752,A digger derrick operator was positioning the boom off the back of a truck. He got out of the operator's chair and stepped onto the walk platform to the back of the truck to get a better view of the p,Driving,0.9907,Working at Height,0.8869,0.1038,NONE,0.35,PARTIAL_AGREEMENT,Manual Review Pending analyst validation.
OILPS_OSHA_01293,20171110830,"An employee was working removing a set of elevators at a gas well drill site when a second employee started a power swivel. The employee's left arm became entangled in the power swivel, breaking it an",Safe Mechanical Lifting,0.6294,Hot Work,0.2281,0.4013,NONE,0.35,PARTIAL_AGREEMENT,Manual Review Pending analyst validation.
OILPS_OSHA_01295,20171110863,"An employee was removing a flange from a client's oil/gas well with a hydraulic torque wrench. While the employee was placing the torque wrench on the nut, the employee's finger was in a pinch point b",Working at Height,0.0028,Energy Isolation,0.0006,0.0022,Line of Fire,0.35,PARTIAL_AGREEMENT,Manual Review Pending analyst validation.
OILPS_OSHA_01297,20171110889,An employee was sitting on a casing head valve to hold himself up while working in a cellar. He was holding onto a stud with his left hand for support. He was cutting approximately 14 inches off of th,Energy Isolation,0.451,Hot Work,0.009,0.442,Hot Work,0.35,PARTIAL_AGREEMENT,Manual Review Pending analyst validation.
OILPS_OSHA_01314,20171111162,"An employee was attempting to remove a part from a fracking unit using a torque wrench and a socket. The socket broke in half and the employee slipped and fell to the ground, hitting his head. He suff",Working at Height,0.5903,Energy Isolation,0.0843,0.506,NONE,0.35,PARTIAL_AGREEMENT,Manual Review Pending analyst validation.
OILPS_OSHA_01316,20171111228,"An employee was trying to loosen a tool with a wrench when his finger was caught between the wrench and the object he was loosening, resulting in an amputation. nan",Energy Isolation,0.3374,Line of Fire,0.1816,0.1558,Line of Fire,0.35,PARTIAL_AGREEMENT,Manual Review Pending analyst validation.
OILPS_OSHA_01318,20171111322,A crew had just installed a high volume separator in an oil field when a blowout occurred. One employee sustained head injuries and was hospitalized. nan,Energy Isolation,0.5836,Hot Work,0.1171,0.4665,NONE,0.35,PARTIAL_AGREEMENT,Manual Review Pending analyst validation.
OILPS_OSHA_01322,20171111340,An employee slipped and fell while walking on a partially constructed walkway beam. His right leg became wedged and fractured on a support brace during the fall. nan,Working at Height,0.0009,Line of Fire,0.0001,0.0008,Working at Height,0.75,PARTIAL_AGREEMENT,Manual Review Pending analyst validation.
OILPS_OSHA_01324,20171211419,"An employee was securing a flat hose to a reel on a deployment vehicle when the hose rotated. The employee was then caught between the reel and the deployment vehicle, fracturing the skull, jaw, and c",Driving,0.0094,Working at Height,0.0044,0.005,Driving | Line of Fire,0.75,PARTIAL_AGREEMENT,Manual Review Pending analyst validation.
OILPS_OSHA_01329,20171211614,"An employee was grabbing samples on a railcar. As he stood up, he slipped and fell chest downward, then began to slide on the downward slope of the car. He then attempted to turn his body and grab som",Working at Height,0.027,Driving,0.0036,0.0234,Working at Height,0.75,PARTIAL_AGREEMENT,Manual Review Pending analyst validation.
OILPS_OSHA_01333,20171211711,"An employee was operating a vacuum truck when the hose became disconnected and began spraying hot fluid. A fire and then explosion occurred, and the employee suffered serious burns. nan",Driving,0.6581,Hot Work,0.0187,0.6394,NONE,0.35,PARTIAL_AGREEMENT,Manual Review Pending analyst validation.
OILPS_OSHA_01343,20171211863,"On 12/14/2017, an employee was using a water jet ""gun"" with hot water coming out at 3,000 psi to spray columns in a sand pit. The high-pressure water then cut his leg, causing an abrasion and requirin",Energy Isolation,0.668,Working at Height,0.0011,0.6669,NONE,0.35,PARTIAL_AGREEMENT,Manual Review Pending analyst validation.
OILPS_OSHA_01345,20171211973,"An employee was standing between an excavator and a cutting box when he was struck by the excavator arm, fracturing his left arm and ribs. nan",Safe Mechanical Lifting,0.0928,Line of Fire,0.0034,0.0894,Hot Work | Line of Fire,0.35,PARTIAL_AGREEMENT,Manual Review Pending analyst validation.
OILPS_OSHA_01349,20171212048,An employee was riding a crew bus to a job site when the bus stopped. The crew exited the bus and was standing on the side of the road when a private vehicle struck employee. He suffered multiple blun,Energy Isolation,0.0025,Driving,0.0006,0.0019,Driving,0.35,PARTIAL_AGREEMENT,Manual Review Pending analyst validation.
OILPS_OSHA_01355,20171212168,"An employee was working in a flow back trailer when a generator stopped working. The employee tried to restart it and a fire started, causing third degree burns to the employee's hands and second degr",Hot Work,0.9767,Safe Mechanical Lifting,0.834,0.1427,NONE,0.35,PARTIAL_AGREEMENT,Manual Review Pending analyst validation.
OILPS_OSHA_01360,20171212363,"An employee was performing maintenance on a coil tubing unit, removing a bad section of coil from a reel. While trying to clear a jam in the large coil, the injured employee was struck by the coil, su",Line of Fire,0.0096,Hot Work,0.0054,0.0042,Line of Fire,0.75,PARTIAL_AGREEMENT,Manual Review Pending analyst validation.
OILPS_OSHA_01378,2018010329,An employee was working polish rods on a pump jack and placing clamps on rods when the employee's hand slipped and was caught between the clamps. The employee's right index fingertip was amputated. na,Safe Mechanical Lifting,0.0046,Driving,0.0005,0.0041,Line of Fire,0.35,PARTIAL_AGREEMENT,Manual Review Pending analyst validation.
OILPS_OSHA_01385,2018010479,"An employee was performing maintenance on a remote seismic vibrator when his right pinky finger became caught in the locking mechanism, amputating it at the first knuckle. nan",Line of Fire,0.5644,Safe Mechanical Lifting,0.0018,0.5626,NONE,0.35,PARTIAL_AGREEMENT,Manual Review Pending analyst validation.
OILPS_OSHA_01390,2018010582,"On January 18, 2018, at 5:40 p.m., an employee was in a boatswain chair greasing blocks when the safety hook came undone, causing the employee to fall 15 to 20 feet to the rig floor. He fractured his ",Working at Height,0.0188,Energy Isolation,0.0036,0.0152,Working at Height,0.75,PARTIAL_AGREEMENT,Manual Review Pending analyst validation.
OILPS_OSHA_01394,2018010630,"An employee fell from the top of a truck and landed on the ground, breaking his leg in two places and requiring surgery. nan",Working at Height,0.9925,Driving,0.9711,0.0214,NONE,0.35,PARTIAL_AGREEMENT,Manual Review Pending analyst validation.
OILPS_OSHA_01398,2018010686,"An employee was driving a street sweeper down a well pad access road when he applied the brakes, slid into a ditch, hit a mound, went airborne, and rolled two times. He suffered fractured ribs, a coll",Working at Height,0.0033,Hot Work,0.002,0.0013,Driving,0.35,PARTIAL_AGREEMENT,Manual Review Pending analyst validation.
OILPS_OSHA_01402,2018010876,"An employee was adjusting a ""T"" attachment on a loader to carry a bundle of guide rods. The driver of the loader exited it and bumped the steering wheel, causing the ""T"" attachment to shift. The emplo",Working at Height,0.0262,Safe Mechanical Lifting,0.0008,0.0254,Driving | Line of Fire,0.35,PARTIAL_AGREEMENT,Manual Review Pending analyst validation.
OILPS_OSHA_01407,2018010958,An employee was helping spot a tractor trailer and was caught between the trailer and flatbed resulting in a fractured pelvis. nan,Safe Mechanical Lifting,0.7361,Line of Fire,0.6203,0.1158,Line of Fire,0.35,PARTIAL_AGREEMENT,Manual Review Pending analyst validation.
OILPS_OSHA_01410,2018010987,"An employee was hooking up a hydraulic hose to a blowout preventer beneath the work floor when a clamp on the cable holding the rig floor broke, causing the rig floor to fall. The employee was pinned ",Energy Isolation,0.0366,Safe Mechanical Lifting,0.0007,0.0359,Working at Height,0.35,PARTIAL_AGREEMENT,Manual Review Pending analyst validation.
OILPS_OSHA_01411,2018010999,"An employee was bleeding down an injector line to bring a well back online when the line blew at a 90-connection. A 14-foot, 6-inch section of pipe blew out and broke the employee's tibia/fibula. nan",Energy Isolation,0.5851,Safe Mechanical Lifting,0.2417,0.3434,NONE,0.35,PARTIAL_AGREEMENT,Manual Review Pending analyst validation.
OILPS_OSHA_01412,2018011005,An employee was using a pipe wrench to loosen a fitting on a hot oil truck when the wrench slipped and amputated his left index finger. nan,Driving,0.673,Energy Isolation,0.0109,0.6621,NONE,0.35,PARTIAL_AGREEMENT,Manual Review Pending analyst validation.
OILPS_OSHA_01420,2018021126,An employee was attempting to raise the tongs up off the rig floor with a hoist when a safety pin became hung on the floor grating. The employee had his hand on the tongs while trying to see what they,Safe Mechanical Lifting,0.2408,Line of Fire,0.0133,0.2275,Safe Mechanical Lifting,0.75,PARTIAL_AGREEMENT,Manual Review Pending analyst validation.
OILPS_OSHA_01424,2018021280,An employee was on the back of a goose neck flat bed trailer approximately four feet high unloading racks made out of pipe. As he started to unbind chains on two racks they slipped and started to fall,Working at Height,0.0776,Driving,0.0027,0.0749,Working at Height,0.75,PARTIAL_AGREEMENT,Manual Review Pending analyst validation.
OILPS_OSHA_01425,2018021283,An employee was driving to an oil and gas site and drove into a river/ditch. nan,Safe Mechanical Lifting,0.002,Hot Work,0.001,0.001,Driving,0.35,PARTIAL_AGREEMENT,Manual Review Pending analyst validation.
OILPS_OSHA_01426,2018021310,An employee was replacing a valve in a process line using a chain fall. The employee's finger was caught between the new valve and the top of the flange crushing it and resulting in a partial amputati,Energy Isolation,0.3649,Line of Fire,0.0269,0.338,Line of Fire | Working at Height,0.35,PARTIAL_AGREEMENT,Manual Review Pending analyst validation.
OILPS_OSHA_01433,2018021418,An employee was lifting pipe out of the wrangler. The pipe slipped out of the elevator and struck the employee in the face and shoulder. The employee was knocked unconscious. nan,Energy Isolation,0.1189,Work Authorization,0.0063,0.1126,Safe Mechanical Lifting,0.35,PARTIAL_AGREEMENT,Manual Review Pending analyst validation.
OILPS_OSHA_01442,2018021677,"Employees were hoisting drilling pipe, when the pipe fell, striking the back of an employee who was standing on the rig floor. The employee sustained fractured ribs and vertebrae. nan",Hot Work,0.1866,Working at Height,0.0054,0.1812,Safe Mechanical Lifting,0.35,PARTIAL_AGREEMENT,Manual Review Pending analyst validation.
OILPS_OSHA_01445,2018021746,"An employee was getting the loop out of a drilling line at a spool when the driller started the spool, catching the employee's right hand between the line and spool. The employee's right ring and inde",Energy Isolation,0.6498,Line of Fire,0.0285,0.6213,NONE,0.35,PARTIAL_AGREEMENT,Manual Review Pending analyst validation.
OILPS_OSHA_01447,2018021815,"Three employees nippled up a blowout preventer's operation while standing in ankle-deep water that had cement residue in it. Later, one of the employee's suffered first, second, and third degree burns",Energy Isolation,0.5636,Hot Work,0.0067,0.5569,NONE,0.35,PARTIAL_AGREEMENT,Manual Review Pending analyst validation.
OILPS_OSHA_01452,2018021902,"An employee was setting a packer on a flatbed trailer to connect and thread the pipe when the employee's hand slipped and the pipe fell on it, trapping a finger between the pipe and the edge of the tr",Safe Mechanical Lifting,0.6496,Working at Height,0.0077,0.6419,NONE,0.35,PARTIAL_AGREEMENT,Manual Review Pending analyst validation.
OILPS_OSHA_01461,2018032109,"A crew was rigging down when a weight bucket became hung up while the derrick was being scoped in. One of the employees pulled on the cable, causing the climbing assist weight to come loose and descen",Safe Mechanical Lifting,0.1283,Energy Isolation,0.0345,0.0938,Line of Fire | Safe Mechanical Lifting,0.75,PARTIAL_AGREEMENT,Manual Review Pending analyst validation.
OILPS_OSHA_01471,2018032383,Employees were replacing the double block-and-bleed valve on an aircraft fuel check-out stand when one employee's finger became caught between the pipeline valve and the stationary pipe. The injured e,Energy Isolation,0.0067,Working at Height,0.0008,0.0059,Line of Fire,0.35,PARTIAL_AGREEMENT,Manual Review Pending analyst validation.
OILPS_OSHA_01477,2018032467,An employee was making a connection with a drill pipe and had a hand around the pipe when it moved into an iron roughneck. The employee's right pinky finger was caught between the iron roughneck and p,Energy Isolation,0.0755,Line of Fire,0.0281,0.0474,Line of Fire,0.35,PARTIAL_AGREEMENT,Manual Review Pending analyst validation.
OILPS_OSHA_01478,2018032495,"An employee was adjusting the sliding support on a trailer (150 pounds) when the employee's right index finger was caught between the slide and trailer, resulting in a right index fingertip amputation",Line of Fire,0.05,Safe Mechanical Lifting,0.0166,0.0334,Line of Fire,0.75,PARTIAL_AGREEMENT,Manual Review Pending analyst validation.
OILPS_OSHA_01479,2018032549,"An employee was on a catwalk when it broke loose at the mounting points, causing the employee to fall 12 feet to the ground and suffer a shoulder injury. nan",Working at Height,0.0093,Hot Work,0.0036,0.0057,Working at Height,0.75,PARTIAL_AGREEMENT,Manual Review Pending analyst validation.
OILPS_OSHA_01482,2018032641,The injured employee was extracting the drill string from the well bore (tripping out of the hole) and was struck by the drilling slips when the drilling string rotated resulting in a broken left leg.,Line of Fire,0.0015,Working at Height,0.0007,0.0008,Line of Fire,0.75,PARTIAL_AGREEMENT,Manual Review Pending analyst validation.
OILPS_OSHA_01488,2018032708,An employee was helping a road bore move pipes from one place to another. The employee was strapping up the pipe casing as a backhoe was reversing nearby. The backhoe then struck the stem connected to,Safe Mechanical Lifting,0.3466,Line of Fire,0.1945,0.1521,Driving,0.35,PARTIAL_AGREEMENT,Manual Review Pending analyst validation.
OILPS_OSHA_01490,2018032796,"An employee was setting a pin in a boom to connect two sections. When the employee went to hit the pin with a sledgehammer, his hand slipped and the sledgehammer struck his hand, fracturing his finger",Line of Fire,0.8149,Working at Height,0.6712,0.1437,NONE,0.35,PARTIAL_AGREEMENT,Manual Review Pending analyst validation.
OILPS_OSHA_01491,2018032813,The injured employee was preparing samples for testing and was processing nitric acid and oil and gas samples in a glass container when the glass container exploded resulting in burns and puncture wou,Work Authorization,0.6723,Confined Space,0.6711,0.0012,NONE,0.35,PARTIAL_AGREEMENT,Manual Review Pending analyst validation.
OILPS_OSHA_01493,2018032893,"A crew of employees were cleaning a site to prep it for oil rig drilling work. While lifting debris from the ground, one employee was bitten by a cotton mouth snake, requiring hospitalization. nan",Hot Work,0.0794,Working at Height,0.0048,0.0746,Safe Mechanical Lifting,0.35,PARTIAL_AGREEMENT,Manual Review Pending analyst validation.
OILPS_OSHA_01498,2018033060,"Employees were repairing a cooling unit on a new oil tank battery when a piping union failed and struck the injured employee, who suffered an amputation of the right leg below the knee. nan",Energy Isolation,0.5055,Hot Work,0.4794,0.0261,NONE,0.35,PARTIAL_AGREEMENT,Manual Review Pending analyst validation.
OILPS_OSHA_01499,2018033081,A crew was in the process of putting a sub-spreader beam in place so that they could raise the rig floor. An employee's hand was resting on the spreader beam when the derrick hand pulled the beam from,Working at Height,0.0808,Line of Fire,0.0043,0.0765,Line of Fire,0.35,PARTIAL_AGREEMENT,Manual Review Pending analyst validation.
OILPS_OSHA_01503,2018043147,An employee was helping to remove wind screens from around the rig when his right little finger was caught between a wind screen and an eye on the side of the doghouse. His right little fingertip was ,Working at Height,0.0025,Safe Mechanical Lifting,0.0022,0.0003,Line of Fire,0.35,PARTIAL_AGREEMENT,Manual Review Pending analyst validation.
OILPS_OSHA_01508,2018043230,"An employee was attempting to attach a lifting clamp to a steel flange plate when the plate fell approximately 6 inches, pinching his fingertip between the ground and the plate. As he pulled his hand ",Working at Height,0.6755,Hot Work,0.0057,0.6698,Line of Fire | Safe Mechanical Lifting,0.35,PARTIAL_AGREEMENT,Manual Review Pending analyst validation.
OILPS_OSHA_01517,2018043465,An employee was attempting to load a derrick board onto a flatbed haul truck with a forklift. His hand was between the forklift fork and derrick board as he tried to remove a rope from the bottom sect,Safe Mechanical Lifting,0.9992,Working at Height,0.9607,0.0385,NONE,0.35,PARTIAL_AGREEMENT,Manual Review Pending analyst validation.
OILPS_OSHA_01518,2018043494,"An employee was standing on planking located on the top buck of a two-end frame, tubular-welded frame scaffold when one of the scaffold planks broke, causing the employee to fall 10 feet to the ground",Safe Mechanical Lifting,0.9942,Working at Height,0.9741,0.0201,Working at Height,0.35,PARTIAL_AGREEMENT,Manual Review Pending analyst validation.
OILPS_OSHA_01522,2018043537,"While installing a sewer line using the horizontal directional drilling method, an employee was helping to add a drill stem to the tail string when his hand got too close to the nylon sling and the dr",Safe Mechanical Lifting,0.0103,Line of Fire,0.0048,0.0055,Safe Mechanical Lifting,0.75,PARTIAL_AGREEMENT,Manual Review Pending analyst validation.
OILPS_OSHA_01523,2018043578,"On 4/02/2018, employees were replacing a pin in the chain for a slat conveyor. The sledge hammer used to pound the pin into the chain missed the pin and struck the left pinky finger of the employee wh",Safe Mechanical Lifting,0.5369,Hot Work,0.1304,0.4065,NONE,0.35,PARTIAL_AGREEMENT,Manual Review Pending analyst validation.
OILPS_OSHA_01524,2018043597,An employee was holding a 55-gallon drum in place with his right leg while another employee was attempting to puncture the drum with the forks of a forklift. As the forklift operator applied pressure ,Safe Mechanical Lifting,0.9982,Energy Isolation,0.9702,0.028,NONE,0.35,PARTIAL_AGREEMENT,Manual Review Pending analyst validation.
OILPS_OSHA_01527,2018043610,"An employee was using a cart to push a turbine diaphragm out of a temporary sandblasting tent when the wheels encountered sandblasting grit on the floor, which stopped the progress of the cart. When t",Energy Isolation,0.0004,Working at Height,0.0003,0.0001,Working at Height,0.35,PARTIAL_AGREEMENT,Manual Review Pending analyst validation.
OILPS_OSHA_01532,2018043698,"An employee was removing debris from the job site and was on a digger derrick dumpster truck when he fell off the truck edge to the ground, fracturing his patella and lacerating his forehead. nan",Driving,0.9973,Working at Height,0.9698,0.0275,NONE,0.35,PARTIAL_AGREEMENT,Manual Review Pending analyst validation.
OILPS_OSHA_01535,2018043776,Employees were cutting steel pipe into sections. A backhoe bucket was holding pipe about two feet above ground level. Employees had cut pipe on the west side and walked to the east side to cut section,Hot Work,0.0176,Energy Isolation,0.0023,0.0153,Hot Work | Safe Mechanical Lifting | Working at Height,0.75,PARTIAL_AGREEMENT,Manual Review Pending analyst validation.
OILPS_OSHA_01537,2018043824,An employee was about to go down a flight of stairs but noticed someone coming up the same stairs. He then re-directed to go to another set of stairs but tripped and fell. He shattered his left elbow ,Safe Mechanical Lifting,0.5115,Energy Isolation,0.0719,0.4396,NONE,0.35,PARTIAL_AGREEMENT,Manual Review Pending analyst validation.
OILPS_OSHA_01547,2018044042,An employee was cleaning out a piston on a chemical pump and amputated the right index finger to the fingernail in a pinch point between the piston and the cylinder. nan,Hot Work,0.0031,Line of Fire,0.0022,0.0009,Line of Fire,0.35,PARTIAL_AGREEMENT,Manual Review Pending analyst validation.
OILPS_OSHA_01552,2018044080,"On April 27, 2018, at approximately 7:00 AM, an employee was operating a drill and had just finished drilling two holes in some square tubing when he attempted to grab a shaving near the drill bit, wh",Line of Fire,0.0763,Safe Mechanical Lifting,0.0026,0.0737,Hot Work,0.35,PARTIAL_AGREEMENT,Manual Review Pending analyst validation.
OILPS_OSHA_01555,2018044133,An employee was performing maintenance on a pump at a gas well frac job. The employee removed the top cap off of the pump and removed the top valve. The employee went to remove the bottom valve and th,Work Authorization,0.6468,Energy Isolation,0.4698,0.177,NONE,0.35,PARTIAL_AGREEMENT,Manual Review Pending analyst validation.
OILPS_OSHA_01564,2018054320,"Employees were switching railcars when one of the employees was caught between the two cars. He was crushed, suffering internal injuries to his upper abdomen and pelvic area. nan",Hot Work,0.0208,Safe Mechanical Lifting,0.0029,0.0179,Line of Fire,0.35,PARTIAL_AGREEMENT,Manual Review Pending analyst validation.
OILPS_OSHA_01567,2018054484,"On May 8, 2018, at approximately 12:10 a.m., employees were running some traded pipes and casing. The crew had a problem connecting two pipes (casing), so they unscrewed those pipes and continued to w",Hot Work,0.3958,Safe Mechanical Lifting,0.1449,0.2509,Line of Fire | Safe Mechanical Lifting,0.55,PARTIAL_AGREEMENT,Manual Review Pending analyst validation.
OILPS_OSHA_01569,2018054526,"An employee was attempting to enter a pick-up when he lost his footing, fell, and struck his right side flank on the side step of the vehicle. He suffered a right kidney contusion and hematuria. nan",Working at Height,0.5812,Driving,0.2446,0.3366,Driving,0.35,PARTIAL_AGREEMENT,Manual Review Pending analyst validation.
OILPS_OSHA_01574,2018054628,"An employee was driving down a lease road when the employee struck a rock in the road, over-corrected, and ran off the road, striking larger rocks that set the airbag off. The employee suffered a poss",Energy Isolation,0.0504,Line of Fire,0.0339,0.0165,Driving,0.35,PARTIAL_AGREEMENT,Manual Review Pending analyst validation.
OILPS_OSHA_01584,2018054812,"On May 17, 2018, an employee and a coworker were preparing to move steel plates. The coworker had the steel plates lifted with a pry bar while the employee's hand was placing a clamp under them. The c",Energy Isolation,0.2651,Working at Height,0.0762,0.1889,Working at Height,0.35,PARTIAL_AGREEMENT,Manual Review Pending analyst validation.
OILPS_OSHA_01590,2018055001,"On May 22, 2018, at approximately 8:40 a.m., an employee was in the enclosed cab of an excavator preparing the ground for the installation of a silt fence. While the employee was digging around the ba",Safe Mechanical Lifting,0.0137,Energy Isolation,0.0112,0.0025,Line of Fire,0.35,PARTIAL_AGREEMENT,Manual Review Pending analyst validation.
OILPS_OSHA_01594,2018055135,"An employee was observing pressure line testing, heard a hissing sound, stepped back to observe and fell into steel rebar. The employee was hospitalized for puncture wounds and internal bleeding. nan",Energy Isolation,0.4789,Working at Height,0.0013,0.4776,NONE,0.35,PARTIAL_AGREEMENT,Manual Review Pending analyst validation.
OILPS_OSHA_01597,2018055178,"An employee was unscrewing a 2-inch iron elbow from a 2-inch iron straight pipe. The pipe shifted, and his left index finger was pinched between the elbow and the pipe. His left index finger was amput",Safe Mechanical Lifting,0.8797,Working at Height,0.7886,0.0911,NONE,0.35,PARTIAL_AGREEMENT,Manual Review Pending analyst validation.
OILPS_OSHA_01601,2018055288,"An employee was struck by a tool while performing hydrostatic testing on a work-over rig. The tool impaled the employee, who required hospitalization and surgery. nan",Safe Mechanical Lifting,0.0039,Hot Work,0.0005,0.0034,Line of Fire,0.35,PARTIAL_AGREEMENT,Manual Review Pending analyst validation.
OILPS_OSHA_01612,2018065485,An employee was securing a set of chains to the slip for the blowout preventer (BOP) when the tongs engaged causing the slip to grab pipe and begin to spin. The injured employee's right hand was caugh,Energy Isolation,0.6921,Working at Height,0.2177,0.4744,Line of Fire,0.35,PARTIAL_AGREEMENT,Manual Review Pending analyst validation.
OILPS_OSHA_01619,2018065658,An employee got their left index finger caught between a compressor frame and a skid resulting in amputation of the fingertip. nan,Safe Mechanical Lifting,0.267,Energy Isolation,0.0464,0.2206,Line of Fire,0.35,PARTIAL_AGREEMENT,Manual Review Pending analyst validation.
OILPS_OSHA_01620,2018065666,"On June 10, 2018, at approximately 3:30 p.m., an employee suffered a partial amputation to the left middle finger while greasing the gears of the power tongs. nan",Hot Work,0.5183,Safe Mechanical Lifting,0.3814,0.1369,NONE,0.35,PARTIAL_AGREEMENT,Manual Review Pending analyst validation.
OILPS_OSHA_01623,2018065705,An employee was standing on the top step of a 2-foot stepladder to change paint booth filters. The employee fell off the stepladder to the concrete floor and fractured the right hip. nan,Working at Height,0.6908,Energy Isolation,0.0073,0.6835,NONE,0.35,PARTIAL_AGREEMENT,Manual Review Pending analyst validation.
OILPS_OSHA_01633,2018065915,"An employee was operating a pipe handler when a drilling pipe was released and struck his right hand, resulting in a pinky finger amputation and fractures to the ring and middle fingers. nan",Line of Fire,0.6615,Safe Mechanical Lifting,0.4833,0.1782,NONE,0.35,PARTIAL_AGREEMENT,Manual Review Pending analyst validation.
OILPS_OSHA_01634,2018065932,"An employee was steadying a road boring machine as it was loaded onto the back of a truck. The employee's right index finger was in a pinch point when the machine was lowered onto the finger, crushing",Line of Fire,0.9803,Driving,0.9564,0.0239,Line of Fire,0.75,STRONG_AGREEMENT,Manual Review Pending analyst validation.
OILPS_OSHA_01635,2018065944,"An employee was moving metal material when one of the employee's right fingers was caught between the material, resulting in a traumatic amputation of the fingertip. nan",Energy Isolation,0.0079,Line of Fire,0.0033,0.0046,Line of Fire,0.35,PARTIAL_AGREEMENT,Manual Review Pending analyst validation.
OILPS_OSHA_01638,2018065995,"An employee was taking apart some pipe on top of an oil and gas tank when he slipped and fell approximately 22 feet. The employee sustained cracked ribs, a collapsed lung and a cracked collarbone. Fal",Hot Work,0.0039,Working at Height,0.0026,0.0013,Working at Height,0.35,PARTIAL_AGREEMENT,Manual Review Pending analyst validation.
OILPS_OSHA_01639,2018066017,"An employee was working in an aerial lift to loosen a cam-lock trap when a cap struck the employee's face, requiring hospitalization. nan",Energy Isolation,0.5738,Safe Mechanical Lifting,0.0196,0.5542,NONE,0.35,PARTIAL_AGREEMENT,Manual Review Pending analyst validation.
OILPS_OSHA_01640,2018066035,"An employee was taking a joint of iron off the back of a truck and rotating it back into the cradle where it was stored. A brace was missing; when the joint was put into its resting spot, it kept roll",Driving,0.9421,Safe Mechanical Lifting,0.8057,0.1364,NONE,0.35,PARTIAL_AGREEMENT,Manual Review Pending analyst validation.
OILPS_OSHA_01641,2018066072,"An employee was helping a crew inspect a newly installed pipeline. High-pressure water and construction debris escaped from the pipeline during pigging operations, knocking over the employee and injur",Energy Isolation,0.6988,Working at Height,0.0003,0.6985,NONE,0.35,PARTIAL_AGREEMENT,Manual Review Pending analyst validation.
OILPS_OSHA_01642,2018066196,An employee was folding over a rain flap on a generator to pin it before an oil rig was moved. The employee's right middle finger was caught between a pad eye on the generator roof and a pad eye on th,Safe Mechanical Lifting,0.0007,Energy Isolation,0.0002,0.0005,Line of Fire | Working at Height,0.35,PARTIAL_AGREEMENT,Manual Review Pending analyst validation.
OILPS_OSHA_01643,2018066230,An employee experienced muscle cramps while rigging up isolation tools. The employee was hospitalized for dehydration. nan,Safe Mechanical Lifting,0.0199,Work Authorization,0.001,0.0189,Energy Isolation | Safe Mechanical Lifting,0.75,PARTIAL_AGREEMENT,Manual Review Pending analyst validation.
OILPS_OSHA_01645,2018066271,"On June 25, 2018, an employee was using a sling to offload 120-gallon tanks from the back of a truck. He fell from the truck to the ground, sustaining a lumbar compression fracture. nan",Driving,0.9884,Working at Height,0.9644,0.024,Safe Mechanical Lifting,0.35,PARTIAL_AGREEMENT,Manual Review Pending analyst validation.
OILPS_OSHA_01651,2018066426,"Three employees were moving a tool from the wash bay to two tool stands. The rear tool stand became caught on the lip of the floor and collapsed, causing the tool to fall off the stand. One of the emp",Hot Work,0.5189,Energy Isolation,0.2321,0.2868,Working at Height,0.35,PARTIAL_AGREEMENT,Manual Review Pending analyst validation.
OILPS_OSHA_01653,2018066508,An employee was cutting the coke or removing the coke from the drum to the loading area. Steam was released during the coke cutting process and the employee suffered burns to the neck/jawline and hand,Hot Work,0.0019,Energy Isolation,0.001,0.0009,Hot Work,0.75,PARTIAL_AGREEMENT,Manual Review Pending analyst validation.
OILPS_OSHA_01654,2018066536,"Two employees were tripping pipe on the rig floor. One employee slipped, and his right index fingertip was caught between the matting and the pin end of the pipe. He was hospitalized; the tip of his r",Safe Mechanical Lifting,0.0086,Energy Isolation,0.0072,0.0014,Line of Fire,0.35,PARTIAL_AGREEMENT,Manual Review Pending analyst validation.
OILPS_OSHA_01656,2018076735,"An employee was helping a skid steer operator. The skid steer struck the employee, who suffered a broken right leg. The employee was hospitalized. nan",Energy Isolation,0.4984,Safe Mechanical Lifting,0.3753,0.1231,NONE,0.35,PARTIAL_AGREEMENT,Manual Review Pending analyst validation.
OILPS_OSHA_01658,2018076777,"An employee was helping to direct a traveling block off the ground. As the block was being raised, his left foot was caught between it and a well head, and was lacerated and broken. nan",Line of Fire,0.1241,Safe Mechanical Lifting,0.0539,0.0702,Line of Fire,0.75,PARTIAL_AGREEMENT,Manual Review Pending analyst validation.
OILPS_OSHA_01660,2018076823,"An employee was organizing a Conex box when his right ring finger was caught between a hose and metal shelf in the box, resulting in a fingertip amputation. nan",Line of Fire,0.2693,Energy Isolation,0.0206,0.2487,Line of Fire,0.75,PARTIAL_AGREEMENT,Manual Review Pending analyst validation.
OILPS_OSHA_01661,2018076837,"An employee was assisting with beveling the ends of a pipe when he was struck by a 24"" diameter pipe. His right leg was caught between the pipe and a roller, which broke his ankle. nan",Line of Fire,0.0424,Energy Isolation,0.0062,0.0362,Line of Fire,0.75,PARTIAL_AGREEMENT,Manual Review Pending analyst validation.
OILPS_OSHA_01662,2018076846,"An employee was working on a drilling rig location, adjusting and pushing forklift blades, when the blades pinched the employee's middle finger, resulting in a fingertip amputation. nan",Safe Mechanical Lifting,0.5093,Work Authorization,0.0043,0.505,NONE,0.35,PARTIAL_AGREEMENT,Manual Review Pending analyst validation.
OILPS_OSHA_01675,2018077021,"An employee unloaded two pipe racks off a flatbed trailer, set them aside, and climbed on the trailer to remove the chains from the other racks. The employee then climbed off the trailer and began wal",Energy Isolation,0.0095,Driving,0.0062,0.0033,Driving,0.35,PARTIAL_AGREEMENT,Manual Review Pending analyst validation.
OILPS_OSHA_01685,2018077209,An employee was holding bushing pullers while attempting to set bushings when he was struck on his lower back area with a bushing puller (an approximately 1 inch X 2 feet metal device connected to a h,Safe Mechanical Lifting,0.1925,Hot Work,0.1088,0.0837,Safe Mechanical Lifting,0.75,PARTIAL_AGREEMENT,Manual Review Pending analyst validation.
OILPS_OSHA_01688,2018077232,While flushing chemical from a tanker truck an explosion occurred that burned three employees. One of the injured employees was hospitalized with burns to the face and hands. nan,Hot Work,0.991,Driving,0.8822,0.1088,NONE,0.35,PARTIAL_AGREEMENT,Manual Review Pending analyst validation.
OILPS_OSHA_01694,2018077353,"An employee was tripping pipe out of a hole when his right hand was caught between the handle and the elevator, injuring his index and middle fingers. nan",Safe Mechanical Lifting,0.025,Line of Fire,0.0006,0.0244,Line of Fire,0.35,PARTIAL_AGREEMENT,Manual Review Pending analyst validation.
OILPS_OSHA_01699,2018077523,An employee was retrieving his tools when he suffered a right pinky fingertip injury that later resulted in an amputation. nan,Line of Fire,0.513,Energy Isolation,0.0212,0.4918,NONE,0.35,PARTIAL_AGREEMENT,Manual Review Pending analyst validation.
OILPS_OSHA_01700,2018077531,"An employee was removing doors from an oil and gas treater with an electric impact gun. His tool arced and lit the gas in the room on fire, causing severe burns to both of his arms. nan",Hot Work,0.6914,Confined Space,0.0031,0.6883,NONE,0.35,PARTIAL_AGREEMENT,Manual Review Pending analyst validation.
OILPS_OSHA_01701,2018077628,"An employee was moving a 700 lb. cylinder with an appropriate lifting device when the cylinder fell on him, causing chest and leg contusions. He was hospitalized. nan",Hot Work,0.009,Energy Isolation,0.0004,0.0086,Safe Mechanical Lifting,0.35,PARTIAL_AGREEMENT,Manual Review Pending analyst validation.
OILPS_OSHA_01709,2018077795,"An employee was standing on the drum of an oil rig washing and removing grease from the drum when the operator activated the drum. The employee then fell between the drum and cable, fracturing his rig",Working at Height,0.5044,Energy Isolation,0.0155,0.4889,NONE,0.35,PARTIAL_AGREEMENT,Manual Review Pending analyst validation.
OILPS_OSHA_01711,2018087842,"An employee was hit by a falling sheave from a tester that was being placed in a well. The employee was struck in the chest below the collarbone, suffering a liver laceration and bruised lung. nan",Line of Fire,0.9627,Safe Mechanical Lifting,0.8404,0.1223,NONE,0.35,PARTIAL_AGREEMENT,Manual Review Pending analyst validation.
OILPS_OSHA_01714,2018087878,An employee was walking away from a pipeline when it exploded. He suffered second-degree burns. nan,Line of Fire,0.6372,Hot Work,0.279,0.3582,NONE,0.35,PARTIAL_AGREEMENT,Manual Review Pending analyst validation.
OILPS_OSHA_01716,2018087929,"An employee slipped while working on a blowout preventer, falling about 2 feet to the ground and suffering a broken thumb. nan",Working at Height,0.5954,Energy Isolation,0.0279,0.5675,NONE,0.55,PARTIAL_AGREEMENT,Manual Review Pending analyst validation.
OILPS_OSHA_01717,2018087935,"An employee was spotting a well servicing rig to a well when his right ring finger was caught between a wire cable and well-head bolt, resulting in a fingertip amputation. nan",Energy Isolation,0.1369,Line of Fire,0.0211,0.1158,Line of Fire,0.35,PARTIAL_AGREEMENT,Manual Review Pending analyst validation.
OILPS_OSHA_01718,2018087959,"An employee was working with tongues on the drilling floor when his hand entered a pinch point and the tongues caught his ring finger, resulting in an amputation at the first joint. nan",Safe Mechanical Lifting,0.8955,Line of Fire,0.8905,0.005,Line of Fire,0.35,PARTIAL_AGREEMENT,Manual Review Pending analyst validation.
OILPS_OSHA_01728,2018088136,Two employees were working on a pump. The first employee had his hand in the pump when the second employee rotated the drive line. The rotating pump parts then caused an amputation to the first employ,Line of Fire,0.527,Working at Height,0.1569,0.3701,NONE,0.35,PARTIAL_AGREEMENT,Manual Review Pending analyst validation.
OILPS_OSHA_01731,2018088234,"An employee was working on a work-over rig floor at a well site, pulling equipment out of a rod basket, when a 2.5-foot-long x 1.5-inch-diameter metal rod (safety bar) fell from the rod basket and str",Energy Isolation,0.511,Working at Height,0.0417,0.4693,NONE,0.35,PARTIAL_AGREEMENT,Manual Review Pending analyst validation.
OILPS_OSHA_01735,2018088300,"The injured employee was putting a stencil on the south side of a pipe. Just behind the injured employee, a coworker was in the process of quality testing a finished pipe. The coworker was raising the",Energy Isolation,0.9331,Safe Mechanical Lifting,0.8702,0.0629,NONE,0.35,PARTIAL_AGREEMENT,Manual Review Pending analyst validation.
OILPS_OSHA_01738,2018088541,An employee was standing on ladder reaching up to grab rods under the clamps. The rods lowered and pinched his thumb between the rod clamp and the rod rotator. The thumb was amputated below the second,Working at Height,0.013,Safe Mechanical Lifting,0.0007,0.0123,Working at Height,0.75,PARTIAL_AGREEMENT,Manual Review Pending analyst validation.
OILPS_OSHA_01740,2018088570,"An employee was using a foot to set slips when the right foot was caught between slips and the rig floor, resulting in a partial amputation of the little toe. nan",Energy Isolation,0.0761,Safe Mechanical Lifting,0.0015,0.0746,Line of Fire,0.35,PARTIAL_AGREEMENT,Manual Review Pending analyst validation.
OILPS_OSHA_01743,2018088609,"An employee was rigging up an isolation tool when he started to experience symptoms of heat exhaustion, requiring hospitalization. nan",Safe Mechanical Lifting,0.6258,Driving,0.0109,0.6149,Energy Isolation | Safe Mechanical Lifting,0.75,PARTIAL_AGREEMENT,Manual Review Pending analyst validation.
OILPS_OSHA_01765,2018089009,"An employee was helping guide a pipe into place to connect to rig equipment. His left hand was caught between the pipe flange and the rig equipment's frame, and his ring finger was pinched. The tip wa",Safe Mechanical Lifting,0.3778,Driving,0.0026,0.3752,Line of Fire,0.35,PARTIAL_AGREEMENT,Manual Review Pending analyst validation.
OILPS_OSHA_01781,2018099302,"During the breaking of a connection, an employee was holding a ""mud bucket"" against a pipe to minimize the splashing of mud on an oil rig floor. As the two pieces of pipe were moved apart, a spray of ",Energy Isolation,0.1647,Hot Work,0.0082,0.1565,Working at Height,0.35,PARTIAL_AGREEMENT,Manual Review Pending analyst validation.
OILPS_OSHA_01785,2018099405,"An employee was servicing an oil well. The employee's left hand was caught between a rod rotator and a bridle, and the little finger was amputated. nan",Safe Mechanical Lifting,0.0093,Energy Isolation,0.0014,0.0079,Line of Fire,0.35,PARTIAL_AGREEMENT,Manual Review Pending analyst validation.
OILPS_OSHA_01786,2018099425,"An employee was climbing the stairs on a coker unit to reach a crane cab. A drum of coke was cut open, releasing steam and hot gases; the employee suffered first-degree facial burns and second-degree ",Safe Mechanical Lifting,0.1476,Work Authorization,0.0268,0.1208,Safe Mechanical Lifting,0.75,PARTIAL_AGREEMENT,Manual Review Pending analyst validation.
OILPS_OSHA_01788,2018099551,"On September 15, 2018, an employee removed a pipeline cap on a CIP line and was burned by hot water and chemicals. The employee suffered burns to the face, back, arms, and legs. nan",Safe Mechanical Lifting,0.5139,Work Authorization,0.4115,0.1024,NONE,0.35,PARTIAL_AGREEMENT,Manual Review Pending analyst validation.
OILPS_OSHA_01789,2018099552,"At about 5:00 p.m. on September 15, 2018, an employee was driving a utility vehicle at a natural gas pipeline site when it flipped over. The employee suffered a potential stomach tear and was hospital",Hot Work,0.0746,Safe Mechanical Lifting,0.0392,0.0354,Driving,0.35,PARTIAL_AGREEMENT,Manual Review Pending analyst validation.
OILPS_OSHA_01792,2018099584,"An employee was cutting bands around a pipe bundle. When the last band was cut, the pipes shifted and one struck his right shin, causing three fractures to his right tibia. nan",Safe Mechanical Lifting,0.025,Energy Isolation,0.0225,0.0025,Hot Work,0.35,PARTIAL_AGREEMENT,Manual Review Pending analyst validation.
OILPS_OSHA_01800,2018099830,An employee was setting out cones in a work zone after the required signs had been set and was struck by a vehicle. The employee was hospitalized for multiple fractures of the right tibia and a single,Line of Fire,0.5661,Driving,0.0609,0.5052,Driving | Line of Fire,0.75,PARTIAL_AGREEMENT,Manual Review Pending analyst validation.
OILPS_OSHA_01810,20180910073,"An employee experienced cramps and difficulty breathing after rigging up on location, requiring hospitalization for dehydration. nan",Safe Mechanical Lifting,0.0216,Hot Work,0.0006,0.021,Safe Mechanical Lifting,0.75,PARTIAL_AGREEMENT,Manual Review Pending analyst validation.
OILPS_OSHA_01813,20181010221,"An employee was rotating a multi-sample tool on a tool cart. The tool came off the cart and his middle finger was caught between the cart and the tool, amputating the fingertip. nan",Safe Mechanical Lifting,0.0156,Energy Isolation,0.0067,0.0089,Line of Fire,0.35,PARTIAL_AGREEMENT,Manual Review Pending analyst validation.
OILPS_OSHA_01822,20181010424,An employee was test-driving a go-cart he had been working on when it struck a parked car. He broke his left ankle and two ribs on the left side. nan,Line of Fire,0.0086,Energy Isolation,0.0035,0.0051,Driving,0.35,PARTIAL_AGREEMENT,Manual Review Pending analyst validation.
OILPS_OSHA_01829,20181010596,"An employee was guiding a stay rod onto the body of an isolation tool when his left thumb was crushed between the tool and the stay rod, resulting in an amputation to his thumb. nan",Energy Isolation,0.0114,Safe Mechanical Lifting,0.0017,0.0097,Energy Isolation,0.75,PARTIAL_AGREEMENT,Manual Review Pending analyst validation.
OILPS_OSHA_01833,20181010659,"An employee was handling a racking board section. When the employee knocked a pin out of the racking board section, the racking board fell and hit the employee's left leg. The employee suffered a disl",Energy Isolation,0.458,Working at Height,0.0369,0.4211,NONE,0.35,PARTIAL_AGREEMENT,Manual Review Pending analyst validation.
OILPS_OSHA_01843,20181010901,"An employee was standing next to a steel road plate that was suspended and being moved by a backhoe. While in transit, the suspended road plate started swinging and struck the employee's right foot, w",Line of Fire,0.2512,Safe Mechanical Lifting,0.0138,0.2374,Line of Fire,0.75,PARTIAL_AGREEMENT,Manual Review Pending analyst validation.
OILPS_OSHA_01845,20181010956,"An employee fell from a truck to the ground while loading the bulk truck with material, suffering arm, wrist, and rib fractures. nan",Driving,0.9975,Working at Height,0.9305,0.067,NONE,0.35,PARTIAL_AGREEMENT,Manual Review Pending analyst validation.
OILPS_OSHA_01846,20181011005,"Employees were servicing a tool and attempting to remove the pivot pins while the tool was in the horizontal position. The first employee was kneeling and facing the tool, while a second employee was ",Working at Height,0.0542,Safe Mechanical Lifting,0.0127,0.0415,Line of Fire,0.35,PARTIAL_AGREEMENT,Manual Review Pending analyst validation.
OILPS_OSHA_01852,20181011102,"On October 27, 2018, at approximately 9:15 PM, a crew of five employees was working on a drilling rig when the traveling block hit the crown, which caused the travel block to fall to the rig floor. On",Working at Height,0.0071,Energy Isolation,0.0017,0.0054,Line of Fire | Working at Height,0.75,PARTIAL_AGREEMENT,Manual Review Pending analyst validation.
OILPS_OSHA_01853,20181011107,"An employee was grinding an I-beam when the grinder disk ruptured and blew into the employee's right leg, fracturing the tibia and requiring hospitalization. nan",Line of Fire,0.0004,Energy Isolation,0.0003,0.0001,Hot Work,0.35,PARTIAL_AGREEMENT,Manual Review Pending analyst validation.
OILPS_OSHA_01855,20181011173,An employee was hoisting a snubbing unit with his hand on the unit and got his hand caught between the snubbing unit and the derrick resulting in amputation of the right thumb. nan,Working at Height,0.2835,Line of Fire,0.0386,0.2449,Line of Fire | Safe Mechanical Lifting,0.35,PARTIAL_AGREEMENT,Manual Review Pending analyst validation.
OILPS_OSHA_01857,20181011215,"An employee was spotting for a track hoe when he was caught by the tracks, fracturing his right leg in three places. nan",Line of Fire,0.4579,Safe Mechanical Lifting,0.0199,0.438,NONE,0.35,PARTIAL_AGREEMENT,Manual Review Pending analyst validation.
OILPS_OSHA_01859,20181111264,"An employee was demolishing an abandoned pipeline in a trench, about 5 feet deep, using a demolition saw. He lost balance and the saw cut into his left forearm above the wrist, possibly cutting or nic",Energy Isolation,0.0013,Line of Fire,0.0009,0.0004,Hot Work,0.35,PARTIAL_AGREEMENT,Manual Review Pending analyst validation.
OILPS_OSHA_01867,20181111486,"An employee was participating in a coiled pipe cutting activity when the piece being cut sprung loose and hit the employee, fracturing several vertebrae in his back. nan",Line of Fire,0.0009,Energy Isolation,0.0003,0.0006,Hot Work,0.35,PARTIAL_AGREEMENT,Manual Review Pending analyst validation.
OILPS_OSHA_01872,20181111541,"An employee was trying to bend the top rail of a rig mat frame using a pry bar so that he could install a filler block. While his right foot was inside the frame of the rig mat for leverage, the bar s",Working at Height,0.3021,Energy Isolation,0.1205,0.1816,Working at Height,0.75,PARTIAL_AGREEMENT,Manual Review Pending analyst validation.
OILPS_OSHA_01882,20181111831,An employee was cutting wood on a band saw when the blade cut his right hand. nan,Hot Work,0.0007,Line of Fire,0.0002,0.0005,Hot Work,0.75,PARTIAL_AGREEMENT,Manual Review Pending analyst validation.
OILPS_OSHA_01885,20181111869,An employee was ventilating a building containing a gas leak and the gases ignited when the employee opened the door. The employee suffered first degree burns to the face and neck and second degree bu,Hot Work,0.9906,Work Authorization,0.9446,0.046,NONE,0.35,PARTIAL_AGREEMENT,Manual Review Pending analyst validation.
OILPS_OSHA_01889,20181111906,"An employee was rigging down an oil rig mast. While the pin was being removed from the derrick board brace, the derrick board swung and hit the employee in the rib area. The employee suffered contusio",Working at Height,0.99,Safe Mechanical Lifting,0.9768,0.0132,Safe Mechanical Lifting,0.35,PARTIAL_AGREEMENT,Manual Review Pending analyst validation.
OILPS_OSHA_01901,20181112264,"An employee was reaching between a blowout preventer (BOP) and tubing slips to pick up the BOP ring gasket when the chain broke on the BOP, causing the BOP to fall and crush the employee's right index",Safe Mechanical Lifting,0.408,Working at Height,0.3787,0.0293,Working at Height,0.35,PARTIAL_AGREEMENT,Manual Review Pending analyst validation.
OILPS_OSHA_01903,20181212395,An employee was punched by another employee causing them to fall to the floor and hit their head. The employee sustained a brain bleed. nan,Safe Mechanical Lifting,0.0105,Energy Isolation,0.0082,0.0023,Working at Height,0.35,PARTIAL_AGREEMENT,Manual Review Pending analyst validation.
OILPS_OSHA_01904,20181212428,"An employee was screwing a saver sub into tubing when the employee's left pinky finger was caught between the chain and saver sub, resulting in a finger amputation. nan",Energy Isolation,0.0193,Safe Mechanical Lifting,0.0018,0.0175,Line of Fire,0.35,PARTIAL_AGREEMENT,Manual Review Pending analyst validation.
OILPS_OSHA_01910,20181212606,An employee was servicing a pump and replacing the plunger pump when their left hand was caught between the plunger and piston. The employee sustained amputations to the tips of the middle three finge,Line of Fire,0.0013,Energy Isolation,0.0007,0.0006,Line of Fire,0.75,PARTIAL_AGREEMENT,Manual Review Pending analyst validation.
OILPS_OSHA_01917,20181212741,An employee was assisting in hydroblasting operations and received a laceration to the left calf when the water cutting machine malfunctioned. nan,Energy Isolation,0.0005,Hot Work,0.0003,0.0002,Hot Work,0.35,PARTIAL_AGREEMENT,Manual Review Pending analyst validation.
OILPS_OSHA_01921,20181212873,An employee was laying down tubing and guiding the drill pipe when it got hung up and jerked causing the employee to fall through an unguarded V-door from the workover rig floor to a hydraulic catwalk,Safe Mechanical Lifting,0.1168,Hot Work,0.0037,0.1131,Working at Height,0.35,PARTIAL_AGREEMENT,Manual Review Pending analyst validation.
OILPS_OSHA_01922,20181212989,An employee was removing Christmas tree lights from a trailer when his little finger was smashed between a forklift bar and a steel bar. He suffered an amputation to the finger. nan,Safe Mechanical Lifting,0.9003,Energy Isolation,0.8757,0.0246,NONE,0.35,PARTIAL_AGREEMENT,Manual Review Pending analyst validation.
OILPS_OSHA_01929,20181213123,"Employees at a rig were removing a section of piping from a basket using an air hoist. The piece of piping was lifted from the basket and raised about 2 feet high, at which point a second piece of pip",Energy Isolation,0.0785,Working at Height,0.0045,0.074,Safe Mechanical Lifting,0.35,PARTIAL_AGREEMENT,Manual Review Pending analyst validation.
OILPS_OSHA_01930,20181213137,An employee's finger was caught between a drill pipe and part of a rig structure during rigging up. The finger was partially amputated. nan,Safe Mechanical Lifting,0.2499,Line of Fire,0.0008,0.2491,Line of Fire | Safe Mechanical Lifting,0.75,PARTIAL_AGREEMENT,Manual Review Pending analyst validation.
OILPS_OSHA_01934,20181213289,"An employee was loading casing on a rack with a PIT. One of the casings was hanging off of the rack. When the employee went to move it by hand, it rolled off and struck the employee resulting in a bro",Safe Mechanical Lifting,0.6382,Energy Isolation,0.2103,0.4279,NONE,0.35,PARTIAL_AGREEMENT,Manual Review Pending analyst validation.
OILPS_OSHA_01940,2019010164,"An employee was helping to lower an exhaust catalyst to the ground with a rope when it created a loop that caught the employees' right gloved finger, resulting in a fingertip amputation. nan",Energy Isolation,0.5253,Safe Mechanical Lifting,0.5159,0.0094,NONE,0.35,PARTIAL_AGREEMENT,Manual Review Pending analyst validation.
OILPS_OSHA_01951,2019010417,Employees were loading 6.5-inch drill collars onto a 40-foot flatbed trailer for transport. The injured employee was attempting to install a band around a collar to secure it when the drill collar rol,Working at Height,0.6168,Line of Fire,0.2891,0.3277,NONE,0.35,PARTIAL_AGREEMENT,Manual Review Pending analyst validation.
OILPS_OSHA_01952,2019010446,An employee was acting as a spotter and guiding a flatbed operator while standing on the rear passenger side of an outrigger leg when he stepped back onto a mobile crane platform and fell approximatel,Driving,0.0232,Working at Height,0.0155,0.0077,Safe Mechanical Lifting,0.35,PARTIAL_AGREEMENT,Manual Review Pending analyst validation.
OILPS_OSHA_01956,2019010489,An employee was using a loader to place a 4.5-inch casing onto a pipe rack. The employee noticed the casing was rolling off of the pipe rack and exited the loader to stop it. The casing rolled onto th,Energy Isolation,0.9143,Safe Mechanical Lifting,0.8989,0.0154,NONE,0.35,PARTIAL_AGREEMENT,Manual Review Pending analyst validation.
OILPS_OSHA_01958,2019010585,An employee was assisting others in rotating a canopy on a piece of heavy machinery which was to be placed where welders were working when his finger was caught between two pad eye stops. The employee,Line of Fire,0.0032,Energy Isolation,0.0003,0.0029,Line of Fire,0.75,PARTIAL_AGREEMENT,Manual Review Pending analyst validation.
OILPS_OSHA_01964,2019010782,"While checking on equipment on the back of a welding truck, an employee fell off the back of the truck to the ground about 36 inches below. The employee suffered multiple fractures and was hospitalize",Hot Work,0.996,Driving,0.9155,0.0805,Hot Work,0.75,STRONG_AGREEMENT,Manual Review Pending analyst validation.
OILPS_OSHA_01974,2019011012,"An employee was crawling under a truck/trailer to service the water pump PTO when his arm was caught in the rotating PTO driveline, severing his right forearm and requiring hospitalization. nan",Driving,0.699,Line of Fire,0.0488,0.6502,NONE,0.35,PARTIAL_AGREEMENT,Manual Review Pending analyst validation.
OILPS_OSHA_01978,2019011101,"On January 30, 2019, two employees were attempting to remove a nut from the bolt of a blow-out preventer (BOP) stack with a torque-n-test. The BOP stack was lifting 1-2"" with the pick up line connecte",Safe Mechanical Lifting,0.2267,Energy Isolation,0.089,0.1377,Safe Mechanical Lifting,0.75,PARTIAL_AGREEMENT,Manual Review Pending analyst validation.
OILPS_OSHA_01979,2019011143,"An employee was loading an ATV using a winch when the employee's right thumb was caught in the winch, resulting in a partial thumb amputation. nan",Line of Fire,0.9626,Safe Mechanical Lifting,0.9281,0.0345,NONE,0.35,PARTIAL_AGREEMENT,Manual Review Pending analyst validation.
OILPS_OSHA_01980,2019011175,"An employee was supervising as contractors erected a work-over rig on a drill site. As the floor of the work-over rig was being hoisted, a cable snapped, causing the floor to fall. When the floor stru",Line of Fire,0.0071,Hot Work,0.0007,0.0064,Working at Height,0.55,PARTIAL_AGREEMENT,Manual Review Pending analyst validation.
OILPS_OSHA_01984,2019021246,"An employee was blowing down a vessel through a stinger pipe that was pointing up. As he reached with his right hand and opened the ball valve to release pressure, the stinger pipe swung to the left a",Energy Isolation,0.5079,Safe Mechanical Lifting,0.3499,0.158,NONE,0.35,PARTIAL_AGREEMENT,Manual Review Pending analyst validation.
OILPS_OSHA_01988,2019021292,"An employee was putting pipe stoppers into a casing block and then onto a pipe rack when one of the casings came loose and rolled onto his right hand, smashing it and requiring hospitalization. The ca",Safe Mechanical Lifting,0.6569,Work Authorization,0.0031,0.6538,NONE,0.35,PARTIAL_AGREEMENT,Manual Review Pending analyst validation.
OILPS_OSHA_01992,2019021334,An employee was standing near a winch truck that was being used to pull out a workover rig that was stuck in the mud. The winch cable was hooked to a cross member on the rig. The winch truck driver at,Driving,0.9141,Safe Mechanical Lifting,0.8784,0.0357,Driving | Hot Work,0.75,STRONG_AGREEMENT,Manual Review Pending analyst validation.
OILPS_OSHA_01997,2019021514,An employee was coming off a fracturing pump when he lost his footing and fell to the ground approximately 17 inches onto this left knee. The fall resulted in a broken left leg just below the knee whi,Working at Height,0.0022,Line of Fire,0.0011,0.0011,Working at Height,0.75,PARTIAL_AGREEMENT,Manual Review Pending analyst validation.
OILPS_OSHA_02003,2019021712,An employee was reaching for a rope when his gloved left hand was pulled into a chain and sprocket on the back of a truck. The tip of his index finger was amputated and his middle and ring fingers wer,Safe Mechanical Lifting,0.6269,Driving,0.297,0.3299,NONE,0.35,PARTIAL_AGREEMENT,Manual Review Pending analyst validation.
OILPS_OSHA_02007,2019021814,An employee's left hand was caught between an assembly machine and the equipment being assembled. His index finger was broken and he was hospitalized. nan,Safe Mechanical Lifting,0.6647,Line of Fire,0.0048,0.6599,Line of Fire,0.35,PARTIAL_AGREEMENT,Manual Review Pending analyst validation.
OILPS_OSHA_02008,2019021842,An employee was handling a mud pump liner when it shifted. His left little finger was caught between the liner and the mud pump and the tip was amputated. nan,Line of Fire,0.0488,Safe Mechanical Lifting,0.0005,0.0483,Line of Fire,0.75,PARTIAL_AGREEMENT,Manual Review Pending analyst validation.
OILPS_OSHA_02014,2019021918,An employee was preparing to nipple down a blowout preventer. The fingers on his left hand were caught between a metal door and the latch; the middle and ring fingers were amputated at the first joint,Safe Mechanical Lifting,0.0954,Energy Isolation,0.0056,0.0898,Line of Fire,0.35,PARTIAL_AGREEMENT,Manual Review Pending analyst validation.
OILPS_OSHA_02016,2019021953,"An employee was working on piping products using a flanging and finishing machine. His left hand was caught between the jaws of the machine and the product, causing the dislocation/fracture of the mid",Safe Mechanical Lifting,0.2353,Working at Height,0.0011,0.2342,Line of Fire,0.35,PARTIAL_AGREEMENT,Manual Review Pending analyst validation.
OILPS_OSHA_02018,2019022010,An employee was performing rigging operations at a well pad. He was walking on a containment pad walkway that was slippery from a recent rain/snow event. He slipped and fell. He attempted to catch him,Working at Height,0.0388,Safe Mechanical Lifting,0.0112,0.0276,Safe Mechanical Lifting | Working at Height,0.75,PARTIAL_AGREEMENT,Manual Review Pending analyst validation.
OILPS_OSHA_02025,2019022110,"On February 26, 2019, at approximately 1:00 p.m. a tool maintenance employee was prepping an isolation tool when a cup-shaped portion of the tool became caught on a bracket. The employee attempted to ",Energy Isolation,0.0375,Safe Mechanical Lifting,0.0073,0.0302,Energy Isolation,0.75,PARTIAL_AGREEMENT,Manual Review Pending analyst validation.
OILPS_OSHA_02028,2019022178,"An employee used the mandrel as a lift onto the catwalk. The employee missed the catwalk and rode the mandrel all the way around to the other side, striking his head on the steel beam at the bottom of",Energy Isolation,0.5866,Working at Height,0.0161,0.5705,NONE,0.35,PARTIAL_AGREEMENT,Manual Review Pending analyst validation.
OILPS_OSHA_02034,2019032290,"An employee was monitoring a mud pump and slipped on a slick surface. While bracing for a fall, the employee contacted a belt and pulley on a pump. His right middle finger was lacerated just above the",Driving,0.0064,Line of Fire,0.003,0.0034,Working at Height,0.35,PARTIAL_AGREEMENT,Manual Review Pending analyst validation.
OILPS_OSHA_02036,2019032399,"An employee was next to a mini-excavator when its control handles caught his coat. The excavator activated, causing the employee to fall, and its track then ran over and broke his right foot. He was h",Working at Height,0.0323,Hot Work,0.0141,0.0182,Working at Height,0.75,PARTIAL_AGREEMENT,Manual Review Pending analyst validation.
OILPS_OSHA_02042,2019032566,"An employee was assisting with oil well rig-down when the rigging equipment failed. The employee was struck by a sheave, suffering broken vertebrae and ribs. nan",Energy Isolation,0.0086,Safe Mechanical Lifting,0.0035,0.0051,Line of Fire | Safe Mechanical Lifting,0.35,PARTIAL_AGREEMENT,Manual Review Pending analyst validation.
OILPS_OSHA_02051,2019032806,An employee was re-dressing a setting tool. The employee's right little finger was caught between the setting sleeve and a mandrel porthole. The tip was amputated. nan,Safe Mechanical Lifting,0.0059,Energy Isolation,0.0009,0.005,Line of Fire,0.35,PARTIAL_AGREEMENT,Manual Review Pending analyst validation.
OILPS_OSHA_02062,2019033107,An employee fell from the steps of his truck to the ground below. He suffered torn ligaments on both knees. nan,Working at Height,0.9963,Driving,0.9665,0.0298,NONE,0.35,PARTIAL_AGREEMENT,Manual Review Pending analyst validation.
OILPS_OSHA_02065,2019033190,"An employee was adjusting a hydraulic torque wrench to attach a fluid end when a second employee engaged the high torque controls, resulting in an amputation of the first employee's right middle finge",Energy Isolation,0.6661,Confined Space,0.0085,0.6576,NONE,0.35,PARTIAL_AGREEMENT,Manual Review Pending analyst validation.
OILPS_OSHA_02066,2019033272,An employee was assisting a forklift driver with moving flanges. The last flange fell over. The employee walked over to stand the flange up. The employee picked up the flange and it slipped from his h,Driving,0.7679,Safe Mechanical Lifting,0.7427,0.0252,Driving,0.75,STRONG_AGREEMENT,Manual Review Pending analyst validation.
OILPS_OSHA_02068,2019033303,A well tender was putting methanol in a dump-line when the nipple broke off the line. Methanol sprayed into the employee's face and eyes; the employee was hospitalized. nan,Energy Isolation,0.4814,Line of Fire,0.205,0.2764,NONE,0.35,PARTIAL_AGREEMENT,Manual Review Pending analyst validation.
OILPS_OSHA_02069,2019043344,"An employee was applying pipe dope to a thread on a tool joint. His left hand was caught between a lifting sub and elevators, causing crushing injuries that led to the total amputation of the pinky an",Safe Mechanical Lifting,0.4506,Energy Isolation,0.0051,0.4455,Line of Fire | Safe Mechanical Lifting,0.75,PARTIAL_AGREEMENT,Manual Review Pending analyst validation.
OILPS_OSHA_02072,2019043410,An employee was adjusting the installation of a PDC drill bit on a horizontal grinding machine. The grinding wheel started and his right glove and index finger were pulled between the wheel and the su,Hot Work,0.0175,Energy Isolation,0.0078,0.0097,Hot Work,0.75,PARTIAL_AGREEMENT,Manual Review Pending analyst validation.
OILPS_OSHA_02075,2019043457,An employee had been attaching barricade tape when their right foot was fractured by a crane's outrigger. nan,Working at Height,0.0026,Driving,0.0017,0.0009,Safe Mechanical Lifting,0.35,PARTIAL_AGREEMENT,Manual Review Pending analyst validation.
OILPS_OSHA_02079,2019043499,"An employee was unloading a tractor trailer. The load became unstable while the chains were being removed; the employee fell off and was struck by a pipe rack, suffering injuries to both legs. nan",Safe Mechanical Lifting,0.5056,Working at Height,0.0131,0.4925,Line of Fire,0.35,PARTIAL_AGREEMENT,Manual Review Pending analyst validation.
OILPS_OSHA_02084,2019043654,"An employee was cleaning out a frac tank when a tube came into contact with the opening on top of the tank. The employee's right index finger was crushed, and the tip was medically amputated. nan",Hot Work,0.6096,Working at Height,0.0065,0.6031,NONE,0.35,PARTIAL_AGREEMENT,Manual Review Pending analyst validation.
OILPS_OSHA_02089,2019043839,"An employee was vacuuming catalyst inside a confined space. A piece of the catalyst rolled down from the pile and struck his leg, breaking the femur. He was hospitalized. nan",Safe Mechanical Lifting,0.021,Working at Height,0.0029,0.0181,Confined Space,0.35,PARTIAL_AGREEMENT,Manual Review Pending analyst validation.
OILPS_OSHA_02090,2019043879,"An employee was setting stairs onto a rig platform when the stairs became disconnected from the rig platform, causing the employee to fall 6 feet from the platform and be struck by the stairs. The emp",Working at Height,0.5729,Safe Mechanical Lifting,0.2585,0.3144,Line of Fire | Working at Height,0.75,PARTIAL_AGREEMENT,Manual Review Pending analyst validation.
OILPS_OSHA_02106,2019044175,"An employee was using a power swivel to connect pipe when the employee's hand was caught between the swivel and a chain, resulting in finger amputations. nan",Safe Mechanical Lifting,0.4895,Energy Isolation,0.0149,0.4746,Line of Fire,0.35,PARTIAL_AGREEMENT,Manual Review Pending analyst validation.
OILPS_OSHA_02110,2019044244,An employee was unloading a mini-excavator from a trailer and broke a bone in their arm. nan,Safe Mechanical Lifting,0.4716,Line of Fire,0.0507,0.4209,NONE,0.35,PARTIAL_AGREEMENT,Manual Review Pending analyst validation.
OILPS_OSHA_02113,2019044343,"The injured employee was working on the catwalk pedestal of an oil and gas drilling rig. While lifting a single joint of drill pipe, it fell out of the elevator and came down on the injured employee's",Hot Work,0.0036,Safe Mechanical Lifting,0.0034,0.0002,Safe Mechanical Lifting,0.35,PARTIAL_AGREEMENT,Manual Review Pending analyst validation.
OILPS_OSHA_02116,2019044371,An employee was driving a mini-roller onto a lowboy trailer when the mini-roller slipped off the trailer and rolled on its side. He struck his head and had his leg semi-pinned by the steering column. ,Safe Mechanical Lifting,0.0013,Energy Isolation,0.001,0.0003,Driving,0.35,PARTIAL_AGREEMENT,Manual Review Pending analyst validation.
OILPS_OSHA_02117,2019044381,A crew was in the process of tripping pipe back into the well bore. The elevator failed to latch properly allowing the pipe to fall approximately 4 feet back down to the matting board. The stand of pi,Energy Isolation,0.3192,Hot Work,0.0275,0.2917,Working at Height,0.35,PARTIAL_AGREEMENT,Manual Review Pending analyst validation.
OILPS_OSHA_02119,2019054516,"The injured employee was standing next to the drilling piping, holding material over the pipe joint to channel residual mud downward, ready to swing the disconnected piping out of the way. Oil-based d",Energy Isolation,0.5645,Confined Space,0.0136,0.5509,NONE,0.35,PARTIAL_AGREEMENT,Manual Review Pending analyst validation.
OILPS_OSHA_02120,2019054562,"An employee was connecting elevators to pipe. He slipped on the wet muddy floor and while trying to catch himself, his right ring finger was caught between elevators and a tool joint at the moment whe",Line of Fire,0.0025,Energy Isolation,0.0005,0.002,Line of Fire,0.75,PARTIAL_AGREEMENT,Manual Review Pending analyst validation.
OILPS_OSHA_02122,2019054587,An employee was cutting coil tubing with a handheld band saw. The tubing swung back and lacerated his knee. nan,Safe Mechanical Lifting,0.0387,Hot Work,0.0141,0.0246,Hot Work,0.35,PARTIAL_AGREEMENT,Manual Review Pending analyst validation.
OILPS_OSHA_02125,2019054684,An employee was assembling a separator vessel onto a concrete slab when the vessel became unstable and fell onto the employee's right leg breaking it. nan,Working at Height,0.5897,Safe Mechanical Lifting,0.0045,0.5852,NONE,0.35,PARTIAL_AGREEMENT,Manual Review Pending analyst validation.
OILPS_OSHA_02126,2019054696,The injured employee was holding a cart carrying a 10' section of drilling pipe. A crew attached a snatch block to the section of pipe to lift the piece and connect it to the rig to continue digging d,Energy Isolation,0.0351,Safe Mechanical Lifting,0.0063,0.0288,Working at Height,0.35,PARTIAL_AGREEMENT,Manual Review Pending analyst validation.
OILPS_OSHA_02128,2019054745,Employees were preparing to unload material with a crane. When the front outriggers were extended it contacted an employee's right foot resulting in a crushing injury and great toe amputation. nan,Hot Work,0.0116,Safe Mechanical Lifting,0.0033,0.0083,Safe Mechanical Lifting,0.35,PARTIAL_AGREEMENT,Manual Review Pending analyst validation.
OILPS_OSHA_02129,2019054755,The injured employee was watching another employee utilize a drill reamer. The injured employee slipped or fell into the hole being reamed and contacted the drill reamer. The employee suffered a foot ,Working at Height,0.6534,Energy Isolation,0.0126,0.6408,NONE,0.35,PARTIAL_AGREEMENT,Manual Review Pending analyst validation.
OILPS_OSHA_02132,2019054853,"An employee was struck by a rail buggy while working on a gas pipe line, suffering a crushed ankle. nan",Safe Mechanical Lifting,0.0073,Line of Fire,0.0068,0.0005,Line of Fire,0.35,PARTIAL_AGREEMENT,Manual Review Pending analyst validation.
OILPS_OSHA_02136,2019054952,An employee was using abrasive blasting equipment as part of the fabrication process for a steel tubular rack. The employee's left hand suffered an abrasion that required hospitalization after it was ,Safe Mechanical Lifting,0.6937,Energy Isolation,0.0616,0.6321,Line of Fire,0.35,PARTIAL_AGREEMENT,Manual Review Pending analyst validation.
OILPS_OSHA_02137,2019054960,"An employee was lifting a 5,000-pound steel plate with a small ground hoist that was rated for 7,500 pounds. The plate suddenly lowered down onto the employee's lower leg, causing him to fall to the g",Safe Mechanical Lifting,0.9267,Working at Height,0.877,0.0497,Safe Mechanical Lifting | Working at Height,0.75,STRONG_AGREEMENT,Manual Review Pending analyst validation.
OILPS_OSHA_02139,2019054984,"An employee was helping a mechanic install a boom on a pipelayer. They were trying to pin the block when the block caught the employee's left pinky finger between the boom and the block, resulting in ",Line of Fire,0.6009,Working at Height,0.5835,0.0174,NONE,0.35,PARTIAL_AGREEMENT,Manual Review Pending analyst validation.
OILPS_OSHA_02146,2019055204,An employee opened a bleed down valve and was struck by the bleed down line in the head and shoulder causing a laceration over the right eye and injury to the right shoulder. nan,Line of Fire,0.094,Safe Mechanical Lifting,0.048,0.046,Line of Fire,0.75,PARTIAL_AGREEMENT,Manual Review Pending analyst validation.
OILPS_OSHA_02150,2019055359,"Employees were replacing a gasket on a well head that was tied to a crane. When they removed the bolts from the flange, the well head tipped over and fell onto the injured employee. Both of the employ",Working at Height,0.2705,Energy Isolation,0.1411,0.1294,Safe Mechanical Lifting,0.35,PARTIAL_AGREEMENT,Manual Review Pending analyst validation.
OILPS_OSHA_02152,2019055484,"An employee was serving as the spotter while iron was being offloaded from a loader. The iron struck him, causing fractures to the face and jaw. nan",Working at Height,0.6027,Line of Fire,0.2231,0.3796,NONE,0.35,PARTIAL_AGREEMENT,Manual Review Pending analyst validation.
OILPS_OSHA_02160,2019065630,"On June 4, 2019, at approximately 11:45 AM, an employee was judging the weight of a piece of metal (solid slag metal for centrifuge) by lifting it. The metal piece slipped and fell catching the employ",Hot Work,0.0307,Working at Height,0.0179,0.0128,Safe Mechanical Lifting,0.35,PARTIAL_AGREEMENT,Manual Review Pending analyst validation.
OILPS_OSHA_02176,2019065940,"An employee was aligning a bushing on a tubular machine. The housing moved, pinching the employee's left index finger against the bushing. The tip was amputated. nan",Safe Mechanical Lifting,0.5229,Working at Height,0.0069,0.516,NONE,0.35,PARTIAL_AGREEMENT,Manual Review Pending analyst validation.
OILPS_OSHA_02177,2019065947,An employee was on a man basket near the wellhead on an oil and gas rig. The employee was screwing an entry guide onto a blowout preventer while a crane was removing it from the wellhead. The lubricat,Energy Isolation,0.9262,Safe Mechanical Lifting,0.9061,0.0201,Safe Mechanical Lifting,0.35,PARTIAL_AGREEMENT,Manual Review Pending analyst validation.
OILPS_OSHA_02180,2019066059,"An oil rig floor hand was connecting elevators to a lifting sub. When the elevators were lifted, the floor hand's right middle fingertip was crushed between the elevators and the lifting sub. The fing",Line of Fire,0.0003,Working at Height,0.0001,0.0002,Safe Mechanical Lifting,0.35,PARTIAL_AGREEMENT,Manual Review Pending analyst validation.
OILPS_OSHA_02181,2019066062,"An employee was teaching another employee how to operate a backhoe. He was standing on the top step by the cab when the other employee hit a rough area. He then fell off the backhoe to the ground, bre",Working at Height,0.6961,Safe Mechanical Lifting,0.004,0.6921,NONE,0.35,PARTIAL_AGREEMENT,Manual Review Pending analyst validation.
OILPS_OSHA_02182,2019066116,"An employee was cleaning the cab of his truck. As he was climbing down using the cab steps, he lost his balance, fell backwards, and struck the back of his head on the paved ground. He sustained a con",Driving,0.6046,Working at Height,0.4548,0.1498,NONE,0.35,PARTIAL_AGREEMENT,Manual Review Pending analyst validation.
OILPS_OSHA_02184,2019066152,"An employee was operating a trenching machine when it struck an old, unmarked natural gas pipeline. The machine caught fire before the operator could turn it off; he suffered burns to his right hand a",Line of Fire,0.5861,Driving,0.0468,0.5393,NONE,0.55,PARTIAL_AGREEMENT,Manual Review Pending analyst validation.
OILPS_OSHA_02186,2019066186,"An employee was reconfiguring a 1"" airline. The employee's hand was on a 90-degree fitting while a co-worker turned the pipe using an 18-inch pipe wrench. The employee's hand then became caught betwee",Energy Isolation,0.6685,Safe Mechanical Lifting,0.103,0.5655,Line of Fire,0.35,PARTIAL_AGREEMENT,Manual Review Pending analyst validation.
OILPS_OSHA_02189,2019066208,"An employee was disassembling a guardrail on a rig floor when his safety harness became caught on the guardrail and the weight pulled him down to the ground, breaking his left leg. He was hospitalized",Working at Height,0.3346,Energy Isolation,0.0019,0.3327,Working at Height,0.75,PARTIAL_AGREEMENT,Manual Review Pending analyst validation.
OILPS_OSHA_02190,2019066246,"An employee was struck by a company vehicle while taking out the trash, suffering a knee injury. nan",Driving,0.0121,Line of Fire,0.0112,0.0009,Driving | Line of Fire,0.75,PARTIAL_AGREEMENT,Manual Review Pending analyst validation.
OILPS_OSHA_02193,2019066282,An employee was performing paving work and was pinned between the paver the employee was standing on and a roller machine. The employee suffered a fractured pelvis. nan,Safe Mechanical Lifting,0.6958,Work Authorization,0.3361,0.3597,NONE,0.35,PARTIAL_AGREEMENT,Manual Review Pending analyst validation.
OILPS_OSHA_02197,2019066395,Two employees were moving a 2-inch iron pipe to their acid pump truck when the injured employee's right ring finger was caught between the pipe and the pipe rack it rested on. He suffered an open frac,Work Authorization,0.9943,Driving,0.952,0.0423,Line of Fire,0.35,PARTIAL_AGREEMENT,Manual Review Pending analyst validation.
OILPS_OSHA_02198,2019066411,An employee was attaching a casing ring tool to an overhead crane when the employee's left middle finger was caught between the hook and the pad eye amputating the finger pad. nan,Safe Mechanical Lifting,0.3241,Energy Isolation,0.0031,0.321,Line of Fire | Safe Mechanical Lifting,0.75,PARTIAL_AGREEMENT,Manual Review Pending analyst validation.
OILPS_OSHA_02201,2019066505,An employee was pumping chemicals in a hot oiler pump truck. A chemical reaction caused an explosion that propelled the employee into the back of another vehicle. The employee suffered facial contusio,Driving,0.592,Hot Work,0.0425,0.5495,Driving,0.75,PARTIAL_AGREEMENT,Manual Review Pending analyst validation.
OILPS_OSHA_02206,2019066554,An employee was operating a utility terrain vehicle (UTV). The UTV rolled onto its left side and the employee sustained lacerations and skin damage to the left leg and knee requiring hospitalization. ,Driving,0.1422,Safe Mechanical Lifting,0.0132,0.129,Driving,0.75,PARTIAL_AGREEMENT,Manual Review Pending analyst validation.
OILPS_OSHA_02209,2019066584,An employee was fitting/welding on a structural type weldment while standing on a ladder approximately 3 to 4 feet off the ground. The employee stepped off the ladder and onto the weldment. The weldme,Working at Height,0.9345,Hot Work,0.8987,0.0358,Hot Work | Working at Height,0.75,STRONG_AGREEMENT,Manual Review Pending analyst validation.
OILPS_OSHA_02212,2019076699,An employee was removing thread protectors and was caught between two joints of pipe. The employee suffered four broken ribs and was hospitalized. nan,Safe Mechanical Lifting,0.0231,Work Authorization,0.0079,0.0152,Line of Fire,0.35,PARTIAL_AGREEMENT,Manual Review Pending analyst validation.
OILPS_OSHA_02218,2019076841,An employee was performing maintenance on a natural gas compressor. He was turning over an engine by barring over when his left pinky finger was caught between the bar and the guard for the bull wheel,Energy Isolation,0.0003,Safe Mechanical Lifting,0.0002,0.0001,Line of Fire,0.35,PARTIAL_AGREEMENT,Manual Review Pending analyst validation.
OILPS_OSHA_02220,2019076882,Two employees were traveling in a UTV on a gravel road. The UTV slipped off the road. While it was being maneuvered back onto the road it slipped and hit a tree. The driver was ejected and suffered a ,Line of Fire,0.0095,Driving,0.0078,0.0017,Driving,0.35,PARTIAL_AGREEMENT,Manual Review Pending analyst validation.
OILPS_OSHA_02226,2019077054,An employee was using a tag line on a pipe with a sling. The pipe slipped out of the sling and pinched the employee's hand between the pipe and the pipe stand resulting in smashed fingers. nan,Safe Mechanical Lifting,0.1591,Energy Isolation,0.0174,0.1417,Safe Mechanical Lifting,0.75,PARTIAL_AGREEMENT,Manual Review Pending analyst validation.
OILPS_OSHA_02230,2019077361,"While walking to the back of the building, wet ruts caused an employee to stumble and fall to the ground. The employee sustained a broken thumb. nan",Working at Height,0.0022,Hot Work,0.0009,0.0013,Working at Height,0.75,PARTIAL_AGREEMENT,Manual Review Pending analyst validation.
OILPS_OSHA_02237,2019077445,"On July 22, 2019, a controls technician was working on a rewiring job. He was pulling the top off a box containing equipment parts. As the top came off, he jerked backwards and went over the railing o",Safe Mechanical Lifting,0.466,Driving,0.1356,0.3304,NONE,0.35,PARTIAL_AGREEMENT,Manual Review Pending analyst validation.
OILPS_OSHA_02242,2019077826,"An employee was waiting for a crane to bring him lifting chains so that he could attach them to a compressor being swapped out at an oil well site. He lost his balance and struck a muffler, which his ",Working at Height,0.0515,Safe Mechanical Lifting,0.0065,0.045,Safe Mechanical Lifting | Working at Height,0.75,PARTIAL_AGREEMENT,Manual Review Pending analyst validation.
OILPS_OSHA_02248,2019088040,An employee was replacing the hydraulic assembly on a trailer when the third fingertip on the employee's left hand was amputated in a pinch point. nan,Line of Fire,0.0131,Hot Work,0.0003,0.0128,Line of Fire,0.75,PARTIAL_AGREEMENT,Manual Review Pending analyst validation.
OILPS_OSHA_02251,2019088080,"An employee was using an electric jackhammer to break up rock under a pipeline. Flammable gas reacted with the electric motor of the jackhammer, causing a flash fire. The employee was burned on the fo",Hot Work,0.6386,Confined Space,0.001,0.6376,NONE,0.35,PARTIAL_AGREEMENT,Manual Review Pending analyst validation.
OILPS_OSHA_02253,2019088052,"An employee had climbed onto a plasma cutter table to retrieve cut-outs. While the employee was stepping off of the plasma table, part of the grate bent, causing him to fall and hit his head on the pl",Working at Height,0.1128,Line of Fire,0.0047,0.1081,Working at Height,0.75,PARTIAL_AGREEMENT,Manual Review Pending analyst validation.
OILPS_OSHA_02261,2019088220,"An employee was coming down from a derrick digger truck boom's seat when he fell to the ground, suffering a head abrasion and fractures to both heels, his tailbone, his right ankle, and a toe on his r",Working at Height,0.9963,Driving,0.9602,0.0361,NONE,0.35,PARTIAL_AGREEMENT,Manual Review Pending analyst validation.
OILPS_OSHA_02271,2019088481,"An employee was removing the catwalk on a tank battery. The catwalk tilted down and the employee's fall protection came off; the employee fell about 20 feet, suffering knee injuries and a head injury ",Working at Height,0.3312,Hot Work,0.2859,0.0453,Working at Height,0.75,PARTIAL_AGREEMENT,Manual Review Pending analyst validation.
OILPS_OSHA_02276,2019088560,An employee was holding the guide wire rope of a rig that was being relocated. The employee walked into the loop of the guide wire over the base beam as a cable moved forward and was caught between th,Energy Isolation,0.0047,Safe Mechanical Lifting,0.0007,0.004,Line of Fire,0.35,PARTIAL_AGREEMENT,Manual Review Pending analyst validation.
OILPS_OSHA_02277,2019088608,An employee was helping to assemble scaffolding near a fluidized catalytic cracker at a refinery. He began having heat-exposure-related symptoms. He was hospitalized and treated for low electrolytes a,Safe Mechanical Lifting,0.384,Driving,0.1508,0.2332,Working at Height,0.35,PARTIAL_AGREEMENT,Manual Review Pending analyst validation.
OILPS_OSHA_02284,2019088713,"An employee was in a forklift that was stuck in mud. A truck was pulling the forklift with a chain to get it out of the mud when the chain broke and snapped, hitting the employee who was in the forkli",Safe Mechanical Lifting,0.9931,Driving,0.9674,0.0257,NONE,0.35,PARTIAL_AGREEMENT,Manual Review Pending analyst validation.
OILPS_OSHA_02288,2019088825,"An employee was using a bench grinder to clean up 2-inch sub assemblies when his right index fingertip was caught between the grinder and the workpiece, resulting in a fingertip amputation at the knuc",Working at Height,0.0019,Line of Fire,0.0018,0.0001,Line of Fire,0.55,PARTIAL_AGREEMENT,Manual Review Pending analyst validation.
OILPS_OSHA_02293,2019088948,An employee was setting a 90-degree elbow while another employee operated the crown. The block dropped and crushed the employee's right hand. nan,Safe Mechanical Lifting,0.5893,Hot Work,0.012,0.5773,NONE,0.35,PARTIAL_AGREEMENT,Manual Review Pending analyst validation.
OILPS_OSHA_02298,2019099149,A welder was working from scaffolding approximately 12 feet high when a scaffolding plank broke. The employee fell and sustained fractures to the hip and tailbone resulting in hospitalization. nan,Working at Height,0.3048,Energy Isolation,0.0017,0.3031,Working at Height,0.75,PARTIAL_AGREEMENT,Manual Review Pending analyst validation.
OILPS_OSHA_02310,2019099312,"An employee was grinding the end of a 30-inch diameter, 40-foot long spiral steel pipe. The pipe was spinning and was set on fixed rotating wheels. The employee was in line with the V-roller line whic",Energy Isolation,0.224,Line of Fire,0.0044,0.2196,Hot Work | Line of Fire,0.35,PARTIAL_AGREEMENT,Manual Review Pending analyst validation.
OILPS_OSHA_02313,2019099329,"Two employees were rigging up centrifugal equipment. One employee was on the solids control equipment stand when it gave way, causing him to fall and sustain three fractured ribs and a punctured left ",Hot Work,0.1094,Work Authorization,0.0073,0.1021,Safe Mechanical Lifting | Working at Height,0.35,PARTIAL_AGREEMENT,Manual Review Pending analyst validation.
OILPS_OSHA_02322,2019099664,"An employee was hooking the trailer to a pickup truck. Some of the weight of the trailer came down on the employee's left index finger, crushing it against the hitch ball. The fingertip was amputated.",Driving,0.9737,Safe Mechanical Lifting,0.8617,0.112,NONE,0.35,PARTIAL_AGREEMENT,Manual Review Pending analyst validation.
OILPS_OSHA_02323,2019099665,"An employee was coming down a wireline truck ladder. As he stepped down, his ankle rolled and he fell to the ground. He landed on and broke his right femur, and was hospitalized. nan",Driving,0.9964,Working at Height,0.9695,0.0269,Working at Height,0.35,PARTIAL_AGREEMENT,Manual Review Pending analyst validation.
OILPS_OSHA_02325,2019099707,An employee was helping re-spool the winch line on a tubing tester truck when the line caught his right hand. Four fingers were amputated. nan,Safe Mechanical Lifting,0.9963,Driving,0.9623,0.034,NONE,0.35,PARTIAL_AGREEMENT,Manual Review Pending analyst validation.
OILPS_OSHA_02328,2019099801,"An employee was trying to free a pipe on a horizontal directional drill when the pipe shifted, catching the employee's finger between the drill pipe and the frame of the unit and resulting in a finger",Safe Mechanical Lifting,0.5734,Energy Isolation,0.0653,0.5081,NONE,0.35,PARTIAL_AGREEMENT,Manual Review Pending analyst validation.
OILPS_OSHA_02345,20191010353,"Employees were replacing stripping rubber. As they were pulling the line up with a lifting hook, the line became caught on a kick-out beam. When the line released from being snagged, it snapped up and",Working at Height,0.0555,Line of Fire,0.0054,0.0501,Safe Mechanical Lifting | Working at Height,0.75,PARTIAL_AGREEMENT,Manual Review Pending analyst validation.
OILPS_OSHA_02349,20191010515,"An employee was gauging a tank at an established well site. He lost consciousness and was found on top of the tank, with his head down in the manhole and with rib injuries. He was hospitalized. nan",Energy Isolation,0.0083,Hot Work,0.0034,0.0049,Confined Space,0.35,PARTIAL_AGREEMENT,Manual Review Pending analyst validation.
OILPS_OSHA_02365,20191010947,"An employee was helping a trucker load material. A power pole shifted on the trailer, causing it to roll. The employee jumped off the trailer bed to the ground to avoid the pole and broke his left ank",Safe Mechanical Lifting,0.9943,Working at Height,0.9268,0.0675,NONE,0.35,PARTIAL_AGREEMENT,Manual Review Pending analyst validation.
OILPS_OSHA_02370,20191011048,"An employee was using a handheld cup-shaped grinder on a manhole cover. The cup flew off, striking the employee on the right knee and hand. He was hospitalized. nan",Energy Isolation,0.0091,Safe Mechanical Lifting,0.0054,0.0037,Confined Space,0.35,PARTIAL_AGREEMENT,Manual Review Pending analyst validation.
OILPS_OSHA_02371,20191011116,"An employee was transporting two sections of 3-inch schedule 50 piping. While the employee was offloading the trailer and moving the pipes from a pallet to cribbing, a pipe slipped and fell onto the e",Working at Height,0.6471,Work Authorization,0.0129,0.6342,NONE,0.35,PARTIAL_AGREEMENT,Manual Review Pending analyst validation.
OILPS_OSHA_02374,20191011194,"An employee was cranking on a jack with their foot to raise up a trailer when the jack failed, allowing the trailer to fall on and crush the employee's second, third, and fourth toes on the left foot ",Driving,0.4122,Energy Isolation,0.109,0.3032,Working at Height,0.35,PARTIAL_AGREEMENT,Manual Review Pending analyst validation.
OILPS_OSHA_02377,20191011311,"An employee was attempting to light the pilot light on a heater treater when a faulty valve allowed gas to escape and ignite, causing second degree burns to the employee's face. nan",Hot Work,0.5655,Work Authorization,0.0581,0.5074,NONE,0.35,PARTIAL_AGREEMENT,Manual Review Pending analyst validation.
OILPS_OSHA_02382,20191111425,An employee was helping a machine operator load a personnel bucket onto a trailer when the employee was struck by the boom of a rear-easement backyard digger-derrick machine. The employee suffered fra,Safe Mechanical Lifting,0.3831,Working at Height,0.1404,0.2427,Line of Fire,0.35,PARTIAL_AGREEMENT,Manual Review Pending analyst validation.
OILPS_OSHA_02383,20191111444,"An employee was working a pipeline tie-in operation, aligning a pipeline section with an existing pipeline. The nylon sling attached to the track hoe that was holding the pipeline section had too much",Line of Fire,0.3747,Working at Height,0.3117,0.063,Safe Mechanical Lifting,0.35,PARTIAL_AGREEMENT,Manual Review Pending analyst validation.
OILPS_OSHA_02387,20191111487,"An employee was removing a 55-gallon barrel from one pallet to another when the pallet broke. The employee lost balance and dropped the barrel, which struck the employee. The employee suffered bruisin",Hot Work,0.8501,Energy Isolation,0.8472,0.0029,NONE,0.35,PARTIAL_AGREEMENT,Manual Review Pending analyst validation.
OILPS_OSHA_02392,20191111687,An employee was trying to release solids in a centrifuge that had packed off. His left ring finger was caught between a belt and a pulley and the fingertip was amputated. nan,Line of Fire,0.4327,Safe Mechanical Lifting,0.014,0.4187,Line of Fire,0.75,PARTIAL_AGREEMENT,Manual Review Pending analyst validation.
OILPS_OSHA_02393,20191111780,"A water tank driver was offloading at a job site when the employee's elbow struck a valve. The cap from the valve came off and struck the employee in the stomach, cutting the abdomen. The employee was",Energy Isolation,0.1239,Driving,0.0816,0.0423,Driving | Hot Work,0.35,PARTIAL_AGREEMENT,Manual Review Pending analyst validation.
OILPS_OSHA_02394,20191111789,An employee was involved in lifting a pipe out of a double service well rig and taking apart the slip bowl assembly. The operator had attached the lift sub to bring the pipe up when the threads failed,Energy Isolation,0.0014,Hot Work,0.0009,0.0005,Safe Mechanical Lifting,0.35,PARTIAL_AGREEMENT,Manual Review Pending analyst validation.
OILPS_OSHA_02398,20191111973,"While directing the operator of a backhoe, an employee was lining up the last four tubular braces with the inner short tube of the trench box wall. His gloved left hand was caught between the two tube",Safe Mechanical Lifting,0.0778,Working at Height,0.0022,0.0756,Line of Fire,0.35,PARTIAL_AGREEMENT,Manual Review Pending analyst validation.
OILPS_OSHA_02400,20191112016,An employee descending a 4-step set of stairs rolled and fractured his ankle. nan,Safe Mechanical Lifting,0.611,Working at Height,0.0359,0.5751,NONE,0.35,PARTIAL_AGREEMENT,Manual Review Pending analyst validation.
OILPS_OSHA_02401,20191112020,An employee was directing a 6-inch pipe spool during a bull rigging operation. He went to move a piece of chain out of the way when the pipe spool came down onto his right forearm. The employee was ho,Safe Mechanical Lifting,0.1134,Energy Isolation,0.0164,0.097,Safe Mechanical Lifting,0.75,PARTIAL_AGREEMENT,Manual Review Pending analyst validation.
OILPS_OSHA_02407,20191112104,"An employee was performing rigging operations when a headache ball (overhaul hook ball) became caught on an I-beam. When the employee freed the headache ball, it made contact with the employee's left ",Energy Isolation,0.4234,Safe Mechanical Lifting,0.406,0.0174,Safe Mechanical Lifting,0.35,PARTIAL_AGREEMENT,Manual Review Pending analyst validation.
OILPS_OSHA_02409,20191112143,An employee was holding an apparatus designed to help pull a piece of equipment when his thumb was caught and crushed. The employee sustained an amputation to the nailbed of the left thumb. nan,Safe Mechanical Lifting,0.6809,Energy Isolation,0.0888,0.5921,NONE,0.35,PARTIAL_AGREEMENT,Manual Review Pending analyst validation.
OILPS_OSHA_02410,20191112157,"Onboard an aircraft carrier, a rigger helper was steadying a pipe in a compartment while pipefitters adjusted the pipe in another compartment. While adjusting the pipe, the light end of the pipe shift",Safe Mechanical Lifting,0.1101,Energy Isolation,0.0776,0.0325,Line of Fire,0.35,PARTIAL_AGREEMENT,Manual Review Pending analyst validation.
OILPS_OSHA_02415,20191212354,An employee pulled a cart with a Christmas tree on it to a customer's vehicle. She put the Christmas tree down to be loaded and was turning to leave when her foot was caught in the tree stand. This ca,Driving,0.001,Energy Isolation,0.0007,0.0003,Driving | Working at Height,0.75,PARTIAL_AGREEMENT,Manual Review Pending analyst validation.
OILPS_OSHA_02420,20191212604,"An employee was draining natural gas condensate from a level transmitter. When a valve was opened, the escaping gas ignited. The employee suffered first- and second-degree burns to the face and neck. ",Hot Work,0.4795,Confined Space,0.065,0.4145,NONE,0.35,PARTIAL_AGREEMENT,Manual Review Pending analyst validation.
OILPS_OSHA_02427,20191212712,A maintenance employee was installing a harmonic balancer on a crank shaft on a frac pump. He was pulling himself up using a strap when the strap sheared a bolt holding some of the components together,Energy Isolation,0.0169,Hot Work,0.0074,0.0095,Safe Mechanical Lifting | Working at Height,0.35,PARTIAL_AGREEMENT,Manual Review Pending analyst validation.
OILPS_OSHA_02433,20191212965,"On December 17, 2019, at 11:00 AM, two employees were in a scissor lift in an elevated position repairing a natural gas furnace. One of the employees was not contained by the safety gear of the scisso",Energy Isolation,0.0058,Hot Work,0.005,0.0008,Working at Height,0.35,PARTIAL_AGREEMENT,Manual Review Pending analyst validation.
OILPS_OSHA_02438,20191213118,An employee was lowering a scaffold board using a rope and pulley assembly when the board slipped out of the rope and fell. The board caught a tangle in the rope and caused the hook end of the rope to,Energy Isolation,0.0682,Safe Mechanical Lifting,0.0294,0.0388,Working at Height,0.35,PARTIAL_AGREEMENT,Manual Review Pending analyst validation.
OILPS_OSHA_02442,20191213261,An employee slipped on the floor and fractured an ankle while rigging a blender unit. nan,Safe Mechanical Lifting,0.0002,Driving,0.0001,0.0001,Safe Mechanical Lifting,0.75,PARTIAL_AGREEMENT,Manual Review Pending analyst validation.
OILPS_OSHA_02445,20191213300,An employee was using a winch and a cable when his hand was caught between the winch and a truck frame. The employee suffered an amputation. nan,Safe Mechanical Lifting,0.9996,Driving,0.9537,0.0459,Line of Fire,0.35,PARTIAL_AGREEMENT,Manual Review Pending analyst validation.
OILPS_OSHA_02451,2020010132,"An employee was cutting banding around a steel pipe when the pipe rolled off the rack and struck the employee's right leg, fracturing the tibia and fibula. nan",Energy Isolation,0.1961,Hot Work,0.0037,0.1924,Hot Work,0.35,PARTIAL_AGREEMENT,Manual Review Pending analyst validation.
OILPS_OSHA_02453,2020010220,"An employee was conducting a pipe laydown operation. An elevator struck a mast, kicking the pipe out so that it struck the employee in the face. The employee was hospitalized. nan",Safe Mechanical Lifting,0.6628,Work Authorization,0.0507,0.6121,NONE,0.35,PARTIAL_AGREEMENT,Manual Review Pending analyst validation.
OILPS_OSHA_02458,2020010290,An employee was lowering a pickup truck's tail gate when his right ring finger was caught between a cable and the tailgate's upper rail. The fingertip was amputated at the first knuckle. nan,Driving,0.4164,Line of Fire,0.0323,0.3841,Line of Fire,0.35,PARTIAL_AGREEMENT,Manual Review Pending analyst validation.
OILPS_OSHA_02463,2020010360,An employee was testing a tool by running it down into a pipe with a gun when the employee's right middle finger was caught between the pipe and the testing tool. The employee was hospitalized. nan,Safe Mechanical Lifting,0.3112,Energy Isolation,0.1015,0.2097,Line of Fire,0.35,PARTIAL_AGREEMENT,Manual Review Pending analyst validation.
OILPS_OSHA_02465,2020010446,"An employee was installing a skillet blind when the employee's left index finger was caught between a wrench and a bolt, resulting in a fingertip amputation. nan",Energy Isolation,0.0493,Line of Fire,0.0419,0.0074,Line of Fire,0.35,PARTIAL_AGREEMENT,Manual Review Pending analyst validation.
OILPS_OSHA_02468,2020010577,Employees were working to remove a blow-out preventer (BOP) by dragging it with a tandem bed truck on the BOP skid from between two rig subs during rig-down operations. An employee was spotting the BO,Working at Height,0.9761,Driving,0.9633,0.0128,NONE,0.7,STRONG_AGREEMENT,Manual Review Pending analyst validation.
OILPS_OSHA_02475,2020010781,"An employee was installing 10-foot, 500 lb. posts when the employee's finger was caught between the floor and a post, resulting in a partial finger amputation. nan",Line of Fire,0.0358,Energy Isolation,0.0185,0.0173,Line of Fire,0.75,PARTIAL_AGREEMENT,Manual Review Pending analyst validation.
OILPS_OSHA_02480,2020021190,Two electricians were troubleshooting an HVAC (condenser) unit in a control room. Both employees went to the control room and applied group lockout to a single disconnect rated at 250 VDC power. After,Energy Isolation,0.0013,Working at Height,0.0009,0.0004,Energy Isolation,0.75,PARTIAL_AGREEMENT,Manual Review Pending analyst validation.
OILPS_OSHA_02481,2020021231,"An employee was driving an ATV when it ran over a fallen tree branch. The branch popped up and went through the ATV's floor, striking the employee. The employee suffered a broken arm, a bleeding splee",Energy Isolation,0.0016,Safe Mechanical Lifting,0.001,0.0006,Driving,0.35,PARTIAL_AGREEMENT,Manual Review Pending analyst validation.
OILPS_OSHA_02487,2020021385,"Employees at an oil rig were breaking down its blowout preventers. After removing the preventers from the wellhead, they put a wooden board on the ground to set the preventer on and keep it from getti",Energy Isolation,0.9903,Safe Mechanical Lifting,0.9813,0.009,NONE,0.35,PARTIAL_AGREEMENT,Manual Review Pending analyst validation.
OILPS_OSHA_02488,2020021387,"An employee was standing behind a winch truck. The truck rolled back and ran over the employee's left leg. The employee suffered a thigh injury, a head laceration, and bruising to the right-side ribs.",Driving,0.9982,Safe Mechanical Lifting,0.9761,0.0221,NONE,0.35,PARTIAL_AGREEMENT,Manual Review Pending analyst validation.
OILPS_OSHA_02491,2020021553,"As a crane truck was rigging down, an employee's hand was caught between the outrigger and the crane. Three fingers on the employee's right hand were crushed and the employee was hospitalized. nan",Safe Mechanical Lifting,0.9949,Driving,0.9872,0.0077,Line of Fire | Safe Mechanical Lifting,0.75,STRONG_AGREEMENT,Manual Review Pending analyst validation.
OILPS_OSHA_02497,2020021745,"An employee was operating a digger derrick to dig for utility line access. While he was troubleshooting the faulty boom of the truck, his hand was placed on the boom, crushing his left ring finger. na",Driving,0.9589,Working at Height,0.8333,0.1256,NONE,0.35,PARTIAL_AGREEMENT,Manual Review Pending analyst validation.
OILPS_OSHA_02507,2020032012,"An employee was pushing a stand of drill pipe to its stowed position. While pushing the drill pipe, he slipped and fell forward. He placed his right hand on the deck to catch his fall. The stand of dr",Working at Height,0.0431,Line of Fire,0.0203,0.0228,Working at Height,0.75,PARTIAL_AGREEMENT,Manual Review Pending analyst validation.
OILPS_OSHA_02509,2020032040,"An employee was receiving a pig from the pipeline, when the pig exploded through the cover. The employee sustained a fractured hand and a concussion. nan",Energy Isolation,0.5306,Line of Fire,0.0701,0.4605,NONE,0.35,PARTIAL_AGREEMENT,Manual Review Pending analyst validation.
OILPS_OSHA_02510,2020032058,"Employees were laying down an 8"" drill collar from the catwalk using the main rig hoist. During this, the injured employee was placing a 3x6 wooden board under the collar. When the collar came in cont",Working at Height,0.0618,Safe Mechanical Lifting,0.0076,0.0542,Safe Mechanical Lifting,0.35,PARTIAL_AGREEMENT,Manual Review Pending analyst validation.
OILPS_OSHA_02511,2020032071,"Employees were placing front tongue load-bearing metal poles into metal stand boots. A metal pole weight slipped, and an employee's right thumb was caught between the pole base and the boot rim. It wa",Safe Mechanical Lifting,0.0021,Energy Isolation,0.0011,0.001,Line of Fire,0.35,PARTIAL_AGREEMENT,Manual Review Pending analyst validation.
OILPS_OSHA_02514,2020032253,"A well service floor hand was connecting pipe to a power swivel. The employee's left thumb was caught and crushed between the tubing elevators and a lifting cable. The employee was hospitalized, under",Safe Mechanical Lifting,0.0952,Energy Isolation,0.0047,0.0905,Safe Mechanical Lifting,0.75,PARTIAL_AGREEMENT,Manual Review Pending analyst validation.
OILPS_OSHA_02516,2020032273,An employee was exposed to hydrogen sulfide and was hospitalized for an inhalation injury. nan,Work Authorization,0.6977,Confined Space,0.3157,0.382,NONE,0.35,PARTIAL_AGREEMENT,Manual Review Pending analyst validation.
OILPS_OSHA_02524,2020032430,An 8-ton tugger (a pneumatic winch with cables and pulleys) and snatch block were being used to move a coil pack into position. An employee was monitoring the cable and pulleys. The employee's right h,Safe Mechanical Lifting,0.3157,Line of Fire,0.002,0.3137,Line of Fire,0.35,PARTIAL_AGREEMENT,Manual Review Pending analyst validation.
OILPS_OSHA_02527,2020032606,"A CNC part fell from an overhead crane sling. An employee jumped out of its way and struck a tool cabinet, suffering a broken rib. nan",Working at Height,0.1952,Safe Mechanical Lifting,0.0429,0.1523,Safe Mechanical Lifting,0.35,PARTIAL_AGREEMENT,Manual Review Pending analyst validation.
OILPS_OSHA_02531,2020032696,"During rig down, an employee was attempting to move a hose supported on a spreader bar. The hose came free from the spreader bar and swung into a machine, and the employee's left little finger was cau",Energy Isolation,0.0056,Safe Mechanical Lifting,0.0015,0.0041,Line of Fire,0.35,PARTIAL_AGREEMENT,Manual Review Pending analyst validation.
OILPS_OSHA_02533,2020032754,"An employee was repinning a cable sheave onto a side boom. The employee's left middle finger was caught between the cable sheave and the pinning arm, and was partially amputated. nan",Safe Mechanical Lifting,0.1466,Line of Fire,0.0019,0.1447,Line of Fire,0.35,PARTIAL_AGREEMENT,Manual Review Pending analyst validation.
OILPS_OSHA_02535,2020043024,An employee was performing maintenance on a vertical two-phase separator. The employee was reconfiguring the sight glass and using various wrenches to loosen the existing fittings and tighten the new ,Energy Isolation,0.462,Work Authorization,0.2279,0.2341,Hot Work,0.35,PARTIAL_AGREEMENT,Manual Review Pending analyst validation.
OILPS_OSHA_02542,2020043208,"An employee was climbing down from a flatbed truck. He slipped and fell to the ground, breaking his femur. He was hospitalized. nan",Driving,0.9863,Working at Height,0.9725,0.0138,NONE,0.35,PARTIAL_AGREEMENT,Manual Review Pending analyst validation.
OILPS_OSHA_02544,2020043399,"An employee was climbing the steps of the compactor roller and fell to the ground. The employee sustained fractures to the right ankle, fibula, and tibia. nan",Working at Height,0.4803,Energy Isolation,0.0072,0.4731,NONE,0.35,PARTIAL_AGREEMENT,Manual Review Pending analyst validation.
OILPS_OSHA_02554,2020043906,"An employee was guiding/lowering a Kelly hose off to the side of the work floor with a winch line when a counterweight slid down the winch line and struck the employee's left hand, causing an open fra",Safe Mechanical Lifting,0.999,Line of Fire,0.9944,0.0046,NONE,0.35,PARTIAL_AGREEMENT,Manual Review Pending analyst validation.
OILPS_OSHA_02555,2020043974,"An employee was operating a handheld grinder while grinding a patch on a silo to finish repairs when the disc shattered and fragmented pieces embedded into his left forearm, causing two lacerations. n",Working at Height,0.0003,Hot Work,0.0002,0.0001,Hot Work,0.35,PARTIAL_AGREEMENT,Manual Review Pending analyst validation.
OILPS_OSHA_02562,2020054325,An employee was working to remove a section of catwalk that was approximately 30 feet high when he stepped from the catwalk section being removed onto the assumed catwalk to be left in place. The plan,Working at Height,0.4407,Energy Isolation,0.0923,0.3484,Working at Height,0.75,PARTIAL_AGREEMENT,Manual Review Pending analyst validation.
OILPS_OSHA_02568,2020054488,"An employee was cutting concrete with a chop saw when the saw kicked back, caught his shirt, and pulled him into the saw. The blade severely lacerated his neck, requiring surgery and hospitalization. ",Hot Work,0.0497,Energy Isolation,0.0049,0.0448,Hot Work,0.75,PARTIAL_AGREEMENT,Manual Review Pending analyst validation.
OILPS_OSHA_02570,2020054579,"An employee was climbing down a ladder on a tanker truck. The pneumatic guardrail system on the top of the truck retracted and struck the employee. The employee fell to the ground, suffering broken bo",Driving,0.99,Working at Height,0.9057,0.0843,Working at Height,0.35,PARTIAL_AGREEMENT,Manual Review Pending analyst validation.
OILPS_OSHA_02582,2020065239,An employee was struck by a telehandler while inspecting it before use. The employee was hospitalized for a tear to the small intestine. nan,Safe Mechanical Lifting,0.2239,Line of Fire,0.0052,0.2187,Line of Fire,0.35,PARTIAL_AGREEMENT,Manual Review Pending analyst validation.
OILPS_OSHA_02595,2020066061,"An employee was cutting a concrete pile when a cut off section of the pile broke loose and crushed the employee's right hand, resulting in a thumb amputation. nan",Energy Isolation,0.0077,Line of Fire,0.0044,0.0033,Hot Work,0.35,PARTIAL_AGREEMENT,Manual Review Pending analyst validation.
OILPS_OSHA_02598,2020076170,An employee was installing a 10-foot long pipe to a new separator. The pipe came loose and struck the employee's thumb against a support bracket. The thumb tip was medically amputated. nan,Safe Mechanical Lifting,0.6344,Energy Isolation,0.5807,0.0537,NONE,0.35,PARTIAL_AGREEMENT,Manual Review Pending analyst validation.
OILPS_OSHA_02601,2020076263,"An excavator bucket struck an employee in the head, causing the employee to fall off a jetty and land on a rock. The employee suffered a broken leg. nan",Energy Isolation,0.1229,Hot Work,0.0286,0.0943,Working at Height,0.35,PARTIAL_AGREEMENT,Manual Review Pending analyst validation.
OILPS_OSHA_02602,2020076277,"An employee was reversing the lock out/tag out while on a pumpjack, removing the chain and binder from the unit. The employee slipped and fell onto an angle iron on the outer side of the concrete base",Working at Height,0.0702,Energy Isolation,0.0074,0.0628,Driving,0.35,PARTIAL_AGREEMENT,Manual Review Pending analyst validation.
OILPS_OSHA_02607,2020076441,"An employee was changing a surface casing of a drill rig, pulling it up with the drill pipe. His right thumb was caught in a pinch point between the mast and the casing. The thumb tuft was amputated, ",Line of Fire,0.2805,Safe Mechanical Lifting,0.0258,0.2547,Line of Fire,0.75,PARTIAL_AGREEMENT,Manual Review Pending analyst validation.
OILPS_OSHA_02609,2020076628,"An employee was throwing away scrap. In the scrap bin, the employee moved a mandrel hanger to an empty spot and his right little finger got caught against another mandrel resulting in amputation. nan",Line of Fire,0.6527,Bypassing Safety Controls,0.0036,0.6491,NONE,0.35,PARTIAL_AGREEMENT,Manual Review Pending analyst validation.
OILPS_OSHA_02618,2020077193,"An employee was operating a hydrovac when a hose burst in it, cutting the employee's right bicep. nan",Energy Isolation,0.1273,Line of Fire,0.0026,0.1247,Hot Work,0.35,PARTIAL_AGREEMENT,Manual Review Pending analyst validation.
OILPS_OSHA_02619,2020087280,A forklift collision broke an employee's heel and ankle. nan,Safe Mechanical Lifting,0.9992,Driving,0.9286,0.0706,NONE,0.35,PARTIAL_AGREEMENT,Manual Review Pending analyst validation.
OILPS_OSHA_02624,2020087510,"An employee swung a sledge hammer to hit a hammer union. The sledge hammer missed and caused the employee to lose balance and fall approximately 3 feet, hitting his back on a mud pump module and sucti",Working at Height,0.1482,Energy Isolation,0.0081,0.1401,Working at Height,0.75,PARTIAL_AGREEMENT,Manual Review Pending analyst validation.
OILPS_OSHA_02628,2020087747,An employee was installing a pipe liner in a sewer manhole and suffered second-degree burns. nan,Hot Work,0.0341,Line of Fire,0.0047,0.0294,Confined Space,0.35,PARTIAL_AGREEMENT,Manual Review Pending analyst validation.
OILPS_OSHA_02633,2020088291,A crew of five employees used two forklifts along with a telehandler to load and carry pipe that had been cut into 125-foot sections from the fuel pier to the parking lot for painting. The injured emp,Safe Mechanical Lifting,0.6409,Energy Isolation,0.0171,0.6238,Line of Fire,0.35,PARTIAL_AGREEMENT,Manual Review Pending analyst validation.
OILPS_OSHA_02634,2020088122,"At 9:30 a.m. on August 26, 2020, an employee was cutting off fiberglass material that had wrapped around a roller on a production line. A chain and gear caught the employee's gloved-hand, causing a 3-",Hot Work,0.0606,Energy Isolation,0.0341,0.0265,Hot Work,0.75,PARTIAL_AGREEMENT,Manual Review Pending analyst validation.
OILPS_OSHA_02636,2020088271,"On 8/31/2020, a Noble Casing, Inc., employee was on location performing rathole operations. A nearby skid steer operator was unloading a joint of pipe from a trailer and had the pipe elevated while ba",Safe Mechanical Lifting,0.6354,Energy Isolation,0.0171,0.6183,NONE,0.35,PARTIAL_AGREEMENT,Manual Review Pending analyst validation.
OILPS_OSHA_02637,2020098294,"An employee was climbing onto a frack pump. He fell to the ground about 5 feet below, suffering a broken arm. nan",Working at Height,0.5039,Line of Fire,0.0009,0.503,NONE,0.35,PARTIAL_AGREEMENT,Manual Review Pending analyst validation.
OILPS_OSHA_02645,2020098574,"On September 9, 2020, an employee was attempting to start a vibrating tamper in order to continue compacting backfill material in a completed excavation. The employee pulled the starter cord multiple ",Line of Fire,0.0304,Working at Height,0.0037,0.0267,Working at Height,0.55,PARTIAL_AGREEMENT,Manual Review Pending analyst validation.
OILPS_OSHA_02649,2020098845,An employee slipped and fell to the ground while exiting a water truck via the ladder. The employee was hospitalized for a foot/ankle injury. nan,Working at Height,0.9912,Driving,0.9708,0.0204,Working at Height,0.75,STRONG_AGREEMENT,Manual Review Pending analyst validation.
OILPS_OSHA_02650,2020098899,"While moving drums in the back of a delivery truck, an employee fell from the truck to the ground, suffering a concussion and head laceration. The employee was hospitalized. nan",Driving,0.9984,Working at Height,0.9157,0.0827,NONE,0.35,PARTIAL_AGREEMENT,Manual Review Pending analyst validation.
OILPS_OSHA_02658,2020099164,"On September 26, 2020, the cable line of a workover rig failed, causing the block to fall and strike a platform where an employee stood. This caused the employee to fall from the platform. The employe",Working at Height,0.1047,Work Authorization,0.0799,0.0248,Working at Height,0.75,PARTIAL_AGREEMENT,Manual Review Pending analyst validation.
OILPS_OSHA_02660,2020099223,An employee was replacing a chain on the palletizer machine when his hand was caught between the chain and sprocket. His left middle fingertip was crushed and surgically amputated. The machine was not,Safe Mechanical Lifting,0.0006,Line of Fire,0.0005,0.0001,Line of Fire,0.35,PARTIAL_AGREEMENT,Manual Review Pending analyst validation.
OILPS_OSHA_02664,2020109341,An employee was on a derrick connecting drilling rods. His fingers were caught between a drilling rod and a winch line and a finger was amputated. nan,Line of Fire,0.2515,Safe Mechanical Lifting,0.0403,0.2112,Line of Fire,0.75,PARTIAL_AGREEMENT,Manual Review Pending analyst validation.
OILPS_OSHA_02665,2020109380,An employee was opening bags and mixing sand in a paint mixer. His left hand was struck by the agitator and fractured. nan,Safe Mechanical Lifting,0.1448,Line of Fire,0.1377,0.0071,Line of Fire,0.35,PARTIAL_AGREEMENT,Manual Review Pending analyst validation.
OILPS_OSHA_02674,2020109742,An employee was cleaning a hydraulic conveyor roller while a large steel pipe was on the conveyor. The employee's right hand was caught between the conveyor roller and the pipe resulting in amputation,Energy Isolation,0.1201,Safe Mechanical Lifting,0.0124,0.1077,Line of Fire,0.35,PARTIAL_AGREEMENT,Manual Review Pending analyst validation.
OILPS_OSHA_02681,20201010185,"An Enterprise employee was performing maintenance activities on the P-113 small volume prover. While attempting to remove the chain on the prover, the employee's left thumb was caught between the spro",Energy Isolation,0.0018,Safe Mechanical Lifting,0.0009,0.0009,Line of Fire,0.35,PARTIAL_AGREEMENT,Manual Review Pending analyst validation.
OILPS_OSHA_02682,20201010232,"While walking to his vehicle, an employee slipped on a slab of cement and fell, breaking his right kneecap. He was hospitalized. nan",Driving,0.0073,Working at Height,0.0066,0.0007,Driving,0.75,PARTIAL_AGREEMENT,Manual Review Pending analyst validation.
OILPS_OSHA_02684,20201110403,"An employee was doing maintenance on a blowout preventer. His left thumb got caught between the torque wrench he was using and the nut, and the first joint of his left thumb was amputated. nan",Energy Isolation,0.0728,Safe Mechanical Lifting,0.0668,0.006,Line of Fire,0.35,PARTIAL_AGREEMENT,Manual Review Pending analyst validation.
OILPS_OSHA_02688,20201110570,"A hoist was being used to move a 700 lbs. object. While holding a chain to help direct the object, an employee tripped and was struck by the object. The employee suffered a head/scalp injury, an injur",Safe Mechanical Lifting,0.9857,Line of Fire,0.9731,0.0126,Line of Fire | Safe Mechanical Lifting,0.75,STRONG_AGREEMENT,Manual Review Pending analyst validation.
OILPS_OSHA_02690,20201110734,"An employee fell through a work platform opening on a scaffold, landing on the floor about 20 feet below. The employee's right ring finger was broken. nan",Hot Work,0.5409,Safe Mechanical Lifting,0.0075,0.5334,Working at Height,0.55,PARTIAL_AGREEMENT,Manual Review Pending analyst validation.
OILPS_OSHA_02692,20201110751,"An employee was cutting through a section of piping when it broke loose and struck the employee in the face. The employee suffered fractures in the jaw and mouth, a broken nose, and chipped teeth and ",Energy Isolation,0.4838,Line of Fire,0.0303,0.4535,Hot Work,0.35,PARTIAL_AGREEMENT,Manual Review Pending analyst validation.
OILPS_OSHA_02693,20201110809,Employees were installing a blowout preventer. One employee's hand was caught between the actuator assembly cage and the top drive. His right index finger was crushed and later amputated. nan,Energy Isolation,0.7664,Safe Mechanical Lifting,0.7388,0.0276,Line of Fire,0.35,PARTIAL_AGREEMENT,Manual Review Pending analyst validation.
OILPS_OSHA_02698,20201111093,An employee was on a skid steer bucket when his leg was caught between the bucket and the track of the skid steer. His leg was amputated from the knee down. nan,Line of Fire,0.0018,Energy Isolation,0.0013,0.0005,Line of Fire,0.75,PARTIAL_AGREEMENT,Manual Review Pending analyst validation.
OILPS_OSHA_02700,20201111186,An employee was cutting a zip-tie off a Christmas tree when the knife cut his left eye. nan,Energy Isolation,0.0016,Hot Work,0.0001,0.0015,Hot Work,0.35,PARTIAL_AGREEMENT,Manual Review Pending analyst validation.
OILPS_OSHA_02715,2021010036,"An employee was unloading bore gel from a trailer when they fell in a hole in the trailer decking, resulting in broken bones in their foot that required surgery. nan",Line of Fire,0.6602,Working at Height,0.0092,0.651,NONE,0.35,PARTIAL_AGREEMENT,Manual Review Pending analyst validation.
OILPS_OSHA_02722,2021010693,"An employee was driving an ATV on a gas well access road. As the employee drove down a hill, the ATV's rear end slipped on leaves. The ATV slid into a rut in the road and flipped over, throwing off th",Working at Height,0.0055,Driving,0.0005,0.005,Driving,0.35,PARTIAL_AGREEMENT,Manual Review Pending analyst validation.
OILPS_OSHA_02725,2021010860,"An employee was mounting a scanner box on the stump when their right middle finger was pinched between the sling hook and the D-ring, resulting in a fingertip amputation with the loss of the distal ph",Safe Mechanical Lifting,0.0198,Energy Isolation,0.002,0.0178,Safe Mechanical Lifting,0.75,PARTIAL_AGREEMENT,Manual Review Pending analyst validation.
OILPS_OSHA_02728,2021020895,Employees had been pumping out oil and gas waste water from a tanker truck. Vapors/fumes from the condensate mixed in with the waste water caught fire when a torpedo heater started up and a spark shot,Hot Work,0.28,Driving,0.0014,0.2786,Hot Work,0.75,PARTIAL_AGREEMENT,Manual Review Pending analyst validation.
OILPS_OSHA_02731,2021021097,"An employee was descending a platform ladder after setting up an oil rig platform when a crane hook caught the ladder and pulled it off the platform, knocking the employee to the ground and resulting ",Safe Mechanical Lifting,0.938,Working at Height,0.8296,0.1084,Safe Mechanical Lifting | Working at Height,0.75,STRONG_AGREEMENT,Manual Review Pending analyst validation.
OILPS_OSHA_02732,2021021108,"The injured employee and a coworker removed a valve body to unclog pods in an auger. After they unclogged the pods and reloaded them, they proceeded to reinstall the valve body. As they were picking u",Working at Height,0.4736,Driving,0.4609,0.0127,NONE,0.35,PARTIAL_AGREEMENT,Manual Review Pending analyst validation.
OILPS_OSHA_02734,2021021187,"An employee was dismounting from the bumper of a pickup truck. As the employee was stepping off, the bumper components slipped out from under him, causing him to fall to the ground. The employee susta",Driving,0.8314,Working at Height,0.7856,0.0458,Working at Height,0.35,PARTIAL_AGREEMENT,Manual Review Pending analyst validation.
OILPS_OSHA_02738,2021021240,"The sheaves of the crane were frozen due to ice and snow conditions, which caused a backlash with the auxiliary cable of the crane. The operator attempted to straighten out the backlash on the superst",Safe Mechanical Lifting,0.0242,Working at Height,0.0011,0.0231,Safe Mechanical Lifting,0.75,PARTIAL_AGREEMENT,Manual Review Pending analyst validation.
OILPS_OSHA_02747,2021021528,"An employee was loading a skid tank onto a winch truck. The employee was removing a rock from under the tank when the tank came down on the employee's hand, causing finger amputations. nan",Driving,0.9049,Safe Mechanical Lifting,0.8118,0.0931,NONE,0.35,PARTIAL_AGREEMENT,Manual Review Pending analyst validation.
OILPS_OSHA_02749,2021021689,An employee was transferring hot oil from a tanker truck to a tank storage unit when back pressure in the hose caused oil to spill over onto the employee's forearms. The employee sustained second degr,Energy Isolation,0.5782,Hot Work,0.0177,0.5605,NONE,0.35,PARTIAL_AGREEMENT,Manual Review Pending analyst validation.
OILPS_OSHA_02753,2021021783,"An employee was exiting a vehicle to determine why a tool had gotten stuck in a pipeline. The pipeline ruptured. Flying debris struck the employee's left leg, breaking the femur. nan",Line of Fire,0.0174,Driving,0.0014,0.016,Driving,0.35,PARTIAL_AGREEMENT,Manual Review Pending analyst validation.
OILPS_OSHA_02755,2021031932,An employee was helping push a landing joint onto a catwalk trough at the v-door on a rig floor. The employee's right middle and ring fingers were caught between the locking ring and landing joint. Th,Energy Isolation,0.3044,Hot Work,0.0223,0.2821,Line of Fire,0.35,PARTIAL_AGREEMENT,Manual Review Pending analyst validation.
OILPS_OSHA_02764,2021032228,An employee was using a hydraulic torque wrench to loosen the nuts that held a pump's fluid end to the stay rod bolts. His right little finger was caught between the wrench and a nut that the wrench w,Line of Fire,0.0409,Working at Height,0.0055,0.0354,Line of Fire,0.75,PARTIAL_AGREEMENT,Manual Review Pending analyst validation.
OILPS_OSHA_02765,2021032296,"Employees were rigging up a work over rig and using a crane to move a blowout preventer off a trailer. The blowout preventer moved and swung once it was lifted from the ground, hitting an employee in ",Safe Mechanical Lifting,0.995,Energy Isolation,0.9863,0.0087,Safe Mechanical Lifting,0.75,STRONG_AGREEMENT,Manual Review Pending analyst validation.
OILPS_OSHA_02768,2021032400,"An employee was diagnosing issues with a palletizer. As he was working to realign the row-former and removing bolts on a guard to access the counterweight mechanism, the counterweight actuated. He was",Safe Mechanical Lifting,0.003,Energy Isolation,0.0017,0.0013,Line of Fire,0.35,PARTIAL_AGREEMENT,Manual Review Pending analyst validation.
OILPS_OSHA_02769,2021032462,An employee was working to clear a pump for maintenance and was sprayed with hot oil. He sustained first degree burns to the right wrist and lower portion of his face; and sustained first and second d,Energy Isolation,0.8989,Hot Work,0.7599,0.139,NONE,0.35,PARTIAL_AGREEMENT,Manual Review Pending analyst validation.
OILPS_OSHA_02770,2021032503,"A backhoe struck a vent pipe while digging next to it, causing the weld at the bottom of the pipe to fail. The pipe fell and struck an employee on the hardhat. The employee suffered a forehead lacerat",Safe Mechanical Lifting,0.6001,Working at Height,0.1508,0.4493,NONE,0.35,PARTIAL_AGREEMENT,Manual Review Pending analyst validation.
OILPS_OSHA_02771,2021032531,"An employee was unloading oil and fell from the truck to the ground, resulting in a loss of consciousness and lacerations to the head. nan",Driving,0.8515,Working at Height,0.7825,0.069,NONE,0.35,PARTIAL_AGREEMENT,Manual Review Pending analyst validation.
OILPS_OSHA_02773,2021032612,"An employee was attempting to install a cap (a two-part assembly) onto a casing head. The cap was stuck, and as the employee tried to manually thread it onto the casing head, its upper part came down ",Energy Isolation,0.5575,Safe Mechanical Lifting,0.091,0.4665,NONE,0.35,PARTIAL_AGREEMENT,Manual Review Pending analyst validation.
OILPS_OSHA_02779,2021042858,An employee was attempting to rig an 18' in diameter HDPE pipe. The employee was placing a nylon sling around the pipe when the pipe shifted unexpectedly. The employee's left pinky and ring fingers we,Energy Isolation,0.1268,Safe Mechanical Lifting,0.0549,0.0719,Safe Mechanical Lifting,0.35,PARTIAL_AGREEMENT,Manual Review Pending analyst validation.
OILPS_OSHA_02792,2021053647,An employee was operating construction equipment and ran off the road at a construction site. The driver suffered broken bones and was hospitalized. nan,Driving,0.0286,Safe Mechanical Lifting,0.0261,0.0025,Driving,0.75,PARTIAL_AGREEMENT,Manual Review Pending analyst validation.
OILPS_OSHA_02794,2021053657,"An employee was using a setting tool when their right middle and ring fingers were caught between the sleeve and the mandrel of the tool, resulting in an injury. nan",Energy Isolation,0.0079,Hot Work,0.0012,0.0067,Line of Fire,0.35,PARTIAL_AGREEMENT,Manual Review Pending analyst validation.
OILPS_OSHA_02799,2021053931,"An employee was using a 6-foot fiberglass ladder to hang a banner above an entry door. After he completed work on the banner, he descended the ladder and was approximately four feet high when he lost ",Working at Height,0.3548,Energy Isolation,0.0017,0.3531,Working at Height,0.75,PARTIAL_AGREEMENT,Manual Review Pending analyst validation.
OILPS_OSHA_02809,2021054274,"While conducting a hole in tubing test, a pressurized release of natural gas and debris knocked an employee off balance causing the employee to fall into the debris and gas. The employee sustained a r",Energy Isolation,0.0354,Hot Work,0.0285,0.0069,Working at Height,0.35,PARTIAL_AGREEMENT,Manual Review Pending analyst validation.
OILPS_OSHA_02811,2021054356,A crew of three Bassler Energy Services employees were about to clean out a heater treater vessel bottom. The vessel had been depressurized and its contents had been evacuated below the manway. When t,Energy Isolation,0.9503,Hot Work,0.9156,0.0347,NONE,0.55,PARTIAL_AGREEMENT,Manual Review Pending analyst validation.
OILPS_OSHA_02819,2021064811,An employee was using an air wand to remove sand when hot sand was blown back into the employee's face and under his jacket. The employee was hospitalized with second degree burns on the forehead and ,Work Authorization,0.6567,Hot Work,0.2108,0.4459,NONE,0.35,PARTIAL_AGREEMENT,Manual Review Pending analyst validation.
OILPS_OSHA_02820,2021064818,A driver was doing maintenance on the gladhand connections on the front of a tank trailer. While climbing up to the catwalk area with a tire thumper and a razorblade knife (to rough up the rubber grom,Working at Height,0.0091,Hot Work,0.0018,0.0073,Driving,0.35,PARTIAL_AGREEMENT,Manual Review Pending analyst validation.
OILPS_OSHA_02823,2021064864,An employee was walking through an open area when high winds caused a crane boom to collapse. Debris struck the employee and broke the employee's right tibia and left foot. nan,Energy Isolation,0.0125,Safe Mechanical Lifting,0.0109,0.0016,Safe Mechanical Lifting,0.35,PARTIAL_AGREEMENT,Manual Review Pending analyst validation.
OILPS_OSHA_02826,2021065002,"An employee was connecting a 4-inch metal flex hose to a connection point. The hose slipped off the connection point and pinched the employee's right leg against a wellhead isolation valve, causing an",Working at Height,0.0383,Energy Isolation,0.0086,0.0297,Energy Isolation,0.35,PARTIAL_AGREEMENT,Manual Review Pending analyst validation.
OILPS_OSHA_02834,2021065203,"An employee was using a 15-ton overhead crane to move a large metal table weighing approximately 2,300 pounds. The table fell on his right leg resulting in a fractured lower leg. nan",Working at Height,0.0121,Safe Mechanical Lifting,0.0087,0.0034,Safe Mechanical Lifting,0.35,PARTIAL_AGREEMENT,Manual Review Pending analyst validation.
OILPS_OSHA_02857,2021075989,"A mechanic was on top of the HHP in Bay 1 drilling out broken bolts. Another operator was running the overhead crane using a handheld remote, moving it from the south side of the HHP to the north side",Safe Mechanical Lifting,0.0495,Working at Height,0.0141,0.0354,Safe Mechanical Lifting,0.75,PARTIAL_AGREEMENT,Manual Review Pending analyst validation.
OILPS_OSHA_02859,2021076087,"An employee was standing on a trailer adjusting its load. A piece of equipment shifted, causing the employee to fall to the ground and strike his head. He suffered head trauma. nan",Hot Work,0.5571,Energy Isolation,0.3179,0.2392,Working at Height,0.35,PARTIAL_AGREEMENT,Manual Review Pending analyst validation.
OILPS_OSHA_02862,2021076172,"An employee and co-workers were working on taking a cable up a grain leg so they could re-install the belting and buckets for the leg. While turning the drum on the grain leg with his right hand, the ",Line of Fire,0.003,Safe Mechanical Lifting,0.0012,0.0018,Line of Fire,0.75,PARTIAL_AGREEMENT,Manual Review Pending analyst validation.
OILPS_OSHA_02863,2021076197,"An employee raised a well pump jack and placed the top and bottom rod clamps on the lifting rod. The bottom rod clamp slipped, causing the well pump jack to lower and amputate the employee's left thum",Working at Height,0.0026,Energy Isolation,0.0006,0.002,Safe Mechanical Lifting,0.35,PARTIAL_AGREEMENT,Manual Review Pending analyst validation.
OILPS_OSHA_02864,2021076257,"Two employees were working on a rig floor, separating the connection on a drill pipe. As they were starting to push the stand of the pipe, one employee slipped in some oil-based mud on the rig floor, ",Hot Work,0.0015,Line of Fire,0.0004,0.0011,Working at Height,0.35,PARTIAL_AGREEMENT,Manual Review Pending analyst validation.
OILPS_OSHA_02872,2021086495,"An employee was operating a machining mill. While loading a new piece of material into the machine, the employee brushed off metal shavings from the top of the machine and their left hand was caught b",Hot Work,0.0039,Line of Fire,0.0024,0.0015,Line of Fire,0.35,PARTIAL_AGREEMENT,Manual Review Pending analyst validation.
OILPS_OSHA_02873,2021086547,An employee was grinding beef with a mixing machine when their left middle finger was caught between the lip and the stand of the mixer. The finger was amputated. nan,Line of Fire,0.0022,Energy Isolation,0.0015,0.0007,Hot Work | Line of Fire,0.75,PARTIAL_AGREEMENT,Manual Review Pending analyst validation.
OILPS_OSHA_02874,2021086581,An employee was moving an aerial lift over a gantry crane track using an overhead crane. The employee was standing between a 74-inch steel pipe and the boom of the aerial lift when the final wheel of ,Safe Mechanical Lifting,0.0201,Energy Isolation,0.0152,0.0049,Safe Mechanical Lifting,0.75,PARTIAL_AGREEMENT,Manual Review Pending analyst validation.
OILPS_OSHA_02885,2021087185,"An employee was helping rig up a drilling rig. While he was driving a securement pin on an upper spreader beam, another spreader beam (stacked on the first one) slid over and struck his left foot. The",Energy Isolation,0.0014,Safe Mechanical Lifting,0.0013,0.0001,Driving,0.35,PARTIAL_AGREEMENT,Manual Review Pending analyst validation.
OILPS_OSHA_02893,2021097655,An employee was trying to slide a work platform back into its housing. His middle finger was caught between the midrail and the side safety gate of the platform. The pad of the finger was severely lac,Safe Mechanical Lifting,0.4853,Hot Work,0.1429,0.3424,Line of Fire,0.35,PARTIAL_AGREEMENT,Manual Review Pending analyst validation.
OILPS_OSHA_02900,2021098117,"On September 21, 2021, at approximately 2:30 a.m. an employee was cleaning a pastillator machine, a rotoform granulation system, when her right hand was caught and crushed in a running nip point. The ",Line of Fire,0.5672,Energy Isolation,0.083,0.4842,NONE,0.35,PARTIAL_AGREEMENT,Manual Review Pending analyst validation.
OILPS_OSHA_02901,2021098129,An employee was folding soil matting in preparation for excavation and land reclamation when he was struck by a rubber-tracked skid steer. The employee was hospitalized with two fractures to the right,Safe Mechanical Lifting,0.0245,Line of Fire,0.0036,0.0209,Line of Fire,0.35,PARTIAL_AGREEMENT,Manual Review Pending analyst validation.
OILPS_OSHA_02903,2021098190,"An employee was preparing to connect drilling pipe when the elevator came open causing the 30 foot by 4.5-inch drilling pipe to fall onto the employee. The employee was struck on the shoulder, ribs, a",Energy Isolation,0.3817,Safe Mechanical Lifting,0.1203,0.2614,Working at Height,0.35,PARTIAL_AGREEMENT,Manual Review Pending analyst validation.
OILPS_OSHA_02905,2021098271,"Two employees were standing about 10 feet apart as one of them prepared to use a handheld grinder to cut a metal pipe. When the employee turned on power to the grinder, a piece of the cutting wheel fl",Hot Work,0.3973,Energy Isolation,0.064,0.3333,Hot Work,0.75,PARTIAL_AGREEMENT,Manual Review Pending analyst validation.
OILPS_OSHA_02908,2021098326,"An employee was attempting to loosen a horsehead that was being removed via rigging from a pump. The employee's left hand was caught in a pinch point, resulting in amputations of the third and fourth ",Line of Fire,0.9708,Safe Mechanical Lifting,0.9457,0.0251,Line of Fire | Safe Mechanical Lifting,0.75,STRONG_AGREEMENT,Manual Review Pending analyst validation.
OILPS_OSHA_02911,2021108500,An employee was rigging up a workover rig when their left thumb was pinched between the stationary structure of the rig and amputated. nan,Safe Mechanical Lifting,0.6143,Driving,0.0005,0.6138,Safe Mechanical Lifting,0.75,PARTIAL_AGREEMENT,Manual Review Pending analyst validation.
OILPS_OSHA_02912,2021108549,"An employee was cleaning a mud pump. A retaining cap dislodged from the pump and struck the side of his head, causing a laceration and a head injury. nan",Line of Fire,0.4599,Energy Isolation,0.1626,0.2973,NONE,0.55,PARTIAL_AGREEMENT,Manual Review Pending analyst validation.
OILPS_OSHA_02914,2021108596,An employee was plugging and abandoning a natural gas well when he was struck in the face by a 30-foot section of steel tubing. The employee sustained multiple facial fractures. nan,Energy Isolation,0.6225,Line of Fire,0.0691,0.5534,NONE,0.35,PARTIAL_AGREEMENT,Manual Review Pending analyst validation.
OILPS_OSHA_02918,2021108797,"An employee was troubleshooting a problem on the screen deck of a batch plant. To determine if the problem was mechanical or electrical, the employee locked out the system and tried to jog the belts b",Safe Mechanical Lifting,0.0006,Working at Height,0.0002,0.0004,Driving,0.55,PARTIAL_AGREEMENT,Manual Review Pending analyst validation.
OILPS_OSHA_02933,2021119534,"An employee was replacing parts of a pipeline system. The employee pulled a pipeline marker pole from the ground, which made a deep void in the soil. When he reached into the hole to grab the leads, a",Working at Height,0.5839,Energy Isolation,0.0038,0.5801,NONE,0.35,PARTIAL_AGREEMENT,Manual Review Pending analyst validation.
OILPS_OSHA_02936,2021119791,"An employee was moving a water pump with a skid steer. When the employee reached the top of a hill, the water pump slid off the skid steer's forks and hit the cab. It entered the cab and struck the em",Energy Isolation,0.6348,Working at Height,0.4842,0.1506,NONE,0.35,PARTIAL_AGREEMENT,Manual Review Pending analyst validation.
OILPS_OSHA_02941,2021119965,"An employee was moving pipe on a trailer when his leg was struck by a joint of 6-inch pipe that rolled off a flatbed trailer. The employee sustained a leg fracture, which required surgery. nan",Line of Fire,0.8121,Safe Mechanical Lifting,0.7705,0.0416,Line of Fire,0.75,STRONG_AGREEMENT,Manual Review Pending analyst validation.
OILPS_OSHA_02952,20211210349,"On 12/2/2021, at approximately 3:00 p.m., an employee was hanging Christmas lights on the gutter of the company building. He fell roughly 8 feet from the top of an extension ladder and sustained a con",Working at Height,0.5729,Energy Isolation,0.0115,0.5614,Working at Height,0.75,PARTIAL_AGREEMENT,Manual Review Pending analyst validation.
OILPS_OSHA_02955,20211210525,An oil derrick operator was reaching out to remove slack in a cable. His right hand was caught between the cable and the rod elevator as the rig operator came down with the blocks. His ring finger was,Working at Height,0.381,Line of Fire,0.1753,0.2057,Line of Fire,0.35,PARTIAL_AGREEMENT,Manual Review Pending analyst validation.
OILPS_OSHA_02966,20211211057,An employee was removing tongs when the door to a tong interlock opened and crushed the employee's right thumb. The employee suffered an amputation to the thumb. nan,Safe Mechanical Lifting,0.6587,Work Authorization,0.0637,0.595,NONE,0.35,PARTIAL_AGREEMENT,Manual Review Pending analyst validation.
OILPS_OSHA_02970,2022010029,"An employee was caught between pieces of drilling equipment (ST-80 and mast leg) while making a connection on the rig floor, resulting in a lacerated liver. nan",Safe Mechanical Lifting,0.0003,Driving,0.0001,0.0002,Line of Fire,0.35,PARTIAL_AGREEMENT,Manual Review Pending analyst validation.
OILPS_OSHA_02984,2022010560,"An employee was reeling in a poly line onto a trailer. The line snapped and struck the employee's fingers, resulting in fingertip amputations. nan",Line of Fire,0.6206,Safe Mechanical Lifting,0.0399,0.5807,NONE,0.55,PARTIAL_AGREEMENT,Manual Review Pending analyst validation.
OILPS_OSHA_02992,2022010777,"Employees were standing on the ""B"" economizer, approximately 4 feet off the ground, attempting to plumb six tubing elements. The assembly sequence was optimized for the ""B"" economizer by building tubu",Working at Height,0.2286,Hot Work,0.0004,0.2282,Line of Fire,0.55,PARTIAL_AGREEMENT,Manual Review Pending analyst validation.
OILPS_OSHA_02997,2022010883,Two employees were working together to rotate a wellhead adapter. Employee 1 was using an overhead hoist and lifting strap to lift one side of the adapter and place it on its opposite side. Employee 1,Safe Mechanical Lifting,0.4467,Energy Isolation,0.0047,0.442,Line of Fire | Safe Mechanical Lifting,0.75,PARTIAL_AGREEMENT,Manual Review Pending analyst validation.
OILPS_OSHA_03002,2022021107,An employee was troubleshooting a compressor that had shut down. The employee believed that a 1-inch choke nipple was plugged and drained fluids via the dump line to check the choke nipple. The employ,Energy Isolation,0.987,Hot Work,0.9128,0.0742,NONE,0.35,PARTIAL_AGREEMENT,Manual Review Pending analyst validation.
OILPS_OSHA_03003,2022021127,An employee was assisting in rigging up a well servicing rig on a new job site. When the employee completed his task he jumped approximately 36 inches from the deck of the rig to the ground below. The,Safe Mechanical Lifting,0.0902,Energy Isolation,0.0739,0.0163,Safe Mechanical Lifting,0.75,PARTIAL_AGREEMENT,Manual Review Pending analyst validation.
OILPS_OSHA_03008,2022021291,"An employee's leg was struck by a drilling rig auger, resulting in a fracture. nan",Line of Fire,0.1031,Safe Mechanical Lifting,0.0024,0.1007,Line of Fire,0.75,PARTIAL_AGREEMENT,Manual Review Pending analyst validation.
OILPS_OSHA_03009,2022021300,"An employee and a co-worker picked up a 48-inch steel pipe wrench to size up a saver sub. While sizing up the wrench, the swivel engaged and the pipe wrench hit the saver sub, causing the wrench to sw",Energy Isolation,0.5268,Working at Height,0.0297,0.4971,NONE,0.35,PARTIAL_AGREEMENT,Manual Review Pending analyst validation.
OILPS_OSHA_03011,2022021421,"An employee was unloading a pumping unit with a winch truck. The winch cable bounced, striking the employee in the head. The employee lost consciousness and was hospitalized. nan",Safe Mechanical Lifting,0.9935,Driving,0.993,0.0005,NONE,0.35,PARTIAL_AGREEMENT,Manual Review Pending analyst validation.
OILPS_OSHA_03015,2022021695,An employee was operating a forklift to lift an aluminum pallet up to a second-story mezzanine. He then got off the lift to push a button to open the mezzanine gate when the pallet slid off the base o,Safe Mechanical Lifting,0.5045,Energy Isolation,0.0059,0.4986,NONE,0.35,PARTIAL_AGREEMENT,Manual Review Pending analyst validation.
OILPS_OSHA_03017,2022021786,An employee was working from a tubular welded frame scaffold. He lost his balance and fell about 20 feet to the ground below. He suffered fractures to a hip and a bone in his back and was hospitalized,Working at Height,0.9958,Safe Mechanical Lifting,0.9641,0.0317,Working at Height,0.75,STRONG_AGREEMENT,Manual Review Pending analyst validation.
OILPS_OSHA_03018,2022021790,"An employee was loading a truck with caustic potash. A valve gasket failed and sprayed the employee with the caustic potash, resulting in burns to their face, back, chest, and head. nan",Driving,0.9931,Work Authorization,0.9874,0.0057,NONE,0.35,PARTIAL_AGREEMENT,Manual Review Pending analyst validation.
OILPS_OSHA_03025,2022032168,"During rigging down at a drilling rig, an employee was about to move his positioning device when he fell through a hole in the rig floor. He landed on the ground about 14 feet below and suffered a dis",Safe Mechanical Lifting,0.1863,Hot Work,0.0106,0.1757,Safe Mechanical Lifting,0.75,PARTIAL_AGREEMENT,Manual Review Pending analyst validation.
OILPS_OSHA_03026,2022032246,"An employee was helping move a drill pipe into position. While the pipe was being lifted, the lifting eye came out and the pipe fell, striking the employee in the abdomen. The employee suffered an int",Safe Mechanical Lifting,0.1345,Line of Fire,0.0034,0.1311,Safe Mechanical Lifting,0.75,PARTIAL_AGREEMENT,Manual Review Pending analyst validation.
OILPS_OSHA_03028,2022032417,"An employee was pulling tongs onto a pipe. As he placed his hand on the tong door handle, the door caught his right hand against the pipe. His middle and ring fingertips were amputated. nan",Safe Mechanical Lifting,0.8021,Line of Fire,0.6809,0.1212,NONE,0.35,PARTIAL_AGREEMENT,Manual Review Pending analyst validation.
OILPS_OSHA_03029,2022032551,An employee was tripping out pipe using a workover rig. The blocks were coming down with the elevators and the employee was pulling down on the ears when his left index finger was caught between the e,Safe Mechanical Lifting,0.0637,Driving,0.0034,0.0603,Line of Fire,0.35,PARTIAL_AGREEMENT,Manual Review Pending analyst validation.
OILPS_OSHA_03031,2022032571,"An employee was using a lift to raise a pump. His finger was caught between the pump and the chain hook, and the fingertip was amputated. nan",Safe Mechanical Lifting,0.0347,Line of Fire,0.001,0.0337,Line of Fire,0.35,PARTIAL_AGREEMENT,Manual Review Pending analyst validation.
OILPS_OSHA_03042,2022032893,"An employee was driving a loader to a stock pile. The loader hit a bump and the employee fell out, landing on the ground 7 feet below and suffering fractures to the skull, the right and left shoulders",Working at Height,0.6733,Work Authorization,0.0117,0.6616,Driving,0.35,PARTIAL_AGREEMENT,Manual Review Pending analyst validation.
OILPS_OSHA_03044,2022043040,"An employee was connecting power cables/cords on the floor of a rig. The employee was partially standing on the bat door when it activated, causing the employee to fall approximately 30 feet to the gr",Working at Height,0.0934,Hot Work,0.0386,0.0548,Working at Height,0.75,PARTIAL_AGREEMENT,Manual Review Pending analyst validation.
OILPS_OSHA_03046,2022043119,An employee was working on a pulling unit when their left little finger was caught between some polish rod slants and moving equipment resulting in amputation of the finger. nan,Driving,0.0152,Energy Isolation,0.0104,0.0048,Line of Fire,0.35,PARTIAL_AGREEMENT,Manual Review Pending analyst validation.
OILPS_OSHA_03051,2022043316,Employees were installing well head equipment. An employee's left middle finger was caught between a bolt and a flange that was being installed. The finger was amputated. nan,Hot Work,0.0879,Safe Mechanical Lifting,0.0287,0.0592,Line of Fire,0.35,PARTIAL_AGREEMENT,Manual Review Pending analyst validation.
OILPS_OSHA_03059,2022043506,"An employee was diagnosing a leak on a frac pump. A 2-inch hose separated, and the employee fell backward. His right leg was caught between the railing and the fluid end and was broken above the ankle",Working at Height,0.0224,Energy Isolation,0.002,0.0204,Line of Fire,0.35,PARTIAL_AGREEMENT,Manual Review Pending analyst validation.
OILPS_OSHA_03062,2022043575,"An employee was using a hammer and wrench to loosen a nut on a valve. The employee's right little finger was caught between the wrench and the valve body, causing the amputation of the fingertip above",Working at Height,0.0594,Energy Isolation,0.0195,0.0399,Line of Fire,0.35,PARTIAL_AGREEMENT,Manual Review Pending analyst validation.
OILPS_OSHA_03063,2022043603,An employee was cleaning out the screen on a plug catcher. The employee's left middle finger was caught between the screen and the deck of the plug catcher. The fingertip was amputated at the tuft of ,Safe Mechanical Lifting,0.0003,Energy Isolation,0.0002,0.0001,Line of Fire,0.35,PARTIAL_AGREEMENT,Manual Review Pending analyst validation.
OILPS_OSHA_03080,2022054262,An employee was turning to walk away from a compressor when a 2-inch pipeline detached and struck the employee's back. The employee suffered a back fracture and was hospitalized. nan,Energy Isolation,0.6032,Confined Space,0.1486,0.4546,NONE,0.35,PARTIAL_AGREEMENT,Manual Review Pending analyst validation.
OILPS_OSHA_03081,2022054287,"Employees were assisting with a rig down by picking up trash and lumber. While cleaning the site, an employee of Caltex was struck by a forklift. The employee sustained a tear to their spleen resultin",Safe Mechanical Lifting,0.0493,Hot Work,0.0115,0.0378,Line of Fire,0.35,PARTIAL_AGREEMENT,Manual Review Pending analyst validation.
OILPS_OSHA_03085,2022054467,"A nylon strap parted, causing VFD power cables to fall onto an employee. nan",Working at Height,0.0279,Safe Mechanical Lifting,0.0008,0.0271,Working at Height,0.75,PARTIAL_AGREEMENT,Manual Review Pending analyst validation.
OILPS_OSHA_03088,2022054600,An employee was operating a side-by-side while marking a proposed pipeline route. The vehicle struck a downed log. A limb from the log penetrated through the fender and impaled the employee's right th,Working at Height,0.0132,Line of Fire,0.0056,0.0076,Driving,0.35,PARTIAL_AGREEMENT,Manual Review Pending analyst validation.
OILPS_OSHA_03089,2022054630,"An employee was using two rod wrenches to tighten a stand of rods as they were placed back down a hole. While wrenching the rods, the employee went to tighten the rod boxes. The employee lost grip on ",Working at Height,0.0123,Safe Mechanical Lifting,0.0053,0.007,Line of Fire,0.35,PARTIAL_AGREEMENT,Manual Review Pending analyst validation.
OILPS_OSHA_03090,2022054674,"An employee was doing maintenance work on the power-end crankshaft of a fluid pump. His little finger was caught between the crankshaft and the main bearing, causing a laceration to the upper finger a",Safe Mechanical Lifting,0.0094,Hot Work,0.0032,0.0062,Line of Fire,0.35,PARTIAL_AGREEMENT,Manual Review Pending analyst validation.
OILPS_OSHA_03091,2022064739,"An employee was lifting a 100-pound exhaust manifold off an engine using a service truck crane. While he was maneuvering the manifold toward the bed of his truck, it struck his left index finger and c",Energy Isolation,0.974,Safe Mechanical Lifting,0.9674,0.0066,Safe Mechanical Lifting,0.35,PARTIAL_AGREEMENT,Manual Review Pending analyst validation.
OILPS_OSHA_03092,2022064766,"The injured employee was helping another employee with the insertion of a securement pin when their right middle finger was caught between the pin and the slot, causing a partial amputation to the fin",Safe Mechanical Lifting,0.0471,Line of Fire,0.0165,0.0306,Line of Fire,0.35,PARTIAL_AGREEMENT,Manual Review Pending analyst validation.
OILPS_OSHA_03100,2022065058,"An employee was assisting a co-worker in fitting a stand pipe into the mousehole of a drilling well. As a joint of the drill pipe was being lifted up, the employee placed his right hand around the dri",Line of Fire,0.3687,Energy Isolation,0.2944,0.0743,Line of Fire,0.75,PARTIAL_AGREEMENT,Manual Review Pending analyst validation.
OILPS_OSHA_03101,2022065110,An employee was on a catwalk system installing a steel cable on an overhead crane by threading the cable through eyelets located on the crane's runway. The employee's right hand got trapped between an,Safe Mechanical Lifting,0.1144,Energy Isolation,0.001,0.1134,Safe Mechanical Lifting,0.75,PARTIAL_AGREEMENT,Manual Review Pending analyst validation.
OILPS_OSHA_03103,2022065132,Employees were watching a hot oil truck pump hot oil down the well. The vac truck driver was instructed to shut the vac truck valve off to bleed pressure. The hot oiler bled pressure off into the vac ,Energy Isolation,0.3834,Driving,0.069,0.3144,Driving,0.35,PARTIAL_AGREEMENT,Manual Review Pending analyst validation.
OILPS_OSHA_03104,2022065144,An employee went up on a derrick to unchain the block. The tubing line came back in and pushed him. He fell 12 feet from a gird at a pulling unit on the derrick and landed on a metal plate on the back,Working at Height,0.6713,Driving,0.0046,0.6667,NONE,0.55,PARTIAL_AGREEMENT,Manual Review Pending analyst validation.
OILPS_OSHA_03105,2022065164,An employee was operating a vertical mill when their glove became caught in the mill head and their left hand was pulled into the machine. The injured employee sustained a laceration/avulsion to the l,Line of Fire,0.6444,Safe Mechanical Lifting,0.0368,0.6076,NONE,0.35,PARTIAL_AGREEMENT,Manual Review Pending analyst validation.
OILPS_OSHA_03114,2022065392,Maintenance was being performed on a machine that inverts coal cars to dump product out of the cars. The machine was in the inverted position at the time. An employee was standing on fiberglass gratin,Working at Height,0.0012,Hot Work,0.0006,0.0006,Working at Height,0.75,PARTIAL_AGREEMENT,Manual Review Pending analyst validation.
OILPS_OSHA_03118,2022065601,"An employee was mowing a pipeline right-of-way with a tractor. As the tractor crossed a water bar on a 30 percent grade, its seatbelt's locking mechanism snapped and the employee was ejected from the ",Working at Height,0.0276,Energy Isolation,0.009,0.0186,Driving,0.35,PARTIAL_AGREEMENT,Manual Review Pending analyst validation.
OILPS_OSHA_03119,2022065616,"A powered industrial vehicle backed out of a garage and ran over an employee's left foot, breaking it. The employee was hospitalized for surgery. nan",Driving,0.0928,Working at Height,0.0094,0.0834,Driving,0.75,PARTIAL_AGREEMENT,Manual Review Pending analyst validation.
OILPS_OSHA_03121,2022065643,"An employee was measuring the sheave of a pumping unit for replacement when his right ring finger was caught between the panels of the weight guard, amputating the fingertip. nan",Energy Isolation,0.0045,Line of Fire,0.003,0.0015,Line of Fire,0.35,PARTIAL_AGREEMENT,Manual Review Pending analyst validation.
OILPS_OSHA_03123,2022065728,"An employee was pulling a rod out of a drill stem. His left hand was caught between two pieces of steel on the rig, and the pinch point amputated the tip of his little finger. nan",Safe Mechanical Lifting,0.0419,Line of Fire,0.0352,0.0067,Line of Fire,0.35,PARTIAL_AGREEMENT,Manual Review Pending analyst validation.
OILPS_OSHA_03126,2022075807,"An employee was tasked with offloading a marine vessel. He was resetting the loading arm back into place when his left hand was caught between the load arm head and a fixed dock component, amputating ",Energy Isolation,0.0034,Safe Mechanical Lifting,0.0032,0.0002,Line of Fire,0.35,PARTIAL_AGREEMENT,Manual Review Pending analyst validation.
OILPS_OSHA_03128,2022075823,An employee was driving an ATV on a private roadway to respond to a well control event. The employee lost control of the ATV and used their left leg to try and prevent the ATV from flipping over. The ,Energy Isolation,0.0032,Driving,0.0002,0.003,Driving,0.35,PARTIAL_AGREEMENT,Manual Review Pending analyst validation.
OILPS_OSHA_03151,2022076497,"An employee was about to change out the choke parts to fix a leaking choke on the belly dump of a gas production unit (GPU). While the choke was being unbolted, pressure came through it, blowing the e",Energy Isolation,0.6722,Bypassing Safety Controls,0.0005,0.6717,NONE,0.35,PARTIAL_AGREEMENT,Manual Review Pending analyst validation.
OILPS_OSHA_03154,2022076600,An employee was installing oil drilling tubing when his middle finger was caught between a ram and a blowout preventer. The fingertip was amputated. nan,Energy Isolation,0.0058,Line of Fire,0.0018,0.004,Line of Fire,0.35,PARTIAL_AGREEMENT,Manual Review Pending analyst validation.
OILPS_OSHA_03161,2022086747,"An employee was cleaning the inside of a concrete mixer. The employee's left little finger was caught between the mixer's motor and its sprocket, and the fingertip was amputated. nan",Safe Mechanical Lifting,0.0145,Energy Isolation,0.0022,0.0123,Line of Fire,0.35,PARTIAL_AGREEMENT,Manual Review Pending analyst validation.
OILPS_OSHA_03163,2022086810,"On August 3, 2022, an employee was working throughout the day, lifting boards onto pipe racks and truck trailers. Before lunchtime, the employee started to feel weak on the right side of his body and ",Driving,0.0224,Safe Mechanical Lifting,0.0124,0.01,Safe Mechanical Lifting,0.35,PARTIAL_AGREEMENT,Manual Review Pending analyst validation.
OILPS_OSHA_03166,2022086939,"An employee was pushing back a stand of drill pipe on a rig floor. He slipped and fell forward, putting his hands out in front of him to brace his fall. The drill pipe moved back slightly and pinched ",Working at Height,0.0004,Driving,0.0003,0.0001,Working at Height,0.75,PARTIAL_AGREEMENT,Manual Review Pending analyst validation.
OILPS_OSHA_03167,2022086957,An employee was spraying belt dressing on a conveyor's head pulley when his glove got pulled into a pinch point. The employee sustained fractures to their facial area and lower right arm. nan,Hot Work,0.0591,Line of Fire,0.0226,0.0365,Line of Fire,0.35,PARTIAL_AGREEMENT,Manual Review Pending analyst validation.
OILPS_OSHA_03170,2022086990,An employee was repositioning a piece of equipment on a trailer when their finger was caught between the piece of equipment and a hydraulic fitting. The employee's fingertip was partially amputated. n,Safe Mechanical Lifting,0.0087,Energy Isolation,0.0028,0.0059,Line of Fire,0.35,PARTIAL_AGREEMENT,Manual Review Pending analyst validation.
OILPS_OSHA_03173,2022087009,"An employee was performing backflow operations at a tank battery. After shutting a valve, pressure built in the line causing the line to rupture. The employee was standing near the line when it ruptur",Line of Fire,0.9859,Energy Isolation,0.8901,0.0958,Line of Fire,0.75,STRONG_AGREEMENT,Manual Review Pending analyst validation.
OILPS_OSHA_03175,2022087022,Three sections of concrete forms had previously been assembled and used to pour concrete footings. The forms were being moved to prepare for the next section of the footing pour. One of the end sectio,Line of Fire,0.0006,Working at Height,0.0004,0.0002,Safe Mechanical Lifting,0.55,PARTIAL_AGREEMENT,Manual Review Pending analyst validation.
OILPS_OSHA_03176,2022087150,An employee was maneuvering a steel pipe (blind) during a rigging operation. A malfunction caused the blind to land on the employee's left hand resulting in amputations to the index and middle fingers,Safe Mechanical Lifting,0.0388,Energy Isolation,0.0007,0.0381,Safe Mechanical Lifting,0.75,PARTIAL_AGREEMENT,Manual Review Pending analyst validation.
OILPS_OSHA_03179,2022087262,"An employee was removing a drill pipe from a derrick. When the employee reached out to remove the winch line, the pipe rotated and the line caught the employee's left index finger. The finger was ampu",Safe Mechanical Lifting,0.9876,Working at Height,0.9757,0.0119,NONE,0.35,PARTIAL_AGREEMENT,Manual Review Pending analyst validation.
OILPS_OSHA_03183,2022087346,"An employee was tripping out pipe and racking it. The employee lost their footing and their right hand was caught between pipes, which broke two of the employee's fingers. nan",Safe Mechanical Lifting,0.1948,Driving,0.0532,0.1416,Line of Fire,0.35,PARTIAL_AGREEMENT,Manual Review Pending analyst validation.
OILPS_OSHA_03185,2022087391,"At 11:45 AM, on August 19, 2022, two employees arrived on-site to install a brake hub and brakes on a pump jack using a cherry picker. While performing work on the pump jack, the arms of the pump bega",Hot Work,0.02,Energy Isolation,0.0062,0.0138,Working at Height,0.55,PARTIAL_AGREEMENT,Manual Review Pending analyst validation.
OILPS_OSHA_03188,2022087496,"An employee was clearing sand from an auger. Once the sand was freed, the auger engaged and amputated his left little fingertip at the first knuckle. nan",Safe Mechanical Lifting,0.6764,Line of Fire,0.0018,0.6746,NONE,0.35,PARTIAL_AGREEMENT,Manual Review Pending analyst validation.
OILPS_OSHA_03197,2022097939,"At about 4:30 p.m. on September 7, 2022, an employee fell while walking down a flight of steps outside. She suffered a compound fracture to the femur. nan",Hot Work,0.5975,Energy Isolation,0.006,0.5915,NONE,0.35,PARTIAL_AGREEMENT,Manual Review Pending analyst validation.
OILPS_OSHA_03203,2022098216,"Employees were reconnecting a well head and hanging it back on the pumping unit. The block of the workover rig slipped, fell from the rod basket, and struck an employee. The employee sustained a crush",Working at Height,0.5963,Energy Isolation,0.0212,0.5751,NONE,0.35,PARTIAL_AGREEMENT,Manual Review Pending analyst validation.
OILPS_OSHA_03205,2022098220,"An employee working at a well site was preparing to deliver chemicals, which were in bulk totes mounted on a truck, to the field tank. While disembarking from the rear of the truck, the employee slipp",Working at Height,0.9746,Driving,0.9741,0.0005,Working at Height,0.75,STRONG_AGREEMENT,Manual Review Pending analyst validation.
OILPS_OSHA_03208,2022098383,"Two employees were performing routine maintenance activities on instrumentation equipment when a caustic line going into an instrument began to release sodium hydroxide and propane, resulting in burns",Hot Work,0.517,Confined Space,0.0038,0.5132,NONE,0.35,PARTIAL_AGREEMENT,Manual Review Pending analyst validation.
OILPS_OSHA_03213,2022098441,An employee's middle finger was caught between two road guardrails that were being stacked. The employee suffered a partial amputation to the finger. nan,Safe Mechanical Lifting,0.0758,Line of Fire,0.0038,0.072,Line of Fire,0.35,PARTIAL_AGREEMENT,Manual Review Pending analyst validation.
OILPS_OSHA_03214,2022098516,An employee was helping load a trailer. The vehicle was jostled and his left middle finger was crushed between the truck and the hitch. He suffered an amputation to the finger. nan,Driving,0.9949,Safe Mechanical Lifting,0.9218,0.0731,Driving,0.75,STRONG_AGREEMENT,Manual Review Pending analyst validation.
OILPS_OSHA_03218,2022098590,"An employee was driving a tractor when it flipped and pinned him, breaking his leg. nan",Safe Mechanical Lifting,0.0026,Energy Isolation,0.0012,0.0014,Driving,0.35,PARTIAL_AGREEMENT,Manual Review Pending analyst validation.
OILPS_OSHA_03221,2022108639,An employee was working on a piece of equipment. The employee's right ring finger was caught between a tool and the piece of equipment. The fingertip was partially amputated. nan,Safe Mechanical Lifting,0.0241,Energy Isolation,0.0048,0.0193,Line of Fire,0.35,PARTIAL_AGREEMENT,Manual Review Pending analyst validation.
OILPS_OSHA_03222,2022108656,"An employee was supervising a railcar load line. He was latching a rail car when he was struck by the push bar he was using, resulting in a cracked rib. nan",Line of Fire,0.0573,Safe Mechanical Lifting,0.0324,0.0249,Line of Fire,0.75,PARTIAL_AGREEMENT,Manual Review Pending analyst validation.
OILPS_OSHA_03226,2022108800,An employee had been lowered down to a catwalk with a hoist. He was unhooking the hoist from the rotating head when it fell over. His left leg was pinned between the rotating head and a pipe retention,Safe Mechanical Lifting,0.0992,Working at Height,0.0274,0.0718,Safe Mechanical Lifting,0.75,PARTIAL_AGREEMENT,Manual Review Pending analyst validation.
OILPS_OSHA_03227,2022108895,An employee was adjusting a floor jack under a 40-foot trailer. The trailer slid to one side and fell off the jack; the employee's right middle finger was crushed between trailer's lifting channel and,Working at Height,0.4094,Line of Fire,0.0194,0.39,Safe Mechanical Lifting,0.55,PARTIAL_AGREEMENT,Manual Review Pending analyst validation.
OILPS_OSHA_03228,2022108957,"An employee was on the rig floor standing on the off driller's side at the stump to help run pipe casing. As the next joint was being brought in, the employee's finger was caught between the stump and",Line of Fire,0.0163,Safe Mechanical Lifting,0.0161,0.0002,Line of Fire,0.75,PARTIAL_AGREEMENT,Manual Review Pending analyst validation.
OILPS_OSHA_03233,2022109125,An employee was lifting the hatch on top of the fuel tank on a fuel truck when the truck exploded. The employee sustained a femur fracture that required surgery as well as burns. nan,Driving,0.9737,Hot Work,0.8815,0.0922,Safe Mechanical Lifting,0.35,PARTIAL_AGREEMENT,Manual Review Pending analyst validation.
OILPS_OSHA_03234,2022109223,An employee was measuring the voltage of an electrical transformer following a new installation when an arc flash occurred. The employee sustained burns to both right and left hands and fingers. nan,Energy Isolation,0.5004,Hot Work,0.3683,0.1321,NONE,0.35,PARTIAL_AGREEMENT,Manual Review Pending analyst validation.
OILPS_OSHA_03237,2022109291,"An employee was installing a wiper rubber on tubing before pulling the tubing out of a well. His right ring finger was caught between two pieces of metal on the tubing tongs, and the fingertip was amp",Line of Fire,0.0024,Safe Mechanical Lifting,0.0009,0.0015,Line of Fire,0.75,PARTIAL_AGREEMENT,Manual Review Pending analyst validation.
OILPS_OSHA_03242,2022109543,A crew was servicing a well. The injured employee was using a manual backup tool to hold a pipe while it was pulled from a well to be put into an x-ray machine. The pipe slipped and the employee's fin,Working at Height,0.0041,Energy Isolation,0.0025,0.0016,Line of Fire,0.35,PARTIAL_AGREEMENT,Manual Review Pending analyst validation.
OILPS_OSHA_03248,2022119754,"An employee was operating a tractor with a rotary cutter to clear a gas pipeline. As the tractor was driving down a steep hill, the vehicle rolled over multiple times. The employee sustained fractured",Safe Mechanical Lifting,0.0167,Driving,0.0119,0.0048,Driving,0.35,PARTIAL_AGREEMENT,Manual Review Pending analyst validation.
OILPS_OSHA_03273,20221210689,"An employee was gathering straps for maneuvering pipe in the field while a trackhoe was being relocated. The track of the vehicle caught an 8x16 wooden mat, which struck the employee on his right leg,",Line of Fire,0.0203,Driving,0.0012,0.0191,Driving,0.55,PARTIAL_AGREEMENT,Manual Review Pending analyst validation.
OILPS_OSHA_03274,20221210699,"Three employees were working in an active work zone when a third-party vehicle entered the work zone and struck a portable light tower. The employees were then struck by the light tower, sustaining in",Line of Fire,0.563,Hot Work,0.0225,0.5405,Driving | Line of Fire,0.75,PARTIAL_AGREEMENT,Manual Review Pending analyst validation.
OILPS_OSHA_03275,20221210717,An employee was removing casing from the well bore when a lift nubbing came out of the box end of the pipe. This caused the joint of the casing to fall through the elevator and strike the employee. Th,Energy Isolation,0.0178,Hot Work,0.0006,0.0172,Working at Height,0.35,PARTIAL_AGREEMENT,Manual Review Pending analyst validation.
OILPS_OSHA_03278,20221210798,A propane delivery driver was on the catwalk of his trailer hooking up hydraulic hoses when he fell off the trailer onto the ground. The employee sustained a clavicle fracture and a collapsed lung. na,Driving,0.2178,Working at Height,0.0433,0.1745,Driving,0.75,PARTIAL_AGREEMENT,Manual Review Pending analyst validation.
OILPS_OSHA_03282,20221211001,Employees were working on a drilling rig. They were putting bushings in with a hydraulic hoist when the cable became tangled in the derricks above. The hydraulic hoist cable came loose and threw the i,Line of Fire,0.0242,Working at Height,0.0045,0.0197,Safe Mechanical Lifting,0.55,PARTIAL_AGREEMENT,Manual Review Pending analyst validation.
OILPS_OSHA_03283,20221211017,"An employee was cutting up a pipe pile template. A steel beam rolled and struck the employee's left leg, breaking their tibia and fibula. nan",Safe Mechanical Lifting,0.0521,Driving,0.0046,0.0475,Hot Work,0.35,PARTIAL_AGREEMENT,Manual Review Pending analyst validation.
OILPS_OSHA_03284,20221211038,An employee was inspecting and repairing a tank when they fell seven feet through the floating aluminum roof of a tank to the tank floor. They sustained a laceration near the right ear and a contusion,Hot Work,0.0367,Working at Height,0.003,0.0337,Working at Height,0.35,PARTIAL_AGREEMENT,Manual Review Pending analyst validation.
OILPS_OSHA_03292,20221211296,"An employee was unloading a motor from a flatbed trailer when his foot caught on a board on the trailer, causing him to fall. As he was falling, his right index finger got caught between the motor and",Line of Fire,0.8963,Working at Height,0.8211,0.0752,Line of Fire | Working at Height,0.75,STRONG_AGREEMENT,Manual Review Pending analyst validation.
OILPS_OSHA_03293,2023010004,An employee was putting a collar clamp on 8-inch drill collars in a mouse hole. His right index finger was caught between the collar clamp and a shop hammer (used to tighten collar clamp). The fingert,Line of Fire,0.0242,Safe Mechanical Lifting,0.0209,0.0033,Line of Fire,0.75,PARTIAL_AGREEMENT,Manual Review Pending analyst validation.
OILPS_OSHA_03297,2023010090,"An employee finished parking a fleet truck and was walking back to the shipping office when they were struck by a forklift in the parking lot, resulting in multiple fractures. nan",Driving,0.4784,Safe Mechanical Lifting,0.2069,0.2715,Line of Fire,0.35,PARTIAL_AGREEMENT,Manual Review Pending analyst validation.
OILPS_OSHA_03303,2023010148,"An employee was disconnecting a winch truck's load line from a load when the winch truck rolled forward, tightening the line. The employee's right hand was caught by the hook and chain of the load lin",Driving,0.9959,Safe Mechanical Lifting,0.9835,0.0124,NONE,0.35,PARTIAL_AGREEMENT,Manual Review Pending analyst validation.
OILPS_OSHA_03309,2023010293,"On January 10, 2023, a crew was excavating a ditch to place pipes. An employee brought the road plate to the ditch and as he was lowering it, one side of the plate began to shift. The injured employee",Working at Height,0.4686,Energy Isolation,0.1164,0.3522,NONE,0.35,PARTIAL_AGREEMENT,Manual Review Pending analyst validation.
OILPS_OSHA_03313,2023010431,An employee was working on the belts of a circulating pump when his fingers were pulled in by the belt. He sustained a right index finger amputation at the second knuckle. nan,Line of Fire,0.4663,Working at Height,0.002,0.4643,NONE,0.55,PARTIAL_AGREEMENT,Manual Review Pending analyst validation.
OILPS_OSHA_03317,2023010525,An employee was lifting a T-post driver when his right thumb got caught between the T-post and chain causing a laceration to the thumb. nan,Line of Fire,0.0038,Driving,0.0018,0.002,Driving | Line of Fire | Safe Mechanical Lifting,0.75,PARTIAL_AGREEMENT,Manual Review Pending analyst validation.
OILPS_OSHA_03318,2023010578,"Three employees were using an air motor or ""rattle"" to remove cement and break up a blockage from the inside of a drill pipe joint. As the injured employee was maneuvering the tool in the drill pipe, ",Energy Isolation,0.4646,Safe Mechanical Lifting,0.0089,0.4557,NONE,0.35,PARTIAL_AGREEMENT,Manual Review Pending analyst validation.
OILPS_OSHA_03324,2023010846,An employee was rolling a drill pipe into the shot blaster. The shot blaster door closed as the employee was pushing the pipes into the machine. The employee's left hand was caught between the pipes a,Line of Fire,0.0043,Safe Mechanical Lifting,0.0026,0.0017,Line of Fire,0.75,PARTIAL_AGREEMENT,Manual Review Pending analyst validation.
OILPS_OSHA_03326,2023010960,An employee was helping a crew set up a derrick. The employee was holding the counterweight line away from the derrick to make sure the counterweight itself didn t make contact with the derrick. The c,Working at Height,0.9338,Safe Mechanical Lifting,0.8976,0.0362,NONE,0.35,PARTIAL_AGREEMENT,Manual Review Pending analyst validation.
OILPS_OSHA_03327,2023010965,"An employee was pulling up wellheads using a slip puller when the tubing line parted, causing the traveling blocks to fall on the employee's arm. The employee sustained an elbow fracture. nan",Driving,0.0023,Energy Isolation,0.0022,0.0001,Working at Height,0.35,PARTIAL_AGREEMENT,Manual Review Pending analyst validation.
OILPS_OSHA_03335,2023021122,"Employees were unbolting the head of a product purge bin utilizing a high-speed cut saw. As the crew was cutting the last of 15 bolts on the purge bin head, a flash fire occurred resulting in burns to",Hot Work,0.2936,Energy Isolation,0.0008,0.2928,Hot Work,0.75,PARTIAL_AGREEMENT,Manual Review Pending analyst validation.
OILPS_OSHA_03336,2023021152,"An employee was doing welding work on a cylinder. The cylinder fell from a skid frame. As the employee went to catch it, it partially amputated the bottom of his left middle finger. nan",Hot Work,0.9962,Working at Height,0.9232,0.073,Hot Work,0.75,STRONG_AGREEMENT,Manual Review Pending analyst validation.
OILPS_OSHA_03339,2023021263,"An employee was using a manual metal brake when his hand was caught on the handle, causing his hand/finger to become pinched near the brake shear. The employee sustained an amputation of the right rin",Safe Mechanical Lifting,0.865,Line of Fire,0.8292,0.0358,NONE,0.35,PARTIAL_AGREEMENT,Manual Review Pending analyst validation.
OILPS_OSHA_03340,2023021276,"An employee was moving casing from the rack to the casing handling system on the rig. The tiering arm scoped out too far and came apart, causing a piece of casing to fall on the employee's leg. They s",Energy Isolation,0.0012,Working at Height,0.001,0.0002,Working at Height,0.35,PARTIAL_AGREEMENT,Manual Review Pending analyst validation.
OILPS_OSHA_03342,2023021323,"While working at a fueling station, an employee was inside an underground sump hole with safety cones blocking off the area. He stood up in preparation to get out of the hole when a truck drove over t",Driving,0.9536,Energy Isolation,0.9486,0.005,Driving,0.75,STRONG_AGREEMENT,Manual Review Pending analyst validation.
OILPS_OSHA_03347,2023021471,"An employee was cutting a 2 x 4 board using a cordless band saw. The saw moved and lacerated the employee's left index and middle finger, resulting in a middle finger amputation. nan",Safe Mechanical Lifting,0.0831,Energy Isolation,0.0684,0.0147,Hot Work,0.35,PARTIAL_AGREEMENT,Manual Review Pending analyst validation.
OILPS_OSHA_03348,2023021486,"An employee's left little finger was pinched between a wrench and a forklift bucket, resulting in an amputation. nan",Safe Mechanical Lifting,0.5054,Energy Isolation,0.0077,0.4977,NONE,0.35,PARTIAL_AGREEMENT,Manual Review Pending analyst validation.
OILPS_OSHA_03352,2023021647,"An employee was shutting down the pump on a 3-phase separator when it ignited. The employee was hospitalized with burns on their arms, face, chest, and back. nan",Hot Work,0.914,Confined Space,0.7823,0.1317,NONE,0.35,PARTIAL_AGREEMENT,Manual Review Pending analyst validation.
OILPS_OSHA_03353,2023021692,"An employee was working at a grinder when pipes began coming off too fast. As the employee went to stop the pipes with the f-bar, their fingers became caught between the bar and a pipe. The employee s",Energy Isolation,0.1869,Work Authorization,0.004,0.1829,Line of Fire,0.35,PARTIAL_AGREEMENT,Manual Review Pending analyst validation.
OILPS_OSHA_03357,2023021826,"Employee 1 was setting up his survey instrument at the edge of a concrete apron surrounding an 11-foot-deep concrete utility vault with a 9x9 steel access cover/lid. Employee 2, then walked behind emp",Confined Space,0.9428,Working at Height,0.8316,0.1112,Working at Height,0.35,PARTIAL_AGREEMENT,Manual Review Pending analyst validation.
OILPS_OSHA_03358,2023021829,"Employees were pulling up piping on a workover rig. The anchor on the piping got caught on the slip, then the slip got caught on the work floor, pulling it up while the employee was standing on it. Wh",Hot Work,0.0513,Working at Height,0.0189,0.0324,Working at Height,0.55,PARTIAL_AGREEMENT,Manual Review Pending analyst validation.
OILPS_OSHA_03361,2023031909,An employee was loading a trailer with composite mats when he noticed some snow on one of the mats. He walked to another truck to get a shovel when he slipped and fell on the icy ground. The employee ,Driving,0.5776,Working at Height,0.131,0.4466,NONE,0.35,PARTIAL_AGREEMENT,Manual Review Pending analyst validation.
OILPS_OSHA_03368,2023032196,"An employee opened the hatch on an oil tank. The exposure to hydrogen sulfide and other gases caused the employee to become ill, dizzy, and lightheaded; the employee was hospitalized. nan",Work Authorization,0.9984,Confined Space,0.9874,0.011,NONE,0.35,PARTIAL_AGREEMENT,Manual Review Pending analyst validation.
OILPS_OSHA_03371,2023032278,An employee was assisting a rig crew with stabbing drill pipe into a rotating head. The employee's fingertips became caught between the rotating rubber head and a trip nipple causing lacerations to fo,Energy Isolation,0.0089,Hot Work,0.0012,0.0077,Line of Fire,0.35,PARTIAL_AGREEMENT,Manual Review Pending analyst validation.
OILPS_OSHA_03373,2023032296,"On March 14, 2022, a mechanic was repairing the tailgate of a dump truck. As the employee was testing the repairs, the tailgate closed on one of their fingers. The fingertip was amputated from the nai",Driving,0.6634,Work Authorization,0.0009,0.6625,NONE,0.35,PARTIAL_AGREEMENT,Manual Review Pending analyst validation.
OILPS_OSHA_03380,2023032554,"An employee had just loaded a pickup truck onto the deck of a rollback truck. He was standing on the deck, reaching to close the driver door of the pickup, when the pickup's rear door swung open and c",Driving,0.5037,Working at Height,0.0552,0.4485,Driving,0.75,PARTIAL_AGREEMENT,Manual Review Pending analyst validation.
OILPS_OSHA_03389,2023042956,"An employee was trying to dislodge a 4-inch metal cone off of a 15-inch metal rod by striking the rod against a fixture. His left index finger became caught between the cone and the fixture, resulting",Safe Mechanical Lifting,0.0757,Working at Height,0.0532,0.0225,Line of Fire,0.35,PARTIAL_AGREEMENT,Manual Review Pending analyst validation.
OILPS_OSHA_03390,2023043032,An employee was working on the well head when the service brake broke causing the elevator to fall on their hands. The employee sustained bilateral hand fractures and was hospitalized. nan,Energy Isolation,0.0196,Work Authorization,0.0046,0.015,Working at Height,0.35,PARTIAL_AGREEMENT,Manual Review Pending analyst validation.
OILPS_OSHA_03395,2023043228,A crew was removing bolts from the pump's spool piece and rigging the hoist to hold the elevated spool piece out. The crew replaced the witch's hat inside the pump and began to reinstall the spool pie,Energy Isolation,0.0704,Hot Work,0.0041,0.0663,Safe Mechanical Lifting,0.35,PARTIAL_AGREEMENT,Manual Review Pending analyst validation.
OILPS_OSHA_03397,2023043271,An employee was guiding a pipe onto internal pipe clamps when their left hand was caught between two pieces of metal. They sustained crush injuries to the left ring and middle fingers resulting in amp,Safe Mechanical Lifting,0.6428,Energy Isolation,0.0321,0.6107,Line of Fire,0.35,PARTIAL_AGREEMENT,Manual Review Pending analyst validation.
OILPS_OSHA_03408,2023053885,"An employee was hot tapping into an 8-inch natural gas line to reroute the pipe. A spark from the cutting came into contact with condensate within the pipe, ignited, and blew out both ends and where t",Hot Work,0.0542,Energy Isolation,0.0011,0.0531,Hot Work,0.75,PARTIAL_AGREEMENT,Manual Review Pending analyst validation.
OILPS_OSHA_03409,2023053913,"An employee was opening a hatch on a bulk cement truck when pressure inside of the truck caused the hatch cover to slide off and up, striking the employee. The employee sustained a non-displaced pelvi",Energy Isolation,0.9957,Driving,0.9791,0.0166,NONE,0.35,PARTIAL_AGREEMENT,Manual Review Pending analyst validation.
OILPS_OSHA_03411,2023053944,An employee was cutting grass using a zero-turn lawn mower. The lawn mower frame snagged a power pole brace wire and pulled down the energized power pole. The employee sustained electrical burns to hi,Working at Height,0.5615,Safe Mechanical Lifting,0.2978,0.2637,Hot Work,0.35,PARTIAL_AGREEMENT,Manual Review Pending analyst validation.
OILPS_OSHA_03413,2023053963,"On May 4, 2023, an employee was cutting a catwalk platform with a torch. When the pressure released, the platform fell back toward the employee and knocked him off his feet. The platform then landed o",Energy Isolation,0.9831,Hot Work,0.9465,0.0366,Hot Work,0.35,PARTIAL_AGREEMENT,Manual Review Pending analyst validation.
OILPS_OSHA_03417,2023054142,Two employees were completing a post-job inspection of a centrifuge. One employee rotated the centrifuge rotating assembly to test if it could be turned by hand. The injured employee went to stop the ,Safe Mechanical Lifting,0.0768,Energy Isolation,0.0411,0.0357,Line of Fire,0.35,PARTIAL_AGREEMENT,Manual Review Pending analyst validation.
OILPS_OSHA_03420,2023054216,"Employees were installing goal posts for an overhead power line crossing. While installing a PVC pipe with guide wire attached to the top, the pipe made contact with the overhead electrical line and e",Energy Isolation,0.605,Working at Height,0.1503,0.4547,NONE,0.35,PARTIAL_AGREEMENT,Manual Review Pending analyst validation.
OILPS_OSHA_03422,2023054329,An employee was operating a torque wrench to tighten bolts on a studded adapter when their right index finger was caught between the wrench head and the bolts. The finger was amputated above the first,Line of Fire,0.0043,Working at Height,0.0043,0.0,Line of Fire,0.75,PARTIAL_AGREEMENT,Manual Review Pending analyst validation.
OILPS_OSHA_03423,2023054368,"An employee was working on a well when they were struck by a detached tubing joint, resulting in a left arm fracture. nan",Line of Fire,0.162,Safe Mechanical Lifting,0.0028,0.1592,Line of Fire,0.75,PARTIAL_AGREEMENT,Manual Review Pending analyst validation.
OILPS_OSHA_03426,2023054490,"An employee was inspecting noise from a pumping unit. As he went to push on the belt guard, the employee was pinned between the crank arm and the base of the unit, resulting in a lacerated liver, and ",Energy Isolation,0.5854,Driving,0.1148,0.4706,NONE,0.35,PARTIAL_AGREEMENT,Manual Review Pending analyst validation.
OILPS_OSHA_03428,2023054537,"An employee was putting spacers on bore pipes when his left index finger was caught between the spacers and the pipes, resulting in a fingertip amputation. nan",Safe Mechanical Lifting,0.2323,Line of Fire,0.0142,0.2181,Line of Fire,0.35,PARTIAL_AGREEMENT,Manual Review Pending analyst validation.
OILPS_OSHA_03432,2023054747,"An employee was changing a belt when their fingers were caught between the belt and pulley, resulting in the amputation of three right-hand fingertips. nan",Line of Fire,0.0268,Safe Mechanical Lifting,0.004,0.0228,Line of Fire,0.75,PARTIAL_AGREEMENT,Manual Review Pending analyst validation.
OILPS_OSHA_03441,2023065081,"An employee was grinding a pipe that was on a rotator when his right hand got pulled between the rotator and the pipe, resulting in broken bones in his hand and wrist. nan",Line of Fire,0.0106,Energy Isolation,0.0039,0.0067,Hot Work,0.35,PARTIAL_AGREEMENT,Manual Review Pending analyst validation.
OILPS_OSHA_03443,2023065137,"An employee was moving an 1,100-pound fluid end backing plate using a fork truck. The plate had shifted out of place. When the employee went to reposition the plate on the forks, the plate slipped and",Safe Mechanical Lifting,0.8857,Driving,0.8722,0.0135,NONE,0.35,PARTIAL_AGREEMENT,Manual Review Pending analyst validation.
OILPS_OSHA_03446,2023065206,"An employee was in a hole using tongs to torque an electrical connection when his left little finger got caught between the latch and the head of the tong, resulting in a partial finger amputation. na",Line of Fire,0.0458,Safe Mechanical Lifting,0.0153,0.0305,Line of Fire,0.75,PARTIAL_AGREEMENT,Manual Review Pending analyst validation.
OILPS_OSHA_03448,2023065307,"On June 15, 2023, at 11:30 AM, an employee was moving a belt on a pumping unit when he slipped, causing his right hand to get caught between the belt and sheave. His right wrist was dislocated and req",Working at Height,0.2286,Line of Fire,0.1769,0.0517,Line of Fire,0.55,PARTIAL_AGREEMENT,Manual Review Pending analyst validation.
OILPS_OSHA_03451,2023065355,"An employee was rebuilding a compressor engine on an offshore facility. As they were troubleshooting a connecting rod inside the compressor engine, the rod slipped down. The employee's finger was then",Line of Fire,0.0468,Energy Isolation,0.003,0.0438,Line of Fire,0.75,PARTIAL_AGREEMENT,Manual Review Pending analyst validation.
OILPS_OSHA_03454,2023065389,"An employee was preparing a load on a semi-trailer for a delivery to a field location. After putting the straps over the totes, he descended the trailer. While descending, his pant leg was caught on t",Driving,0.071,Safe Mechanical Lifting,0.0145,0.0565,Working at Height,0.35,PARTIAL_AGREEMENT,Manual Review Pending analyst validation.
OILPS_OSHA_03461,2023065614,"An employee opened the door on the asphalt paver to show another employee a hydraulic leak. The fan behind the door pulled the door inward and the employee's finger was struck by the fan blades, resul",Safe Mechanical Lifting,0.0297,Work Authorization,0.0025,0.0272,Line of Fire,0.35,PARTIAL_AGREEMENT,Manual Review Pending analyst validation.
OILPS_OSHA_03462,2023065627,"An employee was working on the floor of a workover rig removing tubulars from the wellbore when they were struck by the power swivel, which pushed them into a handrail. The employee suffered a fractur",Energy Isolation,0.0006,Safe Mechanical Lifting,0.0006,0.0,Line of Fire,0.35,PARTIAL_AGREEMENT,Manual Review Pending analyst validation.
OILPS_OSHA_03467,2023065783,"An employee was in the mixing room when an asphalt truck arrived to be unloaded. The employee began the procedure for unloading the truck and went outside to the truck to ensure the valve was closed, ",Energy Isolation,0.9571,Driving,0.9229,0.0342,NONE,0.35,PARTIAL_AGREEMENT,Manual Review Pending analyst validation.
OILPS_OSHA_03472,2023075874,"An employee was adjusting the operator console to raise it to a higher level. He removed the bracket that connects the console to the rail system so he could begin raising it. The console shifted, cau",Working at Height,0.1008,Safe Mechanical Lifting,0.0105,0.0903,Working at Height,0.75,PARTIAL_AGREEMENT,Manual Review Pending analyst validation.
OILPS_OSHA_03473,2023075897,"An employee was transferring diesel fuel from a 4,500 gallon fuel transport wagon to a semi-truck. Diesel fuel vapors and static caused an explosion/fire, resulting in burns to the employee's face and",Hot Work,0.9775,Driving,0.9393,0.0382,NONE,0.35,PARTIAL_AGREEMENT,Manual Review Pending analyst validation.
OILPS_OSHA_03474,2023075906,An employee was assisting a crew with rigging down when his right index and middle fingers were crushed between the gripper and the top drive resulting in the amputation of the employee's right index ,Safe Mechanical Lifting,0.2171,Hot Work,0.1991,0.018,Safe Mechanical Lifting,0.75,PARTIAL_AGREEMENT,Manual Review Pending analyst validation.
OILPS_OSHA_03475,2023075946,"An employee was cutting a casing pipe when a piece of the casing struck him in his left eye, resulting in an injury. nan",Energy Isolation,0.1333,Hot Work,0.0321,0.1012,Hot Work,0.35,PARTIAL_AGREEMENT,Manual Review Pending analyst validation.
OILPS_OSHA_03476,2023076017,An employee was exposed to hydrogen sulfide while loading crude oil. The employee was hospitalized. nan,Work Authorization,0.7666,Confined Space,0.6228,0.1438,NONE,0.35,PARTIAL_AGREEMENT,Manual Review Pending analyst validation.
OILPS_OSHA_03480,2023076133,"An employee was picking up a 5-foot, 950-pound pneumatic cylinder (mud bucket) by the handle to move it. The employee was positioning the bucket for use when their left arm became caught between it an",Energy Isolation,0.0215,Safe Mechanical Lifting,0.0065,0.015,Line of Fire,0.35,PARTIAL_AGREEMENT,Manual Review Pending analyst validation.
OILPS_OSHA_03482,2023076148,"An employee was helping with the rough grading in a parking lot that was being built. A skid steer drove over to scoop and spread the rock and it struck the employee s leg, causing him to fall. The sk",Energy Isolation,0.0413,Line of Fire,0.0031,0.0382,Working at Height,0.35,PARTIAL_AGREEMENT,Manual Review Pending analyst validation.
OILPS_OSHA_03486,2023076227,"Employees were lifting the floor of a rig after tying off the floor with a winch line. The floor was lifted so the employees could remove the retaining/lifting chains. The knot came undone, causing th",Safe Mechanical Lifting,0.2511,Hot Work,0.2305,0.0206,Safe Mechanical Lifting | Working at Height,0.75,PARTIAL_AGREEMENT,Manual Review Pending analyst validation.
OILPS_OSHA_03490,2023076464,"An employee was standing near a drilling rig when the hydraulic boom of the rig broke on one side, resulting in a lack of support that caused the rig to fall. The rig struck the employee, resulting in",Hot Work,0.0198,Energy Isolation,0.0131,0.0067,Working at Height,0.35,PARTIAL_AGREEMENT,Manual Review Pending analyst validation.
OILPS_OSHA_03502,2023076918,An employee was assisting with the removal of a discharge bottle for a maintenance activity. The bottle was suspended with a hoist when it shifted and pinned the employee's leg between it and a piece ,Energy Isolation,0.3879,Hot Work,0.1583,0.2296,Safe Mechanical Lifting,0.35,PARTIAL_AGREEMENT,Manual Review Pending analyst validation.
OILPS_OSHA_03504,2023086966,"An employee was greasing a pumping unit. He was standing on the T-block when the weights swung. He moved back but was caught between the weights and the arm of the unit. He tried to catch himself, and",Safe Mechanical Lifting,0.0141,Line of Fire,0.0121,0.002,Line of Fire,0.35,PARTIAL_AGREEMENT,Manual Review Pending analyst validation.
OILPS_OSHA_03506,2023086983,"A crew was tripping stand in a hole. As one stand was stabbed in the stump, the stand swung away. The injured employee's hand was caught between the stand and the cylinder, resulting in a right little",Line of Fire,0.0148,Energy Isolation,0.0079,0.0069,Line of Fire,0.75,PARTIAL_AGREEMENT,Manual Review Pending analyst validation.
OILPS_OSHA_03519,2023087375,Employees were performing well pad completion work. They pumped nitrogen into the well unit to open it up so that it would flow/produce. The employee went to the sand-removing unit/trailer to check if,Energy Isolation,0.7376,Hot Work,0.6599,0.0777,Working at Height,0.35,PARTIAL_AGREEMENT,Manual Review Pending analyst validation.
OILPS_OSHA_03520,2023087415,"Employees were installing an inline pole to increase the ground clearance of a sagging power line. Once the new pole was in place, the employee in the bucket truck attached the energized line to the j",Working at Height,0.9724,Driving,0.9445,0.0279,NONE,0.35,PARTIAL_AGREEMENT,Manual Review Pending analyst validation.
OILPS_OSHA_03526,2023087770,"On August 23, 2023, employees were installing an underground sanitation pipe. The injured employee was working inside a trench box while a loader was back filling another section of the trench. The so",Safe Mechanical Lifting,0.5774,Energy Isolation,0.1313,0.4461,NONE,0.35,PARTIAL_AGREEMENT,Manual Review Pending analyst validation.
OILPS_OSHA_03528,2023088012,"An employee was preparing to unhook a boring machine. While standing 5-8 feet away from the machine, a securing bolt broke and the employee was struck by a chain in the head and face, resulting in a b",Line of Fire,0.6265,Working at Height,0.0119,0.6146,Line of Fire,0.75,PARTIAL_AGREEMENT,Manual Review Pending analyst validation.
OILPS_OSHA_03529,2023088023,"An employee had been waiting for tubing to be lowered. The swage came loose and dropped along with the tubing (approximately 31-feet long). It fell 60 feet to the ground, then tipped over and struck t",Working at Height,0.5186,Work Authorization,0.0029,0.5157,NONE,0.35,PARTIAL_AGREEMENT,Manual Review Pending analyst validation.
OILPS_OSHA_03530,2023098190,"An employee was working on a compressor panel when they lost consciousness due to heat stress, causing the employee to fall to the ground. They sustained five rib fractures and were hospitalized. nan",Energy Isolation,0.1663,Hot Work,0.1263,0.04,Working at Height,0.35,PARTIAL_AGREEMENT,Manual Review Pending analyst validation.
OILPS_OSHA_03533,2023098333,An employee was on a 4-foot step ladder outside of the blast booth in the powder plant when they fell to the concrete floor and sustained a head injury. nan,Working at Height,0.5707,Energy Isolation,0.0133,0.5574,Working at Height,0.75,PARTIAL_AGREEMENT,Manual Review Pending analyst validation.
OILPS_OSHA_03541,2023098856,An employee was working on a drilling rig as tongs were being hoisted. The lifting chain failed and the tongs fell on the employee and pinned him against the drilling rig floor. The employee sustained,Working at Height,0.0028,Driving,0.0003,0.0025,Safe Mechanical Lifting,0.55,PARTIAL_AGREEMENT,Manual Review Pending analyst validation.
OILPS_OSHA_03542,2023098907,An employee was fixing/cleaning up a pipe that had been welded using a handheld angle grinder. A piece of the grinding wheel broke and struck the employee's arm. The grinder then became caught and kic,Hot Work,0.0729,Energy Isolation,0.0525,0.0204,Hot Work,0.75,PARTIAL_AGREEMENT,Manual Review Pending analyst validation.
OILPS_OSHA_03549,2023109116,"An employee's hand was caught between two flanges, resulting in finger fractures. nan",Safe Mechanical Lifting,0.2192,Line of Fire,0.0402,0.179,Line of Fire,0.35,PARTIAL_AGREEMENT,Manual Review Pending analyst validation.
OILPS_OSHA_03556,2023109370,An employee was pulling tubular welded scaffold frames from a storage area and loading them onto the forks of a forklift. The frames were sitting on ground that was muddy and a few frames fell and kno,Safe Mechanical Lifting,0.0271,Working at Height,0.0094,0.0177,Confined Space | Working at Height,0.35,PARTIAL_AGREEMENT,Manual Review Pending analyst validation.
OILPS_OSHA_03557,2023109415,"An employee was pre-rigging a well pad and torquing down the monoline. His hands were placed on the head of the hydraulic torque wrench while moving it to a different bolt. At the same time, the emplo",Safe Mechanical Lifting,0.1955,Working at Height,0.0158,0.1797,Safe Mechanical Lifting,0.75,PARTIAL_AGREEMENT,Manual Review Pending analyst validation.
OILPS_OSHA_03561,2023109527,"An employee was removing bolts from a pipe flange in order to remove an isolation blind. The employee was pulling the blind from the piping system when hydrogen gas released and flashed, resulting in ",Energy Isolation,0.4798,Driving,0.2512,0.2286,Energy Isolation,0.75,PARTIAL_AGREEMENT,Manual Review Pending analyst validation.
OILPS_OSHA_03564,2023109662,Two employees were performing maintenance on a horse power unit. The plunger was pushed back in and an employee's left index and middle fingers were caught between the fluid-end plunger and power-end ,Hot Work,0.0043,Energy Isolation,0.0013,0.003,Line of Fire,0.35,PARTIAL_AGREEMENT,Manual Review Pending analyst validation.
OILPS_OSHA_03571,20231010006,"An employee was moving an 8-9 inch service packer tool from a tool vise into a tool hoist for relocation. The tool shifted in the sling of the hoist and the employee's thumb was struck by the tool, am",Safe Mechanical Lifting,0.4957,Energy Isolation,0.0705,0.4252,Line of Fire | Safe Mechanical Lifting,0.75,PARTIAL_AGREEMENT,Manual Review Pending analyst validation.
OILPS_OSHA_03572,20231010049,An employee was rolling up a power cord inside the tank of a vessel when they stepped backward into a manhole behind them. The employee fell through the hole inside the tank of the vessel and sustaine,Working at Height,0.6265,Energy Isolation,0.0748,0.5517,Confined Space,0.35,PARTIAL_AGREEMENT,Manual Review Pending analyst validation.
OILPS_OSHA_03575,20231110122,"An employee was removing a dock hose when their fingers were caught between the hose flange and the top rail of the dock, resulting in a partial finger amputation. nan",Energy Isolation,0.0009,Line of Fire,0.0004,0.0005,Line of Fire,0.35,PARTIAL_AGREEMENT,Manual Review Pending analyst validation.
OILPS_OSHA_03576,20231110198,An employee slipped and fell on the ground while storing hoses that had been used in a tanker truck delivery. The employee sustained a fractured hip. nan,Driving,0.4779,Hot Work,0.0761,0.4018,NONE,0.35,PARTIAL_AGREEMENT,Manual Review Pending analyst validation.
OILPS_OSHA_03578,20231110382,"On November 10, 2023, an employee was flagging and directing temporary traffic controls on a natural gas line replacement project. The employee was struck by a motor vehicle and sustained multiple inj",Energy Isolation,0.0022,Safe Mechanical Lifting,0.0009,0.0013,Driving | Line of Fire,0.35,PARTIAL_AGREEMENT,Manual Review Pending analyst validation.
OILPS_OSHA_03579,20231110399,An employee was rigging and loading tools and equipment onto a trailer when they were shocked. The employee's sustained third-degree burns in the right hand and possible amputation of fingers. Electri,Safe Mechanical Lifting,0.1421,Energy Isolation,0.0203,0.1218,Safe Mechanical Lifting,0.75,PARTIAL_AGREEMENT,Manual Review Pending analyst validation.
OILPS_OSHA_03580,20231110462,"An employee was servicing a track tongue scissor assembly that was hoisted. The equipment fell from the hoisting mechanism and onto their left little finger, resulting in an amputation. nan",Working at Height,0.0079,Line of Fire,0.0049,0.003,Safe Mechanical Lifting,0.35,PARTIAL_AGREEMENT,Manual Review Pending analyst validation.
OILPS_OSHA_03581,20231110468,"An employee was near a hybrid separator when it malfunctioned, resulting in a flash fire that burned the employee's upper body. nan",Hot Work,0.9984,Confined Space,0.971,0.0274,NONE,0.35,PARTIAL_AGREEMENT,Manual Review Pending analyst validation.
OILPS_OSHA_03586,20231110797,"An employee was loading grain into a rail car when they fell from the top of a rail car. They landed 15 feet below, on concrete between two rail cars. The employee sustained fractures to their jaw, sp",Working at Height,0.5709,Energy Isolation,0.0029,0.568,NONE,0.35,PARTIAL_AGREEMENT,Manual Review Pending analyst validation.
OILPS_OSHA_03587,20231110804,"An employee was securing ladders on a gang truck. He lost his footing and fell from the back of the truck bed, striking his abdomen on the edge of the bed or the trailer hitch. The employee sustained ",Driving,0.9977,Working at Height,0.9479,0.0498,NONE,0.35,PARTIAL_AGREEMENT,Manual Review Pending analyst validation.
OILPS_OSHA_03589,20231110914,An employee removed the spark plugs and was rotating an engine to evacuate condensate from the cylinders. An unknown source ignited the condensate and natural gas. The employee sustained burns to the ,Hot Work,0.1236,Work Authorization,0.0061,0.1175,Hot Work,0.75,PARTIAL_AGREEMENT,Manual Review Pending analyst validation.
OILPS_OSHA_03590,20231110918,"On November 29, 2023, a digger derrick truck pulled an existing utility pole vertically out of the ground. After maneuvering the pole around an obstruction, the base of the pole was lowered. The opera",Working at Height,0.995,Driving,0.9416,0.0534,NONE,0.55,PARTIAL_AGREEMENT,Manual Review Pending analyst validation.
OILPS_OSHA_03591,20231210995,An employee was aligning low-profile traffic barriers when their right hand became caught between two barriers. The employee sustained amputations to the ring and little fingertips and injury to the m,Energy Isolation,0.0554,Working at Height,0.0205,0.0349,Line of Fire,0.35,PARTIAL_AGREEMENT,Manual Review Pending analyst validation.
OILPS_OSHA_03594,20231211030,"An employee was preparing a pump for maintenance. When the employee removed a cover, chemicals were released into the air. The employee was exposed to hydrogen sulfide and methyl mercaptan and was hos",Confined Space,0.9884,Work Authorization,0.9881,0.0003,NONE,0.35,PARTIAL_AGREEMENT,Manual Review Pending analyst validation.
OILPS_OSHA_03597,20231211048,"On December 4, 2023, at 12:30 PM, an employee was grinding a pipe. The stops on the skid failed and a pipe rolled backward onto the employee. The employee was hospitalized with bruising and contusions",Safe Mechanical Lifting,0.0072,Energy Isolation,0.005,0.0022,Hot Work,0.35,PARTIAL_AGREEMENT,Manual Review Pending analyst validation.
OILPS_OSHA_03602,20231211186,"An employee was working with a drill hammer and carrousel when their left ring finger became caught between two moving metal parts on the drilling rig, resulting in a partial amputation. nan",Safe Mechanical Lifting,0.0977,Line of Fire,0.0025,0.0952,Line of Fire,0.35,PARTIAL_AGREEMENT,Manual Review Pending analyst validation.
OILPS_OSHA_03604,20231211210,"The injured employee was spray painting lay flat shipping reels while another employee was picking up the reels with a telehandler after they were painted. The telehandler bumped a reel, causing other",Line of Fire,0.0028,Safe Mechanical Lifting,0.0015,0.0013,Line of Fire | Working at Height,0.75,PARTIAL_AGREEMENT,Manual Review Pending analyst validation.
OILPS_OSHA_03605,20231211216,An employee was lowering a string with a valve attached onto a shaker table when their hand was caught between the guardrail and valve. The employee's right thumb was crushed and required surgery. nan,Line of Fire,0.2173,Working at Height,0.0194,0.1979,Line of Fire,0.75,PARTIAL_AGREEMENT,Manual Review Pending analyst validation.
OILPS_OSHA_03611,20231211320,"An employee was standing by the front side of the mud mix pump guard. He squatted down and stretched out to reach the belt with his left hand and was able to grab it. When he began to rise, belt in ha",Line of Fire,0.599,Safe Mechanical Lifting,0.0221,0.5769,NONE,0.55,PARTIAL_AGREEMENT,Manual Review Pending analyst validation.
OILPS_OSHA_03614,20231211369,"Two employees were struck by the rotary table of a drilling rig while installing caisson. Employee 1 suffered multiple fractures, internal injuries, and head trauma. Employee 2 suffered multiple fract",Safe Mechanical Lifting,0.0633,Line of Fire,0.0224,0.0409,Line of Fire,0.35,PARTIAL_AGREEMENT,Manual Review Pending analyst validation.
OILPS_OSHA_03618,20231211464,"An employee was driving an aerial lift over a cable ramp. The employee backed up the aerial lift to cross over the cable ramp. During this process, the lift and basket bounced, causing the employee to",Hot Work,0.0493,Energy Isolation,0.0273,0.022,Driving,0.35,PARTIAL_AGREEMENT,Manual Review Pending analyst validation.
OILPS_OSHA_03619,20231211471,An employee was retrieving a lost drill pipe with a lifting bail when their left thumb got pinched between the table and handle of the lifting bail while trying to re-thread the pipe to lift it out. T,Safe Mechanical Lifting,0.0067,Energy Isolation,0.001,0.0057,Safe Mechanical Lifting,0.75,PARTIAL_AGREEMENT,Manual Review Pending analyst validation.
OILPS_OSHA_03620,20231211493,"An employee was installing a compressor piston. He tripped and fell backward while the piston was in his lap. As he landed, the little finger of his left hand became caught between the piston and comp",Line of Fire,0.1071,Energy Isolation,0.0028,0.1043,Line of Fire,0.75,PARTIAL_AGREEMENT,Manual Review Pending analyst validation.
OILPS_OSHA_03623,20231211620,An employee reached to push a control button to close an overhead door when their little finger was caught between the door and the track. The employee's right little fingertip was amputated. nan,Safe Mechanical Lifting,0.0006,Energy Isolation,0.0004,0.0002,Line of Fire,0.35,PARTIAL_AGREEMENT,Manual Review Pending analyst validation.
OILPS_OSHA_03626,20231211765,"An employee was closing an office door when their middle fingertip was caught between the door and the frame, resulting in a fingertip amputation. nan",Safe Mechanical Lifting,0.1012,Hot Work,0.0117,0.0895,Line of Fire,0.35,PARTIAL_AGREEMENT,Manual Review Pending analyst validation.
OILPS_OSHA_03629,2024010058,"An employee fell off a ladder attached to the tanker truck he had been driving. He landed on the ground 8 feet below, suffering fractures to his right foot and wrist. nan",Working at Height,0.9939,Driving,0.9118,0.0821,Driving | Working at Height,0.75,STRONG_AGREEMENT,Manual Review Pending analyst validation.
OILPS_OSHA_03631,2024010090,An employee's left ring finger was caught between two pipes (one stationary and the other being rolled). The employee suffered a partial finger amputation. nan,Safe Mechanical Lifting,0.5826,Energy Isolation,0.16,0.4226,Line of Fire,0.35,PARTIAL_AGREEMENT,Manual Review Pending analyst validation.
OILPS_OSHA_03633,2024010118,"An employee was repairing an artificial lift. The employee opened a valve on the lift that caused a rapid release of energy, and the employee was struck by an object. The employee suffered fractures t",Work Authorization,0.0945,Energy Isolation,0.0569,0.0376,Line of Fire,0.35,PARTIAL_AGREEMENT,Manual Review Pending analyst validation.
OILPS_OSHA_03636,2024010158,"An employee pulled a stand of drill pipe back and had just finished pushing it back into a ""finger"" before securing it with rope. The driller was coming down with top drives and blocks. A gust of wind",Safe Mechanical Lifting,0.5796,Working at Height,0.4906,0.089,NONE,0.35,PARTIAL_AGREEMENT,Manual Review Pending analyst validation.
OILPS_OSHA_03643,2024010648,"An employee was inspecting trays inside an amine tower vessel to determine what needed to be replaced. The employee climbed down through the 20 percolator trays, going through 18"" x 22"" openings in th",Working at Height,0.4519,Energy Isolation,0.0041,0.4478,NONE,0.35,PARTIAL_AGREEMENT,Manual Review Pending analyst validation.
OILPS_OSHA_03645,2024010671,An employee was unwiring the secondary side of a de-energized transformer and draining oil for repairs when a wire came loose and shocked the employee. The employee was hospitalized. nan,Work Authorization,0.0038,Energy Isolation,0.0015,0.0023,Energy Isolation,0.35,PARTIAL_AGREEMENT,Manual Review Pending analyst validation.
OILPS_OSHA_03647,2024010778,"An employee was using a hands-free buffer to remove marks from tooling. The employee set the buffer down, contacted the tooling, and suffered injuries to the left ring and middle fingers that resulted",Safe Mechanical Lifting,0.5368,Work Authorization,0.0055,0.5313,NONE,0.35,PARTIAL_AGREEMENT,Manual Review Pending analyst validation.
OILPS_OSHA_03651,2024010882,"An employee was walking along a narrow rural roadway toward the back of a digger derrick truck as another digger derrick truck was moving forward from the opposite direction, passing the parked vehicl",Driving,0.991,Working at Height,0.9737,0.0173,Driving,0.75,STRONG_AGREEMENT,Manual Review Pending analyst validation.
OILPS_OSHA_03660,2024021191,"An employee was holding a back-pressure regulator. A pipe came apart (under tension from a forklift) and injured the employee's left hand, lacerating and fracturing the index finger. nan",Energy Isolation,0.9956,Safe Mechanical Lifting,0.9928,0.0028,NONE,0.35,PARTIAL_AGREEMENT,Manual Review Pending analyst validation.
OILPS_OSHA_03661,2024021302,"An employee was using a 7-inch grinder with a 6-inch cutting stone disc to put a bevel on a tube sheet. The cutting stone broke apart and contacted the employee, resulting in a fractured right tibia. ",Working at Height,0.0309,Safe Mechanical Lifting,0.011,0.0199,Hot Work,0.35,PARTIAL_AGREEMENT,Manual Review Pending analyst validation.
OILPS_OSHA_03663,2024021317,"An employee was operating a winch when his left hand got caught under a cable, resulting in an amputation of the ring fingertip. nan",Safe Mechanical Lifting,0.9841,Line of Fire,0.9759,0.0082,NONE,0.35,PARTIAL_AGREEMENT,Manual Review Pending analyst validation.
OILPS_OSHA_03668,2024021458,An employee was rigging down a workover rig for relocation. The derrick had been retracted and the top section was down. The employee was on the rig floor ensuring the lines were not becoming tangled ,Safe Mechanical Lifting,0.0142,Working at Height,0.0015,0.0127,Safe Mechanical Lifting,0.75,PARTIAL_AGREEMENT,Manual Review Pending analyst validation.
OILPS_OSHA_03669,2024021480,An employee was working in the rod basket on a well service rig when their left ring finger was caught in a pinch point between the rod basket swivel frame and a support on the rig. The finger was amp,Line of Fire,0.0546,Energy Isolation,0.0031,0.0515,Line of Fire,0.75,PARTIAL_AGREEMENT,Manual Review Pending analyst validation.
OILPS_OSHA_03670,2024021494,Two employees were in a powered industrial vehicle. The vehicle hit a patch of dirt while traveling from a warehouse to a satellite camp and struck a light post. Both employees suffered injuries to th,Working at Height,0.0625,Energy Isolation,0.0058,0.0567,Driving,0.35,PARTIAL_AGREEMENT,Manual Review Pending analyst validation.
OILPS_OSHA_03679,2024021727,"An employee was trying to lift and hold a piece of 20"" HDPE piping that was inserted into a fusion machine. The machine started and the employee's left index finger was caught between the roller and p",Safe Mechanical Lifting,0.0578,Line of Fire,0.002,0.0558,Line of Fire,0.35,PARTIAL_AGREEMENT,Manual Review Pending analyst validation.
OILPS_OSHA_03681,2024032112,"An employee was inserting drill pipe slips into the rotary table by kicking the slips while tripping drill pipe out of the hole when his foot was caught between the slips and the drill pipe, fracturin",Working at Height,0.0036,Line of Fire,0.0031,0.0005,Line of Fire,0.35,PARTIAL_AGREEMENT,Manual Review Pending analyst validation.
OILPS_OSHA_03683,2024032164,"An employee strapped an 8-inch mud motor on a pipe rack, then went to trace the high side of the mud motor from the adjustable kick off (AKO) to the upper connection of the motor. To better position t",Energy Isolation,0.6249,Working at Height,0.1518,0.4731,NONE,0.35,PARTIAL_AGREEMENT,Manual Review Pending analyst validation.
OILPS_OSHA_03684,2024032181,An employee was pulling drill line from the drill spool while the top drive was not set on the docking pins. The deadman was unexpectedly released which caused the top drive to fall to the drill floor,Working at Height,0.0303,Line of Fire,0.0188,0.0115,Working at Height,0.75,PARTIAL_AGREEMENT,Manual Review Pending analyst validation.
OILPS_OSHA_03685,2024032201,"A crew of employees was using a hoist to lift a drillable sub on the rig floor. Single-joint elevators were placed on the sub before lifting. As the crew started to lift the sub, the sub struck the de",Working at Height,0.053,Hot Work,0.0282,0.0248,Safe Mechanical Lifting,0.35,PARTIAL_AGREEMENT,Manual Review Pending analyst validation.
OILPS_OSHA_03687,2024032254,"An employee was removing a pipe from his truck when his middle finger got caught in the D ring on the pipe, resulting in a fingertip amputation up to the first knuckle. nan",Line of Fire,0.9748,Driving,0.9406,0.0342,NONE,0.35,PARTIAL_AGREEMENT,Manual Review Pending analyst validation.
OILPS_OSHA_03689,2024032536,Two employees were raising the media/debris tank to dump it. The tank contacted an overhead power line and both employees were shocked. nan,Hot Work,0.569,Confined Space,0.0025,0.5665,NONE,0.35,PARTIAL_AGREEMENT,Manual Review Pending analyst validation.
OILPS_OSHA_03695,2024032752,"An employee was freeing a calf that had become entangled in a barbed wire fence when his finger became caught between the fence and the calf, resulting in an amputation to his left right fingertip. na",Line of Fire,0.112,Safe Mechanical Lifting,0.0042,0.1078,Line of Fire,0.75,PARTIAL_AGREEMENT,Manual Review Pending analyst validation.
OILPS_OSHA_03696,2024032823,"On March 29, 2024, a flagger was controlling traffic when they were struck by a rock, flung from a passing dump truck. The flagger was hospitalized with a shin injury. nan",Driving,0.2958,Working at Height,0.0187,0.2771,Line of Fire,0.35,PARTIAL_AGREEMENT,Manual Review Pending analyst validation.
OILPS_OSHA_03698,2024042936,An employee entered into an aerial lift with another worker in order to perform capital form work for an overpass bridge. The employee stepped out of the aerial lift basket and onto the wooden scaffol,Energy Isolation,0.0027,Working at Height,0.002,0.0007,Working at Height,0.35,PARTIAL_AGREEMENT,Manual Review Pending analyst validation.
OILPS_OSHA_03699,2024042949,"An employee was working from an aerial lift when they slipped and their safety harness ripped, causing them to fall 37 feet to the dirt surface below. They sustained fractures to ribs, both collar bon",Working at Height,0.0235,Driving,0.0008,0.0227,Working at Height,0.75,PARTIAL_AGREEMENT,Manual Review Pending analyst validation.
OILPS_OSHA_03701,2024043008,"An employee was hoisting a piece of equipment and pushing a stabilizer pipe out a gate/door. The pipe was lowered. This caused the hoist to lose tension, and the pipe pinned the employee against other",Safe Mechanical Lifting,0.1832,Hot Work,0.0091,0.1741,Safe Mechanical Lifting,0.75,PARTIAL_AGREEMENT,Manual Review Pending analyst validation.
OILPS_OSHA_03711,2024043693,"On April 29, 2024, at around 8:45 AM, an employee was making a fuel delivery to a 300-gallon fuel tank that was located on top of pea gravel at a customer's site. The gravel started to shift during th",Hot Work,0.985,Working at Height,0.9018,0.0832,Working at Height,0.35,PARTIAL_AGREEMENT,Manual Review Pending analyst validation.
OILPS_OSHA_03717,2024053824,"On May 2, 2024, an employee was holding a hose while pumping cement into a 25"" pipe when a heavy steel plate that was attached to the pipe rolled onto his right foot. The employee sustained two broken",Energy Isolation,0.4714,Hot Work,0.3703,0.1011,NONE,0.35,PARTIAL_AGREEMENT,Manual Review Pending analyst validation.
OILPS_OSHA_03718,2024053858,"An employee was changing a strainer basket in equipment carrying hot asphalt. The employee locked out the equipment, relieved pressure, and removed the housing cover to access the strainer basket. Hot",Energy Isolation,0.6468,Confined Space,0.1163,0.5305,NONE,0.35,PARTIAL_AGREEMENT,Manual Review Pending analyst validation.
OILPS_OSHA_03728,2024054149,"An employee was lifting the lid to a control panel on an underground wiring pulling machine when the lid fell and caught their right ring fingertip, crushing it. They sustained an open displaced fract",Energy Isolation,0.4842,Working at Height,0.065,0.4192,Safe Mechanical Lifting,0.35,PARTIAL_AGREEMENT,Manual Review Pending analyst validation.
OILPS_OSHA_03731,2024054278,An employee was fueling a bobtail semi-truck and missed a step while descending the ladder on the back of the truck. He fell 5.5 feet backward to the cement ground. The employee sustained fractures to,Working at Height,0.997,Driving,0.9128,0.0842,Working at Height,0.75,STRONG_AGREEMENT,Manual Review Pending analyst validation.
OILPS_OSHA_03732,2024054292,"An employee was standing by while 110-inch oil and gas pipes were being loaded onto a gooseneck trailer. Some pipes fell from the trailer and one of them landed on the employee's left ankle, crushing ",Working at Height,0.6126,Line of Fire,0.022,0.5906,NONE,0.35,PARTIAL_AGREEMENT,Manual Review Pending analyst validation.
OILPS_OSHA_03740,2024054419,"An employee was moving a pipe when their right index finger was caught between a pipe and a well, resulting in a fingertip amputation. nan",Energy Isolation,0.1032,Line of Fire,0.0764,0.0268,Line of Fire,0.35,PARTIAL_AGREEMENT,Manual Review Pending analyst validation.
OILPS_OSHA_03747,2024054611,"An employee was attempting to screw a valve onto a pump when their hand slipped and was caught between the valve and the tool trap, resulting in amputation of their left ring finger. nan",Energy Isolation,0.0241,Line of Fire,0.0068,0.0173,Line of Fire,0.35,PARTIAL_AGREEMENT,Manual Review Pending analyst validation.
OILPS_OSHA_03748,2024054626,"The employee had been working that day on natural gas compression equipment in the field. As the employee was driving home, he experienced heat illness symptoms and was hospitalized. nan",Hot Work,0.0619,Confined Space,0.0031,0.0588,Driving,0.35,PARTIAL_AGREEMENT,Manual Review Pending analyst validation.
OILPS_OSHA_03752,2024064969,An employee was working near the compressor when it over-pressurized and dislodged a case component that struck the employee's lower left leg. The employee sustained a laceration and fracture of the l,Energy Isolation,0.6061,Safe Mechanical Lifting,0.0402,0.5659,NONE,0.35,PARTIAL_AGREEMENT,Manual Review Pending analyst validation.
OILPS_OSHA_03753,2024065056,An employee was installing a safety cable on a flowline during a drilling operation. A forklift operator manipulated the boom to allow some slack in the strap to set the flowline box in the flowline t,Safe Mechanical Lifting,0.992,Energy Isolation,0.9806,0.0114,NONE,0.35,PARTIAL_AGREEMENT,Manual Review Pending analyst validation.
OILPS_OSHA_03754,2024065078,"A rig was running in a hole with 2-3/8 drill string. The crew was utilizing the swivel to make up connections, and had modified the grabbing arm on the laydown machine utilizing dies on the grabbing a",Energy Isolation,0.0003,Line of Fire,0.0002,0.0001,Line of Fire,0.35,PARTIAL_AGREEMENT,Manual Review Pending analyst validation.
OILPS_OSHA_03756,2024065117,"An employee was working from an aerial lift to remove test equipment from an elevated stack. The aerial lift basket got stuck on something and the basket flipped, causing the employee to fall 25 feet ",Working at Height,0.0325,Energy Isolation,0.0216,0.0109,Working at Height,0.75,PARTIAL_AGREEMENT,Manual Review Pending analyst validation.
OILPS_OSHA_03758,2024065298,"An employee was using a hydro-excavation truck on a cattle guard when the boom touched a 7,200-volt power line. The employee was hospitalized. nan",Driving,0.6146,Safe Mechanical Lifting,0.0074,0.6072,NONE,0.35,PARTIAL_AGREEMENT,Manual Review Pending analyst validation.
OILPS_OSHA_03763,2024065418,Employees were lowering material into a dumpster using a digger derrick truck. The injured employee jumped into the dumpster to remove a strap from the pallet. Their right tibia was fractured when the,Working at Height,0.9903,Driving,0.9736,0.0167,NONE,0.35,PARTIAL_AGREEMENT,Manual Review Pending analyst validation.
OILPS_OSHA_03766,2024065642,"An employee was speaking with a skid steer operator when they were struck by another skid steer and pinned between the two skid steers, resulting in crush injuries to both legs. nan",Line of Fire,0.0039,Energy Isolation,0.0024,0.0015,Line of Fire,0.75,PARTIAL_AGREEMENT,Manual Review Pending analyst validation.
OILPS_OSHA_03767,2024065650,"An employee was delivering lubricant to a customer location. After the employee had pulled a lubricant hose from the tanker and inserted the nozzle into the tank, the employee turned around and trippe",Energy Isolation,0.0189,Confined Space,0.0038,0.0151,Working at Height,0.35,PARTIAL_AGREEMENT,Manual Review Pending analyst validation.
OILPS_OSHA_03776,2024065857,An employee was using a hydraulic torque wrench to remove bolts when their right index finger was caught between the torque wrench and bolt. The employee's right index fingertip was amputated. nan,Working at Height,0.0068,Line of Fire,0.0037,0.0031,Line of Fire,0.35,PARTIAL_AGREEMENT,Manual Review Pending analyst validation.
OILPS_OSHA_03789,2024076151,"An employee was removing tubulars from a mousehole but the slips did not release from the tubular until it was raised. When the slips released, they slid down the tubular and struck the employee in th",Energy Isolation,0.6776,Safe Mechanical Lifting,0.2086,0.469,NONE,0.35,PARTIAL_AGREEMENT,Manual Review Pending analyst validation.
OILPS_OSHA_03794,2024076299,A crew was raising manhole covers when a cover slipped off a crowbar and caught an employee's left middle finger. The employee sustained an amputation of the fingertip at the first knuckle. nan,Energy Isolation,0.5328,Confined Space,0.0059,0.5269,Confined Space,0.35,PARTIAL_AGREEMENT,Manual Review Pending analyst validation.
OILPS_OSHA_03796,2024076319,A crew was dismantling a rig. They were closing the split spider after removing it from the casing when the injured employee's left hand was caught between the split spider and the rig's master bushin,Hot Work,0.0218,Safe Mechanical Lifting,0.0017,0.0201,Line of Fire,0.35,PARTIAL_AGREEMENT,Manual Review Pending analyst validation.
OILPS_OSHA_03799,2024076378,"An employee was rigging down a derrick. The board he was standing on shifted, causing him to lose his balance and fall to the ground about 8 feet below. He suffered a broken left ankle. nan",Safe Mechanical Lifting,0.9985,Working at Height,0.9856,0.0129,Safe Mechanical Lifting | Working at Height,0.75,STRONG_AGREEMENT,Manual Review Pending analyst validation.
OILPS_OSHA_03800,2024076405,"An employee was rigging pumps on an oil rig. After he had finished his task, he began to feel dizzy. The employee was hospitalized due to heat-related illness. nan",Safe Mechanical Lifting,0.1907,Driving,0.0782,0.1125,Safe Mechanical Lifting,0.75,PARTIAL_AGREEMENT,Manual Review Pending analyst validation.
OILPS_OSHA_03801,2024076428,"An employee was putting 75-foot long pipes in a rack. A joint pipe struck both of the employee's hands, breaking the right radius and ulna and lacerating the left middle finger. nan",Energy Isolation,0.6977,Safe Mechanical Lifting,0.5293,0.1684,NONE,0.35,PARTIAL_AGREEMENT,Manual Review Pending analyst validation.
OILPS_OSHA_03806,2024076539,"An employee was working on the front watering system of a roller; the employee and the equipment were off the roadway. An oncoming vehicle struck the parked truck, trailer, and roller. The employee wa",Driving,0.61,Energy Isolation,0.0057,0.6043,Driving | Line of Fire,0.75,PARTIAL_AGREEMENT,Manual Review Pending analyst validation.
OILPS_OSHA_03810,2024076589,An employee was cutting fabric with a knife when the knife stabbed the employee's leg. nan,Safe Mechanical Lifting,0.0008,Work Authorization,0.0006,0.0002,Hot Work,0.35,PARTIAL_AGREEMENT,Manual Review Pending analyst validation.
OILPS_OSHA_03823,2024087156,"An employee was unloading a manifold from an iron truck when the manifold shifted and their little finger became caught between the manifold and a storage bracket, resulting in an amputation to the fi",Driving,0.9878,Safe Mechanical Lifting,0.9588,0.029,Line of Fire,0.35,PARTIAL_AGREEMENT,Manual Review Pending analyst validation.
OILPS_OSHA_03826,2024087293,"An employee was loosening a valve on a frac tank when the wrench slipped, causing the employee to lose their balance and fall on the injured employee on the same level. The employee sustained a fractu",Confined Space,0.0426,Hot Work,0.0327,0.0099,Working at Height,0.35,PARTIAL_AGREEMENT,Manual Review Pending analyst validation.
OILPS_OSHA_03835,2024098123,An employee was changing out hoses on rig substructure scaffolding when he stepped back and fell through an edge of the scaffolding within the rig substructure. The employee fell 18 feet to the ground,Working at Height,0.0247,Energy Isolation,0.0007,0.024,Working at Height,0.75,PARTIAL_AGREEMENT,Manual Review Pending analyst validation.
OILPS_OSHA_03836,2024098152,An employee was rigging up a well servicing rig when a steel cable broke and struck him in the head and hard hat. He was hospitalized due to head trauma. nan,Safe Mechanical Lifting,0.0929,Energy Isolation,0.078,0.0149,Safe Mechanical Lifting,0.75,PARTIAL_AGREEMENT,Manual Review Pending analyst validation.
OILPS_OSHA_03847,2024098429,"On September 11, 2024, an employee was unloading electric utility meters and closing the car door when her left middle finger became caught between the door and the car frame, resulting in an amputati",Safe Mechanical Lifting,0.0296,Hot Work,0.0091,0.0205,Line of Fire,0.35,PARTIAL_AGREEMENT,Manual Review Pending analyst validation.
OILPS_OSHA_03856,2024098728,"An employee was cleaning the ground when he was struck on the head by an unsecured vertical scaffold pole, resulting in head injuries that required hospitalization. nan",Line of Fire,0.0214,Energy Isolation,0.0026,0.0188,Working at Height,0.35,PARTIAL_AGREEMENT,Manual Review Pending analyst validation.
OILPS_OSHA_03859,2024098894,"An employee was stowing a machine when his right arm was caught between the machine and the derrick leg, resulting in a displaced radial fracture and a hairline ulnar fracture. nan",Line of Fire,0.0401,Energy Isolation,0.0047,0.0354,Line of Fire,0.75,PARTIAL_AGREEMENT,Manual Review Pending analyst validation.
OILPS_OSHA_03860,2024098909,An employee was making a grease head connection. He pulled on the sling connected by a crane to balance the grease head. He was stabilizing the 5-1/2 lubricator with his left hand when the lubricator ,Safe Mechanical Lifting,0.5396,Working at Height,0.2481,0.2915,Safe Mechanical Lifting,0.75,PARTIAL_AGREEMENT,Manual Review Pending analyst validation.
OILPS_OSHA_03865,2024099144,"An employee was standing near a digger derrick when they were struck by a slackened lifting cable, resulting in a fractured vertebra, a laceration to the back of the head, and a concussion. nan",Line of Fire,0.5411,Working at Height,0.5228,0.0183,Line of Fire | Safe Mechanical Lifting,0.75,PARTIAL_AGREEMENT,Manual Review Pending analyst validation.
OILPS_OSHA_03866,2024109160,Employees were working to unload a power line pole from a pole trailer and place it on the pole rack on the digger derrick truck. The injured employee hooked up pole tongs that were attached to the bo,Working at Height,0.999,Driving,0.8533,0.1457,NONE,0.55,PARTIAL_AGREEMENT,Manual Review Pending analyst validation.
OILPS_OSHA_03872,2024109377,"An employee was helping a contractor unload reels of wire using a digger derrick lifting hook. The hook struck the employee in the head below the hard hat, causing a laceration. The employee was hospi",Working at Height,0.7524,Energy Isolation,0.6973,0.0551,Safe Mechanical Lifting,0.35,PARTIAL_AGREEMENT,Manual Review Pending analyst validation.
OILPS_OSHA_03874,2024109437,An employee was opening a process pipeline on a clean-in-place system. Steam from the pipe blew the cap off the pipe and fractured the employee's collarbone. The employee also sustained second-degree ,Energy Isolation,0.6142,Hot Work,0.1083,0.5059,NONE,0.35,PARTIAL_AGREEMENT,Manual Review Pending analyst validation.
OILPS_OSHA_03882,2024109694,An employee was caught between a large pipe and a paint booth resulting in multiple back fractures. nan,Safe Mechanical Lifting,0.01,Hot Work,0.0056,0.0044,Line of Fire,0.35,PARTIAL_AGREEMENT,Manual Review Pending analyst validation.
OILPS_OSHA_03883,2024109696,"An employee was changing out the elements in the double-rotating head. The peg that was welded to the rig floor, where the double-rotating head was being stored, broke at the weld causing the metal ro",Working at Height,0.0025,Line of Fire,0.0014,0.0011,Working at Height,0.75,PARTIAL_AGREEMENT,Manual Review Pending analyst validation.
OILPS_OSHA_03886,2024109748,"A workover rig crew was tripping tubing out of the hole. The injured employee pushed back the elevators so the operator of the rig could latch up to another stand. When the operator came down, the inj",Working at Height,0.0023,Safe Mechanical Lifting,0.001,0.0013,Line of Fire,0.35,PARTIAL_AGREEMENT,Manual Review Pending analyst validation.
OILPS_OSHA_03891,2024109910,"An employee drove to the project site from his hotel. Upon exiting his vehicle, and during a turning/twisting motion to grab PPE from the backseat, he heard a pop in his back. The employee was hospita",Working at Height,0.2017,Driving,0.0118,0.1899,Driving,0.35,PARTIAL_AGREEMENT,Manual Review Pending analyst validation.
OILPS_OSHA_03893,2024109936,"An employee was driving a utility task vehicle (UTV) when it struck a load of steel angle iron that was resting on forklift forks, resulting in facial fractures. nan",Safe Mechanical Lifting,0.1973,Driving,0.195,0.0023,Driving,0.35,PARTIAL_AGREEMENT,Manual Review Pending analyst validation.
OILPS_OSHA_03896,20241010101,"Employees were tripping pipe out of a well. The injured employee was using the power tongs to loosen the pipe connection. After flipping the cover, the injured employee's fingers were caught in a pinc",Line of Fire,0.6446,Energy Isolation,0.0728,0.5718,Line of Fire,0.75,PARTIAL_AGREEMENT,Manual Review Pending analyst validation.
OILPS_OSHA_03899,20241110208,An employee was repairing a valve. Their arm became caught between the actuator sleeve and actuator flange during testing. The employee sustained a fractured right forearm. nan,Energy Isolation,0.0183,Safe Mechanical Lifting,0.0159,0.0024,Line of Fire,0.35,PARTIAL_AGREEMENT,Manual Review Pending analyst validation.
OILPS_OSHA_03901,20241110237,"An employee was standing on an injector head feeding chain with a rope, when the rope broke, causing him to lose his balance and fall to the ground. The employee sustained fractures to his left elbow ",Energy Isolation,0.3004,Working at Height,0.2599,0.0405,Working at Height,0.35,PARTIAL_AGREEMENT,Manual Review Pending analyst validation.
OILPS_OSHA_03903,20241110358,An employee was standing on the track of a trackhoe when his left safety boot heel got stuck on the track and he fell backward to the ground. The employee sustained a closed left tibia fracture. nan,Working at Height,0.4658,Energy Isolation,0.0527,0.4131,NONE,0.35,PARTIAL_AGREEMENT,Manual Review Pending analyst validation.
OILPS_OSHA_03905,20241110502,An employee was finished with the job and began rigging down his equipment. The lifting sub was already on top of the testing tools and the lifting device (elevators) were latched on and ready to pick,Safe Mechanical Lifting,0.1568,Energy Isolation,0.0035,0.1533,Line of Fire | Safe Mechanical Lifting,0.75,PARTIAL_AGREEMENT,Manual Review Pending analyst validation.
OILPS_OSHA_03906,20241110508,An employee was climbing into a reel to operate the inside reel valve when a shift of weight caused the reel to rotate. The employee got caught between a spoke of the wheel and the wall of the trailer,Energy Isolation,0.5582,Hot Work,0.0045,0.5537,Line of Fire,0.35,PARTIAL_AGREEMENT,Manual Review Pending analyst validation.
OILPS_OSHA_03907,20241110523,"On November 11, 2024, an employee was offloading polyethylene pipe from a truck. The pipe was being moved along free-spinning rollers. The employee's pants got caught on a roller causing them to trip ",Driving,0.0211,Energy Isolation,0.0077,0.0134,Working at Height,0.35,PARTIAL_AGREEMENT,Manual Review Pending analyst validation.
OILPS_OSHA_03911,20241110724,"An employee was tearing down a hydraulic tool when he dropped it. He went to catch it with his left hand and his middle finger became caught between his steel-toe boot and the tool, resulting in a fin",Line of Fire,0.3758,Hot Work,0.2415,0.1343,Line of Fire,0.75,PARTIAL_AGREEMENT,Manual Review Pending analyst validation.
OILPS_OSHA_03912,20241110727,An employee was climbing up an air compressor that was on a trailer to look for a fall harness connection point so they could install a lifting device. The employee fell 15 feet to the ground and suff,Working at Height,0.5358,Line of Fire,0.0136,0.5222,Safe Mechanical Lifting | Working at Height,0.75,PARTIAL_AGREEMENT,Manual Review Pending analyst validation.
OILPS_OSHA_03915,20241110889,Three employees were changing out a belt on a residual cooling fan when the injured employee's middle finger got caught between the belt and pulley. The employee sustained a fingertip amputation. nan,Hot Work,0.0441,Energy Isolation,0.0172,0.0269,Line of Fire,0.35,PARTIAL_AGREEMENT,Manual Review Pending analyst validation.
OILPS_OSHA_03918,20241110946,"An employee was cutting a synthetic securing strap from a bundle of I-beams. One end of an I-beam rolled off the skid and struck the employee's legs, fracturing both fibulas. nan",Safe Mechanical Lifting,0.0256,Energy Isolation,0.0052,0.0204,Hot Work,0.35,PARTIAL_AGREEMENT,Manual Review Pending analyst validation.
OILPS_OSHA_03925,20241211224,"A crew was working on a damaged utility pole when the pole broke and contacted a digger derrick, causing an employee to be electrically shocked and sustain third-degree burns to their right hand. The ",Hot Work,0.6752,Driving,0.3225,0.3527,NONE,0.35,PARTIAL_AGREEMENT,Manual Review Pending analyst validation.
OILPS_OSHA_03929,20241211383,"Two employees were sliding a floor grate toward the front of a chiller. When the grate reached the middle of the unit, two additional employees began lifting it over a gap. The grate became stuck and ",Hot Work,0.0121,Energy Isolation,0.0069,0.0052,Safe Mechanical Lifting,0.35,PARTIAL_AGREEMENT,Manual Review Pending analyst validation.
OILPS_OSHA_03933,20241211610,"An employee was pulling a metal bin (approximately 3' x 3' x 2') on a dolly. The front casters on the dolly began to rotate, causing the bin to move to the left. The employee's left thumb was caught b",Energy Isolation,0.0013,Working at Height,0.0005,0.0008,Line of Fire,0.35,PARTIAL_AGREEMENT,Manual Review Pending analyst validation.
OILPS_OSHA_03934,20241211667,An employee was placing rod equipment in a rack when his right hand slipped and got caught between the rod and the rack. resulting in a partial fingertip amputation of the little finger. nan,Line of Fire,0.0437,Energy Isolation,0.0059,0.0378,Line of Fire,0.75,PARTIAL_AGREEMENT,Manual Review Pending analyst validation.
OILPS_OSHA_03940,20241211880,An employee was operating a skid steer on a pit line when it rolled. The employee sustained fractured ribs. nan,Hot Work,0.5617,Energy Isolation,0.0247,0.537,NONE,0.35,PARTIAL_AGREEMENT,Manual Review Pending analyst validation.
OILPS_OSHA_03942,2025010091,"An employee in a man basket was assisting with repositioning an actuator guard on a valve. The man basket became stuck on part of a ladder. The actuator was transferred out of the basket, which lighte",Working at Height,0.0091,Energy Isolation,0.0016,0.0075,Working at Height,0.75,PARTIAL_AGREEMENT,Manual Review Pending analyst validation.
OILPS_OSHA_03943,2025010106,An employee was removing a clamp from the electrical submersible pump string of a laydown machine when their left index finger was caught between the clamp and the machine. The employee sustained a pa,Hot Work,0.007,Energy Isolation,0.0006,0.0064,Line of Fire,0.35,PARTIAL_AGREEMENT,Manual Review Pending analyst validation.
OILPS_OSHA_03945,2025010135,"Employees were preparing to lift a grasshopper cable tray with an overhead crane. The brackets supporting the grasshopper on the ground collapsed, causing the stand of the grasshopper to fall and land",Working at Height,0.0491,Work Authorization,0.0084,0.0407,Safe Mechanical Lifting | Working at Height,0.75,PARTIAL_AGREEMENT,Manual Review Pending analyst validation.
OILPS_OSHA_03949,2025010412,"On January 13, 2025, an employee was standing on a two-step step ladder while removing lights from a Christmas tree when they fell to the floor, resulting in a broken hip and femur. nan",Working at Height,0.1981,Energy Isolation,0.0018,0.1963,Working at Height,0.75,PARTIAL_AGREEMENT,Manual Review Pending analyst validation.
OILPS_OSHA_03954,2025010601,An employee was adjusting the height of a gantry crane when their left index finger became caught in a leg pinhole as the crane was lowered. The employee sustained an amputation of their left index fi,Safe Mechanical Lifting,0.9917,Line of Fire,0.9626,0.0291,Safe Mechanical Lifting | Working at Height,0.75,STRONG_AGREEMENT,Manual Review Pending analyst validation.
OILPS_OSHA_03955,2025010603,An employee was unloading liquefied petroleum gas when he slipped and caught himself on the protective cap chain and pulled the liquid valve open slightly. Some of the gas spilled out and contacted th,Energy Isolation,0.6561,Confined Space,0.0188,0.6373,Working at Height,0.35,PARTIAL_AGREEMENT,Manual Review Pending analyst validation.
OILPS_OSHA_03965,2025010937,"An employee was in the cab of the blender, preparing for well injection at a fracking site. The driveline disengaged from the transmission and started striking the cage that encloses the driveline. Th",Hot Work,0.6991,Energy Isolation,0.0529,0.6462,NONE,0.35,PARTIAL_AGREEMENT,Manual Review Pending analyst validation.
OILPS_OSHA_03971,2025021062,An employee was performing maintenance on a compressor machine and was egressing over the top of the compressor discharge pulsation bottle when he slipped and his right foot became caught between the ,Energy Isolation,0.0408,Working at Height,0.0385,0.0023,Line of Fire,0.35,PARTIAL_AGREEMENT,Manual Review Pending analyst validation.
OILPS_OSHA_03978,2025021270,"The injured employee was walking down the pit-side steps as other employees were breaking a bit off the last collar. While backing out, the collar broke off. The collar fell 30 feet to the ground and ",Working at Height,0.513,Energy Isolation,0.0041,0.5089,NONE,0.35,PARTIAL_AGREEMENT,Manual Review Pending analyst validation.
OILPS_OSHA_03988,2025021657,Employees were rigging down a power swivel at a well site. They placed the power swivel in a trailer and were preparing to remove the Kelly valve and cross-over subs. The operator came down from the d,Energy Isolation,0.1119,Safe Mechanical Lifting,0.0167,0.0952,Safe Mechanical Lifting,0.35,PARTIAL_AGREEMENT,Manual Review Pending analyst validation.
OILPS_OSHA_03995,2025032029,An employee was performing a bubble test (pressure test) on a pipeline to locate a leak when the joint elbow that was producing the leak detached and struck him. The employee sustained fractures to a ,Energy Isolation,0.4663,Confined Space,0.0056,0.4607,NONE,0.35,PARTIAL_AGREEMENT,Manual Review Pending analyst validation.
OILPS_OSHA_03999,2025032146,An employee was working with a pump truck operator to retrieve a retrievable plug down the hole. They were flushing sand off of a retrievable bridge packer (RBP). The TIW valve was rigged up with a sw,Driving,0.6091,Working at Height,0.019,0.5901,Working at Height,0.35,PARTIAL_AGREEMENT,Manual Review Pending analyst validation.
OILPS_OSHA_04007,2025032327,An employee was grinding when metal penetrated their eye. The employee had an open wound in the eye that needed to be closed and there was debris to be removed. The employee was hospitalized and requi,Confined Space,0.2744,Energy Isolation,0.1559,0.1185,Hot Work,0.35,PARTIAL_AGREEMENT,Manual Review Pending analyst validation.
OILPS_OSHA_04010,2025032390,"An employee was working on a well. He turned the well on and off, trying to get the head of the well to come up. He then went to adjust the well with a wrench. To access the fittings at the front of t",Energy Isolation,0.4673,Working at Height,0.0158,0.4515,NONE,0.35,PARTIAL_AGREEMENT,Manual Review Pending analyst validation.
OILPS_OSHA_04012,2025032450,"At 12:00 p.m. on March 14, 2025, an employee was operating a valve when it broke. This caused him to lose his balance and fall backward. He landed on a strip of metal and his right index finger was pi",Line of Fire,0.0237,Confined Space,0.0102,0.0135,Working at Height,0.55,PARTIAL_AGREEMENT,Manual Review Pending analyst validation.
OILPS_OSHA_04013,2025032488,"An employee was running boiler-feed water to wash salt off the side glass on a vessel. The hose ruptured, causing the hot water to spray onto the employee. The employee suffered burns to their chest, ",Working at Height,0.6857,Energy Isolation,0.3046,0.3811,NONE,0.35,PARTIAL_AGREEMENT,Manual Review Pending analyst validation.
OILPS_OSHA_04015,2025032579,"An employee was operating a forklift in a yard to move empty poly totes when his left foot got caught on a stationary tote as he passed by it. His foot then twisted backward, resulting in a fractured ",Safe Mechanical Lifting,0.4742,Line of Fire,0.3074,0.1668,NONE,0.35,PARTIAL_AGREEMENT,Manual Review Pending analyst validation.
OILPS_OSHA_04024,2025032952,An employee was breaking apart iron when his left middle finger got trapped between the lifting strap and the lifting eye on the iron. The employee's fingertip was amputated to the first joint. nan,Energy Isolation,0.0015,Safe Mechanical Lifting,0.0014,0.0001,Safe Mechanical Lifting,0.35,PARTIAL_AGREEMENT,Manual Review Pending analyst validation.
OILPS_OSHA_04030,2025043227,An employee closed a valve and then went through a galvanized fall protection gate and climbed down three ladder rungs to the ground. His right hand became caught in the hinge of the gate as it closed,Line of Fire,0.8869,Working at Height,0.768,0.1189,Working at Height,0.55,PARTIAL_AGREEMENT,Manual Review Pending analyst validation.
OILPS_OSHA_04038,2025043356,An employee was moving equipment on a pipe wrangler when an energizer jar rolled off the wrangler and struck his right big toe. The toe was partially amputated. nan,Safe Mechanical Lifting,0.0083,Energy Isolation,0.0035,0.0048,Line of Fire,0.35,PARTIAL_AGREEMENT,Manual Review Pending analyst validation.
OILPS_OSHA_04040,2025043560,An employee was removing a gasket from the top of the open hatch of a heater treater to make weir adjustments on the low pressure vessel when metal-on-metal contact caused a spark that ignited residua,Energy Isolation,0.9899,Hot Work,0.9748,0.0151,Hot Work,0.35,PARTIAL_AGREEMENT,Manual Review Pending analyst validation.
OILPS_OSHA_04043,2025043700,An employee was working on the rig floor tripping rods when they were exposed to hydrogen sulfide (H2S) gas and became unconscious. The employee was hospitalized. nan,Work Authorization,0.482,Confined Space,0.1839,0.2981,NONE,0.35,PARTIAL_AGREEMENT,Manual Review Pending analyst validation.
OILPS_OSHA_04044,2025043710,"An employee was adjusting a sensor on a pumping unit motor. He lost balance and began to fall backward. His right ring finger was caught between the belts and the sheave, resulting in a fingertip ampu",Energy Isolation,0.2339,Line of Fire,0.0165,0.2174,Line of Fire | Working at Height,0.35,PARTIAL_AGREEMENT,Manual Review Pending analyst validation.
OILPS_OSHA_04046,2025043757,"An employee had removed a side panel on a boom truck to diagnose an overheating issue. The belt caught his glove and pulled his left hand in, resulting in a partial amputation of his left index finger",Line of Fire,0.5401,Driving,0.535,0.0051,NONE,0.55,PARTIAL_AGREEMENT,Manual Review Pending analyst validation.
OILPS_OSHA_04049,2025043957,"On April 29, 2025, an employee was cutting grass using a zero-turn riding lawnmower. His left arm became caught between a steel post for a pipeline and the rollbar of the mower. The employee was hospi",Safe Mechanical Lifting,0.6468,Energy Isolation,0.0491,0.5977,Hot Work | Line of Fire,0.35,PARTIAL_AGREEMENT,Manual Review Pending analyst validation.
OILPS_OSHA_04056,2025054216,An ironworker was maneuvering a mobile elevated work platform (MEWP) into position to install a structural beam. The employee was pinned between another structural steel beam that was already installe,Safe Mechanical Lifting,0.5159,Energy Isolation,0.0147,0.5012,Working at Height,0.35,PARTIAL_AGREEMENT,Manual Review Pending analyst validation.
OILPS_OSHA_04064,2025054387,"An employee was latching a gooseneck trailer onto a truck. His left hand was caught at the point of attachment, and he suffered a partial amputation to the finger at the first knuckle. nan",Driving,0.9323,Safe Mechanical Lifting,0.8919,0.0404,NONE,0.35,PARTIAL_AGREEMENT,Manual Review Pending analyst validation.
OILPS_OSHA_04066,2025054433,Three employees were assembling a mast for a mobile rig derrick. Each of the two sections are approximately 60 feet long. The lower mast was positioned on stands. The upper mast was supported by an ov,Safe Mechanical Lifting,0.9995,Working at Height,0.9264,0.0731,Safe Mechanical Lifting,0.75,STRONG_AGREEMENT,Manual Review Pending analyst validation.
OILPS_OSHA_04068,2025054581,"On May 15, 2025, an employee was cutting down steel mesh and debris that was protruding from a milled roadway. As the employee began to cut a piece of steel with an angle grinder, he steadied himself ",Energy Isolation,0.1165,Safe Mechanical Lifting,0.1141,0.0024,Hot Work,0.35,PARTIAL_AGREEMENT,Manual Review Pending analyst validation.
OILPS_OSHA_04069,2025054583,An employee was inspecting the facility. There was a frozen injection line. The employee was going to put methanol in the line to thaw it out. He isolated the line to pour in the methanol and was blee,Hot Work,0.0749,Energy Isolation,0.0396,0.0353,Energy Isolation,0.35,PARTIAL_AGREEMENT,Manual Review Pending analyst validation.
OILPS_OSHA_04077,2025054880,"Mechanics were straightening a ladder on the derrick in the shop using an acetylene torch and a 10-ton hydraulic jack. As the mechanics were extending the jack to straighten out the ladder, the cylind",Hot Work,0.2811,Working at Height,0.044,0.2371,Working at Height,0.35,PARTIAL_AGREEMENT,Manual Review Pending analyst validation.
OILPS_OSHA_04080,2025054962,"On 5/27/2025, during the liner press operation, the operator began to carry out the routine cleaning process. While the machine was in jog mode, the operator ejected the die up using the foot pedal. T",Working at Height,0.0136,Energy Isolation,0.0002,0.0134,Line of Fire,0.55,PARTIAL_AGREEMENT,Manual Review Pending analyst validation.
OILPS_OSHA_04081,2025055123,An employee was installing the iron roughneck on the rig floor. He was working to align the holes so the equipment could be pinned in place. His right middle fingertip became caught between the pin so,Working at Height,0.0021,Line of Fire,0.0008,0.0013,Line of Fire,0.55,PARTIAL_AGREEMENT,Manual Review Pending analyst validation.
OILPS_OSHA_04087,2025065219,An employee was opening a pig trap receiver during pigging operations when they were struck by metal grating. The employee sustained a right leg fracture. nan,Safe Mechanical Lifting,0.0149,Line of Fire,0.0106,0.0043,Line of Fire,0.35,PARTIAL_AGREEMENT,Manual Review Pending analyst validation.
OILPS_OSHA_04089,2025065235,An employee was assisting with the delivery of pipe racks to the drilling rig. The driver was releasing the tie-down lock straps that were holding the pipe racks on the trailer. When the last strap wa,Driving,0.0036,Energy Isolation,0.0019,0.0017,Driving,0.75,PARTIAL_AGREEMENT,Manual Review Pending analyst validation.
OILPS_OSHA_04091,2025065306,Employee 1 was operating a crane to move a pumping unit. Employee 2 was holding a tag line. The crane lifted the pumping unit and began rotating clockwise to place it on top of a concrete base. The fr,Hot Work,0.0819,Safe Mechanical Lifting,0.0614,0.0205,Driving | Safe Mechanical Lifting,0.35,PARTIAL_AGREEMENT,Manual Review Pending analyst validation.
OILPS_OSHA_04096,2025065601,"An employee was installing a belt on the regeneration fan at the facility when their left little finger was caught between the fan belt and motor sheave, resulting in a fingertip amputation. nan",Line of Fire,0.001,Energy Isolation,0.0008,0.0002,Line of Fire,0.75,PARTIAL_AGREEMENT,Manual Review Pending analyst validation.
OILPS_OSHA_04101,2025065949,"An employee was working to straighten up a lifting sub for a reamer while it was inside the automated floor wrench. The spinner doors closed, catching the employee's right forearm. The employee sustai",Safe Mechanical Lifting,0.048,Energy Isolation,0.0145,0.0335,Safe Mechanical Lifting,0.75,PARTIAL_AGREEMENT,Manual Review Pending analyst validation.
OILPS_OSHA_04103,2025066063,"On June 24, 2025, an employee and their crew were working in a deenergized power line right-of-way to retire an old line and wooden poles. The employee was operating a digger derrick and the two other",Working at Height,0.5549,Safe Mechanical Lifting,0.1736,0.3813,Energy Isolation,0.7,PARTIAL_AGREEMENT,Manual Review Pending analyst validation.
OILPS_OSHA_04106,2025066189,"An employee was standing on a piece of equipment called a K-brace, approximately 3.5 feet off the ground. He was working to assemble part of the K-brace. He was driving a metal pin with a sledgehammer",Working at Height,0.4101,Energy Isolation,0.0094,0.4007,Driving,0.55,PARTIAL_AGREEMENT,Manual Review Pending analyst validation.
OILPS_OSHA_04107,2025066199,A crew was working over a rig. They were lowering the block from the rig to replace a pump. The block struck two employees as it was being lowered. One employee was not injured. The other employee sus,Line of Fire,0.5775,Working at Height,0.5623,0.0152,NONE,0.35,PARTIAL_AGREEMENT,Manual Review Pending analyst validation.
OILPS_OSHA_04110,2025076412,"On July 3, 2025, at approximately 9:45 PM, an employee was operating a utility task vehicle (UTV) on a project road when the UTV struck the rear of a reversing bulldozer. The employee struck their hea",Energy Isolation,0.0037,Driving,0.0005,0.0032,Driving,0.35,PARTIAL_AGREEMENT,Manual Review Pending analyst validation.
OILPS_OSHA_04113,2025076569,An employee was driving a carry deck/small crane when its boom made contact with an overhead support beam. The employee was jostled in the cab and suffered a concussion. nan,Safe Mechanical Lifting,0.0835,Hot Work,0.0099,0.0736,Driving | Safe Mechanical Lifting,0.75,PARTIAL_AGREEMENT,Manual Review Pending analyst validation.
OILPS_OSHA_04118,2025076762,An employee was spotting for a forklift. He was walking when an assembly valve (that was on or in the ground) fell due to a cave-in. The assembly valve struck the employee's left ankle and fractured i,Energy Isolation,0.487,Safe Mechanical Lifting,0.2977,0.1893,NONE,0.35,PARTIAL_AGREEMENT,Manual Review Pending analyst validation.
OILPS_OSHA_04131,2025077462,An employee was replacing a pop-up roller between the drop plate table and the far stacker conveyor after clearing a jam. The pop-up roller became hung up on the frame of the roller flight conveyor. T,Working at Height,0.0369,Energy Isolation,0.0075,0.0294,Line of Fire,0.35,PARTIAL_AGREEMENT,Manual Review Pending analyst validation.
OILPS_OSHA_04138,2025087712,"An employee was running rods into the hole when his finger became caught between the rod and the rotator, resulting in an amputation of his middle fingertip. nan",Line of Fire,0.007,Energy Isolation,0.0025,0.0045,Line of Fire,0.75,PARTIAL_AGREEMENT,Manual Review Pending analyst validation.
OILPS_OSHA_04140,2025087736,"An employee was using an angle grinder to grind a pin on a quick coupler for an excavator. The grinding wheel failed, resulting in a cheek laceration, fractured orbital bone, and a ruptured eyeball. n",Energy Isolation,0.0017,Line of Fire,0.0011,0.0006,Hot Work,0.35,PARTIAL_AGREEMENT,Manual Review Pending analyst validation.
OILPS_OSHA_04144,2025087826,"An employee was performing bolting activities with a wrench. The employee's left index finger was caught between the wrench and a flange, and the fingertip was partially amputated. nan",Safe Mechanical Lifting,0.0637,Line of Fire,0.001,0.0627,Line of Fire,0.35,PARTIAL_AGREEMENT,Manual Review Pending analyst validation.
OILPS_OSHA_04151,2025088094,"An employee was standing at the base of a work-over rig that was being scoped down. He was holding the guide cables, standing near the base of the rig, and looking up as it was lowered. A 3-inch snatc",Safe Mechanical Lifting,0.9956,Working at Height,0.8839,0.1117,NONE,0.35,PARTIAL_AGREEMENT,Manual Review Pending analyst validation.
OILPS_OSHA_04153,2025088262,An employee was operating an unloaded telehandler when it rolled down an embankment. The employee suffered a back injury and was hospitalized. nan,Safe Mechanical Lifting,0.6725,Hot Work,0.0975,0.575,NONE,0.35,PARTIAL_AGREEMENT,Manual Review Pending analyst validation.
OILPS_OSHA_04160,2025088531,An employee was descending a dirt road on a utility task vehicle (UTV) after finishing fueling a booster pump. The vehicle left the dirt road and went over a fallen tree. The employee sustained broken,Driving,0.0057,Working at Height,0.0013,0.0044,Driving,0.75,PARTIAL_AGREEMENT,Manual Review Pending analyst validation.
OILPS_OSHA_04185,2025099616,"An employee was hydro testing and pressurizing a pipe when it blew. The lid struck the employee, causing a gash to his elbow and injury to his abdominal area that required surgery. nan",Safe Mechanical Lifting,0.6543,Working at Height,0.0581,0.5962,NONE,0.35,PARTIAL_AGREEMENT,Manual Review Pending analyst validation.
OILPS_OSHA_04187,2025099684,An employee was rigging up a location. He was using an Allen wrench to free up rotation and start the drawworks engine manually. The engine rotated and his left little finger became caught between the,Safe Mechanical Lifting,0.5464,Driving,0.025,0.5214,Line of Fire | Safe Mechanical Lifting,0.75,PARTIAL_AGREEMENT,Manual Review Pending analyst validation.
OILPS_OSHA_04194,2025109905,"An employee arrived on location and loaded a blow-out-preventer (BOP) on a 1-ton flatbed truck. While standing on the flatbed securing the the BOP, the employee stepped into a void/hole on the flatbed",Driving,0.5401,Working at Height,0.3467,0.1934,Working at Height,0.35,PARTIAL_AGREEMENT,Manual Review Pending analyst validation.
OILPS_OSHA_04196,20251010061,"An employee was stopping traffic at a job site so a piece of equipment could be moved to another location when he was struck by a car. It sent him in the air and he landed on his back, resulting in ho",Energy Isolation,0.1372,Line of Fire,0.0651,0.0721,Line of Fire,0.35,PARTIAL_AGREEMENT,Manual Review Pending analyst validation.
OILPS_OSHA_04199,20251010185,An employee was working as a fire watch. The employee was exposed to anhydrous ammonia and was not able to see while climbing down a ladder due to eye irritation. The employee fell and was hospitalize,Working at Height,0.01,Safe Mechanical Lifting,0.0028,0.0072,Working at Height,0.75,PARTIAL_AGREEMENT,Manual Review Pending analyst validation.
OILPS_OSHA_04202,20251010214,"An employee was pulling production rods out of a well while standing on the rig floor. A fiberglass rod parted, causing the lower half of the production string to fall back into the well bore and stri",Working at Height,0.0037,Driving,0.0001,0.0036,Working at Height,0.75,PARTIAL_AGREEMENT,Manual Review Pending analyst validation.
OILPS_OSHA_04207,20251010281,"An employee was working to remove a stuck fish tool from a drill shoe. Their thumb was struck by a hammer, resulting in amputation. nan",Line of Fire,0.3386,Safe Mechanical Lifting,0.1128,0.2258,Line of Fire,0.75,PARTIAL_AGREEMENT,Manual Review Pending analyst validation.
OILPS_OSHA_04208,20251010318,"An employee was working to install a drive belt on a water pump. He was holding the belt on both sides of the pulley, working to route it over the top. As he pulled down with his right hand, the pulle",Driving,0.7695,Safe Mechanical Lifting,0.6338,0.1357,NONE,0.35,PARTIAL_AGREEMENT,Manual Review Pending analyst validation.
OILPS_OSHA_04215,20251010530,"An employee was stepping down off a 6-inch containment platform to finish loading his truck, when his right ankle rolled. The employee sustained a fractured tibia and fibula at the right ankle and req",Driving,0.6334,Hot Work,0.1949,0.4385,NONE,0.35,PARTIAL_AGREEMENT,Manual Review Pending analyst validation.
OILPS_OSHA_04217,20251010621,"An employee had been cleaning the work area. While lifting a saw, the employee's index finger was lacerated by the saw blade. A tendon was cut and required surgery. nan",Line of Fire,0.017,Hot Work,0.0037,0.0133,Safe Mechanical Lifting,0.35,PARTIAL_AGREEMENT,Manual Review Pending analyst validation.
OILPS_OSHA_04227,20251111300,"An employee was on a scaffold while painting a ceiling when he fell off the scaffold to the floor, resulting in a fractured right wrist and an injured left brow. nan",Hot Work,0.0508,Energy Isolation,0.0058,0.045,Working at Height,0.35,PARTIAL_AGREEMENT,Manual Review Pending analyst validation.
OILPS_OSHA_04229,20251111514,An employee was testing a breaker that energizes a dryer when the breaker tripped. There was a propane leak from the dryer that went into the conduit and bypassed the conduit sealer that was connected,Energy Isolation,0.9608,Bypassing Safety Controls,0.8832,0.0776,Bypassing Safety Controls,0.35,PARTIAL_AGREEMENT,Manual Review Pending analyst validation.
OILPS_OSHA_04230,20251111606,An employee was performing a maintenance activity on a blower and motor pulley system. The employee was rolling a pulley on the blower motor while pulling a belt to jump the belt off the track. The em,Energy Isolation,0.1967,Safe Mechanical Lifting,0.0133,0.1834,Line of Fire,0.35,PARTIAL_AGREEMENT,Manual Review Pending analyst validation.
OILPS_OSHA_04231,20251111637,Employees were function testing an external pipe saw on the bed of a truck. An employee's right hand was near the operating gun and his fingers got caught between the blade guides and gun when the pne,Driving,0.0979,Safe Mechanical Lifting,0.0149,0.083,Line of Fire,0.35,PARTIAL_AGREEMENT,Manual Review Pending analyst validation.
