source_record_id,report_date,country,location,activity,event_type,narrative,top_lsr_1,top_lsr_1_score,top_lsr_2,top_lsr_2_score,top_lsr_3,top_lsr_3_score,lsr_confidence,suggested_labels,lsr_prediction_status,review_reason
HPE_P035,05 Mar 2025,Netherlands,nan,nan,High Potential Event,"A forklift driver’s ankle was struck by a spreader bar during offloading from a truck at the logistics base. There 
were no lifting pockets welded onto the bar. In past lifting operations, the spreade",Driving,0.5259,Energy Isolation,0.0045,Safe Mechanical Lifting,0.0033,MEDIUM,Driving,MEDIUM_CONFIDENCE_HUMAN_REVIEW,MEDIUM_CONFIDENCE
HPE_P054,07 Sep 2025,Qatar,nan,nan,High Potential Event,"During welding activities, the fire watch for the naked flame activity received an electrical shock when attempting to 
shift an electrical welding rod oven. The fire watch, henceforth referred to as ",Hot Work,0.6702,Confined Space,0.0001,Energy Isolation,0.0001,MEDIUM,Hot Work,MEDIUM_CONFIDENCE_HUMAN_REVIEW,MEDIUM_CONFIDENCE
IOGP_SPI_P092,15 Aug 2025,USA,nan,Production operations,nan,"After bringing the well online following a frac hit, there was a release downstream of the 90-degree choke on the 
high-pressure separator. Washout occurred in the dump system adjustable choke due to ",Energy Isolation,0.5824,Confined Space,0.0002,Hot Work,0.0002,MEDIUM,Energy Isolation,MEDIUM_CONFIDENCE_HUMAN_REVIEW,MEDIUM_CONFIDENCE
2015010411,1/12/2015,USA,"DUMAS, TEXAS",nan,Workplace Safety Incident,Employee was removing a flow line from preventer to mud tank. The flow line pinched the employee's finger between the flange and the BOP causing the amputation. nan,Hot Work,0.7884,Energy Isolation,0.6707,Line of Fire,0.666,MEDIUM,Hot Work | Energy Isolation | Line of Fire | Working at Height,MEDIUM_CONFIDENCE_HUMAN_REVIEW,LOW_MARGIN
2015010506,1/15/2015,USA,"LAVERNE, OKLAHOMA",nan,Workplace Safety Incident,Employee burned by flash fire at pumping station while adjusting compressor. nan,Hot Work,0.5995,Line of Fire,0.0006,Confined Space,0.0001,MEDIUM,Hot Work,MEDIUM_CONFIDENCE_HUMAN_REVIEW,MEDIUM_CONFIDENCE
2015010720,1/23/2015,USA,"ULYSSES, KANSAS",nan,Workplace Safety Incident,"An employee was on the stabbing board to hang the tong line. He unhooked the derrick climber from his harness and when he let go of it he was hit in the mouth, lost his footing, and fell even though h",Working at Height,0.9457,Line of Fire,0.9375,Energy Isolation,0.0619,MEDIUM,Working at Height | Line of Fire,MEDIUM_CONFIDENCE_HUMAN_REVIEW,LOW_MARGIN
2015020518,2/18/2015,USA,"AMELIA, LOUISIANA",nan,Workplace Safety Incident,An employee was standing on a pipe rack using his feet to roll pipe to the edge when his foot was caught by a pipe causing him to fall off the rack. The employee's foot was broken by the pipe that als,Energy Isolation,0.4875,Safe Mechanical Lifting,0.4488,Working at Height,0.4106,MEDIUM,Energy Isolation | Safe Mechanical Lifting | Working at Height,MEDIUM_CONFIDENCE_HUMAN_REVIEW,LOW_MARGIN
2015020679,2/22/2015,USA,"STANLEY, NORTH DAKOTA",nan,Workplace Safety Incident,"Employee amputated the tip of the left-hand pinky finger while pulling 20' long pipe from a pipe rack. While pulling one section of pipe from the rack, another pipe shifted; the employee's finger beca",Safe Mechanical Lifting,0.5421,Driving,0.0084,Working at Height,0.0054,MEDIUM,Safe Mechanical Lifting,MEDIUM_CONFIDENCE_HUMAN_REVIEW,MEDIUM_CONFIDENCE
2015030879,3/1/2015,USA,"BIRMINGHAM, ALABAMA",nan,Workplace Safety Incident,"On 3/1/15, an employee was struck by a passenger vehicle in a roadside work zone, resulting in an amputation. nan",Line of Fire,0.5458,Safe Mechanical Lifting,0.0301,Driving,0.0172,MEDIUM,Line of Fire,MEDIUM_CONFIDENCE_HUMAN_REVIEW,MEDIUM_CONFIDENCE
2015031093,3/10/2015,USA,"ODESSA, TEXAS",nan,Workplace Safety Incident,"On or about March 10, 2015, at 2:30 p.m., two employees got struck by a drilling motor and a cart. While pushing the cart from the outside of the building to the inside, the cart tipped and the drilli",Energy Isolation,0.6349,Working at Height,0.0621,Confined Space,0.0051,MEDIUM,Energy Isolation,MEDIUM_CONFIDENCE_HUMAN_REVIEW,MEDIUM_CONFIDENCE
2015030311,3/13/2015,USA,"CRESCENT, OKLAHOMA",nan,Workplace Safety Incident,"An employee was spotting a tractor that was picking up equipment. The employee slipped, and the employee's hand was caught between the tractor and equipment. The hand was crushed and required surgery.",Safe Mechanical Lifting,0.5695,Driving,0.0145,Energy Isolation,0.0114,MEDIUM,Safe Mechanical Lifting,MEDIUM_CONFIDENCE_HUMAN_REVIEW,MEDIUM_CONFIDENCE
2015031221,3/16/2015,USA,"ELMENDORF, TEXAS",nan,Workplace Safety Incident,"An employee amputated his left pinky (small) finger while moving a drill pipe and putting it on a rack. As he lowered the drill pipe, he slipped and his pinky got caught beneath the pipe. nan",Driving,0.9322,Safe Mechanical Lifting,0.8568,Line of Fire,0.2234,MEDIUM,Driving | Safe Mechanical Lifting | Line of Fire,MEDIUM_CONFIDENCE_HUMAN_REVIEW,LOW_MARGIN
2015031378,3/22/2015,USA,"GREELEY, COLORADO",nan,Workplace Safety Incident,"An employee fractured his right middle finger while loading a 250-pound test plug onto the back of his truck. The forklift used to raise the load released it, and the employee's finger got caught betw",Driving,0.6312,Safe Mechanical Lifting,0.168,Line of Fire,0.0178,MEDIUM,Driving,MEDIUM_CONFIDENCE_HUMAN_REVIEW,MEDIUM_CONFIDENCE
2015031548,3/28/2015,USA,"WILLISTON, NORTH DAKOTA",nan,Workplace Safety Incident,Employees were connecting a drill pipe. The injured employee suffered a partial amputation to his pinky finger when it got caught between the pipe and tong. nan,Line of Fire,0.5455,Hot Work,0.0994,Safe Mechanical Lifting,0.0959,MEDIUM,Line of Fire,MEDIUM_CONFIDENCE_HUMAN_REVIEW,MEDIUM_CONFIDENCE
2015041665,4/1/2015,USA,"HOUSTON, TEXAS",nan,Workplace Safety Incident,An employee with a sledgehammer struck the injured employee's left middle finger while he was holding a board. The injured employee's fingertip was amputated. nan,Safe Mechanical Lifting,0.5298,Line of Fire,0.1492,Energy Isolation,0.1394,MEDIUM,Safe Mechanical Lifting,MEDIUM_CONFIDENCE_HUMAN_REVIEW,MEDIUM_CONFIDENCE
2015041709,4/2/2015,USA,"RUNGE, TEXAS",nan,Workplace Safety Incident,"Employees were replacing equipment to install a cannon ball. As they were replacing the equipment, an employee bumped one of the valves. Pressure was released, spraying onto the employee's neck. nan",Energy Isolation,0.6399,Confined Space,0.0124,Hot Work,0.0057,MEDIUM,Energy Isolation,MEDIUM_CONFIDENCE_HUMAN_REVIEW,MEDIUM_CONFIDENCE
2015042422,4/28/2015,USA,"PEARSALL, TEXAS",nan,Workplace Safety Incident,An employee was struck by a company truck at the company's construction yard and hospitalized for a broken leg. nan,Driving,0.5818,Safe Mechanical Lifting,0.0161,Line of Fire,0.0054,MEDIUM,Driving,MEDIUM_CONFIDENCE_HUMAN_REVIEW,MEDIUM_CONFIDENCE
2015052818,5/13/2015,USA,"HOUSTON, TEXAS",nan,Workplace Safety Incident,"An employee was assembling oilfield parts. He had a small piece of pipe (approximately 3-feet high) and was attaching another piece (approximately 500 lbs. with an 18"" diameter) to the upright station",Safe Mechanical Lifting,0.5676,Driving,0.0054,Working at Height,0.0025,MEDIUM,Safe Mechanical Lifting,MEDIUM_CONFIDENCE_HUMAN_REVIEW,MEDIUM_CONFIDENCE
2015053107,5/22/2015,USA,"CHALMETTE, LOUISIANA",nan,Workplace Safety Incident,An operator was instructing a new employee how to operate the hydro blasting machine when it suddenly actuated. The operator suffered injuries to the hand and was admitted to the local hospital for su,Safe Mechanical Lifting,0.5593,Working at Height,0.0062,Work Authorization,0.001,MEDIUM,Safe Mechanical Lifting,MEDIUM_CONFIDENCE_HUMAN_REVIEW,MEDIUM_CONFIDENCE
2015053126,5/24/2015,USA,"DECATUR, ILLINOIS",nan,Workplace Safety Incident,"On May 24, 2015, an employee working near a mud pump suffered an injury to his right leg/knee when he was struck by fluid under pressure when a hose ruptured. nan",Energy Isolation,0.5249,Line of Fire,0.0135,Hot Work,0.0051,MEDIUM,Energy Isolation,MEDIUM_CONFIDENCE_HUMAN_REVIEW,MEDIUM_CONFIDENCE
2015063371,6/3/2015,USA,"AMARILLO, TEXAS",nan,Workplace Safety Incident,"On or about 3 June 2015, at approximately 1825 hours, an AR Daniel Construction employee was hospitalized due to an injury acquired at the jobsite. The employee was working in a trench under the railr",Safe Mechanical Lifting,0.997,Line of Fire,0.9559,Energy Isolation,0.2879,MEDIUM,Safe Mechanical Lifting | Line of Fire,MEDIUM_CONFIDENCE_HUMAN_REVIEW,LOW_MARGIN
2015064028,6/24/2015,USA,"CROSBY, TEXAS",nan,Workplace Safety Incident,An employee was changing a belt on an abrasive blasting machine. The employee placed the belt on the pulley while the machine was still turning. The pulley pulled his finger into the machine. His left,Safe Mechanical Lifting,0.5915,Hot Work,0.0537,Work Authorization,0.0143,MEDIUM,Safe Mechanical Lifting,MEDIUM_CONFIDENCE_HUMAN_REVIEW,MEDIUM_CONFIDENCE
2015074826,7/19/2015,USA,"HUDSON, COLORADO",nan,Workplace Safety Incident,An employee was walking near a forklift holding a non-secure joint casing. The employee sustained a compound fracture to the leg when the joint casing rolled off the forklift tines and landed on the e,Safe Mechanical Lifting,0.9998,Energy Isolation,0.8602,Driving,0.0571,MEDIUM,Safe Mechanical Lifting | Energy Isolation,MEDIUM_CONFIDENCE_HUMAN_REVIEW,LOW_MARGIN
2015074926,7/21/2015,USA,"ORLA, TEXAS",nan,Workplace Safety Incident,"On or about 19 July 2015, at approximately 1600 hours, an employee of Precision Drilling was lowering a roof over the mud tanks area during rigging down procedures. The roof fell on top of him, fractu",Working at Height,0.697,Energy Isolation,0.0084,Safe Mechanical Lifting,0.0048,MEDIUM,Working at Height,MEDIUM_CONFIDENCE_HUMAN_REVIEW,MEDIUM_CONFIDENCE
2015075282,7/30/2015,USA,"WESTLAKE, LOUISIANA",nan,Workplace Safety Incident,An employee was burned by hot water while disconnecting a pump hose that was under pressure. He was hospitalized. nan,Energy Isolation,0.4855,Line of Fire,0.0051,Bypassing Safety Controls,0.0018,MEDIUM,Energy Isolation,MEDIUM_CONFIDENCE_HUMAN_REVIEW,MEDIUM_CONFIDENCE
2015085564,8/7/2015,USA,NORTH DAKOTA,nan,Workplace Safety Incident,Employee was struck by a high pressure rigid line on a oil and gas production site and sustained non-life-threatening injuries. nan,Energy Isolation,0.6451,Safe Mechanical Lifting,0.0002,Bypassing Safety Controls,0.0001,MEDIUM,Energy Isolation,MEDIUM_CONFIDENCE_HUMAN_REVIEW,MEDIUM_CONFIDENCE
2015085925,8/19/2015,USA,"NORCROSS, GEORGIA",nan,Workplace Safety Incident,"An employee was installing light posts when the derrick truck swung the light post and contacted the power line behind them. The trailer holding the post became energized, and the employee received se",Working at Height,0.9902,Driving,0.966,Line of Fire,0.0156,MEDIUM,Working at Height | Driving,MEDIUM_CONFIDENCE_HUMAN_REVIEW,LOW_MARGIN
2015086175,8/26/2015,USA,"LEVELLAND, TEXAS",nan,Workplace Safety Incident,An employee was holding a pin while another employee was driving the pin in with a hammer. The employee's finger was struck by the hammer resulting in the amputation of the fingertip. nan,Line of Fire,0.9907,Safe Mechanical Lifting,0.9422,Energy Isolation,0.121,MEDIUM,Line of Fire | Safe Mechanical Lifting,MEDIUM_CONFIDENCE_HUMAN_REVIEW,LOW_MARGIN
2015096411,9/3/2015,USA,"BAYTOWN, TEXAS",nan,Workplace Safety Incident,An employee was working to set a tool up to start torqueing when his pinky finger got caught between the hydraulic torque wrench and a part. He dislocated his pinky finger. nan,Safe Mechanical Lifting,0.5009,Driving,0.0176,Line of Fire,0.0082,MEDIUM,Safe Mechanical Lifting,MEDIUM_CONFIDENCE_HUMAN_REVIEW,MEDIUM_CONFIDENCE
2015096462,9/4/2015,USA,"NORTH PALM BEACH, FLORIDA",nan,Workplace Safety Incident,"An employee was disassembling a one-tier tubular scaffold. The employee removed the cross bracing first. When a coworker removed the planks, the scaffold members came down and struck the employee, cau",Safe Mechanical Lifting,0.9991,Working at Height,0.973,Energy Isolation,0.0363,MEDIUM,Safe Mechanical Lifting | Working at Height,MEDIUM_CONFIDENCE_HUMAN_REVIEW,LOW_MARGIN
2015097053,9/24/2015,USA,"MATHIS, TEXAS",nan,Workplace Safety Incident,An employee was cleaning out the air actuator. The employee called out to a second employee who did not hear him correctly and the second employee closed a valve amputating the employee's right middle,Work Authorization,0.6588,Energy Isolation,0.5323,Confined Space,0.4013,MEDIUM,Work Authorization | Energy Isolation,MEDIUM_CONFIDENCE_HUMAN_REVIEW,LOW_MARGIN
2015107653,10/14/2015,USA,"WILLISTON, NORTH DAKOTA",nan,Workplace Safety Incident,The employee was pulling a safety pin out of an outrigger on the telebelt and had his finger pinched in the outrigger. The employee sustained a flesh amputation to the fingertip of the right hand midd,Working at Height,0.4759,Line of Fire,0.1277,Energy Isolation,0.0818,MEDIUM,Working at Height,MEDIUM_CONFIDENCE_HUMAN_REVIEW,MEDIUM_CONFIDENCE
2015107725,10/16/2015,USA,"HEIDELBERG, MISSISSIPPI",nan,Workplace Safety Incident,The elevator lifting a 30 foot long pipe at an oil well shifted causing the bottom of the pipe to strike an employee in the back. This employee then fell against a second employee pushing the tongs in,Hot Work,0.7223,Safe Mechanical Lifting,0.6088,Energy Isolation,0.5417,MEDIUM,Hot Work | Safe Mechanical Lifting | Energy Isolation,MEDIUM_CONFIDENCE_HUMAN_REVIEW,LOW_MARGIN
2015107970,10/24/2015,USA,"DEER PARK, TEXAS",nan,Workplace Safety Incident,An employee was disposing of lab quantities of chemicals and came in contact with 50% phosphoric acid. The employee suffered chemical burns to the right hand. nan,Work Authorization,0.5953,Safe Mechanical Lifting,0.1868,Energy Isolation,0.0152,MEDIUM,Work Authorization,MEDIUM_CONFIDENCE_HUMAN_REVIEW,MEDIUM_CONFIDENCE
2015108074,10/28/2015,USA,"HOUSTON, TEXAS",nan,Workplace Safety Incident,"An employee was making welding repairs to one of the pad eyes on a 30 inch Blow Out Preventer (BOP). The task required the employee to place the BOP on a table positioner. While welding the 14,000 lbs",Hot Work,0.9936,Working at Height,0.8873,Energy Isolation,0.0759,MEDIUM,Hot Work | Working at Height,MEDIUM_CONFIDENCE_HUMAN_REVIEW,LOW_MARGIN
2015108116,10/30/2015,USA,"MARTINEZ, CALIFORNIA",nan,Workplace Safety Incident,An employee was removing excess grease lube from a boom drum on the derrick with a putty knife and got his right hand fingers caught in the rotating metal gears. His right index finger was amputated a,Line of Fire,0.8292,Working at Height,0.82,Safe Mechanical Lifting,0.0286,MEDIUM,Line of Fire | Working at Height,MEDIUM_CONFIDENCE_HUMAN_REVIEW,LOW_MARGIN
2015118641,11/15/2015,USA,"COTULLA, TEXAS",nan,Workplace Safety Incident,An employee was pulling wire on the slip line of a truck when the wire loop caught and amputated his thumb tip. nan,Driving,0.5355,Line of Fire,0.0011,Bypassing Safety Controls,0.0001,MEDIUM,Driving,MEDIUM_CONFIDENCE_HUMAN_REVIEW,MEDIUM_CONFIDENCE
2015118871,11/23/2015,USA,"WASHINGTON, PENNSYLVANIA",nan,Workplace Safety Incident,An employee suffered a fracture to his left hand while moving a hydraulic catwalk. nan,Safe Mechanical Lifting,0.6257,Line of Fire,0.0097,Hot Work,0.0031,MEDIUM,Safe Mechanical Lifting,MEDIUM_CONFIDENCE_HUMAN_REVIEW,MEDIUM_CONFIDENCE
2015118918,11/24/2015,USA,"OKLAHOMA CITY, OKLAHOMA",nan,Workplace Safety Incident,"An employee was transferring wire cable from a spool to a cradle. His right-hand middle finger got caught between a washer and a bolt, amputating the distal third of his fingertip. He required reattac",Line of Fire,0.4967,Working at Height,0.1299,Safe Mechanical Lifting,0.0089,MEDIUM,Line of Fire,MEDIUM_CONFIDENCE_HUMAN_REVIEW,MEDIUM_CONFIDENCE
2015129745,12/27/2015,USA,"KERSEY, COLORADO",nan,Workplace Safety Incident,An employee was unscrewing a 90 foot vertical pipe weighing 1000 lbs. from the rigging. The pipe came loose and fell onto the employee's right foot. The employee was hospitalized for treatment and the,Safe Mechanical Lifting,0.5559,Working at Height,0.1104,Work Authorization,0.0679,MEDIUM,Safe Mechanical Lifting,MEDIUM_CONFIDENCE_HUMAN_REVIEW,MEDIUM_CONFIDENCE
2016010669,1/23/2016,USA,"DELAWARE CITY, DELAWARE",nan,Workplace Safety Incident,"A Delaware City Refining Company employee was walking to his work location on 1/23/16, at approximately 1:00 AM during an intense snow event. As he was walking, he stopped on the side of the road to a",Driving,0.6189,Line of Fire,0.0054,Working at Height,0.005,MEDIUM,Driving,MEDIUM_CONFIDENCE_HUMAN_REVIEW,MEDIUM_CONFIDENCE
2016010838,1/28/2016,USA,"BATON ROUGE, LOUISIANA",nan,Workplace Safety Incident,An employee was attempting to center a winch drum spacer on a lathe. The winch drum spacer flipped off the lathe and fell onto his right foot resulting in injury. The employee sustained a contusion on,Safe Mechanical Lifting,0.6688,Working at Height,0.0658,Energy Isolation,0.0103,MEDIUM,Safe Mechanical Lifting,MEDIUM_CONFIDENCE_HUMAN_REVIEW,MEDIUM_CONFIDENCE
2016010925,1/30/2016,USA,"LITTLE ROCK, ARKANSAS",nan,Workplace Safety Incident,An employee was using a pry bar to guide the base of a jib crane over the bolts in the floor. The base was suspended by straps attached to a forklift. The base slipped in the straps and pinned the emp,Safe Mechanical Lifting,0.9982,Energy Isolation,0.9744,Line of Fire,0.0188,MEDIUM,Safe Mechanical Lifting | Energy Isolation,MEDIUM_CONFIDENCE_HUMAN_REVIEW,LOW_MARGIN
2016021171,2/7/2016,USA,"VICKSBURG, MISSISSIPPI",nan,Workplace Safety Incident,An employee was repairing a leaking site glass containing caustic acid when the glass ruptured. The employee suffered thermal burns from the wrist to the shoulder. nan,Work Authorization,0.9888,Hot Work,0.9755,Driving,0.7672,MEDIUM,Work Authorization | Hot Work | Driving | Confined Space,MEDIUM_CONFIDENCE_HUMAN_REVIEW,LOW_MARGIN
2016021441,2/16/2016,USA,"BIG LAKE, TEXAS",nan,Workplace Safety Incident,An employee was engaged in rigging down activities. The top drive cradle fell from the rig and struck an employee on the leg resulting in amputation of the leg. nan,Safe Mechanical Lifting,0.5553,Working at Height,0.0645,Energy Isolation,0.0008,MEDIUM,Safe Mechanical Lifting,MEDIUM_CONFIDENCE_HUMAN_REVIEW,MEDIUM_CONFIDENCE
2016021505,2/17/2016,USA,"HOP BOTTOM, PENNSYLVANIA",nan,Workplace Safety Incident,An employee was moving a 2' base plate with a fork truck and 1/2 inch chain. He caught his finger between the fork and the chain amputating the right index fingertip. nan,Driving,0.972,Safe Mechanical Lifting,0.9677,Working at Height,0.0556,MEDIUM,Driving | Safe Mechanical Lifting,MEDIUM_CONFIDENCE_HUMAN_REVIEW,LOW_MARGIN
2016021590,2/20/2016,USA,"CHANUTE, KANSAS",nan,Workplace Safety Incident,"On 2/20/2016, at around 4:00 p.m., an employee was using a machine called a planner to prep the poly pipe for welding repairs when a short burst of flame occurred. The employee received second degree ",Hot Work,0.9979,Energy Isolation,0.9164,Confined Space,0.1296,MEDIUM,Hot Work | Energy Isolation,MEDIUM_CONFIDENCE_HUMAN_REVIEW,LOW_MARGIN
2016021703,2/24/2016,USA,"INGLESIDE, TEXAS",nan,Workplace Safety Incident,An employee was unloading a metal table from a trailer with coworkers when the table flipped and landed on top of the employee. The employee was crushed and required hospitalization. nan,Working at Height,0.4601,Safe Mechanical Lifting,0.0134,Line of Fire,0.009,MEDIUM,Working at Height,MEDIUM_CONFIDENCE_HUMAN_REVIEW,MEDIUM_CONFIDENCE
2016021812,2/26/2016,USA,"MADISONVILLE, TEXAS",nan,Workplace Safety Incident,"On February 26, 2016, an employee had unloaded a load of salt water from the trailer before bringing it to the shop to help a mechanic remove bolts from the lid on the first hatch to replace the scrub",Hot Work,0.4575,Working at Height,0.0291,Energy Isolation,0.0125,MEDIUM,Hot Work,MEDIUM_CONFIDENCE_HUMAN_REVIEW,MEDIUM_CONFIDENCE
2016032066,3/8/2016,USA,"STONEWALL, LOUISIANA",nan,Workplace Safety Incident,"An employee was cleaning wet sand from the sand bin gate when the gate closed on his left hand, causing multiple fractures and lacerations. He required sutures. nan",Safe Mechanical Lifting,0.6593,Line of Fire,0.3084,Working at Height,0.153,MEDIUM,Safe Mechanical Lifting | Line of Fire,MEDIUM_CONFIDENCE_HUMAN_REVIEW,MEDIUM_CONFIDENCE
2016032071,3/8/2016,USA,"ONEIDA, WISCONSIN",nan,Workplace Safety Incident,The employee was picking up hand tools and materials from around a drilling rig when he was struck in the head by a falling drilling rod and knocked unconscious. He suffered a head and neck vertebra i,Energy Isolation,0.5196,Line of Fire,0.0834,Safe Mechanical Lifting,0.0014,MEDIUM,Energy Isolation,MEDIUM_CONFIDENCE_HUMAN_REVIEW,MEDIUM_CONFIDENCE
2016032262,3/14/2016,USA,"LACONIA, NEW HAMPSHIRE",nan,Workplace Safety Incident,"Two employees were cleaning a 30-foot tube with a chemical mixture of hydrochloric and nitric acids inside. The tubing became over-pressurized and the end cap dislodged, spraying the mixture onto the ",Hot Work,0.5288,Energy Isolation,0.0183,Working at Height,0.0103,MEDIUM,Hot Work,MEDIUM_CONFIDENCE_HUMAN_REVIEW,MEDIUM_CONFIDENCE
2016032598,3/28/2016,USA,"PENNSBORO, WEST VIRGINIA",nan,Workplace Safety Incident,"On March 28, 2016, at approximately 11:20 p.m., an employee exited his excavator and peered into the bin where he was placing additives. Wearing metatarsal gloves, the employee placed his left hand on",Line of Fire,0.5916,Working at Height,0.0253,Safe Mechanical Lifting,0.0056,MEDIUM,Line of Fire,MEDIUM_CONFIDENCE_HUMAN_REVIEW,MEDIUM_CONFIDENCE
2016032719,3/31/2016,USA,"ODESSA, TEXAS",nan,Workplace Safety Incident,"An employee was removing a pump from a truck using a forklift. Another employee was removing the last bolt from the pump on the back of the truck, when the forks of the forklift struck that employee i",Safe Mechanical Lifting,0.9918,Driving,0.9835,Energy Isolation,0.1867,MEDIUM,Safe Mechanical Lifting | Driving,MEDIUM_CONFIDENCE_HUMAN_REVIEW,LOW_MARGIN
2016042817,4/4/2016,USA,"KERSEY, COLORADO",nan,Workplace Safety Incident,"A rig crew was attempting to pull a drill rig through the mud using a company-owned winch truck. While doing so, the winch line separated, striking the injured employee. The employee was hospitalized ",Safe Mechanical Lifting,0.9672,Driving,0.9273,Working at Height,0.0713,MEDIUM,Safe Mechanical Lifting | Driving,MEDIUM_CONFIDENCE_HUMAN_REVIEW,LOW_MARGIN
2016043141,4/14/2016,USA,"ORANGE, TEXAS",nan,Workplace Safety Incident,An employee was transferring wax from a storage tank into a tanker truck. The employee opened a valve that was under pressure and a fire occurred. The employee sustained second and third degree burns ,Energy Isolation,0.9439,Hot Work,0.8479,Confined Space,0.3662,MEDIUM,Energy Isolation | Hot Work,MEDIUM_CONFIDENCE_HUMAN_REVIEW,LOW_MARGIN
2016043167,4/15/2016,USA,"GREENVILLE, TEXAS",nan,Workplace Safety Incident,An employee's finger was partially amputated when it was caught in a strap being used to rig pipe. nan,Line of Fire,0.5094,Safe Mechanical Lifting,0.0013,Driving,0.0009,MEDIUM,Line of Fire,MEDIUM_CONFIDENCE_HUMAN_REVIEW,MEDIUM_CONFIDENCE
2016043279,4/19/2016,USA,"SAINT ROSE, LOUISIANA",nan,Workplace Safety Incident,"Employees were removing a loading arm from the loading platform and were using a rope to hold the loading arm in place. The rope snapped, which caused the arm to swing down and hit an employee in the ",Energy Isolation,0.4798,Hot Work,0.2036,Confined Space,0.0095,MEDIUM,Energy Isolation,MEDIUM_CONFIDENCE_HUMAN_REVIEW,MEDIUM_CONFIDENCE
2016054101,5/12/2016,USA,"MAURICE, LOUISIANA",nan,Workplace Safety Incident,"An employee was moving heavy equipment on the rig floor when his left hand was caught between two pieces of the equipment, amputating his ring fingertip and the first knuckle of his middle finger. nan",Safe Mechanical Lifting,0.5215,Hot Work,0.0712,Energy Isolation,0.0187,MEDIUM,Safe Mechanical Lifting,MEDIUM_CONFIDENCE_HUMAN_REVIEW,MEDIUM_CONFIDENCE
2016054606,5/25/2016,USA,"WATONGA, OKLAHOMA",nan,Workplace Safety Incident,"An employee was plumbing in a separator on a natural gas line that had pressure in it. The line blew up and knocked the employee to the ground, spraying him with dirt and rocks. He fractured his skull",Energy Isolation,0.9916,Confined Space,0.9557,Hot Work,0.3242,MEDIUM,Energy Isolation | Confined Space,MEDIUM_CONFIDENCE_HUMAN_REVIEW,LOW_MARGIN
2016065805,6/28/2016,USA,"ELMWOOD, OKLAHOMA",nan,Workplace Safety Incident,"An employee was pulling a rope connected to tubing when the tubing bent and the attached clamp struck him in the face and collarbone. He suffered a facial laceration and fractured collarbone, requirin",Safe Mechanical Lifting,0.4844,Energy Isolation,0.0525,Line of Fire,0.0271,MEDIUM,Safe Mechanical Lifting,MEDIUM_CONFIDENCE_HUMAN_REVIEW,MEDIUM_CONFIDENCE
2016065896,6/30/2016,USA,"CLAYSVILLE, PENNSYLVANIA",nan,Workplace Safety Incident,"An employee was performing maintenance on skid steer equipment. The employee was changing the bucket and putting pins on. The lock pins were stuck so the employee used a pry bar to pop it loose, but i",Energy Isolation,0.4758,Line of Fire,0.0012,Confined Space,0.0011,MEDIUM,Energy Isolation,MEDIUM_CONFIDENCE_HUMAN_REVIEW,MEDIUM_CONFIDENCE
2016076246,7/12/2016,USA,"HARTS, WEST VIRGINIA",nan,Workplace Safety Incident,"On July 12, 2016, at approximately 1:45 p.m., an employee was attempting to remove a stairway from a 100-barrel tank that was also being prepped for removal. The stairway was held to a platform by two",Safe Mechanical Lifting,0.5017,Work Authorization,0.1837,Hot Work,0.1127,MEDIUM,Safe Mechanical Lifting,MEDIUM_CONFIDENCE_HUMAN_REVIEW,MEDIUM_CONFIDENCE
2016076492,7/18/2016,USA,"MIDLAND, TEXAS",nan,Workplace Safety Incident,Employees were picking up a mud pump using a winch and two trucks. The winch line slipped and broke causing the truck holding the pump to be raised approximately five feet off the ground and then slam,Driving,0.9827,Safe Mechanical Lifting,0.91,Working at Height,0.1436,MEDIUM,Driving | Safe Mechanical Lifting,MEDIUM_CONFIDENCE_HUMAN_REVIEW,LOW_MARGIN
2016076585,7/20/2016,USA,"BAYTOWN, TEXAS",nan,Workplace Safety Incident,"Rigging employees were setting a pipe that was 20 feet long, 24 inches in diameter, and weighed 5 tons. As the load was being transferred from the crane to the rack, the riggers were adjusting the cha",Safe Mechanical Lifting,0.5172,Energy Isolation,0.0052,Working at Height,0.0026,MEDIUM,Safe Mechanical Lifting,MEDIUM_CONFIDENCE_HUMAN_REVIEW,MEDIUM_CONFIDENCE
2016076762,7/25/2016,USA,"INOLA, OKLAHOMA",nan,Workplace Safety Incident,An employee fell 15 feet from a forklift mast while trying to put an overhead door back on its tracks. The employee sustained three broken ribs and an injury to the T9/T10 vertebrae. nan,Safe Mechanical Lifting,0.698,Working at Height,0.4239,Driving,0.0117,MEDIUM,Safe Mechanical Lifting | Working at Height,MEDIUM_CONFIDENCE_HUMAN_REVIEW,MEDIUM_CONFIDENCE
2016087292,8/5/2016,USA,"JOHNSTOWN, COLORADO",nan,Workplace Safety Incident,"An employee was performing tank gauging on a produced water tank. After opening the tank's thief hatch, the employee was exposed to hydrogen sulfide, suffering headaches and nausea. nan",Work Authorization,0.9912,Confined Space,0.9786,Hot Work,0.2139,MEDIUM,Work Authorization | Confined Space,MEDIUM_CONFIDENCE_HUMAN_REVIEW,LOW_MARGIN
2016087463,8/10/2016,USA,"OKLAHOMA CITY, OKLAHOMA",nan,Workplace Safety Incident,"An employee was cleaning a roller with a rag when the rag became caught in the roller. The employee's right index finger was pulled into the roller, causing an abrasion and requiring hospitalization. ",Line of Fire,0.6676,Energy Isolation,0.3519,Working at Height,0.1305,MEDIUM,Line of Fire | Energy Isolation,MEDIUM_CONFIDENCE_HUMAN_REVIEW,MEDIUM_CONFIDENCE
2016087533,8/12/2016,USA,"EL DORADO, ARKANSAS",nan,Workplace Safety Incident,An employee was moving a 55-gallon drum off a tommy-lift to a pickup truck. The employee tilted the drum back to roll it off the lift and released the drum. The drum pinched the employee's left pinky ,Driving,0.9242,Safe Mechanical Lifting,0.8001,Work Authorization,0.5126,MEDIUM,Driving | Safe Mechanical Lifting | Work Authorization,MEDIUM_CONFIDENCE_HUMAN_REVIEW,LOW_MARGIN
2016087760,8/18/2016,USA,"ALLISON, TEXAS",nan,Workplace Safety Incident,An employee's glove was caught in the tubing while making connections with tubing tongs. The employee's arms were twisted around the tubing resulting in injuries to his arms and hand. nan,Line of Fire,0.6462,Working at Height,0.0014,Hot Work,0.001,MEDIUM,Line of Fire,MEDIUM_CONFIDENCE_HUMAN_REVIEW,MEDIUM_CONFIDENCE
2016087864,8/22/2016,USA,"PASADENA, TEXAS",nan,Workplace Safety Incident,"An employee was standing on the ground tightening a bolt with a wrench. The wrench slipped and the employee fell, fracturing his right hip. nan",Working at Height,0.6147,Safe Mechanical Lifting,0.0102,Energy Isolation,0.007,MEDIUM,Working at Height,MEDIUM_CONFIDENCE_HUMAN_REVIEW,MEDIUM_CONFIDENCE
2016098519,9/8/2016,USA,"IDAHO FALLS, IDAHO",nan,Workplace Safety Incident,An employee was going to weld on the casing of a drilling rig. The employee was sitting on/near the control panel with the right hand on the traveling chain and left hand near the controls. The employ,Safe Mechanical Lifting,0.5424,Working at Height,0.0209,Energy Isolation,0.0117,MEDIUM,Safe Mechanical Lifting,MEDIUM_CONFIDENCE_HUMAN_REVIEW,MEDIUM_CONFIDENCE
2016098843,9/19/2016,USA,"WILLISTON, NORTH DAKOTA",nan,Workplace Safety Incident,"An employee was removing clevises from under a blowout preventer (BOP). The employee retrieved the first clevis, but the second clevis was trapped underneath one of the BOPs. He lifted the BOP up and ",Working at Height,0.6528,Energy Isolation,0.0445,Safe Mechanical Lifting,0.0099,MEDIUM,Working at Height,MEDIUM_CONFIDENCE_HUMAN_REVIEW,MEDIUM_CONFIDENCE
2016099175,9/29/2016,USA,"NAPOLEON, NORTH DAKOTA",nan,Workplace Safety Incident,"An employee was installing an auger on a digger derrick. As he slid the kelly bar down into the sleeve, the bar/sleeve amputated his fingertip. nan",Working at Height,0.6051,Driving,0.0139,Line of Fire,0.0064,MEDIUM,Working at Height,MEDIUM_CONFIDENCE_HUMAN_REVIEW,MEDIUM_CONFIDENCE
2016099194,9/29/2016,USA,"PECOS, TEXAS",nan,Workplace Safety Incident,"During rig down procedures, an employee was moving a mud tank with a tandem truck when an overhead walkway slid, hit the ground, and then struck the employee on the left knee. nan",Driving,0.7649,Hot Work,0.6769,Work Authorization,0.1976,MEDIUM,Driving | Hot Work,MEDIUM_CONFIDENCE_HUMAN_REVIEW,LOW_MARGIN
2016109402,10/5/2016,USA,"GILL, COLORADO",nan,Workplace Safety Incident,An employee was helping to move a stick pipe. He was standing on the ground by the pipe wrangler and had his left hand on the pipe. The pipe skate was too close to the pipe so he motioned to the pipe ,Safe Mechanical Lifting,0.6713,Working at Height,0.0006,Work Authorization,0.0005,MEDIUM,Safe Mechanical Lifting,MEDIUM_CONFIDENCE_HUMAN_REVIEW,MEDIUM_CONFIDENCE
2016109654,10/12/2016,USA,"LEWES, DELAWARE",nan,Workplace Safety Incident,An employee was clearing a blockage in a pipeline and proceeded to blow the line with compressed air. There was a filter screen in the line. The lid on top of the filter screen blew off the filter str,Energy Isolation,0.595,Line of Fire,0.0622,Working at Height,0.0026,MEDIUM,Energy Isolation,MEDIUM_CONFIDENCE_HUMAN_REVIEW,MEDIUM_CONFIDENCE
20161110315,11/1/2016,USA,"TEXAS CITY, TEXAS",nan,Workplace Safety Incident,An employee was troubleshooting an air compressor. The plastic line coupling blew off and struck the employee in the face lacerating and breaking the employee's nose and breaking their cheekbone. nan,Energy Isolation,0.6914,Work Authorization,0.0317,Confined Space,0.0269,MEDIUM,Energy Isolation,MEDIUM_CONFIDENCE_HUMAN_REVIEW,MEDIUM_CONFIDENCE
20161110347,11/2/2016,USA,"BAYTOWN, TEXAS",nan,Workplace Safety Incident,"An employee was walking to his work trailer when he was struck by a work truck, breaking his left tibia and requiring hospitalization. nan",Line of Fire,0.96,Driving,0.9319,Safe Mechanical Lifting,0.1231,MEDIUM,Line of Fire | Driving,MEDIUM_CONFIDENCE_HUMAN_REVIEW,LOW_MARGIN
20161110821,11/17/2016,USA,"DENVER, PENNSYLVANIA",nan,Workplace Safety Incident,"An employee was on a 5-foot ladder cutting a pipe used to carry nitrogen. As the employee was cutting the pipeline, the pipe (which was filled with carbon dioxide) ruptured. The employee suffered a co",Hot Work,0.4622,Energy Isolation,0.1326,Working at Height,0.0558,MEDIUM,Hot Work,MEDIUM_CONFIDENCE_HUMAN_REVIEW,MEDIUM_CONFIDENCE
2017010028,1/1/2017,USA,"TALOGA, OKLAHOMA",nan,Workplace Safety Incident,Employees were using a rough terrain forklift truck to pivot a fork of another rough terrain forklift truck. The fork was tied to its carriage. When the fork was untied it came down and struck an empl,Driving,0.9892,Safe Mechanical Lifting,0.9887,Work Authorization,0.0224,MEDIUM,Driving | Safe Mechanical Lifting,MEDIUM_CONFIDENCE_HUMAN_REVIEW,LOW_MARGIN
2017010067,1/4/2017,USA,"MINOT, NORTH DAKOTA",nan,Workplace Safety Incident,"An employee slipped and fell on ice while walking to a truck, fracturing his right leg. nan",Driving,0.4518,Working at Height,0.0018,Confined Space,0.0003,MEDIUM,Driving,MEDIUM_CONFIDENCE_HUMAN_REVIEW,MEDIUM_CONFIDENCE
2017010858,1/27/2017,USA,"SONORA, TEXAS",nan,Workplace Safety Incident,An employee was cleaning a H2S (hydrogen sulfide) tower using a H2O2 (hydrogen peroxide) chemical when a chemical explosion occurred. The employee suffered burns to an ear and leg. nan,Work Authorization,0.9971,Confined Space,0.9814,Hot Work,0.9577,MEDIUM,Work Authorization | Confined Space | Hot Work,MEDIUM_CONFIDENCE_HUMAN_REVIEW,LOW_MARGIN
2017021091,2/3/2017,USA,"ACKERLY, TEXAS",nan,Workplace Safety Incident,"An employee was cleaning the rig when he reached for something and fell 8 to 10 feet to the ground, fracturing ribs and puncturing a lung. He was hospitalized. His safety lanyard was unhooked at the t",Working at Height,0.6516,Hot Work,0.0006,Driving,0.0002,MEDIUM,Working at Height,MEDIUM_CONFIDENCE_HUMAN_REVIEW,MEDIUM_CONFIDENCE
2017021170,2/6/2017,USA,"DAMON, TEXAS",nan,Workplace Safety Incident,"An employee was loading equipment from a forklift onto the bed of a pick-up truck. When he attempted to step backward, his foot became caught on an object and he began to fall. He tried to catch himse",Driving,0.9932,Safe Mechanical Lifting,0.857,Working at Height,0.2971,MEDIUM,Driving | Safe Mechanical Lifting | Working at Height,MEDIUM_CONFIDENCE_HUMAN_REVIEW,LOW_MARGIN
2017021801,2/25/2017,USA,"CARTERSVILLE, GEORGIA",nan,Workplace Safety Incident,An employee was standing next to a bore pipe observing the work. An excavator was being used to pull an auger bit out of the bore pipe. A chain was attached to the excavator to pull the auger sections,Safe Mechanical Lifting,0.4712,Hot Work,0.0225,Line of Fire,0.0164,MEDIUM,Safe Mechanical Lifting,MEDIUM_CONFIDENCE_HUMAN_REVIEW,MEDIUM_CONFIDENCE
2017032276,3/11/2017,USA,"GRASSY BUTTE, NORTH DAKOTA",nan,Workplace Safety Incident,"An employee was using a rig elevator to pull rods out of a hole. As he lowered blocks down the elevator, the block brakes failed, allowing the elevators to strike and fracture the upper phalange on hi",Safe Mechanical Lifting,0.8298,Driving,0.8072,Working at Height,0.055,MEDIUM,Safe Mechanical Lifting | Driving,MEDIUM_CONFIDENCE_HUMAN_REVIEW,LOW_MARGIN
2017032283,3/12/2017,USA,"CALDWELL, TEXAS",nan,Workplace Safety Incident,An employee was helping a coworker adjust the placement of a cellar cover when he slipped and his right middle fingertip was caught and amputated between the cellar cover handle and the matting board.,Energy Isolation,0.4802,Confined Space,0.0032,Driving,0.0025,MEDIUM,Energy Isolation,MEDIUM_CONFIDENCE_HUMAN_REVIEW,MEDIUM_CONFIDENCE
2017032429,3/16/2017,USA,"MENTONE, TEXAS",nan,Workplace Safety Incident,An employee stepped off of the back of a trailer and placed his foot on the bumper. His foot slipped and was caught between the bumper and the trailer resulting in a fracture. nan,Safe Mechanical Lifting,0.4963,Energy Isolation,0.1611,Line of Fire,0.0695,MEDIUM,Safe Mechanical Lifting,MEDIUM_CONFIDENCE_HUMAN_REVIEW,MEDIUM_CONFIDENCE
2017032735,3/25/2017,USA,"MIDLAND, TEXAS",nan,Workplace Safety Incident,"An employee was removing a 4"" valve with a flange. As he was removing the valve, his right pinky finger was caught between the flange of the valve and the pad-I, amputating it at the first joint. nan",Energy Isolation,0.6126,Line of Fire,0.1563,Safe Mechanical Lifting,0.012,MEDIUM,Energy Isolation,MEDIUM_CONFIDENCE_HUMAN_REVIEW,MEDIUM_CONFIDENCE
2017042984,4/2/2017,USA,"BIG LAKE, TEXAS",nan,Workplace Safety Incident,An employee was trying to get sand to flow through a slot gate when it closed and amputated two of the employee's fingertips. nan,Hot Work,0.6621,Safe Mechanical Lifting,0.0132,Driving,0.0088,MEDIUM,Hot Work,MEDIUM_CONFIDENCE_HUMAN_REVIEW,MEDIUM_CONFIDENCE
2017043386,4/14/2017,USA,"MIDLAND, TEXAS",nan,Workplace Safety Incident,"An employee was loading and unloading 3"" pipe from a trailer to the ground when a pipe rolled and pinched his finger. His finger was amputated. nan",Safe Mechanical Lifting,0.6124,Working at Height,0.0223,Driving,0.0157,MEDIUM,Safe Mechanical Lifting,MEDIUM_CONFIDENCE_HUMAN_REVIEW,MEDIUM_CONFIDENCE
2017043610,4/24/2017,USA,"SUNDOWN, TEXAS",nan,Workplace Safety Incident,"Employees were tripping pipe out of the hole. An employee wanted to roll a pipe section from the catwalk onto the skate. The pipe was having difficulty rolling, so the employee changed the angle of th",Working at Height,0.5923,Driving,0.1061,Work Authorization,0.0577,MEDIUM,Working at Height,MEDIUM_CONFIDENCE_HUMAN_REVIEW,MEDIUM_CONFIDENCE
2017043726,4/25/2017,USA,"MILAN, OHIO",nan,Workplace Safety Incident,An employee was on top of the tanker truck loading fuel into the tanker. The vapors ignited causing an explosion and throwing the employee 20 feet into the air. The employee suffered third degree burn,Hot Work,0.8704,Driving,0.7689,Work Authorization,0.7177,MEDIUM,Hot Work | Driving | Work Authorization,MEDIUM_CONFIDENCE_HUMAN_REVIEW,LOW_MARGIN
2017043747,4/26/2017,USA,"FULTONDALE, ALABAMA",nan,Workplace Safety Incident,"An employee finished installing power line poles and stepped into a truck. The truck derrick made contact with the power line (12kV), resulting in electric shock to the employee. The employee received",Driving,0.9918,Working at Height,0.9313,Work Authorization,0.0051,MEDIUM,Driving | Working at Height,MEDIUM_CONFIDENCE_HUMAN_REVIEW,LOW_MARGIN
2017043912,4/30/2017,USA,"SHINER, TEXAS",nan,Workplace Safety Incident,An employee was unscrewing the oil and gas pipe and was pushed over the edge of the work floor by the high pressure release. The employee fell 10 feet to the ground and broke his left arm. nan,Energy Isolation,0.5194,Working at Height,0.0026,Hot Work,0.0019,MEDIUM,Energy Isolation,MEDIUM_CONFIDENCE_HUMAN_REVIEW,MEDIUM_CONFIDENCE
2017054165,5/8/2017,USA,"TULSA, OKLAHOMA",nan,Workplace Safety Incident,"While climbing a ladder to an acid gas/ammonia gas drum platform, an employee missed the second rung from the top of the ladder and fell approximately 7 feet. The employee suffered a fractured hip and",Working at Height,0.9938,Work Authorization,0.9479,Hot Work,0.3794,MEDIUM,Working at Height | Work Authorization,MEDIUM_CONFIDENCE_HUMAN_REVIEW,LOW_MARGIN
2017054302,5/11/2017,USA,"BIG SPRING, TEXAS",nan,Workplace Safety Incident,"A well-servicing rig crew was tripping pipe out of a hole when the safety pin on the tongs (torqueing device) broke, allowing the tongs to strike an employee and knock him off the work platform. He fe",Working at Height,0.5566,Hot Work,0.0159,Confined Space,0.0052,MEDIUM,Working at Height,MEDIUM_CONFIDENCE_HUMAN_REVIEW,MEDIUM_CONFIDENCE
2017054457,5/16/2017,USA,"HOUMA, LOUISIANA",nan,Workplace Safety Incident,An employee was doing maintenance on a hydraulic tong. He was using his left index finger to remove water from the top of the tong's ring gear when the machine was activated. The tong began to rotate ,Working at Height,0.7953,Safe Mechanical Lifting,0.653,Line of Fire,0.3528,MEDIUM,Working at Height | Safe Mechanical Lifting | Line of Fire,MEDIUM_CONFIDENCE_HUMAN_REVIEW,LOW_MARGIN
2017065268,6/9/2017,USA,"MIDLAND, TEXAS",nan,Workplace Safety Incident,"An employee was trying to remove sand that was stuck in a jammed sand equipment door. The employee was using a hammer on the door when the door slipped and caught the employee's left hand, crushing th",Safe Mechanical Lifting,0.6822,Hot Work,0.1343,Energy Isolation,0.0067,MEDIUM,Safe Mechanical Lifting,MEDIUM_CONFIDENCE_HUMAN_REVIEW,MEDIUM_CONFIDENCE
2017065270,6/9/2017,USA,"LONGVIEW, TEXAS",nan,Workplace Safety Incident,An employee was moving a crane pad and amputated the right pinky finger at the first knuckle when it was caught in a pinch point between the outrigger and the cylinder. nan,Safe Mechanical Lifting,0.4898,Line of Fire,0.4697,Driving,0.0013,MEDIUM,Safe Mechanical Lifting | Line of Fire,MEDIUM_CONFIDENCE_HUMAN_REVIEW,LOW_MARGIN
2017065682,6/21/2017,USA,"GREELEY, COLORADO",nan,Workplace Safety Incident,"An employee was rigging some 2-inch manifold piping near a well head when some of the piping tipped and struck the employee's lower left leg, causing a compound fracture. nan",Energy Isolation,0.9975,Safe Mechanical Lifting,0.9909,Work Authorization,0.0594,MEDIUM,Energy Isolation | Safe Mechanical Lifting,MEDIUM_CONFIDENCE_HUMAN_REVIEW,LOW_MARGIN
2017066034,6/29/2017,USA,"ORLA, TEXAS",nan,Workplace Safety Incident,"An employee was attaching the rigging on a base weight when his left foot was caught in the chains. The chains then pulled tight and trapped his left foot between the chains and the hitch, amputating ",Safe Mechanical Lifting,0.8798,Energy Isolation,0.8016,Line of Fire,0.348,MEDIUM,Safe Mechanical Lifting | Energy Isolation | Line of Fire,MEDIUM_CONFIDENCE_HUMAN_REVIEW,LOW_MARGIN
2017076875,7/24/2017,USA,"ALEXANDER, NORTH DAKOTA",nan,Workplace Safety Incident,An employee was driving around a curve in the road when his truck left the roadway and rolled over. He suffered a fractured pelvis. nan,Driving,0.5353,Line of Fire,0.0306,Energy Isolation,0.0077,MEDIUM,Driving,MEDIUM_CONFIDENCE_HUMAN_REVIEW,MEDIUM_CONFIDENCE
2017077019,7/26/2017,USA,"KANAWHA HEAD, WEST VIRGINIA",nan,Workplace Safety Incident,"On July 26, 2017, an employee drove a utility vehicle up a hill to refuel a water pump. While driving the vehicle off the hill, the employee ran into mud, at which time the vehicle's back end kicked o",Driving,0.49,Working at Height,0.0092,Confined Space,0.001,MEDIUM,Driving,MEDIUM_CONFIDENCE_HUMAN_REVIEW,MEDIUM_CONFIDENCE
2017077207,7/26/2017,USA,"WHITE CASTLE, LOUISIANA",nan,Workplace Safety Incident,"The injured employee was standing on a wellhead that weighed about 8,000 pounds. The wellhead was sitting on a ring gasket about 10 feet off the floor. While the employee was unlatching the chain from",Working at Height,0.8844,Safe Mechanical Lifting,0.8687,Energy Isolation,0.1599,MEDIUM,Working at Height | Safe Mechanical Lifting,MEDIUM_CONFIDENCE_HUMAN_REVIEW,LOW_MARGIN
2017077116,7/29/2017,USA,"ANDREWS, TEXAS",nan,Workplace Safety Incident,"An employee was working with a high pressure pump replacing swab. When the cap plug was unscrewed it fell out onto the employee's right middle finger, breaking the finger. nan",Energy Isolation,0.6528,Working at Height,0.0009,Confined Space,0.0005,MEDIUM,Energy Isolation,MEDIUM_CONFIDENCE_HUMAN_REVIEW,MEDIUM_CONFIDENCE
2017077123,7/30/2017,USA,"FREEPORT, PENNSYLVANIA",nan,Workplace Safety Incident,"The employee was assisting with mobile rig removal from a well site. As pipe was being pulled from the hole, rope used for pullout got caught up and pipe began to slip. The employee reached in to grab",Safe Mechanical Lifting,0.5161,Line of Fire,0.0487,Driving,0.0356,MEDIUM,Safe Mechanical Lifting,MEDIUM_CONFIDENCE_HUMAN_REVIEW,MEDIUM_CONFIDENCE
2017087499,8/7/2017,USA,"ALVA, OKLAHOMA",nan,Workplace Safety Incident,An employee was attempting to remove a pin from a derrick when a forklift operator moved the derrick board unexpectedly. The employee's right thumb was then caught and amputated between the pin and th,Safe Mechanical Lifting,0.9953,Working at Height,0.9939,Energy Isolation,0.0696,MEDIUM,Safe Mechanical Lifting | Working at Height,MEDIUM_CONFIDENCE_HUMAN_REVIEW,LOW_MARGIN
2017088366,8/10/2017,USA,"PLEASANTON, TEXAS",nan,Workplace Safety Incident,"An employee was unloading a truck tank when he was exposed to hydrogen sulfide, suffering a headache and nausea. nan",Driving,0.9954,Work Authorization,0.869,Confined Space,0.5599,MEDIUM,Driving | Work Authorization | Confined Space,MEDIUM_CONFIDENCE_HUMAN_REVIEW,LOW_MARGIN
2017087771,8/14/2017,USA,"WASHINGTON, PENNSYLVANIA",nan,Workplace Safety Incident,"A dozer was dragging a flume pipe that came loose and struck an employee in the back. The employee suffered a fractured pelvis and shoulder blade, requiring hospitalization. nan",Safe Mechanical Lifting,0.5628,Energy Isolation,0.1463,Work Authorization,0.0527,MEDIUM,Safe Mechanical Lifting,MEDIUM_CONFIDENCE_HUMAN_REVIEW,MEDIUM_CONFIDENCE
2017088073,8/22/2017,USA,"STIGLER, OKLAHOMA",nan,Workplace Safety Incident,An employee was unloading a goose neck trailer using a winch and cable. The employee's hand was caught in the winch hook when the truck pulled away amputating the index finger below the nail. nan,Safe Mechanical Lifting,0.9996,Driving,0.8823,Line of Fire,0.157,MEDIUM,Safe Mechanical Lifting | Driving,MEDIUM_CONFIDENCE_HUMAN_REVIEW,LOW_MARGIN
2017098441,9/1/2017,USA,"TOPEKA, KANSAS",nan,Workplace Safety Incident,An employee was using a portable grinder with a wire brush wheel to clean a metallic natural gas pipe in preparation for welding. The flow of natural gas had been stopped with a metallic stopper pin. ,Line of Fire,0.9632,Hot Work,0.9381,Safe Mechanical Lifting,0.2188,MEDIUM,Line of Fire | Hot Work | Safe Mechanical Lifting,MEDIUM_CONFIDENCE_HUMAN_REVIEW,LOW_MARGIN
2017098499,9/4/2017,USA,"PRESQUE ISLE, MAINE",nan,Workplace Safety Incident,"An employee was lowering a well pump down a well shaft when a 1/2-inch cable snapped and whipped back up, striking the employee. He suffered lacerations to both hands and bruising on the chest, requir",Driving,0.5867,Confined Space,0.0572,Energy Isolation,0.0518,MEDIUM,Driving,MEDIUM_CONFIDENCE_HUMAN_REVIEW,MEDIUM_CONFIDENCE
2017098926,9/18/2017,USA,"ODESSA, TEXAS",nan,Workplace Safety Incident,"An employee and driver were unloading a frac tank from a winch truck. While trying to unhook the winch cable from the tank, the driver tightened the winch cable instead of loosening it, pinching the e",Driving,0.9951,Safe Mechanical Lifting,0.8491,Working at Height,0.0962,MEDIUM,Driving | Safe Mechanical Lifting,MEDIUM_CONFIDENCE_HUMAN_REVIEW,LOW_MARGIN
2017099138,9/22/2017,USA,"PECOS, TEXAS",nan,Workplace Safety Incident,"An employee's left hand was caught by a pipeline that was being lowered by a rig, partially amputating his thumb, index finger, and forefinger up to the knuckle. He was hospitalized. nan",Safe Mechanical Lifting,0.9841,Line of Fire,0.8942,Driving,0.0091,MEDIUM,Safe Mechanical Lifting | Line of Fire,MEDIUM_CONFIDENCE_HUMAN_REVIEW,LOW_MARGIN
2017099255,9/27/2017,USA,"WATFORD CITY, NORTH DAKOTA",nan,Workplace Safety Incident,"An employee was working approximately 6 feet above ground level servicing a pumpjack when he lost his footing and fell to the ground, fracturing three ribs. nan",Working at Height,0.5842,Driving,0.0152,Line of Fire,0.0033,MEDIUM,Working at Height,MEDIUM_CONFIDENCE_HUMAN_REVIEW,MEDIUM_CONFIDENCE
2017099287,9/27/2017,USA,"BAYTOWN, TEXAS",nan,Workplace Safety Incident,An employee was filling a tanker trailer with used oil that was being pumped from a larger stationary tank. He climbed the trailer-mounted ladder to open the dome hatch to check on the filling process,Energy Isolation,0.9894,Working at Height,0.9235,Confined Space,0.028,MEDIUM,Energy Isolation | Working at Height,MEDIUM_CONFIDENCE_HUMAN_REVIEW,LOW_MARGIN
2017109971,10/17/2017,USA,"CANADIAN, TEXAS",nan,Workplace Safety Incident,"An employee was putting a well online with a wrench when the flow line blew up. The employee received lacerations to the right arm, and the left ankle was nearly amputated. nan",Energy Isolation,0.591,Safe Mechanical Lifting,0.0638,Driving,0.0111,MEDIUM,Energy Isolation,MEDIUM_CONFIDENCE_HUMAN_REVIEW,MEDIUM_CONFIDENCE
20171010313,10/27/2017,USA,"MOUNDSVILLE, WEST VIRGINIA",nan,Workplace Safety Incident,"On October 27, 2017, at approximately 2:45 p.m., an employee was adjusting the forks of a lift. While holding onto the side of the forklift assembly, he boomed up and kicked the fork over with his foo",Safe Mechanical Lifting,0.5608,Hot Work,0.0028,Working at Height,0.0023,MEDIUM,Safe Mechanical Lifting,MEDIUM_CONFIDENCE_HUMAN_REVIEW,MEDIUM_CONFIDENCE
20171010330,10/27/2017,USA,"WARREN, PENNSYLVANIA",nan,Workplace Safety Incident,"An employee was operating a soil boring tool and lifting it out of a 36-inch deep trench. As he was preparing to place the tool on the ground, he lost his grip on it. The tool dropped to the ground, a",Hot Work,0.5531,Confined Space,0.29,Working at Height,0.1506,MEDIUM,Hot Work,MEDIUM_CONFIDENCE_HUMAN_REVIEW,MEDIUM_CONFIDENCE
20171110644,11/4/2017,USA,"BENTON, PENNSYLVANIA",nan,Workplace Safety Incident,"On 11/4/2017, an employee was dismounting a bulldozer when the employee's right foot slipped. The employee then made hard contact with the ground, breaking the tibia and fibula above the right ankle. ",Working at Height,0.5339,Energy Isolation,0.0134,Work Authorization,0.0085,MEDIUM,Working at Height,MEDIUM_CONFIDENCE_HUMAN_REVIEW,MEDIUM_CONFIDENCE
20171110647,11/5/2017,USA,"SEVERANCE, COLORADO",nan,Workplace Safety Incident,"An employee was picking up a mud motor to trip in a hole when a plate fell off the top drive and struck the employee, causing a right index finger amputation. nan",Energy Isolation,0.531,Working at Height,0.0468,Hot Work,0.0215,MEDIUM,Energy Isolation,MEDIUM_CONFIDENCE_HUMAN_REVIEW,MEDIUM_CONFIDENCE
20171110752,11/8/2017,USA,"MIDDLETOWN, OHIO",nan,Workplace Safety Incident,A digger derrick operator was positioning the boom off the back of a truck. He got out of the operator's chair and stepped onto the walk platform to the back of the truck to get a better view of the p,Driving,0.9907,Working at Height,0.8869,Safe Mechanical Lifting,0.0357,MEDIUM,Driving | Working at Height,MEDIUM_CONFIDENCE_HUMAN_REVIEW,LOW_MARGIN
20171110830,11/10/2017,USA,"CANTON, PENNSYLVANIA",nan,Workplace Safety Incident,"An employee was working removing a set of elevators at a gas well drill site when a second employee started a power swivel. The employee's left arm became entangled in the power swivel, breaking it an",Safe Mechanical Lifting,0.6294,Hot Work,0.2281,Energy Isolation,0.192,MEDIUM,Safe Mechanical Lifting,MEDIUM_CONFIDENCE_HUMAN_REVIEW,MEDIUM_CONFIDENCE
20171110889,11/13/2017,USA,"PECOS, TEXAS",nan,Workplace Safety Incident,An employee was sitting on a casing head valve to hold himself up while working in a cellar. He was holding onto a stud with his left hand for support. He was cutting approximately 14 inches off of th,Energy Isolation,0.451,Hot Work,0.009,Line of Fire,0.0058,MEDIUM,Energy Isolation,MEDIUM_CONFIDENCE_HUMAN_REVIEW,MEDIUM_CONFIDENCE
20171111162,11/21/2017,USA,"GRANBURY, TEXAS",nan,Workplace Safety Incident,"An employee was attempting to remove a part from a fracking unit using a torque wrench and a socket. The socket broke in half and the employee slipped and fell to the ground, hitting his head. He suff",Working at Height,0.5903,Energy Isolation,0.0843,Driving,0.004,MEDIUM,Working at Height,MEDIUM_CONFIDENCE_HUMAN_REVIEW,MEDIUM_CONFIDENCE
20171111322,11/28/2017,USA,"CARTHAGE, TEXAS",nan,Workplace Safety Incident,A crew had just installed a high volume separator in an oil field when a blowout occurred. One employee sustained head injuries and was hospitalized. nan,Energy Isolation,0.5836,Hot Work,0.1171,Confined Space,0.0057,MEDIUM,Energy Isolation,MEDIUM_CONFIDENCE_HUMAN_REVIEW,MEDIUM_CONFIDENCE
20171211711,12/10/2017,USA,"WATFORD CITY, NORTH DAKOTA",nan,Workplace Safety Incident,"An employee was operating a vacuum truck when the hose became disconnected and began spraying hot fluid. A fire and then explosion occurred, and the employee suffered serious burns. nan",Driving,0.6581,Hot Work,0.0187,Energy Isolation,0.0013,MEDIUM,Driving,MEDIUM_CONFIDENCE_HUMAN_REVIEW,MEDIUM_CONFIDENCE
20171211863,12/14/2017,USA,"LA PORTE, TEXAS",nan,Workplace Safety Incident,"On 12/14/2017, an employee was using a water jet ""gun"" with hot water coming out at 3,000 psi to spray columns in a sand pit. The high-pressure water then cut his leg, causing an abrasion and requirin",Energy Isolation,0.668,Working at Height,0.0011,Bypassing Safety Controls,0.001,MEDIUM,Energy Isolation,MEDIUM_CONFIDENCE_HUMAN_REVIEW,MEDIUM_CONFIDENCE
20171212168,12/22/2017,USA,"WINDSOR, COLORADO",nan,Workplace Safety Incident,"An employee was working in a flow back trailer when a generator stopped working. The employee tried to restart it and a fire started, causing third degree burns to the employee's hands and second degr",Hot Work,0.9767,Safe Mechanical Lifting,0.834,Line of Fire,0.0559,MEDIUM,Hot Work | Safe Mechanical Lifting,MEDIUM_CONFIDENCE_HUMAN_REVIEW,LOW_MARGIN
2018010479,1/16/2018,USA,"LENORAH, TEXAS",nan,Workplace Safety Incident,"An employee was performing maintenance on a remote seismic vibrator when his right pinky finger became caught in the locking mechanism, amputating it at the first knuckle. nan",Line of Fire,0.5644,Safe Mechanical Lifting,0.0018,Working at Height,0.0018,MEDIUM,Line of Fire,MEDIUM_CONFIDENCE_HUMAN_REVIEW,MEDIUM_CONFIDENCE
2018010630,1/19/2018,USA,"WEST CHESTER, PENNSYLVANIA",nan,Workplace Safety Incident,"An employee fell from the top of a truck and landed on the ground, breaking his leg in two places and requiring surgery. nan",Working at Height,0.9925,Driving,0.9711,Energy Isolation,0.0159,MEDIUM,Working at Height | Driving,MEDIUM_CONFIDENCE_HUMAN_REVIEW,LOW_MARGIN
2018010958,1/29/2018,USA,"WATKINS, COLORADO",nan,Workplace Safety Incident,An employee was helping spot a tractor trailer and was caught between the trailer and flatbed resulting in a fractured pelvis. nan,Safe Mechanical Lifting,0.7361,Line of Fire,0.6203,Energy Isolation,0.0153,MEDIUM,Safe Mechanical Lifting | Line of Fire,MEDIUM_CONFIDENCE_HUMAN_REVIEW,LOW_MARGIN
2018010999,1/30/2018,USA,"COTULLA, TEXAS",nan,Workplace Safety Incident,"An employee was bleeding down an injector line to bring a well back online when the line blew at a 90-connection. A 14-foot, 6-inch section of pipe blew out and broke the employee's tibia/fibula. nan",Energy Isolation,0.5851,Safe Mechanical Lifting,0.2417,Hot Work,0.0038,MEDIUM,Energy Isolation | Safe Mechanical Lifting,MEDIUM_CONFIDENCE_HUMAN_REVIEW,MEDIUM_CONFIDENCE
2018011005,1/30/2018,USA,"WATFORD CITY, NORTH DAKOTA",nan,Workplace Safety Incident,An employee was using a pipe wrench to loosen a fitting on a hot oil truck when the wrench slipped and amputated his left index finger. nan,Driving,0.673,Energy Isolation,0.0109,Confined Space,0.0016,MEDIUM,Driving,MEDIUM_CONFIDENCE_HUMAN_REVIEW,MEDIUM_CONFIDENCE
2018021746,2/20/2018,USA,"KERMIT, TEXAS",nan,Workplace Safety Incident,"An employee was getting the loop out of a drilling line at a spool when the driller started the spool, catching the employee's right hand between the line and spool. The employee's right ring and inde",Energy Isolation,0.6498,Line of Fire,0.0285,Safe Mechanical Lifting,0.0169,MEDIUM,Energy Isolation,MEDIUM_CONFIDENCE_HUMAN_REVIEW,MEDIUM_CONFIDENCE
2018021815,2/22/2018,USA,"CUERO, TEXAS",nan,Workplace Safety Incident,"Three employees nippled up a blowout preventer's operation while standing in ankle-deep water that had cement residue in it. Later, one of the employee's suffered first, second, and third degree burns",Energy Isolation,0.5636,Hot Work,0.0067,Working at Height,0.0048,MEDIUM,Energy Isolation,MEDIUM_CONFIDENCE_HUMAN_REVIEW,MEDIUM_CONFIDENCE
2018021902,2/24/2018,USA,"JOHNSTOWN, COLORADO",nan,Workplace Safety Incident,"An employee was setting a packer on a flatbed trailer to connect and thread the pipe when the employee's hand slipped and the pipe fell on it, trapping a finger between the pipe and the edge of the tr",Safe Mechanical Lifting,0.6496,Working at Height,0.0077,Energy Isolation,0.005,MEDIUM,Safe Mechanical Lifting,MEDIUM_CONFIDENCE_HUMAN_REVIEW,MEDIUM_CONFIDENCE
2018032796,3/22/2018,USA,"BELL CITY, LOUISIANA",nan,Workplace Safety Incident,"An employee was setting a pin in a boom to connect two sections. When the employee went to hit the pin with a sledgehammer, his hand slipped and the sledgehammer struck his hand, fracturing his finger",Line of Fire,0.8149,Working at Height,0.6712,Safe Mechanical Lifting,0.5609,MEDIUM,Line of Fire | Working at Height | Safe Mechanical Lifting,MEDIUM_CONFIDENCE_HUMAN_REVIEW,LOW_MARGIN
2018032813,3/22/2018,USA,"CUERO, TEXAS",nan,Workplace Safety Incident,The injured employee was preparing samples for testing and was processing nitric acid and oil and gas samples in a glass container when the glass container exploded resulting in burns and puncture wou,Work Authorization,0.6723,Confined Space,0.6711,Hot Work,0.2858,MEDIUM,Work Authorization | Confined Space,MEDIUM_CONFIDENCE_HUMAN_REVIEW,LOW_MARGIN
2018033060,3/29/2018,USA,"GEARY, OKLAHOMA",nan,Workplace Safety Incident,"Employees were repairing a cooling unit on a new oil tank battery when a piping union failed and struck the injured employee, who suffered an amputation of the right leg below the knee. nan",Energy Isolation,0.5055,Hot Work,0.4794,Confined Space,0.2753,MEDIUM,Energy Isolation | Hot Work,MEDIUM_CONFIDENCE_HUMAN_REVIEW,LOW_MARGIN
2018043230,4/4/2018,USA,"MORGAN CITY, LOUISIANA",nan,Workplace Safety Incident,"An employee was attempting to attach a lifting clamp to a steel flange plate when the plate fell approximately 6 inches, pinching his fingertip between the ground and the plate. As he pulled his hand ",Working at Height,0.6755,Hot Work,0.0057,Safe Mechanical Lifting,0.0055,MEDIUM,Working at Height,MEDIUM_CONFIDENCE_HUMAN_REVIEW,MEDIUM_CONFIDENCE
2018043465,4/11/2018,USA,"MENTONE, TEXAS",nan,Workplace Safety Incident,An employee was attempting to load a derrick board onto a flatbed haul truck with a forklift. His hand was between the forklift fork and derrick board as he tried to remove a rope from the bottom sect,Safe Mechanical Lifting,0.9992,Working at Height,0.9607,Driving,0.4435,MEDIUM,Safe Mechanical Lifting | Working at Height | Driving,MEDIUM_CONFIDENCE_HUMAN_REVIEW,LOW_MARGIN
2018043494,4/11/2018,USA,"BATAVIA, OHIO",nan,Workplace Safety Incident,"An employee was standing on planking located on the top buck of a two-end frame, tubular-welded frame scaffold when one of the scaffold planks broke, causing the employee to fall 10 feet to the ground",Safe Mechanical Lifting,0.9942,Working at Height,0.9741,Energy Isolation,0.1737,MEDIUM,Safe Mechanical Lifting | Working at Height,MEDIUM_CONFIDENCE_HUMAN_REVIEW,LOW_MARGIN
2018043578,4/13/2018,USA,"STERLING, COLORADO",nan,Workplace Safety Incident,"On 4/02/2018, employees were replacing a pin in the chain for a slat conveyor. The sledge hammer used to pound the pin into the chain missed the pin and struck the left pinky finger of the employee wh",Safe Mechanical Lifting,0.5369,Hot Work,0.1304,Line of Fire,0.0452,MEDIUM,Safe Mechanical Lifting,MEDIUM_CONFIDENCE_HUMAN_REVIEW,MEDIUM_CONFIDENCE
2018043597,4/14/2018,USA,"CUDDY, PENNSYLVANIA",nan,Workplace Safety Incident,An employee was holding a 55-gallon drum in place with his right leg while another employee was attempting to puncture the drum with the forks of a forklift. As the forklift operator applied pressure ,Safe Mechanical Lifting,0.9982,Energy Isolation,0.9702,Working at Height,0.3455,MEDIUM,Safe Mechanical Lifting | Energy Isolation | Working at Height,MEDIUM_CONFIDENCE_HUMAN_REVIEW,LOW_MARGIN
2018043698,4/18/2018,USA,"ROCHESTER, NEW YORK",nan,Workplace Safety Incident,"An employee was removing debris from the job site and was on a digger derrick dumpster truck when he fell off the truck edge to the ground, fracturing his patella and lacerating his forehead. nan",Driving,0.9973,Working at Height,0.9698,Safe Mechanical Lifting,0.0082,MEDIUM,Driving | Working at Height,MEDIUM_CONFIDENCE_HUMAN_REVIEW,LOW_MARGIN
2018043824,4/21/2018,USA,"FORT DAVIS, TEXAS",nan,Workplace Safety Incident,An employee was about to go down a flight of stairs but noticed someone coming up the same stairs. He then re-directed to go to another set of stairs but tripped and fell. He shattered his left elbow ,Safe Mechanical Lifting,0.5115,Energy Isolation,0.0719,Driving,0.0048,MEDIUM,Safe Mechanical Lifting,MEDIUM_CONFIDENCE_HUMAN_REVIEW,MEDIUM_CONFIDENCE
2018044133,4/30/2018,USA,"PENNSBORO, WEST VIRGINIA",nan,Workplace Safety Incident,An employee was performing maintenance on a pump at a gas well frac job. The employee removed the top cap off of the pump and removed the top valve. The employee went to remove the bottom valve and th,Work Authorization,0.6468,Energy Isolation,0.4698,Working at Height,0.3105,MEDIUM,Work Authorization | Energy Isolation | Working at Height,MEDIUM_CONFIDENCE_HUMAN_REVIEW,MEDIUM_CONFIDENCE
2018054526,5/9/2018,USA,"MENTONE, TEXAS",nan,Workplace Safety Incident,"An employee was attempting to enter a pick-up when he lost his footing, fell, and struck his right side flank on the side step of the vehicle. He suffered a right kidney contusion and hematuria. nan",Working at Height,0.5812,Driving,0.2446,Energy Isolation,0.1133,MEDIUM,Working at Height,MEDIUM_CONFIDENCE_HUMAN_REVIEW,MEDIUM_CONFIDENCE
2018055135,5/25/2018,USA,"KINGFISHER, OKLAHOMA",nan,Workplace Safety Incident,"An employee was observing pressure line testing, heard a hissing sound, stepped back to observe and fell into steel rebar. The employee was hospitalized for puncture wounds and internal bleeding. nan",Energy Isolation,0.4789,Working at Height,0.0013,Confined Space,0.0007,MEDIUM,Energy Isolation,MEDIUM_CONFIDENCE_HUMAN_REVIEW,MEDIUM_CONFIDENCE
2018055178,5/26/2018,USA,"WATFORD CITY, NORTH DAKOTA",nan,Workplace Safety Incident,"An employee was unscrewing a 2-inch iron elbow from a 2-inch iron straight pipe. The pipe shifted, and his left index finger was pinched between the elbow and the pipe. His left index finger was amput",Safe Mechanical Lifting,0.8797,Working at Height,0.7886,Driving,0.7487,MEDIUM,Safe Mechanical Lifting | Working at Height | Driving,MEDIUM_CONFIDENCE_HUMAN_REVIEW,LOW_MARGIN
2018055318,5/31/2018,USA,"GLEN DALE, WEST VIRGINIA",nan,Workplace Safety Incident,"An employee climbed the ladder on the back of a water truck to load water into the truck using a fire hose. When the water to the hose was turned on, the employee was startled by the pressure and fell",Working at Height,0.6697,Driving,0.2533,Energy Isolation,0.1469,MEDIUM,Working at Height | Driving,MEDIUM_CONFIDENCE_HUMAN_REVIEW,MEDIUM_CONFIDENCE
2018065485,6/5/2018,USA,"PLAINS, TEXAS",nan,Workplace Safety Incident,An employee was securing a set of chains to the slip for the blowout preventer (BOP) when the tongs engaged causing the slip to grab pipe and begin to spin. The injured employee's right hand was caugh,Energy Isolation,0.6921,Working at Height,0.2177,Safe Mechanical Lifting,0.1329,MEDIUM,Energy Isolation,MEDIUM_CONFIDENCE_HUMAN_REVIEW,MEDIUM_CONFIDENCE
2018065666,6/10/2018,USA,"CLARKSBURG, WEST VIRGINIA",nan,Workplace Safety Incident,"On June 10, 2018, at approximately 3:30 p.m., an employee suffered a partial amputation to the left middle finger while greasing the gears of the power tongs. nan",Hot Work,0.5183,Safe Mechanical Lifting,0.3814,Energy Isolation,0.0384,MEDIUM,Hot Work | Safe Mechanical Lifting,MEDIUM_CONFIDENCE_HUMAN_REVIEW,LOW_MARGIN
2018065705,6/11/2018,USA,"ELK CITY, OKLAHOMA",nan,Workplace Safety Incident,An employee was standing on the top step of a 2-foot stepladder to change paint booth filters. The employee fell off the stepladder to the concrete floor and fractured the right hip. nan,Working at Height,0.6908,Energy Isolation,0.0073,Safe Mechanical Lifting,0.0005,MEDIUM,Working at Height,MEDIUM_CONFIDENCE_HUMAN_REVIEW,MEDIUM_CONFIDENCE
2018065915,6/15/2018,USA,"WILLISTON, NORTH DAKOTA",nan,Workplace Safety Incident,"An employee was operating a pipe handler when a drilling pipe was released and struck his right hand, resulting in a pinky finger amputation and fractures to the ring and middle fingers. nan",Line of Fire,0.6615,Safe Mechanical Lifting,0.4833,Energy Isolation,0.0266,MEDIUM,Line of Fire | Safe Mechanical Lifting,MEDIUM_CONFIDENCE_HUMAN_REVIEW,MEDIUM_CONFIDENCE
2018065932,6/16/2018,USA,"CATAWISSA, PENNSYLVANIA",nan,Workplace Safety Incident,"An employee was steadying a road boring machine as it was loaded onto the back of a truck. The employee's right index finger was in a pinch point when the machine was lowered onto the finger, crushing",Line of Fire,0.9803,Driving,0.9564,Safe Mechanical Lifting,0.2444,MEDIUM,Line of Fire | Driving | Safe Mechanical Lifting,MEDIUM_CONFIDENCE_HUMAN_REVIEW,LOW_MARGIN
2018066017,6/19/2018,USA,"EIGHTY FOUR, PENNSYLVANIA",nan,Workplace Safety Incident,"An employee was working in an aerial lift to loosen a cam-lock trap when a cap struck the employee's face, requiring hospitalization. nan",Energy Isolation,0.5738,Safe Mechanical Lifting,0.0196,Hot Work,0.0023,MEDIUM,Energy Isolation,MEDIUM_CONFIDENCE_HUMAN_REVIEW,MEDIUM_CONFIDENCE
2018066035,6/19/2018,USA,"ENCINAL, TEXAS",nan,Workplace Safety Incident,"An employee was taking a joint of iron off the back of a truck and rotating it back into the cradle where it was stored. A brace was missing; when the joint was put into its resting spot, it kept roll",Driving,0.9421,Safe Mechanical Lifting,0.8057,Hot Work,0.016,MEDIUM,Driving | Safe Mechanical Lifting,MEDIUM_CONFIDENCE_HUMAN_REVIEW,LOW_MARGIN
2018066072,6/20/2018,USA,"HOUSTON, TEXAS",nan,Workplace Safety Incident,"An employee was helping a crew inspect a newly installed pipeline. High-pressure water and construction debris escaped from the pipeline during pigging operations, knocking over the employee and injur",Energy Isolation,0.6988,Working at Height,0.0003,Bypassing Safety Controls,0.0001,MEDIUM,Energy Isolation,MEDIUM_CONFIDENCE_HUMAN_REVIEW,MEDIUM_CONFIDENCE
2018066271,6/25/2018,USA,"NAUGATUCK, CONNECTICUT",nan,Workplace Safety Incident,"On June 25, 2018, an employee was using a sling to offload 120-gallon tanks from the back of a truck. He fell from the truck to the ground, sustaining a lumbar compression fracture. nan",Driving,0.9884,Working at Height,0.9644,Safe Mechanical Lifting,0.9492,MEDIUM,Driving | Working at Height | Safe Mechanical Lifting,MEDIUM_CONFIDENCE_HUMAN_REVIEW,LOW_MARGIN
2018066426,6/27/2018,USA,"EL RENO, OKLAHOMA",nan,Workplace Safety Incident,"Three employees were moving a tool from the wash bay to two tool stands. The rear tool stand became caught on the lip of the floor and collapsed, causing the tool to fall off the stand. One of the emp",Hot Work,0.5189,Energy Isolation,0.2321,Working at Height,0.0044,MEDIUM,Hot Work,MEDIUM_CONFIDENCE_HUMAN_REVIEW,MEDIUM_CONFIDENCE
2018076735,7/5/2018,USA,"ACWORTH, GEORGIA",nan,Workplace Safety Incident,"An employee was helping a skid steer operator. The skid steer struck the employee, who suffered a broken right leg. The employee was hospitalized. nan",Energy Isolation,0.4984,Safe Mechanical Lifting,0.3753,Work Authorization,0.0359,MEDIUM,Energy Isolation | Safe Mechanical Lifting,MEDIUM_CONFIDENCE_HUMAN_REVIEW,LOW_MARGIN
2018076846,7/9/2018,USA,"FOWLERTON, TEXAS",nan,Workplace Safety Incident,"An employee was working on a drilling rig location, adjusting and pushing forklift blades, when the blades pinched the employee's middle finger, resulting in a fingertip amputation. nan",Safe Mechanical Lifting,0.5093,Work Authorization,0.0043,Driving,0.0026,MEDIUM,Safe Mechanical Lifting,MEDIUM_CONFIDENCE_HUMAN_REVIEW,MEDIUM_CONFIDENCE
2018077232,7/18/2018,USA,"KINGFISHER, OKLAHOMA",nan,Workplace Safety Incident,While flushing chemical from a tanker truck an explosion occurred that burned three employees. One of the injured employees was hospitalized with burns to the face and hands. nan,Hot Work,0.991,Driving,0.8822,Confined Space,0.2515,MEDIUM,Hot Work | Driving,MEDIUM_CONFIDENCE_HUMAN_REVIEW,LOW_MARGIN
2018077523,7/24/2018,USA,"KILGORE, TEXAS",nan,Workplace Safety Incident,An employee was retrieving his tools when he suffered a right pinky fingertip injury that later resulted in an amputation. nan,Line of Fire,0.513,Energy Isolation,0.0212,Safe Mechanical Lifting,0.0205,MEDIUM,Line of Fire,MEDIUM_CONFIDENCE_HUMAN_REVIEW,MEDIUM_CONFIDENCE
2018077531,7/25/2018,USA,"OILMONT, MONTANA",nan,Workplace Safety Incident,"An employee was removing doors from an oil and gas treater with an electric impact gun. His tool arced and lit the gas in the room on fire, causing severe burns to both of his arms. nan",Hot Work,0.6914,Confined Space,0.0031,Work Authorization,0.0004,MEDIUM,Hot Work,MEDIUM_CONFIDENCE_HUMAN_REVIEW,MEDIUM_CONFIDENCE
2018077795,7/31/2018,USA,"ACKERLY, TEXAS",nan,Workplace Safety Incident,"An employee was standing on the drum of an oil rig washing and removing grease from the drum when the operator activated the drum. The employee then fell between the drum and cable, fracturing his rig",Working at Height,0.5044,Energy Isolation,0.0155,Driving,0.0004,MEDIUM,Working at Height,MEDIUM_CONFIDENCE_HUMAN_REVIEW,MEDIUM_CONFIDENCE
2018087842,8/1/2018,USA,"KERMIT, TEXAS",nan,Workplace Safety Incident,"An employee was hit by a falling sheave from a tester that was being placed in a well. The employee was struck in the chest below the collarbone, suffering a liver laceration and bruised lung. nan",Line of Fire,0.9627,Safe Mechanical Lifting,0.8404,Energy Isolation,0.2411,MEDIUM,Line of Fire | Safe Mechanical Lifting,MEDIUM_CONFIDENCE_HUMAN_REVIEW,LOW_MARGIN
2018087878,8/1/2018,USA,"MIDLAND, TEXAS",nan,Workplace Safety Incident,An employee was walking away from a pipeline when it exploded. He suffered second-degree burns. nan,Line of Fire,0.6372,Hot Work,0.279,Confined Space,0.108,MEDIUM,Line of Fire,MEDIUM_CONFIDENCE_HUMAN_REVIEW,MEDIUM_CONFIDENCE
2018087929,8/3/2018,USA,"TARZAN, TEXAS",nan,Workplace Safety Incident,"An employee slipped while working on a blowout preventer, falling about 2 feet to the ground and suffering a broken thumb. nan",Working at Height,0.5954,Energy Isolation,0.0279,Safe Mechanical Lifting,0.0031,MEDIUM,Working at Height,MEDIUM_CONFIDENCE_HUMAN_REVIEW,MEDIUM_CONFIDENCE
2018087959,8/4/2018,USA,"FORT STOCKTON, TEXAS",nan,Workplace Safety Incident,"An employee was working with tongues on the drilling floor when his hand entered a pinch point and the tongues caught his ring finger, resulting in an amputation at the first joint. nan",Safe Mechanical Lifting,0.8955,Line of Fire,0.8905,Hot Work,0.0119,MEDIUM,Safe Mechanical Lifting | Line of Fire,MEDIUM_CONFIDENCE_HUMAN_REVIEW,LOW_MARGIN
2018088136,8/8/2018,USA,"BOSSIER CITY, LOUISIANA",nan,Workplace Safety Incident,Two employees were working on a pump. The first employee had his hand in the pump when the second employee rotated the drive line. The rotating pump parts then caused an amputation to the first employ,Line of Fire,0.527,Working at Height,0.1569,Hot Work,0.1012,MEDIUM,Line of Fire,MEDIUM_CONFIDENCE_HUMAN_REVIEW,MEDIUM_CONFIDENCE
2018088234,8/12/2018,USA,"BIG SPRING, TEXAS",nan,Workplace Safety Incident,"An employee was working on a work-over rig floor at a well site, pulling equipment out of a rod basket, when a 2.5-foot-long x 1.5-inch-diameter metal rod (safety bar) fell from the rod basket and str",Energy Isolation,0.511,Working at Height,0.0417,Hot Work,0.008,MEDIUM,Energy Isolation,MEDIUM_CONFIDENCE_HUMAN_REVIEW,MEDIUM_CONFIDENCE
2018088300,8/14/2018,USA,"LITTLE ROCK, ARKANSAS",nan,Workplace Safety Incident,"The injured employee was putting a stencil on the south side of a pipe. Just behind the injured employee, a coworker was in the process of quality testing a finished pipe. The coworker was raising the",Energy Isolation,0.9331,Safe Mechanical Lifting,0.8702,Line of Fire,0.0138,MEDIUM,Energy Isolation | Safe Mechanical Lifting,MEDIUM_CONFIDENCE_HUMAN_REVIEW,LOW_MARGIN
2018088609,8/21/2018,USA,"SAN AUGUSTINE, TEXAS",nan,Workplace Safety Incident,"An employee was rigging up an isolation tool when he started to experience symptoms of heat exhaustion, requiring hospitalization. nan",Safe Mechanical Lifting,0.6258,Driving,0.0109,Work Authorization,0.0045,MEDIUM,Safe Mechanical Lifting,MEDIUM_CONFIDENCE_HUMAN_REVIEW,MEDIUM_CONFIDENCE
2018099551,9/15/2018,USA,"BELMONT, WISCONSIN",nan,Workplace Safety Incident,"On September 15, 2018, an employee removed a pipeline cap on a CIP line and was burned by hot water and chemicals. The employee suffered burns to the face, back, arms, and legs. nan",Safe Mechanical Lifting,0.5139,Work Authorization,0.4115,Driving,0.1642,MEDIUM,Safe Mechanical Lifting,MEDIUM_CONFIDENCE_HUMAN_REVIEW,LOW_MARGIN
2018099830,9/22/2018,USA,"KANSAS CITY, MISSOURI",nan,Workplace Safety Incident,An employee was setting out cones in a work zone after the required signs had been set and was struck by a vehicle. The employee was hospitalized for multiple fractures of the right tibia and a single,Line of Fire,0.5661,Driving,0.0609,Safe Mechanical Lifting,0.0551,MEDIUM,Line of Fire,MEDIUM_CONFIDENCE_HUMAN_REVIEW,MEDIUM_CONFIDENCE
20181010659,10/16/2018,USA,"MONAHANS, TEXAS",nan,Workplace Safety Incident,"An employee was handling a racking board section. When the employee knocked a pin out of the racking board section, the racking board fell and hit the employee's left leg. The employee suffered a disl",Energy Isolation,0.458,Working at Height,0.0369,Work Authorization,0.0139,MEDIUM,Energy Isolation,MEDIUM_CONFIDENCE_HUMAN_REVIEW,MEDIUM_CONFIDENCE
20181010956,10/23/2018,USA,"POCASSET, OKLAHOMA",nan,Workplace Safety Incident,"An employee fell from a truck to the ground while loading the bulk truck with material, suffering arm, wrist, and rib fractures. nan",Driving,0.9975,Working at Height,0.9305,Safe Mechanical Lifting,0.0031,MEDIUM,Driving | Working at Height,MEDIUM_CONFIDENCE_HUMAN_REVIEW,LOW_MARGIN
20181011215,10/31/2018,USA,"CANTON, PENNSYLVANIA",nan,Workplace Safety Incident,"An employee was spotting for a track hoe when he was caught by the tracks, fracturing his right leg in three places. nan",Line of Fire,0.4579,Safe Mechanical Lifting,0.0199,Working at Height,0.0034,MEDIUM,Line of Fire,MEDIUM_CONFIDENCE_HUMAN_REVIEW,MEDIUM_CONFIDENCE
20181111619,11/10/2018,USA,"DALTON, GEORGIA",nan,Workplace Safety Incident,"Employees were changing a gasket on a steam line, using a tubular welded scaffold with 28-inch aluminum work planks two sections high. An employee fell about 12 feet from the scaffold, making contact ",Working at Height,0.6704,Safe Mechanical Lifting,0.0193,Hot Work,0.0071,MEDIUM,Working at Height,MEDIUM_CONFIDENCE_HUMAN_REVIEW,MEDIUM_CONFIDENCE
20181111869,11/17/2018,USA,"MCGREGOR, NORTH DAKOTA",nan,Workplace Safety Incident,An employee was ventilating a building containing a gas leak and the gases ignited when the employee opened the door. The employee suffered first degree burns to the face and neck and second degree bu,Hot Work,0.9906,Work Authorization,0.9446,Confined Space,0.5213,MEDIUM,Hot Work | Work Authorization | Confined Space,MEDIUM_CONFIDENCE_HUMAN_REVIEW,LOW_MARGIN
20181111906,11/19/2018,USA,"WHITSETT, TEXAS",nan,Workplace Safety Incident,"An employee was rigging down an oil rig mast. While the pin was being removed from the derrick board brace, the derrick board swung and hit the employee in the rib area. The employee suffered contusio",Working at Height,0.99,Safe Mechanical Lifting,0.9768,Energy Isolation,0.2154,MEDIUM,Working at Height | Safe Mechanical Lifting,MEDIUM_CONFIDENCE_HUMAN_REVIEW,LOW_MARGIN
20181212989,12/19/2018,USA,"MONTGOMERY, ALABAMA",nan,Workplace Safety Incident,An employee was removing Christmas tree lights from a trailer when his little finger was smashed between a forklift bar and a steel bar. He suffered an amputation to the finger. nan,Safe Mechanical Lifting,0.9003,Energy Isolation,0.8757,Driving,0.3774,MEDIUM,Safe Mechanical Lifting | Energy Isolation | Driving,MEDIUM_CONFIDENCE_HUMAN_REVIEW,LOW_MARGIN
20181213289,12/31/2018,USA,"MIDLAND, TEXAS",nan,Workplace Safety Incident,"An employee was loading casing on a rack with a PIT. One of the casings was hanging off of the rack. When the employee went to move it by hand, it rolled off and struck the employee resulting in a bro",Safe Mechanical Lifting,0.6382,Energy Isolation,0.2103,Hot Work,0.0351,MEDIUM,Safe Mechanical Lifting,MEDIUM_CONFIDENCE_HUMAN_REVIEW,MEDIUM_CONFIDENCE
2019010164,1/7/2019,USA,"COTULLA, TEXAS",nan,Workplace Safety Incident,"An employee was helping to lower an exhaust catalyst to the ground with a rope when it created a loop that caught the employees' right gloved finger, resulting in a fingertip amputation. nan",Energy Isolation,0.5253,Safe Mechanical Lifting,0.5159,Hot Work,0.324,MEDIUM,Energy Isolation | Safe Mechanical Lifting,MEDIUM_CONFIDENCE_HUMAN_REVIEW,LOW_MARGIN
2019010417,1/14/2019,USA,"MONAHANS, TEXAS",nan,Workplace Safety Incident,Employees were loading 6.5-inch drill collars onto a 40-foot flatbed trailer for transport. The injured employee was attempting to install a band around a collar to secure it when the drill collar rol,Working at Height,0.6168,Line of Fire,0.2891,Energy Isolation,0.2138,MEDIUM,Working at Height | Line of Fire,MEDIUM_CONFIDENCE_HUMAN_REVIEW,MEDIUM_CONFIDENCE
2019010489,1/15/2019,USA,"WILLISTON, NORTH DAKOTA",nan,Workplace Safety Incident,An employee was using a loader to place a 4.5-inch casing onto a pipe rack. The employee noticed the casing was rolling off of the pipe rack and exited the loader to stop it. The casing rolled onto th,Energy Isolation,0.9143,Safe Mechanical Lifting,0.8989,Work Authorization,0.1022,MEDIUM,Energy Isolation | Safe Mechanical Lifting,MEDIUM_CONFIDENCE_HUMAN_REVIEW,LOW_MARGIN
2019010782,1/22/2019,USA,"HUNTINGDON VALLEY, PENNSYLVANIA",nan,Workplace Safety Incident,"While checking on equipment on the back of a welding truck, an employee fell off the back of the truck to the ground about 36 inches below. The employee suffered multiple fractures and was hospitalize",Hot Work,0.996,Driving,0.9155,Confined Space,0.3674,MEDIUM,Hot Work | Driving,MEDIUM_CONFIDENCE_HUMAN_REVIEW,LOW_MARGIN
2019011012,1/28/2019,USA,"WILLISTON, NORTH DAKOTA",nan,Workplace Safety Incident,"An employee was crawling under a truck/trailer to service the water pump PTO when his arm was caught in the rotating PTO driveline, severing his right forearm and requiring hospitalization. nan",Driving,0.699,Line of Fire,0.0488,Working at Height,0.0202,MEDIUM,Driving,MEDIUM_CONFIDENCE_HUMAN_REVIEW,MEDIUM_CONFIDENCE
2019011143,1/31/2019,USA,"CAMERON, TEXAS",nan,Workplace Safety Incident,"An employee was loading an ATV using a winch when the employee's right thumb was caught in the winch, resulting in a partial thumb amputation. nan",Line of Fire,0.9626,Safe Mechanical Lifting,0.9281,Energy Isolation,0.0042,MEDIUM,Line of Fire | Safe Mechanical Lifting,MEDIUM_CONFIDENCE_HUMAN_REVIEW,LOW_MARGIN
2019021246,2/4/2019,USA,"MENTONE, TEXAS",nan,Workplace Safety Incident,"An employee was blowing down a vessel through a stinger pipe that was pointing up. As he reached with his right hand and opened the ball valve to release pressure, the stinger pipe swung to the left a",Energy Isolation,0.5079,Safe Mechanical Lifting,0.3499,Line of Fire,0.0266,MEDIUM,Energy Isolation | Safe Mechanical Lifting,MEDIUM_CONFIDENCE_HUMAN_REVIEW,MEDIUM_CONFIDENCE
2019021292,2/5/2019,USA,"CANTON, OHIO",nan,Workplace Safety Incident,"An employee was putting pipe stoppers into a casing block and then onto a pipe rack when one of the casings came loose and rolled onto his right hand, smashing it and requiring hospitalization. The ca",Safe Mechanical Lifting,0.6569,Work Authorization,0.0031,Hot Work,0.0024,MEDIUM,Safe Mechanical Lifting,MEDIUM_CONFIDENCE_HUMAN_REVIEW,MEDIUM_CONFIDENCE
2019021334,2/6/2019,USA,"BRYAN, TEXAS",nan,Workplace Safety Incident,An employee was standing near a winch truck that was being used to pull out a workover rig that was stuck in the mud. The winch cable was hooked to a cross member on the rig. The winch truck driver at,Driving,0.9141,Safe Mechanical Lifting,0.8784,Line of Fire,0.0929,MEDIUM,Driving | Safe Mechanical Lifting,MEDIUM_CONFIDENCE_HUMAN_REVIEW,LOW_MARGIN
2019021712,2/15/2019,USA,"KINGFISHER, OKLAHOMA",nan,Workplace Safety Incident,An employee was reaching for a rope when his gloved left hand was pulled into a chain and sprocket on the back of a truck. The tip of his index finger was amputated and his middle and ring fingers wer,Safe Mechanical Lifting,0.6269,Driving,0.297,Hot Work,0.0073,MEDIUM,Safe Mechanical Lifting | Driving,MEDIUM_CONFIDENCE_HUMAN_REVIEW,MEDIUM_CONFIDENCE
2019021814,2/18/2019,USA,"HOUSTON, TEXAS",nan,Workplace Safety Incident,An employee's left hand was caught between an assembly machine and the equipment being assembled. His index finger was broken and he was hospitalized. nan,Safe Mechanical Lifting,0.6647,Line of Fire,0.0048,Driving,0.0019,MEDIUM,Safe Mechanical Lifting,MEDIUM_CONFIDENCE_HUMAN_REVIEW,MEDIUM_CONFIDENCE
2019022178,2/27/2019,USA,"BROWNWOOD, TEXAS",nan,Workplace Safety Incident,"An employee used the mandrel as a lift onto the catwalk. The employee missed the catwalk and rode the mandrel all the way around to the other side, striking his head on the steel beam at the bottom of",Energy Isolation,0.5866,Working at Height,0.0161,Confined Space,0.0109,MEDIUM,Energy Isolation,MEDIUM_CONFIDENCE_HUMAN_REVIEW,MEDIUM_CONFIDENCE
2019033107,3/25/2019,USA,"DILLEY, TEXAS",nan,Workplace Safety Incident,An employee fell from the steps of his truck to the ground below. He suffered torn ligaments on both knees. nan,Working at Height,0.9963,Driving,0.9665,Energy Isolation,0.0037,MEDIUM,Working at Height | Driving,MEDIUM_CONFIDENCE_HUMAN_REVIEW,LOW_MARGIN
2019033190,3/27/2019,USA,"BROWNFIELD, TEXAS",nan,Workplace Safety Incident,"An employee was adjusting a hydraulic torque wrench to attach a fluid end when a second employee engaged the high torque controls, resulting in an amputation of the first employee's right middle finge",Energy Isolation,0.6661,Confined Space,0.0085,Work Authorization,0.0033,MEDIUM,Energy Isolation,MEDIUM_CONFIDENCE_HUMAN_REVIEW,MEDIUM_CONFIDENCE
2019033272,3/29/2019,USA,"FORT SMITH, ARKANSAS",nan,Workplace Safety Incident,An employee was assisting a forklift driver with moving flanges. The last flange fell over. The employee walked over to stand the flange up. The employee picked up the flange and it slipped from his h,Driving,0.7679,Safe Mechanical Lifting,0.7427,Working at Height,0.0487,MEDIUM,Driving | Safe Mechanical Lifting,MEDIUM_CONFIDENCE_HUMAN_REVIEW,LOW_MARGIN
2019033303,3/30/2019,USA,"CAIRO, WEST VIRGINIA",nan,Workplace Safety Incident,A well tender was putting methanol in a dump-line when the nipple broke off the line. Methanol sprayed into the employee's face and eyes; the employee was hospitalized. nan,Energy Isolation,0.4814,Line of Fire,0.205,Driving,0.0202,MEDIUM,Energy Isolation | Line of Fire,MEDIUM_CONFIDENCE_HUMAN_REVIEW,MEDIUM_CONFIDENCE
2019043344,4/1/2019,USA,"HENNESSEY, OKLAHOMA",nan,Workplace Safety Incident,"An employee was applying pipe dope to a thread on a tool joint. His left hand was caught between a lifting sub and elevators, causing crushing injuries that led to the total amputation of the pinky an",Safe Mechanical Lifting,0.4506,Energy Isolation,0.0051,Hot Work,0.0047,MEDIUM,Safe Mechanical Lifting,MEDIUM_CONFIDENCE_HUMAN_REVIEW,MEDIUM_CONFIDENCE
2019043499,4/4/2019,USA,"ORLA, TEXAS",nan,Workplace Safety Incident,"An employee was unloading a tractor trailer. The load became unstable while the chains were being removed; the employee fell off and was struck by a pipe rack, suffering injuries to both legs. nan",Safe Mechanical Lifting,0.5056,Working at Height,0.0131,Driving,0.0032,MEDIUM,Safe Mechanical Lifting,MEDIUM_CONFIDENCE_HUMAN_REVIEW,MEDIUM_CONFIDENCE
2019043636,4/8/2019,USA,"ULYSSES, KANSAS",nan,Workplace Safety Incident,"An employee was exiting a vehicle to fuel up when his finger was caught in the pinch point between the driver's side door and a metal post, resulting in an amputation to his right ring fingertip. nan",Driving,0.98,Line of Fire,0.8358,Safe Mechanical Lifting,0.0241,MEDIUM,Driving | Line of Fire,MEDIUM_CONFIDENCE_HUMAN_REVIEW,LOW_MARGIN
2019043654,4/9/2019,USA,"MENTONE, TEXAS",nan,Workplace Safety Incident,"An employee was cleaning out a frac tank when a tube came into contact with the opening on top of the tank. The employee's right index finger was crushed, and the tip was medically amputated. nan",Hot Work,0.6096,Working at Height,0.0065,Confined Space,0.0061,MEDIUM,Hot Work,MEDIUM_CONFIDENCE_HUMAN_REVIEW,MEDIUM_CONFIDENCE
2019043879,4/16/2019,USA,"MADISONVILLE, TEXAS",nan,Workplace Safety Incident,"An employee was setting stairs onto a rig platform when the stairs became disconnected from the rig platform, causing the employee to fall 6 feet from the platform and be struck by the stairs. The emp",Working at Height,0.5729,Safe Mechanical Lifting,0.2585,Hot Work,0.1287,MEDIUM,Working at Height | Safe Mechanical Lifting,MEDIUM_CONFIDENCE_HUMAN_REVIEW,MEDIUM_CONFIDENCE
2019044175,4/24/2019,USA,"PLAINS, TEXAS",nan,Workplace Safety Incident,"An employee was using a power swivel to connect pipe when the employee's hand was caught between the swivel and a chain, resulting in finger amputations. nan",Safe Mechanical Lifting,0.4895,Energy Isolation,0.0149,Line of Fire,0.0025,MEDIUM,Safe Mechanical Lifting,MEDIUM_CONFIDENCE_HUMAN_REVIEW,MEDIUM_CONFIDENCE
2019044244,4/26/2019,USA,"PECOS, TEXAS",nan,Workplace Safety Incident,An employee was unloading a mini-excavator from a trailer and broke a bone in their arm. nan,Safe Mechanical Lifting,0.4716,Line of Fire,0.0507,Driving,0.0008,MEDIUM,Safe Mechanical Lifting,MEDIUM_CONFIDENCE_HUMAN_REVIEW,MEDIUM_CONFIDENCE
2019054516,5/3/2019,USA,"MIDLAND, TEXAS",nan,Workplace Safety Incident,"The injured employee was standing next to the drilling piping, holding material over the pipe joint to channel residual mud downward, ready to swing the disconnected piping out of the way. Oil-based d",Energy Isolation,0.5645,Confined Space,0.0136,Work Authorization,0.0033,MEDIUM,Energy Isolation,MEDIUM_CONFIDENCE_HUMAN_REVIEW,MEDIUM_CONFIDENCE
2019054684,5/8/2019,USA,"COLEMAN, TEXAS",nan,Workplace Safety Incident,An employee was assembling a separator vessel onto a concrete slab when the vessel became unstable and fell onto the employee's right leg breaking it. nan,Working at Height,0.5897,Safe Mechanical Lifting,0.0045,Energy Isolation,0.0007,MEDIUM,Working at Height,MEDIUM_CONFIDENCE_HUMAN_REVIEW,MEDIUM_CONFIDENCE
2019054755,5/9/2019,USA,"CLEVELAND, OHIO",nan,Workplace Safety Incident,The injured employee was watching another employee utilize a drill reamer. The injured employee slipped or fell into the hole being reamed and contacted the drill reamer. The employee suffered a foot ,Working at Height,0.6534,Energy Isolation,0.0126,Work Authorization,0.0032,MEDIUM,Working at Height,MEDIUM_CONFIDENCE_HUMAN_REVIEW,MEDIUM_CONFIDENCE
2019054952,5/15/2019,USA,"WATFORD CITY, NORTH DAKOTA",nan,Workplace Safety Incident,An employee was using abrasive blasting equipment as part of the fabrication process for a steel tubular rack. The employee's left hand suffered an abrasion that required hospitalization after it was ,Safe Mechanical Lifting,0.6937,Energy Isolation,0.0616,Line of Fire,0.046,MEDIUM,Safe Mechanical Lifting,MEDIUM_CONFIDENCE_HUMAN_REVIEW,MEDIUM_CONFIDENCE
2019054960,5/16/2019,USA,"PROCTOR, WEST VIRGINIA",nan,Workplace Safety Incident,"An employee was lifting a 5,000-pound steel plate with a small ground hoist that was rated for 7,500 pounds. The plate suddenly lowered down onto the employee's lower leg, causing him to fall to the g",Safe Mechanical Lifting,0.9267,Working at Height,0.877,Energy Isolation,0.2294,MEDIUM,Safe Mechanical Lifting | Working at Height,MEDIUM_CONFIDENCE_HUMAN_REVIEW,LOW_MARGIN
2019054984,5/16/2019,USA,"WINK, TEXAS",nan,Workplace Safety Incident,"An employee was helping a mechanic install a boom on a pipelayer. They were trying to pin the block when the block caught the employee's left pinky finger between the boom and the block, resulting in ",Line of Fire,0.6009,Working at Height,0.5835,Safe Mechanical Lifting,0.541,MEDIUM,Line of Fire | Working at Height | Safe Mechanical Lifting,MEDIUM_CONFIDENCE_HUMAN_REVIEW,LOW_MARGIN
2019055484,5/31/2019,USA,"KILLDEER, NORTH DAKOTA",nan,Workplace Safety Incident,"An employee was serving as the spotter while iron was being offloaded from a loader. The iron struck him, causing fractures to the face and jaw. nan",Working at Height,0.6027,Line of Fire,0.2231,Safe Mechanical Lifting,0.0871,MEDIUM,Working at Height | Line of Fire,MEDIUM_CONFIDENCE_HUMAN_REVIEW,MEDIUM_CONFIDENCE
2019065940,6/12/2019,USA,"ALLIANCE, OHIO",nan,Workplace Safety Incident,"An employee was aligning a bushing on a tubular machine. The housing moved, pinching the employee's left index finger against the bushing. The tip was amputated. nan",Safe Mechanical Lifting,0.5229,Working at Height,0.0069,Energy Isolation,0.005,MEDIUM,Safe Mechanical Lifting,MEDIUM_CONFIDENCE_HUMAN_REVIEW,MEDIUM_CONFIDENCE
2019065947,6/12/2019,USA,"BARNHART, TEXAS",nan,Workplace Safety Incident,An employee was on a man basket near the wellhead on an oil and gas rig. The employee was screwing an entry guide onto a blowout preventer while a crane was removing it from the wellhead. The lubricat,Energy Isolation,0.9262,Safe Mechanical Lifting,0.9061,Work Authorization,0.0069,MEDIUM,Energy Isolation | Safe Mechanical Lifting,MEDIUM_CONFIDENCE_HUMAN_REVIEW,LOW_MARGIN
2019066062,6/16/2019,USA,"MIDLAND, TEXAS",nan,Workplace Safety Incident,"An employee was teaching another employee how to operate a backhoe. He was standing on the top step by the cab when the other employee hit a rough area. He then fell off the backhoe to the ground, bre",Working at Height,0.6961,Safe Mechanical Lifting,0.004,Energy Isolation,0.0033,MEDIUM,Working at Height,MEDIUM_CONFIDENCE_HUMAN_REVIEW,MEDIUM_CONFIDENCE
2019066116,6/18/2019,USA,"EDINBURG, TEXAS",nan,Workplace Safety Incident,"An employee was cleaning the cab of his truck. As he was climbing down using the cab steps, he lost his balance, fell backwards, and struck the back of his head on the paved ground. He sustained a con",Driving,0.6046,Working at Height,0.4548,Line of Fire,0.0122,MEDIUM,Driving | Working at Height,MEDIUM_CONFIDENCE_HUMAN_REVIEW,LOW_MARGIN
2019066152,6/18/2019,USA,"CHICKASHA, OKLAHOMA",nan,Workplace Safety Incident,"An employee was operating a trenching machine when it struck an old, unmarked natural gas pipeline. The machine caught fire before the operator could turn it off; he suffered burns to his right hand a",Line of Fire,0.5861,Driving,0.0468,Hot Work,0.0267,MEDIUM,Line of Fire,MEDIUM_CONFIDENCE_HUMAN_REVIEW,MEDIUM_CONFIDENCE
2019066186,6/19/2019,USA,"WEST UNION, WEST VIRGINIA",nan,Workplace Safety Incident,"An employee was reconfiguring a 1"" airline. The employee's hand was on a 90-degree fitting while a co-worker turned the pipe using an 18-inch pipe wrench. The employee's hand then became caught betwee",Energy Isolation,0.6685,Safe Mechanical Lifting,0.103,Hot Work,0.0481,MEDIUM,Energy Isolation,MEDIUM_CONFIDENCE_HUMAN_REVIEW,MEDIUM_CONFIDENCE
2019066282,6/21/2019,USA,"CHICORA, PENNSYLVANIA",nan,Workplace Safety Incident,An employee was performing paving work and was pinned between the paver the employee was standing on and a roller machine. The employee suffered a fractured pelvis. nan,Safe Mechanical Lifting,0.6958,Work Authorization,0.3361,Energy Isolation,0.0911,MEDIUM,Safe Mechanical Lifting,MEDIUM_CONFIDENCE_HUMAN_REVIEW,MEDIUM_CONFIDENCE
2019066395,6/25/2019,USA,"OIL CITY, LOUISIANA",nan,Workplace Safety Incident,Two employees were moving a 2-inch iron pipe to their acid pump truck when the injured employee's right ring finger was caught between the pipe and the pipe rack it rested on. He suffered an open frac,Work Authorization,0.9943,Driving,0.952,Hot Work,0.8704,MEDIUM,Work Authorization | Driving | Hot Work | Confined Space,MEDIUM_CONFIDENCE_HUMAN_REVIEW,LOW_MARGIN
2019066505,6/27/2019,USA,"ANDREWS, TEXAS",nan,Workplace Safety Incident,An employee was pumping chemicals in a hot oiler pump truck. A chemical reaction caused an explosion that propelled the employee into the back of another vehicle. The employee suffered facial contusio,Driving,0.592,Hot Work,0.0425,Confined Space,0.0202,MEDIUM,Driving,MEDIUM_CONFIDENCE_HUMAN_REVIEW,MEDIUM_CONFIDENCE
2019066584,6/30/2019,USA,"HOUSTON, TEXAS",nan,Workplace Safety Incident,An employee was fitting/welding on a structural type weldment while standing on a ladder approximately 3 to 4 feet off the ground. The employee stepped off the ladder and onto the weldment. The weldme,Working at Height,0.9345,Hot Work,0.8987,Energy Isolation,0.1365,MEDIUM,Working at Height | Hot Work,MEDIUM_CONFIDENCE_HUMAN_REVIEW,LOW_MARGIN
2019076621,7/1/2019,USA,"STANTON, TEXAS",nan,Workplace Safety Incident,"An employee was flagging a forklift driver when metal slag broke off a piece of steel being welded and hit the employee in the leg, causing a fracture. The employee was hospitalized. nan",Driving,0.6905,Safe Mechanical Lifting,0.4463,Line of Fire,0.0219,MEDIUM,Driving | Safe Mechanical Lifting,MEDIUM_CONFIDENCE_HUMAN_REVIEW,MEDIUM_CONFIDENCE
2019077445,7/22/2019,USA,"QUINCY, FLORIDA",nan,Workplace Safety Incident,"On July 22, 2019, a controls technician was working on a rewiring job. He was pulling the top off a box containing equipment parts. As the top came off, he jerked backwards and went over the railing o",Safe Mechanical Lifting,0.466,Driving,0.1356,Working at Height,0.0219,MEDIUM,Safe Mechanical Lifting,MEDIUM_CONFIDENCE_HUMAN_REVIEW,MEDIUM_CONFIDENCE
2019088080,8/6/2019,USA,"ELDORADO, TEXAS",nan,Workplace Safety Incident,"An employee was using an electric jackhammer to break up rock under a pipeline. Flammable gas reacted with the electric motor of the jackhammer, causing a flash fire. The employee was burned on the fo",Hot Work,0.6386,Confined Space,0.001,Work Authorization,0.0003,MEDIUM,Hot Work,MEDIUM_CONFIDENCE_HUMAN_REVIEW,MEDIUM_CONFIDENCE
2019088220,8/10/2019,USA,"BEASLEY, TEXAS",nan,Workplace Safety Incident,"An employee was coming down from a derrick digger truck boom's seat when he fell to the ground, suffering a head abrasion and fractures to both heels, his tailbone, his right ankle, and a toe on his r",Working at Height,0.9963,Driving,0.9602,Energy Isolation,0.0183,MEDIUM,Working at Height | Driving,MEDIUM_CONFIDENCE_HUMAN_REVIEW,LOW_MARGIN
2019088713,8/22/2019,USA,"DICKINSON, NORTH DAKOTA",nan,Workplace Safety Incident,"An employee was in a forklift that was stuck in mud. A truck was pulling the forklift with a chain to get it out of the mud when the chain broke and snapped, hitting the employee who was in the forkli",Safe Mechanical Lifting,0.9931,Driving,0.9674,Line of Fire,0.1361,MEDIUM,Safe Mechanical Lifting | Driving,MEDIUM_CONFIDENCE_HUMAN_REVIEW,LOW_MARGIN
2019088948,8/28/2019,USA,"BIG SPRING, TEXAS",nan,Workplace Safety Incident,An employee was setting a 90-degree elbow while another employee operated the crown. The block dropped and crushed the employee's right hand. nan,Safe Mechanical Lifting,0.5893,Hot Work,0.012,Line of Fire,0.0023,MEDIUM,Safe Mechanical Lifting,MEDIUM_CONFIDENCE_HUMAN_REVIEW,MEDIUM_CONFIDENCE
2019099664,9/16/2019,USA,"SAN ANGELO, TEXAS",nan,Workplace Safety Incident,"An employee was hooking the trailer to a pickup truck. Some of the weight of the trailer came down on the employee's left index finger, crushing it against the hitch ball. The fingertip was amputated.",Driving,0.9737,Safe Mechanical Lifting,0.8617,Line of Fire,0.024,MEDIUM,Driving | Safe Mechanical Lifting,MEDIUM_CONFIDENCE_HUMAN_REVIEW,LOW_MARGIN
2019099665,9/16/2019,USA,"COTULLA, TEXAS",nan,Workplace Safety Incident,"An employee was coming down a wireline truck ladder. As he stepped down, his ankle rolled and he fell to the ground. He landed on and broke his right femur, and was hospitalized. nan",Driving,0.9964,Working at Height,0.9695,Line of Fire,0.0278,MEDIUM,Driving | Working at Height,MEDIUM_CONFIDENCE_HUMAN_REVIEW,LOW_MARGIN
2019099707,9/17/2019,USA,"MIDLAND, TEXAS",nan,Workplace Safety Incident,An employee was helping re-spool the winch line on a tubing tester truck when the line caught his right hand. Four fingers were amputated. nan,Safe Mechanical Lifting,0.9963,Driving,0.9623,Line of Fire,0.1154,MEDIUM,Safe Mechanical Lifting | Driving,MEDIUM_CONFIDENCE_HUMAN_REVIEW,LOW_MARGIN
2019099801,9/19/2019,USA,"PERRY, OKLAHOMA",nan,Workplace Safety Incident,"An employee was trying to free a pipe on a horizontal directional drill when the pipe shifted, catching the employee's finger between the drill pipe and the frame of the unit and resulting in a finger",Safe Mechanical Lifting,0.5734,Energy Isolation,0.0653,Work Authorization,0.0024,MEDIUM,Safe Mechanical Lifting,MEDIUM_CONFIDENCE_HUMAN_REVIEW,MEDIUM_CONFIDENCE
20191010947,10/19/2019,USA,"BERTHOUD, COLORADO",nan,Workplace Safety Incident,"An employee was helping a trucker load material. A power pole shifted on the trailer, causing it to roll. The employee jumped off the trailer bed to the ground to avoid the pole and broke his left ank",Safe Mechanical Lifting,0.9943,Working at Height,0.9268,Work Authorization,0.144,MEDIUM,Safe Mechanical Lifting | Working at Height,MEDIUM_CONFIDENCE_HUMAN_REVIEW,LOW_MARGIN
20191011116,10/24/2019,USA,"PLAQUEMINE, LOUISIANA",nan,Workplace Safety Incident,"An employee was transporting two sections of 3-inch schedule 50 piping. While the employee was offloading the trailer and moving the pipes from a pallet to cribbing, a pipe slipped and fell onto the e",Working at Height,0.6471,Work Authorization,0.0129,Driving,0.0089,MEDIUM,Working at Height,MEDIUM_CONFIDENCE_HUMAN_REVIEW,MEDIUM_CONFIDENCE
20191011311,10/29/2019,USA,"MONAHANS, TEXAS",nan,Workplace Safety Incident,"An employee was attempting to light the pilot light on a heater treater when a faulty valve allowed gas to escape and ignite, causing second degree burns to the employee's face. nan",Hot Work,0.5655,Work Authorization,0.0581,Confined Space,0.0155,MEDIUM,Hot Work,MEDIUM_CONFIDENCE_HUMAN_REVIEW,MEDIUM_CONFIDENCE
20191111487,11/4/2019,USA,"MANCHESTER, NEW HAMPSHIRE",nan,Workplace Safety Incident,"An employee was removing a 55-gallon barrel from one pallet to another when the pallet broke. The employee lost balance and dropped the barrel, which struck the employee. The employee suffered bruisin",Hot Work,0.8501,Energy Isolation,0.8472,Safe Mechanical Lifting,0.799,MEDIUM,Hot Work | Energy Isolation | Safe Mechanical Lifting,MEDIUM_CONFIDENCE_HUMAN_REVIEW,LOW_MARGIN
20191112016,11/19/2019,USA,"MARCUS HOOK, PENNSYLVANIA",nan,Workplace Safety Incident,An employee descending a 4-step set of stairs rolled and fractured his ankle. nan,Safe Mechanical Lifting,0.611,Working at Height,0.0359,Hot Work,0.0294,MEDIUM,Safe Mechanical Lifting,MEDIUM_CONFIDENCE_HUMAN_REVIEW,MEDIUM_CONFIDENCE
20191112143,11/22/2019,USA,"TILDEN, TEXAS",nan,Workplace Safety Incident,An employee was holding an apparatus designed to help pull a piece of equipment when his thumb was caught and crushed. The employee sustained an amputation to the nailbed of the left thumb. nan,Safe Mechanical Lifting,0.6809,Energy Isolation,0.0888,Line of Fire,0.0143,MEDIUM,Safe Mechanical Lifting,MEDIUM_CONFIDENCE_HUMAN_REVIEW,MEDIUM_CONFIDENCE
20191212604,12/7/2019,USA,"GARDEN CITY, TEXAS",nan,Workplace Safety Incident,"An employee was draining natural gas condensate from a level transmitter. When a valve was opened, the escaping gas ignited. The employee suffered first- and second-degree burns to the face and neck. ",Hot Work,0.4795,Confined Space,0.065,Work Authorization,0.0337,MEDIUM,Hot Work,MEDIUM_CONFIDENCE_HUMAN_REVIEW,MEDIUM_CONFIDENCE
20191213300,12/31/2019,USA,"MIDLAND, TEXAS",nan,Workplace Safety Incident,An employee was using a winch and a cable when his hand was caught between the winch and a truck frame. The employee suffered an amputation. nan,Safe Mechanical Lifting,0.9996,Driving,0.9537,Energy Isolation,0.2388,MEDIUM,Safe Mechanical Lifting | Driving,MEDIUM_CONFIDENCE_HUMAN_REVIEW,LOW_MARGIN
2020010220,1/8/2020,USA,"NEW TOWN, NORTH DAKOTA",nan,Workplace Safety Incident,"An employee was conducting a pipe laydown operation. An elevator struck a mast, kicking the pipe out so that it struck the employee in the face. The employee was hospitalized. nan",Safe Mechanical Lifting,0.6628,Work Authorization,0.0507,Energy Isolation,0.041,MEDIUM,Safe Mechanical Lifting,MEDIUM_CONFIDENCE_HUMAN_REVIEW,MEDIUM_CONFIDENCE
2020010577,1/19/2020,USA,"SAINT CLAIRSVILLE, OHIO",nan,Workplace Safety Incident,Employees were working to remove a blow-out preventer (BOP) by dragging it with a tandem bed truck on the BOP skid from between two rig subs during rig-down operations. An employee was spotting the BO,Working at Height,0.9761,Driving,0.9633,Safe Mechanical Lifting,0.0247,MEDIUM,Working at Height | Driving,MEDIUM_CONFIDENCE_HUMAN_REVIEW,LOW_MARGIN
2020021385,2/12/2020,USA,"LEDBETTER, TEXAS",nan,Workplace Safety Incident,"Employees at an oil rig were breaking down its blowout preventers. After removing the preventers from the wellhead, they put a wooden board on the ground to set the preventer on and keep it from getti",Energy Isolation,0.9903,Safe Mechanical Lifting,0.9813,Hot Work,0.1275,MEDIUM,Energy Isolation | Safe Mechanical Lifting,MEDIUM_CONFIDENCE_HUMAN_REVIEW,LOW_MARGIN
2020021387,2/12/2020,USA,"CHARLOTTE, TEXAS",nan,Workplace Safety Incident,"An employee was standing behind a winch truck. The truck rolled back and ran over the employee's left leg. The employee suffered a thigh injury, a head laceration, and bruising to the right-side ribs.",Driving,0.9982,Safe Mechanical Lifting,0.9761,Working at Height,0.0484,MEDIUM,Driving | Safe Mechanical Lifting,MEDIUM_CONFIDENCE_HUMAN_REVIEW,LOW_MARGIN
2020021553,2/17/2020,USA,"CRANE, TEXAS",nan,Workplace Safety Incident,"As a crane truck was rigging down, an employee's hand was caught between the outrigger and the crane. Three fingers on the employee's right hand were crushed and the employee was hospitalized. nan",Safe Mechanical Lifting,0.9949,Driving,0.9872,Working at Height,0.0245,MEDIUM,Safe Mechanical Lifting | Driving,MEDIUM_CONFIDENCE_HUMAN_REVIEW,LOW_MARGIN
2020021745,2/21/2020,USA,"HORNBECK, LOUISIANA",nan,Workplace Safety Incident,"An employee was operating a digger derrick to dig for utility line access. While he was troubleshooting the faulty boom of the truck, his hand was placed on the boom, crushing his left ring finger. na",Driving,0.9589,Working at Height,0.8333,Line of Fire,0.0851,MEDIUM,Driving | Working at Height,MEDIUM_CONFIDENCE_HUMAN_REVIEW,LOW_MARGIN
2020032040,3/3/2020,USA,"DILLEY, TEXAS",nan,Workplace Safety Incident,"An employee was receiving a pig from the pipeline, when the pig exploded through the cover. The employee sustained a fractured hand and a concussion. nan",Energy Isolation,0.5306,Line of Fire,0.0701,Hot Work,0.0197,MEDIUM,Energy Isolation,MEDIUM_CONFIDENCE_HUMAN_REVIEW,MEDIUM_CONFIDENCE
2020032273,3/10/2020,USA,"KERMIT, TEXAS",nan,Workplace Safety Incident,An employee was exposed to hydrogen sulfide and was hospitalized for an inhalation injury. nan,Work Authorization,0.6977,Confined Space,0.3157,Safe Mechanical Lifting,0.0416,MEDIUM,Work Authorization,MEDIUM_CONFIDENCE_HUMAN_REVIEW,MEDIUM_CONFIDENCE
2020043024,4/2/2020,USA,"KERSEY, COLORADO",nan,Workplace Safety Incident,An employee was performing maintenance on a vertical two-phase separator. The employee was reconfiguring the sight glass and using various wrenches to loosen the existing fittings and tighten the new ,Energy Isolation,0.462,Work Authorization,0.2279,Hot Work,0.1269,MEDIUM,Energy Isolation,MEDIUM_CONFIDENCE_HUMAN_REVIEW,MEDIUM_CONFIDENCE
2020043208,4/8/2020,USA,"JACKSON, OHIO",nan,Workplace Safety Incident,"An employee was climbing down from a flatbed truck. He slipped and fell to the ground, breaking his femur. He was hospitalized. nan",Driving,0.9863,Working at Height,0.9725,Safe Mechanical Lifting,0.0554,MEDIUM,Driving | Working at Height,MEDIUM_CONFIDENCE_HUMAN_REVIEW,LOW_MARGIN
2020043399,4/14/2020,USA,"PORTLAND, TEXAS",nan,Workplace Safety Incident,"An employee was climbing the steps of the compactor roller and fell to the ground. The employee sustained fractures to the right ankle, fibula, and tibia. nan",Working at Height,0.4803,Energy Isolation,0.0072,Work Authorization,0.0004,MEDIUM,Working at Height,MEDIUM_CONFIDENCE_HUMAN_REVIEW,MEDIUM_CONFIDENCE
2020043906,4/28/2020,USA,"GREELEY, COLORADO",nan,Workplace Safety Incident,"An employee was guiding/lowering a Kelly hose off to the side of the work floor with a winch line when a counterweight slid down the winch line and struck the employee's left hand, causing an open fra",Safe Mechanical Lifting,0.999,Line of Fire,0.9944,Energy Isolation,0.0394,MEDIUM,Safe Mechanical Lifting | Line of Fire,MEDIUM_CONFIDENCE_HUMAN_REVIEW,LOW_MARGIN
2020054579,5/17/2020,USA,"KENTON, OHIO",nan,Workplace Safety Incident,"An employee was climbing down a ladder on a tanker truck. The pneumatic guardrail system on the top of the truck retracted and struck the employee. The employee fell to the ground, suffering broken bo",Driving,0.99,Working at Height,0.9057,Work Authorization,0.0607,MEDIUM,Driving | Working at Height,MEDIUM_CONFIDENCE_HUMAN_REVIEW,LOW_MARGIN
2020076170,7/1/2020,USA,"LONGVIEW, TEXAS",nan,Workplace Safety Incident,An employee was installing a 10-foot long pipe to a new separator. The pipe came loose and struck the employee's thumb against a support bracket. The thumb tip was medically amputated. nan,Safe Mechanical Lifting,0.6344,Energy Isolation,0.5807,Work Authorization,0.1544,MEDIUM,Safe Mechanical Lifting | Energy Isolation,MEDIUM_CONFIDENCE_HUMAN_REVIEW,LOW_MARGIN
2020076628,7/15/2020,USA,"LONGVIEW, TEXAS",nan,Workplace Safety Incident,"An employee was throwing away scrap. In the scrap bin, the employee moved a mandrel hanger to an empty spot and his right little finger got caught against another mandrel resulting in amputation. nan",Line of Fire,0.6527,Bypassing Safety Controls,0.0036,Energy Isolation,0.0027,MEDIUM,Line of Fire,MEDIUM_CONFIDENCE_HUMAN_REVIEW,MEDIUM_CONFIDENCE
2020087280,8/3/2020,USA,"ROCKTON, ILLINOIS",nan,Workplace Safety Incident,A forklift collision broke an employee's heel and ankle. nan,Safe Mechanical Lifting,0.9992,Driving,0.9286,Energy Isolation,0.0471,MEDIUM,Safe Mechanical Lifting | Driving,MEDIUM_CONFIDENCE_HUMAN_REVIEW,LOW_MARGIN
2020088291,8/24/2020,USA,"KODIAK, ALASKA",nan,Workplace Safety Incident,A crew of five employees used two forklifts along with a telehandler to load and carry pipe that had been cut into 125-foot sections from the fuel pier to the parking lot for painting. The injured emp,Safe Mechanical Lifting,0.6409,Energy Isolation,0.0171,Hot Work,0.0157,MEDIUM,Safe Mechanical Lifting,MEDIUM_CONFIDENCE_HUMAN_REVIEW,MEDIUM_CONFIDENCE
2020088271,8/31/2020,USA,"FAIRVIEW, MONTANA",nan,Workplace Safety Incident,"On 8/31/2020, a Noble Casing, Inc., employee was on location performing rathole operations. A nearby skid steer operator was unloading a joint of pipe from a trailer and had the pipe elevated while ba",Safe Mechanical Lifting,0.6354,Energy Isolation,0.0171,Line of Fire,0.0017,MEDIUM,Safe Mechanical Lifting,MEDIUM_CONFIDENCE_HUMAN_REVIEW,MEDIUM_CONFIDENCE
2020098294,9/1/2020,USA,"MIDDLEBOURNE, WEST VIRGINIA",nan,Workplace Safety Incident,"An employee was climbing onto a frack pump. He fell to the ground about 5 feet below, suffering a broken arm. nan",Working at Height,0.5039,Line of Fire,0.0009,Safe Mechanical Lifting,0.0007,MEDIUM,Working at Height,MEDIUM_CONFIDENCE_HUMAN_REVIEW,MEDIUM_CONFIDENCE
2020098845,9/17/2020,USA,"SYCAMORE, PENNSYLVANIA",nan,Workplace Safety Incident,An employee slipped and fell to the ground while exiting a water truck via the ladder. The employee was hospitalized for a foot/ankle injury. nan,Working at Height,0.9912,Driving,0.9708,Work Authorization,0.0162,MEDIUM,Working at Height | Driving,MEDIUM_CONFIDENCE_HUMAN_REVIEW,LOW_MARGIN
2020098899,9/18/2020,USA,"MILL HALL, PENNSYLVANIA",nan,Workplace Safety Incident,"While moving drums in the back of a delivery truck, an employee fell from the truck to the ground, suffering a concussion and head laceration. The employee was hospitalized. nan",Driving,0.9984,Working at Height,0.9157,Work Authorization,0.0383,MEDIUM,Driving | Working at Height,MEDIUM_CONFIDENCE_HUMAN_REVIEW,LOW_MARGIN
20201110570,11/7/2020,USA,"MENDOTA, ILLINOIS",nan,Workplace Safety Incident,"A hoist was being used to move a 700 lbs. object. While holding a chain to help direct the object, an employee tripped and was struck by the object. The employee suffered a head/scalp injury, an injur",Safe Mechanical Lifting,0.9857,Line of Fire,0.9731,Energy Isolation,0.0125,MEDIUM,Safe Mechanical Lifting | Line of Fire,MEDIUM_CONFIDENCE_HUMAN_REVIEW,LOW_MARGIN
20201110734,11/12/2020,USA,"SWEENY, TEXAS",nan,Workplace Safety Incident,"An employee fell through a work platform opening on a scaffold, landing on the floor about 20 feet below. The employee's right ring finger was broken. nan",Hot Work,0.5409,Safe Mechanical Lifting,0.0075,Working at Height,0.0055,MEDIUM,Hot Work,MEDIUM_CONFIDENCE_HUMAN_REVIEW,MEDIUM_CONFIDENCE
20201110751,11/12/2020,USA,"LOGAN, WEST VIRGINIA",nan,Workplace Safety Incident,"An employee was cutting through a section of piping when it broke loose and struck the employee in the face. The employee suffered fractures in the jaw and mouth, a broken nose, and chipped teeth and ",Energy Isolation,0.4838,Line of Fire,0.0303,Confined Space,0.0292,MEDIUM,Energy Isolation,MEDIUM_CONFIDENCE_HUMAN_REVIEW,MEDIUM_CONFIDENCE
20201110809,11/14/2020,USA,"ANDREWS, TEXAS",nan,Workplace Safety Incident,Employees were installing a blowout preventer. One employee's hand was caught between the actuator assembly cage and the top drive. His right index finger was crushed and later amputated. nan,Energy Isolation,0.7664,Safe Mechanical Lifting,0.7388,Working at Height,0.4105,MEDIUM,Energy Isolation | Safe Mechanical Lifting | Working at Height,MEDIUM_CONFIDENCE_HUMAN_REVIEW,LOW_MARGIN
2021010036,1/4/2021,USA,"BIG SPRING, TEXAS",nan,Workplace Safety Incident,"An employee was unloading bore gel from a trailer when they fell in a hole in the trailer decking, resulting in broken bones in their foot that required surgery. nan",Line of Fire,0.6602,Working at Height,0.0092,Energy Isolation,0.0023,MEDIUM,Line of Fire,MEDIUM_CONFIDENCE_HUMAN_REVIEW,MEDIUM_CONFIDENCE
2021021097,2/6/2021,USA,"BARNHART, TEXAS",nan,Workplace Safety Incident,"An employee was descending a platform ladder after setting up an oil rig platform when a crane hook caught the ladder and pulled it off the platform, knocking the employee to the ground and resulting ",Safe Mechanical Lifting,0.938,Working at Height,0.8296,Energy Isolation,0.0274,MEDIUM,Safe Mechanical Lifting | Working at Height,MEDIUM_CONFIDENCE_HUMAN_REVIEW,LOW_MARGIN
2021021108,2/7/2021,USA,"FRIERSON, LOUISIANA",nan,Workplace Safety Incident,"The injured employee and a coworker removed a valve body to unclog pods in an auger. After they unclogged the pods and reloaded them, they proceeded to reinstall the valve body. As they were picking u",Working at Height,0.4736,Driving,0.4609,Confined Space,0.0396,MEDIUM,Working at Height | Driving,MEDIUM_CONFIDENCE_HUMAN_REVIEW,LOW_MARGIN
2021021187,2/9/2021,USA,"PLAQUEMINE, LOUISIANA",nan,Workplace Safety Incident,"An employee was dismounting from the bumper of a pickup truck. As the employee was stepping off, the bumper components slipped out from under him, causing him to fall to the ground. The employee susta",Driving,0.8314,Working at Height,0.7856,Energy Isolation,0.1383,MEDIUM,Driving | Working at Height,MEDIUM_CONFIDENCE_HUMAN_REVIEW,LOW_MARGIN
2021021528,2/19/2021,USA,"WATFORD CITY, NORTH DAKOTA",nan,Workplace Safety Incident,"An employee was loading a skid tank onto a winch truck. The employee was removing a rock from under the tank when the tank came down on the employee's hand, causing finger amputations. nan",Driving,0.9049,Safe Mechanical Lifting,0.8118,Hot Work,0.3209,MEDIUM,Driving | Safe Mechanical Lifting,MEDIUM_CONFIDENCE_HUMAN_REVIEW,LOW_MARGIN
2021021689,2/24/2021,USA,"BAYTOWN, TEXAS",nan,Workplace Safety Incident,An employee was transferring hot oil from a tanker truck to a tank storage unit when back pressure in the hose caused oil to spill over onto the employee's forearms. The employee sustained second degr,Energy Isolation,0.5782,Hot Work,0.0177,Driving,0.0091,MEDIUM,Energy Isolation,MEDIUM_CONFIDENCE_HUMAN_REVIEW,MEDIUM_CONFIDENCE
2021021713,2/24/2021,USA,"ABBOTSFORD, WISCONSIN",nan,Workplace Safety Incident,"On February 24, 2021, at approximately 10:30 a.m., an employee was climbing down a fixed ladder attached to a 40-foot long bulk tanker trailer while carrying a steel five-gallon bucket approximately h",Working at Height,0.6935,Energy Isolation,0.1559,Hot Work,0.1447,MEDIUM,Working at Height,MEDIUM_CONFIDENCE_HUMAN_REVIEW,MEDIUM_CONFIDENCE
2021032296,3/17/2021,USA,"FORT WORTH, TEXAS",nan,Workplace Safety Incident,"Employees were rigging up a work over rig and using a crane to move a blowout preventer off a trailer. The blowout preventer moved and swung once it was lifted from the ground, hitting an employee in ",Safe Mechanical Lifting,0.995,Energy Isolation,0.9863,Hot Work,0.0246,MEDIUM,Safe Mechanical Lifting | Energy Isolation,MEDIUM_CONFIDENCE_HUMAN_REVIEW,LOW_MARGIN
2021032462,3/23/2021,USA,"HOUSTON, TEXAS",nan,Workplace Safety Incident,An employee was working to clear a pump for maintenance and was sprayed with hot oil. He sustained first degree burns to the right wrist and lower portion of his face; and sustained first and second d,Energy Isolation,0.8989,Hot Work,0.7599,Work Authorization,0.206,MEDIUM,Energy Isolation | Hot Work,MEDIUM_CONFIDENCE_HUMAN_REVIEW,LOW_MARGIN
2021032503,3/24/2021,USA,"DOVER, OKLAHOMA",nan,Workplace Safety Incident,"A backhoe struck a vent pipe while digging next to it, causing the weld at the bottom of the pipe to fail. The pipe fell and struck an employee on the hardhat. The employee suffered a forehead lacerat",Safe Mechanical Lifting,0.6001,Working at Height,0.1508,Hot Work,0.0262,MEDIUM,Safe Mechanical Lifting,MEDIUM_CONFIDENCE_HUMAN_REVIEW,MEDIUM_CONFIDENCE
2021032531,3/25/2021,USA,"HAMMONTON, NEW JERSEY",nan,Workplace Safety Incident,"An employee was unloading oil and fell from the truck to the ground, resulting in a loss of consciousness and lacerations to the head. nan",Driving,0.8515,Working at Height,0.7825,Energy Isolation,0.0142,MEDIUM,Driving | Working at Height,MEDIUM_CONFIDENCE_HUMAN_REVIEW,LOW_MARGIN
2021032612,3/28/2021,USA,"BEEVILLE, TEXAS",nan,Workplace Safety Incident,"An employee was attempting to install a cap (a two-part assembly) onto a casing head. The cap was stuck, and as the employee tried to manually thread it onto the casing head, its upper part came down ",Energy Isolation,0.5575,Safe Mechanical Lifting,0.091,Work Authorization,0.0063,MEDIUM,Energy Isolation,MEDIUM_CONFIDENCE_HUMAN_REVIEW,MEDIUM_CONFIDENCE
2021054356,5/28/2021,USA,"CALDWELL, TEXAS",nan,Workplace Safety Incident,A crew of three Bassler Energy Services employees were about to clean out a heater treater vessel bottom. The vessel had been depressurized and its contents had been evacuated below the manway. When t,Energy Isolation,0.9503,Hot Work,0.9156,Confined Space,0.138,MEDIUM,Energy Isolation | Hot Work,MEDIUM_CONFIDENCE_HUMAN_REVIEW,LOW_MARGIN
2021064811,6/14/2021,USA,"FAIRFIELD, ALABAMA",nan,Workplace Safety Incident,An employee was using an air wand to remove sand when hot sand was blown back into the employee's face and under his jacket. The employee was hospitalized with second degree burns on the forehead and ,Work Authorization,0.6567,Hot Work,0.2108,Confined Space,0.1428,MEDIUM,Work Authorization,MEDIUM_CONFIDENCE_HUMAN_REVIEW,MEDIUM_CONFIDENCE
2021075756,7/14/2021,USA,"SUGAR LAND, TEXAS",nan,Workplace Safety Incident,"An employee was assisting with installation of a pipe cutting machine. During the installation, the machine slipped off the pipe. The employee attempted to grab it and their right little finger was pi",Hot Work,0.6761,Energy Isolation,0.0086,Confined Space,0.0023,MEDIUM,Hot Work,MEDIUM_CONFIDENCE_HUMAN_REVIEW,MEDIUM_CONFIDENCE
2021076087,7/23/2021,USA,"KEITHVILLE, LOUISIANA",nan,Workplace Safety Incident,"An employee was standing on a trailer adjusting its load. A piece of equipment shifted, causing the employee to fall to the ground and strike his head. He suffered head trauma. nan",Hot Work,0.5571,Energy Isolation,0.3179,Working at Height,0.312,MEDIUM,Hot Work | Energy Isolation | Working at Height,MEDIUM_CONFIDENCE_HUMAN_REVIEW,MEDIUM_CONFIDENCE
2021097655,9/7/2021,USA,"SHINER, TEXAS",nan,Workplace Safety Incident,An employee was trying to slide a work platform back into its housing. His middle finger was caught between the midrail and the side safety gate of the platform. The pad of the finger was severely lac,Safe Mechanical Lifting,0.4853,Hot Work,0.1429,Working at Height,0.0011,MEDIUM,Safe Mechanical Lifting,MEDIUM_CONFIDENCE_HUMAN_REVIEW,MEDIUM_CONFIDENCE
2021098117,9/21/2021,USA,"CLEVELAND, OHIO",nan,Workplace Safety Incident,"On September 21, 2021, at approximately 2:30 a.m. an employee was cleaning a pastillator machine, a rotoform granulation system, when her right hand was caught and crushed in a running nip point. The ",Line of Fire,0.5672,Energy Isolation,0.083,Working at Height,0.0052,MEDIUM,Line of Fire,MEDIUM_CONFIDENCE_HUMAN_REVIEW,MEDIUM_CONFIDENCE
2021098326,9/27/2021,USA,"CHESTER, OKLAHOMA",nan,Workplace Safety Incident,"An employee was attempting to loosen a horsehead that was being removed via rigging from a pump. The employee's left hand was caught in a pinch point, resulting in amputations of the third and fourth ",Line of Fire,0.9708,Safe Mechanical Lifting,0.9457,Energy Isolation,0.0159,MEDIUM,Line of Fire | Safe Mechanical Lifting,MEDIUM_CONFIDENCE_HUMAN_REVIEW,LOW_MARGIN
2021108500,10/1/2021,USA,"PYOTE, TEXAS",nan,Workplace Safety Incident,An employee was rigging up a workover rig when their left thumb was pinched between the stationary structure of the rig and amputated. nan,Safe Mechanical Lifting,0.6143,Driving,0.0005,Hot Work,0.0002,MEDIUM,Safe Mechanical Lifting,MEDIUM_CONFIDENCE_HUMAN_REVIEW,MEDIUM_CONFIDENCE
2021108549,10/4/2021,USA,"MIDLAND, TEXAS",nan,Workplace Safety Incident,"An employee was cleaning a mud pump. A retaining cap dislodged from the pump and struck the side of his head, causing a laceration and a head injury. nan",Line of Fire,0.4599,Energy Isolation,0.1626,Working at Height,0.0783,MEDIUM,Line of Fire,MEDIUM_CONFIDENCE_HUMAN_REVIEW,MEDIUM_CONFIDENCE
2021108596,10/5/2021,USA,"HARRISVILLE, WEST VIRGINIA",nan,Workplace Safety Incident,An employee was plugging and abandoning a natural gas well when he was struck in the face by a 30-foot section of steel tubing. The employee sustained multiple facial fractures. nan,Energy Isolation,0.6225,Line of Fire,0.0691,Safe Mechanical Lifting,0.0089,MEDIUM,Energy Isolation,MEDIUM_CONFIDENCE_HUMAN_REVIEW,MEDIUM_CONFIDENCE
2021119534,11/4/2021,USA,"DELHI, LOUISIANA",nan,Workplace Safety Incident,"An employee was replacing parts of a pipeline system. The employee pulled a pipeline marker pole from the ground, which made a deep void in the soil. When he reached into the hole to grab the leads, a",Working at Height,0.5839,Energy Isolation,0.0038,Line of Fire,0.002,MEDIUM,Working at Height,MEDIUM_CONFIDENCE_HUMAN_REVIEW,MEDIUM_CONFIDENCE
2021119791,11/11/2021,USA,"OKLAHOMA CITY, OKLAHOMA",nan,Workplace Safety Incident,"An employee was moving a water pump with a skid steer. When the employee reached the top of a hill, the water pump slid off the skid steer's forks and hit the cab. It entered the cab and struck the em",Energy Isolation,0.6348,Working at Height,0.4842,Line of Fire,0.0299,MEDIUM,Energy Isolation | Working at Height,MEDIUM_CONFIDENCE_HUMAN_REVIEW,MEDIUM_CONFIDENCE
2021119965,11/17/2021,USA,"COTULLA, TEXAS",nan,Workplace Safety Incident,"An employee was moving pipe on a trailer when his leg was struck by a joint of 6-inch pipe that rolled off a flatbed trailer. The employee sustained a leg fracture, which required surgery. nan",Line of Fire,0.8121,Safe Mechanical Lifting,0.7705,Energy Isolation,0.0476,MEDIUM,Line of Fire | Safe Mechanical Lifting,MEDIUM_CONFIDENCE_HUMAN_REVIEW,LOW_MARGIN
20211210349,12/2/2021,USA,"EUREKA, MONTANA",nan,Workplace Safety Incident,"On 12/2/2021, at approximately 3:00 p.m., an employee was hanging Christmas lights on the gutter of the company building. He fell roughly 8 feet from the top of an extension ladder and sustained a con",Working at Height,0.5729,Energy Isolation,0.0115,Line of Fire,0.0013,MEDIUM,Working at Height,MEDIUM_CONFIDENCE_HUMAN_REVIEW,MEDIUM_CONFIDENCE
20211211057,12/26/2021,USA,"MIDLAND, TEXAS",nan,Workplace Safety Incident,An employee was removing tongs when the door to a tong interlock opened and crushed the employee's right thumb. The employee suffered an amputation to the thumb. nan,Safe Mechanical Lifting,0.6587,Work Authorization,0.0637,Energy Isolation,0.025,MEDIUM,Safe Mechanical Lifting,MEDIUM_CONFIDENCE_HUMAN_REVIEW,MEDIUM_CONFIDENCE
2022010560,1/19/2022,USA,"BRYAN, TEXAS",nan,Workplace Safety Incident,"An employee was reeling in a poly line onto a trailer. The line snapped and struck the employee's fingers, resulting in fingertip amputations. nan",Line of Fire,0.6206,Safe Mechanical Lifting,0.0399,Energy Isolation,0.0079,MEDIUM,Line of Fire,MEDIUM_CONFIDENCE_HUMAN_REVIEW,MEDIUM_CONFIDENCE
2022021107,2/6/2022,USA,"KARNES CITY, TEXAS",nan,Workplace Safety Incident,An employee was troubleshooting a compressor that had shut down. The employee believed that a 1-inch choke nipple was plugged and drained fluids via the dump line to check the choke nipple. The employ,Energy Isolation,0.987,Hot Work,0.9128,Confined Space,0.2286,MEDIUM,Energy Isolation | Hot Work,MEDIUM_CONFIDENCE_HUMAN_REVIEW,LOW_MARGIN
2022021300,2/10/2022,USA,"ALEX, OKLAHOMA",nan,Workplace Safety Incident,"An employee and a co-worker picked up a 48-inch steel pipe wrench to size up a saver sub. While sizing up the wrench, the swivel engaged and the pipe wrench hit the saver sub, causing the wrench to sw",Energy Isolation,0.5268,Working at Height,0.0297,Confined Space,0.0184,MEDIUM,Energy Isolation,MEDIUM_CONFIDENCE_HUMAN_REVIEW,MEDIUM_CONFIDENCE
2022021421,2/14/2022,USA,"WICHITA, KANSAS",nan,Workplace Safety Incident,"An employee was unloading a pumping unit with a winch truck. The winch cable bounced, striking the employee in the head. The employee lost consciousness and was hospitalized. nan",Safe Mechanical Lifting,0.9935,Driving,0.993,Energy Isolation,0.2308,MEDIUM,Safe Mechanical Lifting | Driving,MEDIUM_CONFIDENCE_HUMAN_REVIEW,LOW_MARGIN
2022021695,2/22/2022,USA,"TAMPA, FLORIDA",nan,Workplace Safety Incident,An employee was operating a forklift to lift an aluminum pallet up to a second-story mezzanine. He then got off the lift to push a button to open the mezzanine gate when the pallet slid off the base o,Safe Mechanical Lifting,0.5045,Energy Isolation,0.0059,Work Authorization,0.0038,MEDIUM,Safe Mechanical Lifting,MEDIUM_CONFIDENCE_HUMAN_REVIEW,MEDIUM_CONFIDENCE
2022021786,2/25/2022,USA,"LANCASTER, PENNSYLVANIA",nan,Workplace Safety Incident,An employee was working from a tubular welded frame scaffold. He lost his balance and fell about 20 feet to the ground below. He suffered fractures to a hip and a bone in his back and was hospitalized,Working at Height,0.9958,Safe Mechanical Lifting,0.9641,Line of Fire,0.3156,MEDIUM,Working at Height | Safe Mechanical Lifting | Line of Fire | Driving,MEDIUM_CONFIDENCE_HUMAN_REVIEW,LOW_MARGIN
2022021790,2/25/2022,USA,"SAVANNAH, GEORGIA",nan,Workplace Safety Incident,"An employee was loading a truck with caustic potash. A valve gasket failed and sprayed the employee with the caustic potash, resulting in burns to their face, back, chest, and head. nan",Driving,0.9931,Work Authorization,0.9874,Confined Space,0.3602,MEDIUM,Driving | Work Authorization,MEDIUM_CONFIDENCE_HUMAN_REVIEW,LOW_MARGIN
2022032417,3/17/2022,USA,"PECOS, TEXAS",nan,Workplace Safety Incident,"An employee was pulling tongs onto a pipe. As he placed his hand on the tong door handle, the door caught his right hand against the pipe. His middle and ring fingertips were amputated. nan",Safe Mechanical Lifting,0.8021,Line of Fire,0.6809,Driving,0.0278,MEDIUM,Safe Mechanical Lifting | Line of Fire,MEDIUM_CONFIDENCE_HUMAN_REVIEW,LOW_MARGIN
2022032893,3/31/2022,USA,"SAVANNAH, GEORGIA",nan,Workplace Safety Incident,"An employee was driving a loader to a stock pile. The loader hit a bump and the employee fell out, landing on the ground 7 feet below and suffering fractures to the skull, the right and left shoulders",Working at Height,0.6733,Work Authorization,0.0117,Energy Isolation,0.0022,MEDIUM,Working at Height,MEDIUM_CONFIDENCE_HUMAN_REVIEW,MEDIUM_CONFIDENCE
2022054262,5/16/2022,USA,"MENTONE, TEXAS",nan,Workplace Safety Incident,An employee was turning to walk away from a compressor when a 2-inch pipeline detached and struck the employee's back. The employee suffered a back fracture and was hospitalized. nan,Energy Isolation,0.6032,Confined Space,0.1486,Work Authorization,0.1083,MEDIUM,Energy Isolation,MEDIUM_CONFIDENCE_HUMAN_REVIEW,MEDIUM_CONFIDENCE
2022064739,6/1/2022,USA,"PERRYTON, TEXAS",nan,Workplace Safety Incident,"An employee was lifting a 100-pound exhaust manifold off an engine using a service truck crane. While he was maneuvering the manifold toward the bed of his truck, it struck his left index finger and c",Energy Isolation,0.974,Safe Mechanical Lifting,0.9674,Driving,0.9315,MEDIUM,Energy Isolation | Safe Mechanical Lifting | Driving,MEDIUM_CONFIDENCE_HUMAN_REVIEW,LOW_MARGIN
2022065144,6/14/2022,USA,"NESS CITY, KANSAS",nan,Workplace Safety Incident,An employee went up on a derrick to unchain the block. The tubing line came back in and pushed him. He fell 12 feet from a gird at a pulling unit on the derrick and landed on a metal plate on the back,Working at Height,0.6713,Driving,0.0046,Line of Fire,0.0023,MEDIUM,Working at Height,MEDIUM_CONFIDENCE_HUMAN_REVIEW,MEDIUM_CONFIDENCE
2022065164,6/15/2022,USA,"TULSA, OKLAHOMA",nan,Workplace Safety Incident,An employee was operating a vertical mill when their glove became caught in the mill head and their left hand was pulled into the machine. The injured employee sustained a laceration/avulsion to the l,Line of Fire,0.6444,Safe Mechanical Lifting,0.0368,Working at Height,0.0059,MEDIUM,Line of Fire,MEDIUM_CONFIDENCE_HUMAN_REVIEW,MEDIUM_CONFIDENCE
2022076497,7/25/2022,USA,"APOLLO, PENNSYLVANIA",nan,Workplace Safety Incident,"An employee was about to change out the choke parts to fix a leaking choke on the belly dump of a gas production unit (GPU). While the choke was being unbolted, pressure came through it, blowing the e",Energy Isolation,0.6722,Bypassing Safety Controls,0.0005,Confined Space,0.0005,MEDIUM,Energy Isolation,MEDIUM_CONFIDENCE_HUMAN_REVIEW,MEDIUM_CONFIDENCE
2022087009,8/8/2022,USA,"MIDLAND, TEXAS",nan,Workplace Safety Incident,"An employee was performing backflow operations at a tank battery. After shutting a valve, pressure built in the line causing the line to rupture. The employee was standing near the line when it ruptur",Line of Fire,0.9859,Energy Isolation,0.8901,Safe Mechanical Lifting,0.2477,MEDIUM,Line of Fire | Energy Isolation | Safe Mechanical Lifting,MEDIUM_CONFIDENCE_HUMAN_REVIEW,LOW_MARGIN
2022087262,8/16/2022,USA,"STANTON, TEXAS",nan,Workplace Safety Incident,"An employee was removing a drill pipe from a derrick. When the employee reached out to remove the winch line, the pipe rotated and the line caught the employee's left index finger. The finger was ampu",Safe Mechanical Lifting,0.9876,Working at Height,0.9757,Line of Fire,0.3371,MEDIUM,Safe Mechanical Lifting | Working at Height | Line of Fire,MEDIUM_CONFIDENCE_HUMAN_REVIEW,LOW_MARGIN
2022087496,8/23/2022,USA,"WILLISTON, NORTH DAKOTA",nan,Workplace Safety Incident,"An employee was clearing sand from an auger. Once the sand was freed, the auger engaged and amputated his left little fingertip at the first knuckle. nan",Safe Mechanical Lifting,0.6764,Line of Fire,0.0018,Working at Height,0.0004,MEDIUM,Safe Mechanical Lifting,MEDIUM_CONFIDENCE_HUMAN_REVIEW,MEDIUM_CONFIDENCE
2022097939,9/7/2022,USA,"CANONSBURG, PENNSYLVANIA",nan,Workplace Safety Incident,"At about 4:30 p.m. on September 7, 2022, an employee fell while walking down a flight of steps outside. She suffered a compound fracture to the femur. nan",Hot Work,0.5975,Energy Isolation,0.006,Working at Height,0.0024,MEDIUM,Hot Work,MEDIUM_CONFIDENCE_HUMAN_REVIEW,MEDIUM_CONFIDENCE
2022098216,9/16/2022,USA,"BROOKWOOD, ALABAMA",nan,Workplace Safety Incident,"Employees were reconnecting a well head and hanging it back on the pumping unit. The block of the workover rig slipped, fell from the rod basket, and struck an employee. The employee sustained a crush",Working at Height,0.5963,Energy Isolation,0.0212,Hot Work,0.0011,MEDIUM,Working at Height,MEDIUM_CONFIDENCE_HUMAN_REVIEW,MEDIUM_CONFIDENCE
2022098220,9/16/2022,USA,"THOMAS, OKLAHOMA",nan,Workplace Safety Incident,"An employee working at a well site was preparing to deliver chemicals, which were in bulk totes mounted on a truck, to the field tank. While disembarking from the rear of the truck, the employee slipp",Working at Height,0.9746,Driving,0.9741,Work Authorization,0.0094,MEDIUM,Working at Height | Driving,MEDIUM_CONFIDENCE_HUMAN_REVIEW,LOW_MARGIN
2022098383,9/22/2022,USA,"BAYTOWN, TEXAS",nan,Workplace Safety Incident,"Two employees were performing routine maintenance activities on instrumentation equipment when a caustic line going into an instrument began to release sodium hydroxide and propane, resulting in burns",Hot Work,0.517,Confined Space,0.0038,Energy Isolation,0.0035,MEDIUM,Hot Work,MEDIUM_CONFIDENCE_HUMAN_REVIEW,MEDIUM_CONFIDENCE
2022098516,9/26/2022,USA,"LANCASTER, OHIO",nan,Workplace Safety Incident,An employee was helping load a trailer. The vehicle was jostled and his left middle finger was crushed between the truck and the hitch. He suffered an amputation to the finger. nan,Driving,0.9949,Safe Mechanical Lifting,0.9218,Work Authorization,0.0705,MEDIUM,Driving | Safe Mechanical Lifting,MEDIUM_CONFIDENCE_HUMAN_REVIEW,LOW_MARGIN
2022109125,10/18/2022,USA,"GOUVERNEUR, NEW YORK",nan,Workplace Safety Incident,An employee was lifting the hatch on top of the fuel tank on a fuel truck when the truck exploded. The employee sustained a femur fracture that required surgery as well as burns. nan,Driving,0.9737,Hot Work,0.8815,Work Authorization,0.4201,MEDIUM,Driving | Hot Work,MEDIUM_CONFIDENCE_HUMAN_REVIEW,LOW_MARGIN
2022109223,10/21/2022,USA,"ROSWELL, NEW MEXICO",nan,Workplace Safety Incident,An employee was measuring the voltage of an electrical transformer following a new installation when an arc flash occurred. The employee sustained burns to both right and left hands and fingers. nan,Energy Isolation,0.5004,Hot Work,0.3683,Confined Space,0.0203,MEDIUM,Energy Isolation,MEDIUM_CONFIDENCE_HUMAN_REVIEW,LOW_MARGIN
20221210699,12/8/2022,USA,"NEW HAVEN, CONNECTICUT",nan,Workplace Safety Incident,"Three employees were working in an active work zone when a third-party vehicle entered the work zone and struck a portable light tower. The employees were then struck by the light tower, sustaining in",Line of Fire,0.563,Hot Work,0.0225,Driving,0.0132,MEDIUM,Line of Fire,MEDIUM_CONFIDENCE_HUMAN_REVIEW,MEDIUM_CONFIDENCE
20221211296,12/31/2022,USA,"MINOT, NORTH DAKOTA",nan,Workplace Safety Incident,"An employee was unloading a motor from a flatbed trailer when his foot caught on a board on the trailer, causing him to fall. As he was falling, his right index finger got caught between the motor and",Line of Fire,0.8963,Working at Height,0.8211,Energy Isolation,0.5364,MEDIUM,Line of Fire | Working at Height | Energy Isolation,MEDIUM_CONFIDENCE_HUMAN_REVIEW,LOW_MARGIN
2023010090,1/4/2023,USA,"BROOKSVILLE, FLORIDA",nan,Workplace Safety Incident,"An employee finished parking a fleet truck and was walking back to the shipping office when they were struck by a forklift in the parking lot, resulting in multiple fractures. nan",Driving,0.4784,Safe Mechanical Lifting,0.2069,Line of Fire,0.0537,MEDIUM,Driving | Safe Mechanical Lifting,MEDIUM_CONFIDENCE_HUMAN_REVIEW,MEDIUM_CONFIDENCE
2023010148,1/6/2023,USA,"CATARINA, TEXAS",nan,Workplace Safety Incident,"An employee was disconnecting a winch truck's load line from a load when the winch truck rolled forward, tightening the line. The employee's right hand was caught by the hook and chain of the load lin",Driving,0.9959,Safe Mechanical Lifting,0.9835,Line of Fire,0.0198,MEDIUM,Driving | Safe Mechanical Lifting,MEDIUM_CONFIDENCE_HUMAN_REVIEW,LOW_MARGIN
2023010293,1/10/2023,USA,"BAYTOWN, TEXAS",nan,Workplace Safety Incident,"On January 10, 2023, a crew was excavating a ditch to place pipes. An employee brought the road plate to the ditch and as he was lowering it, one side of the plate began to shift. The injured employee",Working at Height,0.4686,Energy Isolation,0.1164,Driving,0.0981,MEDIUM,Working at Height,MEDIUM_CONFIDENCE_HUMAN_REVIEW,MEDIUM_CONFIDENCE
2023010364,1/12/2023,USA,"WILLISTON, NORTH DAKOTA",nan,Workplace Safety Incident,"On January 12, 2023, an employee was moving a drill pipe when they were struck by the drill pipe. The employee sustained a crush injury that resulted in a left ring finger amputation. nan",Line of Fire,0.6612,Energy Isolation,0.1352,Safe Mechanical Lifting,0.0636,MEDIUM,Line of Fire,MEDIUM_CONFIDENCE_HUMAN_REVIEW,MEDIUM_CONFIDENCE
2023010431,1/14/2023,USA,"MENTONE, TEXAS",nan,Workplace Safety Incident,An employee was working on the belts of a circulating pump when his fingers were pulled in by the belt. He sustained a right index finger amputation at the second knuckle. nan,Line of Fire,0.4663,Working at Height,0.002,Safe Mechanical Lifting,0.0012,MEDIUM,Line of Fire,MEDIUM_CONFIDENCE_HUMAN_REVIEW,MEDIUM_CONFIDENCE
2023010578,1/18/2023,USA,"HUFFMAN, TEXAS",nan,Workplace Safety Incident,"Three employees were using an air motor or ""rattle"" to remove cement and break up a blockage from the inside of a drill pipe joint. As the injured employee was maneuvering the tool in the drill pipe, ",Energy Isolation,0.4646,Safe Mechanical Lifting,0.0089,Line of Fire,0.0071,MEDIUM,Energy Isolation,MEDIUM_CONFIDENCE_HUMAN_REVIEW,MEDIUM_CONFIDENCE
2023010960,1/31/2023,USA,"ORLA, TEXAS",nan,Workplace Safety Incident,An employee was helping a crew set up a derrick. The employee was holding the counterweight line away from the derrick to make sure the counterweight itself didn t make contact with the derrick. The c,Working at Height,0.9338,Safe Mechanical Lifting,0.8976,Line of Fire,0.6134,MEDIUM,Working at Height | Safe Mechanical Lifting | Line of Fire,MEDIUM_CONFIDENCE_HUMAN_REVIEW,LOW_MARGIN
2023021152,2/6/2023,USA,"BROUSSARD, LOUISIANA",nan,Workplace Safety Incident,"An employee was doing welding work on a cylinder. The cylinder fell from a skid frame. As the employee went to catch it, it partially amputated the bottom of his left middle finger. nan",Hot Work,0.9962,Working at Height,0.9232,Work Authorization,0.0412,MEDIUM,Hot Work | Working at Height,MEDIUM_CONFIDENCE_HUMAN_REVIEW,LOW_MARGIN
2023021263,2/8/2023,USA,"CHANCELLOR, SOUTH DAKOTA",nan,Workplace Safety Incident,"An employee was using a manual metal brake when his hand was caught on the handle, causing his hand/finger to become pinched near the brake shear. The employee sustained an amputation of the right rin",Safe Mechanical Lifting,0.865,Line of Fire,0.8292,Working at Height,0.1476,MEDIUM,Safe Mechanical Lifting | Line of Fire,MEDIUM_CONFIDENCE_HUMAN_REVIEW,LOW_MARGIN
2023021323,2/10/2023,USA,"BLANCO, TEXAS",nan,Workplace Safety Incident,"While working at a fueling station, an employee was inside an underground sump hole with safety cones blocking off the area. He stood up in preparation to get out of the hole when a truck drove over t",Driving,0.9536,Energy Isolation,0.9486,Bypassing Safety Controls,0.0369,MEDIUM,Driving | Energy Isolation,MEDIUM_CONFIDENCE_HUMAN_REVIEW,LOW_MARGIN
2023021486,2/16/2023,USA,"KILLDEER, NORTH DAKOTA",nan,Workplace Safety Incident,"An employee's left little finger was pinched between a wrench and a forklift bucket, resulting in an amputation. nan",Safe Mechanical Lifting,0.5054,Energy Isolation,0.0077,Driving,0.0039,MEDIUM,Safe Mechanical Lifting,MEDIUM_CONFIDENCE_HUMAN_REVIEW,MEDIUM_CONFIDENCE
2023021647,2/21/2023,USA,"BARSTOW, TEXAS",nan,Workplace Safety Incident,"An employee was shutting down the pump on a 3-phase separator when it ignited. The employee was hospitalized with burns on their arms, face, chest, and back. nan",Hot Work,0.914,Confined Space,0.7823,Work Authorization,0.7518,MEDIUM,Hot Work | Confined Space | Work Authorization,MEDIUM_CONFIDENCE_HUMAN_REVIEW,LOW_MARGIN
2023021826,2/27/2023,USA,"DENTON, TEXAS",nan,Workplace Safety Incident,"Employee 1 was setting up his survey instrument at the edge of a concrete apron surrounding an 11-foot-deep concrete utility vault with a 9x9 steel access cover/lid. Employee 2, then walked behind emp",Confined Space,0.9428,Working at Height,0.8316,Work Authorization,0.7158,MEDIUM,Confined Space | Working at Height | Work Authorization | Energy Isolation,MEDIUM_CONFIDENCE_HUMAN_REVIEW,LOW_MARGIN
2023031909,3/1/2023,USA,"ELMA, NEW YORK",nan,Workplace Safety Incident,An employee was loading a trailer with composite mats when he noticed some snow on one of the mats. He walked to another truck to get a shovel when he slipped and fell on the icy ground. The employee ,Driving,0.5776,Working at Height,0.131,Work Authorization,0.0026,MEDIUM,Driving,MEDIUM_CONFIDENCE_HUMAN_REVIEW,MEDIUM_CONFIDENCE
2023032196,3/9/2023,USA,"COAHOMA, TEXAS",nan,Workplace Safety Incident,"An employee opened the hatch on an oil tank. The exposure to hydrogen sulfide and other gases caused the employee to become ill, dizzy, and lightheaded; the employee was hospitalized. nan",Work Authorization,0.9984,Confined Space,0.9874,Hot Work,0.5962,MEDIUM,Work Authorization | Confined Space | Hot Work,MEDIUM_CONFIDENCE_HUMAN_REVIEW,LOW_MARGIN
2023032296,3/14/2023,USA,"HORSESHOE BEND, ARKANSAS",nan,Workplace Safety Incident,"On March 14, 2022, a mechanic was repairing the tailgate of a dump truck. As the employee was testing the repairs, the tailgate closed on one of their fingers. The fingertip was amputated from the nai",Driving,0.6634,Work Authorization,0.0009,Energy Isolation,0.0008,MEDIUM,Driving,MEDIUM_CONFIDENCE_HUMAN_REVIEW,MEDIUM_CONFIDENCE
2023032554,3/22/2023,USA,"WASHINGTON, PENNSYLVANIA",nan,Workplace Safety Incident,"An employee had just loaded a pickup truck onto the deck of a rollback truck. He was standing on the deck, reaching to close the driver door of the pickup, when the pickup's rear door swung open and c",Driving,0.5037,Working at Height,0.0552,Line of Fire,0.0041,MEDIUM,Driving,MEDIUM_CONFIDENCE_HUMAN_REVIEW,MEDIUM_CONFIDENCE
2023043271,4/12/2023,USA,"DE BERRY, TEXAS",nan,Workplace Safety Incident,An employee was guiding a pipe onto internal pipe clamps when their left hand was caught between two pieces of metal. They sustained crush injuries to the left ring and middle fingers resulting in amp,Safe Mechanical Lifting,0.6428,Energy Isolation,0.0321,Hot Work,0.0028,MEDIUM,Safe Mechanical Lifting,MEDIUM_CONFIDENCE_HUMAN_REVIEW,MEDIUM_CONFIDENCE
2023053913,5/2/2023,USA,"GOLDSMITH, TEXAS",nan,Workplace Safety Incident,"An employee was opening a hatch on a bulk cement truck when pressure inside of the truck caused the hatch cover to slide off and up, striking the employee. The employee sustained a non-displaced pelvi",Energy Isolation,0.9957,Driving,0.9791,Bypassing Safety Controls,0.1318,MEDIUM,Energy Isolation | Driving,MEDIUM_CONFIDENCE_HUMAN_REVIEW,LOW_MARGIN
2023053944,5/2/2023,USA,"HOUMA, LOUISIANA",nan,Workplace Safety Incident,An employee was cutting grass using a zero-turn lawn mower. The lawn mower frame snagged a power pole brace wire and pulled down the energized power pole. The employee sustained electrical burns to hi,Working at Height,0.5615,Safe Mechanical Lifting,0.2978,Energy Isolation,0.1698,MEDIUM,Working at Height | Safe Mechanical Lifting,MEDIUM_CONFIDENCE_HUMAN_REVIEW,MEDIUM_CONFIDENCE
2023053963,5/3/2023,USA,"DOUGLASVILLE, GEORGIA",nan,Workplace Safety Incident,"On May 4, 2023, an employee was cutting a catwalk platform with a torch. When the pressure released, the platform fell back toward the employee and knocked him off his feet. The platform then landed o",Energy Isolation,0.9831,Hot Work,0.9465,Confined Space,0.0644,MEDIUM,Energy Isolation | Hot Work,MEDIUM_CONFIDENCE_HUMAN_REVIEW,LOW_MARGIN
2023054216,5/10/2023,USA,"SPRINGTOWN, TEXAS",nan,Workplace Safety Incident,"Employees were installing goal posts for an overhead power line crossing. While installing a PVC pipe with guide wire attached to the top, the pipe made contact with the overhead electrical line and e",Energy Isolation,0.605,Working at Height,0.1503,Hot Work,0.0225,MEDIUM,Energy Isolation,MEDIUM_CONFIDENCE_HUMAN_REVIEW,MEDIUM_CONFIDENCE
2023054490,5/19/2023,USA,"CROSSVILLE, ILLINOIS",nan,Workplace Safety Incident,"An employee was inspecting noise from a pumping unit. As he went to push on the belt guard, the employee was pinned between the crank arm and the base of the unit, resulting in a lacerated liver, and ",Energy Isolation,0.5854,Driving,0.1148,Bypassing Safety Controls,0.0403,MEDIUM,Energy Isolation,MEDIUM_CONFIDENCE_HUMAN_REVIEW,MEDIUM_CONFIDENCE
2023065137,6/10/2023,USA,"LEMONT FURNACE, PENNSYLVANIA",nan,Workplace Safety Incident,"An employee was moving an 1,100-pound fluid end backing plate using a fork truck. The plate had shifted out of place. When the employee went to reposition the plate on the forks, the plate slipped and",Safe Mechanical Lifting,0.8857,Driving,0.8722,Work Authorization,0.0593,MEDIUM,Safe Mechanical Lifting | Driving,MEDIUM_CONFIDENCE_HUMAN_REVIEW,LOW_MARGIN
2023065783,6/29/2023,USA,"ARKADELPHIA, ARKANSAS",nan,Workplace Safety Incident,"An employee was in the mixing room when an asphalt truck arrived to be unloaded. The employee began the procedure for unloading the truck and went outside to the truck to ensure the valve was closed, ",Energy Isolation,0.9571,Driving,0.9229,Confined Space,0.0864,MEDIUM,Energy Isolation | Driving,MEDIUM_CONFIDENCE_HUMAN_REVIEW,LOW_MARGIN
2023075897,7/3/2023,USA,"WENTZVILLE, MISSOURI",nan,Workplace Safety Incident,"An employee was transferring diesel fuel from a 4,500 gallon fuel transport wagon to a semi-truck. Diesel fuel vapors and static caused an explosion/fire, resulting in burns to the employee's face and",Hot Work,0.9775,Driving,0.9393,Work Authorization,0.2531,MEDIUM,Hot Work | Driving,MEDIUM_CONFIDENCE_HUMAN_REVIEW,LOW_MARGIN
2023076017,7/7/2023,USA,"SYLVIA, KANSAS",nan,Workplace Safety Incident,An employee was exposed to hydrogen sulfide while loading crude oil. The employee was hospitalized. nan,Work Authorization,0.7666,Confined Space,0.6228,Hot Work,0.0463,MEDIUM,Work Authorization | Confined Space,MEDIUM_CONFIDENCE_HUMAN_REVIEW,LOW_MARGIN
2023087375,8/13/2023,USA,"WHEELING, WEST VIRGINIA",nan,Workplace Safety Incident,Employees were performing well pad completion work. They pumped nitrogen into the well unit to open it up so that it would flow/produce. The employee went to the sand-removing unit/trailer to check if,Energy Isolation,0.7376,Hot Work,0.6599,Confined Space,0.3054,MEDIUM,Energy Isolation | Hot Work,MEDIUM_CONFIDENCE_HUMAN_REVIEW,LOW_MARGIN
2023087415,8/14/2023,USA,"BREWTON, ALABAMA",nan,Workplace Safety Incident,"Employees were installing an inline pole to increase the ground clearance of a sagging power line. Once the new pole was in place, the employee in the bucket truck attached the energized line to the j",Working at Height,0.9724,Driving,0.9445,Line of Fire,0.0101,MEDIUM,Working at Height | Driving,MEDIUM_CONFIDENCE_HUMAN_REVIEW,LOW_MARGIN
2023087770,8/23/2023,USA,"GILMAN, ILLINOIS",nan,Workplace Safety Incident,"On August 23, 2023, employees were installing an underground sanitation pipe. The injured employee was working inside a trench box while a loader was back filling another section of the trench. The so",Safe Mechanical Lifting,0.5774,Energy Isolation,0.1313,Line of Fire,0.0477,MEDIUM,Safe Mechanical Lifting,MEDIUM_CONFIDENCE_HUMAN_REVIEW,MEDIUM_CONFIDENCE
2023088012,8/30/2023,USA,"CRAIGSVILLE, WEST VIRGINIA",nan,Workplace Safety Incident,"An employee was preparing to unhook a boring machine. While standing 5-8 feet away from the machine, a securing bolt broke and the employee was struck by a chain in the head and face, resulting in a b",Line of Fire,0.6265,Working at Height,0.0119,Safe Mechanical Lifting,0.0101,MEDIUM,Line of Fire,MEDIUM_CONFIDENCE_HUMAN_REVIEW,MEDIUM_CONFIDENCE
2023088023,8/30/2023,USA,"MCPHERSON, KANSAS",nan,Workplace Safety Incident,"An employee had been waiting for tubing to be lowered. The swage came loose and dropped along with the tubing (approximately 31-feet long). It fell 60 feet to the ground, then tipped over and struck t",Working at Height,0.5186,Work Authorization,0.0029,Energy Isolation,0.0022,MEDIUM,Working at Height,MEDIUM_CONFIDENCE_HUMAN_REVIEW,MEDIUM_CONFIDENCE
2023098333,9/9/2023,USA,"HOUSTON, TEXAS",nan,Workplace Safety Incident,An employee was on a 4-foot step ladder outside of the blast booth in the powder plant when they fell to the concrete floor and sustained a head injury. nan,Working at Height,0.5707,Energy Isolation,0.0133,Line of Fire,0.0005,MEDIUM,Working at Height,MEDIUM_CONFIDENCE_HUMAN_REVIEW,MEDIUM_CONFIDENCE
2023109527,10/16/2023,USA,"COFFEYVILLE, KANSAS",nan,Workplace Safety Incident,"An employee was removing bolts from a pipe flange in order to remove an isolation blind. The employee was pulling the blind from the piping system when hydrogen gas released and flashed, resulting in ",Energy Isolation,0.4798,Driving,0.2512,Confined Space,0.1163,MEDIUM,Energy Isolation | Driving,MEDIUM_CONFIDENCE_HUMAN_REVIEW,MEDIUM_CONFIDENCE
20231010006,10/30/2023,USA,"BROWNFIELD, TEXAS",nan,Workplace Safety Incident,"An employee was moving an 8-9 inch service packer tool from a tool vise into a tool hoist for relocation. The tool shifted in the sling of the hoist and the employee's thumb was struck by the tool, am",Safe Mechanical Lifting,0.4957,Energy Isolation,0.0705,Work Authorization,0.0015,MEDIUM,Safe Mechanical Lifting,MEDIUM_CONFIDENCE_HUMAN_REVIEW,MEDIUM_CONFIDENCE
20231010049,10/31/2023,USA,"TAMPA, FLORIDA",nan,Workplace Safety Incident,An employee was rolling up a power cord inside the tank of a vessel when they stepped backward into a manhole behind them. The employee fell through the hole inside the tank of the vessel and sustaine,Working at Height,0.6265,Energy Isolation,0.0748,Hot Work,0.0056,MEDIUM,Working at Height,MEDIUM_CONFIDENCE_HUMAN_REVIEW,MEDIUM_CONFIDENCE
20231110198,11/4/2023,USA,"PARACHUTE, COLORADO",nan,Workplace Safety Incident,An employee slipped and fell on the ground while storing hoses that had been used in a tanker truck delivery. The employee sustained a fractured hip. nan,Driving,0.4779,Hot Work,0.0761,Confined Space,0.0369,MEDIUM,Driving,MEDIUM_CONFIDENCE_HUMAN_REVIEW,MEDIUM_CONFIDENCE
20231110468,11/14/2023,USA,"BIG WELLS, TEXAS",nan,Workplace Safety Incident,"An employee was near a hybrid separator when it malfunctioned, resulting in a flash fire that burned the employee's upper body. nan",Hot Work,0.9984,Confined Space,0.971,Work Authorization,0.4989,MEDIUM,Hot Work | Confined Space,MEDIUM_CONFIDENCE_HUMAN_REVIEW,LOW_MARGIN
20231110797,11/24/2023,USA,"CHANCELLOR, SOUTH DAKOTA",nan,Workplace Safety Incident,"An employee was loading grain into a rail car when they fell from the top of a rail car. They landed 15 feet below, on concrete between two rail cars. The employee sustained fractures to their jaw, sp",Working at Height,0.5709,Energy Isolation,0.0029,Hot Work,0.0017,MEDIUM,Working at Height,MEDIUM_CONFIDENCE_HUMAN_REVIEW,MEDIUM_CONFIDENCE
20231110804,11/24/2023,USA,"PECOS, TEXAS",nan,Workplace Safety Incident,"An employee was securing ladders on a gang truck. He lost his footing and fell from the back of the truck bed, striking his abdomen on the edge of the bed or the trailer hitch. The employee sustained ",Driving,0.9977,Working at Height,0.9479,Safe Mechanical Lifting,0.0159,MEDIUM,Driving | Working at Height,MEDIUM_CONFIDENCE_HUMAN_REVIEW,LOW_MARGIN
20231110918,11/29/2023,USA,"URBANA, ILLINOIS",nan,Workplace Safety Incident,"On November 29, 2023, a digger derrick truck pulled an existing utility pole vertically out of the ground. After maneuvering the pole around an obstruction, the base of the pole was lowered. The opera",Working at Height,0.995,Driving,0.9416,Safe Mechanical Lifting,0.7692,MEDIUM,Working at Height | Driving | Safe Mechanical Lifting,MEDIUM_CONFIDENCE_HUMAN_REVIEW,LOW_MARGIN
20231211030,12/3/2023,USA,"BORGER, TEXAS",nan,Workplace Safety Incident,"An employee was preparing a pump for maintenance. When the employee removed a cover, chemicals were released into the air. The employee was exposed to hydrogen sulfide and methyl mercaptan and was hos",Confined Space,0.9884,Work Authorization,0.9881,Bypassing Safety Controls,0.2349,MEDIUM,Confined Space | Work Authorization,MEDIUM_CONFIDENCE_HUMAN_REVIEW,LOW_MARGIN
20231211320,12/12/2023,USA,"GARDEN CITY, TEXAS",nan,Workplace Safety Incident,"An employee was standing by the front side of the mud mix pump guard. He squatted down and stretched out to reach the belt with his left hand and was able to grab it. When he began to rise, belt in ha",Line of Fire,0.599,Safe Mechanical Lifting,0.0221,Working at Height,0.002,MEDIUM,Line of Fire,MEDIUM_CONFIDENCE_HUMAN_REVIEW,MEDIUM_CONFIDENCE
2024010058,1/3/2024,USA,"PAWLING, NEW YORK",nan,Workplace Safety Incident,"An employee fell off a ladder attached to the tanker truck he had been driving. He landed on the ground 8 feet below, suffering fractures to his right foot and wrist. nan",Working at Height,0.9939,Driving,0.9118,Hot Work,0.2075,MEDIUM,Working at Height | Driving,MEDIUM_CONFIDENCE_HUMAN_REVIEW,LOW_MARGIN
2024010090,1/4/2024,USA,"MOBILE, ALABAMA",nan,Workplace Safety Incident,An employee's left ring finger was caught between two pipes (one stationary and the other being rolled). The employee suffered a partial finger amputation. nan,Safe Mechanical Lifting,0.5826,Energy Isolation,0.16,Work Authorization,0.0048,MEDIUM,Safe Mechanical Lifting,MEDIUM_CONFIDENCE_HUMAN_REVIEW,MEDIUM_CONFIDENCE
2024010158,1/8/2024,USA,"PECOS, TEXAS",nan,Workplace Safety Incident,"An employee pulled a stand of drill pipe back and had just finished pushing it back into a ""finger"" before securing it with rope. The driller was coming down with top drives and blocks. A gust of wind",Safe Mechanical Lifting,0.5796,Working at Height,0.4906,Energy Isolation,0.0256,MEDIUM,Safe Mechanical Lifting | Working at Height,MEDIUM_CONFIDENCE_HUMAN_REVIEW,LOW_MARGIN
2024010648,1/22/2024,USA,"PORT ARTHUR, TEXAS",nan,Workplace Safety Incident,"An employee was inspecting trays inside an amine tower vessel to determine what needed to be replaced. The employee climbed down through the 20 percolator trays, going through 18"" x 22"" openings in th",Working at Height,0.4519,Energy Isolation,0.0041,Driving,0.0009,MEDIUM,Working at Height,MEDIUM_CONFIDENCE_HUMAN_REVIEW,MEDIUM_CONFIDENCE
2024010778,1/25/2024,USA,"BIRMINGHAM, ALABAMA",nan,Workplace Safety Incident,"An employee was using a hands-free buffer to remove marks from tooling. The employee set the buffer down, contacted the tooling, and suffered injuries to the left ring and middle fingers that resulted",Safe Mechanical Lifting,0.5368,Work Authorization,0.0055,Working at Height,0.0039,MEDIUM,Safe Mechanical Lifting,MEDIUM_CONFIDENCE_HUMAN_REVIEW,MEDIUM_CONFIDENCE
2024010882,1/29/2024,USA,"FARMINGTON, MISSOURI",nan,Workplace Safety Incident,"An employee was walking along a narrow rural roadway toward the back of a digger derrick truck as another digger derrick truck was moving forward from the opposite direction, passing the parked vehicl",Driving,0.991,Working at Height,0.9737,Safe Mechanical Lifting,0.0416,MEDIUM,Driving | Working at Height,MEDIUM_CONFIDENCE_HUMAN_REVIEW,LOW_MARGIN
2024021191,2/7/2024,USA,"MIDLAND, TEXAS",nan,Workplace Safety Incident,"An employee was holding a back-pressure regulator. A pipe came apart (under tension from a forklift) and injured the employee's left hand, lacerating and fracturing the index finger. nan",Energy Isolation,0.9956,Safe Mechanical Lifting,0.9928,Work Authorization,0.0134,MEDIUM,Energy Isolation | Safe Mechanical Lifting,MEDIUM_CONFIDENCE_HUMAN_REVIEW,LOW_MARGIN
2024021317,2/12/2024,USA,"ODESSA, TEXAS",nan,Workplace Safety Incident,"An employee was operating a winch when his left hand got caught under a cable, resulting in an amputation of the ring fingertip. nan",Safe Mechanical Lifting,0.9841,Line of Fire,0.9759,Energy Isolation,0.0513,MEDIUM,Safe Mechanical Lifting | Line of Fire,MEDIUM_CONFIDENCE_HUMAN_REVIEW,LOW_MARGIN
2024032164,3/9/2024,USA,"MIDLAND, TEXAS",nan,Workplace Safety Incident,"An employee strapped an 8-inch mud motor on a pipe rack, then went to trace the high side of the mud motor from the adjustable kick off (AKO) to the upper connection of the motor. To better position t",Energy Isolation,0.6249,Working at Height,0.1518,Confined Space,0.0141,MEDIUM,Energy Isolation,MEDIUM_CONFIDENCE_HUMAN_REVIEW,MEDIUM_CONFIDENCE
2024032254,3/13/2024,USA,"WASHINGTON, PENNSYLVANIA",nan,Workplace Safety Incident,"An employee was removing a pipe from his truck when his middle finger got caught in the D ring on the pipe, resulting in a fingertip amputation up to the first knuckle. nan",Line of Fire,0.9748,Driving,0.9406,Bypassing Safety Controls,0.0453,MEDIUM,Line of Fire | Driving,MEDIUM_CONFIDENCE_HUMAN_REVIEW,LOW_MARGIN
2024032536,3/21/2024,USA,"MENTONE, TEXAS",nan,Workplace Safety Incident,Two employees were raising the media/debris tank to dump it. The tank contacted an overhead power line and both employees were shocked. nan,Hot Work,0.569,Confined Space,0.0025,Work Authorization,0.0019,MEDIUM,Hot Work,MEDIUM_CONFIDENCE_HUMAN_REVIEW,MEDIUM_CONFIDENCE
2024043693,4/29/2024,USA,"DELTA, OHIO",nan,Workplace Safety Incident,"On April 29, 2024, at around 8:45 AM, an employee was making a fuel delivery to a 300-gallon fuel tank that was located on top of pea gravel at a customer's site. The gravel started to shift during th",Hot Work,0.985,Working at Height,0.9018,Work Authorization,0.1663,MEDIUM,Hot Work | Working at Height,MEDIUM_CONFIDENCE_HUMAN_REVIEW,LOW_MARGIN
2024053824,5/2/2024,USA,"HOUSTON, TEXAS",nan,Workplace Safety Incident,"On May 2, 2024, an employee was holding a hose while pumping cement into a 25"" pipe when a heavy steel plate that was attached to the pipe rolled onto his right foot. The employee sustained two broken",Energy Isolation,0.4714,Hot Work,0.3703,Confined Space,0.1391,MEDIUM,Energy Isolation,MEDIUM_CONFIDENCE_HUMAN_REVIEW,LOW_MARGIN
2024053858,5/2/2024,USA,"JOSHUA, TEXAS",nan,Workplace Safety Incident,"An employee was changing a strainer basket in equipment carrying hot asphalt. The employee locked out the equipment, relieved pressure, and removed the housing cover to access the strainer basket. Hot",Energy Isolation,0.6468,Confined Space,0.1163,Work Authorization,0.0656,MEDIUM,Energy Isolation,MEDIUM_CONFIDENCE_HUMAN_REVIEW,MEDIUM_CONFIDENCE
2024054149,5/11/2024,USA,"DADE CITY, FLORIDA",nan,Workplace Safety Incident,"An employee was lifting the lid to a control panel on an underground wiring pulling machine when the lid fell and caught their right ring fingertip, crushing it. They sustained an open displaced fract",Energy Isolation,0.4842,Working at Height,0.065,Confined Space,0.0018,MEDIUM,Energy Isolation,MEDIUM_CONFIDENCE_HUMAN_REVIEW,MEDIUM_CONFIDENCE
2024054278,5/15/2024,USA,"COLEMAN, TEXAS",nan,Workplace Safety Incident,An employee was fueling a bobtail semi-truck and missed a step while descending the ladder on the back of the truck. He fell 5.5 feet backward to the cement ground. The employee sustained fractures to,Working at Height,0.997,Driving,0.9128,Energy Isolation,0.0271,MEDIUM,Working at Height | Driving,MEDIUM_CONFIDENCE_HUMAN_REVIEW,LOW_MARGIN
2024054292,5/15/2024,USA,"GREELEY, COLORADO",nan,Workplace Safety Incident,"An employee was standing by while 110-inch oil and gas pipes were being loaded onto a gooseneck trailer. Some pipes fell from the trailer and one of them landed on the employee's left ankle, crushing ",Working at Height,0.6126,Line of Fire,0.022,Energy Isolation,0.0149,MEDIUM,Working at Height,MEDIUM_CONFIDENCE_HUMAN_REVIEW,MEDIUM_CONFIDENCE
2024064969,6/5/2024,USA,"BILLINGS, MONTANA",nan,Workplace Safety Incident,An employee was working near the compressor when it over-pressurized and dislodged a case component that struck the employee's lower left leg. The employee sustained a laceration and fracture of the l,Energy Isolation,0.6061,Safe Mechanical Lifting,0.0402,Hot Work,0.0237,MEDIUM,Energy Isolation,MEDIUM_CONFIDENCE_HUMAN_REVIEW,MEDIUM_CONFIDENCE
2024065056,6/7/2024,USA,"ODESSA, TEXAS",nan,Workplace Safety Incident,An employee was installing a safety cable on a flowline during a drilling operation. A forklift operator manipulated the boom to allow some slack in the strap to set the flowline box in the flowline t,Safe Mechanical Lifting,0.992,Energy Isolation,0.9806,Work Authorization,0.0106,MEDIUM,Safe Mechanical Lifting | Energy Isolation,MEDIUM_CONFIDENCE_HUMAN_REVIEW,LOW_MARGIN
2024065298,6/15/2024,USA,"SIDNEY, MONTANA",nan,Workplace Safety Incident,"An employee was using a hydro-excavation truck on a cattle guard when the boom touched a 7,200-volt power line. The employee was hospitalized. nan",Driving,0.6146,Safe Mechanical Lifting,0.0074,Energy Isolation,0.0017,MEDIUM,Driving,MEDIUM_CONFIDENCE_HUMAN_REVIEW,MEDIUM_CONFIDENCE
2024065418,6/18/2024,USA,"ALVIN, TEXAS",nan,Workplace Safety Incident,Employees were lowering material into a dumpster using a digger derrick truck. The injured employee jumped into the dumpster to remove a strap from the pallet. Their right tibia was fractured when the,Working at Height,0.9903,Driving,0.9736,Hot Work,0.0605,MEDIUM,Working at Height | Driving,MEDIUM_CONFIDENCE_HUMAN_REVIEW,LOW_MARGIN
2024076151,7/9/2024,USA,"WILLISTON, NORTH DAKOTA",nan,Workplace Safety Incident,"An employee was removing tubulars from a mousehole but the slips did not release from the tubular until it was raised. When the slips released, they slid down the tubular and struck the employee in th",Energy Isolation,0.6776,Safe Mechanical Lifting,0.2086,Working at Height,0.0968,MEDIUM,Energy Isolation | Safe Mechanical Lifting,MEDIUM_CONFIDENCE_HUMAN_REVIEW,MEDIUM_CONFIDENCE
2024076299,7/12/2024,USA,"JOHNS CREEK, GEORGIA",nan,Workplace Safety Incident,A crew was raising manhole covers when a cover slipped off a crowbar and caught an employee's left middle finger. The employee sustained an amputation of the fingertip at the first knuckle. nan,Energy Isolation,0.5328,Confined Space,0.0059,Line of Fire,0.0056,MEDIUM,Energy Isolation,MEDIUM_CONFIDENCE_HUMAN_REVIEW,MEDIUM_CONFIDENCE
2024076378,7/15/2024,USA,"BIG SPRING, TEXAS",nan,Workplace Safety Incident,"An employee was rigging down a derrick. The board he was standing on shifted, causing him to lose his balance and fall to the ground about 8 feet below. He suffered a broken left ankle. nan",Safe Mechanical Lifting,0.9985,Working at Height,0.9856,Energy Isolation,0.0825,MEDIUM,Safe Mechanical Lifting | Working at Height,MEDIUM_CONFIDENCE_HUMAN_REVIEW,LOW_MARGIN
2024076428,7/16/2024,USA,"MIDLAND, TEXAS",nan,Workplace Safety Incident,"An employee was putting 75-foot long pipes in a rack. A joint pipe struck both of the employee's hands, breaking the right radius and ulna and lacerating the left middle finger. nan",Energy Isolation,0.6977,Safe Mechanical Lifting,0.5293,Driving,0.077,MEDIUM,Energy Isolation | Safe Mechanical Lifting,MEDIUM_CONFIDENCE_HUMAN_REVIEW,MEDIUM_CONFIDENCE
2024076539,7/18/2024,USA,"GILFORD, NEW HAMPSHIRE",nan,Workplace Safety Incident,"An employee was working on the front watering system of a roller; the employee and the equipment were off the roadway. An oncoming vehicle struck the parked truck, trailer, and roller. The employee wa",Driving,0.61,Energy Isolation,0.0057,Safe Mechanical Lifting,0.0055,MEDIUM,Driving,MEDIUM_CONFIDENCE_HUMAN_REVIEW,MEDIUM_CONFIDENCE
2024087156,8/6/2024,USA,"MENTONE, TEXAS",nan,Workplace Safety Incident,"An employee was unloading a manifold from an iron truck when the manifold shifted and their little finger became caught between the manifold and a storage bracket, resulting in an amputation to the fi",Driving,0.9878,Safe Mechanical Lifting,0.9588,Energy Isolation,0.2587,MEDIUM,Driving | Safe Mechanical Lifting,MEDIUM_CONFIDENCE_HUMAN_REVIEW,LOW_MARGIN
2024098909,9/24/2024,USA,"OPELOUSAS, LOUISIANA",nan,Workplace Safety Incident,An employee was making a grease head connection. He pulled on the sling connected by a crane to balance the grease head. He was stabilizing the 5-1/2 lubricator with his left hand when the lubricator ,Safe Mechanical Lifting,0.5396,Working at Height,0.2481,Energy Isolation,0.0133,MEDIUM,Safe Mechanical Lifting,MEDIUM_CONFIDENCE_HUMAN_REVIEW,MEDIUM_CONFIDENCE
2024099144,9/30/2024,USA,"OREGON, ILLINOIS",nan,Workplace Safety Incident,"An employee was standing near a digger derrick when they were struck by a slackened lifting cable, resulting in a fractured vertebra, a laceration to the back of the head, and a concussion. nan",Line of Fire,0.5411,Working at Height,0.5228,Energy Isolation,0.0108,MEDIUM,Line of Fire | Working at Height,MEDIUM_CONFIDENCE_HUMAN_REVIEW,LOW_MARGIN
2024109160,10/1/2024,USA,"IRWINTON, GEORGIA",nan,Workplace Safety Incident,Employees were working to unload a power line pole from a pole trailer and place it on the pole rack on the digger derrick truck. The injured employee hooked up pole tongs that were attached to the bo,Working at Height,0.999,Driving,0.8533,Safe Mechanical Lifting,0.1776,MEDIUM,Working at Height | Driving,MEDIUM_CONFIDENCE_HUMAN_REVIEW,LOW_MARGIN
2024109377,10/8/2024,USA,"SUMMERSVILLE, WEST VIRGINIA",nan,Workplace Safety Incident,"An employee was helping a contractor unload reels of wire using a digger derrick lifting hook. The hook struck the employee in the head below the hard hat, causing a laceration. The employee was hospi",Working at Height,0.7524,Energy Isolation,0.6973,Safe Mechanical Lifting,0.6841,MEDIUM,Working at Height | Energy Isolation | Safe Mechanical Lifting,MEDIUM_CONFIDENCE_HUMAN_REVIEW,LOW_MARGIN
2024109437,10/9/2024,USA,"BURLESON, TEXAS",nan,Workplace Safety Incident,An employee was opening a process pipeline on a clean-in-place system. Steam from the pipe blew the cap off the pipe and fractured the employee's collarbone. The employee also sustained second-degree ,Energy Isolation,0.6142,Hot Work,0.1083,Confined Space,0.0152,MEDIUM,Energy Isolation,MEDIUM_CONFIDENCE_HUMAN_REVIEW,MEDIUM_CONFIDENCE
20241010101,10/30/2024,USA,"BRIGGSDALE, COLORADO",nan,Workplace Safety Incident,"Employees were tripping pipe out of a well. The injured employee was using the power tongs to loosen the pipe connection. After flipping the cover, the injured employee's fingers were caught in a pinc",Line of Fire,0.6446,Energy Isolation,0.0728,Working at Height,0.0461,MEDIUM,Line of Fire,MEDIUM_CONFIDENCE_HUMAN_REVIEW,MEDIUM_CONFIDENCE
20241110358,11/6/2024,USA,"JEWETT, TEXAS",nan,Workplace Safety Incident,An employee was standing on the track of a trackhoe when his left safety boot heel got stuck on the track and he fell backward to the ground. The employee sustained a closed left tibia fracture. nan,Working at Height,0.4658,Energy Isolation,0.0527,Line of Fire,0.0248,MEDIUM,Working at Height,MEDIUM_CONFIDENCE_HUMAN_REVIEW,MEDIUM_CONFIDENCE
20241110508,11/11/2024,USA,"MIDLAND, TEXAS",nan,Workplace Safety Incident,An employee was climbing into a reel to operate the inside reel valve when a shift of weight caused the reel to rotate. The employee got caught between a spoke of the wheel and the wall of the trailer,Energy Isolation,0.5582,Hot Work,0.0045,Safe Mechanical Lifting,0.0031,MEDIUM,Energy Isolation,MEDIUM_CONFIDENCE_HUMAN_REVIEW,MEDIUM_CONFIDENCE
20241110727,11/18/2024,USA,"GOLIAD, TEXAS",nan,Workplace Safety Incident,An employee was climbing up an air compressor that was on a trailer to look for a fall harness connection point so they could install a lifting device. The employee fell 15 feet to the ground and suff,Working at Height,0.5358,Line of Fire,0.0136,Energy Isolation,0.0015,MEDIUM,Working at Height,MEDIUM_CONFIDENCE_HUMAN_REVIEW,MEDIUM_CONFIDENCE
20241211224,12/5/2024,USA,"TANNERSVILLE, NEW YORK",nan,Workplace Safety Incident,"A crew was working on a damaged utility pole when the pole broke and contacted a digger derrick, causing an employee to be electrically shocked and sustain third-degree burns to their right hand. The ",Hot Work,0.6752,Driving,0.3225,Working at Height,0.1491,MEDIUM,Hot Work | Driving,MEDIUM_CONFIDENCE_HUMAN_REVIEW,MEDIUM_CONFIDENCE
20241211880,12/26/2024,USA,"ORLA, TEXAS",nan,Workplace Safety Incident,An employee was operating a skid steer on a pit line when it rolled. The employee sustained fractured ribs. nan,Hot Work,0.5617,Energy Isolation,0.0247,Confined Space,0.0125,MEDIUM,Hot Work,MEDIUM_CONFIDENCE_HUMAN_REVIEW,MEDIUM_CONFIDENCE
2025010601,1/18/2025,USA,"JACKSONVILLE, FLORIDA",nan,Workplace Safety Incident,An employee was adjusting the height of a gantry crane when their left index finger became caught in a leg pinhole as the crane was lowered. The employee sustained an amputation of their left index fi,Safe Mechanical Lifting,0.9917,Line of Fire,0.9626,Hot Work,0.0695,MEDIUM,Safe Mechanical Lifting | Line of Fire,MEDIUM_CONFIDENCE_HUMAN_REVIEW,LOW_MARGIN
2025010603,1/18/2025,USA,"SCHENECTADY, NEW YORK",nan,Workplace Safety Incident,An employee was unloading liquefied petroleum gas when he slipped and caught himself on the protective cap chain and pulled the liquid valve open slightly. Some of the gas spilled out and contacted th,Energy Isolation,0.6561,Confined Space,0.0188,Work Authorization,0.0119,MEDIUM,Energy Isolation,MEDIUM_CONFIDENCE_HUMAN_REVIEW,MEDIUM_CONFIDENCE
2025010726,1/23/2025,USA,"HALLIDAY, NORTH DAKOTA",nan,Workplace Safety Incident,"An employee was rigging chains to a crane to lift a zipper assembly. While the employee was taking slack out, their right index finger was caught between a chain and the zipper assembly. The fingertip",Safe Mechanical Lifting,0.6897,Work Authorization,0.0028,Energy Isolation,0.0015,MEDIUM,Safe Mechanical Lifting,MEDIUM_CONFIDENCE_HUMAN_REVIEW,MEDIUM_CONFIDENCE
2025010937,1/29/2025,USA,"STANLEY, NORTH DAKOTA",nan,Workplace Safety Incident,"An employee was in the cab of the blender, preparing for well injection at a fracking site. The driveline disengaged from the transmission and started striking the cage that encloses the driveline. Th",Hot Work,0.6991,Energy Isolation,0.0529,Confined Space,0.011,MEDIUM,Hot Work,MEDIUM_CONFIDENCE_HUMAN_REVIEW,MEDIUM_CONFIDENCE
2025021270,2/9/2025,USA,"JACKSONVILLE, TEXAS",nan,Workplace Safety Incident,"The injured employee was walking down the pit-side steps as other employees were breaking a bit off the last collar. While backing out, the collar broke off. The collar fell 30 feet to the ground and ",Working at Height,0.513,Energy Isolation,0.0041,Hot Work,0.0029,MEDIUM,Working at Height,MEDIUM_CONFIDENCE_HUMAN_REVIEW,MEDIUM_CONFIDENCE
2025032029,3/3/2025,USA,"ELLABELL, GEORGIA",nan,Workplace Safety Incident,An employee was performing a bubble test (pressure test) on a pipeline to locate a leak when the joint elbow that was producing the leak detached and struck him. The employee sustained fractures to a ,Energy Isolation,0.4663,Confined Space,0.0056,Hot Work,0.0052,MEDIUM,Energy Isolation,MEDIUM_CONFIDENCE_HUMAN_REVIEW,MEDIUM_CONFIDENCE
2025032146,3/6/2025,USA,"CRANE, TEXAS",nan,Workplace Safety Incident,An employee was working with a pump truck operator to retrieve a retrievable plug down the hole. They were flushing sand off of a retrievable bridge packer (RBP). The TIW valve was rigged up with a sw,Driving,0.6091,Working at Height,0.019,Energy Isolation,0.0021,MEDIUM,Driving,MEDIUM_CONFIDENCE_HUMAN_REVIEW,MEDIUM_CONFIDENCE
2025032390,3/13/2025,USA,"WOOSTER, OHIO",nan,Workplace Safety Incident,"An employee was working on a well. He turned the well on and off, trying to get the head of the well to come up. He then went to adjust the well with a wrench. To access the fittings at the front of t",Energy Isolation,0.4673,Working at Height,0.0158,Confined Space,0.0026,MEDIUM,Energy Isolation,MEDIUM_CONFIDENCE_HUMAN_REVIEW,MEDIUM_CONFIDENCE
2025032488,3/15/2025,USA,"PASADENA, TEXAS",nan,Workplace Safety Incident,"An employee was running boiler-feed water to wash salt off the side glass on a vessel. The hose ruptured, causing the hot water to spray onto the employee. The employee suffered burns to their chest, ",Working at Height,0.6857,Energy Isolation,0.3046,Driving,0.1044,MEDIUM,Working at Height | Energy Isolation,MEDIUM_CONFIDENCE_HUMAN_REVIEW,MEDIUM_CONFIDENCE
2025032579,3/18/2025,USA,"GARDENDALE, TEXAS",nan,Workplace Safety Incident,"An employee was operating a forklift in a yard to move empty poly totes when his left foot got caught on a stationary tote as he passed by it. His foot then twisted backward, resulting in a fractured ",Safe Mechanical Lifting,0.4742,Line of Fire,0.3074,Energy Isolation,0.1514,MEDIUM,Safe Mechanical Lifting | Line of Fire,MEDIUM_CONFIDENCE_HUMAN_REVIEW,MEDIUM_CONFIDENCE
2025043227,4/7/2025,USA,"SNYDER, TEXAS",nan,Workplace Safety Incident,An employee closed a valve and then went through a galvanized fall protection gate and climbed down three ladder rungs to the ground. His right hand became caught in the hinge of the gate as it closed,Line of Fire,0.8869,Working at Height,0.768,Driving,0.0458,MEDIUM,Line of Fire | Working at Height,MEDIUM_CONFIDENCE_HUMAN_REVIEW,LOW_MARGIN
2025043560,4/16/2025,USA,"MENTONE, TEXAS",nan,Workplace Safety Incident,An employee was removing a gasket from the top of the open hatch of a heater treater to make weir adjustments on the low pressure vessel when metal-on-metal contact caused a spark that ignited residua,Energy Isolation,0.9899,Hot Work,0.9748,Confined Space,0.1661,MEDIUM,Energy Isolation | Hot Work,MEDIUM_CONFIDENCE_HUMAN_REVIEW,LOW_MARGIN
2025043700,4/21/2025,USA,"ROSS, NORTH DAKOTA",nan,Workplace Safety Incident,An employee was working on the rig floor tripping rods when they were exposed to hydrogen sulfide (H2S) gas and became unconscious. The employee was hospitalized. nan,Work Authorization,0.482,Confined Space,0.1839,Hot Work,0.0052,MEDIUM,Work Authorization,MEDIUM_CONFIDENCE_HUMAN_REVIEW,MEDIUM_CONFIDENCE
2025043757,4/22/2025,USA,"PONTE VEDRA BEACH, FLORIDA",nan,Workplace Safety Incident,"An employee had removed a side panel on a boom truck to diagnose an overheating issue. The belt caught his glove and pulled his left hand in, resulting in a partial amputation of his left index finger",Line of Fire,0.5401,Driving,0.535,Safe Mechanical Lifting,0.0242,MEDIUM,Line of Fire | Driving,MEDIUM_CONFIDENCE_HUMAN_REVIEW,LOW_MARGIN
2025043957,4/28/2025,USA,"THOMASVILLE, ALABAMA",nan,Workplace Safety Incident,"On April 29, 2025, an employee was cutting grass using a zero-turn riding lawnmower. His left arm became caught between a steel post for a pipeline and the rollbar of the mower. The employee was hospi",Safe Mechanical Lifting,0.6468,Energy Isolation,0.0491,Work Authorization,0.0011,MEDIUM,Safe Mechanical Lifting,MEDIUM_CONFIDENCE_HUMAN_REVIEW,MEDIUM_CONFIDENCE
2025054216,5/5/2025,USA,"PORTLAND, TEXAS",nan,Workplace Safety Incident,An ironworker was maneuvering a mobile elevated work platform (MEWP) into position to install a structural beam. The employee was pinned between another structural steel beam that was already installe,Safe Mechanical Lifting,0.5159,Energy Isolation,0.0147,Hot Work,0.0098,MEDIUM,Safe Mechanical Lifting,MEDIUM_CONFIDENCE_HUMAN_REVIEW,MEDIUM_CONFIDENCE
2025054387,5/9/2025,USA,"MENTONE, TEXAS",nan,Workplace Safety Incident,"An employee was latching a gooseneck trailer onto a truck. His left hand was caught at the point of attachment, and he suffered a partial amputation to the finger at the first knuckle. nan",Driving,0.9323,Safe Mechanical Lifting,0.8919,Line of Fire,0.7123,MEDIUM,Driving | Safe Mechanical Lifting | Line of Fire,MEDIUM_CONFIDENCE_HUMAN_REVIEW,LOW_MARGIN
2025054433,5/10/2025,USA,"VICTORIA, TEXAS",nan,Workplace Safety Incident,Three employees were assembling a mast for a mobile rig derrick. Each of the two sections are approximately 60 feet long. The lower mast was positioned on stands. The upper mast was supported by an ov,Safe Mechanical Lifting,0.9995,Working at Height,0.9264,Driving,0.0418,MEDIUM,Safe Mechanical Lifting | Working at Height,MEDIUM_CONFIDENCE_HUMAN_REVIEW,LOW_MARGIN
2025066063,6/24/2025,USA,"THOMASTON, GEORGIA",nan,Workplace Safety Incident,"On June 24, 2025, an employee and their crew were working in a deenergized power line right-of-way to retire an old line and wooden poles. The employee was operating a digger derrick and the two other",Working at Height,0.5549,Safe Mechanical Lifting,0.1736,Energy Isolation,0.1686,MEDIUM,Working at Height,MEDIUM_CONFIDENCE_HUMAN_REVIEW,MEDIUM_CONFIDENCE
2025066199,6/27/2025,USA,"DUNCAN, OKLAHOMA",nan,Workplace Safety Incident,A crew was working over a rig. They were lowering the block from the rig to replace a pump. The block struck two employees as it was being lowered. One employee was not injured. The other employee sus,Line of Fire,0.5775,Working at Height,0.5623,Safe Mechanical Lifting,0.0883,MEDIUM,Line of Fire | Working at Height,MEDIUM_CONFIDENCE_HUMAN_REVIEW,LOW_MARGIN
2025076762,7/12/2025,USA,"STANTON, TEXAS",nan,Workplace Safety Incident,An employee was spotting for a forklift. He was walking when an assembly valve (that was on or in the ground) fell due to a cave-in. The assembly valve struck the employee's left ankle and fractured i,Energy Isolation,0.487,Safe Mechanical Lifting,0.2977,Driving,0.0137,MEDIUM,Energy Isolation | Safe Mechanical Lifting,MEDIUM_CONFIDENCE_HUMAN_REVIEW,MEDIUM_CONFIDENCE
2025088094,8/14/2025,USA,"STINNETT, TEXAS",nan,Workplace Safety Incident,"An employee was standing at the base of a work-over rig that was being scoped down. He was holding the guide cables, standing near the base of the rig, and looking up as it was lowered. A 3-inch snatc",Safe Mechanical Lifting,0.9956,Working at Height,0.8839,Driving,0.4474,MEDIUM,Safe Mechanical Lifting | Working at Height | Driving,MEDIUM_CONFIDENCE_HUMAN_REVIEW,LOW_MARGIN
2025088262,8/19/2025,USA,"WILLIAMSPORT, PENNSYLVANIA",nan,Workplace Safety Incident,An employee was operating an unloaded telehandler when it rolled down an embankment. The employee suffered a back injury and was hospitalized. nan,Safe Mechanical Lifting,0.6725,Hot Work,0.0975,Driving,0.0153,MEDIUM,Safe Mechanical Lifting,MEDIUM_CONFIDENCE_HUMAN_REVIEW,MEDIUM_CONFIDENCE
2025099616,9/25/2025,USA,"GREELEY, COLORADO",nan,Workplace Safety Incident,"An employee was hydro testing and pressurizing a pipe when it blew. The lid struck the employee, causing a gash to his elbow and injury to his abdominal area that required surgery. nan",Safe Mechanical Lifting,0.6543,Working at Height,0.0581,Line of Fire,0.02,MEDIUM,Safe Mechanical Lifting,MEDIUM_CONFIDENCE_HUMAN_REVIEW,MEDIUM_CONFIDENCE
2025099684,9/27/2025,USA,"PECOS, TEXAS",nan,Workplace Safety Incident,An employee was rigging up a location. He was using an Allen wrench to free up rotation and start the drawworks engine manually. The engine rotated and his left little finger became caught between the,Safe Mechanical Lifting,0.5464,Driving,0.025,Energy Isolation,0.0178,MEDIUM,Safe Mechanical Lifting,MEDIUM_CONFIDENCE_HUMAN_REVIEW,MEDIUM_CONFIDENCE
2025109905,10/2/2025,USA,"WICKETT, TEXAS",nan,Workplace Safety Incident,"An employee arrived on location and loaded a blow-out-preventer (BOP) on a 1-ton flatbed truck. While standing on the flatbed securing the the BOP, the employee stepped into a void/hole on the flatbed",Driving,0.5401,Working at Height,0.3467,Line of Fire,0.0329,MEDIUM,Driving | Working at Height,MEDIUM_CONFIDENCE_HUMAN_REVIEW,MEDIUM_CONFIDENCE
20251010318,10/15/2025,USA,"PAWNEE, TEXAS",nan,Workplace Safety Incident,"An employee was working to install a drive belt on a water pump. He was holding the belt on both sides of the pulley, working to route it over the top. As he pulled down with his right hand, the pulle",Driving,0.7695,Safe Mechanical Lifting,0.6338,Working at Height,0.2482,MEDIUM,Driving | Safe Mechanical Lifting,MEDIUM_CONFIDENCE_HUMAN_REVIEW,LOW_MARGIN
20251010530,10/22/2025,USA,"HANNIBAL, OHIO",nan,Workplace Safety Incident,"An employee was stepping down off a 6-inch containment platform to finish loading his truck, when his right ankle rolled. The employee sustained a fractured tibia and fibula at the right ankle and req",Driving,0.6334,Hot Work,0.1949,Safe Mechanical Lifting,0.1367,MEDIUM,Driving,MEDIUM_CONFIDENCE_HUMAN_REVIEW,MEDIUM_CONFIDENCE
20251111514,11/19/2025,USA,"MARCUS HOOK, PENNSYLVANIA",nan,Workplace Safety Incident,An employee was testing a breaker that energizes a dryer when the breaker tripped. There was a propane leak from the dryer that went into the conduit and bypassed the conduit sealer that was connected,Energy Isolation,0.9608,Bypassing Safety Controls,0.8832,Confined Space,0.727,MEDIUM,Energy Isolation | Bypassing Safety Controls | Confined Space | Line of Fire | Driving,MEDIUM_CONFIDENCE_HUMAN_REVIEW,LOW_MARGIN
